"DESCRIPTION","DURATION IN MS","NAME","PARENT SUITE","START TIME","STATUS","STOP TIME","SUB SUITE","SUITE","TEST CLASS","TEST METHOD"
"","51","Frontend Unit Tests App Component handleColorClick encodes color name in URL","","Mon Jun 01 06:28:00 UTC 2026","passed","Mon Jun 01 06:28:00 UTC 2026","","Frontend Unit Tests","Frontend Unit Tests App Component handleColorClick encodes color name in URL",""
"","21","Component Tests ColorPicker typing a valid hex clears the hex error and updates preview","","Mon Jun 01 06:28:00 UTC 2026","passed","Mon Jun 01 06:28:00 UTC 2026","","Utility Functions","Component Tests ColorPicker typing a valid hex clears the hex error and updates preview",""
"","45","Frontend Unit Tests App Component learn react link has correct text","","Mon Jun 01 06:28:00 UTC 2026","passed","Mon Jun 01 06:28:00 UTC 2026","","Frontend Unit Tests","Frontend Unit Tests App Component learn react link has correct text",""
"","11","Component Tests ColorPicker clicking the backdrop calls onCancel","","Mon Jun 01 06:28:00 UTC 2026","passed","Mon Jun 01 06:28:00 UTC 2026","","Utility Functions","Component Tests ColorPicker clicking the backdrop calls onCancel",""
"","3","Server Unit Tests 405 Method Not Allowed sets the Allow header on /api/colors with correct methods","","Mon Jun 01 06:27:28 UTC 2026","passed","Mon Jun 01 06:27:28 UTC 2026","","Server Unit Tests","Server Unit Tests 405 Method Not Allowed sets the Allow header on /api/colors with correct methods",""
"","144","NoSQL $where operator in name is rejected (400)","Chrome","Mon Jun 01 06:38:22 UTC 2026","passed","Mon Jun 01 06:38:22 UTC 2026","Security > Injection Prevention","","",""
"","0","Frontend Unit Tests i18n Configuration interpolation should not escape value","","Mon Jun 01 06:28:02 UTC 2026","passed","Mon Jun 01 06:28:02 UTC 2026","","Frontend Unit Tests","Frontend Unit Tests i18n Configuration interpolation should not escape value",""
"","7","Server Unit Tests 405 Method Not Allowed returns 405 for POST, PUT, DELETE on /openapi.json","","Mon Jun 01 06:27:28 UTC 2026","passed","Mon Jun 01 06:27:28 UTC 2026","","Server Unit Tests","Server Unit Tests 405 Method Not Allowed returns 405 for POST, PUT, DELETE on /openapi.json",""
"","4","Server Unit Tests POST /api/reseed returns 401 when token is incorrect","","Mon Jun 01 06:27:28 UTC 2026","passed","Mon Jun 01 06:27:28 UTC 2026","","Server Unit Tests","Server Unit Tests POST /api/reseed returns 401 when token is incorrect",""
"","5","Server Unit Tests Error Handling POST /api/colors returns 409 when database throws duplicate key error (code 11000)","","Mon Jun 01 06:27:28 UTC 2026","passed","Mon Jun 01 06:27:28 UTC 2026","","Server Unit Tests","Server Unit Tests Error Handling POST /api/colors returns 409 when database throws duplicate key error (code 11000)",""
"","6","Server Integration Tests (Testcontainers) Method Not Allowed should return 405 for PATCH /api/colors","","Mon Jun 01 06:27:53 UTC 2026","passed","Mon Jun 01 06:27:53 UTC 2026","","Server Integration Tests (Testcontainers)","Server Integration Tests (Testcontainers) Method Not Allowed should return 405 for PATCH /api/colors",""
"","31","Component Tests ColorPicker submit with invalid chars shows validation error","","Mon Jun 01 06:28:00 UTC 2026","passed","Mon Jun 01 06:28:00 UTC 2026","","Utility Functions","Component Tests ColorPicker submit with invalid chars shows validation error",""
"","13","Server Integration Tests (Testcontainers) GET /api/colors should not expose _id or __v fields","","Mon Jun 01 06:27:53 UTC 2026","passed","Mon Jun 01 06:27:53 UTC 2026","","Server Integration Tests (Testcontainers)","Server Integration Tests (Testcontainers) GET /api/colors should not expose _id or __v fields",""
"","3","Server Unit Tests 405 Method Not Allowed returns 405 for PATCH on /api/colors/:name","","Mon Jun 01 06:27:28 UTC 2026","passed","Mon Jun 01 06:27:28 UTC 2026","","Server Unit Tests","Server Unit Tests 405 Method Not Allowed returns 405 for PATCH on /api/colors/:name",""
"","1205","close (×) button closes the picker","Chrome","Mon Jun 01 06:37:57 UTC 2026","passed","Mon Jun 01 06:37:58 UTC 2026","Color Management — Add & Delete","","",""
"","3","Frontend Unit Tests i18n Configuration should translate keys correctly","","Mon Jun 01 06:28:02 UTC 2026","passed","Mon Jun 01 06:28:02 UTC 2026","","Frontend Unit Tests","Frontend Unit Tests i18n Configuration should translate keys correctly",""
"","730","should handle fetch colors network failure gracefully","Chrome","Mon Jun 01 06:38:14 UTC 2026","passed","Mon Jun 01 06:38:14 UTC 2026","UI Error Handling Coverage","","",""
"","10","Component Tests ColorPicker non-Enter key on name input does not trigger submit","","Mon Jun 01 06:28:00 UTC 2026","passed","Mon Jun 01 06:28:00 UTC 2026","","Utility Functions","Component Tests ColorPicker non-Enter key on name input does not trigger submit",""
"","10","Frontend Unit Tests App Component shows error alert when initial fetch returns non-2xx","","Mon Jun 01 06:28:00 UTC 2026","passed","Mon Jun 01 06:28:00 UTC 2026","","Frontend Unit Tests","Frontend Unit Tests App Component shows error alert when initial fetch returns non-2xx",""
"","53","Frontend Unit Tests App Component delete API error shows error alert without closing dialog","","Mon Jun 01 06:28:00 UTC 2026","passed","Mon Jun 01 06:28:00 UTC 2026","","Frontend Unit Tests","Frontend Unit Tests App Component delete API error shows error alert without closing dialog",""
"","47","Frontend Unit Tests App Component add color 429 rate limit shows specific message","","Mon Jun 01 06:28:00 UTC 2026","passed","Mon Jun 01 06:28:00 UTC 2026","","Frontend Unit Tests","Frontend Unit Tests App Component add color 429 rate limit shows specific message",""
"","59","Frontend Unit Tests App Component delete sends DELETE request with correct method","","Mon Jun 01 06:28:00 UTC 2026","passed","Mon Jun 01 06:28:00 UTC 2026","","Frontend Unit Tests","Frontend Unit Tests App Component delete sends DELETE request with correct method",""
"","1145","should load the application and verify core functionality across browsers","Chrome","Mon Jun 01 06:38:11 UTC 2026","passed","Mon Jun 01 06:38:12 UTC 2026","Cross-Browser Core Functionality","","",""
"","47","Server Integration Tests (Testcontainers) GET /api/colors should retrieve all seeded colors","","Mon Jun 01 06:27:53 UTC 2026","passed","Mon Jun 01 06:27:53 UTC 2026","","Server Integration Tests (Testcontainers)","Server Integration Tests (Testcontainers) GET /api/colors should retrieve all seeded colors",""
"","3","Server Unit Tests Error Handling DELETE /api/colors/:name returns 500 when database fails","","Mon Jun 01 06:27:28 UTC 2026","passed","Mon Jun 01 06:27:28 UTC 2026","","Server Unit Tests","Server Unit Tests Error Handling DELETE /api/colors/:name returns 500 when database fails",""
"","11","Component Tests ColorPicker editing name input calls onClearError to clear server error","","Mon Jun 01 06:28:00 UTC 2026","passed","Mon Jun 01 06:28:00 UTC 2026","","Utility Functions","Component Tests ColorPicker editing name input calls onClearError to clear server error",""
"","1292","should display all core elements and handle button interaction","Chrome","Mon Jun 01 06:33:56 UTC 2026","passed","Mon Jun 01 06:33:58 UTC 2026","Responsive Design – tablet (768×1024)","","",""
"","5","Server Unit Tests PUT /api/colors/:name updates both name and hex simultaneously","","Mon Jun 01 06:27:28 UTC 2026","passed","Mon Jun 01 06:27:28 UTC 2026","","Server Unit Tests","Server Unit Tests PUT /api/colors/:name updates both name and hex simultaneously",""
"","37","Frontend Unit Tests App Component add color network error shows network error message","","Mon Jun 01 06:28:00 UTC 2026","passed","Mon Jun 01 06:28:00 UTC 2026","","Frontend Unit Tests","Frontend Unit Tests App Component add color network error shows network error message",""
"","129","NoSQL injection object in name is rejected (400)","Chrome","Mon Jun 01 06:38:22 UTC 2026","passed","Mon Jun 01 06:38:22 UTC 2026","Security > Injection Prevention","","",""
"","1326","POST /api/colors","","","passed","","","schemathesis","",""
"","5","Server Unit Tests Middleware does not include X-Powered-By header","","Mon Jun 01 06:27:28 UTC 2026","passed","Mon Jun 01 06:27:28 UTC 2026","","Server Unit Tests","Server Unit Tests Middleware does not include X-Powered-By header",""
"","5","Server Unit Tests GET /api/colors/:name returns 400 for invalid name in path (regex check)","","Mon Jun 01 06:27:28 UTC 2026","passed","Mon Jun 01 06:27:28 UTC 2026","","Server Unit Tests","Server Unit Tests GET /api/colors/:name returns 400 for invalid name in path (regex check)",""
"","23","Server Integration Tests (Testcontainers) Concurrent writes should handle simultaneous POSTs with the same name — exactly one succeeds","","Mon Jun 01 06:27:53 UTC 2026","passed","Mon Jun 01 06:27:53 UTC 2026","","Server Integration Tests (Testcontainers)","Server Integration Tests (Testcontainers) Concurrent writes should handle simultaneous POSTs with the same name — exactly one succeeds",""
"","334","Server Unit Tests Surviving Mutants & Edge Cases Infrastructure uses default MONGO_URI when process.env.MONGO_URI is missing","","Mon Jun 01 06:27:28 UTC 2026","passed","Mon Jun 01 06:27:28 UTC 2026","","Server Unit Tests","Server Unit Tests Surviving Mutants & Edge Cases Infrastructure uses default MONGO_URI when process.env.MONGO_URI is missing",""
"","58","Frontend Unit Tests App Component fetches and displays color chips with swatch and delete button","","Mon Jun 01 06:28:00 UTC 2026","passed","Mon Jun 01 06:28:00 UTC 2026","","Frontend Unit Tests","Frontend Unit Tests App Component fetches and displays color chips with swatch and delete button",""
"","347","oversized payload is rejected (413)","Chrome","Mon Jun 01 06:38:22 UTC 2026","passed","Mon Jun 01 06:38:23 UTC 2026","Security > Input Validation","","",""
"","6","Component Tests ConfirmDialog Escape key does NOT call onCancel when busy","","Mon Jun 01 06:28:00 UTC 2026","passed","Mon Jun 01 06:28:00 UTC 2026","","Component Tests","Component Tests ConfirmDialog Escape key does NOT call onCancel when busy",""
"","6","Server Unit Tests POST /api/reseed returns 401 when RESEED_API_TOKEN is not configured","","Mon Jun 01 06:27:28 UTC 2026","passed","Mon Jun 01 06:27:28 UTC 2026","","Server Unit Tests","Server Unit Tests POST /api/reseed returns 401 when RESEED_API_TOKEN is not configured",""
"","92","Frontend Unit Tests App Component confirm dialog cancel does nothing when deleting=true","","Mon Jun 01 06:28:00 UTC 2026","passed","Mon Jun 01 06:28:00 UTC 2026","","Frontend Unit Tests","Frontend Unit Tests App Component confirm dialog cancel does nothing when deleting=true",""
"","187","Component Tests ConfirmDialog renders title, body, and both buttons","","Mon Jun 01 06:28:00 UTC 2026","passed","Mon Jun 01 06:28:00 UTC 2026","","Component Tests","Component Tests ConfirmDialog renders title, body, and both buttons",""
"","119","should reject updating with empty name","Chrome","Mon Jun 01 06:37:54 UTC 2026","passed","Mon Jun 01 06:37:54 UTC 2026","Backend API Integration > PUT /api/colors/:name Schema Validation","","",""
"","24","Frontend Unit Tests App Component shows add-color button even when colors are empty","","Mon Jun 01 06:28:00 UTC 2026","passed","Mon Jun 01 06:28:00 UTC 2026","","Frontend Unit Tests","Frontend Unit Tests App Component shows add-color button even when colors are empty",""
"","0","mobile color picker workflow","Chrome","Mon Jun 01 06:33:58 UTC 2026","skipped","Mon Jun 01 06:33:58 UTC 2026","Percy Visual Regression – Production > Percy – Mobile Interactions","","",""
"","214","should return 404 for non-existent color deletion","Chrome","Mon Jun 01 06:37:55 UTC 2026","passed","Mon Jun 01 06:37:55 UTC 2026","Backend API Integration > DELETE /api/colors/:name","","",""
"","0","Utility Functions rgbToHex converts pure green","","Mon Jun 01 06:28:00 UTC 2026","passed","Mon Jun 01 06:28:00 UTC 2026","","Utility Functions","Utility Functions rgbToHex converts pure green",""
"","1","Frontend Unit Tests i18n Configuration should have defined resources for en, es, el","","Mon Jun 01 06:28:02 UTC 2026","passed","Mon Jun 01 06:28:02 UTC 2026","","Frontend Unit Tests","Frontend Unit Tests i18n Configuration should have defined resources for en, es, el",""
"","38","Frontend Unit Tests App Component deleting the last color sets activeName to null","","Mon Jun 01 06:28:00 UTC 2026","passed","Mon Jun 01 06:28:00 UTC 2026","","Frontend Unit Tests","Frontend Unit Tests App Component deleting the last color sets activeName to null",""
"","4","Server Unit Tests Middleware returns 400 for malformed JSON body","","Mon Jun 01 06:27:28 UTC 2026","passed","Mon Jun 01 06:27:28 UTC 2026","","Server Unit Tests","Server Unit Tests Middleware returns 400 for malformed JSON body",""
"","5","Utility Functions hslToRgb hue=0 (red) → [255,0,0]","","Mon Jun 01 06:28:00 UTC 2026","passed","Mon Jun 01 06:28:00 UTC 2026","","Utility Functions","Utility Functions hslToRgb hue=0 (red) → [255,0,0]",""
"","11","Server Unit Tests Error Handling POST /api/colors returns 500 when database fails (findOne)","","Mon Jun 01 06:27:28 UTC 2026","passed","Mon Jun 01 06:27:28 UTC 2026","","Server Unit Tests","Server Unit Tests Error Handling POST /api/colors returns 500 when database fails (findOne)",""
"Performance Test: UI Performance Test
File: ui-performance.spec.ts
Total Iterations: 1
Max VUs: 1

HTTP Request Duration:
- Avg: 3.01ms
- P(95): 3.01ms
- Max: 3.01ms

Full metrics attached in the results.","37137","UI Performance Test","Performance","Mon Jun 01 06:30:56 UTC 2026","passed","Mon Jun 01 06:31:33 UTC 2026","ui-performance.spec.ts","UI Performance Test","",""
"","8","Frontend Unit Tests App Component colors.length === 0 shows loading text","","Mon Jun 01 06:28:00 UTC 2026","passed","Mon Jun 01 06:28:00 UTC 2026","","Frontend Unit Tests","Frontend Unit Tests App Component colors.length === 0 shows loading text",""
"","46","Frontend Unit Tests App Component add color 400 without data.error falls back to generic message","","Mon Jun 01 06:28:00 UTC 2026","passed","Mon Jun 01 06:28:00 UTC 2026","","Frontend Unit Tests","Frontend Unit Tests App Component add color 400 without data.error falls back to generic message",""
"","10","Server Integration Tests (Testcontainers) POST /api/colors should accept a color name containing spaces","","Mon Jun 01 06:27:53 UTC 2026","passed","Mon Jun 01 06:27:53 UTC 2026","","Server Integration Tests (Testcontainers)","Server Integration Tests (Testcontainers) POST /api/colors should accept a color name containing spaces",""
"","6","Component Tests ColorPicker serverError banner is absent when serverError is null","","Mon Jun 01 06:28:00 UTC 2026","passed","Mon Jun 01 06:28:00 UTC 2026","","Utility Functions","Component Tests ColorPicker serverError banner is absent when serverError is null",""
"","44","Frontend Unit Tests App Component add color 501 also triggers server error message (>= 500)","","Mon Jun 01 06:28:00 UTC 2026","passed","Mon Jun 01 06:28:00 UTC 2026","","Frontend Unit Tests","Frontend Unit Tests App Component add color 501 also triggers server error message (>= 500)",""
"","9","Server Unit Tests POST /api/colors accepts single alphanumeric characters as names","","Mon Jun 01 06:27:28 UTC 2026","passed","Mon Jun 01 06:27:28 UTC 2026","","Server Unit Tests","Server Unit Tests POST /api/colors accepts single alphanumeric characters as names",""
"","5","Server Unit Tests Middleware JSON error middleware ignores SyntaxError with status != 400","","Mon Jun 01 06:27:28 UTC 2026","passed","Mon Jun 01 06:27:28 UTC 2026","","Server Unit Tests","Server Unit Tests Middleware JSON error middleware ignores SyntaxError with status != 400",""
"","23","Server Unit Tests Surviving Mutants & Edge Cases Regex & Validation STRICT_NAME_REGEX is strict on forbidden special characters in the middle","","Mon Jun 01 06:27:28 UTC 2026","passed","Mon Jun 01 06:27:28 UTC 2026","","Server Unit Tests","Server Unit Tests Surviving Mutants & Edge Cases Regex & Validation STRICT_NAME_REGEX is strict on forbidden special characters in the middle",""
"","0","homepage initial state","Chrome","Mon Jun 01 06:33:58 UTC 2026","skipped","Mon Jun 01 06:33:58 UTC 2026","Percy Visual Regression – Production > Percy – mobile (375×667)","","",""
"","7","Server Integration Tests (Testcontainers) PUT /api/colors/:name should return 404 when updating a non-existent color","","Mon Jun 01 06:27:53 UTC 2026","passed","Mon Jun 01 06:27:53 UTC 2026","","Server Integration Tests (Testcontainers)","Server Integration Tests (Testcontainers) PUT /api/colors/:name should return 404 when updating a non-existent color",""
"","13","Component Tests ColorPicker Cancel button is disabled when saving=true","","Mon Jun 01 06:28:00 UTC 2026","passed","Mon Jun 01 06:28:00 UTC 2026","","Utility Functions","Component Tests ColorPicker Cancel button is disabled when saving=true",""
"","0","Utility Functions hslToRgb hue=270 (violet) → [128,0,255]","","Mon Jun 01 06:28:00 UTC 2026","passed","Mon Jun 01 06:28:00 UTC 2026","","Utility Functions","Utility Functions hslToRgb hue=270 (violet) → [128,0,255]",""
"","9","Server Unit Tests GET /api/colors returns colors sorted alphabetically by name","","Mon Jun 01 06:27:28 UTC 2026","passed","Mon Jun 01 06:27:28 UTC 2026","","Server Unit Tests","Server Unit Tests GET /api/colors returns colors sorted alphabetically by name",""
"","0","Utility Functions rgbToHsl dark red (#800000): l<0.5, s=1 (l<=0.5 saturation branch)","","Mon Jun 01 06:28:00 UTC 2026","passed","Mon Jun 01 06:28:00 UTC 2026","","Utility Functions","Utility Functions rgbToHsl dark red (#800000): l<0.5, s=1 (l<=0.5 saturation branch)",""
"","10","Server Integration Tests (Testcontainers) GET /api/colors/:name should not expose _id or __v fields","","Mon Jun 01 06:27:53 UTC 2026","passed","Mon Jun 01 06:27:53 UTC 2026","","Server Integration Tests (Testcontainers)","Server Integration Tests (Testcontainers) GET /api/colors/:name should not expose _id or __v fields",""
"","139","should reject invalid hex format","Chrome","Mon Jun 01 06:37:54 UTC 2026","passed","Mon Jun 01 06:37:54 UTC 2026","Backend API Integration > POST /api/colors Schema Validation","","",""
"","8","Server Unit Tests GET /api/colors/:name returns a single color by name with correct fields","","Mon Jun 01 06:27:28 UTC 2026","passed","Mon Jun 01 06:27:28 UTC 2026","","Server Unit Tests","Server Unit Tests GET /api/colors/:name returns a single color by name with correct fields",""
"","6","Server Unit Tests POST /api/colors applies the createColorLimiter rate limit headers","","Mon Jun 01 06:27:28 UTC 2026","passed","Mon Jun 01 06:27:28 UTC 2026","","Server Unit Tests","Server Unit Tests POST /api/colors applies the createColorLimiter rate limit headers",""
"","1078","should display all core elements and handle button interaction","Chrome","Mon Jun 01 06:33:57 UTC 2026","passed","Mon Jun 01 06:33:58 UTC 2026","Responsive Design – iPhone SE (375×667)","","",""
"","8","Component Tests ColorPicker wheel cursor moves to (220,110) after right-edge click (hue=0, sat=1)","","Mon Jun 01 06:28:00 UTC 2026","passed","Mon Jun 01 06:28:00 UTC 2026","","Utility Functions","Component Tests ColorPicker wheel cursor moves to (220,110) after right-edge click (hue=0, sat=1)",""
"","1069","should handle color click network failure gracefully","Chrome","Mon Jun 01 06:38:14 UTC 2026","passed","Mon Jun 01 06:38:15 UTC 2026","UI Error Handling Coverage","","",""
"","1","Utility Functions paintWheelPixel sets alpha to 0 when dist > r (outside circle)","","Mon Jun 01 06:28:00 UTC 2026","passed","Mon Jun 01 06:28:00 UTC 2026","","Utility Functions","Utility Functions paintWheelPixel sets alpha to 0 when dist > r (outside circle)",""
"","4","Server Unit Tests Middleware handles non-JSON content type gracefully on POST","","Mon Jun 01 06:27:28 UTC 2026","passed","Mon Jun 01 06:27:28 UTC 2026","","Server Unit Tests","Server Unit Tests Middleware handles non-JSON content type gracefully on POST",""
"","840","Escape key closes the confirm dialog","Chrome","Mon Jun 01 06:38:03 UTC 2026","passed","Mon Jun 01 06:38:04 UTC 2026","Color Management — Add & Delete","","",""
"","25","Component Tests ColorPicker typing in name input clears name error","","Mon Jun 01 06:28:00 UTC 2026","passed","Mon Jun 01 06:28:00 UTC 2026","","Utility Functions","Component Tests ColorPicker typing in name input clears name error",""
"","149","should reject invalid hex format on update","Chrome","Mon Jun 01 06:37:54 UTC 2026","passed","Mon Jun 01 06:37:54 UTC 2026","Backend API Integration > PUT /api/colors/:name Schema Validation","","",""
"","20","Component Tests ColorPicker lightness slider change updates the preview","","Mon Jun 01 06:28:00 UTC 2026","passed","Mon Jun 01 06:28:00 UTC 2026","","Utility Functions","Component Tests ColorPicker lightness slider change updates the preview",""
"","1111","handle initial fetch error","Chrome","Mon Jun 01 06:38:09 UTC 2026","passed","Mon Jun 01 06:38:10 UTC 2026","Edge cases and error handling","","",""
"","0","Utility Functions rgbToHsl pure blue → h=240, s=1, l=0.5","","Mon Jun 01 06:28:00 UTC 2026","passed","Mon Jun 01 06:28:00 UTC 2026","","Utility Functions","Utility Functions rgbToHsl pure blue → h=240, s=1, l=0.5",""
"","4","Server Unit Tests Surviving Mutants & Edge Cases Swagger Metadata & OpenAPI has exact info metadata","","Mon Jun 01 06:27:28 UTC 2026","passed","Mon Jun 01 06:27:28 UTC 2026","","Server Unit Tests","Server Unit Tests Surviving Mutants & Edge Cases Swagger Metadata & OpenAPI has exact info metadata",""
"","3","Server Unit Tests Surviving Mutants & Edge Cases Swagger Metadata & OpenAPI has exact application/json content-type","","Mon Jun 01 06:27:28 UTC 2026","passed","Mon Jun 01 06:27:28 UTC 2026","","Server Unit Tests","Server Unit Tests Surviving Mutants & Edge Cases Swagger Metadata & OpenAPI has exact application/json content-type",""
"","0","Utility Functions hslToRgb negative hue wraps: hue=-120 = hue=240","","Mon Jun 01 06:28:00 UTC 2026","passed","Mon Jun 01 06:28:00 UTC 2026","","Utility Functions","Utility Functions hslToRgb negative hue wraps: hue=-120 = hue=240",""
"","1078","verify Red ( #e74c3c ) is applied as the background color","Chrome","Mon Jun 01 06:38:07 UTC 2026","passed","Mon Jun 01 06:38:08 UTC 2026","Background color tests","","",""
"","6","Server Unit Tests POST /api/colors returns 409 for a duplicate color name with descriptive error","","Mon Jun 01 06:27:28 UTC 2026","passed","Mon Jun 01 06:27:28 UTC 2026","","Server Unit Tests","Server Unit Tests POST /api/colors returns 409 for a duplicate color name with descriptive error",""
"","23","Component Tests ColorPicker mousemove while dragging updates hex (dragging.current=true kills mutation)","","Mon Jun 01 06:28:00 UTC 2026","passed","Mon Jun 01 06:28:00 UTC 2026","","Utility Functions","Component Tests ColorPicker mousemove while dragging updates hex (dragging.current=true kills mutation)",""
"","21","Component Tests ColorPicker mousemove after mouseup does NOT update color (dragging stopped)","","Mon Jun 01 06:28:00 UTC 2026","passed","Mon Jun 01 06:28:00 UTC 2026","","Utility Functions","Component Tests ColorPicker mousemove after mouseup does NOT update color (dragging stopped)",""
"","5","Component Tests ConfirmDialog backdrop click does NOT call onCancel when busy","","Mon Jun 01 06:28:00 UTC 2026","passed","Mon Jun 01 06:28:00 UTC 2026","","Component Tests","Component Tests ConfirmDialog backdrop click does NOT call onCancel when busy",""
"","9","Server Unit Tests Error Handling POST /api/colors returns 500 when database fails (create)","","Mon Jun 01 06:27:28 UTC 2026","passed","Mon Jun 01 06:27:28 UTC 2026","","Server Unit Tests","Server Unit Tests Error Handling POST /api/colors returns 500 when database fails (create)",""
"","0","Utility Functions paintWheelPixel anti-aliases near-edge pixel: dist=r-0.5 gives alpha=127","","Mon Jun 01 06:28:00 UTC 2026","passed","Mon Jun 01 06:28:00 UTC 2026","","Utility Functions","Utility Functions paintWheelPixel anti-aliases near-edge pixel: dist=r-0.5 gives alpha=127",""
"","0","Utility Functions hslToRgb saturation clamped: s=1.5 treated as s=1","","Mon Jun 01 06:28:00 UTC 2026","passed","Mon Jun 01 06:28:00 UTC 2026","","Utility Functions","Utility Functions hslToRgb saturation clamped: s=1.5 treated as s=1",""
"","137","unknown extra fields in POST body are rejected (400)","Chrome","Mon Jun 01 06:38:22 UTC 2026","passed","Mon Jun 01 06:38:22 UTC 2026","Security > Input Validation","","",""
"","1","Utility Functions hslToRgb saturation=0 gives pure grey [128,128,128]","","Mon Jun 01 06:28:00 UTC 2026","passed","Mon Jun 01 06:28:00 UTC 2026","","Utility Functions","Utility Functions hslToRgb saturation=0 gives pure grey [128,128,128]",""
"","14","Server Integration Tests (Testcontainers) POST /api/colors should return 409 when creating a duplicate color name","","Mon Jun 01 06:27:53 UTC 2026","passed","Mon Jun 01 06:27:53 UTC 2026","","Server Integration Tests (Testcontainers)","Server Integration Tests (Testcontainers) POST /api/colors should return 409 when creating a duplicate color name",""
"","4","Server Unit Tests POST /api/colors rejects names with the + character (+ encodes as space in URLs, causing lookup mismatches)","","Mon Jun 01 06:27:28 UTC 2026","passed","Mon Jun 01 06:27:28 UTC 2026","","Server Unit Tests","Server Unit Tests POST /api/colors rejects names with the + character (+ encodes as space in URLs, causing lookup mismatches)",""
"","142","malformed JSON body returns 400","Chrome","Mon Jun 01 06:38:23 UTC 2026","passed","Mon Jun 01 06:38:23 UTC 2026","Security > Input Validation","","",""
"","6","Server Unit Tests OpenAPI endpoints serves Swagger UI as HTML","","Mon Jun 01 06:27:28 UTC 2026","passed","Mon Jun 01 06:27:28 UTC 2026","","Server Unit Tests","Server Unit Tests OpenAPI endpoints serves Swagger UI as HTML",""
"","6","Component Tests ConfirmDialog Escape key calls onCancel when not busy","","Mon Jun 01 06:28:00 UTC 2026","passed","Mon Jun 01 06:28:00 UTC 2026","","Component Tests","Component Tests ConfirmDialog Escape key calls onCancel when not busy",""
"","49","Frontend Unit Tests App Component deleting a non-active color keeps the current background","","Mon Jun 01 06:28:00 UTC 2026","passed","Mon Jun 01 06:28:00 UTC 2026","","Frontend Unit Tests","Frontend Unit Tests App Component deleting a non-active color keeps the current background",""
"","864","homepage should match snapshot","Chrome","Mon Jun 01 06:33:56 UTC 2026","passed","Mon Jun 01 06:33:57 UTC 2026","Visual Regression – iphone-landscape (667×375)","","",""
"","0","Utility Functions readableOn returns #111 for mid-grey (L≈0.35, black gives better contrast)","","Mon Jun 01 06:28:00 UTC 2026","passed","Mon Jun 01 06:28:00 UTC 2026","","Utility Functions","Utility Functions readableOn returns #111 for mid-grey (L≈0.35, black gives better contrast)",""
"","674","Background stays unchanged when fetching a specific color fails","BDD","Mon Jun 01 06:31:38 UTC 2026","passed","Mon Jun 01 06:31:39 UTC 2026","API Error Handling","","",""
"","5","Frontend Unit Tests App Component current color span tracks hex value","","Mon Jun 01 06:28:00 UTC 2026","passed","Mon Jun 01 06:28:00 UTC 2026","","Frontend Unit Tests","Frontend Unit Tests App Component current color span tracks hex value",""
"","13","Server Integration Tests (Testcontainers) POST /api/reseed should not modify the database when token is invalid","","Mon Jun 01 06:27:53 UTC 2026","passed","Mon Jun 01 06:27:53 UTC 2026","","Server Integration Tests (Testcontainers)","Server Integration Tests (Testcontainers) POST /api/reseed should not modify the database when token is invalid",""
"","1037","check Turquoise ( #1abc9c) is the default background color.","Chrome","Mon Jun 01 06:38:06 UTC 2026","passed","Mon Jun 01 06:38:07 UTC 2026","","","",""
"","1","Utility Functions rgbToHex output is lowercase","","Mon Jun 01 06:28:00 UTC 2026","passed","Mon Jun 01 06:28:00 UTC 2026","","Utility Functions","Utility Functions rgbToHex output is lowercase",""
"","51","Frontend Unit Tests App Component handleColorClick shows error alert on fetch failure","","Mon Jun 01 06:28:00 UTC 2026","passed","Mon Jun 01 06:28:00 UTC 2026","","Frontend Unit Tests","Frontend Unit Tests App Component handleColorClick shows error alert on fetch failure",""
"","869","Color button remains functional after switching language","BDD","Mon Jun 01 06:31:41 UTC 2026","passed","Mon Jun 01 06:31:42 UTC 2026","Language Switching","","",""
"","61","Frontend Unit Tests App Component add color success closes picker and shows new chip","","Mon Jun 01 06:28:00 UTC 2026","passed","Mon Jun 01 06:28:00 UTC 2026","","Frontend Unit Tests","Frontend Unit Tests App Component add color success closes picker and shows new chip",""
"","573","should create a new color with valid schema","Chrome","Mon Jun 01 06:37:53 UTC 2026","passed","Mon Jun 01 06:37:53 UTC 2026","Backend API Integration > POST /api/colors Schema Validation","","",""
"","37","Frontend Unit Tests App Component confirm dialog Escape key closes it","","Mon Jun 01 06:28:00 UTC 2026","passed","Mon Jun 01 06:28:00 UTC 2026","","Frontend Unit Tests","Frontend Unit Tests App Component confirm dialog Escape key closes it",""
"","9","Server Integration Tests (Testcontainers) PUT /api/colors/:name should update both name and hex simultaneously","","Mon Jun 01 06:27:53 UTC 2026","passed","Mon Jun 01 06:27:53 UTC 2026","","Server Integration Tests (Testcontainers)","Server Integration Tests (Testcontainers) PUT /api/colors/:name should update both name and hex simultaneously",""
"","2785","PUT /api/colors/{name}","","","passed","","","schemathesis","",""
"","6","Server Unit Tests GET /api/colors/:name returns Yellow color correctly","","Mon Jun 01 06:27:28 UTC 2026","passed","Mon Jun 01 06:27:28 UTC 2026","","Server Unit Tests","Server Unit Tests GET /api/colors/:name returns Yellow color correctly",""
"","857","should update a color with valid schema","Chrome","Mon Jun 01 06:37:54 UTC 2026","passed","Mon Jun 01 06:37:55 UTC 2026","Backend API Integration > PUT /api/colors/:name Schema Validation","","",""
"","820","homepage should match snapshot","Chrome","Mon Jun 01 06:33:55 UTC 2026","passed","Mon Jun 01 06:33:56 UTC 2026","Visual Regression – iphone-se (375×667)","","",""
"","21","Component Tests ColorPicker mousedown at right-center (hue=0) sets hex to #ff0000","","Mon Jun 01 06:28:00 UTC 2026","passed","Mon Jun 01 06:28:00 UTC 2026","","Utility Functions","Component Tests ColorPicker mousedown at right-center (hue=0) sets hex to #ff0000",""
"","1","Utility Functions readableOn returns #111 for turquoise (L≈0.39, black gives better contrast)","","Mon Jun 01 06:28:00 UTC 2026","passed","Mon Jun 01 06:28:00 UTC 2026","","Utility Functions","Utility Functions readableOn returns #111 for turquoise (L≈0.39, black gives better contrast)",""
"","22","Component Tests ColorPicker mousedown at left-center (hue=180) sets hex to #00ffff","","Mon Jun 01 06:28:00 UTC 2026","passed","Mon Jun 01 06:28:00 UTC 2026","","Utility Functions","Component Tests ColorPicker mousedown at left-center (hue=180) sets hex to #00ffff",""
"","5","Server Unit Tests Surviving Mutants & Edge Cases Regex & Validation Zod required_error messages are correct","","Mon Jun 01 06:27:28 UTC 2026","passed","Mon Jun 01 06:27:28 UTC 2026","","Server Unit Tests","Server Unit Tests Surviving Mutants & Edge Cases Regex & Validation Zod required_error messages are correct",""
"","0","homepage after color change","Chrome","Mon Jun 01 06:33:58 UTC 2026","skipped","Mon Jun 01 06:33:58 UTC 2026","Percy Visual Regression – Production > Percy – desktop-xl (1920×1080)","","",""
"","8","Server Unit Tests GET /api/colors/:name returns 404 for a non-existent color","","Mon Jun 01 06:27:28 UTC 2026","passed","Mon Jun 01 06:27:28 UTC 2026","","Server Unit Tests","Server Unit Tests GET /api/colors/:name returns 404 for a non-existent color",""
"","1","Utility Functions rgbToHsl pure red → h=0, s=1, l=0.5","","Mon Jun 01 06:28:00 UTC 2026","passed","Mon Jun 01 06:28:00 UTC 2026","","Utility Functions","Utility Functions rgbToHsl pure red → h=0, s=1, l=0.5",""
"","8694","should meet the accessibility threshold using Google Lighthouse","Chrome","Mon Jun 01 06:37:43 UTC 2026","passed","Mon Jun 01 06:37:52 UTC 2026","Accessibility Tests","","",""
"","0","Utility Functions hexToRgb parses hex without the leading #","","Mon Jun 01 06:28:00 UTC 2026","passed","Mon Jun 01 06:28:00 UTC 2026","","Utility Functions","Utility Functions hexToRgb parses hex without the leading #",""
"","0","Utility Functions hslToRgb hue=360 wraps to hue=0 → [255,0,0]","","Mon Jun 01 06:28:00 UTC 2026","passed","Mon Jun 01 06:28:00 UTC 2026","","Utility Functions","Utility Functions hslToRgb hue=360 wraps to hue=0 → [255,0,0]",""
"","5","Server Unit Tests POST /api/colors returns 400 for invalid hex format (too short)","","Mon Jun 01 06:27:28 UTC 2026","passed","Mon Jun 01 06:27:28 UTC 2026","","Server Unit Tests","Server Unit Tests POST /api/colors returns 400 for invalid hex format (too short)",""
"","0","Utility Functions hslToRgb hue=300 (magenta) → [255,0,255]","","Mon Jun 01 06:28:00 UTC 2026","passed","Mon Jun 01 06:28:00 UTC 2026","","Utility Functions","Utility Functions hslToRgb hue=300 (magenta) → [255,0,255]",""
"","10","Server Integration Tests (Testcontainers) DELETE /api/colors/:name should delete a color and confirm removal from the real database","","Mon Jun 01 06:27:53 UTC 2026","passed","Mon Jun 01 06:27:53 UTC 2026","","Server Integration Tests (Testcontainers)","Server Integration Tests (Testcontainers) DELETE /api/colors/:name should delete a color and confirm removal from the real database",""
"","748","Example #3","BDD","Mon Jun 01 06:31:41 UTC 2026","passed","Mon Jun 01 06:31:42 UTC 2026","Language Switching > Switch language and verify translated UI labels","","",""
"","13","Server Unit Tests Surviving Mutants & Edge Cases Regex & Validation STRICT_NAME_REGEX kills mutants by testing multiple spaces in the middle and rejecting pluses","","Mon Jun 01 06:27:28 UTC 2026","passed","Mon Jun 01 06:27:28 UTC 2026","","Server Unit Tests","Server Unit Tests Surviving Mutants & Edge Cases Regex & Validation STRICT_NAME_REGEX kills mutants by testing multiple spaces in the middle and rejecting pluses",""
"","23","Server Integration Tests (Testcontainers) End-to-end CRUD workflow should create, read, update, and delete a color in sequence","","Mon Jun 01 06:27:53 UTC 2026","passed","Mon Jun 01 06:27:53 UTC 2026","","Server Integration Tests (Testcontainers)","Server Integration Tests (Testcontainers) End-to-end CRUD workflow should create, read, update, and delete a color in sequence",""
"","5","Server Unit Tests Middleware returns 413 for payload too large","","Mon Jun 01 06:27:28 UTC 2026","passed","Mon Jun 01 06:27:28 UTC 2026","","Server Unit Tests","Server Unit Tests Middleware returns 413 for payload too large",""
"","4","Server Unit Tests Surviving Mutants & Edge Cases PUT logic kills hex regex mutant in PUT","","Mon Jun 01 06:27:28 UTC 2026","passed","Mon Jun 01 06:27:28 UTC 2026","","Server Unit Tests","Server Unit Tests Surviving Mutants & Edge Cases PUT logic kills hex regex mutant in PUT",""
"","14","Server Integration Tests (Testcontainers) GET /api/colors should return an empty array after all colors are deleted","","Mon Jun 01 06:27:53 UTC 2026","passed","Mon Jun 01 06:27:53 UTC 2026","","Server Integration Tests (Testcontainers)","Server Integration Tests (Testcontainers) GET /api/colors should return an empty array after all colors are deleted",""
"","1715","should create dynamic random color via API and verify through UI","Chrome","Mon Jun 01 06:38:19 UTC 2026","passed","Mon Jun 01 06:38:21 UTC 2026","Random Data Testing with faker.js","","",""
"","48","Frontend Unit Tests App Component deleting the active color switches background to the first remaining","","Mon Jun 01 06:28:00 UTC 2026","passed","Mon Jun 01 06:28:00 UTC 2026","","Frontend Unit Tests","Frontend Unit Tests App Component deleting the active color switches background to the first remaining",""
"","130","NoSQL operator in GET path param is rejected (400 or 404)","Chrome","Mon Jun 01 06:38:22 UTC 2026","passed","Mon Jun 01 06:38:22 UTC 2026","Security > Injection Prevention","","",""
"","221","X-Powered-By header is not exposed","Chrome","Mon Jun 01 06:38:23 UTC 2026","passed","Mon Jun 01 06:38:23 UTC 2026","Security > Security Headers","","",""
"","1938","should load the application and verify core functionality across browsers","Firefox","Mon Jun 01 06:31:44 UTC 2026","passed","Mon Jun 01 06:31:46 UTC 2026","Cross-Browser Core Functionality","","",""
"","1","Utility Functions hslToRgb hue=59 stays in sector 0","","Mon Jun 01 06:28:00 UTC 2026","passed","Mon Jun 01 06:28:00 UTC 2026","","Utility Functions","Utility Functions hslToRgb hue=59 stays in sector 0",""
"","6","Server Unit Tests 405 Method Not Allowed returns 405 for POST, PUT, DELETE on /api-docs","","Mon Jun 01 06:27:28 UTC 2026","passed","Mon Jun 01 06:27:28 UTC 2026","","Server Unit Tests","Server Unit Tests 405 Method Not Allowed returns 405 for POST, PUT, DELETE on /api-docs",""
"","7","Utility Functions rgbToHsl round-trip hslToRgb→rgbToHsl preserves hue for all sectors","","Mon Jun 01 06:28:00 UTC 2026","passed","Mon Jun 01 06:28:00 UTC 2026","","Utility Functions","Utility Functions rgbToHsl round-trip hslToRgb→rgbToHsl preserves hue for all sectors",""
"","19","Server Integration Tests (Testcontainers) POST /api/reseed should reseed the database to the three default colors with a valid token","","Mon Jun 01 06:27:53 UTC 2026","passed","Mon Jun 01 06:27:53 UTC 2026","","Server Integration Tests (Testcontainers)","Server Integration Tests (Testcontainers) POST /api/reseed should reseed the database to the three default colors with a valid token",""
"","4","Server Unit Tests 405 Method Not Allowed returns 405 for PATCH on /api/colors","","Mon Jun 01 06:27:28 UTC 2026","passed","Mon Jun 01 06:27:28 UTC 2026","","Server Unit Tests","Server Unit Tests 405 Method Not Allowed returns 405 for PATCH on /api/colors",""
"","8","Component Tests ColorPicker backdrop dismiss button is aria-hidden and not in tab order","","Mon Jun 01 06:28:00 UTC 2026","passed","Mon Jun 01 06:28:00 UTC 2026","","Utility Functions","Component Tests ColorPicker backdrop dismiss button is aria-hidden and not in tab order",""
"","3","Utility Functions hslToRgb hue=60 (yellow) → [255,255,0]","","Mon Jun 01 06:28:00 UTC 2026","passed","Mon Jun 01 06:28:00 UTC 2026","","Utility Functions","Utility Functions hslToRgb hue=60 (yellow) → [255,255,0]",""
"","18","Server Integration Tests (Testcontainers) POST /api/reseed should be idempotent — calling reseed twice always yields exactly 3 colors","","Mon Jun 01 06:27:53 UTC 2026","passed","Mon Jun 01 06:27:53 UTC 2026","","Server Integration Tests (Testcontainers)","Server Integration Tests (Testcontainers) POST /api/reseed should be idempotent — calling reseed twice always yields exactly 3 colors",""
"","126","PATCH /api/colors/:name returns 405","Chrome","Mon Jun 01 06:38:24 UTC 2026","passed","Mon Jun 01 06:38:24 UTC 2026","Security > HTTP Method Restrictions","","",""
"","3","Server Unit Tests Surviving Mutants & Edge Cases Swagger Metadata & OpenAPI has exact API info","","Mon Jun 01 06:27:28 UTC 2026","passed","Mon Jun 01 06:27:28 UTC 2026","","Server Unit Tests","Server Unit Tests Surviving Mutants & Edge Cases Swagger Metadata & OpenAPI has exact API info",""
"","0","Utility Functions hslToRgb lightness=0 gives black","","Mon Jun 01 06:28:00 UTC 2026","passed","Mon Jun 01 06:28:00 UTC 2026","","Utility Functions","Utility Functions hslToRgb lightness=0 gives black",""
"","9","Server Unit Tests GET /api/colors returns JSON content type","","Mon Jun 01 06:27:28 UTC 2026","passed","Mon Jun 01 06:27:28 UTC 2026","","Server Unit Tests","Server Unit Tests GET /api/colors returns JSON content type",""
"","264","Component Tests ColorPicker renders the modal with title, hex preview, name and hex inputs","","Mon Jun 01 06:28:00 UTC 2026","passed","Mon Jun 01 06:28:00 UTC 2026","","Utility Functions","Component Tests ColorPicker renders the modal with title, hex preview, name and hex inputs",""
"","210","should return 404 when updating non-existent color","Chrome","Mon Jun 01 06:37:54 UTC 2026","passed","Mon Jun 01 06:37:54 UTC 2026","Backend API Integration > PUT /api/colors/:name Schema Validation","","",""
"","8","Component Tests ConfirmDialog dialog has correct ARIA attributes","","Mon Jun 01 06:28:00 UTC 2026","passed","Mon Jun 01 06:28:00 UTC 2026","","Component Tests","Component Tests ConfirmDialog dialog has correct ARIA attributes",""
"","9","Server Integration Tests (Testcontainers) GET /api/colors should return colors sorted alphabetically by name","","Mon Jun 01 06:27:53 UTC 2026","passed","Mon Jun 01 06:27:53 UTC 2026","","Server Integration Tests (Testcontainers)","Server Integration Tests (Testcontainers) GET /api/colors should return colors sorted alphabetically by name",""
"","571","should delete an existing color","Chrome","Mon Jun 01 06:37:54 UTC 2026","passed","Mon Jun 01 06:37:55 UTC 2026","Backend API Integration > DELETE /api/colors/:name","","",""
"","18","GET /api/colors","","","passed","","","schemathesis","",""
"","900","Example #1","BDD","Mon Jun 01 06:31:38 UTC 2026","passed","Mon Jun 01 06:31:39 UTC 2026","Home Page Background Color > Change background color","","",""
"","97","Frontend Unit Tests App Component handleColorClick does nothing when data is null","","Mon Jun 01 06:28:00 UTC 2026","passed","Mon Jun 01 06:28:00 UTC 2026","","Frontend Unit Tests","Frontend Unit Tests App Component handleColorClick does nothing when data is null",""
"","0","Utility Functions hslToRgb hue=330 (rose) → [255,0,128]","","Mon Jun 01 06:28:00 UTC 2026","passed","Mon Jun 01 06:28:00 UTC 2026","","Utility Functions","Utility Functions hslToRgb hue=330 (rose) → [255,0,128]",""
"","121","POST /api-docs returns 405","Chrome","Mon Jun 01 06:38:24 UTC 2026","passed","Mon Jun 01 06:38:24 UTC 2026","Security > HTTP Method Restrictions","","",""
"","4","Server Unit Tests DELETE /api/colors/:name returns 404 for a non-existent color","","Mon Jun 01 06:27:28 UTC 2026","passed","Mon Jun 01 06:27:28 UTC 2026","","Server Unit Tests","Server Unit Tests DELETE /api/colors/:name returns 404 for a non-existent color",""
"","41","Frontend Unit Tests App Component add color 500 shows server error message","","Mon Jun 01 06:28:00 UTC 2026","passed","Mon Jun 01 06:28:00 UTC 2026","","Frontend Unit Tests","Frontend Unit Tests App Component add color 500 shows server error message",""
"","2669","should maintain accessibility in el language and verify resilient locators","Chrome","Mon Jun 01 06:37:49 UTC 2026","passed","Mon Jun 01 06:37:51 UTC 2026","i18n Accessibility Tests","","",""
"","38","Component Tests ColorPicker lightness slider max value (100) gives white","","Mon Jun 01 06:28:00 UTC 2026","passed","Mon Jun 01 06:28:00 UTC 2026","","Utility Functions","Component Tests ColorPicker lightness slider max value (100) gives white",""
"","1087","verify Red ( #e74c3c ) is applied as the background color","Chrome","Mon Jun 01 06:38:18 UTC 2026","passed","Mon Jun 01 06:38:19 UTC 2026","POM Refactored: Background color tests","","",""
"","6","Server Unit Tests Surviving Mutants & Edge Cases Rate Limiting & Security kills mutants by verifying x-ratelimit headers","","Mon Jun 01 06:27:28 UTC 2026","passed","Mon Jun 01 06:27:28 UTC 2026","","Server Unit Tests","Server Unit Tests Surviving Mutants & Edge Cases Rate Limiting & Security kills mutants by verifying x-ratelimit headers",""
"","11","Server Unit Tests PUT /api/colors/:name updates the name of an existing color and preserves hex","","Mon Jun 01 06:27:28 UTC 2026","passed","Mon Jun 01 06:27:28 UTC 2026","","Server Unit Tests","Server Unit Tests PUT /api/colors/:name updates the name of an existing color and preserves hex",""
"","7","Server Integration Tests (Testcontainers) POST /api/colors should return 400 for invalid hex format (missing #)","","Mon Jun 01 06:27:53 UTC 2026","passed","Mon Jun 01 06:27:53 UTC 2026","","Server Integration Tests (Testcontainers)","Server Integration Tests (Testcontainers) POST /api/colors should return 400 for invalid hex format (missing #)",""
"","6","Server Unit Tests 405 Method Not Allowed does not return 405 for allowed POST method on /api/colors","","Mon Jun 01 06:27:28 UTC 2026","passed","Mon Jun 01 06:27:28 UTC 2026","","Server Unit Tests","Server Unit Tests 405 Method Not Allowed does not return 405 for allowed POST method on /api/colors",""
"","16","Server Unit Tests Surviving Mutants & Edge Cases Regex & Validation STRICT_NAME_REGEX kills mutants on start/end/middle characters","","Mon Jun 01 06:27:28 UTC 2026","passed","Mon Jun 01 06:27:28 UTC 2026","","Server Unit Tests","Server Unit Tests Surviving Mutants & Edge Cases Regex & Validation STRICT_NAME_REGEX kills mutants on start/end/middle characters",""
"","49","Frontend Unit Tests App Component header color attribute changes after clicking a chip","","Mon Jun 01 06:28:00 UTC 2026","passed","Mon Jun 01 06:28:00 UTC 2026","","Frontend Unit Tests","Frontend Unit Tests App Component header color attribute changes after clicking a chip",""
"","5","Server Unit Tests Error Handling PUT /api/colors/:name returns 409 when database throws duplicate key error (code 11000) on save","","Mon Jun 01 06:27:28 UTC 2026","passed","Mon Jun 01 06:27:28 UTC 2026","","Server Unit Tests","Server Unit Tests Error Handling PUT /api/colors/:name returns 409 when database throws duplicate key error (code 11000) on save",""
"","4","Server Unit Tests POST /api/colors returns 400 for name with special characters","","Mon Jun 01 06:27:28 UTC 2026","passed","Mon Jun 01 06:27:28 UTC 2026","","Server Unit Tests","Server Unit Tests POST /api/colors returns 400 for name with special characters",""
"","1","Utility Functions hslToRgb low lightness l=0.25 → [128,0,0]","","Mon Jun 01 06:28:00 UTC 2026","passed","Mon Jun 01 06:28:00 UTC 2026","","Utility Functions","Utility Functions hslToRgb low lightness l=0.25 → [128,0,0]",""
"","1283","shows 409 duplicate error from server inside the picker","Chrome","Mon Jun 01 06:38:01 UTC 2026","passed","Mon Jun 01 06:38:02 UTC 2026","Color Management — Add & Delete","","",""
"","11","Server Unit Tests PUT /api/colors/:name updates the hex of an existing color","","Mon Jun 01 06:27:28 UTC 2026","passed","Mon Jun 01 06:27:28 UTC 2026","","Server Unit Tests","Server Unit Tests PUT /api/colors/:name updates the hex of an existing color",""
"","40","Frontend Unit Tests App Component active chip has is-active CSS class","","Mon Jun 01 06:28:00 UTC 2026","passed","Mon Jun 01 06:28:00 UTC 2026","","Frontend Unit Tests","Frontend Unit Tests App Component active chip has is-active CSS class",""
"","5","Server Unit Tests POST /api/colors returns 400 when name is missing","","Mon Jun 01 06:27:28 UTC 2026","passed","Mon Jun 01 06:27:28 UTC 2026","","Server Unit Tests","Server Unit Tests POST /api/colors returns 400 when name is missing",""
"","216","GET /api/colors/:name should return 404 for non-existent color","Chrome","Mon Jun 01 06:37:53 UTC 2026","passed","Mon Jun 01 06:37:53 UTC 2026","Backend API Integration","","",""
"","4","Server Unit Tests 405 Method Not Allowed sets the Allow header on /api/colors/:name with correct methods","","Mon Jun 01 06:27:28 UTC 2026","passed","Mon Jun 01 06:27:28 UTC 2026","","Server Unit Tests","Server Unit Tests 405 Method Not Allowed sets the Allow header on /api/colors/:name with correct methods",""
"","1","Utility Functions rgbToHsl g max with b>r (#00ff80) → h near 150","","Mon Jun 01 06:28:00 UTC 2026","passed","Mon Jun 01 06:28:00 UTC 2026","","Utility Functions","Utility Functions rgbToHsl g max with b>r (#00ff80) → h near 150",""
"","0","Utility Functions hslToRgb high lightness l=0.75 → [255,128,128]","","Mon Jun 01 06:28:00 UTC 2026","passed","Mon Jun 01 06:28:00 UTC 2026","","Utility Functions","Utility Functions hslToRgb high lightness l=0.75 → [255,128,128]",""
"","5","Server Unit Tests Surviving Mutants & Edge Cases Mongoose Schema & Persistence kills empty schema mutant by verifying field persistence","","Mon Jun 01 06:27:28 UTC 2026","passed","Mon Jun 01 06:27:28 UTC 2026","","Server Unit Tests","Server Unit Tests Surviving Mutants & Edge Cases Mongoose Schema & Persistence kills empty schema mutant by verifying field persistence",""
"","27","Frontend Unit Tests App Component picker × button closes the modal","","Mon Jun 01 06:28:00 UTC 2026","passed","Mon Jun 01 06:28:00 UTC 2026","","Frontend Unit Tests","Frontend Unit Tests App Component picker × button closes the modal",""
"","633","Show loading state when the API returns an empty colors list","BDD","Mon Jun 01 06:31:37 UTC 2026","passed","Mon Jun 01 06:31:38 UTC 2026","API Error Handling","","",""
"","4","Server Unit Tests Error Handling seedDatabase logs error and re-throws when database fails","","Mon Jun 01 06:27:28 UTC 2026","passed","Mon Jun 01 06:27:28 UTC 2026","","Server Unit Tests","Server Unit Tests Error Handling seedDatabase logs error and re-throws when database fails",""
"","1","Utility Functions hexToRgb parses a standard #RRGGBB hex","","Mon Jun 01 06:28:00 UTC 2026","passed","Mon Jun 01 06:28:00 UTC 2026","","Utility Functions","Utility Functions hexToRgb parses a standard #RRGGBB hex",""
"","5679","should not have any automatically detectable accessibility issues","Chrome","Mon Jun 01 06:37:37 UTC 2026","passed","Mon Jun 01 06:37:42 UTC 2026","Accessibility Tests","","",""
"","18","Frontend Unit Tests App Component labelFor falls back to color name for unknown/custom color","","Mon Jun 01 06:28:00 UTC 2026","passed","Mon Jun 01 06:28:00 UTC 2026","","Frontend Unit Tests","Frontend Unit Tests App Component labelFor falls back to color name for unknown/custom color",""
"","1147","handle initial fetch with empty data","Chrome","Mon Jun 01 06:38:09 UTC 2026","passed","Mon Jun 01 06:38:10 UTC 2026","Edge cases and error handling","","",""
"","1","Utility Functions rgbToHex value 16 does not pad","","Mon Jun 01 06:28:00 UTC 2026","passed","Mon Jun 01 06:28:00 UTC 2026","","Utility Functions","Utility Functions rgbToHex value 16 does not pad",""
"","7","Component Tests ColorPicker pressing Escape calls onCancel","","Mon Jun 01 06:28:00 UTC 2026","passed","Mon Jun 01 06:28:00 UTC 2026","","Utility Functions","Component Tests ColorPicker pressing Escape calls onCancel",""
"","122","POST with script tag in name is rejected (400)","Chrome","Mon Jun 01 06:38:20 UTC 2026","passed","Mon Jun 01 06:38:20 UTC 2026","Security > XSS Prevention","","",""
"","1","Utility Functions hslToRgb hue=30 (orange) → [255,128,0]","","Mon Jun 01 06:28:00 UTC 2026","passed","Mon Jun 01 06:28:00 UTC 2026","","Utility Functions","Utility Functions hslToRgb hue=30 (orange) → [255,128,0]",""
"","9","Component Tests ColorPicker Escape listener is removed after unmount","","Mon Jun 01 06:28:00 UTC 2026","passed","Mon Jun 01 06:28:00 UTC 2026","","Utility Functions","Component Tests ColorPicker Escape listener is removed after unmount",""
"","40","Server Unit Tests GET /api/colors returns all seeded colors with correct names and hex values","","Mon Jun 01 06:27:28 UTC 2026","passed","Mon Jun 01 06:27:28 UTC 2026","","Server Unit Tests","Server Unit Tests GET /api/colors returns all seeded colors with correct names and hex values",""
"","1","Utility Functions hslToRgb hue=150 (spring green) → [0,255,128]","","Mon Jun 01 06:28:00 UTC 2026","passed","Mon Jun 01 06:28:00 UTC 2026","","Utility Functions","Utility Functions hslToRgb hue=150 (spring green) → [0,255,128]",""
"","13","Component Tests ColorPicker displays serverError prop in an alert banner","","Mon Jun 01 06:28:00 UTC 2026","passed","Mon Jun 01 06:28:00 UTC 2026","","Utility Functions","Component Tests ColorPicker displays serverError prop in an alert banner",""
"","4","Server Unit Tests Surviving Mutants & Edge Cases Logs seedDatabase logs success message","","Mon Jun 01 06:27:28 UTC 2026","passed","Mon Jun 01 06:27:28 UTC 2026","","Server Unit Tests","Server Unit Tests Surviving Mutants & Edge Cases Logs seedDatabase logs success message",""
"","1","Frontend Unit Tests i18n Configuration should handle language change correctly","","Mon Jun 01 06:28:02 UTC 2026","passed","Mon Jun 01 06:28:02 UTC 2026","","Frontend Unit Tests","Frontend Unit Tests i18n Configuration should handle language change correctly",""
"","4","Utility Functions hslToRgb hue=210 (azure) → [0,128,255]","","Mon Jun 01 06:28:00 UTC 2026","passed","Mon Jun 01 06:28:00 UTC 2026","","Utility Functions","Utility Functions hslToRgb hue=210 (azure) → [0,128,255]",""
"","1","Utility Functions hslToRgb saturation clamped: s=-0.5 treated as s=0","","Mon Jun 01 06:28:00 UTC 2026","passed","Mon Jun 01 06:28:00 UTC 2026","","Utility Functions","Utility Functions hslToRgb saturation clamped: s=-0.5 treated as s=0",""
"","9","Component Tests ColorPicker clicking inside the card does NOT call onCancel","","Mon Jun 01 06:28:00 UTC 2026","passed","Mon Jun 01 06:28:00 UTC 2026","","Utility Functions","Component Tests ColorPicker clicking inside the card does NOT call onCancel",""
"","11","Server Integration Tests (Testcontainers) POST /api/colors should accept a single alphanumeric character as a name","","Mon Jun 01 06:27:53 UTC 2026","passed","Mon Jun 01 06:27:53 UTC 2026","","Server Integration Tests (Testcontainers)","Server Integration Tests (Testcontainers) POST /api/colors should accept a single alphanumeric character as a name",""
"","336","GET /api/colors/Yellow should return the correct hex code","Chrome","Mon Jun 01 06:37:52 UTC 2026","passed","Mon Jun 01 06:37:53 UTC 2026","Backend API Integration","","",""
"","49","Frontend Unit Tests App Component delete network error shows error alert","","Mon Jun 01 06:28:00 UTC 2026","passed","Mon Jun 01 06:28:00 UTC 2026","","Frontend Unit Tests","Frontend Unit Tests App Component delete network error shows error alert",""
"","5","Server Unit Tests POST /api/colors accepts names with alphanumeric characters and spaces","","Mon Jun 01 06:27:28 UTC 2026","passed","Mon Jun 01 06:27:28 UTC 2026","","Server Unit Tests","Server Unit Tests POST /api/colors accepts names with alphanumeric characters and spaces",""
"","229","GET /api/colors/Red should return the correct hex code","Chrome","Mon Jun 01 06:37:52 UTC 2026","passed","Mon Jun 01 06:37:52 UTC 2026","Backend API Integration","","",""
"","1118","handle color selection fetch error","Chrome","Mon Jun 01 06:38:10 UTC 2026","passed","Mon Jun 01 06:38:11 UTC 2026","Edge cases and error handling","","",""
"","26","Component Tests ColorPicker hex input updates hue/sat via rgbToHsl (green → hue≈120)","","Mon Jun 01 06:28:00 UTC 2026","passed","Mon Jun 01 06:28:00 UTC 2026","","Utility Functions","Component Tests ColorPicker hex input updates hue/sat via rgbToHsl (green → hue≈120)",""
"","35","Frontend Unit Tests App Component initial background is first color hex","","Mon Jun 01 06:28:00 UTC 2026","passed","Mon Jun 01 06:28:00 UTC 2026","","Frontend Unit Tests","Frontend Unit Tests App Component initial background is first color hex",""
"","6","Server Unit Tests Surviving Mutants & Edge Cases Rate Limiting & Security kills mutants by verifying x-powered-by is removed","","Mon Jun 01 06:27:28 UTC 2026","passed","Mon Jun 01 06:27:28 UTC 2026","","Server Unit Tests","Server Unit Tests Surviving Mutants & Edge Cases Rate Limiting & Security kills mutants by verifying x-powered-by is removed",""
"","11","Frontend Unit Tests App Component shows loading text when colors array is empty","","Mon Jun 01 06:28:00 UTC 2026","passed","Mon Jun 01 06:28:00 UTC 2026","","Frontend Unit Tests","Frontend Unit Tests App Component shows loading text when colors array is empty",""
"","1146","changing color to Red should reflect in UI and DOM","Chrome","Mon Jun 01 06:38:12 UTC 2026","passed","Mon Jun 01 06:38:14 UTC 2026","Data-Driven Testing","","",""
"","805","Example #2","BDD","Mon Jun 01 06:31:40 UTC 2026","passed","Mon Jun 01 06:31:41 UTC 2026","Language Switching > Switch language and verify translated UI labels","","",""
"","27","Component Tests ConfirmDialog both buttons are disabled when busy=true","","Mon Jun 01 06:28:00 UTC 2026","passed","Mon Jun 01 06:28:00 UTC 2026","","Component Tests","Component Tests ConfirmDialog both buttons are disabled when busy=true",""
"","13","Server Unit Tests Surviving Mutants & Edge Cases Regex & Validation STRICT_NAME_REGEX kills mutants on optionality and length","","Mon Jun 01 06:27:28 UTC 2026","passed","Mon Jun 01 06:27:28 UTC 2026","","Server Unit Tests","Server Unit Tests Surviving Mutants & Edge Cases Regex & Validation STRICT_NAME_REGEX kills mutants on optionality and length",""
"","30","Component Tests ColorPicker close (×) button calls onCancel","","Mon Jun 01 06:28:00 UTC 2026","passed","Mon Jun 01 06:28:00 UTC 2026","","Utility Functions","Component Tests ColorPicker close (×) button calls onCancel",""
"","0","Utility Functions readableOn returns #111 for white (very light, L=1)","","Mon Jun 01 06:28:00 UTC 2026","passed","Mon Jun 01 06:28:00 UTC 2026","","Utility Functions","Utility Functions readableOn returns #111 for white (very light, L=1)",""
"","853","Example #1","BDD","Mon Jun 01 06:31:40 UTC 2026","passed","Mon Jun 01 06:31:41 UTC 2026","Language Switching > Switch language and verify translated UI labels","","",""
"","977","chip-x click opens confirm dialog with color name","Chrome","Mon Jun 01 06:38:02 UTC 2026","passed","Mon Jun 01 06:38:03 UTC 2026","Color Management — Add & Delete","","",""
"","2508","should maintain accessibility in en language and verify resilient locators","Chrome","Mon Jun 01 06:37:44 UTC 2026","passed","Mon Jun 01 06:37:46 UTC 2026","i18n Accessibility Tests","","",""
"","4","Server Unit Tests PUT /api/colors/:name returns 400 for invalid name with special characters","","Mon Jun 01 06:27:28 UTC 2026","passed","Mon Jun 01 06:27:28 UTC 2026","","Server Unit Tests","Server Unit Tests PUT /api/colors/:name returns 400 for invalid name with special characters",""
"","3","Server Unit Tests POST /api/reseed returns 401 when Bearer scheme prefix is missing","","Mon Jun 01 06:27:28 UTC 2026","passed","Mon Jun 01 06:27:28 UTC 2026","","Server Unit Tests","Server Unit Tests POST /api/reseed returns 401 when Bearer scheme prefix is missing",""
"","951","should display colors that do not exist in the database","Chrome","Mon Jun 01 06:38:16 UTC 2026","passed","Mon Jun 01 06:38:17 UTC 2026","Network Mocking & Interception","","",""
"","54","Frontend Unit Tests App Component handleColorClick clears previous error on new successful click","","Mon Jun 01 06:28:00 UTC 2026","passed","Mon Jun 01 06:28:00 UTC 2026","","Frontend Unit Tests","Frontend Unit Tests App Component handleColorClick clears previous error on new successful click",""
"","4","Server Unit Tests POST /api/colors returns 400 for extra unknown fields (strict schema)","","Mon Jun 01 06:27:28 UTC 2026","passed","Mon Jun 01 06:27:28 UTC 2026","","Server Unit Tests","Server Unit Tests POST /api/colors returns 400 for extra unknown fields (strict schema)",""
"","0","Utility Functions hslToRgb hue=180 (cyan) → [0,255,255]","","Mon Jun 01 06:28:00 UTC 2026","passed","Mon Jun 01 06:28:00 UTC 2026","","Utility Functions","Utility Functions hslToRgb hue=180 (cyan) → [0,255,255]",""
"","6189","should maintain accessibility after state change (color update)","Chrome","Mon Jun 01 06:37:37 UTC 2026","passed","Mon Jun 01 06:37:43 UTC 2026","Accessibility Tests","","",""
"","666","should handle missing image gracefully by showing alt text","Chrome","Mon Jun 01 06:38:15 UTC 2026","passed","Mon Jun 01 06:38:16 UTC 2026","Network Mocking & Interception","","",""
"","25","Frontend Unit Tests App Component link color is dark (#003366) on light background","","Mon Jun 01 06:28:00 UTC 2026","passed","Mon Jun 01 06:28:00 UTC 2026","","Frontend Unit Tests","Frontend Unit Tests App Component link color is dark (#003366) on light background",""
"","1","homepage after color change","Chrome","Mon Jun 01 06:33:58 UTC 2026","skipped","Mon Jun 01 06:33:58 UTC 2026","Percy Visual Regression – Production > Percy – desktop (1280×720)","","",""
"","30","Component Tests ConfirmDialog confirm button calls onConfirm","","Mon Jun 01 06:28:00 UTC 2026","passed","Mon Jun 01 06:28:00 UTC 2026","","Component Tests","Component Tests ConfirmDialog confirm button calls onConfirm",""
"","0","Utility Functions rgbToHsl r max, g>0, b=0 → h in (0,60)","","Mon Jun 01 06:28:00 UTC 2026","passed","Mon Jun 01 06:28:00 UTC 2026","","Utility Functions","Utility Functions rgbToHsl r max, g>0, b=0 → h in (0,60)",""
"","0","Utility Functions paintWheelPixel anti-aliases the outermost ring: dist=r gives alpha=0","","Mon Jun 01 06:28:00 UTC 2026","passed","Mon Jun 01 06:28:00 UTC 2026","","Utility Functions","Utility Functions paintWheelPixel anti-aliases the outermost ring: dist=r gives alpha=0",""
"","6","Server Integration Tests (Testcontainers) PUT /api/colors/:name should return 400 when update body is empty","","Mon Jun 01 06:27:53 UTC 2026","passed","Mon Jun 01 06:27:53 UTC 2026","","Server Integration Tests (Testcontainers)","Server Integration Tests (Testcontainers) PUT /api/colors/:name should return 400 when update body is empty",""
"","108","Frontend Unit Tests App Component handleColorClick does nothing when data has no hex","","Mon Jun 01 06:28:00 UTC 2026","passed","Mon Jun 01 06:28:00 UTC 2026","","Frontend Unit Tests","Frontend Unit Tests App Component handleColorClick does nothing when data has no hex",""
"","16","Component Tests ColorPicker mousemove without prior mousedown (not dragging) does not change color","","Mon Jun 01 06:28:00 UTC 2026","passed","Mon Jun 01 06:28:00 UTC 2026","","Utility Functions","Component Tests ColorPicker mousemove without prior mousedown (not dragging) does not change color",""
"","8","Server Integration Tests (Testcontainers) POST /api/colors should return 400 when extra fields are provided","","Mon Jun 01 06:27:53 UTC 2026","passed","Mon Jun 01 06:27:53 UTC 2026","","Server Integration Tests (Testcontainers)","Server Integration Tests (Testcontainers) POST /api/colors should return 400 when extra fields are provided",""
"","367","GET /api/colors/Turquoise should return the correct hex code","Chrome","Mon Jun 01 06:37:52 UTC 2026","passed","Mon Jun 01 06:37:52 UTC 2026","Backend API Integration","","",""
"","10","Server Unit Tests GET /api/colors does not expose _id or __v fields","","Mon Jun 01 06:27:28 UTC 2026","passed","Mon Jun 01 06:27:28 UTC 2026","","Server Unit Tests","Server Unit Tests GET /api/colors does not expose _id or __v fields",""
"","130","POST with HTML tag in name is rejected (400)","Chrome","Mon Jun 01 06:38:20 UTC 2026","passed","Mon Jun 01 06:38:20 UTC 2026","Security > XSS Prevention","","",""
"","29","Server Unit Tests Surviving Mutants & Edge Cases Strict Path & Method Validation kills allowedMethods mutants by exhaustive testing","","Mon Jun 01 06:27:28 UTC 2026","passed","Mon Jun 01 06:27:28 UTC 2026","","Server Unit Tests","Server Unit Tests Surviving Mutants & Edge Cases Strict Path & Method Validation kills allowedMethods mutants by exhaustive testing",""
"","5","Server Unit Tests 405 Method Not Allowed does not return 405 for allowed GET method on /api/colors","","Mon Jun 01 06:27:28 UTC 2026","passed","Mon Jun 01 06:27:28 UTC 2026","","Server Unit Tests","Server Unit Tests 405 Method Not Allowed does not return 405 for allowed GET method on /api/colors",""
"","1","Utility Functions rgbToHex converts pure blue","","Mon Jun 01 06:28:00 UTC 2026","passed","Mon Jun 01 06:28:00 UTC 2026","","Utility Functions","Utility Functions rgbToHex converts pure blue",""
"","933","should display all core elements and handle button interaction","Chrome","Mon Jun 01 06:33:58 UTC 2026","passed","Mon Jun 01 06:33:59 UTC 2026","Responsive Design – iPhone landscape (667×375)","","",""
"","23","Component Tests ColorPicker mousedown at bottom-center (hue=90) sets hex to #80ff00","","Mon Jun 01 06:28:00 UTC 2026","passed","Mon Jun 01 06:28:00 UTC 2026","","Utility Functions","Component Tests ColorPicker mousedown at bottom-center (hue=90) sets hex to #80ff00",""
"","46","Frontend Unit Tests App Component first loaded color is active (aria-pressed=true)","","Mon Jun 01 06:28:00 UTC 2026","passed","Mon Jun 01 06:28:00 UTC 2026","","Frontend Unit Tests","Frontend Unit Tests App Component first loaded color is active (aria-pressed=true)",""
"","0","Utility Functions rgbToHsl pure green → h=120, s=1, l=0.5","","Mon Jun 01 06:28:00 UTC 2026","passed","Mon Jun 01 06:28:00 UTC 2026","","Utility Functions","Utility Functions rgbToHsl pure green → h=120, s=1, l=0.5",""
"","0","Utility Functions rgbToHex converts arbitrary color","","Mon Jun 01 06:28:00 UTC 2026","passed","Mon Jun 01 06:28:00 UTC 2026","","Utility Functions","Utility Functions rgbToHex converts arbitrary color",""
"","4","Server Unit Tests Error Handling GET /api/colors returns 500 when database fails","","Mon Jun 01 06:27:28 UTC 2026","passed","Mon Jun 01 06:27:28 UTC 2026","","Server Unit Tests","Server Unit Tests Error Handling GET /api/colors returns 500 when database fails",""
"","6","Server Unit Tests POST /api/colors returns 400 for name with whitespace","","Mon Jun 01 06:27:28 UTC 2026","passed","Mon Jun 01 06:27:28 UTC 2026","","Server Unit Tests","Server Unit Tests POST /api/colors returns 400 for name with whitespace",""
"","23","Component Tests ColorPicker mousedown outside circle clamps sat to 1","","Mon Jun 01 06:28:00 UTC 2026","passed","Mon Jun 01 06:28:00 UTC 2026","","Utility Functions","Component Tests ColorPicker mousedown outside circle clamps sat to 1",""
"","1370","verify Yellow ( #f1c40f ) is applied as the background color","Chrome","Mon Jun 01 06:38:08 UTC 2026","passed","Mon Jun 01 06:38:09 UTC 2026","Background color tests","","",""
"","633","Show error message when the initial colors fetch fails","BDD","Mon Jun 01 06:31:38 UTC 2026","passed","Mon Jun 01 06:31:38 UTC 2026","API Error Handling","","",""
"","3740","POST /api/reseed","","","passed","","","schemathesis","",""
"","1682","should create color via API and verify through UI","Chrome","Mon Jun 01 06:38:15 UTC 2026","passed","Mon Jun 01 06:38:17 UTC 2026","Hybrid E2E Testing","","",""
"","112","should reject empty name","Chrome","Mon Jun 01 06:37:53 UTC 2026","passed","Mon Jun 01 06:37:54 UTC 2026","Backend API Integration > POST /api/colors Schema Validation","","",""
"","858","verify language switcher changes document language","Chrome","Mon Jun 01 06:38:08 UTC 2026","passed","Mon Jun 01 06:38:09 UTC 2026","","","",""
"","30","Component Tests ColorPicker valid submit calls onConfirm with trimmed name and current hex","","Mon Jun 01 06:28:00 UTC 2026","passed","Mon Jun 01 06:28:00 UTC 2026","","Utility Functions","Component Tests ColorPicker valid submit calls onConfirm with trimmed name and current hex",""
"","834","Example #2","BDD","Mon Jun 01 06:31:39 UTC 2026","passed","Mon Jun 01 06:31:40 UTC 2026","Home Page Background Color > Change background color","","",""
"","12","Component Tests ConfirmDialog clicking the card itself does NOT call onCancel","","Mon Jun 01 06:28:00 UTC 2026","passed","Mon Jun 01 06:28:00 UTC 2026","","Component Tests","Component Tests ConfirmDialog clicking the card itself does NOT call onCancel",""
"","11","Server Unit Tests DELETE /api/colors/:name deletes an existing color and returns success message","","Mon Jun 01 06:27:28 UTC 2026","passed","Mon Jun 01 06:27:28 UTC 2026","","Server Unit Tests","Server Unit Tests DELETE /api/colors/:name deletes an existing color and returns success message",""
"","5","Server Unit Tests 405 Method Not Allowed does not return 405 for allowed DELETE method on /api/colors/:name","","Mon Jun 01 06:27:28 UTC 2026","passed","Mon Jun 01 06:27:28 UTC 2026","","Server Unit Tests","Server Unit Tests 405 Method Not Allowed does not return 405 for allowed DELETE method on /api/colors/:name",""
"","17","Component Tests ConfirmDialog cancel button calls onCancel","","Mon Jun 01 06:28:00 UTC 2026","passed","Mon Jun 01 06:28:00 UTC 2026","","Component Tests","Component Tests ConfirmDialog cancel button calls onCancel",""
"","127","should reject omitting both name and hex on update","Chrome","Mon Jun 01 06:37:54 UTC 2026","passed","Mon Jun 01 06:37:54 UTC 2026","Backend API Integration > PUT /api/colors/:name Schema Validation","","",""
"","1191","Cancel button closes the picker","Chrome","Mon Jun 01 06:37:57 UTC 2026","passed","Mon Jun 01 06:37:58 UTC 2026","Color Management — Add & Delete","","",""
"","11","Component Tests ConfirmDialog backdrop click calls onCancel when not busy","","Mon Jun 01 06:28:00 UTC 2026","passed","Mon Jun 01 06:28:00 UTC 2026","","Component Tests","Component Tests ConfirmDialog backdrop click calls onCancel when not busy",""
"","79","Frontend Unit Tests App Component deleting is false again after a failed delete (finally block)","","Mon Jun 01 06:28:00 UTC 2026","passed","Mon Jun 01 06:28:00 UTC 2026","","Frontend Unit Tests","Frontend Unit Tests App Component deleting is false again after a failed delete (finally block)",""
"","0","homepage initial state","Chrome","Mon Jun 01 06:33:58 UTC 2026","skipped","Mon Jun 01 06:33:58 UTC 2026","Percy Visual Regression – Production > Percy – desktop-xl (1920×1080)","","",""
"","8","Server Unit Tests seedDatabase clears existing colors and re-seeds with 3 defaults","","Mon Jun 01 06:27:28 UTC 2026","passed","Mon Jun 01 06:27:28 UTC 2026","","Server Unit Tests","Server Unit Tests seedDatabase clears existing colors and re-seeds with 3 defaults",""
"","15","Component Tests ConfirmDialog confirmLabel prop is reflected in the button text","","Mon Jun 01 06:28:00 UTC 2026","passed","Mon Jun 01 06:28:00 UTC 2026","","Component Tests","Component Tests ConfirmDialog confirmLabel prop is reflected in the button text",""
"","25","Component Tests ColorPicker submit is blocked when hex input has an error","","Mon Jun 01 06:28:00 UTC 2026","passed","Mon Jun 01 06:28:00 UTC 2026","","Utility Functions","Component Tests ColorPicker submit is blocked when hex input has an error",""
"","11","Component Tests ColorPicker wheel cursor is at (110,110) at center (sat=0)","","Mon Jun 01 06:28:00 UTC 2026","passed","Mon Jun 01 06:28:00 UTC 2026","","Utility Functions","Component Tests ColorPicker wheel cursor is at (110,110) at center (sat=0)",""
"","5","Server Integration Tests (Testcontainers) PUT /api/colors/:name should return 400 for invalid hex format on update","","Mon Jun 01 06:27:53 UTC 2026","passed","Mon Jun 01 06:27:53 UTC 2026","","Server Integration Tests (Testcontainers)","Server Integration Tests (Testcontainers) PUT /api/colors/:name should return 400 for invalid hex format on update",""
"","1","Utility Functions hslToRgb hue=90 (chartreuse) → [128,255,0]","","Mon Jun 01 06:28:00 UTC 2026","passed","Mon Jun 01 06:28:00 UTC 2026","","Utility Functions","Utility Functions hslToRgb hue=90 (chartreuse) → [128,255,0]",""
"","4","Server Unit Tests POST /api/colors returns 400 for name with only spaces","","Mon Jun 01 06:27:28 UTC 2026","passed","Mon Jun 01 06:27:28 UTC 2026","","Server Unit Tests","Server Unit Tests POST /api/colors returns 400 for name with only spaces",""
"","5","Server Unit Tests 405 Method Not Allowed does not return 405 for allowed GET method on /api/colors/:name","","Mon Jun 01 06:27:28 UTC 2026","passed","Mon Jun 01 06:27:28 UTC 2026","","Server Unit Tests","Server Unit Tests 405 Method Not Allowed does not return 405 for allowed GET method on /api/colors/:name",""
"","10","Component Tests ColorPicker Enter key on name input triggers submit","","Mon Jun 01 06:28:00 UTC 2026","passed","Mon Jun 01 06:28:00 UTC 2026","","Utility Functions","Component Tests ColorPicker Enter key on name input triggers submit",""
"","6","Server Integration Tests (Testcontainers) Method Not Allowed should return 405 for PATCH /api/colors/:name","","Mon Jun 01 06:27:53 UTC 2026","passed","Mon Jun 01 06:27:53 UTC 2026","","Server Integration Tests (Testcontainers)","Server Integration Tests (Testcontainers) Method Not Allowed should return 405 for PATCH /api/colors/:name",""
"","65","Frontend Unit Tests App Component handles non-array initial fetch response gracefully","","Mon Jun 01 06:28:00 UTC 2026","passed","Mon Jun 01 06:28:00 UTC 2026","","Frontend Unit Tests","Frontend Unit Tests App Component handles non-array initial fetch response gracefully",""
"","66","Frontend Unit Tests App Component handles null data from initial fetch gracefully","","Mon Jun 01 06:28:00 UTC 2026","passed","Mon Jun 01 06:28:00 UTC 2026","","Frontend Unit Tests","Frontend Unit Tests App Component handles null data from initial fetch gracefully",""
"","4","Component Tests ConfirmDialog Enter key does NOT call onConfirm when busy","","Mon Jun 01 06:28:00 UTC 2026","passed","Mon Jun 01 06:28:00 UTC 2026","","Component Tests","Component Tests ConfirmDialog Enter key does NOT call onConfirm when busy",""
"","13","Component Tests ColorPicker typing red with g<b hex updates internal state","","Mon Jun 01 06:28:00 UTC 2026","passed","Mon Jun 01 06:28:00 UTC 2026","","Utility Functions","Component Tests ColorPicker typing red with g<b hex updates internal state",""
"","4","Server Unit Tests PUT /api/colors/:name returns 404 for a non-existent color","","Mon Jun 01 06:27:28 UTC 2026","passed","Mon Jun 01 06:27:28 UTC 2026","","Server Unit Tests","Server Unit Tests PUT /api/colors/:name returns 404 for a non-existent color",""
"","0","Utility Functions rgbToHex pads single-digit hex values with leading zero","","Mon Jun 01 06:28:00 UTC 2026","passed","Mon Jun 01 06:28:00 UTC 2026","","Utility Functions","Utility Functions rgbToHex pads single-digit hex values with leading zero",""
"","1333","shows client-side ""Name is required"" when submitting empty name","Chrome","Mon Jun 01 06:37:59 UTC 2026","passed","Mon Jun 01 06:38:01 UTC 2026","Color Management — Add & Delete","","",""
"","32","Frontend Unit Tests App Component add color sends POST with correct method, headers, and body","","Mon Jun 01 06:28:00 UTC 2026","passed","Mon Jun 01 06:28:00 UTC 2026","","Frontend Unit Tests","Frontend Unit Tests App Component add color sends POST with correct method, headers, and body",""
"","4","Server Unit Tests PUT /api/colors/:name returns 400 for invalid hex on update","","Mon Jun 01 06:27:28 UTC 2026","passed","Mon Jun 01 06:27:28 UTC 2026","","Server Unit Tests","Server Unit Tests PUT /api/colors/:name returns 400 for invalid hex on update",""
"","11","Server Integration Tests (Testcontainers) Concurrent writes should handle parallel GETs without errors","","Mon Jun 01 06:27:53 UTC 2026","passed","Mon Jun 01 06:27:53 UTC 2026","","Server Integration Tests (Testcontainers)","Server Integration Tests (Testcontainers) Concurrent writes should handle parallel GETs without errors",""
"","2258","should maintain accessibility in es language and verify resilient locators","Chrome","Mon Jun 01 06:37:46 UTC 2026","passed","Mon Jun 01 06:37:49 UTC 2026","i18n Accessibility Tests","","",""
"","0","Utility Functions readableOn returns #111 for a pale/pastel colour (high luminance)","","Mon Jun 01 06:28:00 UTC 2026","passed","Mon Jun 01 06:28:00 UTC 2026","","Utility Functions","Utility Functions readableOn returns #111 for a pale/pastel colour (high luminance)",""
"","0","Utility Functions rgbToHsl b max (#0040ff) → h in (180,300)","","Mon Jun 01 06:28:00 UTC 2026","passed","Mon Jun 01 06:28:00 UTC 2026","","Utility Functions","Utility Functions rgbToHsl b max (#0040ff) → h in (180,300)",""
"","15","Server Integration Tests (Testcontainers) PUT /api/colors/:name should rename a color and make old name return 404","","Mon Jun 01 06:27:53 UTC 2026","passed","Mon Jun 01 06:27:53 UTC 2026","","Server Integration Tests (Testcontainers)","Server Integration Tests (Testcontainers) PUT /api/colors/:name should rename a color and make old name return 404",""
"","60","Frontend Unit Tests App Component confirm button shows ""Deleting…"" label while delete is in-flight","","Mon Jun 01 06:28:00 UTC 2026","passed","Mon Jun 01 06:28:00 UTC 2026","","Frontend Unit Tests","Frontend Unit Tests App Component confirm button shows ""Deleting…"" label while delete is in-flight",""
"","1515","homepage should match snapshot","Chrome","Mon Jun 01 06:33:54 UTC 2026","passed","Mon Jun 01 06:33:55 UTC 2026","Visual Regression – desktop-xl (1920×1080)","","",""
"","12","Component Tests ColorPicker Add color button shows ""Saving…"" when saving=true","","Mon Jun 01 06:28:00 UTC 2026","passed","Mon Jun 01 06:28:00 UTC 2026","","Utility Functions","Component Tests ColorPicker Add color button shows ""Saving…"" when saving=true",""
"","5","Frontend Unit Tests App Component language selector change calls i18n and updates html lang","","Mon Jun 01 06:28:00 UTC 2026","passed","Mon Jun 01 06:28:00 UTC 2026","","Frontend Unit Tests","Frontend Unit Tests App Component language selector change calls i18n and updates html lang",""
"","7","Server Unit Tests Surviving Mutants & Edge Cases Allowed Methods kills mutants in allowedMethods object","","Mon Jun 01 06:27:28 UTC 2026","passed","Mon Jun 01 06:27:28 UTC 2026","","Server Unit Tests","Server Unit Tests Surviving Mutants & Edge Cases Allowed Methods kills mutants in allowedMethods object",""
"","9","Server Integration Tests (Testcontainers) GET /api/colors/:name should return 400 for invalid name format","","Mon Jun 01 06:27:53 UTC 2026","passed","Mon Jun 01 06:27:53 UTC 2026","","Server Integration Tests (Testcontainers)","Server Integration Tests (Testcontainers) GET /api/colors/:name should return 400 for invalid name format",""
"","22","Frontend Unit Tests App Component link color is light (#cfe8ff) on dark background","","Mon Jun 01 06:28:00 UTC 2026","passed","Mon Jun 01 06:28:00 UTC 2026","","Frontend Unit Tests","Frontend Unit Tests App Component link color is light (#cfe8ff) on dark background",""
"","33","Frontend Unit Tests App Component picker cancel button closes the modal","","Mon Jun 01 06:28:00 UTC 2026","passed","Mon Jun 01 06:28:00 UTC 2026","","Frontend Unit Tests","Frontend Unit Tests App Component picker cancel button closes the modal",""
"","33","Frontend Unit Tests App Component clicking chip-x opens confirm dialog with color name and swatch","","Mon Jun 01 06:28:00 UTC 2026","passed","Mon Jun 01 06:28:00 UTC 2026","","Frontend Unit Tests","Frontend Unit Tests App Component clicking chip-x opens confirm dialog with color name and swatch",""
"","9","Frontend Unit Tests App Component shows error alert when initial fetch fails","","Mon Jun 01 06:28:00 UTC 2026","passed","Mon Jun 01 06:28:00 UTC 2026","","Frontend Unit Tests","Frontend Unit Tests App Component shows error alert when initial fetch fails",""
"","4","Server Unit Tests POST /api/colors returns 400 for invalid hex format (no hash)","","Mon Jun 01 06:27:28 UTC 2026","passed","Mon Jun 01 06:27:28 UTC 2026","","Server Unit Tests","Server Unit Tests POST /api/colors returns 400 for invalid hex format (no hash)",""
"","9","Server Integration Tests (Testcontainers) DELETE /api/colors/:name should return 404 on a second delete of the same color","","Mon Jun 01 06:27:53 UTC 2026","passed","Mon Jun 01 06:27:53 UTC 2026","","Server Integration Tests (Testcontainers)","Server Integration Tests (Testcontainers) DELETE /api/colors/:name should return 404 on a second delete of the same color",""
"","0","homepage after color change","Chrome","Mon Jun 01 06:33:58 UTC 2026","skipped","Mon Jun 01 06:33:58 UTC 2026","Percy Visual Regression – Production > Percy – tablet (768×1024)","","",""
"","932","handle color response missing hex property","Chrome","Mon Jun 01 06:38:10 UTC 2026","passed","Mon Jun 01 06:38:11 UTC 2026","Edge cases and error handling","","",""
"","0","Utility Functions paintWheelPixel paints grey at center (dx=0, dy=0, dist=0, sat=0)","","Mon Jun 01 06:28:00 UTC 2026","passed","Mon Jun 01 06:28:00 UTC 2026","","Utility Functions","Utility Functions paintWheelPixel paints grey at center (dx=0, dy=0, dist=0, sat=0)",""
"","4","Server Unit Tests PUT /api/colors/:name returns 400 for invalid current name format in URL","","Mon Jun 01 06:27:28 UTC 2026","passed","Mon Jun 01 06:27:28 UTC 2026","","Server Unit Tests","Server Unit Tests PUT /api/colors/:name returns 400 for invalid current name format in URL",""
"","0","Utility Functions paintWheelPixel writes to the correct index offset in the array","","Mon Jun 01 06:28:00 UTC 2026","passed","Mon Jun 01 06:28:00 UTC 2026","","Utility Functions","Utility Functions paintWheelPixel writes to the correct index offset in the array",""
"","1594","color names rendered in the UI do not trigger script execution","Chrome","Mon Jun 01 06:38:20 UTC 2026","passed","Mon Jun 01 06:38:22 UTC 2026","Security > XSS Prevention","","",""
"","19","Server Integration Tests (Testcontainers) seedDatabase should clear custom colors when re-seeded","","Mon Jun 01 06:27:53 UTC 2026","passed","Mon Jun 01 06:27:53 UTC 2026","","Server Integration Tests (Testcontainers)","Server Integration Tests (Testcontainers) seedDatabase should clear custom colors when re-seeded",""
"","1357","clicking a chip makes it active","Chrome","Mon Jun 01 06:37:56 UTC 2026","passed","Mon Jun 01 06:37:57 UTC 2026","Color Management — Add & Delete","","",""
"","20","Component Tests ColorPicker submit with duplicate name (client-side) shows duplicate error","","Mon Jun 01 06:28:00 UTC 2026","passed","Mon Jun 01 06:28:00 UTC 2026","","Utility Functions","Component Tests ColorPicker submit with duplicate name (client-side) shows duplicate error",""
"","1348","changing color to Yellow should reflect in UI and DOM","Chrome","Mon Jun 01 06:38:13 UTC 2026","passed","Mon Jun 01 06:38:14 UTC 2026","Data-Driven Testing","","",""
"","6","Server Unit Tests DELETE /api/colors/:name cannot delete the same color twice","","Mon Jun 01 06:27:28 UTC 2026","passed","Mon Jun 01 06:27:28 UTC 2026","","Server Unit Tests","Server Unit Tests DELETE /api/colors/:name cannot delete the same color twice",""
"","48","Frontend Unit Tests App Component handleColorClick shows error on non-2xx response","","Mon Jun 01 06:28:00 UTC 2026","passed","Mon Jun 01 06:28:00 UTC 2026","","Frontend Unit Tests","Frontend Unit Tests App Component handleColorClick shows error on non-2xx response",""
"","4","Server Unit Tests POST /api/reseed returns 401 when Authorization header is missing","","Mon Jun 01 06:27:28 UTC 2026","passed","Mon Jun 01 06:27:28 UTC 2026","","Server Unit Tests","Server Unit Tests POST /api/reseed returns 401 when Authorization header is missing",""
"","2034","deleting the active color switches background to the first remaining","Chrome","Mon Jun 01 06:38:04 UTC 2026","passed","Mon Jun 01 06:38:06 UTC 2026","Color Management — Add & Delete","","",""
"","48","Frontend Unit Tests App Component saving is false again after a failed add (finally block)","","Mon Jun 01 06:28:00 UTC 2026","passed","Mon Jun 01 06:28:00 UTC 2026","","Frontend Unit Tests","Frontend Unit Tests App Component saving is false again after a failed add (finally block)",""
"","302","Server Unit Tests Surviving Mutants & Edge Cases Port Fallback reflects process.env.PORT in Swagger servers","","Mon Jun 01 06:27:28 UTC 2026","passed","Mon Jun 01 06:27:28 UTC 2026","","Server Unit Tests","Server Unit Tests Surviving Mutants & Edge Cases Port Fallback reflects process.env.PORT in Swagger servers",""
"","6","Server Unit Tests Middleware JSON error middleware passes non-syntax errors to next()","","Mon Jun 01 06:27:28 UTC 2026","passed","Mon Jun 01 06:27:28 UTC 2026","","Server Unit Tests","Server Unit Tests Middleware JSON error middleware passes non-syntax errors to next()",""
"","33","Frontend Unit Tests App Component add color 409 conflict shows picker error (data.error message)","","Mon Jun 01 06:28:00 UTC 2026","passed","Mon Jun 01 06:28:00 UTC 2026","","Frontend Unit Tests","Frontend Unit Tests App Component add color 409 conflict shows picker error (data.error message)",""
"","13","Server Unit Tests Surviving Mutants & Edge Cases Strict Path & Method Validation kills mutants that change route paths to empty string","","Mon Jun 01 06:27:28 UTC 2026","passed","Mon Jun 01 06:27:28 UTC 2026","","Server Unit Tests","Server Unit Tests Surviving Mutants & Edge Cases Strict Path & Method Validation kills mutants that change route paths to empty string",""
"","1038","clicking ""+ Add color"" opens the picker modal","Chrome","Mon Jun 01 06:37:56 UTC 2026","passed","Mon Jun 01 06:37:57 UTC 2026","Color Management — Add & Delete","","",""
"","742","should return 409 for duplicate color creation","Chrome","Mon Jun 01 06:37:53 UTC 2026","passed","Mon Jun 01 06:37:54 UTC 2026","Backend API Integration > POST /api/colors Schema Validation","","",""
"","67","Frontend Unit Tests App Component handles empty array from initial fetch gracefully","","Mon Jun 01 06:28:00 UTC 2026","passed","Mon Jun 01 06:28:00 UTC 2026","","Frontend Unit Tests","Frontend Unit Tests App Component handles empty array from initial fetch gracefully",""
"","4","Server Unit Tests POST /api/reseed returns 405 for PUT on /api/reseed","","Mon Jun 01 06:27:28 UTC 2026","passed","Mon Jun 01 06:27:28 UTC 2026","","Server Unit Tests","Server Unit Tests POST /api/reseed returns 405 for PUT on /api/reseed",""
"","6","Server Integration Tests (Testcontainers) DELETE /api/colors/:name should return 400 for invalid name format","","Mon Jun 01 06:27:53 UTC 2026","passed","Mon Jun 01 06:27:53 UTC 2026","","Server Integration Tests (Testcontainers)","Server Integration Tests (Testcontainers) DELETE /api/colors/:name should return 400 for invalid name format",""
"","6","Server Unit Tests GET /api/colors/:name is case-sensitive","","Mon Jun 01 06:27:28 UTC 2026","passed","Mon Jun 01 06:27:28 UTC 2026","","Server Unit Tests","Server Unit Tests GET /api/colors/:name is case-sensitive",""
"","1316","changing color to Turquoise should reflect in UI and DOM","Chrome","Mon Jun 01 06:38:11 UTC 2026","passed","Mon Jun 01 06:38:13 UTC 2026","Data-Driven Testing","","",""
"","0","Utility Functions hslToRgb lightness clamped: l=1.5 gives white","","Mon Jun 01 06:28:00 UTC 2026","passed","Mon Jun 01 06:28:00 UTC 2026","","Utility Functions","Utility Functions hslToRgb lightness clamped: l=1.5 gives white",""
"","0","Utility Functions hslToRgb hue just below 60 is in sector 0, not sector 1","","Mon Jun 01 06:28:00 UTC 2026","passed","Mon Jun 01 06:28:00 UTC 2026","","Utility Functions","Utility Functions hslToRgb hue just below 60 is in sector 0, not sector 1",""
"","10","Server Integration Tests (Testcontainers) GET /api/colors/:name should return correct data for Red","","Mon Jun 01 06:27:53 UTC 2026","passed","Mon Jun 01 06:27:53 UTC 2026","","Server Integration Tests (Testcontainers)","Server Integration Tests (Testcontainers) GET /api/colors/:name should return correct data for Red",""
"","7","Server Integration Tests (Testcontainers) POST /api/colors should return 400 when name is missing","","Mon Jun 01 06:27:53 UTC 2026","passed","Mon Jun 01 06:27:53 UTC 2026","","Server Integration Tests (Testcontainers)","Server Integration Tests (Testcontainers) POST /api/colors should return 400 when name is missing",""
"","1","Utility Functions hslToRgb lightness=1 gives white","","Mon Jun 01 06:28:00 UTC 2026","passed","Mon Jun 01 06:28:00 UTC 2026","","Utility Functions","Utility Functions hslToRgb lightness=1 gives white",""
"","25","Component Tests ColorPicker mousedown at top-center (hue=270) sets hex to #8000ff","","Mon Jun 01 06:28:00 UTC 2026","passed","Mon Jun 01 06:28:00 UTC 2026","","Utility Functions","Component Tests ColorPicker mousedown at top-center (hue=270) sets hex to #8000ff",""
"","6","Server Integration Tests (Testcontainers) POST /api/reseed should return 401 when token is invalid","","Mon Jun 01 06:27:53 UTC 2026","passed","Mon Jun 01 06:27:53 UTC 2026","","Server Integration Tests (Testcontainers)","Server Integration Tests (Testcontainers) POST /api/reseed should return 401 when token is invalid",""
"","996","should gracefully handle a color not found in the database","Chrome","Mon Jun 01 06:38:17 UTC 2026","passed","Mon Jun 01 06:38:18 UTC 2026","Network Mocking & Interception","","",""
"","7","Server Unit Tests Error Handling PUT /api/colors/:name returns 500 when database fails","","Mon Jun 01 06:27:28 UTC 2026","passed","Mon Jun 01 06:27:28 UTC 2026","","Server Unit Tests","Server Unit Tests Error Handling PUT /api/colors/:name returns 500 when database fails",""
"","8","Server Integration Tests (Testcontainers) POST /api/colors should return 400 when hex is missing","","Mon Jun 01 06:27:53 UTC 2026","passed","Mon Jun 01 06:27:53 UTC 2026","","Server Integration Tests (Testcontainers)","Server Integration Tests (Testcontainers) POST /api/colors should return 400 when hex is missing",""
"","4","Server Unit Tests Surviving Mutants & Edge Cases Swagger Metadata & OpenAPI has exact server metadata","","Mon Jun 01 06:27:28 UTC 2026","passed","Mon Jun 01 06:27:28 UTC 2026","","Server Unit Tests","Server Unit Tests Surviving Mutants & Edge Cases Swagger Metadata & OpenAPI has exact server metadata",""
"","1417","verify Turquoise ( #1abc9c ) is applied as the background color","Chrome","Mon Jun 01 06:38:17 UTC 2026","passed","Mon Jun 01 06:38:18 UTC 2026","POM Refactored: Background color tests","","",""
"","1023","homepage should match snapshot","Chrome","Mon Jun 01 06:33:55 UTC 2026","passed","Mon Jun 01 06:33:56 UTC 2026","Visual Regression – tablet (768×1024)","","",""
"","11","Server Unit Tests POST /api/reseed returns 200 and reseeds the database with a valid token","","Mon Jun 01 06:27:28 UTC 2026","passed","Mon Jun 01 06:27:28 UTC 2026","","Server Unit Tests","Server Unit Tests POST /api/reseed returns 200 and reseeds the database with a valid token",""
"","3","Server Unit Tests OpenAPI endpoints has exact application/json content-type","","Mon Jun 01 06:27:28 UTC 2026","passed","Mon Jun 01 06:27:28 UTC 2026","","Server Unit Tests","Server Unit Tests OpenAPI endpoints has exact application/json content-type",""
"","947","first color chip is active on load (aria-pressed=true)","Chrome","Mon Jun 01 06:37:55 UTC 2026","passed","Mon Jun 01 06:37:56 UTC 2026","Color Management — Add & Delete","","",""
"","139","PUT /openapi.json returns 405","Chrome","Mon Jun 01 06:38:24 UTC 2026","passed","Mon Jun 01 06:38:24 UTC 2026","Security > HTTP Method Restrictions","","",""
"","4","Server Unit Tests POST /api/colors returns 400 when hex is missing","","Mon Jun 01 06:27:28 UTC 2026","passed","Mon Jun 01 06:27:28 UTC 2026","","Server Unit Tests","Server Unit Tests POST /api/colors returns 400 when hex is missing",""
"","14","Component Tests ConfirmDialog swatch div has the correct background color","","Mon Jun 01 06:28:00 UTC 2026","passed","Mon Jun 01 06:28:00 UTC 2026","","Component Tests","Component Tests ConfirmDialog swatch div has the correct background color",""
"","0","Frontend Unit Tests i18n Configuration should have translation keys in resources","","Mon Jun 01 06:28:02 UTC 2026","passed","Mon Jun 01 06:28:02 UTC 2026","","Frontend Unit Tests","Frontend Unit Tests i18n Configuration should have translation keys in resources",""
"","19","Frontend Unit Tests App Component colors.length > 0 does NOT show loading text","","Mon Jun 01 06:28:00 UTC 2026","passed","Mon Jun 01 06:28:00 UTC 2026","","Frontend Unit Tests","Frontend Unit Tests App Component colors.length > 0 does NOT show loading text",""
"","0","Utility Functions paintWheelPixel wraps negative angle: dy<0 gives angle+360 (hue=270 → violet)","","Mon Jun 01 06:28:00 UTC 2026","passed","Mon Jun 01 06:28:00 UTC 2026","","Utility Functions","Utility Functions paintWheelPixel wraps negative angle: dy<0 gives angle+360 (hue=270 → violet)",""
"","0","Utility Functions hexToRgb is case-insensitive","","Mon Jun 01 06:28:00 UTC 2026","passed","Mon Jun 01 06:28:00 UTC 2026","","Utility Functions","Utility Functions hexToRgb is case-insensitive",""
"","26","Frontend Unit Tests App Component labelFor returns translation for known color (Turquoise)","","Mon Jun 01 06:28:00 UTC 2026","passed","Mon Jun 01 06:28:00 UTC 2026","","Frontend Unit Tests","Frontend Unit Tests App Component labelFor returns translation for known color (Turquoise)",""
"","10","Server Integration Tests (Testcontainers) seedDatabase should always restore the three default seed colors","","Mon Jun 01 06:27:53 UTC 2026","passed","Mon Jun 01 06:27:53 UTC 2026","","Server Integration Tests (Testcontainers)","Server Integration Tests (Testcontainers) seedDatabase should always restore the three default seed colors",""
"","34","Component Tests ColorPicker cancel button calls onCancel","","Mon Jun 01 06:28:00 UTC 2026","passed","Mon Jun 01 06:28:00 UTC 2026","","Utility Functions","Component Tests ColorPicker cancel button calls onCancel",""
"","7","Server Integration Tests (Testcontainers) POST /api/reseed should return 401 when Authorization header is missing","","Mon Jun 01 06:27:53 UTC 2026","passed","Mon Jun 01 06:27:53 UTC 2026","","Server Integration Tests (Testcontainers)","Server Integration Tests (Testcontainers) POST /api/reseed should return 401 when Authorization header is missing",""
"","30","Component Tests ColorPicker touchmove while dragging updates hex","","Mon Jun 01 06:28:00 UTC 2026","passed","Mon Jun 01 06:28:00 UTC 2026","","Utility Functions","Component Tests ColorPicker touchmove while dragging updates hex",""
"","0","Utility Functions hslToRgb lightness clamped: l=-0.5 gives black","","Mon Jun 01 06:28:00 UTC 2026","passed","Mon Jun 01 06:28:00 UTC 2026","","Utility Functions","Utility Functions hslToRgb lightness clamped: l=-0.5 gives black",""
"","1","Utility Functions rgbToHsl light red (#ff8080): l>0.5, s computed via (2-max-min) branch","","Mon Jun 01 06:28:00 UTC 2026","passed","Mon Jun 01 06:28:00 UTC 2026","","Utility Functions","Utility Functions rgbToHsl light red (#ff8080): l>0.5, s computed via (2-max-min) branch",""
"","4","Component Tests ConfirmDialog Enter key calls onConfirm when not busy","","Mon Jun 01 06:28:00 UTC 2026","passed","Mon Jun 01 06:28:00 UTC 2026","","Component Tests","Component Tests ConfirmDialog Enter key calls onConfirm when not busy",""
"","23","Component Tests ColorPicker touchend stops dragging (touchmove after touchend is ignored)","","Mon Jun 01 06:28:00 UTC 2026","passed","Mon Jun 01 06:28:00 UTC 2026","","Utility Functions","Component Tests ColorPicker touchend stops dragging (touchmove after touchend is ignored)",""
"","25","Server Unit Tests POST /api/colors creates a new color and returns 201 with correct body","","Mon Jun 01 06:27:28 UTC 2026","passed","Mon Jun 01 06:27:28 UTC 2026","","Server Unit Tests","Server Unit Tests POST /api/colors creates a new color and returns 201 with correct body",""
"","3","Server Unit Tests Surviving Mutants & Edge Cases PUT logic kills refine mutant by sending empty body","","Mon Jun 01 06:27:28 UTC 2026","passed","Mon Jun 01 06:27:28 UTC 2026","","Server Unit Tests","Server Unit Tests Surviving Mutants & Edge Cases PUT logic kills refine mutant by sending empty body",""
"","28","Frontend Unit Tests App Component clicking Add color button opens picker modal","","Mon Jun 01 06:28:00 UTC 2026","passed","Mon Jun 01 06:28:00 UTC 2026","","Frontend Unit Tests","Frontend Unit Tests App Component clicking Add color button opens picker modal",""
"","1","Utility Functions hslToRgb hue=240 (blue) → [0,0,255]","","Mon Jun 01 06:28:00 UTC 2026","passed","Mon Jun 01 06:28:00 UTC 2026","","Utility Functions","Utility Functions hslToRgb hue=240 (blue) → [0,0,255]",""
"","1203","homepage should match snapshot","Chrome","Mon Jun 01 06:33:53 UTC 2026","passed","Mon Jun 01 06:33:55 UTC 2026","Visual Regression – desktop (1280×720)","","",""
"","8","Component Tests ColorPicker falls back to window resize listener when ResizeObserver is not available","","Mon Jun 01 06:28:00 UTC 2026","passed","Mon Jun 01 06:28:00 UTC 2026","","Utility Functions","Component Tests ColorPicker falls back to window resize listener when ResizeObserver is not available",""
"","64","Frontend Unit Tests App Component picker onCancel does nothing when saving=true","","Mon Jun 01 06:28:00 UTC 2026","passed","Mon Jun 01 06:28:00 UTC 2026","","Frontend Unit Tests","Frontend Unit Tests App Component picker onCancel does nothing when saving=true",""
"","4","Server Unit Tests POST /api/colors returns 400 for completely empty body","","Mon Jun 01 06:27:28 UTC 2026","passed","Mon Jun 01 06:27:28 UTC 2026","","Server Unit Tests","Server Unit Tests POST /api/colors returns 400 for completely empty body",""
"","218","GET /api/colors should return colors sorted alphabetically by name","Chrome","Mon Jun 01 06:37:53 UTC 2026","passed","Mon Jun 01 06:37:53 UTC 2026","Backend API Integration","","",""
"","0","Utility Functions rgbToHsl mid-grey [128,128,128] → s=0","","Mon Jun 01 06:28:00 UTC 2026","passed","Mon Jun 01 06:28:00 UTC 2026","","Utility Functions","Utility Functions rgbToHsl mid-grey [128,128,128] → s=0",""
"","16","Server Integration Tests (Testcontainers) GET /api/colors/:name should return 404 for a non-existent color","","Mon Jun 01 06:27:53 UTC 2026","passed","Mon Jun 01 06:27:53 UTC 2026","","Server Integration Tests (Testcontainers)","Server Integration Tests (Testcontainers) GET /api/colors/:name should return 404 for a non-existent color",""
"","4","Server Unit Tests DELETE /api/colors/:name returns 400 for invalid name in path (regex check)","","Mon Jun 01 06:27:28 UTC 2026","passed","Mon Jun 01 06:27:28 UTC 2026","","Server Unit Tests","Server Unit Tests DELETE /api/colors/:name returns 400 for invalid name in path (regex check)",""
"","","[HIGH] CVE-2026-6732","","","failed","","","test-automation-best-practices-app:latest (alpine 3.23.4)","libxml2-2.13.9-r0",""
"","6","Server Integration Tests (Testcontainers) POST /api/reseed should return 405 for GET on /api/reseed","","Mon Jun 01 06:27:53 UTC 2026","passed","Mon Jun 01 06:27:53 UTC 2026","","Server Integration Tests (Testcontainers)","Server Integration Tests (Testcontainers) POST /api/reseed should return 405 for GET on /api/reseed",""
"","27","Component Tests ColorPicker submit with empty name shows ""Name is required"" error","","Mon Jun 01 06:28:00 UTC 2026","passed","Mon Jun 01 06:28:00 UTC 2026","","Utility Functions","Component Tests ColorPicker submit with empty name shows ""Name is required"" error",""
"","805","should show loading state when API returns empty colors","Chrome","Mon Jun 01 06:38:14 UTC 2026","passed","Mon Jun 01 06:38:15 UTC 2026","UI Error Handling Coverage","","",""
"","0","Utility Functions rgbToHex converts pure red","","Mon Jun 01 06:28:00 UTC 2026","passed","Mon Jun 01 06:28:00 UTC 2026","","Utility Functions","Utility Functions rgbToHex converts pure red",""
"","1151","delete API error shows alert banner","Chrome","Mon Jun 01 06:38:05 UTC 2026","passed","Mon Jun 01 06:38:06 UTC 2026","Color Management — Add & Delete","","",""
"","12","Component Tests ColorPicker renders the color wheel canvas","","Mon Jun 01 06:28:00 UTC 2026","passed","Mon Jun 01 06:28:00 UTC 2026","","Utility Functions","Component Tests ColorPicker renders the color wheel canvas",""
"","60","Component Tests ColorPicker editing name does NOT call onClearError when no serverError","","Mon Jun 01 06:28:00 UTC 2026","passed","Mon Jun 01 06:28:00 UTC 2026","","Utility Functions","Component Tests ColorPicker editing name does NOT call onClearError when no serverError",""
"","9","Server Unit Tests Surviving Mutants & Edge Cases PUT logic kills name/hex conditional mutants by providing only one field","","Mon Jun 01 06:27:28 UTC 2026","passed","Mon Jun 01 06:27:28 UTC 2026","","Server Unit Tests","Server Unit Tests Surviving Mutants & Edge Cases PUT logic kills name/hex conditional mutants by providing only one field",""
"","12","Component Tests ColorPicker typing an invalid hex shows ""Use format #RRGGBB"" error","","Mon Jun 01 06:28:00 UTC 2026","passed","Mon Jun 01 06:28:00 UTC 2026","","Utility Functions","Component Tests ColorPicker typing an invalid hex shows ""Use format #RRGGBB"" error",""
"","338","Server Unit Tests Surviving Mutants & Edge Cases Infrastructure uses MONGO_URI from environment if available","","Mon Jun 01 06:27:28 UTC 2026","passed","Mon Jun 01 06:27:28 UTC 2026","","Server Unit Tests","Server Unit Tests Surviving Mutants & Edge Cases Infrastructure uses MONGO_URI from environment if available",""
"","0","Utility Functions rgbToHsl black [0,0,0] → h=0, s=0, l=0","","Mon Jun 01 06:28:00 UTC 2026","passed","Mon Jun 01 06:28:00 UTC 2026","","Utility Functions","Utility Functions rgbToHsl black [0,0,0] → h=0, s=0, l=0",""
"","5","Server Unit Tests PUT /api/colors/:name returns 400 for extra unknown fields (strict schema)","","Mon Jun 01 06:27:28 UTC 2026","passed","Mon Jun 01 06:27:28 UTC 2026","","Server Unit Tests","Server Unit Tests PUT /api/colors/:name returns 400 for extra unknown fields (strict schema)",""
"Performance Test: API Performance Test
File: api-performance.spec.ts
Total Iterations: 1
Max VUs: 1

HTTP Request Duration:
- Avg: 5.56ms
- P(95): 12.81ms
- Max: 14.90ms

Full metrics attached in the results.","3014","API Performance Test","Performance","Mon Jun 01 06:30:37 UTC 2026","passed","Mon Jun 01 06:30:40 UTC 2026","api-performance.spec.ts","API Performance Test","",""
"","3","Server Unit Tests PUT /api/colors/:name returns 400 for invalid name in path (regex check)","","Mon Jun 01 06:27:28 UTC 2026","passed","Mon Jun 01 06:27:28 UTC 2026","","Server Unit Tests","Server Unit Tests PUT /api/colors/:name returns 400 for invalid name in path (regex check)",""
"","7","Server Unit Tests Surviving Mutants & Edge Cases Regex & Validation hex regex kills mutants by testing boundaries and formats","","Mon Jun 01 06:27:28 UTC 2026","passed","Mon Jun 01 06:27:28 UTC 2026","","Server Unit Tests","Server Unit Tests Surviving Mutants & Edge Cases Regex & Validation hex regex kills mutants by testing boundaries and formats",""
"","9","Server Integration Tests (Testcontainers) POST /api/colors should not expose _id or __v in the creation response","","Mon Jun 01 06:27:53 UTC 2026","passed","Mon Jun 01 06:27:53 UTC 2026","","Server Integration Tests (Testcontainers)","Server Integration Tests (Testcontainers) POST /api/colors should not expose _id or __v in the creation response",""
"","1301","shows client-side validation error for invalid name chars","Chrome","Mon Jun 01 06:38:00 UTC 2026","passed","Mon Jun 01 06:38:01 UTC 2026","Color Management — Add & Delete","","",""
"","10","Server Integration Tests (Testcontainers) seedDatabase should be idempotent — calling twice always yields exactly 3 colors","","Mon Jun 01 06:27:53 UTC 2026","passed","Mon Jun 01 06:27:53 UTC 2026","","Server Integration Tests (Testcontainers)","Server Integration Tests (Testcontainers) seedDatabase should be idempotent — calling twice always yields exactly 3 colors",""
"","6970","should load the application and verify core functionality across browsers","WebKit","Mon Jun 01 06:31:46 UTC 2026","passed","Mon Jun 01 06:31:53 UTC 2026","Cross-Browser Core Functionality","","",""
"","3","Server Unit Tests POST /api/reseed returns 405 for GET on /api/reseed","","Mon Jun 01 06:27:28 UTC 2026","passed","Mon Jun 01 06:27:28 UTC 2026","","Server Unit Tests","Server Unit Tests POST /api/reseed returns 405 for GET on /api/reseed",""
"","129","error responses return JSON, not HTML (no info leakage)","Chrome","Mon Jun 01 06:38:23 UTC 2026","passed","Mon Jun 01 06:38:24 UTC 2026","Security > Security Headers","","",""
"","135","POST with javascript: URI in name is rejected (400)","Chrome","Mon Jun 01 06:38:20 UTC 2026","passed","Mon Jun 01 06:38:20 UTC 2026","Security > XSS Prevention","","",""
"","125","PATCH /api/colors returns 405","Chrome","Mon Jun 01 06:38:24 UTC 2026","passed","Mon Jun 01 06:38:24 UTC 2026","Security > HTTP Method Restrictions","","",""
"","1336","verify Yellow ( #f1c40f ) is applied as the background color","Chrome","Mon Jun 01 06:38:18 UTC 2026","passed","Mon Jun 01 06:38:20 UTC 2026","POM Refactored: Background color tests","","",""
"","90","Frontend Unit Tests App Component clicking a color chip makes it active","","Mon Jun 01 06:28:00 UTC 2026","passed","Mon Jun 01 06:28:00 UTC 2026","","Frontend Unit Tests","Frontend Unit Tests App Component clicking a color chip makes it active",""
"","936","shows a chip for each color with a swatch, name, and delete button","Chrome","Mon Jun 01 06:37:55 UTC 2026","passed","Mon Jun 01 06:37:56 UTC 2026","Color Management — Add & Delete","","",""
"","1","homepage initial state","Chrome","Mon Jun 01 06:33:58 UTC 2026","skipped","Mon Jun 01 06:33:58 UTC 2026","Percy Visual Regression – Production > Percy – tablet (768×1024)","","",""
"","1251","successful delete removes the chip","Chrome","Mon Jun 01 06:38:04 UTC 2026","passed","Mon Jun 01 06:38:05 UTC 2026","Color Management — Add & Delete","","",""
"","37","Frontend Unit Tests App Component existingNames passed to ColorPicker matches current color list","","Mon Jun 01 06:28:00 UTC 2026","passed","Mon Jun 01 06:28:00 UTC 2026","","Frontend Unit Tests","Frontend Unit Tests App Component existingNames passed to ColorPicker matches current color list",""
"","4","Server Unit Tests Surviving Mutants & Edge Cases Swagger JSDoc Integration kills apis array mutants by verifying JSDoc content is present","","Mon Jun 01 06:27:28 UTC 2026","passed","Mon Jun 01 06:27:28 UTC 2026","","Server Unit Tests","Server Unit Tests Surviving Mutants & Edge Cases Swagger JSDoc Integration kills apis array mutants by verifying JSDoc content is present",""
"","55","Frontend Unit Tests App Component successful delete removes the color chip","","Mon Jun 01 06:28:00 UTC 2026","passed","Mon Jun 01 06:28:00 UTC 2026","","Frontend Unit Tests","Frontend Unit Tests App Component successful delete removes the color chip",""
"","4","Component Tests ConfirmDialog title is rendered in the element with id confirm-title","","Mon Jun 01 06:28:00 UTC 2026","passed","Mon Jun 01 06:28:00 UTC 2026","","Component Tests","Component Tests ConfirmDialog title is rendered in the element with id confirm-title",""
"","41","Frontend Unit Tests App Component add color 400 shows data.error message","","Mon Jun 01 06:28:00 UTC 2026","passed","Mon Jun 01 06:28:00 UTC 2026","","Frontend Unit Tests","Frontend Unit Tests App Component add color 400 shows data.error message",""
"","0","Utility Functions rgbToHex value 15 pads to 0f","","Mon Jun 01 06:28:00 UTC 2026","passed","Mon Jun 01 06:28:00 UTC 2026","","Utility Functions","Utility Functions rgbToHex value 15 pads to 0f",""
"","865","Example #3","BDD","Mon Jun 01 06:31:39 UTC 2026","passed","Mon Jun 01 06:31:40 UTC 2026","Home Page Background Color > Change background color","","",""
"","4","Server Unit Tests PUT /api/colors/:name returns 400 when no fields are provided (empty body)","","Mon Jun 01 06:27:28 UTC 2026","passed","Mon Jun 01 06:27:28 UTC 2026","","Server Unit Tests","Server Unit Tests PUT /api/colors/:name returns 400 when no fields are provided (empty body)",""
"","4","Server Unit Tests Surviving Mutants & Edge Cases OpenAPI Content-Type has application/json content-type","","Mon Jun 01 06:27:28 UTC 2026","passed","Mon Jun 01 06:27:28 UTC 2026","","Server Unit Tests","Server Unit Tests Surviving Mutants & Edge Cases OpenAPI Content-Type has application/json content-type",""
"","0","Utility Functions hslToRgb hue=120 (green) → [0,255,0]","","Mon Jun 01 06:28:00 UTC 2026","passed","Mon Jun 01 06:28:00 UTC 2026","","Utility Functions","Utility Functions hslToRgb hue=120 (green) → [0,255,0]",""
"","58","DELETE /api/colors/{name}","","","passed","","","schemathesis","",""
"","27","Component Tests ColorPicker touch start on canvas sets hex to #ff0000 at right edge","","Mon Jun 01 06:28:00 UTC 2026","passed","Mon Jun 01 06:28:00 UTC 2026","","Utility Functions","Component Tests ColorPicker touch start on canvas sets hex to #ff0000 at right edge",""
"","1160","cancel in confirm dialog closes it without deleting","Chrome","Mon Jun 01 06:38:03 UTC 2026","passed","Mon Jun 01 06:38:04 UTC 2026","Color Management — Add & Delete","","",""
"","0","Utility Functions readableOn returns #fff for a very dark blue","","Mon Jun 01 06:28:00 UTC 2026","passed","Mon Jun 01 06:28:00 UTC 2026","","Utility Functions","Utility Functions readableOn returns #fff for a very dark blue",""
"","226","GET /api/colors should return all colors","Chrome","Mon Jun 01 06:37:52 UTC 2026","passed","Mon Jun 01 06:37:53 UTC 2026","Backend API Integration","","",""
"","64","Frontend Unit Tests App Component renders title, logo, and calls initial fetch","","Mon Jun 01 06:28:00 UTC 2026","passed","Mon Jun 01 06:28:00 UTC 2026","","Frontend Unit Tests","Frontend Unit Tests App Component renders title, logo, and calls initial fetch",""
"","38","Component Tests ColorPicker lightness slider min value (0) gives black","","Mon Jun 01 06:28:00 UTC 2026","passed","Mon Jun 01 06:28:00 UTC 2026","","Utility Functions","Component Tests ColorPicker lightness slider min value (0) gives black",""
"","39","Frontend Unit Tests App Component add color 409 fallback message when data.error is absent","","Mon Jun 01 06:28:00 UTC 2026","passed","Mon Jun 01 06:28:00 UTC 2026","","Frontend Unit Tests","Frontend Unit Tests App Component add color 409 fallback message when data.error is absent",""
"","63","GET /api/colors/{name}","","","passed","","","schemathesis","",""
"","3","Server Unit Tests OpenAPI endpoints spec includes component schemas","","Mon Jun 01 06:27:28 UTC 2026","passed","Mon Jun 01 06:27:28 UTC 2026","","Server Unit Tests","Server Unit Tests OpenAPI endpoints spec includes component schemas",""
"","48","Frontend Unit Tests App Component confirm dialog cancel button closes it","","Mon Jun 01 06:28:00 UTC 2026","passed","Mon Jun 01 06:28:00 UTC 2026","","Frontend Unit Tests","Frontend Unit Tests App Component confirm dialog cancel button closes it",""
"","65","Frontend Unit Tests App Component useEffect runs only once on mount","","Mon Jun 01 06:28:00 UTC 2026","passed","Mon Jun 01 06:28:00 UTC 2026","","Frontend Unit Tests","Frontend Unit Tests App Component useEffect runs only once on mount",""
"","1367","shows server-error message on 500 inside the picker","Chrome","Mon Jun 01 06:38:01 UTC 2026","passed","Mon Jun 01 06:38:03 UTC 2026","Color Management — Add & Delete","","",""
"","5","Server Unit Tests Middleware includes CORS headers","","Mon Jun 01 06:27:28 UTC 2026","passed","Mon Jun 01 06:27:28 UTC 2026","","Server Unit Tests","Server Unit Tests Middleware includes CORS headers",""
"","1","Utility Functions readableOn returns #fff for black (very dark, L≈0)","","Mon Jun 01 06:28:00 UTC 2026","passed","Mon Jun 01 06:28:00 UTC 2026","","Utility Functions","Utility Functions readableOn returns #fff for black (very dark, L≈0)",""
"","5","Frontend Unit Tests App Component initial default background before fetch resolves","","Mon Jun 01 06:28:00 UTC 2026","passed","Mon Jun 01 06:28:00 UTC 2026","","Frontend Unit Tests","Frontend Unit Tests App Component initial default background before fetch resolves",""
"","0","Utility Functions readableOn returns #111 for light-grey (L≈0.60, above 0.179 threshold)","","Mon Jun 01 06:28:00 UTC 2026","passed","Mon Jun 01 06:28:00 UTC 2026","","Utility Functions","Utility Functions readableOn returns #111 for light-grey (L≈0.60, above 0.179 threshold)",""
"","28","Server Integration Tests (Testcontainers) POST /api/colors should create a new color and persist it in the real database","","Mon Jun 01 06:27:53 UTC 2026","passed","Mon Jun 01 06:27:53 UTC 2026","","Server Integration Tests (Testcontainers)","Server Integration Tests (Testcontainers) POST /api/colors should create a new color and persist it in the real database",""
"","13","Server Integration Tests (Testcontainers) PUT /api/colors/:name should update the hex of an existing color and persist it in the real database","","Mon Jun 01 06:27:53 UTC 2026","passed","Mon Jun 01 06:27:53 UTC 2026","","Server Integration Tests (Testcontainers)","Server Integration Tests (Testcontainers) PUT /api/colors/:name should update the hex of an existing color and persist it in the real database",""
"","4","Server Unit Tests Middleware JSON error middleware ignores SyntaxError without body","","Mon Jun 01 06:27:28 UTC 2026","passed","Mon Jun 01 06:27:28 UTC 2026","","Server Unit Tests","Server Unit Tests Middleware JSON error middleware ignores SyntaxError without body",""
"","135","should reject missing hex","Chrome","Mon Jun 01 06:37:54 UTC 2026","passed","Mon Jun 01 06:37:54 UTC 2026","Backend API Integration > POST /api/colors Schema Validation","","",""
"","11","Server Integration Tests (Testcontainers) GET /api/colors/:name should be case-sensitive (lowercase name returns 404)","","Mon Jun 01 06:27:53 UTC 2026","passed","Mon Jun 01 06:27:53 UTC 2026","","Server Integration Tests (Testcontainers)","Server Integration Tests (Testcontainers) GET /api/colors/:name should be case-sensitive (lowercase name returns 404)",""
"","137","DELETE /api/colors (collection) returns 405","Chrome","Mon Jun 01 06:38:24 UTC 2026","passed","Mon Jun 01 06:38:24 UTC 2026","Security > HTTP Method Restrictions","","",""
"","3","Server Unit Tests Error Handling GET /api/colors/:name returns 500 when database fails","","Mon Jun 01 06:27:28 UTC 2026","passed","Mon Jun 01 06:27:28 UTC 2026","","Server Unit Tests","Server Unit Tests Error Handling GET /api/colors/:name returns 500 when database fails",""
"","13","Component Tests ColorPicker typing blue hex updates internal state (b is max branch)","","Mon Jun 01 06:28:00 UTC 2026","passed","Mon Jun 01 06:28:00 UTC 2026","","Utility Functions","Component Tests ColorPicker typing blue hex updates internal state (b is max branch)",""
"","6","Server Unit Tests 405 Method Not Allowed does not return 405 for allowed PUT method on /api/colors/:name","","Mon Jun 01 06:27:28 UTC 2026","passed","Mon Jun 01 06:27:28 UTC 2026","","Server Unit Tests","Server Unit Tests 405 Method Not Allowed does not return 405 for allowed PUT method on /api/colors/:name",""
"","1","homepage initial state","Chrome","Mon Jun 01 06:33:58 UTC 2026","skipped","Mon Jun 01 06:33:58 UTC 2026","Percy Visual Regression – Production > Percy – desktop (1280×720)","","",""
"","0","Utility Functions rgbToHsl white [255,255,255] → h=0, s=0, l=1","","Mon Jun 01 06:28:00 UTC 2026","passed","Mon Jun 01 06:28:00 UTC 2026","","Utility Functions","Utility Functions rgbToHsl white [255,255,255] → h=0, s=0, l=1",""
"","23","Component Tests ColorPicker duplicate check is case-insensitive","","Mon Jun 01 06:28:00 UTC 2026","passed","Mon Jun 01 06:28:00 UTC 2026","","Utility Functions","Component Tests ColorPicker duplicate check is case-insensitive",""
"","6","Server Unit Tests PUT /api/colors/:name does not change name when updating only hex","","Mon Jun 01 06:27:28 UTC 2026","passed","Mon Jun 01 06:27:28 UTC 2026","","Server Unit Tests","Server Unit Tests PUT /api/colors/:name does not change name when updating only hex",""
"","0","homepage after color change","Chrome","Mon Jun 01 06:33:58 UTC 2026","skipped","Mon Jun 01 06:33:58 UTC 2026","Percy Visual Regression – Production > Percy – mobile (375×667)","","",""
"","22","Component Tests ConfirmDialog cancelLabel prop is reflected in the button text","","Mon Jun 01 06:28:00 UTC 2026","passed","Mon Jun 01 06:28:00 UTC 2026","","Component Tests","Component Tests ConfirmDialog cancelLabel prop is reflected in the button text",""
"","0","Utility Functions paintWheelPixel paints red at right edge (dx=r, dy=0, hue=0)","","Mon Jun 01 06:28:00 UTC 2026","passed","Mon Jun 01 06:28:00 UTC 2026","","Utility Functions","Utility Functions paintWheelPixel paints red at right edge (dx=r, dy=0, hue=0)",""
"","1401","verify Turquoise ( #1abc9c ) is applied as the background color","Chrome","Mon Jun 01 06:38:06 UTC 2026","passed","Mon Jun 01 06:38:08 UTC 2026","Background color tests","","",""
"","4","Server Unit Tests OpenAPI endpoints serves the OpenAPI JSON spec with exact metadata","","Mon Jun 01 06:27:28 UTC 2026","passed","Mon Jun 01 06:27:28 UTC 2026","","Server Unit Tests","Server Unit Tests OpenAPI endpoints serves the OpenAPI JSON spec with exact metadata",""
"","1","Utility Functions readableOn returns #111 for an invalid/empty hex string (null rgb fallback)","","Mon Jun 01 06:28:00 UTC 2026","passed","Mon Jun 01 06:28:00 UTC 2026","","Utility Functions","Utility Functions readableOn returns #111 for an invalid/empty hex string (null rgb fallback)",""
"","2","Server Unit Tests Surviving Mutants & Edge Cases Mongoose Schema Strictness kills empty schema mutant by checking schema paths","","Mon Jun 01 06:27:28 UTC 2026","passed","Mon Jun 01 06:27:28 UTC 2026","","Server Unit Tests","Server Unit Tests Surviving Mutants & Edge Cases Mongoose Schema Strictness kills empty schema mutant by checking schema paths",""
"","19","Frontend Unit Tests App Component text color on light background is dark","","Mon Jun 01 06:28:00 UTC 2026","passed","Mon Jun 01 06:28:00 UTC 2026","","Frontend Unit Tests","Frontend Unit Tests App Component text color on light background is dark",""
"","1","Utility Functions rgbToHsl r max with g<b (#ff0040) → h near 345","","Mon Jun 01 06:28:00 UTC 2026","passed","Mon Jun 01 06:28:00 UTC 2026","","Utility Functions","Utility Functions rgbToHsl r max with g<b (#ff0040) → h near 345",""
"","966","clicking the backdrop closes the picker","Chrome","Mon Jun 01 06:37:58 UTC 2026","passed","Mon Jun 01 06:37:59 UTC 2026","Color Management — Add & Delete","","",""
"","17","Server Integration Tests (Testcontainers) GET /api/colors/:name should return correct data for Yellow","","Mon Jun 01 06:27:53 UTC 2026","passed","Mon Jun 01 06:27:53 UTC 2026","","Server Integration Tests (Testcontainers)","Server Integration Tests (Testcontainers) GET /api/colors/:name should return correct data for Yellow",""
"","307","Server Unit Tests Surviving Mutants & Edge Cases Port Fallback uses default PORT 5001 when process.env.PORT is missing","","Mon Jun 01 06:27:28 UTC 2026","passed","Mon Jun 01 06:27:28 UTC 2026","","Server Unit Tests","Server Unit Tests Surviving Mutants & Edge Cases Port Fallback uses default PORT 5001 when process.env.PORT is missing",""
"","132","empty body on POST returns 400","Chrome","Mon Jun 01 06:38:23 UTC 2026","passed","Mon Jun 01 06:38:23 UTC 2026","Security > Input Validation","","",""
"","14","Component Tests ColorPicker typing a valid hex without # prefix is accepted","","Mon Jun 01 06:28:00 UTC 2026","passed","Mon Jun 01 06:28:00 UTC 2026","","Utility Functions","Component Tests ColorPicker typing a valid hex without # prefix is accepted",""
"","1","Frontend Unit Tests i18n Configuration should be initialized with correct settings","","Mon Jun 01 06:28:02 UTC 2026","passed","Mon Jun 01 06:28:02 UTC 2026","","Frontend Unit Tests","Frontend Unit Tests i18n Configuration should be initialized with correct settings",""
"","19","Frontend Unit Tests App Component text color on dark background is white","","Mon Jun 01 06:28:00 UTC 2026","passed","Mon Jun 01 06:28:00 UTC 2026","","Frontend Unit Tests","Frontend Unit Tests App Component text color on dark background is white",""
"","5","Server Integration Tests (Testcontainers) PUT /api/colors/:name should return 400 for invalid name in URL path","","Mon Jun 01 06:27:53 UTC 2026","passed","Mon Jun 01 06:27:53 UTC 2026","","Server Integration Tests (Testcontainers)","Server Integration Tests (Testcontainers) PUT /api/colors/:name should return 400 for invalid name in URL path",""
"","0","Utility Functions hexToRgb returns null for invalid input","","Mon Jun 01 06:28:00 UTC 2026","passed","Mon Jun 01 06:28:00 UTC 2026","","Utility Functions","Utility Functions hexToRgb returns null for invalid input",""
"","8","Component Tests ColorPicker pressing a non-Escape key does not call onCancel","","Mon Jun 01 06:28:00 UTC 2026","passed","Mon Jun 01 06:28:00 UTC 2026","","Utility Functions","Component Tests ColorPicker pressing a non-Escape key does not call onCancel",""
"","6","Server Unit Tests GET /api/colors/:name returns Turquoise color correctly","","Mon Jun 01 06:27:28 UTC 2026","passed","Mon Jun 01 06:27:28 UTC 2026","","Server Unit Tests","Server Unit Tests GET /api/colors/:name returns Turquoise color correctly",""
"","176","array body on POST returns 400","Chrome","Mon Jun 01 06:38:23 UTC 2026","passed","Mon Jun 01 06:38:23 UTC 2026","Security > Input Validation","","",""
"","1700","successfully adds a new color and shows its chip","Chrome","Mon Jun 01 06:37:58 UTC 2026","passed","Mon Jun 01 06:38:00 UTC 2026","Color Management — Add & Delete","","",""
"","4","Server Unit Tests POST /api/reseed returns 500 when seedDatabase throws","","Mon Jun 01 06:27:28 UTC 2026","passed","Mon Jun 01 06:27:28 UTC 2026","","Server Unit Tests","Server Unit Tests POST /api/reseed returns 500 when seedDatabase throws",""
"","136","SQL injection characters in name are rejected (400)","Chrome","Mon Jun 01 06:38:22 UTC 2026","passed","Mon Jun 01 06:38:22 UTC 2026","Security > Injection Prevention","","",""
"","128","should reject missing name","Chrome","Mon Jun 01 06:37:53 UTC 2026","passed","Mon Jun 01 06:37:53 UTC 2026","Backend API Integration > POST /api/colors Schema Validation","","",""
"","14","Server Unit Tests GET /api/colors returns an empty array when no colors exist","","Mon Jun 01 06:27:28 UTC 2026","passed","Mon Jun 01 06:27:28 UTC 2026","","Server Unit Tests","Server Unit Tests GET /api/colors returns an empty array when no colors exist",""
"","12","Server Integration Tests (Testcontainers) GET /api/colors/:name should return correct data for Turquoise","","Mon Jun 01 06:27:53 UTC 2026","passed","Mon Jun 01 06:27:53 UTC 2026","","Server Integration Tests (Testcontainers)","Server Integration Tests (Testcontainers) GET /api/colors/:name should return correct data for Turquoise",""
