"DESCRIPTION","DURATION IN MS","NAME","PARENT SUITE","START TIME","STATUS","STOP TIME","SUB SUITE","SUITE","TEST CLASS","TEST METHOD"
"","22","Server Unit Tests Surviving Mutants & Edge Cases Regex & Validation STRICT_NAME_REGEX kills mutants by testing multiple spaces and pluses in the middle","","Tue Apr 28 11:07:20 UTC 2026","passed","Tue Apr 28 11:07:20 UTC 2026","","Server Unit Tests","Server Unit Tests Surviving Mutants & Edge Cases Regex & Validation STRICT_NAME_REGEX kills mutants by testing multiple spaces and pluses in the middle",""
"","35","should create a new color with valid schema","Chrome","Tue Apr 28 11:11:05 UTC 2026","passed","Tue Apr 28 11:11:05 UTC 2026","Backend API Integration > POST /api/colors Schema Validation","tests/api.spec.ts","",""
"","6","Frontend Unit Tests App Component initial default background before fetch resolves","","Tue Apr 28 11:07:32 UTC 2026","passed","Tue Apr 28 11:07:32 UTC 2026","","Frontend Unit Tests","Frontend Unit Tests App Component initial default background before fetch resolves",""
"","976","should handle color click network failure gracefully","Chrome","Tue Apr 28 11:10:36 UTC 2026","passed","Tue Apr 28 11:10:37 UTC 2026","UI Error Handling Coverage","tests/error-handling.spec.ts","",""
"","49","Frontend Unit Tests App Component header color attribute changes after clicking a chip","","Tue Apr 28 11:07:32 UTC 2026","passed","Tue Apr 28 11:07:32 UTC 2026","","Frontend Unit Tests","Frontend Unit Tests App Component header color attribute changes after clicking a chip",""
"","0","Utility Functions rgbToHex output is lowercase","","Tue Apr 28 11:07:32 UTC 2026","passed","Tue Apr 28 11:07:32 UTC 2026","","Utility Functions","Utility Functions rgbToHex output is lowercase",""
"","5","Server Unit Tests POST /api/colors returns 400 for name with only spaces","","Tue Apr 28 11:07:20 UTC 2026","passed","Tue Apr 28 11:07:20 UTC 2026","","Server Unit Tests","Server Unit Tests POST /api/colors returns 400 for name with only spaces",""
"","290","Server Unit Tests Surviving Mutants & Edge Cases Infrastructure uses default MONGO_URI when process.env.MONGO_URI is missing","","Tue Apr 28 11:07:20 UTC 2026","passed","Tue Apr 28 11:07:20 UTC 2026","","Server Unit Tests","Server Unit Tests Surviving Mutants & Edge Cases Infrastructure uses default MONGO_URI when process.env.MONGO_URI is missing",""
"","256","Server Unit Tests Surviving Mutants & Edge Cases Port Fallback reflects process.env.PORT in Swagger servers","","Tue Apr 28 11:07:20 UTC 2026","passed","Tue Apr 28 11:07:20 UTC 2026","","Server Unit Tests","Server Unit Tests Surviving Mutants & Edge Cases Port Fallback reflects process.env.PORT in Swagger servers",""
"","11","Server Integration Tests (Testcontainers) PUT /api/colors/:name should update the hex of an existing color and persist it in the real database","","Tue Apr 28 11:07:26 UTC 2026","passed","Tue Apr 28 11:07:26 UTC 2026","","Server Integration Tests (Testcontainers)","Server Integration Tests (Testcontainers) PUT /api/colors/:name should update the hex of an existing color and persist it in the real database",""
"","39","Frontend Unit Tests App Component add color 400 without data.error falls back to generic message","","Tue Apr 28 11:07:32 UTC 2026","passed","Tue Apr 28 11:07:32 UTC 2026","","Frontend Unit Tests","Frontend Unit Tests App Component add color 400 without data.error falls back to generic message",""
"","0","Utility Functions hslToRgb saturation clamped: s=1.5 treated as s=1","","Tue Apr 28 11:07:32 UTC 2026","passed","Tue Apr 28 11:07:32 UTC 2026","","Utility Functions","Utility Functions hslToRgb saturation clamped: s=1.5 treated as s=1",""
"","5","Server Unit Tests PUT /api/colors/:name returns 404 for a non-existent color","","Tue Apr 28 11:07:20 UTC 2026","passed","Tue Apr 28 11:07:20 UTC 2026","","Server Unit Tests","Server Unit Tests PUT /api/colors/:name returns 404 for a non-existent color",""
"","0","Utility Functions paintWheelPixel paints grey at center (dx=0, dy=0, dist=0, sat=0)","","Tue Apr 28 11:07:32 UTC 2026","passed","Tue Apr 28 11:07:32 UTC 2026","","Utility Functions","Utility Functions paintWheelPixel paints grey at center (dx=0, dy=0, dist=0, sat=0)",""
"","17","Component Tests ColorPicker valid submit calls onConfirm with trimmed name and current hex","","Tue Apr 28 11:07:32 UTC 2026","passed","Tue Apr 28 11:07:32 UTC 2026","","Utility Functions","Component Tests ColorPicker valid submit calls onConfirm with trimmed name and current hex",""
"","6","Component Tests ConfirmDialog clicking the card itself does NOT call onCancel","","Tue Apr 28 11:07:32 UTC 2026","passed","Tue Apr 28 11:07:32 UTC 2026","","Component Tests","Component Tests ConfirmDialog clicking the card itself does NOT call onCancel",""
"","6","Server Unit Tests POST /api/colors applies the createColorLimiter rate limit headers","","Tue Apr 28 11:07:20 UTC 2026","passed","Tue Apr 28 11:07:20 UTC 2026","","Server Unit Tests","Server Unit Tests POST /api/colors applies the createColorLimiter rate limit headers",""
"","1","Utility Functions paintWheelPixel anti-aliases the outermost ring: dist=r gives alpha=0","","Tue Apr 28 11:07:32 UTC 2026","passed","Tue Apr 28 11:07:32 UTC 2026","","Utility Functions","Utility Functions paintWheelPixel anti-aliases the outermost ring: dist=r gives alpha=0",""
"","975","shows client-side validation error for invalid name chars","Chrome","Tue Apr 28 11:10:28 UTC 2026","passed","Tue Apr 28 11:10:29 UTC 2026","Color Management — Add & Delete","tests/color-management.spec.ts","",""
"","41","Frontend Unit Tests App Component add color 500 shows server error message","","Tue Apr 28 11:07:32 UTC 2026","passed","Tue Apr 28 11:07:32 UTC 2026","","Frontend Unit Tests","Frontend Unit Tests App Component add color 500 shows server error message",""
"","17","Component Tests ColorPicker typing red with g<b hex updates internal state","","Tue Apr 28 11:07:32 UTC 2026","passed","Tue Apr 28 11:07:32 UTC 2026","","Utility Functions","Component Tests ColorPicker typing red with g<b hex updates internal state",""
"","0","Utility Functions hexToRgb is case-insensitive","","Tue Apr 28 11:07:32 UTC 2026","passed","Tue Apr 28 11:07:32 UTC 2026","","Utility Functions","Utility Functions hexToRgb is case-insensitive",""
"","25","Frontend Unit Tests App Component picker × button closes the modal","","Tue Apr 28 11:07:32 UTC 2026","passed","Tue Apr 28 11:07:32 UTC 2026","","Frontend Unit Tests","Frontend Unit Tests App Component picker × button closes the modal",""
"","6","Server Unit Tests POST /api/colors returns 409 for a duplicate color name with descriptive error","","Tue Apr 28 11:07:20 UTC 2026","passed","Tue Apr 28 11:07:20 UTC 2026","","Server Unit Tests","Server Unit Tests POST /api/colors returns 409 for a duplicate color name with descriptive error",""
"","11","malformed JSON body returns 400","Chrome","Tue Apr 28 11:11:14 UTC 2026","passed","Tue Apr 28 11:11:14 UTC 2026","Security > Input Validation","tests/security.spec.ts","",""
"","5","Server Unit Tests 405 Method Not Allowed does not return 405 for allowed DELETE method on /api/colors/:name","","Tue Apr 28 11:07:20 UTC 2026","passed","Tue Apr 28 11:07:20 UTC 2026","","Server Unit Tests","Server Unit Tests 405 Method Not Allowed does not return 405 for allowed DELETE method on /api/colors/:name",""
"","6","Server Unit Tests 405 Method Not Allowed does not return 405 for allowed PUT method on /api/colors/:name","","Tue Apr 28 11:07:20 UTC 2026","passed","Tue Apr 28 11:07:20 UTC 2026","","Server Unit Tests","Server Unit Tests 405 Method Not Allowed does not return 405 for allowed PUT method on /api/colors/:name",""
"","37","Frontend Unit Tests App Component deleting the last color sets activeName to null","","Tue Apr 28 11:07:32 UTC 2026","passed","Tue Apr 28 11:07:32 UTC 2026","","Frontend Unit Tests","Frontend Unit Tests App Component deleting the last color sets activeName to null",""
"","7","Server Unit Tests GET /api/colors/:name returns 404 for a non-existent color","","Tue Apr 28 11:07:20 UTC 2026","passed","Tue Apr 28 11:07:20 UTC 2026","","Server Unit Tests","Server Unit Tests GET /api/colors/:name returns 404 for a non-existent color",""
"","4","Server Unit Tests DELETE /api/colors/:name returns 400 for invalid name in path (regex check)","","Tue Apr 28 11:07:20 UTC 2026","passed","Tue Apr 28 11:07:20 UTC 2026","","Server Unit Tests","Server Unit Tests DELETE /api/colors/:name returns 400 for invalid name in path (regex check)",""
"","0","homepage after color change","Chrome","Tue Apr 28 11:12:58 UTC 2026","skipped","Tue Apr 28 11:12:58 UTC 2026","Percy Visual Regression – Production > Percy – desktop (1280×720)","","",""
"","1107","should display all core elements and handle button interaction","Chrome","Tue Apr 28 11:12:56 UTC 2026","passed","Tue Apr 28 11:12:58 UTC 2026","Responsive Design – iPhone SE (375×667)","","",""
"","22","should delete an existing color","Chrome","Tue Apr 28 11:10:48 UTC 2026","passed","Tue Apr 28 11:10:48 UTC 2026","Backend API Integration > DELETE /api/colors/:name","","",""
"","1357","shows 409 duplicate error from server inside the picker","Chrome","Tue Apr 28 11:10:28 UTC 2026","passed","Tue Apr 28 11:10:29 UTC 2026","Color Management — Add & Delete","tests/color-management.spec.ts","",""
"","5","Server Unit Tests Middleware does not include X-Powered-By header","","Tue Apr 28 11:07:20 UTC 2026","passed","Tue Apr 28 11:07:20 UTC 2026","","Server Unit Tests","Server Unit Tests Middleware does not include X-Powered-By header",""
"","42","Frontend Unit Tests App Component first loaded color is active (aria-pressed=true)","","Tue Apr 28 11:07:32 UTC 2026","passed","Tue Apr 28 11:07:32 UTC 2026","","Frontend Unit Tests","Frontend Unit Tests App Component first loaded color is active (aria-pressed=true)",""
"","13","Component Tests ConfirmDialog cancelLabel prop is reflected in the button text","","Tue Apr 28 11:07:32 UTC 2026","passed","Tue Apr 28 11:07:32 UTC 2026","","Component Tests","Component Tests ConfirmDialog cancelLabel prop is reflected in the button text",""
"","10","Component Tests ColorPicker wheel cursor moves to (220,110) after right-edge click (hue=0, sat=1)","","Tue Apr 28 11:07:32 UTC 2026","passed","Tue Apr 28 11:07:32 UTC 2026","","Utility Functions","Component Tests ColorPicker wheel cursor moves to (220,110) after right-edge click (hue=0, sat=1)",""
"","34","Server Unit Tests Surviving Mutants & Edge Cases Strict Path & Method Validation kills allowedMethods mutants by exhaustive testing","","Tue Apr 28 11:07:20 UTC 2026","passed","Tue Apr 28 11:07:20 UTC 2026","","Server Unit Tests","Server Unit Tests Surviving Mutants & Edge Cases Strict Path & Method Validation kills allowedMethods mutants by exhaustive testing",""
"","7","Component Tests ColorPicker editing name input calls onClearError to clear server error","","Tue Apr 28 11:07:32 UTC 2026","passed","Tue Apr 28 11:07:32 UTC 2026","","Utility Functions","Component Tests ColorPicker editing name input calls onClearError to clear server error",""
"","6","Server Unit Tests POST /api/colors returns 400 when name is missing","","Tue Apr 28 11:07:20 UTC 2026","passed","Tue Apr 28 11:07:20 UTC 2026","","Server Unit Tests","Server Unit Tests POST /api/colors returns 400 when name is missing",""
"","26","Component Tests ColorPicker lightness slider min value (0) gives black","","Tue Apr 28 11:07:32 UTC 2026","passed","Tue Apr 28 11:07:32 UTC 2026","","Utility Functions","Component Tests ColorPicker lightness slider min value (0) gives black",""
"","6","Server Unit Tests DELETE /api/colors/:name cannot delete the same color twice","","Tue Apr 28 11:07:20 UTC 2026","passed","Tue Apr 28 11:07:20 UTC 2026","","Server Unit Tests","Server Unit Tests DELETE /api/colors/:name cannot delete the same color twice",""
"","0","homepage initial state","Chrome","Tue Apr 28 11:12:58 UTC 2026","skipped","Tue Apr 28 11:12:58 UTC 2026","Percy Visual Regression – Production > Percy – mobile (375×667)","","",""
"","684","should gracefully handle a color not found in the database","Chrome","Tue Apr 28 11:10:38 UTC 2026","passed","Tue Apr 28 11:10:39 UTC 2026","Network Mocking & Interception","tests/network-mocking.spec.ts","",""
"","4","Server Unit Tests 405 Method Not Allowed returns 405 for PATCH on /api/colors","","Tue Apr 28 11:07:20 UTC 2026","passed","Tue Apr 28 11:07:20 UTC 2026","","Server Unit Tests","Server Unit Tests 405 Method Not Allowed returns 405 for PATCH on /api/colors",""
"","14","Component Tests ColorPicker Add color button shows ""Saving…"" when saving=true","","Tue Apr 28 11:07:32 UTC 2026","passed","Tue Apr 28 11:07:32 UTC 2026","","Utility Functions","Component Tests ColorPicker Add color button shows ""Saving…"" when saving=true",""
"","8","Server Integration Tests (Testcontainers) GET /api/colors/:name should return 404 for a non-existent color","","Tue Apr 28 11:07:26 UTC 2026","passed","Tue Apr 28 11:07:26 UTC 2026","","Server Integration Tests (Testcontainers)","Server Integration Tests (Testcontainers) GET /api/colors/:name should return 404 for a non-existent color",""
"","10","Server Integration Tests (Testcontainers) seedDatabase should always restore the three default seed colors","","Tue Apr 28 11:07:26 UTC 2026","passed","Tue Apr 28 11:07:26 UTC 2026","","Server Integration Tests (Testcontainers)","Server Integration Tests (Testcontainers) seedDatabase should always restore the three default seed colors",""
"","69","POST with HTML tag in name is rejected (400)","Chrome","Tue Apr 28 11:11:12 UTC 2026","passed","Tue Apr 28 11:11:12 UTC 2026","Security > XSS Prevention","tests/security.spec.ts","",""
"","57","Frontend Unit Tests App Component confirm button shows ""Deleting…"" label while delete is in-flight","","Tue Apr 28 11:07:32 UTC 2026","passed","Tue Apr 28 11:07:32 UTC 2026","","Frontend Unit Tests","Frontend Unit Tests App Component confirm button shows ""Deleting…"" label while delete is in-flight",""
"","8","PUT /openapi.json returns 405","Chrome","Tue Apr 28 11:11:15 UTC 2026","passed","Tue Apr 28 11:11:15 UTC 2026","Security > HTTP Method Restrictions","tests/security.spec.ts","",""
"","696","clicking the backdrop closes the picker","Chrome","Tue Apr 28 11:10:26 UTC 2026","passed","Tue Apr 28 11:10:27 UTC 2026","Color Management — Add & Delete","tests/color-management.spec.ts","",""
"","5","Server Unit Tests Surviving Mutants & Edge Cases Swagger JSDoc Integration kills apis array mutants by verifying JSDoc content is present","","Tue Apr 28 11:07:20 UTC 2026","passed","Tue Apr 28 11:07:20 UTC 2026","","Server Unit Tests","Server Unit Tests Surviving Mutants & Edge Cases Swagger JSDoc Integration kills apis array mutants by verifying JSDoc content is present",""
"","0","Utility Functions hslToRgb lightness=0 gives black","","Tue Apr 28 11:07:32 UTC 2026","passed","Tue Apr 28 11:07:32 UTC 2026","","Utility Functions","Utility Functions hslToRgb lightness=0 gives black",""
"","0","homepage after color change","Chrome","Tue Apr 28 11:12:58 UTC 2026","skipped","Tue Apr 28 11:12:58 UTC 2026","Percy Visual Regression – Production > Percy – mobile (375×667)","","",""
"","1466","successfully adds a new color and shows its chip","Chrome","Tue Apr 28 11:10:27 UTC 2026","passed","Tue Apr 28 11:10:28 UTC 2026","Color Management — Add & Delete","tests/color-management.spec.ts","",""
"","7","Server Unit Tests GET /api/colors/:name returns Yellow color correctly","","Tue Apr 28 11:07:20 UTC 2026","passed","Tue Apr 28 11:07:20 UTC 2026","","Server Unit Tests","Server Unit Tests GET /api/colors/:name returns Yellow color correctly",""
"","13","error responses return JSON, not HTML (no info leakage)","Chrome","Tue Apr 28 11:11:15 UTC 2026","passed","Tue Apr 28 11:11:15 UTC 2026","Security > Security Headers","tests/security.spec.ts","",""
"","68","Frontend Unit Tests App Component deleting is false again after a failed delete (finally block)","","Tue Apr 28 11:07:32 UTC 2026","passed","Tue Apr 28 11:07:32 UTC 2026","","Frontend Unit Tests","Frontend Unit Tests App Component deleting is false again after a failed delete (finally block)",""
"","19","Server Integration Tests (Testcontainers) seedDatabase should clear custom colors when re-seeded","","Tue Apr 28 11:07:26 UTC 2026","passed","Tue Apr 28 11:07:26 UTC 2026","","Server Integration Tests (Testcontainers)","Server Integration Tests (Testcontainers) seedDatabase should clear custom colors when re-seeded",""
"","7","Server Unit Tests Surviving Mutants & Edge Cases Allowed Methods kills mutants in allowedMethods object","","Tue Apr 28 11:07:20 UTC 2026","passed","Tue Apr 28 11:07:20 UTC 2026","","Server Unit Tests","Server Unit Tests Surviving Mutants & Edge Cases Allowed Methods kills mutants in allowedMethods object",""
"","17","Frontend Unit Tests App Component shows add-color button even when colors are empty","","Tue Apr 28 11:07:32 UTC 2026","passed","Tue Apr 28 11:07:32 UTC 2026","","Frontend Unit Tests","Frontend Unit Tests App Component shows add-color button even when colors are empty",""
"","56","Frontend Unit Tests App Component delete sends DELETE request with correct method","","Tue Apr 28 11:07:32 UTC 2026","passed","Tue Apr 28 11:07:32 UTC 2026","","Frontend Unit Tests","Frontend Unit Tests App Component delete sends DELETE request with correct method",""
"","629","changing color to Turquoise should reflect in UI and DOM","Chrome","Tue Apr 28 11:10:34 UTC 2026","passed","Tue Apr 28 11:10:35 UTC 2026","Data-Driven Testing","tests/data-driven.spec.ts","",""
"","56","Frontend Unit Tests App Component add color success closes picker and shows new chip","","Tue Apr 28 11:07:32 UTC 2026","passed","Tue Apr 28 11:07:32 UTC 2026","","Frontend Unit Tests","Frontend Unit Tests App Component add color success closes picker and shows new chip",""
"","500","verify Turquoise ( #1abc9c ) is applied as the background color","Chrome","Tue Apr 28 11:10:33 UTC 2026","passed","Tue Apr 28 11:10:34 UTC 2026","Background color tests","tests/coverage.spec.ts","",""
"","55","Frontend Unit Tests App Component saving is false again after a failed add (finally block)","","Tue Apr 28 11:07:32 UTC 2026","passed","Tue Apr 28 11:07:32 UTC 2026","","Frontend Unit Tests","Frontend Unit Tests App Component saving is false again after a failed add (finally block)",""
"","27","Server Unit Tests POST /api/colors creates a new color and returns 201 with correct body","","Tue Apr 28 11:07:20 UTC 2026","passed","Tue Apr 28 11:07:20 UTC 2026","","Server Unit Tests","Server Unit Tests POST /api/colors creates a new color and returns 201 with correct body",""
"","9","Server Unit Tests 405 Method Not Allowed returns 405 for POST, PUT, DELETE on /api-docs","","Tue Apr 28 11:07:20 UTC 2026","passed","Tue Apr 28 11:07:20 UTC 2026","","Server Unit Tests","Server Unit Tests 405 Method Not Allowed returns 405 for POST, PUT, DELETE on /api-docs",""
"","23","Server Integration Tests (Testcontainers) POST /api/colors should create a new color and persist it in the real database","","Tue Apr 28 11:07:26 UTC 2026","passed","Tue Apr 28 11:07:26 UTC 2026","","Server Integration Tests (Testcontainers)","Server Integration Tests (Testcontainers) POST /api/colors should create a new color and persist it in the real database",""
"","0","Utility Functions hslToRgb hue just below 60 is in sector 0, not sector 1","","Tue Apr 28 11:07:32 UTC 2026","passed","Tue Apr 28 11:07:32 UTC 2026","","Utility Functions","Utility Functions hslToRgb hue just below 60 is in sector 0, not sector 1",""
"","24","Component Tests ColorPicker mousedown outside circle clamps sat to 1","","Tue Apr 28 11:07:32 UTC 2026","passed","Tue Apr 28 11:07:32 UTC 2026","","Utility Functions","Component Tests ColorPicker mousedown outside circle clamps sat to 1",""
"","6","Server Integration Tests (Testcontainers) PUT /api/colors/:name should return 400 when update body is empty","","Tue Apr 28 11:07:26 UTC 2026","passed","Tue Apr 28 11:07:26 UTC 2026","","Server Integration Tests (Testcontainers)","Server Integration Tests (Testcontainers) PUT /api/colors/:name should return 400 when update body is empty",""
"","26","should return 409 for duplicate color creation","Chrome","Tue Apr 28 11:11:05 UTC 2026","passed","Tue Apr 28 11:11:05 UTC 2026","Backend API Integration > POST /api/colors Schema Validation","tests/api.spec.ts","",""
"","5","Server Integration Tests (Testcontainers) PUT /api/colors/:name should return 400 for invalid hex format on update","","Tue Apr 28 11:07:26 UTC 2026","passed","Tue Apr 28 11:07:26 UTC 2026","","Server Integration Tests (Testcontainers)","Server Integration Tests (Testcontainers) PUT /api/colors/:name should return 400 for invalid hex format on update",""
"","7","Server Unit Tests POST /api/colors returns 400 for name with special characters","","Tue Apr 28 11:07:20 UTC 2026","passed","Tue Apr 28 11:07:20 UTC 2026","","Server Unit Tests","Server Unit Tests POST /api/colors returns 400 for name with special characters",""
"","7","Server Integration Tests (Testcontainers) GET /api/colors/:name should not expose _id or __v fields","","Tue Apr 28 11:07:26 UTC 2026","passed","Tue Apr 28 11:07:26 UTC 2026","","Server Integration Tests (Testcontainers)","Server Integration Tests (Testcontainers) GET /api/colors/:name should not expose _id or __v fields",""
"","709","homepage should match snapshot","Chrome","Tue Apr 28 11:12:55 UTC 2026","passed","Tue Apr 28 11:12:55 UTC 2026","Visual Regression – iphone-se (375×667)","","",""
"","2","Frontend Unit Tests i18n Configuration should handle language change correctly","","Tue Apr 28 11:07:34 UTC 2026","passed","Tue Apr 28 11:07:34 UTC 2026","","Frontend Unit Tests","Frontend Unit Tests i18n Configuration should handle language change correctly",""
"","27","GET /api/colors","","","skipped","","","schemathesis","",""
"","0","Utility Functions paintWheelPixel paints red at right edge (dx=r, dy=0, hue=0)","","Tue Apr 28 11:07:32 UTC 2026","passed","Tue Apr 28 11:07:32 UTC 2026","","Utility Functions","Utility Functions paintWheelPixel paints red at right edge (dx=r, dy=0, hue=0)",""
"","4","Utility Functions rgbToHsl b max (#0040ff) → h in (180,300)","","Tue Apr 28 11:07:32 UTC 2026","passed","Tue Apr 28 11:07:32 UTC 2026","","Utility Functions","Utility Functions rgbToHsl b max (#0040ff) → h in (180,300)",""
"","38","Frontend Unit Tests App Component add color network error shows network error message","","Tue Apr 28 11:07:32 UTC 2026","passed","Tue Apr 28 11:07:32 UTC 2026","","Frontend Unit Tests","Frontend Unit Tests App Component add color network error shows network error message",""
"","5","Server Unit Tests OpenAPI endpoints serves Swagger UI as HTML","","Tue Apr 28 11:07:20 UTC 2026","passed","Tue Apr 28 11:07:20 UTC 2026","","Server Unit Tests","Server Unit Tests OpenAPI endpoints serves Swagger UI as HTML",""
"","13","Component Tests ConfirmDialog confirmLabel prop is reflected in the button text","","Tue Apr 28 11:07:32 UTC 2026","passed","Tue Apr 28 11:07:32 UTC 2026","","Component Tests","Component Tests ConfirmDialog confirmLabel prop is reflected in the button text",""
"","1","Utility Functions rgbToHex converts pure red","","Tue Apr 28 11:07:32 UTC 2026","passed","Tue Apr 28 11:07:32 UTC 2026","","Utility Functions","Utility Functions rgbToHex converts pure red",""
"","889","should display all core elements and handle button interaction","Chrome","Tue Apr 28 11:12:57 UTC 2026","passed","Tue Apr 28 11:12:58 UTC 2026","Responsive Design – iPhone landscape (667×375)","","",""
"","23","Frontend Unit Tests App Component link color is dark (#003366) on light background","","Tue Apr 28 11:07:32 UTC 2026","passed","Tue Apr 28 11:07:32 UTC 2026","","Frontend Unit Tests","Frontend Unit Tests App Component link color is dark (#003366) on light background",""
"","1","Utility Functions rgbToHsl pure blue → h=240, s=1, l=0.5","","Tue Apr 28 11:07:32 UTC 2026","passed","Tue Apr 28 11:07:32 UTC 2026","","Utility Functions","Utility Functions rgbToHsl pure blue → h=240, s=1, l=0.5",""
"","4","Server Unit Tests 405 Method Not Allowed sets the Allow header on /api/colors with correct methods","","Tue Apr 28 11:07:20 UTC 2026","passed","Tue Apr 28 11:07:20 UTC 2026","","Server Unit Tests","Server Unit Tests 405 Method Not Allowed sets the Allow header on /api/colors with correct methods",""
"","45","GET /api/colors/Red should return the correct hex code","Chrome","Tue Apr 28 11:11:05 UTC 2026","passed","Tue Apr 28 11:11:05 UTC 2026","Backend API Integration","tests/api.spec.ts","",""
"","591","verify language switcher changes document language","Chrome","Tue Apr 28 11:10:32 UTC 2026","passed","Tue Apr 28 11:10:33 UTC 2026","","tests/coverage.spec.ts","",""
"","1087","clicking a chip makes it active","Chrome","Tue Apr 28 11:10:24 UTC 2026","passed","Tue Apr 28 11:10:25 UTC 2026","Color Management — Add & Delete","tests/color-management.spec.ts","",""
"","18","Component Tests ColorPicker mousemove without prior mousedown (not dragging) does not change color","","Tue Apr 28 11:07:32 UTC 2026","passed","Tue Apr 28 11:07:32 UTC 2026","","Utility Functions","Component Tests ColorPicker mousemove without prior mousedown (not dragging) does not change color",""
"","4","Server Unit Tests Surviving Mutants & Edge Cases Swagger Metadata & OpenAPI has exact application/json content-type","","Tue Apr 28 11:07:20 UTC 2026","passed","Tue Apr 28 11:07:20 UTC 2026","","Server Unit Tests","Server Unit Tests Surviving Mutants & Edge Cases Swagger Metadata & OpenAPI has exact application/json content-type",""
"","8","Component Tests ConfirmDialog swatch div has the correct background color","","Tue Apr 28 11:07:32 UTC 2026","passed","Tue Apr 28 11:07:32 UTC 2026","","Component Tests","Component Tests ConfirmDialog swatch div has the correct background color",""
"","22","Component Tests ColorPicker mousedown at top-center (hue=270) sets hex to #8000ff","","Tue Apr 28 11:07:32 UTC 2026","passed","Tue Apr 28 11:07:32 UTC 2026","","Utility Functions","Component Tests ColorPicker mousedown at top-center (hue=270) sets hex to #8000ff",""
"","0","Utility Functions rgbToHex value 16 does not pad","","Tue Apr 28 11:07:32 UTC 2026","passed","Tue Apr 28 11:07:32 UTC 2026","","Utility Functions","Utility Functions rgbToHex value 16 does not pad",""
"","34","should update a color with valid schema","Chrome","Tue Apr 28 11:11:05 UTC 2026","passed","Tue Apr 28 11:11:05 UTC 2026","Backend API Integration > PUT /api/colors/:name Schema Validation","tests/api.spec.ts","",""
"","11","Server Unit Tests PUT /api/colors/:name updates the name of an existing color and preserves hex","","Tue Apr 28 11:07:20 UTC 2026","passed","Tue Apr 28 11:07:20 UTC 2026","","Server Unit Tests","Server Unit Tests PUT /api/colors/:name updates the name of an existing color and preserves hex",""
"","745","Background stays unchanged when fetching a specific color fails","BDD","Tue Apr 28 11:10:54 UTC 2026","passed","Tue Apr 28 11:10:55 UTC 2026","API Error Handling","","",""
"","3","Server Unit Tests Error Handling seedDatabase logs error when database fails","","Tue Apr 28 11:07:20 UTC 2026","passed","Tue Apr 28 11:07:20 UTC 2026","","Server Unit Tests","Server Unit Tests Error Handling seedDatabase logs error when database fails",""
"","90","Component Tests ColorPicker renders the modal with title, hex preview, name and hex inputs","","Tue Apr 28 11:07:32 UTC 2026","passed","Tue Apr 28 11:07:32 UTC 2026","","Utility Functions","Component Tests ColorPicker renders the modal with title, hex preview, name and hex inputs",""
"","3","Frontend Unit Tests i18n Configuration should translate keys correctly","","Tue Apr 28 11:07:34 UTC 2026","passed","Tue Apr 28 11:07:34 UTC 2026","","Frontend Unit Tests","Frontend Unit Tests i18n Configuration should translate keys correctly",""
"","7","Server Unit Tests Surviving Mutants & Edge Cases Regex & Validation hex regex kills mutants by testing boundaries and formats","","Tue Apr 28 11:07:20 UTC 2026","passed","Tue Apr 28 11:07:20 UTC 2026","","Server Unit Tests","Server Unit Tests Surviving Mutants & Edge Cases Regex & Validation hex regex kills mutants by testing boundaries and formats",""
"","24","Server Unit Tests Surviving Mutants & Edge Cases Regex & Validation STRICT_NAME_REGEX kills mutants on start/end/middle characters","","Tue Apr 28 11:07:20 UTC 2026","passed","Tue Apr 28 11:07:20 UTC 2026","","Server Unit Tests","Server Unit Tests Surviving Mutants & Edge Cases Regex & Validation STRICT_NAME_REGEX kills mutants on start/end/middle characters",""
"","7","Server Unit Tests PUT /api/colors/:name updates both name and hex simultaneously","","Tue Apr 28 11:07:20 UTC 2026","passed","Tue Apr 28 11:07:20 UTC 2026","","Server Unit Tests","Server Unit Tests PUT /api/colors/:name updates both name and hex simultaneously",""
"","1","Utility Functions rgbToHsl pure green → h=120, s=1, l=0.5","","Tue Apr 28 11:07:32 UTC 2026","passed","Tue Apr 28 11:07:32 UTC 2026","","Utility Functions","Utility Functions rgbToHsl pure green → h=120, s=1, l=0.5",""
"","0","Utility Functions hslToRgb hue=210 (azure) → [0,128,255]","","Tue Apr 28 11:07:32 UTC 2026","passed","Tue Apr 28 11:07:32 UTC 2026","","Utility Functions","Utility Functions hslToRgb hue=210 (azure) → [0,128,255]",""
"","11","Server Integration Tests (Testcontainers) Concurrent writes should handle parallel GETs without errors","","Tue Apr 28 11:07:26 UTC 2026","passed","Tue Apr 28 11:07:26 UTC 2026","","Server Integration Tests (Testcontainers)","Server Integration Tests (Testcontainers) Concurrent writes should handle parallel GETs without errors",""
"","25","Component Tests ColorPicker touchmove while dragging updates hex","","Tue Apr 28 11:07:32 UTC 2026","passed","Tue Apr 28 11:07:32 UTC 2026","","Utility Functions","Component Tests ColorPicker touchmove while dragging updates hex",""
"","15","Component Tests ColorPicker typing a valid hex clears the hex error and updates preview","","Tue Apr 28 11:07:32 UTC 2026","passed","Tue Apr 28 11:07:32 UTC 2026","","Utility Functions","Component Tests ColorPicker typing a valid hex clears the hex error and updates preview",""
"","907","verify Yellow ( #f1c40f ) is applied as the background color","Chrome","Tue Apr 28 11:10:39 UTC 2026","passed","Tue Apr 28 11:10:40 UTC 2026","POM Refactored: Background color tests","tests/pom-refactored.spec.ts","",""
"","54","Frontend Unit Tests App Component successful delete removes the color chip","","Tue Apr 28 11:07:32 UTC 2026","passed","Tue Apr 28 11:07:32 UTC 2026","","Frontend Unit Tests","Frontend Unit Tests App Component successful delete removes the color chip",""
"","1362","color names rendered in the UI do not trigger script execution","Chrome","Tue Apr 28 11:11:12 UTC 2026","passed","Tue Apr 28 11:11:13 UTC 2026","Security > XSS Prevention","tests/security.spec.ts","",""
"","499","should load the application and verify core functionality across browsers","Chrome","Tue Apr 28 11:11:04 UTC 2026","passed","Tue Apr 28 11:11:04 UTC 2026","Cross-Browser Core Functionality","","",""
"","4","Component Tests ConfirmDialog Escape key does NOT call onCancel when busy","","Tue Apr 28 11:07:32 UTC 2026","passed","Tue Apr 28 11:07:32 UTC 2026","","Component Tests","Component Tests ConfirmDialog Escape key does NOT call onCancel when busy",""
"","4","Server Unit Tests Error Handling GET /api/colors/:name returns 500 when database fails","","Tue Apr 28 11:07:20 UTC 2026","passed","Tue Apr 28 11:07:20 UTC 2026","","Server Unit Tests","Server Unit Tests Error Handling GET /api/colors/:name returns 500 when database fails",""
"","0","Utility Functions readableOn returns #111 for a pale/pastel colour (high luminance)","","Tue Apr 28 11:07:32 UTC 2026","passed","Tue Apr 28 11:07:32 UTC 2026","","Utility Functions","Utility Functions readableOn returns #111 for a pale/pastel colour (high luminance)",""
"","6","Server Integration Tests (Testcontainers) POST /api/colors should return 400 for invalid hex format (missing #)","","Tue Apr 28 11:07:26 UTC 2026","passed","Tue Apr 28 11:07:26 UTC 2026","","Server Integration Tests (Testcontainers)","Server Integration Tests (Testcontainers) POST /api/colors should return 400 for invalid hex format (missing #)",""
"","1739","should maintain accessibility in es language and verify resilient locators","Chrome","Tue Apr 28 11:11:01 UTC 2026","passed","Tue Apr 28 11:11:03 UTC 2026","i18n Accessibility Tests","tests/a11y.spec.ts","",""
"","1282","POST /api/colors","","","passed","","","schemathesis","",""
"","7933","should meet the accessibility threshold using Google Lighthouse","Chrome","Tue Apr 28 11:10:59 UTC 2026","passed","Tue Apr 28 11:11:07 UTC 2026","Accessibility Tests","tests/a11y.spec.ts","",""
"","27","Component Tests ColorPicker lightness slider max value (100) gives white","","Tue Apr 28 11:07:32 UTC 2026","passed","Tue Apr 28 11:07:32 UTC 2026","","Utility Functions","Component Tests ColorPicker lightness slider max value (100) gives white",""
"","10","Server Integration Tests (Testcontainers) PUT /api/colors/:name should update both name and hex simultaneously","","Tue Apr 28 11:07:26 UTC 2026","passed","Tue Apr 28 11:07:26 UTC 2026","","Server Integration Tests (Testcontainers)","Server Integration Tests (Testcontainers) PUT /api/colors/:name should update both name and hex simultaneously",""
"","5","Server Unit Tests PUT /api/colors/:name returns 400 for invalid name in path (regex check)","","Tue Apr 28 11:07:20 UTC 2026","passed","Tue Apr 28 11:07:20 UTC 2026","","Server Unit Tests","Server Unit Tests PUT /api/colors/:name returns 400 for invalid name in path (regex check)",""
"","0","Utility Functions hexToRgb returns null for invalid input","","Tue Apr 28 11:07:32 UTC 2026","passed","Tue Apr 28 11:07:32 UTC 2026","","Utility Functions","Utility Functions hexToRgb returns null for invalid input",""
"","8","Server Integration Tests (Testcontainers) DELETE /api/colors/:name should return 404 on a second delete of the same color","","Tue Apr 28 11:07:26 UTC 2026","passed","Tue Apr 28 11:07:26 UTC 2026","","Server Integration Tests (Testcontainers)","Server Integration Tests (Testcontainers) DELETE /api/colors/:name should return 404 on a second delete of the same color",""
"","782","shows a chip for each color with a swatch, name, and delete button","Chrome","Tue Apr 28 11:10:23 UTC 2026","passed","Tue Apr 28 11:10:24 UTC 2026","Color Management — Add & Delete","tests/color-management.spec.ts","",""
"","43","Frontend Unit Tests App Component initial background is first color hex","","Tue Apr 28 11:07:32 UTC 2026","passed","Tue Apr 28 11:07:32 UTC 2026","","Frontend Unit Tests","Frontend Unit Tests App Component initial background is first color hex",""
"","759","chip-x click opens confirm dialog with color name","Chrome","Tue Apr 28 11:10:29 UTC 2026","passed","Tue Apr 28 11:10:30 UTC 2026","Color Management — Add & Delete","tests/color-management.spec.ts","",""
"","11","Frontend Unit Tests App Component shows loading text when colors array is empty","","Tue Apr 28 11:07:32 UTC 2026","passed","Tue Apr 28 11:07:32 UTC 2026","","Frontend Unit Tests","Frontend Unit Tests App Component shows loading text when colors array is empty",""
"","0","Frontend Unit Tests i18n Configuration interpolation should not escape value","","Tue Apr 28 11:07:34 UTC 2026","passed","Tue Apr 28 11:07:34 UTC 2026","","Frontend Unit Tests","Frontend Unit Tests i18n Configuration interpolation should not escape value",""
"","1","Utility Functions rgbToHsl round-trip hslToRgb→rgbToHsl preserves hue for all sectors","","Tue Apr 28 11:07:32 UTC 2026","passed","Tue Apr 28 11:07:32 UTC 2026","","Utility Functions","Utility Functions rgbToHsl round-trip hslToRgb→rgbToHsl preserves hue for all sectors",""
"","0","Utility Functions rgbToHsl r max, g>0, b=0 → h in (0,60)","","Tue Apr 28 11:07:32 UTC 2026","passed","Tue Apr 28 11:07:32 UTC 2026","","Utility Functions","Utility Functions rgbToHsl r max, g>0, b=0 → h in (0,60)",""
"","617","Escape key closes the confirm dialog","Chrome","Tue Apr 28 11:10:30 UTC 2026","passed","Tue Apr 28 11:10:31 UTC 2026","Color Management — Add & Delete","tests/color-management.spec.ts","",""
"","9","PATCH /api/colors returns 405","Chrome","Tue Apr 28 11:11:15 UTC 2026","passed","Tue Apr 28 11:11:15 UTC 2026","Security > HTTP Method Restrictions","tests/security.spec.ts","",""
"","15","Component Tests ColorPicker typing a valid hex without # prefix is accepted","","Tue Apr 28 11:07:32 UTC 2026","passed","Tue Apr 28 11:07:32 UTC 2026","","Utility Functions","Component Tests ColorPicker typing a valid hex without # prefix is accepted",""
"","1","Utility Functions rgbToHex value 15 pads to 0f","","Tue Apr 28 11:07:32 UTC 2026","passed","Tue Apr 28 11:07:32 UTC 2026","","Utility Functions","Utility Functions rgbToHex value 15 pads to 0f",""
"","1133","should create color via API and verify through UI","Chrome","Tue Apr 28 11:10:37 UTC 2026","passed","Tue Apr 28 11:10:38 UTC 2026","Hybrid E2E Testing","tests/hybrid.spec.ts","",""
"","1","Frontend Unit Tests i18n Configuration should have defined resources for en, es, el","","Tue Apr 28 11:07:34 UTC 2026","passed","Tue Apr 28 11:07:34 UTC 2026","","Frontend Unit Tests","Frontend Unit Tests i18n Configuration should have defined resources for en, es, el",""
"","12","Component Tests ColorPicker Cancel button is disabled when saving=true","","Tue Apr 28 11:07:32 UTC 2026","passed","Tue Apr 28 11:07:32 UTC 2026","","Utility Functions","Component Tests ColorPicker Cancel button is disabled when saving=true",""
"","0","Utility Functions hslToRgb lightness clamped: l=1.5 gives white","","Tue Apr 28 11:07:32 UTC 2026","passed","Tue Apr 28 11:07:32 UTC 2026","","Utility Functions","Utility Functions hslToRgb lightness clamped: l=1.5 gives white",""
"","39","Frontend Unit Tests App Component handleColorClick shows error alert on fetch failure","","Tue Apr 28 11:07:32 UTC 2026","passed","Tue Apr 28 11:07:32 UTC 2026","","Frontend Unit Tests","Frontend Unit Tests App Component handleColorClick shows error alert on fetch failure",""
"","4","Server Unit Tests POST /api/colors returns 400 for name with whitespace","","Tue Apr 28 11:07:20 UTC 2026","passed","Tue Apr 28 11:07:20 UTC 2026","","Server Unit Tests","Server Unit Tests POST /api/colors returns 400 for name with whitespace",""
"","13","Component Tests ColorPicker displays serverError prop in an alert banner","","Tue Apr 28 11:07:32 UTC 2026","passed","Tue Apr 28 11:07:32 UTC 2026","","Utility Functions","Component Tests ColorPicker displays serverError prop in an alert banner",""
"","14","NoSQL $where operator in name is rejected (400)","Chrome","Tue Apr 28 11:11:14 UTC 2026","passed","Tue Apr 28 11:11:14 UTC 2026","Security > Injection Prevention","tests/security.spec.ts","",""
"","1","Utility Functions rgbToHsl light red (#ff8080): l>0.5, s computed via (2-max-min) branch","","Tue Apr 28 11:07:32 UTC 2026","passed","Tue Apr 28 11:07:32 UTC 2026","","Utility Functions","Utility Functions rgbToHsl light red (#ff8080): l>0.5, s computed via (2-max-min) branch",""
"","603","Example #2","BDD","Tue Apr 28 11:10:56 UTC 2026","passed","Tue Apr 28 11:10:56 UTC 2026","Language Switching > Switch language and verify translated UI labels","","",""
"","2","Component Tests ConfirmDialog Enter key does NOT call onConfirm when busy","","Tue Apr 28 11:07:32 UTC 2026","passed","Tue Apr 28 11:07:32 UTC 2026","","Component Tests","Component Tests ConfirmDialog Enter key does NOT call onConfirm when busy",""
"","5","Server Unit Tests Middleware includes CORS headers","","Tue Apr 28 11:07:20 UTC 2026","passed","Tue Apr 28 11:07:20 UTC 2026","","Server Unit Tests","Server Unit Tests Middleware includes CORS headers",""
"","6","Component Tests ConfirmDialog backdrop click calls onCancel when not busy","","Tue Apr 28 11:07:32 UTC 2026","passed","Tue Apr 28 11:07:32 UTC 2026","","Component Tests","Component Tests ConfirmDialog backdrop click calls onCancel when not busy",""
"","20","Component Tests ColorPicker duplicate check is case-insensitive","","Tue Apr 28 11:07:32 UTC 2026","passed","Tue Apr 28 11:07:32 UTC 2026","","Utility Functions","Component Tests ColorPicker duplicate check is case-insensitive",""
"","4","Server Unit Tests Middleware handles non-JSON content type gracefully on POST","","Tue Apr 28 11:07:20 UTC 2026","passed","Tue Apr 28 11:07:20 UTC 2026","","Server Unit Tests","Server Unit Tests Middleware handles non-JSON content type gracefully on POST",""
"","0","Utility Functions rgbToHsl r max with g<b (#ff0040) → h near 345","","Tue Apr 28 11:07:32 UTC 2026","passed","Tue Apr 28 11:07:32 UTC 2026","","Utility Functions","Utility Functions rgbToHsl r max with g<b (#ff0040) → h near 345",""
"","10020","should load the application and verify core functionality across browsers","WebKit","Tue Apr 28 11:11:01 UTC 2026","passed","Tue Apr 28 11:11:11 UTC 2026","Cross-Browser Core Functionality","","",""
"","5","Server Unit Tests Surviving Mutants & Edge Cases PUT logic kills refine mutant by sending empty body","","Tue Apr 28 11:07:20 UTC 2026","passed","Tue Apr 28 11:07:20 UTC 2026","","Server Unit Tests","Server Unit Tests Surviving Mutants & Edge Cases PUT logic kills refine mutant by sending empty body",""
"","8","Server Integration Tests (Testcontainers) GET /api/colors/:name should return 400 for invalid name format","","Tue Apr 28 11:07:26 UTC 2026","passed","Tue Apr 28 11:07:26 UTC 2026","","Server Integration Tests (Testcontainers)","Server Integration Tests (Testcontainers) GET /api/colors/:name should return 400 for invalid name format",""
"","4","Server Unit Tests OpenAPI endpoints serves the OpenAPI JSON spec with exact metadata","","Tue Apr 28 11:07:20 UTC 2026","passed","Tue Apr 28 11:07:20 UTC 2026","","Server Unit Tests","Server Unit Tests OpenAPI endpoints serves the OpenAPI JSON spec with exact metadata",""
"","12","Component Tests ColorPicker typing blue hex updates internal state (b is max branch)","","Tue Apr 28 11:07:32 UTC 2026","passed","Tue Apr 28 11:07:32 UTC 2026","","Utility Functions","Component Tests ColorPicker typing blue hex updates internal state (b is max branch)",""
"","5","Server Integration Tests (Testcontainers) DELETE /api/colors/:name should return 400 for invalid name format","","Tue Apr 28 11:07:26 UTC 2026","passed","Tue Apr 28 11:07:26 UTC 2026","","Server Integration Tests (Testcontainers)","Server Integration Tests (Testcontainers) DELETE /api/colors/:name should return 400 for invalid name format",""
"","3","Server Unit Tests Surviving Mutants & Edge Cases Mongoose Schema Strictness kills empty schema mutant by checking schema paths","","Tue Apr 28 11:07:20 UTC 2026","passed","Tue Apr 28 11:07:20 UTC 2026","","Server Unit Tests","Server Unit Tests Surviving Mutants & Edge Cases Mongoose Schema Strictness kills empty schema mutant by checking schema paths",""
"","4138","PUT /api/colors/{name}","","","passed","","","schemathesis","",""
"","31","Component Tests ColorPicker submit with duplicate name (client-side) shows duplicate error","","Tue Apr 28 11:07:32 UTC 2026","passed","Tue Apr 28 11:07:32 UTC 2026","","Utility Functions","Component Tests ColorPicker submit with duplicate name (client-side) shows duplicate error",""
"","0","Utility Functions hslToRgb low lightness l=0.25 → [128,0,0]","","Tue Apr 28 11:07:32 UTC 2026","passed","Tue Apr 28 11:07:32 UTC 2026","","Utility Functions","Utility Functions hslToRgb low lightness l=0.25 → [128,0,0]",""
"","6","Server Integration Tests (Testcontainers) POST /api/colors should return 400 when extra fields are provided","","Tue Apr 28 11:07:26 UTC 2026","passed","Tue Apr 28 11:07:26 UTC 2026","","Server Integration Tests (Testcontainers)","Server Integration Tests (Testcontainers) POST /api/colors should return 400 when extra fields are provided",""
"","8","Component Tests ColorPicker non-Enter key on name input does not trigger submit","","Tue Apr 28 11:07:32 UTC 2026","passed","Tue Apr 28 11:07:32 UTC 2026","","Utility Functions","Component Tests ColorPicker non-Enter key on name input does not trigger submit",""
"","0","Utility Functions hslToRgb negative hue wraps: hue=-120 = hue=240","","Tue Apr 28 11:07:32 UTC 2026","passed","Tue Apr 28 11:07:32 UTC 2026","","Utility Functions","Utility Functions hslToRgb negative hue wraps: hue=-120 = hue=240",""
"","13","should return 404 when updating non-existent color","Chrome","Tue Apr 28 11:11:05 UTC 2026","passed","Tue Apr 28 11:11:05 UTC 2026","Backend API Integration > PUT /api/colors/:name Schema Validation","tests/api.spec.ts","",""
"","1","Utility Functions rgbToHsl black [0,0,0] → h=0, s=0, l=0","","Tue Apr 28 11:07:32 UTC 2026","passed","Tue Apr 28 11:07:32 UTC 2026","","Utility Functions","Utility Functions rgbToHsl black [0,0,0] → h=0, s=0, l=0",""
"","12","Server Unit Tests Error Handling POST /api/colors returns 500 when database fails (create)","","Tue Apr 28 11:07:20 UTC 2026","passed","Tue Apr 28 11:07:20 UTC 2026","","Server Unit Tests","Server Unit Tests Error Handling POST /api/colors returns 500 when database fails (create)",""
"","0","Utility Functions hexToRgb parses hex without the leading #","","Tue Apr 28 11:07:32 UTC 2026","passed","Tue Apr 28 11:07:32 UTC 2026","","Utility Functions","Utility Functions hexToRgb parses hex without the leading #",""
"","29","Component Tests ColorPicker mousemove after mouseup does NOT update color (dragging stopped)","","Tue Apr 28 11:07:32 UTC 2026","passed","Tue Apr 28 11:07:32 UTC 2026","","Utility Functions","Component Tests ColorPicker mousemove after mouseup does NOT update color (dragging stopped)",""
"","9","DELETE /api/colors (collection) returns 405","Chrome","Tue Apr 28 11:11:15 UTC 2026","passed","Tue Apr 28 11:11:15 UTC 2026","Security > HTTP Method Restrictions","tests/security.spec.ts","",""
"","0","Utility Functions rgbToHsl white [255,255,255] → h=0, s=0, l=1","","Tue Apr 28 11:07:32 UTC 2026","passed","Tue Apr 28 11:07:32 UTC 2026","","Utility Functions","Utility Functions rgbToHsl white [255,255,255] → h=0, s=0, l=1",""
"","16","should reject invalid hex format","Chrome","Tue Apr 28 11:11:05 UTC 2026","passed","Tue Apr 28 11:11:05 UTC 2026","Backend API Integration > POST /api/colors Schema Validation","tests/api.spec.ts","",""
"","9","Server Unit Tests GET /api/colors/:name returns a single color by name with correct fields","","Tue Apr 28 11:07:20 UTC 2026","passed","Tue Apr 28 11:07:20 UTC 2026","","Server Unit Tests","Server Unit Tests GET /api/colors/:name returns a single color by name with correct fields",""
"","23","Frontend Unit Tests App Component colors.length > 0 does NOT show loading text","","Tue Apr 28 11:07:32 UTC 2026","passed","Tue Apr 28 11:07:32 UTC 2026","","Frontend Unit Tests","Frontend Unit Tests App Component colors.length > 0 does NOT show loading text",""
"","29","Component Tests ColorPicker submit is blocked when hex input has an error","","Tue Apr 28 11:07:32 UTC 2026","passed","Tue Apr 28 11:07:32 UTC 2026","","Utility Functions","Component Tests ColorPicker submit is blocked when hex input has an error",""
"","11","Component Tests ColorPicker clicking the backdrop calls onCancel","","Tue Apr 28 11:07:32 UTC 2026","passed","Tue Apr 28 11:07:32 UTC 2026","","Utility Functions","Component Tests ColorPicker clicking the backdrop calls onCancel",""
"","13","GET /api/colors/:name should return 404 for non-existent color","Chrome","Tue Apr 28 11:11:05 UTC 2026","passed","Tue Apr 28 11:11:05 UTC 2026","Backend API Integration","tests/api.spec.ts","",""
"","1","Utility Functions hslToRgb saturation=0 gives pure grey [128,128,128]","","Tue Apr 28 11:07:32 UTC 2026","passed","Tue Apr 28 11:07:32 UTC 2026","","Utility Functions","Utility Functions hslToRgb saturation=0 gives pure grey [128,128,128]",""
"","12","NoSQL injection object in name is rejected (400)","Chrome","Tue Apr 28 11:11:14 UTC 2026","passed","Tue Apr 28 11:11:14 UTC 2026","Security > Injection Prevention","tests/security.spec.ts","",""
"","10","Server Unit Tests seedDatabase clears existing colors and re-seeds with 3 defaults","","Tue Apr 28 11:07:20 UTC 2026","passed","Tue Apr 28 11:07:20 UTC 2026","","Server Unit Tests","Server Unit Tests seedDatabase clears existing colors and re-seeds with 3 defaults",""
"","26","Frontend Unit Tests App Component labelFor falls back to color name for unknown/custom color","","Tue Apr 28 11:07:32 UTC 2026","passed","Tue Apr 28 11:07:32 UTC 2026","","Frontend Unit Tests","Frontend Unit Tests App Component labelFor falls back to color name for unknown/custom color",""
"","15","should reject empty name","Chrome","Tue Apr 28 11:11:05 UTC 2026","passed","Tue Apr 28 11:11:05 UTC 2026","Backend API Integration > POST /api/colors Schema Validation","tests/api.spec.ts","",""
"","0","Utility Functions hslToRgb hue=150 (spring green) → [0,255,128]","","Tue Apr 28 11:07:32 UTC 2026","passed","Tue Apr 28 11:07:32 UTC 2026","","Utility Functions","Utility Functions hslToRgb hue=150 (spring green) → [0,255,128]",""
"","5","Server Unit Tests PUT /api/colors/:name returns 400 for extra unknown fields (strict schema)","","Tue Apr 28 11:07:20 UTC 2026","passed","Tue Apr 28 11:07:20 UTC 2026","","Server Unit Tests","Server Unit Tests PUT /api/colors/:name returns 400 for extra unknown fields (strict schema)",""
"","756","should create dynamic random color via API and verify through UI","Chrome","Tue Apr 28 11:11:12 UTC 2026","passed","Tue Apr 28 11:11:13 UTC 2026","Random Data Testing with faker.js","tests/random-data.spec.ts","",""
"","26","Frontend Unit Tests App Component labelFor returns translation for known color (Turquoise)","","Tue Apr 28 11:07:32 UTC 2026","passed","Tue Apr 28 11:07:32 UTC 2026","","Frontend Unit Tests","Frontend Unit Tests App Component labelFor returns translation for known color (Turquoise)",""
"","619","Color button remains functional after switching language","BDD","Tue Apr 28 11:10:56 UTC 2026","passed","Tue Apr 28 11:10:57 UTC 2026","Language Switching","","",""
"","0","Utility Functions hslToRgb high lightness l=0.75 → [255,128,128]","","Tue Apr 28 11:07:32 UTC 2026","passed","Tue Apr 28 11:07:32 UTC 2026","","Utility Functions","Utility Functions hslToRgb high lightness l=0.75 → [255,128,128]",""
"","4","Server Unit Tests POST /api/colors returns 400 when hex is missing","","Tue Apr 28 11:07:20 UTC 2026","passed","Tue Apr 28 11:07:20 UTC 2026","","Server Unit Tests","Server Unit Tests POST /api/colors returns 400 when hex is missing",""
"","44","Frontend Unit Tests App Component confirm dialog cancel button closes it","","Tue Apr 28 11:07:32 UTC 2026","passed","Tue Apr 28 11:07:32 UTC 2026","","Frontend Unit Tests","Frontend Unit Tests App Component confirm dialog cancel button closes it",""
"","46","Frontend Unit Tests App Component add color 400 shows data.error message","","Tue Apr 28 11:07:32 UTC 2026","passed","Tue Apr 28 11:07:32 UTC 2026","","Frontend Unit Tests","Frontend Unit Tests App Component add color 400 shows data.error message",""
"","10","should reject invalid hex format on update","Chrome","Tue Apr 28 11:11:05 UTC 2026","passed","Tue Apr 28 11:11:05 UTC 2026","Backend API Integration > PUT /api/colors/:name Schema Validation","tests/api.spec.ts","",""
"","0","homepage initial state","Chrome","Tue Apr 28 11:12:58 UTC 2026","skipped","Tue Apr 28 11:12:58 UTC 2026","Percy Visual Regression – Production > Percy – desktop-xl (1920×1080)","","",""
"","9","Server Unit Tests POST /api/colors accepts single alphanumeric characters as names","","Tue Apr 28 11:07:20 UTC 2026","passed","Tue Apr 28 11:07:20 UTC 2026","","Server Unit Tests","Server Unit Tests POST /api/colors accepts single alphanumeric characters as names",""
"","11","Component Tests ColorPicker typing an invalid hex shows ""Use format #RRGGBB"" error","","Tue Apr 28 11:07:32 UTC 2026","passed","Tue Apr 28 11:07:32 UTC 2026","","Utility Functions","Component Tests ColorPicker typing an invalid hex shows ""Use format #RRGGBB"" error",""
"","40","GET /api/colors/Turquoise should return the correct hex code","Chrome","Tue Apr 28 11:11:05 UTC 2026","passed","Tue Apr 28 11:11:05 UTC 2026","Backend API Integration","tests/api.spec.ts","",""
"","1150","successful delete removes the chip","Chrome","Tue Apr 28 11:10:31 UTC 2026","passed","Tue Apr 28 11:10:32 UTC 2026","Color Management — Add & Delete","tests/color-management.spec.ts","",""
"","5","Server Unit Tests PUT /api/colors/:name returns 400 for invalid hex on update","","Tue Apr 28 11:07:20 UTC 2026","passed","Tue Apr 28 11:07:20 UTC 2026","","Server Unit Tests","Server Unit Tests PUT /api/colors/:name returns 400 for invalid hex on update",""
"","0","Utility Functions hslToRgb lightness=1 gives white","","Tue Apr 28 11:07:32 UTC 2026","passed","Tue Apr 28 11:07:32 UTC 2026","","Utility Functions","Utility Functions hslToRgb lightness=1 gives white",""
"","97","Frontend Unit Tests App Component handleColorClick does nothing when data has no hex","","Tue Apr 28 11:07:32 UTC 2026","passed","Tue Apr 28 11:07:32 UTC 2026","","Frontend Unit Tests","Frontend Unit Tests App Component handleColorClick does nothing when data has no hex",""
"","6","Server Unit Tests POST /api/colors accepts names with alphanumeric characters and spaces","","Tue Apr 28 11:07:20 UTC 2026","passed","Tue Apr 28 11:07:20 UTC 2026","","Server Unit Tests","Server Unit Tests POST /api/colors accepts names with alphanumeric characters and spaces",""
"","29","Frontend Unit Tests App Component picker cancel button closes the modal","","Tue Apr 28 11:07:32 UTC 2026","passed","Tue Apr 28 11:07:32 UTC 2026","","Frontend Unit Tests","Frontend Unit Tests App Component picker cancel button closes the modal",""
"","23","Frontend Unit Tests App Component link color is light (#cfe8ff) on dark background","","Tue Apr 28 11:07:32 UTC 2026","passed","Tue Apr 28 11:07:32 UTC 2026","","Frontend Unit Tests","Frontend Unit Tests App Component link color is light (#cfe8ff) on dark background",""
"","0","Utility Functions rgbToHex converts arbitrary color","","Tue Apr 28 11:07:32 UTC 2026","passed","Tue Apr 28 11:07:32 UTC 2026","","Utility Functions","Utility Functions rgbToHex converts arbitrary color",""
"","8","Server Integration Tests (Testcontainers) POST /api/colors should accept a color name containing spaces","","Tue Apr 28 11:07:26 UTC 2026","passed","Tue Apr 28 11:07:26 UTC 2026","","Server Integration Tests (Testcontainers)","Server Integration Tests (Testcontainers) POST /api/colors should accept a color name containing spaces",""
"","17","Component Tests ColorPicker touch start on canvas sets hex to #ff0000 at right edge","","Tue Apr 28 11:07:32 UTC 2026","passed","Tue Apr 28 11:07:32 UTC 2026","","Utility Functions","Component Tests ColorPicker touch start on canvas sets hex to #ff0000 at right edge",""
"","1136","Example #3","BDD","Tue Apr 28 11:10:55 UTC 2026","passed","Tue Apr 28 11:10:56 UTC 2026","Home Page Background Color > Change background color","","",""
"","1101","delete API error shows alert banner","Chrome","Tue Apr 28 11:10:32 UTC 2026","passed","Tue Apr 28 11:10:33 UTC 2026","Color Management — Add & Delete","tests/color-management.spec.ts","",""
"","10","Server Unit Tests GET /api/colors returns JSON content type","","Tue Apr 28 11:07:20 UTC 2026","passed","Tue Apr 28 11:07:20 UTC 2026","","Server Unit Tests","Server Unit Tests GET /api/colors returns JSON content type",""
"","10","Server Integration Tests (Testcontainers) GET /api/colors/:name should return correct data for Yellow","","Tue Apr 28 11:07:26 UTC 2026","passed","Tue Apr 28 11:07:26 UTC 2026","","Server Integration Tests (Testcontainers)","Server Integration Tests (Testcontainers) GET /api/colors/:name should return correct data for Yellow",""
"","47","Frontend Unit Tests App Component deleting a non-active color keeps the current background","","Tue Apr 28 11:07:32 UTC 2026","passed","Tue Apr 28 11:07:32 UTC 2026","","Frontend Unit Tests","Frontend Unit Tests App Component deleting a non-active color keeps the current background",""
"","1","Utility Functions hslToRgb hue=360 wraps to hue=0 → [255,0,0]","","Tue Apr 28 11:07:32 UTC 2026","passed","Tue Apr 28 11:07:32 UTC 2026","","Utility Functions","Utility Functions hslToRgb hue=360 wraps to hue=0 → [255,0,0]",""
"","67","Frontend Unit Tests App Component useEffect runs only once on mount","","Tue Apr 28 11:07:32 UTC 2026","passed","Tue Apr 28 11:07:32 UTC 2026","","Frontend Unit Tests","Frontend Unit Tests App Component useEffect runs only once on mount",""
"","10","Server Integration Tests (Testcontainers) POST /api/colors should accept a single alphanumeric character as a name","","Tue Apr 28 11:07:26 UTC 2026","passed","Tue Apr 28 11:07:26 UTC 2026","","Server Integration Tests (Testcontainers)","Server Integration Tests (Testcontainers) POST /api/colors should accept a single alphanumeric character as a name",""
"","11","X-Powered-By header is not exposed","Chrome","Tue Apr 28 11:11:14 UTC 2026","passed","Tue Apr 28 11:11:15 UTC 2026","Security > Security Headers","tests/security.spec.ts","",""
"","1","Utility Functions hslToRgb hue=59 stays in sector 0","","Tue Apr 28 11:07:32 UTC 2026","passed","Tue Apr 28 11:07:32 UTC 2026","","Utility Functions","Utility Functions hslToRgb hue=59 stays in sector 0",""
"","13","should reject omitting both name and hex on update","Chrome","Tue Apr 28 11:11:05 UTC 2026","passed","Tue Apr 28 11:11:05 UTC 2026","Backend API Integration > PUT /api/colors/:name Schema Validation","tests/api.spec.ts","",""
"","5","Server Unit Tests Surviving Mutants & Edge Cases PUT logic kills hex regex mutant in PUT","","Tue Apr 28 11:07:20 UTC 2026","passed","Tue Apr 28 11:07:20 UTC 2026","","Server Unit Tests","Server Unit Tests Surviving Mutants & Edge Cases PUT logic kills hex regex mutant in PUT",""
"","21","Component Tests ColorPicker mousedown at bottom-center (hue=90) sets hex to #80ff00","","Tue Apr 28 11:07:32 UTC 2026","passed","Tue Apr 28 11:07:32 UTC 2026","","Utility Functions","Component Tests ColorPicker mousedown at bottom-center (hue=90) sets hex to #80ff00",""
"","21","GET /api/colors should return all colors","Chrome","Tue Apr 28 11:11:05 UTC 2026","passed","Tue Apr 28 11:11:05 UTC 2026","Backend API Integration","tests/api.spec.ts","",""
"","3","Utility Functions rgbToHsl dark red (#800000): l<0.5, s=1 (l<=0.5 saturation branch)","","Tue Apr 28 11:07:32 UTC 2026","passed","Tue Apr 28 11:07:32 UTC 2026","","Utility Functions","Utility Functions rgbToHsl dark red (#800000): l<0.5, s=1 (l<=0.5 saturation branch)",""
"","503","should handle missing image gracefully by showing alt text","Chrome","Tue Apr 28 11:10:37 UTC 2026","passed","Tue Apr 28 11:10:37 UTC 2026","Network Mocking & Interception","tests/network-mocking.spec.ts","",""
"","281","Server Unit Tests Surviving Mutants & Edge Cases Port Fallback uses default PORT 5001 when process.env.PORT is missing","","Tue Apr 28 11:07:20 UTC 2026","passed","Tue Apr 28 11:07:20 UTC 2026","","Server Unit Tests","Server Unit Tests Surviving Mutants & Edge Cases Port Fallback uses default PORT 5001 when process.env.PORT is missing",""
"","6","Server Unit Tests OpenAPI endpoints spec includes component schemas","","Tue Apr 28 11:07:20 UTC 2026","passed","Tue Apr 28 11:07:20 UTC 2026","","Server Unit Tests","Server Unit Tests OpenAPI endpoints spec includes component schemas",""
"","9","Frontend Unit Tests App Component shows error alert when initial fetch fails","","Tue Apr 28 11:07:32 UTC 2026","passed","Tue Apr 28 11:07:32 UTC 2026","","Frontend Unit Tests","Frontend Unit Tests App Component shows error alert when initial fetch fails",""
"","1710","deleting the active color switches background to the first remaining","Chrome","Tue Apr 28 11:10:31 UTC 2026","passed","Tue Apr 28 11:10:33 UTC 2026","Color Management — Add & Delete","tests/color-management.spec.ts","",""
"","0","Utility Functions hslToRgb hue=240 (blue) → [0,0,255]","","Tue Apr 28 11:07:32 UTC 2026","passed","Tue Apr 28 11:07:32 UTC 2026","","Utility Functions","Utility Functions hslToRgb hue=240 (blue) → [0,0,255]",""
"","13","Server Unit Tests Surviving Mutants & Edge Cases Regex & Validation STRICT_NAME_REGEX kills mutants on optionality and length","","Tue Apr 28 11:07:20 UTC 2026","passed","Tue Apr 28 11:07:20 UTC 2026","","Server Unit Tests","Server Unit Tests Surviving Mutants & Edge Cases Regex & Validation STRICT_NAME_REGEX kills mutants on optionality and length",""
"","844","homepage should match snapshot","Chrome","Tue Apr 28 11:12:55 UTC 2026","passed","Tue Apr 28 11:12:55 UTC 2026","Visual Regression – tablet (768×1024)","","",""
"","10","Server Integration Tests (Testcontainers) seedDatabase should be idempotent — calling twice always yields exactly 3 colors","","Tue Apr 28 11:07:26 UTC 2026","passed","Tue Apr 28 11:07:26 UTC 2026","","Server Integration Tests (Testcontainers)","Server Integration Tests (Testcontainers) seedDatabase should be idempotent — calling twice always yields exactly 3 colors",""
"","1114","verify Yellow ( #f1c40f ) is applied as the background color","Chrome","Tue Apr 28 11:10:30 UTC 2026","passed","Tue Apr 28 11:10:31 UTC 2026","Background color tests","tests/coverage.spec.ts","",""
"","7","Server Unit Tests Surviving Mutants & Edge Cases Rate Limiting & Security kills mutants by verifying x-powered-by is removed","","Tue Apr 28 11:07:20 UTC 2026","passed","Tue Apr 28 11:07:20 UTC 2026","","Server Unit Tests","Server Unit Tests Surviving Mutants & Edge Cases Rate Limiting & Security kills mutants by verifying x-powered-by is removed",""
"","670","Example #1","BDD","Tue Apr 28 11:10:54 UTC 2026","passed","Tue Apr 28 11:10:54 UTC 2026","Home Page Background Color > Change background color","","",""
"","1","Frontend Unit Tests i18n Configuration should have translation keys in resources","","Tue Apr 28 11:07:34 UTC 2026","passed","Tue Apr 28 11:07:34 UTC 2026","","Frontend Unit Tests","Frontend Unit Tests i18n Configuration should have translation keys in resources",""
"","65","Frontend Unit Tests App Component picker onCancel does nothing when saving=true","","Tue Apr 28 11:07:32 UTC 2026","passed","Tue Apr 28 11:07:32 UTC 2026","","Frontend Unit Tests","Frontend Unit Tests App Component picker onCancel does nothing when saving=true",""
"","7","Server Integration Tests (Testcontainers) GET /api/colors/:name should be case-sensitive (lowercase name returns 404)","","Tue Apr 28 11:07:26 UTC 2026","passed","Tue Apr 28 11:07:26 UTC 2026","","Server Integration Tests (Testcontainers)","Server Integration Tests (Testcontainers) GET /api/colors/:name should be case-sensitive (lowercase name returns 404)",""
"","5","Frontend Unit Tests App Component current color span tracks hex value","","Tue Apr 28 11:07:32 UTC 2026","passed","Tue Apr 28 11:07:32 UTC 2026","","Frontend Unit Tests","Frontend Unit Tests App Component current color span tracks hex value",""
"","6","Server Integration Tests (Testcontainers) PUT /api/colors/:name should return 404 when updating a non-existent color","","Tue Apr 28 11:07:26 UTC 2026","passed","Tue Apr 28 11:07:26 UTC 2026","","Server Integration Tests (Testcontainers)","Server Integration Tests (Testcontainers) PUT /api/colors/:name should return 404 when updating a non-existent color",""
"","0","Utility Functions readableOn returns #fff for a very dark blue","","Tue Apr 28 11:07:32 UTC 2026","passed","Tue Apr 28 11:07:32 UTC 2026","","Utility Functions","Utility Functions readableOn returns #fff for a very dark blue",""
"","23","GET /api/colors/Yellow should return the correct hex code","Chrome","Tue Apr 28 11:11:05 UTC 2026","passed","Tue Apr 28 11:11:05 UTC 2026","Backend API Integration","tests/api.spec.ts","",""
"","36","Component Tests ColorPicker mousemove while dragging updates hex (dragging.current=true kills mutation)","","Tue Apr 28 11:07:32 UTC 2026","passed","Tue Apr 28 11:07:32 UTC 2026","","Utility Functions","Component Tests ColorPicker mousemove while dragging updates hex (dragging.current=true kills mutation)",""
"","10","Component Tests ColorPicker renders the color wheel canvas","","Tue Apr 28 11:07:32 UTC 2026","passed","Tue Apr 28 11:07:32 UTC 2026","","Utility Functions","Component Tests ColorPicker renders the color wheel canvas",""
"","4","Component Tests ConfirmDialog Enter key calls onConfirm when not busy","","Tue Apr 28 11:07:32 UTC 2026","passed","Tue Apr 28 11:07:32 UTC 2026","","Component Tests","Component Tests ConfirmDialog Enter key calls onConfirm when not busy",""
"","45","Frontend Unit Tests App Component add color 501 also triggers server error message (>= 500)","","Tue Apr 28 11:07:32 UTC 2026","passed","Tue Apr 28 11:07:32 UTC 2026","","Frontend Unit Tests","Frontend Unit Tests App Component add color 501 also triggers server error message (>= 500)",""
"","0","Utility Functions readableOn returns #111 for mid-grey (L≈0.35, black gives better contrast)","","Tue Apr 28 11:07:32 UTC 2026","passed","Tue Apr 28 11:07:32 UTC 2026","","Utility Functions","Utility Functions readableOn returns #111 for mid-grey (L≈0.35, black gives better contrast)",""
"","109","Frontend Unit Tests App Component handleColorClick does nothing when data is null","","Tue Apr 28 11:07:32 UTC 2026","passed","Tue Apr 28 11:07:32 UTC 2026","","Frontend Unit Tests","Frontend Unit Tests App Component handleColorClick does nothing when data is null",""
"","0","Utility Functions readableOn returns #111 for an invalid/empty hex string (null rgb fallback)","","Tue Apr 28 11:07:32 UTC 2026","passed","Tue Apr 28 11:07:32 UTC 2026","","Utility Functions","Utility Functions readableOn returns #111 for an invalid/empty hex string (null rgb fallback)",""
"","1013","cancel in confirm dialog closes it without deleting","Chrome","Tue Apr 28 11:10:30 UTC 2026","passed","Tue Apr 28 11:10:31 UTC 2026","Color Management — Add & Delete","tests/color-management.spec.ts","",""
"","22","Component Tests ColorPicker mousedown at left-center (hue=180) sets hex to #00ffff","","Tue Apr 28 11:07:32 UTC 2026","passed","Tue Apr 28 11:07:32 UTC 2026","","Utility Functions","Component Tests ColorPicker mousedown at left-center (hue=180) sets hex to #00ffff",""
"","5","Server Unit Tests PUT /api/colors/:name returns 400 for invalid name with special characters","","Tue Apr 28 11:07:20 UTC 2026","passed","Tue Apr 28 11:07:20 UTC 2026","","Server Unit Tests","Server Unit Tests PUT /api/colors/:name returns 400 for invalid name with special characters",""
"","5","Server Unit Tests 405 Method Not Allowed does not return 405 for allowed GET method on /api/colors/:name","","Tue Apr 28 11:07:20 UTC 2026","passed","Tue Apr 28 11:07:20 UTC 2026","","Server Unit Tests","Server Unit Tests 405 Method Not Allowed does not return 405 for allowed GET method on /api/colors/:name",""
"","1","Utility Functions hslToRgb hue=180 (cyan) → [0,255,255]","","Tue Apr 28 11:07:32 UTC 2026","passed","Tue Apr 28 11:07:32 UTC 2026","","Utility Functions","Utility Functions hslToRgb hue=180 (cyan) → [0,255,255]",""
"","51","Frontend Unit Tests App Component handleColorClick clears previous error on new successful click","","Tue Apr 28 11:07:32 UTC 2026","passed","Tue Apr 28 11:07:32 UTC 2026","","Frontend Unit Tests","Frontend Unit Tests App Component handleColorClick clears previous error on new successful click",""
"","998","shows client-side ""Name is required"" when submitting empty name","Chrome","Tue Apr 28 11:10:27 UTC 2026","passed","Tue Apr 28 11:10:28 UTC 2026","Color Management — Add & Delete","tests/color-management.spec.ts","",""
"","21","Server Integration Tests (Testcontainers) GET /api/colors should return an empty array after all colors are deleted","","Tue Apr 28 11:07:26 UTC 2026","passed","Tue Apr 28 11:07:26 UTC 2026","","Server Integration Tests (Testcontainers)","Server Integration Tests (Testcontainers) GET /api/colors should return an empty array after all colors are deleted",""
"","5","Server Unit Tests GET /api/colors/:name returns 400 for invalid name in path (regex check)","","Tue Apr 28 11:07:20 UTC 2026","passed","Tue Apr 28 11:07:20 UTC 2026","","Server Unit Tests","Server Unit Tests GET /api/colors/:name returns 400 for invalid name in path (regex check)",""
"","66","Frontend Unit Tests App Component handles empty array from initial fetch gracefully","","Tue Apr 28 11:07:32 UTC 2026","passed","Tue Apr 28 11:07:32 UTC 2026","","Frontend Unit Tests","Frontend Unit Tests App Component handles empty array from initial fetch gracefully",""
"","20","Frontend Unit Tests App Component text color on dark background is white","","Tue Apr 28 11:07:32 UTC 2026","passed","Tue Apr 28 11:07:32 UTC 2026","","Frontend Unit Tests","Frontend Unit Tests App Component text color on dark background is white",""
"","0","Utility Functions rgbToHsl g max with b>r (#00ff80) → h near 150","","Tue Apr 28 11:07:32 UTC 2026","passed","Tue Apr 28 11:07:32 UTC 2026","","Utility Functions","Utility Functions rgbToHsl g max with b>r (#00ff80) → h near 150",""
"","1","Utility Functions hexToRgb parses a standard #RRGGBB hex","","Tue Apr 28 11:07:32 UTC 2026","passed","Tue Apr 28 11:07:32 UTC 2026","","Utility Functions","Utility Functions hexToRgb parses a standard #RRGGBB hex",""
"","9","Server Unit Tests GET /api/colors/:name is case-sensitive","","Tue Apr 28 11:07:20 UTC 2026","passed","Tue Apr 28 11:07:20 UTC 2026","","Server Unit Tests","Server Unit Tests GET /api/colors/:name is case-sensitive",""
"","295","Server Unit Tests Surviving Mutants & Edge Cases Infrastructure uses MONGO_URI from environment if available","","Tue Apr 28 11:07:20 UTC 2026","passed","Tue Apr 28 11:07:20 UTC 2026","","Server Unit Tests","Server Unit Tests Surviving Mutants & Edge Cases Infrastructure uses MONGO_URI from environment if available",""
"","1443","should display all core elements and handle button interaction","Chrome","Tue Apr 28 11:12:56 UTC 2026","passed","Tue Apr 28 11:12:57 UTC 2026","Responsive Design – tablet (768×1024)","","",""
"","0","Utility Functions rgbToHex converts pure green","","Tue Apr 28 11:07:32 UTC 2026","passed","Tue Apr 28 11:07:32 UTC 2026","","Utility Functions","Utility Functions rgbToHex converts pure green",""
"","0","Utility Functions hslToRgb hue=60 (yellow) → [255,255,0]","","Tue Apr 28 11:07:32 UTC 2026","passed","Tue Apr 28 11:07:32 UTC 2026","","Utility Functions","Utility Functions hslToRgb hue=60 (yellow) → [255,255,0]",""
"","0","Utility Functions hslToRgb hue=120 (green) → [0,255,0]","","Tue Apr 28 11:07:32 UTC 2026","passed","Tue Apr 28 11:07:32 UTC 2026","","Utility Functions","Utility Functions hslToRgb hue=120 (green) → [0,255,0]",""
"","14","Component Tests ColorPicker Enter key on name input triggers submit","","Tue Apr 28 11:07:32 UTC 2026","passed","Tue Apr 28 11:07:32 UTC 2026","","Utility Functions","Component Tests ColorPicker Enter key on name input triggers submit",""
"","11","should return 404 for non-existent color deletion","Chrome","Tue Apr 28 11:10:48 UTC 2026","passed","Tue Apr 28 11:10:48 UTC 2026","Backend API Integration > DELETE /api/colors/:name","","",""
"","10","Server Unit Tests Surviving Mutants & Edge Cases PUT logic kills name/hex conditional mutants by providing only one field","","Tue Apr 28 11:07:20 UTC 2026","passed","Tue Apr 28 11:07:20 UTC 2026","","Server Unit Tests","Server Unit Tests Surviving Mutants & Edge Cases PUT logic kills name/hex conditional mutants by providing only one field",""
"","2123","should maintain accessibility after state change (color update)","Chrome","Tue Apr 28 11:10:56 UTC 2026","passed","Tue Apr 28 11:10:58 UTC 2026","Accessibility Tests","tests/a11y.spec.ts","",""
"","1","Utility Functions readableOn returns #111 for turquoise (L≈0.39, black gives better contrast)","","Tue Apr 28 11:07:32 UTC 2026","passed","Tue Apr 28 11:07:32 UTC 2026","","Utility Functions","Utility Functions readableOn returns #111 for turquoise (L≈0.39, black gives better contrast)",""
"","899","homepage should match snapshot","Chrome","Tue Apr 28 11:12:56 UTC 2026","passed","Tue Apr 28 11:12:56 UTC 2026","Visual Regression – iphone-landscape (667×375)","","",""
"","1","Utility Functions hslToRgb hue=300 (magenta) → [255,0,255]","","Tue Apr 28 11:07:32 UTC 2026","passed","Tue Apr 28 11:07:32 UTC 2026","","Utility Functions","Utility Functions hslToRgb hue=300 (magenta) → [255,0,255]",""
"","4","Server Unit Tests Surviving Mutants & Edge Cases Swagger Metadata & OpenAPI has exact API info","","Tue Apr 28 11:07:20 UTC 2026","passed","Tue Apr 28 11:07:20 UTC 2026","","Server Unit Tests","Server Unit Tests Surviving Mutants & Edge Cases Swagger Metadata & OpenAPI has exact API info",""
"","22","Component Tests ColorPicker touchend stops dragging (touchmove after touchend is ignored)","","Tue Apr 28 11:07:32 UTC 2026","passed","Tue Apr 28 11:07:32 UTC 2026","","Utility Functions","Component Tests ColorPicker touchend stops dragging (touchmove after touchend is ignored)",""
"","6","Server Unit Tests Middleware JSON error middleware ignores SyntaxError without body","","Tue Apr 28 11:07:20 UTC 2026","passed","Tue Apr 28 11:07:20 UTC 2026","","Server Unit Tests","Server Unit Tests Middleware JSON error middleware ignores SyntaxError without body",""
"","30","Component Tests ConfirmDialog both buttons are disabled when busy=true","","Tue Apr 28 11:07:32 UTC 2026","passed","Tue Apr 28 11:07:32 UTC 2026","","Component Tests","Component Tests ConfirmDialog both buttons are disabled when busy=true",""
"","38","Frontend Unit Tests App Component add color 409 fallback message when data.error is absent","","Tue Apr 28 11:07:32 UTC 2026","passed","Tue Apr 28 11:07:32 UTC 2026","","Frontend Unit Tests","Frontend Unit Tests App Component add color 409 fallback message when data.error is absent",""
"","8","Server Integration Tests (Testcontainers) Method Not Allowed should return 405 for PATCH /api/colors","","Tue Apr 28 11:07:26 UTC 2026","passed","Tue Apr 28 11:07:26 UTC 2026","","Server Integration Tests (Testcontainers)","Server Integration Tests (Testcontainers) Method Not Allowed should return 405 for PATCH /api/colors",""
"","12","Server Integration Tests (Testcontainers) GET /api/colors should not expose _id or __v fields","","Tue Apr 28 11:07:26 UTC 2026","passed","Tue Apr 28 11:07:26 UTC 2026","","Server Integration Tests (Testcontainers)","Server Integration Tests (Testcontainers) GET /api/colors should not expose _id or __v fields",""
"","0","Utility Functions hslToRgb hue=330 (rose) → [255,0,128]","","Tue Apr 28 11:07:32 UTC 2026","passed","Tue Apr 28 11:07:32 UTC 2026","","Utility Functions","Utility Functions hslToRgb hue=330 (rose) → [255,0,128]",""
"","22","Server Integration Tests (Testcontainers) Concurrent writes should handle simultaneous POSTs with the same name — exactly one succeeds","","Tue Apr 28 11:07:26 UTC 2026","passed","Tue Apr 28 11:07:26 UTC 2026","","Server Integration Tests (Testcontainers)","Server Integration Tests (Testcontainers) Concurrent writes should handle simultaneous POSTs with the same name — exactly one succeeds",""
"","520","check Turquoise ( #1abc9c) is the default background color.","Chrome","Tue Apr 28 11:10:33 UTC 2026","passed","Tue Apr 28 11:10:34 UTC 2026","","tests/coverage.spec.ts","",""
"","14","Server Integration Tests (Testcontainers) GET /api/colors/:name should return correct data for Turquoise","","Tue Apr 28 11:07:26 UTC 2026","passed","Tue Apr 28 11:07:26 UTC 2026","","Server Integration Tests (Testcontainers)","Server Integration Tests (Testcontainers) GET /api/colors/:name should return correct data for Turquoise",""
"","9","PATCH /api/colors/:name returns 405","Chrome","Tue Apr 28 11:11:15 UTC 2026","passed","Tue Apr 28 11:11:15 UTC 2026","Security > HTTP Method Restrictions","tests/security.spec.ts","",""
"","8","Frontend Unit Tests App Component shows error alert when initial fetch returns non-2xx","","Tue Apr 28 11:07:32 UTC 2026","passed","Tue Apr 28 11:07:32 UTC 2026","","Frontend Unit Tests","Frontend Unit Tests App Component shows error alert when initial fetch returns non-2xx",""
"","45","Frontend Unit Tests App Component learn react link has correct text","","Tue Apr 28 11:07:32 UTC 2026","passed","Tue Apr 28 11:07:32 UTC 2026","","Frontend Unit Tests","Frontend Unit Tests App Component learn react link has correct text",""
"","1418","shows server-error message on 500 inside the picker","Chrome","Tue Apr 28 11:10:29 UTC 2026","passed","Tue Apr 28 11:10:30 UTC 2026","Color Management — Add & Delete","tests/color-management.spec.ts","",""
"","41","Server Unit Tests GET /api/colors returns all seeded colors with correct names and hex values","","Tue Apr 28 11:07:20 UTC 2026","passed","Tue Apr 28 11:07:20 UTC 2026","","Server Unit Tests","Server Unit Tests GET /api/colors returns all seeded colors with correct names and hex values",""
"","41","Frontend Unit Tests App Component handleColorClick shows error on non-2xx response","","Tue Apr 28 11:07:32 UTC 2026","passed","Tue Apr 28 11:07:32 UTC 2026","","Frontend Unit Tests","Frontend Unit Tests App Component handleColorClick shows error on non-2xx response",""
"","7","Server Unit Tests Surviving Mutants & Edge Cases Regex & Validation Zod required_error messages are correct","","Tue Apr 28 11:07:20 UTC 2026","passed","Tue Apr 28 11:07:20 UTC 2026","","Server Unit Tests","Server Unit Tests Surviving Mutants & Edge Cases Regex & Validation Zod required_error messages are correct",""
"","1","Utility Functions hslToRgb hue=90 (chartreuse) → [128,255,0]","","Tue Apr 28 11:07:32 UTC 2026","passed","Tue Apr 28 11:07:32 UTC 2026","","Utility Functions","Utility Functions hslToRgb hue=90 (chartreuse) → [128,255,0]",""
"","22","Component Tests ColorPicker close (×) button calls onCancel","","Tue Apr 28 11:07:32 UTC 2026","passed","Tue Apr 28 11:07:32 UTC 2026","","Utility Functions","Component Tests ColorPicker close (×) button calls onCancel",""
"","1018","verify Red ( #e74c3c ) is applied as the background color","Chrome","Tue Apr 28 11:10:30 UTC 2026","passed","Tue Apr 28 11:10:31 UTC 2026","Background color tests","tests/coverage.spec.ts","",""
"","8","Server Integration Tests (Testcontainers) Method Not Allowed should return 405 for PATCH /api/colors/:name","","Tue Apr 28 11:07:26 UTC 2026","passed","Tue Apr 28 11:07:26 UTC 2026","","Server Integration Tests (Testcontainers)","Server Integration Tests (Testcontainers) Method Not Allowed should return 405 for PATCH /api/colors/:name",""
"","1151","DELETE /api/colors/{name}","","","passed","","","schemathesis","",""
"","5","Server Unit Tests POST /api/colors returns 400 for invalid hex format (no hash)","","Tue Apr 28 11:07:20 UTC 2026","passed","Tue Apr 28 11:07:20 UTC 2026","","Server Unit Tests","Server Unit Tests POST /api/colors returns 400 for invalid hex format (no hash)",""
"","60","Frontend Unit Tests App Component fetches and displays color chips with swatch and delete button","","Tue Apr 28 11:07:32 UTC 2026","passed","Tue Apr 28 11:07:32 UTC 2026","","Frontend Unit Tests","Frontend Unit Tests App Component fetches and displays color chips with swatch and delete button",""
"","28","Frontend Unit Tests App Component confirm dialog Escape key closes it","","Tue Apr 28 11:07:32 UTC 2026","passed","Tue Apr 28 11:07:32 UTC 2026","","Frontend Unit Tests","Frontend Unit Tests App Component confirm dialog Escape key closes it",""
"","22","Server Integration Tests (Testcontainers) GET /api/colors/:name should return correct data for Red","","Tue Apr 28 11:07:26 UTC 2026","passed","Tue Apr 28 11:07:26 UTC 2026","","Server Integration Tests (Testcontainers)","Server Integration Tests (Testcontainers) GET /api/colors/:name should return correct data for Red",""
"","5","Server Unit Tests Error Handling GET /api/colors returns 500 when database fails","","Tue Apr 28 11:07:20 UTC 2026","passed","Tue Apr 28 11:07:20 UTC 2026","","Server Unit Tests","Server Unit Tests Error Handling GET /api/colors returns 500 when database fails",""
"","0","Utility Functions rgbToHex pads single-digit hex values with leading zero","","Tue Apr 28 11:07:32 UTC 2026","passed","Tue Apr 28 11:07:32 UTC 2026","","Utility Functions","Utility Functions rgbToHex pads single-digit hex values with leading zero",""
"","611","Show loading state when the API returns an empty colors list","BDD","Tue Apr 28 11:10:51 UTC 2026","passed","Tue Apr 28 11:10:52 UTC 2026","API Error Handling","","",""
"","0","Utility Functions readableOn returns #fff for black (very dark, L≈0)","","Tue Apr 28 11:07:32 UTC 2026","passed","Tue Apr 28 11:07:32 UTC 2026","","Utility Functions","Utility Functions readableOn returns #fff for black (very dark, L≈0)",""
"","11","Server Unit Tests PUT /api/colors/:name updates the hex of an existing color","","Tue Apr 28 11:07:20 UTC 2026","passed","Tue Apr 28 11:07:20 UTC 2026","","Server Unit Tests","Server Unit Tests PUT /api/colors/:name updates the hex of an existing color",""
"","6","Server Unit Tests 405 Method Not Allowed does not return 405 for allowed POST method on /api/colors","","Tue Apr 28 11:07:20 UTC 2026","passed","Tue Apr 28 11:07:20 UTC 2026","","Server Unit Tests","Server Unit Tests 405 Method Not Allowed does not return 405 for allowed POST method on /api/colors",""
"","10","Component Tests ColorPicker wheel cursor is at (110,110) at center (sat=0)","","Tue Apr 28 11:07:32 UTC 2026","passed","Tue Apr 28 11:07:32 UTC 2026","","Utility Functions","Component Tests ColorPicker wheel cursor is at (110,110) at center (sat=0)",""
"","24","Server Integration Tests (Testcontainers) End-to-end CRUD workflow should create, read, update, and delete a color in sequence","","Tue Apr 28 11:07:26 UTC 2026","passed","Tue Apr 28 11:07:26 UTC 2026","","Server Integration Tests (Testcontainers)","Server Integration Tests (Testcontainers) End-to-end CRUD workflow should create, read, update, and delete a color in sequence",""
"","7","Server Unit Tests POST /api/colors accepts names with the + character","","Tue Apr 28 11:07:20 UTC 2026","passed","Tue Apr 28 11:07:20 UTC 2026","","Server Unit Tests","Server Unit Tests POST /api/colors accepts names with the + character",""
"","16","POST with javascript: URI in name is rejected (400)","Chrome","Tue Apr 28 11:11:12 UTC 2026","passed","Tue Apr 28 11:11:12 UTC 2026","Security > XSS Prevention","tests/security.spec.ts","",""
"","4","Component Tests ConfirmDialog Escape key calls onCancel when not busy","","Tue Apr 28 11:07:32 UTC 2026","passed","Tue Apr 28 11:07:32 UTC 2026","","Component Tests","Component Tests ConfirmDialog Escape key calls onCancel when not busy",""
"","22","Component Tests ColorPicker submit with invalid chars shows validation error","","Tue Apr 28 11:07:32 UTC 2026","passed","Tue Apr 28 11:07:32 UTC 2026","","Utility Functions","Component Tests ColorPicker submit with invalid chars shows validation error",""
"","0","Utility Functions paintWheelPixel sets alpha to 0 when dist > r (outside circle)","","Tue Apr 28 11:07:32 UTC 2026","passed","Tue Apr 28 11:07:32 UTC 2026","","Utility Functions","Utility Functions paintWheelPixel sets alpha to 0 when dist > r (outside circle)",""
"","0","Utility Functions rgbToHex converts pure blue","","Tue Apr 28 11:07:32 UTC 2026","passed","Tue Apr 28 11:07:32 UTC 2026","","Utility Functions","Utility Functions rgbToHex converts pure blue",""
"","4","Server Unit Tests Middleware returns 400 for malformed JSON body","","Tue Apr 28 11:07:20 UTC 2026","passed","Tue Apr 28 11:07:20 UTC 2026","","Server Unit Tests","Server Unit Tests Middleware returns 400 for malformed JSON body",""
"","1046","Example #2","BDD","Tue Apr 28 11:10:55 UTC 2026","passed","Tue Apr 28 11:10:56 UTC 2026","Home Page Background Color > Change background color","","",""
"","1326","GET /api/colors/{name}","","","passed","","","schemathesis","",""
"","1","Utility Functions hslToRgb lightness clamped: l=-0.5 gives black","","Tue Apr 28 11:07:32 UTC 2026","passed","Tue Apr 28 11:07:32 UTC 2026","","Utility Functions","Utility Functions hslToRgb lightness clamped: l=-0.5 gives black",""
"","621","Example #1","BDD","Tue Apr 28 11:10:56 UTC 2026","passed","Tue Apr 28 11:10:56 UTC 2026","Language Switching > Switch language and verify translated UI labels","","",""
"","5","Component Tests ColorPicker serverError banner is absent when serverError is null","","Tue Apr 28 11:07:32 UTC 2026","passed","Tue Apr 28 11:07:32 UTC 2026","","Utility Functions","Component Tests ColorPicker serverError banner is absent when serverError is null",""
"","20","Server Unit Tests Surviving Mutants & Edge Cases Regex & Validation STRICT_NAME_REGEX is strict on forbidden special characters in the middle","","Tue Apr 28 11:07:20 UTC 2026","passed","Tue Apr 28 11:07:20 UTC 2026","","Server Unit Tests","Server Unit Tests Surviving Mutants & Edge Cases Regex & Validation STRICT_NAME_REGEX is strict on forbidden special characters in the middle",""
"","46","Frontend Unit Tests App Component renders title, logo, and calls initial fetch","","Tue Apr 28 11:07:32 UTC 2026","passed","Tue Apr 28 11:07:32 UTC 2026","","Frontend Unit Tests","Frontend Unit Tests App Component renders title, logo, and calls initial fetch",""
"","982","should display colors that do not exist in the database","Chrome","Tue Apr 28 11:10:37 UTC 2026","passed","Tue Apr 28 11:10:38 UTC 2026","Network Mocking & Interception","tests/network-mocking.spec.ts","",""
"","1","homepage initial state","Chrome","Tue Apr 28 11:12:58 UTC 2026","skipped","Tue Apr 28 11:12:58 UTC 2026","Percy Visual Regression – Production > Percy – desktop (1280×720)","","",""
"","1171","homepage should match snapshot","Chrome","Tue Apr 28 11:12:53 UTC 2026","passed","Tue Apr 28 11:12:55 UTC 2026","Visual Regression – desktop-xl (1920×1080)","","",""
"","547","should handle fetch colors network failure gracefully","Chrome","Tue Apr 28 11:10:35 UTC 2026","passed","Tue Apr 28 11:10:36 UTC 2026","UI Error Handling Coverage","tests/error-handling.spec.ts","",""
"","18","oversized payload is rejected (413)","Chrome","Tue Apr 28 11:11:14 UTC 2026","passed","Tue Apr 28 11:11:14 UTC 2026","Security > Input Validation","tests/security.spec.ts","",""
"","11","Server Integration Tests (Testcontainers) POST /api/colors should return 409 when creating a duplicate color name","","Tue Apr 28 11:07:26 UTC 2026","passed","Tue Apr 28 11:07:26 UTC 2026","","Server Integration Tests (Testcontainers)","Server Integration Tests (Testcontainers) POST /api/colors should return 409 when creating a duplicate color name",""
"","3","Server Unit Tests OpenAPI endpoints has exact application/json content-type","","Tue Apr 28 11:07:20 UTC 2026","passed","Tue Apr 28 11:07:20 UTC 2026","","Server Unit Tests","Server Unit Tests OpenAPI endpoints has exact application/json content-type",""
"","40","Frontend Unit Tests App Component active chip has is-active CSS class","","Tue Apr 28 11:07:32 UTC 2026","passed","Tue Apr 28 11:07:32 UTC 2026","","Frontend Unit Tests","Frontend Unit Tests App Component active chip has is-active CSS class",""
"","4","Server Unit Tests 405 Method Not Allowed returns 405 for PATCH on /api/colors/:name","","Tue Apr 28 11:07:20 UTC 2026","passed","Tue Apr 28 11:07:20 UTC 2026","","Server Unit Tests","Server Unit Tests 405 Method Not Allowed returns 405 for PATCH on /api/colors/:name",""
"","5","Server Unit Tests Middleware returns 413 for payload too large","","Tue Apr 28 11:07:20 UTC 2026","passed","Tue Apr 28 11:07:20 UTC 2026","","Server Unit Tests","Server Unit Tests Middleware returns 413 for payload too large",""
"","1392","should maintain accessibility in el language and verify resilient locators","Chrome","Tue Apr 28 11:11:03 UTC 2026","passed","Tue Apr 28 11:11:04 UTC 2026","i18n Accessibility Tests","tests/a11y.spec.ts","",""
"","12","Server Unit Tests DELETE /api/colors/:name deletes an existing color and returns success message","","Tue Apr 28 11:07:20 UTC 2026","passed","Tue Apr 28 11:07:20 UTC 2026","","Server Unit Tests","Server Unit Tests DELETE /api/colors/:name deletes an existing color and returns success message",""
"","29","Component Tests ColorPicker lightness slider change updates the preview","","Tue Apr 28 11:07:32 UTC 2026","passed","Tue Apr 28 11:07:32 UTC 2026","","Utility Functions","Component Tests ColorPicker lightness slider change updates the preview",""
"","10","POST /api-docs returns 405","Chrome","Tue Apr 28 11:11:15 UTC 2026","passed","Tue Apr 28 11:11:15 UTC 2026","Security > HTTP Method Restrictions","tests/security.spec.ts","",""
"","11","Server Unit Tests GET /api/colors does not expose _id or __v fields","","Tue Apr 28 11:07:20 UTC 2026","passed","Tue Apr 28 11:07:20 UTC 2026","","Server Unit Tests","Server Unit Tests GET /api/colors does not expose _id or __v fields",""
"","5","Frontend Unit Tests App Component language selector change calls i18n and updates html lang","","Tue Apr 28 11:07:32 UTC 2026","passed","Tue Apr 28 11:07:32 UTC 2026","","Frontend Unit Tests","Frontend Unit Tests App Component language selector change calls i18n and updates html lang",""
"Performance Test: API Performance Test
File: api-performance.spec.ts
Total Iterations: 1
Max VUs: 1

HTTP Request Duration:
- Avg: 6.12ms
- P(95): 15.23ms
- Max: 18.14ms

Full metrics attached in the results.","2724","API Performance Test","Performance","Tue Apr 28 11:08:53 UTC 2026","passed","Tue Apr 28 11:08:56 UTC 2026","api-performance.spec.ts","API Performance Test","",""
"","668","handle initial fetch with empty data","Chrome","Tue Apr 28 11:10:33 UTC 2026","passed","Tue Apr 28 11:10:34 UTC 2026","Edge cases and error handling","tests/coverage.spec.ts","",""
"","607","handle color response missing hex property","Chrome","Tue Apr 28 11:10:34 UTC 2026","passed","Tue Apr 28 11:10:34 UTC 2026","Edge cases and error handling","tests/coverage.spec.ts","",""
"","0","Utility Functions paintWheelPixel anti-aliases near-edge pixel: dist=r-0.5 gives alpha=127","","Tue Apr 28 11:07:32 UTC 2026","passed","Tue Apr 28 11:07:32 UTC 2026","","Utility Functions","Utility Functions paintWheelPixel anti-aliases near-edge pixel: dist=r-0.5 gives alpha=127",""
"","0","Utility Functions readableOn returns #111 for white (very light, L=1)","","Tue Apr 28 11:07:32 UTC 2026","passed","Tue Apr 28 11:07:32 UTC 2026","","Utility Functions","Utility Functions readableOn returns #111 for white (very light, L=1)",""
"","979","changing color to Red should reflect in UI and DOM","Chrome","Tue Apr 28 11:10:34 UTC 2026","passed","Tue Apr 28 11:10:35 UTC 2026","Data-Driven Testing","tests/data-driven.spec.ts","",""
"","94","Frontend Unit Tests App Component clicking a color chip makes it active","","Tue Apr 28 11:07:32 UTC 2026","passed","Tue Apr 28 11:07:32 UTC 2026","","Frontend Unit Tests","Frontend Unit Tests App Component clicking a color chip makes it active",""
"","5","Server Unit Tests POST /api/colors returns 400 for invalid hex format (too short)","","Tue Apr 28 11:07:20 UTC 2026","passed","Tue Apr 28 11:07:20 UTC 2026","","Server Unit Tests","Server Unit Tests POST /api/colors returns 400 for invalid hex format (too short)",""
"","5","Server Unit Tests POST /api/colors returns 400 for extra unknown fields (strict schema)","","Tue Apr 28 11:07:20 UTC 2026","passed","Tue Apr 28 11:07:20 UTC 2026","","Server Unit Tests","Server Unit Tests POST /api/colors returns 400 for extra unknown fields (strict schema)",""
"","10","empty body on POST returns 400","Chrome","Tue Apr 28 11:11:14 UTC 2026","passed","Tue Apr 28 11:11:14 UTC 2026","Security > Input Validation","tests/security.spec.ts","",""
"","27","Component Tests ColorPicker submit with empty name shows ""Name is required"" error","","Tue Apr 28 11:07:32 UTC 2026","passed","Tue Apr 28 11:07:32 UTC 2026","","Utility Functions","Component Tests ColorPicker submit with empty name shows ""Name is required"" error",""
"","811","should show loading state when API returns empty colors","Chrome","Tue Apr 28 11:10:36 UTC 2026","passed","Tue Apr 28 11:10:37 UTC 2026","UI Error Handling Coverage","tests/error-handling.spec.ts","",""
"","742","first color chip is active on load (aria-pressed=true)","Chrome","Tue Apr 28 11:10:23 UTC 2026","passed","Tue Apr 28 11:10:24 UTC 2026","Color Management — Add & Delete","tests/color-management.spec.ts","",""
"","6","Server Integration Tests (Testcontainers) POST /api/colors should return 400 when hex is missing","","Tue Apr 28 11:07:26 UTC 2026","passed","Tue Apr 28 11:07:26 UTC 2026","","Server Integration Tests (Testcontainers)","Server Integration Tests (Testcontainers) POST /api/colors should return 400 when hex is missing",""
"","1","Frontend Unit Tests i18n Configuration should be initialized with correct settings","","Tue Apr 28 11:07:34 UTC 2026","passed","Tue Apr 28 11:07:34 UTC 2026","","Frontend Unit Tests","Frontend Unit Tests i18n Configuration should be initialized with correct settings",""
"","66","Frontend Unit Tests App Component handles non-array initial fetch response gracefully","","Tue Apr 28 11:07:32 UTC 2026","passed","Tue Apr 28 11:07:32 UTC 2026","","Frontend Unit Tests","Frontend Unit Tests App Component handles non-array initial fetch response gracefully",""
"","21","POST with script tag in name is rejected (400)","Chrome","Tue Apr 28 11:11:12 UTC 2026","passed","Tue Apr 28 11:11:12 UTC 2026","Security > XSS Prevention","tests/security.spec.ts","",""
"","4","Server Unit Tests DELETE /api/colors/:name returns 404 for a non-existent color","","Tue Apr 28 11:07:20 UTC 2026","passed","Tue Apr 28 11:07:20 UTC 2026","","Server Unit Tests","Server Unit Tests DELETE /api/colors/:name returns 404 for a non-existent color",""
"","1","Utility Functions readableOn returns #111 for light-grey (L≈0.60, above 0.179 threshold)","","Tue Apr 28 11:07:32 UTC 2026","passed","Tue Apr 28 11:07:32 UTC 2026","","Utility Functions","Utility Functions readableOn returns #111 for light-grey (L≈0.60, above 0.179 threshold)",""
"","21","Frontend Unit Tests App Component text color on light background is dark","","Tue Apr 28 11:07:32 UTC 2026","passed","Tue Apr 28 11:07:32 UTC 2026","","Frontend Unit Tests","Frontend Unit Tests App Component text color on light background is dark",""
"","7","Server Unit Tests GET /api/colors/:name returns Turquoise color correctly","","Tue Apr 28 11:07:20 UTC 2026","passed","Tue Apr 28 11:07:20 UTC 2026","","Server Unit Tests","Server Unit Tests GET /api/colors/:name returns Turquoise color correctly",""
"","6","Server Unit Tests Middleware JSON error middleware ignores SyntaxError with status != 400","","Tue Apr 28 11:07:20 UTC 2026","passed","Tue Apr 28 11:07:20 UTC 2026","","Server Unit Tests","Server Unit Tests Middleware JSON error middleware ignores SyntaxError with status != 400",""
"","6","Frontend Unit Tests App Component colors.length === 0 shows loading text","","Tue Apr 28 11:07:32 UTC 2026","passed","Tue Apr 28 11:07:32 UTC 2026","","Frontend Unit Tests","Frontend Unit Tests App Component colors.length === 0 shows loading text",""
"","1","Utility Functions hslToRgb hue=30 (orange) → [255,128,0]","","Tue Apr 28 11:07:32 UTC 2026","passed","Tue Apr 28 11:07:32 UTC 2026","","Utility Functions","Utility Functions hslToRgb hue=30 (orange) → [255,128,0]",""
"","31","Frontend Unit Tests App Component clicking chip-x opens confirm dialog with color name and swatch","","Tue Apr 28 11:07:32 UTC 2026","passed","Tue Apr 28 11:07:32 UTC 2026","","Frontend Unit Tests","Frontend Unit Tests App Component clicking chip-x opens confirm dialog with color name and swatch",""
"","7","Server Unit Tests 405 Method Not Allowed returns 405 for POST, PUT, DELETE on /openapi.json","","Tue Apr 28 11:07:20 UTC 2026","passed","Tue Apr 28 11:07:20 UTC 2026","","Server Unit Tests","Server Unit Tests 405 Method Not Allowed returns 405 for POST, PUT, DELETE on /openapi.json",""
"","2553","should maintain accessibility in en language and verify resilient locators","Chrome","Tue Apr 28 11:10:59 UTC 2026","passed","Tue Apr 28 11:11:01 UTC 2026","i18n Accessibility Tests","tests/a11y.spec.ts","",""
"","0","Utility Functions paintWheelPixel wraps negative angle: dy<0 gives angle+360 (hue=270 → violet)","","Tue Apr 28 11:07:32 UTC 2026","passed","Tue Apr 28 11:07:32 UTC 2026","","Utility Functions","Utility Functions paintWheelPixel wraps negative angle: dy<0 gives angle+360 (hue=270 → violet)",""
"","36","Frontend Unit Tests App Component existingNames passed to ColorPicker matches current color list","","Tue Apr 28 11:07:32 UTC 2026","passed","Tue Apr 28 11:07:32 UTC 2026","","Frontend Unit Tests","Frontend Unit Tests App Component existingNames passed to ColorPicker matches current color list",""
"","642","Show error message when the initial colors fetch fails","BDD","Tue Apr 28 11:10:51 UTC 2026","passed","Tue Apr 28 11:10:52 UTC 2026","API Error Handling","","",""
"","9","Component Tests ColorPicker falls back to window resize listener when ResizeObserver is not available","","Tue Apr 28 11:07:32 UTC 2026","passed","Tue Apr 28 11:07:32 UTC 2026","","Utility Functions","Component Tests ColorPicker falls back to window resize listener when ResizeObserver is not available",""
"","49","Frontend Unit Tests App Component deleting the active color switches background to the first remaining","","Tue Apr 28 11:07:32 UTC 2026","passed","Tue Apr 28 11:07:32 UTC 2026","","Frontend Unit Tests","Frontend Unit Tests App Component deleting the active color switches background to the first remaining",""
"","4","Server Unit Tests PUT /api/colors/:name returns 400 for invalid current name format in URL","","Tue Apr 28 11:07:20 UTC 2026","passed","Tue Apr 28 11:07:20 UTC 2026","","Server Unit Tests","Server Unit Tests PUT /api/colors/:name returns 400 for invalid current name format in URL",""
"","9","Server Integration Tests (Testcontainers) POST /api/colors should not expose _id or __v in the creation response","","Tue Apr 28 11:07:26 UTC 2026","passed","Tue Apr 28 11:07:26 UTC 2026","","Server Integration Tests (Testcontainers)","Server Integration Tests (Testcontainers) POST /api/colors should not expose _id or __v in the creation response",""
"","615","Example #3","BDD","Tue Apr 28 11:10:56 UTC 2026","passed","Tue Apr 28 11:10:57 UTC 2026","Language Switching > Switch language and verify translated UI labels","","",""
"","933","Cancel button closes the picker","Chrome","Tue Apr 28 11:10:25 UTC 2026","passed","Tue Apr 28 11:10:26 UTC 2026","Color Management — Add & Delete","tests/color-management.spec.ts","",""
"","10","should reject updating with empty name","Chrome","Tue Apr 28 11:11:05 UTC 2026","passed","Tue Apr 28 11:11:05 UTC 2026","Backend API Integration > PUT /api/colors/:name Schema Validation","tests/api.spec.ts","",""
"","4","Server Unit Tests PUT /api/colors/:name returns 400 when no fields are provided (empty body)","","Tue Apr 28 11:07:20 UTC 2026","passed","Tue Apr 28 11:07:20 UTC 2026","","Server Unit Tests","Server Unit Tests PUT /api/colors/:name returns 400 when no fields are provided (empty body)",""
"","3","Component Tests ConfirmDialog title is rendered in the element with id confirm-title","","Tue Apr 28 11:07:32 UTC 2026","passed","Tue Apr 28 11:07:32 UTC 2026","","Component Tests","Component Tests ConfirmDialog title is rendered in the element with id confirm-title",""
"","0","homepage after color change","Chrome","Tue Apr 28 11:12:58 UTC 2026","skipped","Tue Apr 28 11:12:58 UTC 2026","Percy Visual Regression – Production > Percy – tablet (768×1024)","","",""
"","904","verify Red ( #e74c3c ) is applied as the background color","Chrome","Tue Apr 28 11:10:39 UTC 2026","passed","Tue Apr 28 11:10:40 UTC 2026","POM Refactored: Background color tests","tests/pom-refactored.spec.ts","",""
"","19","Server Unit Tests GET /api/colors returns an empty array when no colors exist","","Tue Apr 28 11:07:20 UTC 2026","passed","Tue Apr 28 11:07:20 UTC 2026","","Server Unit Tests","Server Unit Tests GET /api/colors returns an empty array when no colors exist",""
"","4","Server Unit Tests Surviving Mutants & Edge Cases Logs seedDatabase logs success message","","Tue Apr 28 11:07:20 UTC 2026","passed","Tue Apr 28 11:07:20 UTC 2026","","Server Unit Tests","Server Unit Tests Surviving Mutants & Edge Cases Logs seedDatabase logs success message",""
"","0","Utility Functions hslToRgb hue=270 (violet) → [128,0,255]","","Tue Apr 28 11:07:32 UTC 2026","passed","Tue Apr 28 11:07:32 UTC 2026","","Utility Functions","Utility Functions hslToRgb hue=270 (violet) → [128,0,255]",""
"","0","Utility Functions hslToRgb saturation clamped: s=-0.5 treated as s=0","","Tue Apr 28 11:07:32 UTC 2026","passed","Tue Apr 28 11:07:32 UTC 2026","","Utility Functions","Utility Functions hslToRgb saturation clamped: s=-0.5 treated as s=0",""
"","4","Server Unit Tests Surviving Mutants & Edge Cases Swagger Metadata & OpenAPI has exact info metadata","","Tue Apr 28 11:07:20 UTC 2026","passed","Tue Apr 28 11:07:20 UTC 2026","","Server Unit Tests","Server Unit Tests Surviving Mutants & Edge Cases Swagger Metadata & OpenAPI has exact info metadata",""
"","9","Server Integration Tests (Testcontainers) DELETE /api/colors/:name should delete a color and confirm removal from the real database","","Tue Apr 28 11:07:26 UTC 2026","passed","Tue Apr 28 11:07:26 UTC 2026","","Server Integration Tests (Testcontainers)","Server Integration Tests (Testcontainers) DELETE /api/colors/:name should delete a color and confirm removal from the real database",""
"","0","homepage initial state","Chrome","Tue Apr 28 11:12:58 UTC 2026","skipped","Tue Apr 28 11:12:58 UTC 2026","Percy Visual Regression – Production > Percy – tablet (768×1024)","","",""
"","89","Frontend Unit Tests App Component confirm dialog cancel does nothing when deleting=true","","Tue Apr 28 11:07:32 UTC 2026","passed","Tue Apr 28 11:07:32 UTC 2026","","Frontend Unit Tests","Frontend Unit Tests App Component confirm dialog cancel does nothing when deleting=true",""
"","10","array body on POST returns 400","Chrome","Tue Apr 28 11:11:14 UTC 2026","passed","Tue Apr 28 11:11:14 UTC 2026","Security > Input Validation","tests/security.spec.ts","",""
"","11","unknown extra fields in POST body are rejected (400)","Chrome","Tue Apr 28 11:11:14 UTC 2026","passed","Tue Apr 28 11:11:14 UTC 2026","Security > Input Validation","tests/security.spec.ts","",""
"","1061","homepage should match snapshot","Chrome","Tue Apr 28 11:12:53 UTC 2026","passed","Tue Apr 28 11:12:54 UTC 2026","Visual Regression – desktop (1280×720)","","",""
"","4","Server Unit Tests Error Handling DELETE /api/colors/:name returns 500 when database fails","","Tue Apr 28 11:07:20 UTC 2026","passed","Tue Apr 28 11:07:20 UTC 2026","","Server Unit Tests","Server Unit Tests Error Handling DELETE /api/colors/:name returns 500 when database fails",""
"","142","Component Tests ConfirmDialog renders title, body, and both buttons","","Tue Apr 28 11:07:32 UTC 2026","passed","Tue Apr 28 11:07:32 UTC 2026","","Component Tests","Component Tests ConfirmDialog renders title, body, and both buttons",""
"","647","verify Turquoise ( #1abc9c ) is applied as the background color","Chrome","Tue Apr 28 11:10:38 UTC 2026","passed","Tue Apr 28 11:10:39 UTC 2026","POM Refactored: Background color tests","tests/pom-refactored.spec.ts","",""
"","45","Frontend Unit Tests App Component delete API error shows error alert without closing dialog","","Tue Apr 28 11:07:32 UTC 2026","passed","Tue Apr 28 11:07:32 UTC 2026","","Frontend Unit Tests","Frontend Unit Tests App Component delete API error shows error alert without closing dialog",""
"","4","Utility Functions rgbToHsl mid-grey [128,128,128] → s=0","","Tue Apr 28 11:07:32 UTC 2026","passed","Tue Apr 28 11:07:32 UTC 2026","","Utility Functions","Utility Functions rgbToHsl mid-grey [128,128,128] → s=0",""
"","21","Component Tests ColorPicker mousedown at right-center (hue=0) sets hex to #ff0000","","Tue Apr 28 11:07:32 UTC 2026","passed","Tue Apr 28 11:07:32 UTC 2026","","Utility Functions","Component Tests ColorPicker mousedown at right-center (hue=0) sets hex to #ff0000",""
"","5","Server Unit Tests Surviving Mutants & Edge Cases Swagger Metadata & OpenAPI has exact server metadata","","Tue Apr 28 11:07:20 UTC 2026","passed","Tue Apr 28 11:07:20 UTC 2026","","Server Unit Tests","Server Unit Tests Surviving Mutants & Edge Cases Swagger Metadata & OpenAPI has exact server metadata",""
"","56","Component Tests ColorPicker editing name does NOT call onClearError when no serverError","","Tue Apr 28 11:07:32 UTC 2026","passed","Tue Apr 28 11:07:32 UTC 2026","","Utility Functions","Component Tests ColorPicker editing name does NOT call onClearError when no serverError",""
"","66","Frontend Unit Tests App Component handles null data from initial fetch gracefully","","Tue Apr 28 11:07:32 UTC 2026","passed","Tue Apr 28 11:07:32 UTC 2026","","Frontend Unit Tests","Frontend Unit Tests App Component handles null data from initial fetch gracefully",""
"","2","Utility Functions hslToRgb hue=0 (red) → [255,0,0]","","Tue Apr 28 11:07:32 UTC 2026","passed","Tue Apr 28 11:07:32 UTC 2026","","Utility Functions","Utility Functions hslToRgb hue=0 (red) → [255,0,0]",""
"","4","Server Unit Tests Surviving Mutants & Edge Cases OpenAPI Content-Type has application/json content-type","","Tue Apr 28 11:07:20 UTC 2026","passed","Tue Apr 28 11:07:20 UTC 2026","","Server Unit Tests","Server Unit Tests Surviving Mutants & Edge Cases OpenAPI Content-Type has application/json content-type",""
"","1","Utility Functions rgbToHsl pure red → h=0, s=1, l=0.5","","Tue Apr 28 11:07:32 UTC 2026","passed","Tue Apr 28 11:07:32 UTC 2026","","Utility Functions","Utility Functions rgbToHsl pure red → h=0, s=1, l=0.5",""
"","12","SQL injection characters in name are rejected (400)","Chrome","Tue Apr 28 11:11:14 UTC 2026","passed","Tue Apr 28 11:11:14 UTC 2026","Security > Injection Prevention","tests/security.spec.ts","",""
"","5","Server Unit Tests 405 Method Not Allowed does not return 405 for allowed GET method on /api/colors","","Tue Apr 28 11:07:20 UTC 2026","passed","Tue Apr 28 11:07:20 UTC 2026","","Server Unit Tests","Server Unit Tests 405 Method Not Allowed does not return 405 for allowed GET method on /api/colors",""
"","972","changing color to Yellow should reflect in UI and DOM","Chrome","Tue Apr 28 11:10:35 UTC 2026","passed","Tue Apr 28 11:10:36 UTC 2026","Data-Driven Testing","tests/data-driven.spec.ts","",""
"","0","Utility Functions paintWheelPixel writes to the correct index offset in the array","","Tue Apr 28 11:07:32 UTC 2026","passed","Tue Apr 28 11:07:32 UTC 2026","","Utility Functions","Utility Functions paintWheelPixel writes to the correct index offset in the array",""
"","9","Server Unit Tests Error Handling POST /api/colors returns 500 when database fails (findOne)","","Tue Apr 28 11:07:20 UTC 2026","passed","Tue Apr 28 11:07:20 UTC 2026","","Server Unit Tests","Server Unit Tests Error Handling POST /api/colors returns 500 when database fails (findOne)",""
"","48","Frontend Unit Tests App Component handleColorClick encodes color name in URL","","Tue Apr 28 11:07:32 UTC 2026","passed","Tue Apr 28 11:07:32 UTC 2026","","Frontend Unit Tests","Frontend Unit Tests App Component handleColorClick encodes color name in URL",""
"","23","Component Tests ConfirmDialog cancel button calls onCancel","","Tue Apr 28 11:07:32 UTC 2026","passed","Tue Apr 28 11:07:32 UTC 2026","","Component Tests","Component Tests ConfirmDialog cancel button calls onCancel",""
"","39","Frontend Unit Tests App Component add color 429 rate limit shows specific message","","Tue Apr 28 11:07:32 UTC 2026","passed","Tue Apr 28 11:07:32 UTC 2026","","Frontend Unit Tests","Frontend Unit Tests App Component add color 429 rate limit shows specific message",""
"","32","Component Tests ConfirmDialog confirm button calls onConfirm","","Tue Apr 28 11:07:32 UTC 2026","passed","Tue Apr 28 11:07:32 UTC 2026","","Component Tests","Component Tests ConfirmDialog confirm button calls onConfirm",""
"","8","Component Tests ConfirmDialog dialog has correct ARIA attributes","","Tue Apr 28 11:07:32 UTC 2026","passed","Tue Apr 28 11:07:32 UTC 2026","","Component Tests","Component Tests ConfirmDialog dialog has correct ARIA attributes",""
"","12","should reject missing name","Chrome","Tue Apr 28 11:11:05 UTC 2026","passed","Tue Apr 28 11:11:05 UTC 2026","Backend API Integration > POST /api/colors Schema Validation","tests/api.spec.ts","",""
"","0","homepage after color change","Chrome","Tue Apr 28 11:12:58 UTC 2026","skipped","Tue Apr 28 11:12:58 UTC 2026","Percy Visual Regression – Production > Percy – desktop-xl (1920×1080)","","",""
"","4","Server Unit Tests Surviving Mutants & Edge Cases Mongoose Schema & Persistence kills empty schema mutant by verifying field persistence","","Tue Apr 28 11:07:20 UTC 2026","passed","Tue Apr 28 11:07:20 UTC 2026","","Server Unit Tests","Server Unit Tests Surviving Mutants & Edge Cases Mongoose Schema & Persistence kills empty schema mutant by verifying field persistence",""
"","1125","close (×) button closes the picker","Chrome","Tue Apr 28 11:10:25 UTC 2026","passed","Tue Apr 28 11:10:27 UTC 2026","Color Management — Add & Delete","tests/color-management.spec.ts","",""
"","32","Frontend Unit Tests App Component add color 409 conflict shows picker error (data.error message)","","Tue Apr 28 11:07:32 UTC 2026","passed","Tue Apr 28 11:07:32 UTC 2026","","Frontend Unit Tests","Frontend Unit Tests App Component add color 409 conflict shows picker error (data.error message)",""
"","42","Server Integration Tests (Testcontainers) GET /api/colors should retrieve all seeded colors","","Tue Apr 28 11:07:26 UTC 2026","passed","Tue Apr 28 11:07:26 UTC 2026","","Server Integration Tests (Testcontainers)","Server Integration Tests (Testcontainers) GET /api/colors should retrieve all seeded colors",""
"","9","Server Unit Tests Error Handling PUT /api/colors/:name returns 500 when database fails","","Tue Apr 28 11:07:20 UTC 2026","passed","Tue Apr 28 11:07:20 UTC 2026","","Server Unit Tests","Server Unit Tests Error Handling PUT /api/colors/:name returns 500 when database fails",""
"","13","Server Integration Tests (Testcontainers) PUT /api/colors/:name should rename a color and make old name return 404","","Tue Apr 28 11:07:26 UTC 2026","passed","Tue Apr 28 11:07:26 UTC 2026","","Server Integration Tests (Testcontainers)","Server Integration Tests (Testcontainers) PUT /api/colors/:name should rename a color and make old name return 404",""
"","32","Component Tests ColorPicker cancel button calls onCancel","","Tue Apr 28 11:07:32 UTC 2026","passed","Tue Apr 28 11:07:32 UTC 2026","","Utility Functions","Component Tests ColorPicker cancel button calls onCancel",""
"","1986","should load the application and verify core functionality across browsers","Firefox","Tue Apr 28 11:10:59 UTC 2026","passed","Tue Apr 28 11:11:01 UTC 2026","Cross-Browser Core Functionality","","",""
"","6","Server Unit Tests PUT /api/colors/:name does not change name when updating only hex","","Tue Apr 28 11:07:20 UTC 2026","passed","Tue Apr 28 11:07:20 UTC 2026","","Server Unit Tests","Server Unit Tests PUT /api/colors/:name does not change name when updating only hex",""
"","30","Frontend Unit Tests App Component add color sends POST with correct method, headers, and body","","Tue Apr 28 11:07:32 UTC 2026","passed","Tue Apr 28 11:07:32 UTC 2026","","Frontend Unit Tests","Frontend Unit Tests App Component add color sends POST with correct method, headers, and body",""
"","5","Server Unit Tests Middleware JSON error middleware passes non-syntax errors to next()","","Tue Apr 28 11:07:20 UTC 2026","passed","Tue Apr 28 11:07:20 UTC 2026","","Server Unit Tests","Server Unit Tests Middleware JSON error middleware passes non-syntax errors to next()",""
"","2185","should not have any automatically detectable accessibility issues","Chrome","Tue Apr 28 11:10:56 UTC 2026","passed","Tue Apr 28 11:10:58 UTC 2026","Accessibility Tests","tests/a11y.spec.ts","",""
"","4","Server Unit Tests POST /api/colors returns 400 for completely empty body","","Tue Apr 28 11:07:20 UTC 2026","passed","Tue Apr 28 11:07:20 UTC 2026","","Server Unit Tests","Server Unit Tests POST /api/colors returns 400 for completely empty body",""
"","13","should reject missing hex","Chrome","Tue Apr 28 11:11:05 UTC 2026","passed","Tue Apr 28 11:11:05 UTC 2026","Backend API Integration > POST /api/colors Schema Validation","tests/api.spec.ts","",""
"","660","handle initial fetch error","Chrome","Tue Apr 28 11:10:32 UTC 2026","passed","Tue Apr 28 11:10:33 UTC 2026","Edge cases and error handling","tests/coverage.spec.ts","",""
"","6","Server Unit Tests Surviving Mutants & Edge Cases Rate Limiting & Security kills mutants by verifying x-ratelimit headers","","Tue Apr 28 11:07:20 UTC 2026","passed","Tue Apr 28 11:07:20 UTC 2026","","Server Unit Tests","Server Unit Tests Surviving Mutants & Edge Cases Rate Limiting & Security kills mutants by verifying x-ratelimit headers",""
"","616","handle color selection fetch error","Chrome","Tue Apr 28 11:10:33 UTC 2026","passed","Tue Apr 28 11:10:34 UTC 2026","Edge cases and error handling","tests/coverage.spec.ts","",""
"","789","clicking ""+ Add color"" opens the picker modal","Chrome","Tue Apr 28 11:10:24 UTC 2026","passed","Tue Apr 28 11:10:25 UTC 2026","Color Management — Add & Delete","tests/color-management.spec.ts","",""
"Performance Test: UI Performance Test
File: ui-performance.spec.ts
Total Iterations: 1
Max VUs: 1

HTTP Request Duration:
- Avg: 2.49ms
- P(95): 2.49ms
- Max: 2.49ms

Full metrics attached in the results.","33679","UI Performance Test","Performance","Tue Apr 28 11:09:53 UTC 2026","passed","Tue Apr 28 11:10:27 UTC 2026","ui-performance.spec.ts","UI Performance Test","",""
"","6","Server Integration Tests (Testcontainers) POST /api/colors should return 400 when name is missing","","Tue Apr 28 11:07:26 UTC 2026","passed","Tue Apr 28 11:07:26 UTC 2026","","Server Integration Tests (Testcontainers)","Server Integration Tests (Testcontainers) POST /api/colors should return 400 when name is missing",""
"","28","Frontend Unit Tests App Component clicking Add color button opens picker modal","","Tue Apr 28 11:07:32 UTC 2026","passed","Tue Apr 28 11:07:32 UTC 2026","","Frontend Unit Tests","Frontend Unit Tests App Component clicking Add color button opens picker modal",""
"","23","Component Tests ColorPicker typing in name input clears name error","","Tue Apr 28 11:07:32 UTC 2026","passed","Tue Apr 28 11:07:32 UTC 2026","","Utility Functions","Component Tests ColorPicker typing in name input clears name error",""
"","46","Frontend Unit Tests App Component delete network error shows error alert","","Tue Apr 28 11:07:32 UTC 2026","passed","Tue Apr 28 11:07:32 UTC 2026","","Frontend Unit Tests","Frontend Unit Tests App Component delete network error shows error alert",""
"","0","mobile color picker workflow","Chrome","Tue Apr 28 11:12:58 UTC 2026","skipped","Tue Apr 28 11:12:58 UTC 2026","Percy Visual Regression – Production > Percy – Mobile Interactions","","",""
"","13","Server Unit Tests Surviving Mutants & Edge Cases Strict Path & Method Validation kills mutants that change route paths to empty string","","Tue Apr 28 11:07:20 UTC 2026","passed","Tue Apr 28 11:07:20 UTC 2026","","Server Unit Tests","Server Unit Tests Surviving Mutants & Edge Cases Strict Path & Method Validation kills mutants that change route paths to empty string",""
"","4","Server Unit Tests 405 Method Not Allowed sets the Allow header on /api/colors/:name with correct methods","","Tue Apr 28 11:07:20 UTC 2026","passed","Tue Apr 28 11:07:20 UTC 2026","","Server Unit Tests","Server Unit Tests 405 Method Not Allowed sets the Allow header on /api/colors/:name with correct methods",""
"","4","Component Tests ConfirmDialog backdrop click does NOT call onCancel when busy","","Tue Apr 28 11:07:32 UTC 2026","passed","Tue Apr 28 11:07:32 UTC 2026","","Component Tests","Component Tests ConfirmDialog backdrop click does NOT call onCancel when busy",""
"","5","Server Integration Tests (Testcontainers) PUT /api/colors/:name should return 400 for invalid name in URL path","","Tue Apr 28 11:07:26 UTC 2026","passed","Tue Apr 28 11:07:26 UTC 2026","","Server Integration Tests (Testcontainers)","Server Integration Tests (Testcontainers) PUT /api/colors/:name should return 400 for invalid name in URL path",""
"","8","Component Tests ColorPicker clicking inside the card does NOT call onCancel","","Tue Apr 28 11:07:32 UTC 2026","passed","Tue Apr 28 11:07:32 UTC 2026","","Utility Functions","Component Tests ColorPicker clicking inside the card does NOT call onCancel",""
"","9","NoSQL operator in GET path param is rejected (400 or 404)","Chrome","Tue Apr 28 11:11:14 UTC 2026","passed","Tue Apr 28 11:11:14 UTC 2026","Security > Injection Prevention","tests/security.spec.ts","",""
"","27","Component Tests ColorPicker hex input updates hue/sat via rgbToHsl (green → hue≈120)","","Tue Apr 28 11:07:32 UTC 2026","passed","Tue Apr 28 11:07:32 UTC 2026","","Utility Functions","Component Tests ColorPicker hex input updates hue/sat via rgbToHsl (green → hue≈120)",""
