"DESCRIPTION","DURATION IN MS","NAME","PARENT SUITE","START TIME","STATUS","STOP TIME","SUB SUITE","SUITE","TEST CLASS","TEST METHOD"
"","0","Utility Functions hslToRgb hue=60 (yellow) → [255,255,0]","","Mon May 11 23:07:15 UTC 2026","passed","Mon May 11 23:07:15 UTC 2026","","Utility Functions","Utility Functions hslToRgb hue=60 (yellow) → [255,255,0]",""
"","4","Server Unit Tests POST /api/colors returns 400 for extra unknown fields (strict schema)","","Mon May 11 23:08:51 UTC 2026","passed","Mon May 11 23:08:51 UTC 2026","","Server Unit Tests","Server Unit Tests POST /api/colors returns 400 for extra unknown fields (strict schema)",""
"","37","Frontend Unit Tests App Component handleColorClick shows error alert on fetch failure","","Mon May 11 23:07:15 UTC 2026","passed","Mon May 11 23:07:15 UTC 2026","","Frontend Unit Tests","Frontend Unit Tests App Component handleColorClick shows error alert on fetch failure",""
"","23","POST with script tag in name is rejected (400)","Chrome","Mon May 11 23:12:49 UTC 2026","passed","Mon May 11 23:12:49 UTC 2026","Security > XSS Prevention","tests/security.spec.ts","",""
"","9","Server Unit Tests PUT /api/colors/:name updates the name of an existing color and preserves hex","","Mon May 11 23:08:51 UTC 2026","passed","Mon May 11 23:08:51 UTC 2026","","Server Unit Tests","Server Unit Tests PUT /api/colors/:name updates the name of an existing color and preserves hex",""
"","12","Component Tests ColorPicker wheel cursor moves to (220,110) after right-edge click (hue=0, sat=1)","","Mon May 11 23:07:15 UTC 2026","passed","Mon May 11 23:07:15 UTC 2026","","Utility Functions","Component Tests ColorPicker wheel cursor moves to (220,110) after right-edge click (hue=0, sat=1)",""
"","0","Utility Functions rgbToHsl white [255,255,255] → h=0, s=0, l=1","","Mon May 11 23:07:15 UTC 2026","passed","Mon May 11 23:07:15 UTC 2026","","Utility Functions","Utility Functions rgbToHsl white [255,255,255] → h=0, s=0, l=1",""
"","727","Background stays unchanged when fetching a specific color fails","BDD","Mon May 11 23:16:19 UTC 2026","passed","Mon May 11 23:16:20 UTC 2026","API Error Handling","","",""
"","1480","should display all core elements and handle button interaction","Chrome","Mon May 11 23:18:32 UTC 2026","passed","Mon May 11 23:18:34 UTC 2026","Responsive Design – tablet (768×1024)","","",""
"","0","Utility Functions rgbToHsl b max (#0040ff) → h in (180,300)","","Mon May 11 23:07:15 UTC 2026","passed","Mon May 11 23:07:15 UTC 2026","","Utility Functions","Utility Functions rgbToHsl b max (#0040ff) → h in (180,300)",""
"","4","Server Unit Tests Middleware does not include X-Powered-By header","","Mon May 11 23:08:51 UTC 2026","passed","Mon May 11 23:08:51 UTC 2026","","Server Unit Tests","Server Unit Tests Middleware does not include X-Powered-By header",""
"","0","homepage after color change","Chrome","Mon May 11 23:18:35 UTC 2026","skipped","Mon May 11 23:18:35 UTC 2026","Percy Visual Regression – Production > Percy – mobile (375×667)","","",""
"","0","Utility Functions rgbToHsl g max with b>r (#00ff80) → h near 150","","Mon May 11 23:07:15 UTC 2026","passed","Mon May 11 23:07:15 UTC 2026","","Utility Functions","Utility Functions rgbToHsl g max with b>r (#00ff80) → h near 150",""
"","16","Component Tests ColorPicker mousemove without prior mousedown (not dragging) does not change color","","Mon May 11 23:07:15 UTC 2026","passed","Mon May 11 23:07:15 UTC 2026","","Utility Functions","Component Tests ColorPicker mousemove without prior mousedown (not dragging) does not change color",""
"","16","Server Integration Tests (Testcontainers) DELETE /api/colors/:name should return 404 on a second delete of the same color","","Mon May 11 23:08:45 UTC 2026","passed","Mon May 11 23:08:45 UTC 2026","","Server Integration Tests (Testcontainers)","Server Integration Tests (Testcontainers) DELETE /api/colors/:name should return 404 on a second delete of the same color",""
"","7","DELETE /api/colors (collection) returns 405","Chrome","Mon May 11 23:12:52 UTC 2026","passed","Mon May 11 23:12:52 UTC 2026","Security > HTTP Method Restrictions","tests/security.spec.ts","",""
"","98","Frontend Unit Tests App Component handleColorClick does nothing when data has no hex","","Mon May 11 23:07:15 UTC 2026","passed","Mon May 11 23:07:15 UTC 2026","","Frontend Unit Tests","Frontend Unit Tests App Component handleColorClick does nothing when data has no hex",""
"","46","Frontend Unit Tests App Component confirm dialog cancel button closes it","","Mon May 11 23:07:15 UTC 2026","passed","Mon May 11 23:07:15 UTC 2026","","Frontend Unit Tests","Frontend Unit Tests App Component confirm dialog cancel button closes it",""
"","9","Component Tests ColorPicker clicking inside the card does NOT call onCancel","","Mon May 11 23:07:15 UTC 2026","passed","Mon May 11 23:07:15 UTC 2026","","Utility Functions","Component Tests ColorPicker clicking inside the card does NOT call onCancel",""
"","4","Component Tests ConfirmDialog backdrop click does NOT call onCancel when busy","","Mon May 11 23:07:15 UTC 2026","passed","Mon May 11 23:07:15 UTC 2026","","Component Tests","Component Tests ConfirmDialog backdrop click does NOT call onCancel when busy",""
"","672","first color chip is active on load (aria-pressed=true)","Chrome","Mon May 11 23:18:01 UTC 2026","passed","Mon May 11 23:18:01 UTC 2026","Color Management — Add & Delete","tests/color-management.spec.ts","",""
"","7","Server Unit Tests POST /api/colors accepts single alphanumeric characters as names","","Mon May 11 23:08:51 UTC 2026","passed","Mon May 11 23:08:51 UTC 2026","","Server Unit Tests","Server Unit Tests POST /api/colors accepts single alphanumeric characters as names",""
"","0","homepage initial state","Chrome","Mon May 11 23:18:35 UTC 2026","skipped","Mon May 11 23:18:35 UTC 2026","Percy Visual Regression – Production > Percy – desktop (1280×720)","","",""
"","8","POST /api-docs returns 405","Chrome","Mon May 11 23:12:52 UTC 2026","passed","Mon May 11 23:12:52 UTC 2026","Security > HTTP Method Restrictions","tests/security.spec.ts","",""
"","3","Server Unit Tests Surviving Mutants & Edge Cases PUT logic kills refine mutant by sending empty body","","Mon May 11 23:08:51 UTC 2026","passed","Mon May 11 23:08:51 UTC 2026","","Server Unit Tests","Server Unit Tests Surviving Mutants & Edge Cases PUT logic kills refine mutant by sending empty body",""
"","1","Utility Functions hslToRgb hue=360 wraps to hue=0 → [255,0,0]","","Mon May 11 23:07:15 UTC 2026","passed","Mon May 11 23:07:15 UTC 2026","","Utility Functions","Utility Functions hslToRgb hue=360 wraps to hue=0 → [255,0,0]",""
"","5","Server Unit Tests POST /api/colors returns 400 for name with whitespace","","Mon May 11 23:08:51 UTC 2026","passed","Mon May 11 23:08:51 UTC 2026","","Server Unit Tests","Server Unit Tests POST /api/colors returns 400 for name with whitespace",""
"","43","Frontend Unit Tests App Component add color 500 shows server error message","","Mon May 11 23:07:15 UTC 2026","passed","Mon May 11 23:07:15 UTC 2026","","Frontend Unit Tests","Frontend Unit Tests App Component add color 500 shows server error message",""
"","45","Frontend Unit Tests App Component delete API error shows error alert without closing dialog","","Mon May 11 23:07:15 UTC 2026","passed","Mon May 11 23:07:15 UTC 2026","","Frontend Unit Tests","Frontend Unit Tests App Component delete API error shows error alert without closing dialog",""
"","15","Frontend Unit Tests App Component labelFor falls back to color name for unknown/custom color","","Mon May 11 23:07:15 UTC 2026","passed","Mon May 11 23:07:15 UTC 2026","","Frontend Unit Tests","Frontend Unit Tests App Component labelFor falls back to color name for unknown/custom color",""
"","4","Server Unit Tests Surviving Mutants & Edge Cases Swagger Metadata & OpenAPI has exact application/json content-type","","Mon May 11 23:08:51 UTC 2026","passed","Mon May 11 23:08:51 UTC 2026","","Server Unit Tests","Server Unit Tests Surviving Mutants & Edge Cases Swagger Metadata & OpenAPI has exact application/json content-type",""
"","25","Frontend Unit Tests App Component picker × button closes the modal","","Mon May 11 23:07:15 UTC 2026","passed","Mon May 11 23:07:15 UTC 2026","","Frontend Unit Tests","Frontend Unit Tests App Component picker × button closes the modal",""
"","10","Server Unit Tests Surviving Mutants & Edge Cases Allowed Methods kills mutants in allowedMethods object","","Mon May 11 23:08:51 UTC 2026","passed","Mon May 11 23:08:51 UTC 2026","","Server Unit Tests","Server Unit Tests Surviving Mutants & Edge Cases Allowed Methods kills mutants in allowedMethods object",""
"","7","Server Integration Tests (Testcontainers) Method Not Allowed should return 405 for PATCH /api/colors","","Mon May 11 23:08:45 UTC 2026","passed","Mon May 11 23:08:45 UTC 2026","","Server Integration Tests (Testcontainers)","Server Integration Tests (Testcontainers) Method Not Allowed should return 405 for PATCH /api/colors",""
"","3","Server Unit Tests Error Handling seedDatabase logs error when database fails","","Mon May 11 23:08:51 UTC 2026","passed","Mon May 11 23:08:51 UTC 2026","","Server Unit Tests","Server Unit Tests Error Handling seedDatabase logs error when database fails",""
"","1","Utility Functions hslToRgb hue=30 (orange) → [255,128,0]","","Mon May 11 23:07:15 UTC 2026","passed","Mon May 11 23:07:15 UTC 2026","","Utility Functions","Utility Functions hslToRgb hue=30 (orange) → [255,128,0]",""
"","27","Component Tests ColorPicker submit is blocked when hex input has an error","","Mon May 11 23:07:15 UTC 2026","passed","Mon May 11 23:07:15 UTC 2026","","Utility Functions","Component Tests ColorPicker submit is blocked when hex input has an error",""
"","0","Utility Functions rgbToHex converts arbitrary color","","Mon May 11 23:07:15 UTC 2026","passed","Mon May 11 23:07:15 UTC 2026","","Utility Functions","Utility Functions rgbToHex converts arbitrary color",""
"","4","Server Unit Tests Surviving Mutants & Edge Cases Swagger JSDoc Integration kills apis array mutants by verifying JSDoc content is present","","Mon May 11 23:08:51 UTC 2026","passed","Mon May 11 23:08:51 UTC 2026","","Server Unit Tests","Server Unit Tests Surviving Mutants & Edge Cases Swagger JSDoc Integration kills apis array mutants by verifying JSDoc content is present",""
"","11","Server Integration Tests (Testcontainers) GET /api/colors/:name should return 404 for a non-existent color","","Mon May 11 23:08:45 UTC 2026","passed","Mon May 11 23:08:45 UTC 2026","","Server Integration Tests (Testcontainers)","Server Integration Tests (Testcontainers) GET /api/colors/:name should return 404 for a non-existent color",""
"","2","Server Unit Tests Surviving Mutants & Edge Cases Mongoose Schema Strictness kills empty schema mutant by checking schema paths","","Mon May 11 23:08:51 UTC 2026","passed","Mon May 11 23:08:51 UTC 2026","","Server Unit Tests","Server Unit Tests Surviving Mutants & Edge Cases Mongoose Schema Strictness kills empty schema mutant by checking schema paths",""
"","9","NoSQL operator in GET path param is rejected (400 or 404)","Chrome","Mon May 11 23:12:51 UTC 2026","passed","Mon May 11 23:12:52 UTC 2026","Security > Injection Prevention","tests/security.spec.ts","",""
"","0","Utility Functions hslToRgb lightness clamped: l=1.5 gives white","","Mon May 11 23:07:15 UTC 2026","passed","Mon May 11 23:07:15 UTC 2026","","Utility Functions","Utility Functions hslToRgb lightness clamped: l=1.5 gives white",""
"","9","empty body on POST returns 400","Chrome","Mon May 11 23:12:52 UTC 2026","passed","Mon May 11 23:12:52 UTC 2026","Security > Input Validation","tests/security.spec.ts","",""
"","19","Server Unit Tests POST /api/colors creates a new color and returns 201 with correct body","","Mon May 11 23:08:51 UTC 2026","passed","Mon May 11 23:08:51 UTC 2026","","Server Unit Tests","Server Unit Tests POST /api/colors creates a new color and returns 201 with correct body",""
"","38","Frontend Unit Tests App Component learn react link has correct text","","Mon May 11 23:07:15 UTC 2026","passed","Mon May 11 23:07:15 UTC 2026","","Frontend Unit Tests","Frontend Unit Tests App Component learn react link has correct text",""
"","202","Component Tests ColorPicker renders the modal with title, hex preview, name and hex inputs","","Mon May 11 23:07:15 UTC 2026","passed","Mon May 11 23:07:15 UTC 2026","","Utility Functions","Component Tests ColorPicker renders the modal with title, hex preview, name and hex inputs",""
"","6","Server Unit Tests DELETE /api/colors/:name cannot delete the same color twice","","Mon May 11 23:08:51 UTC 2026","passed","Mon May 11 23:08:51 UTC 2026","","Server Unit Tests","Server Unit Tests DELETE /api/colors/:name cannot delete the same color twice",""
"","5","Server Unit Tests GET /api/colors/:name is case-sensitive","","Mon May 11 23:08:51 UTC 2026","passed","Mon May 11 23:08:51 UTC 2026","","Server Unit Tests","Server Unit Tests GET /api/colors/:name is case-sensitive",""
"","1726","deleting the active color switches background to the first remaining","Chrome","Mon May 11 23:18:10 UTC 2026","passed","Mon May 11 23:18:12 UTC 2026","Color Management — Add & Delete","tests/color-management.spec.ts","",""
"","10","Server Integration Tests (Testcontainers) POST /api/colors should not expose _id or __v in the creation response","","Mon May 11 23:08:45 UTC 2026","passed","Mon May 11 23:08:45 UTC 2026","","Server Integration Tests (Testcontainers)","Server Integration Tests (Testcontainers) POST /api/colors should not expose _id or __v in the creation response",""
"","942","homepage should match snapshot","Chrome","Mon May 11 23:18:31 UTC 2026","passed","Mon May 11 23:18:32 UTC 2026","Visual Regression – iphone-se (375×667)","","",""
"","1120","Example #3","BDD","Mon May 11 23:16:20 UTC 2026","passed","Mon May 11 23:16:21 UTC 2026","Home Page Background Color > Change background color","","",""
"","2101","should load the application and verify core functionality across browsers","Firefox","Mon May 11 23:16:25 UTC 2026","passed","Mon May 11 23:16:27 UTC 2026","Cross-Browser Core Functionality","","",""
"","993","should display all core elements and handle button interaction","Chrome","Mon May 11 23:18:34 UTC 2026","passed","Mon May 11 23:18:35 UTC 2026","Responsive Design – iPhone landscape (667×375)","","",""
"","293","Server Unit Tests Surviving Mutants & Edge Cases Port Fallback reflects process.env.PORT in Swagger servers","","Mon May 11 23:08:51 UTC 2026","passed","Mon May 11 23:08:51 UTC 2026","","Server Unit Tests","Server Unit Tests Surviving Mutants & Edge Cases Port Fallback reflects process.env.PORT in Swagger servers",""
"","5","Server Unit Tests 405 Method Not Allowed does not return 405 for allowed GET method on /api/colors","","Mon May 11 23:08:51 UTC 2026","passed","Mon May 11 23:08:51 UTC 2026","","Server Unit Tests","Server Unit Tests 405 Method Not Allowed does not return 405 for allowed GET method on /api/colors",""
"","3","Server Unit Tests 405 Method Not Allowed returns 405 for PATCH on /api/colors/:name","","Mon May 11 23:08:51 UTC 2026","passed","Mon May 11 23:08:51 UTC 2026","","Server Unit Tests","Server Unit Tests 405 Method Not Allowed returns 405 for PATCH on /api/colors/:name",""
"","6","Server Unit Tests Middleware JSON error middleware passes non-syntax errors to next()","","Mon May 11 23:08:51 UTC 2026","passed","Mon May 11 23:08:51 UTC 2026","","Server Unit Tests","Server Unit Tests Middleware JSON error middleware passes non-syntax errors to next()",""
"","6","Component Tests ConfirmDialog backdrop click calls onCancel when not busy","","Mon May 11 23:07:15 UTC 2026","passed","Mon May 11 23:07:15 UTC 2026","","Component Tests","Component Tests ConfirmDialog backdrop click calls onCancel when not busy",""
"","18","Component Tests ColorPicker valid submit calls onConfirm with trimmed name and current hex","","Mon May 11 23:07:15 UTC 2026","passed","Mon May 11 23:07:15 UTC 2026","","Utility Functions","Component Tests ColorPicker valid submit calls onConfirm with trimmed name and current hex",""
"","762","handle initial fetch error","Chrome","Mon May 11 23:17:25 UTC 2026","passed","Mon May 11 23:17:26 UTC 2026","Edge cases and error handling","tests/coverage.spec.ts","",""
"","11","Server Unit Tests Surviving Mutants & Edge Cases Regex & Validation STRICT_NAME_REGEX kills mutants on optionality and length","","Mon May 11 23:08:51 UTC 2026","passed","Mon May 11 23:08:51 UTC 2026","","Server Unit Tests","Server Unit Tests Surviving Mutants & Edge Cases Regex & Validation STRICT_NAME_REGEX kills mutants on optionality and length",""
"","57","Frontend Unit Tests App Component handleColorClick clears previous error on new successful click","","Mon May 11 23:07:15 UTC 2026","passed","Mon May 11 23:07:15 UTC 2026","","Frontend Unit Tests","Frontend Unit Tests App Component handleColorClick clears previous error on new successful click",""
"","8","Server Unit Tests Surviving Mutants & Edge Cases PUT logic kills name/hex conditional mutants by providing only one field","","Mon May 11 23:08:51 UTC 2026","passed","Mon May 11 23:08:51 UTC 2026","","Server Unit Tests","Server Unit Tests Surviving Mutants & Edge Cases PUT logic kills name/hex conditional mutants by providing only one field",""
"","8","should reject updating with empty name","Chrome","Mon May 11 23:18:41 UTC 2026","passed","Mon May 11 23:18:41 UTC 2026","Backend API Integration > PUT /api/colors/:name Schema Validation","tests/api.spec.ts","",""
"","19","Frontend Unit Tests App Component colors.length > 0 does NOT show loading text","","Mon May 11 23:07:15 UTC 2026","passed","Mon May 11 23:07:15 UTC 2026","","Frontend Unit Tests","Frontend Unit Tests App Component colors.length > 0 does NOT show loading text",""
"","8","PATCH /api/colors returns 405","Chrome","Mon May 11 23:12:52 UTC 2026","passed","Mon May 11 23:12:52 UTC 2026","Security > HTTP Method Restrictions","tests/security.spec.ts","",""
"","12","Component Tests ColorPicker renders the color wheel canvas","","Mon May 11 23:07:15 UTC 2026","passed","Mon May 11 23:07:15 UTC 2026","","Utility Functions","Component Tests ColorPicker renders the color wheel canvas",""
"","19","Component Tests ColorPicker mousemove after mouseup does NOT update color (dragging stopped)","","Mon May 11 23:07:15 UTC 2026","passed","Mon May 11 23:07:15 UTC 2026","","Utility Functions","Component Tests ColorPicker mousemove after mouseup does NOT update color (dragging stopped)",""
"","0","mobile color picker workflow","Chrome","Mon May 11 23:18:35 UTC 2026","skipped","Mon May 11 23:18:35 UTC 2026","Percy Visual Regression – Production > Percy – Mobile Interactions","","",""
"","9","Server Unit Tests PUT /api/colors/:name updates the hex of an existing color","","Mon May 11 23:08:51 UTC 2026","passed","Mon May 11 23:08:51 UTC 2026","","Server Unit Tests","Server Unit Tests PUT /api/colors/:name updates the hex of an existing color",""
"","13","Server Integration Tests (Testcontainers) seedDatabase should always restore the three default seed colors","","Mon May 11 23:08:45 UTC 2026","passed","Mon May 11 23:08:45 UTC 2026","","Server Integration Tests (Testcontainers)","Server Integration Tests (Testcontainers) seedDatabase should always restore the three default seed colors",""
"","27","Component Tests ColorPicker mousedown at right-center (hue=0) sets hex to #ff0000","","Mon May 11 23:07:15 UTC 2026","passed","Mon May 11 23:07:15 UTC 2026","","Utility Functions","Component Tests ColorPicker mousedown at right-center (hue=0) sets hex to #ff0000",""
"","22","Component Tests ColorPicker lightness slider max value (100) gives white","","Mon May 11 23:07:15 UTC 2026","passed","Mon May 11 23:07:15 UTC 2026","","Utility Functions","Component Tests ColorPicker lightness slider max value (100) gives white",""
"","675","should handle color click network failure gracefully","Chrome","Mon May 11 23:17:29 UTC 2026","passed","Mon May 11 23:17:29 UTC 2026","UI Error Handling Coverage","tests/error-handling.spec.ts","",""
"","23","Component Tests ColorPicker mousemove while dragging updates hex (dragging.current=true kills mutation)","","Mon May 11 23:07:15 UTC 2026","passed","Mon May 11 23:07:15 UTC 2026","","Utility Functions","Component Tests ColorPicker mousemove while dragging updates hex (dragging.current=true kills mutation)",""
"","8","Server Unit Tests GET /api/colors returns colors sorted alphabetically by name","","Mon May 11 23:08:51 UTC 2026","passed","Mon May 11 23:08:51 UTC 2026","","Server Unit Tests","Server Unit Tests GET /api/colors returns colors sorted alphabetically by name",""
"","29","Component Tests ColorPicker hex input updates hue/sat via rgbToHsl (green → hue≈120)","","Mon May 11 23:07:15 UTC 2026","passed","Mon May 11 23:07:15 UTC 2026","","Utility Functions","Component Tests ColorPicker hex input updates hue/sat via rgbToHsl (green → hue≈120)",""
"","1","Utility Functions readableOn returns #fff for black (very dark, L≈0)","","Mon May 11 23:07:15 UTC 2026","passed","Mon May 11 23:07:15 UTC 2026","","Utility Functions","Utility Functions readableOn returns #fff for black (very dark, L≈0)",""
"","4","Server Unit Tests PUT /api/colors/:name returns 400 when no fields are provided (empty body)","","Mon May 11 23:08:51 UTC 2026","passed","Mon May 11 23:08:51 UTC 2026","","Server Unit Tests","Server Unit Tests PUT /api/colors/:name returns 400 when no fields are provided (empty body)",""
"","","[HIGH] CVE-2026-44728","","","failed","","","package-lock.json","@babel/plugin-transform-modules-systemjs-7.16.7",""
"","0","Utility Functions readableOn returns #111 for an invalid/empty hex string (null rgb fallback)","","Mon May 11 23:07:15 UTC 2026","passed","Mon May 11 23:07:15 UTC 2026","","Utility Functions","Utility Functions readableOn returns #111 for an invalid/empty hex string (null rgb fallback)",""
"","3","Component Tests ConfirmDialog title is rendered in the element with id confirm-title","","Mon May 11 23:07:15 UTC 2026","passed","Mon May 11 23:07:15 UTC 2026","","Component Tests","Component Tests ConfirmDialog title is rendered in the element with id confirm-title",""
"","8","Server Unit Tests GET /api/colors/:name returns a single color by name with correct fields","","Mon May 11 23:08:51 UTC 2026","passed","Mon May 11 23:08:51 UTC 2026","","Server Unit Tests","Server Unit Tests GET /api/colors/:name returns a single color by name with correct fields",""
"","1","Utility Functions rgbToHsl pure green → h=120, s=1, l=0.5","","Mon May 11 23:07:15 UTC 2026","passed","Mon May 11 23:07:15 UTC 2026","","Utility Functions","Utility Functions rgbToHsl pure green → h=120, s=1, l=0.5",""
"","806","handle color selection fetch error","Chrome","Mon May 11 23:17:26 UTC 2026","passed","Mon May 11 23:17:26 UTC 2026","Edge cases and error handling","tests/coverage.spec.ts","",""
"","56","Server Unit Tests GET /api/colors returns all seeded colors with correct names and hex values","","Mon May 11 23:08:51 UTC 2026","passed","Mon May 11 23:08:51 UTC 2026","","Server Unit Tests","Server Unit Tests GET /api/colors returns all seeded colors with correct names and hex values",""
"","6","Server Unit Tests Surviving Mutants & Edge Cases Rate Limiting & Security kills mutants by verifying x-powered-by is removed","","Mon May 11 23:08:51 UTC 2026","passed","Mon May 11 23:08:51 UTC 2026","","Server Unit Tests","Server Unit Tests Surviving Mutants & Edge Cases Rate Limiting & Security kills mutants by verifying x-powered-by is removed",""
"","5","Server Unit Tests DELETE /api/colors/:name returns 404 for a non-existent color","","Mon May 11 23:08:51 UTC 2026","passed","Mon May 11 23:08:51 UTC 2026","","Server Unit Tests","Server Unit Tests DELETE /api/colors/:name returns 404 for a non-existent color",""
"","4","Server Unit Tests Surviving Mutants & Edge Cases PUT logic kills hex regex mutant in PUT","","Mon May 11 23:08:51 UTC 2026","passed","Mon May 11 23:08:51 UTC 2026","","Server Unit Tests","Server Unit Tests Surviving Mutants & Edge Cases PUT logic kills hex regex mutant in PUT",""
"","8","Server Unit Tests Surviving Mutants & Edge Cases Regex & Validation hex regex kills mutants by testing boundaries and formats","","Mon May 11 23:08:51 UTC 2026","passed","Mon May 11 23:08:51 UTC 2026","","Server Unit Tests","Server Unit Tests Surviving Mutants & Edge Cases Regex & Validation hex regex kills mutants by testing boundaries and formats",""
"","0","homepage initial state","Chrome","Mon May 11 23:18:35 UTC 2026","skipped","Mon May 11 23:18:35 UTC 2026","Percy Visual Regression – Production > Percy – desktop-xl (1920×1080)","","",""
"","13","Server Integration Tests (Testcontainers) GET /api/colors/:name should return correct data for Turquoise","","Mon May 11 23:08:45 UTC 2026","passed","Mon May 11 23:08:45 UTC 2026","","Server Integration Tests (Testcontainers)","Server Integration Tests (Testcontainers) GET /api/colors/:name should return correct data for Turquoise",""
"","2483","should not have any automatically detectable accessibility issues","Chrome","Mon May 11 23:18:30 UTC 2026","passed","Mon May 11 23:18:33 UTC 2026","Accessibility Tests","tests/a11y.spec.ts","",""
"","19","GET /api/colors","","","passed","","","schemathesis","",""
"","0","Utility Functions hslToRgb low lightness l=0.25 → [128,0,0]","","Mon May 11 23:07:15 UTC 2026","passed","Mon May 11 23:07:15 UTC 2026","","Utility Functions","Utility Functions hslToRgb low lightness l=0.25 → [128,0,0]",""
"","4","Server Unit Tests Surviving Mutants & Edge Cases Swagger Metadata & OpenAPI has exact server metadata","","Mon May 11 23:08:51 UTC 2026","passed","Mon May 11 23:08:51 UTC 2026","","Server Unit Tests","Server Unit Tests Surviving Mutants & Edge Cases Swagger Metadata & OpenAPI has exact server metadata",""
"","11","Server Integration Tests (Testcontainers) POST /api/colors should accept a single alphanumeric character as a name","","Mon May 11 23:08:45 UTC 2026","passed","Mon May 11 23:08:45 UTC 2026","","Server Integration Tests (Testcontainers)","Server Integration Tests (Testcontainers) POST /api/colors should accept a single alphanumeric character as a name",""
"","1690","should maintain accessibility in el language and verify resilient locators","Chrome","Mon May 11 23:18:38 UTC 2026","passed","Mon May 11 23:18:40 UTC 2026","i18n Accessibility Tests","tests/a11y.spec.ts","",""
"","13","should reject invalid hex format on update","Chrome","Mon May 11 23:18:41 UTC 2026","passed","Mon May 11 23:18:41 UTC 2026","Backend API Integration > PUT /api/colors/:name Schema Validation","tests/api.spec.ts","",""
"","21","Component Tests ColorPicker lightness slider min value (0) gives black","","Mon May 11 23:07:15 UTC 2026","passed","Mon May 11 23:07:15 UTC 2026","","Utility Functions","Component Tests ColorPicker lightness slider min value (0) gives black",""
"","8","Server Integration Tests (Testcontainers) POST /api/colors should return 400 when name is missing","","Mon May 11 23:08:45 UTC 2026","passed","Mon May 11 23:08:45 UTC 2026","","Server Integration Tests (Testcontainers)","Server Integration Tests (Testcontainers) POST /api/colors should return 400 when name is missing",""
"","0","homepage after color change","Chrome","Mon May 11 23:18:35 UTC 2026","skipped","Mon May 11 23:18:35 UTC 2026","Percy Visual Regression – Production > Percy – desktop-xl (1920×1080)","","",""
"","3","Frontend Unit Tests i18n Configuration should translate keys correctly","","Mon May 11 23:07:16 UTC 2026","passed","Mon May 11 23:07:16 UTC 2026","","Frontend Unit Tests","Frontend Unit Tests i18n Configuration should translate keys correctly",""
"","2359","should maintain accessibility in en language and verify resilient locators","Chrome","Mon May 11 23:18:34 UTC 2026","passed","Mon May 11 23:18:36 UTC 2026","i18n Accessibility Tests","tests/a11y.spec.ts","",""
"","1","Utility Functions rgbToHsl r max with g<b (#ff0040) → h near 345","","Mon May 11 23:07:15 UTC 2026","passed","Mon May 11 23:07:15 UTC 2026","","Utility Functions","Utility Functions rgbToHsl r max with g<b (#ff0040) → h near 345",""
"","1","Utility Functions rgbToHex output is lowercase","","Mon May 11 23:07:15 UTC 2026","passed","Mon May 11 23:07:15 UTC 2026","","Utility Functions","Utility Functions rgbToHex output is lowercase",""
"","28","should return 409 for duplicate color creation","Chrome","Mon May 11 23:18:41 UTC 2026","passed","Mon May 11 23:18:41 UTC 2026","Backend API Integration > POST /api/colors Schema Validation","tests/api.spec.ts","",""
"","15","Server Unit Tests Surviving Mutants & Edge Cases Regex & Validation STRICT_NAME_REGEX kills mutants on start/end/middle characters","","Mon May 11 23:08:51 UTC 2026","passed","Mon May 11 23:08:51 UTC 2026","","Server Unit Tests","Server Unit Tests Surviving Mutants & Edge Cases Regex & Validation STRICT_NAME_REGEX kills mutants on start/end/middle characters",""
"","1","Utility Functions hslToRgb hue=210 (azure) → [0,128,255]","","Mon May 11 23:07:15 UTC 2026","passed","Mon May 11 23:07:15 UTC 2026","","Utility Functions","Utility Functions hslToRgb hue=210 (azure) → [0,128,255]",""
"","37","Frontend Unit Tests App Component add color 409 fallback message when data.error is absent","","Mon May 11 23:07:15 UTC 2026","passed","Mon May 11 23:07:15 UTC 2026","","Frontend Unit Tests","Frontend Unit Tests App Component add color 409 fallback message when data.error is absent",""
"","0","Utility Functions rgbToHsl mid-grey [128,128,128] → s=0","","Mon May 11 23:07:15 UTC 2026","passed","Mon May 11 23:07:15 UTC 2026","","Utility Functions","Utility Functions rgbToHsl mid-grey [128,128,128] → s=0",""
"","13","Server Integration Tests (Testcontainers) Concurrent writes should handle parallel GETs without errors","","Mon May 11 23:08:45 UTC 2026","passed","Mon May 11 23:08:45 UTC 2026","","Server Integration Tests (Testcontainers)","Server Integration Tests (Testcontainers) Concurrent writes should handle parallel GETs without errors",""
"","44","Frontend Unit Tests App Component first loaded color is active (aria-pressed=true)","","Mon May 11 23:07:15 UTC 2026","passed","Mon May 11 23:07:15 UTC 2026","","Frontend Unit Tests","Frontend Unit Tests App Component first loaded color is active (aria-pressed=true)",""
"","8","Component Tests ColorPicker editing name input calls onClearError to clear server error","","Mon May 11 23:07:15 UTC 2026","passed","Mon May 11 23:07:15 UTC 2026","","Utility Functions","Component Tests ColorPicker editing name input calls onClearError to clear server error",""
"","7","Server Integration Tests (Testcontainers) DELETE /api/colors/:name should return 400 for invalid name format","","Mon May 11 23:08:45 UTC 2026","passed","Mon May 11 23:08:45 UTC 2026","","Server Integration Tests (Testcontainers)","Server Integration Tests (Testcontainers) DELETE /api/colors/:name should return 400 for invalid name format",""
"","27","Component Tests ColorPicker mousedown at bottom-center (hue=90) sets hex to #80ff00","","Mon May 11 23:07:15 UTC 2026","passed","Mon May 11 23:07:15 UTC 2026","","Utility Functions","Component Tests ColorPicker mousedown at bottom-center (hue=90) sets hex to #80ff00",""
"","6","Server Unit Tests Surviving Mutants & Edge Cases Regex & Validation Zod required_error messages are correct","","Mon May 11 23:08:51 UTC 2026","passed","Mon May 11 23:08:51 UTC 2026","","Server Unit Tests","Server Unit Tests Surviving Mutants & Edge Cases Regex & Validation Zod required_error messages are correct",""
"","0","Utility Functions hslToRgb hue=90 (chartreuse) → [128,255,0]","","Mon May 11 23:07:15 UTC 2026","passed","Mon May 11 23:07:15 UTC 2026","","Utility Functions","Utility Functions hslToRgb hue=90 (chartreuse) → [128,255,0]",""
"","46","Server Integration Tests (Testcontainers) GET /api/colors should retrieve all seeded colors","","Mon May 11 23:08:45 UTC 2026","passed","Mon May 11 23:08:45 UTC 2026","","Server Integration Tests (Testcontainers)","Server Integration Tests (Testcontainers) GET /api/colors should retrieve all seeded colors",""
"","12","Server Integration Tests (Testcontainers) PUT /api/colors/:name should update the hex of an existing color and persist it in the real database","","Mon May 11 23:08:45 UTC 2026","passed","Mon May 11 23:08:45 UTC 2026","","Server Integration Tests (Testcontainers)","Server Integration Tests (Testcontainers) PUT /api/colors/:name should update the hex of an existing color and persist it in the real database",""
"","190","DELETE /api/colors/{name}","","","passed","","","schemathesis","",""
"","12","NoSQL $where operator in name is rejected (400)","Chrome","Mon May 11 23:12:51 UTC 2026","passed","Mon May 11 23:12:51 UTC 2026","Security > Injection Prevention","tests/security.spec.ts","",""
"","1","Utility Functions hslToRgb high lightness l=0.75 → [255,128,128]","","Mon May 11 23:07:15 UTC 2026","passed","Mon May 11 23:07:15 UTC 2026","","Utility Functions","Utility Functions hslToRgb high lightness l=0.75 → [255,128,128]",""
"","10","unknown extra fields in POST body are rejected (400)","Chrome","Mon May 11 23:12:52 UTC 2026","passed","Mon May 11 23:12:52 UTC 2026","Security > Input Validation","tests/security.spec.ts","",""
"","5","Server Unit Tests 405 Method Not Allowed does not return 405 for allowed POST method on /api/colors","","Mon May 11 23:08:51 UTC 2026","passed","Mon May 11 23:08:51 UTC 2026","","Server Unit Tests","Server Unit Tests 405 Method Not Allowed does not return 405 for allowed POST method on /api/colors",""
"","4","Server Unit Tests Surviving Mutants & Edge Cases Mongoose Schema & Persistence kills empty schema mutant by verifying field persistence","","Mon May 11 23:08:51 UTC 2026","passed","Mon May 11 23:08:51 UTC 2026","","Server Unit Tests","Server Unit Tests Surviving Mutants & Edge Cases Mongoose Schema & Persistence kills empty schema mutant by verifying field persistence",""
"","10","Server Integration Tests (Testcontainers) GET /api/colors/:name should be case-sensitive (lowercase name returns 404)","","Mon May 11 23:08:45 UTC 2026","passed","Mon May 11 23:08:45 UTC 2026","","Server Integration Tests (Testcontainers)","Server Integration Tests (Testcontainers) GET /api/colors/:name should be case-sensitive (lowercase name returns 404)",""
"","1","Utility Functions hslToRgb hue=240 (blue) → [0,0,255]","","Mon May 11 23:07:15 UTC 2026","passed","Mon May 11 23:07:15 UTC 2026","","Utility Functions","Utility Functions hslToRgb hue=240 (blue) → [0,0,255]",""
"","908","should load the application and verify core functionality across browsers","Chrome","Mon May 11 23:17:26 UTC 2026","passed","Mon May 11 23:17:27 UTC 2026","Cross-Browser Core Functionality","tests/cross-browser.spec.ts","",""
"","66","Frontend Unit Tests App Component handles non-array initial fetch response gracefully","","Mon May 11 23:07:15 UTC 2026","passed","Mon May 11 23:07:15 UTC 2026","","Frontend Unit Tests","Frontend Unit Tests App Component handles non-array initial fetch response gracefully",""
"","0","Utility Functions hexToRgb is case-insensitive","","Mon May 11 23:07:15 UTC 2026","passed","Mon May 11 23:07:15 UTC 2026","","Utility Functions","Utility Functions hexToRgb is case-insensitive",""
"","38","Frontend Unit Tests App Component add color 400 without data.error falls back to generic message","","Mon May 11 23:07:15 UTC 2026","passed","Mon May 11 23:07:15 UTC 2026","","Frontend Unit Tests","Frontend Unit Tests App Component add color 400 without data.error falls back to generic message",""
"","1","Utility Functions rgbToHsl black [0,0,0] → h=0, s=0, l=0","","Mon May 11 23:07:15 UTC 2026","passed","Mon May 11 23:07:15 UTC 2026","","Utility Functions","Utility Functions rgbToHsl black [0,0,0] → h=0, s=0, l=0",""
"","3","Server Unit Tests DELETE /api/colors/:name returns 400 for invalid name in path (regex check)","","Mon May 11 23:08:51 UTC 2026","passed","Mon May 11 23:08:51 UTC 2026","","Server Unit Tests","Server Unit Tests DELETE /api/colors/:name returns 400 for invalid name in path (regex check)",""
"","4","Component Tests ConfirmDialog Enter key calls onConfirm when not busy","","Mon May 11 23:07:15 UTC 2026","passed","Mon May 11 23:07:15 UTC 2026","","Component Tests","Component Tests ConfirmDialog Enter key calls onConfirm when not busy",""
"","1513","homepage should match snapshot","Chrome","Mon May 11 23:18:30 UTC 2026","passed","Mon May 11 23:18:31 UTC 2026","Visual Regression – desktop-xl (1920×1080)","","",""
"","0","Utility Functions readableOn returns #111 for white (very light, L=1)","","Mon May 11 23:07:15 UTC 2026","passed","Mon May 11 23:07:15 UTC 2026","","Utility Functions","Utility Functions readableOn returns #111 for white (very light, L=1)",""
"","4","Frontend Unit Tests App Component current color span tracks hex value","","Mon May 11 23:07:15 UTC 2026","passed","Mon May 11 23:07:15 UTC 2026","","Frontend Unit Tests","Frontend Unit Tests App Component current color span tracks hex value",""
"","0","Utility Functions readableOn returns #111 for light-grey (L≈0.60, above 0.179 threshold)","","Mon May 11 23:07:15 UTC 2026","passed","Mon May 11 23:07:15 UTC 2026","","Utility Functions","Utility Functions readableOn returns #111 for light-grey (L≈0.60, above 0.179 threshold)",""
"","1099","cancel in confirm dialog closes it without deleting","Chrome","Mon May 11 23:18:09 UTC 2026","passed","Mon May 11 23:18:10 UTC 2026","Color Management — Add & Delete","tests/color-management.spec.ts","",""
"","1","Utility Functions hslToRgb hue=59 stays in sector 0","","Mon May 11 23:07:15 UTC 2026","passed","Mon May 11 23:07:15 UTC 2026","","Utility Functions","Utility Functions hslToRgb hue=59 stays in sector 0",""
"","31","should update a color with valid schema","Chrome","Mon May 11 23:18:41 UTC 2026","passed","Mon May 11 23:18:41 UTC 2026","Backend API Integration > PUT /api/colors/:name Schema Validation","tests/api.spec.ts","",""
"","961","changing color to Yellow should reflect in UI and DOM","Chrome","Mon May 11 23:17:28 UTC 2026","passed","Mon May 11 23:17:29 UTC 2026","Data-Driven Testing","tests/data-driven.spec.ts","",""
"","17","Component Tests ColorPicker duplicate check is case-insensitive","","Mon May 11 23:07:15 UTC 2026","passed","Mon May 11 23:07:15 UTC 2026","","Utility Functions","Component Tests ColorPicker duplicate check is case-insensitive",""
"","5","Component Tests ColorPicker serverError banner is absent when serverError is null","","Mon May 11 23:07:15 UTC 2026","passed","Mon May 11 23:07:15 UTC 2026","","Utility Functions","Component Tests ColorPicker serverError banner is absent when serverError is null",""
"","0","Utility Functions hslToRgb lightness clamped: l=-0.5 gives black","","Mon May 11 23:07:15 UTC 2026","passed","Mon May 11 23:07:15 UTC 2026","","Utility Functions","Utility Functions hslToRgb lightness clamped: l=-0.5 gives black",""
"","645","chip-x click opens confirm dialog with color name","Chrome","Mon May 11 23:18:08 UTC 2026","passed","Mon May 11 23:18:09 UTC 2026","Color Management — Add & Delete","tests/color-management.spec.ts","",""
"","0","Utility Functions readableOn returns #fff for a very dark blue","","Mon May 11 23:07:15 UTC 2026","passed","Mon May 11 23:07:15 UTC 2026","","Utility Functions","Utility Functions readableOn returns #fff for a very dark blue",""
"","7","Component Tests ConfirmDialog Escape key calls onCancel when not busy","","Mon May 11 23:07:15 UTC 2026","passed","Mon May 11 23:07:15 UTC 2026","","Component Tests","Component Tests ConfirmDialog Escape key calls onCancel when not busy",""
"","43","Frontend Unit Tests App Component handleColorClick shows error on non-2xx response","","Mon May 11 23:07:15 UTC 2026","passed","Mon May 11 23:07:15 UTC 2026","","Frontend Unit Tests","Frontend Unit Tests App Component handleColorClick shows error on non-2xx response",""
"","8","Server Unit Tests 405 Method Not Allowed returns 405 for POST, PUT, DELETE on /api-docs","","Mon May 11 23:08:51 UTC 2026","passed","Mon May 11 23:08:51 UTC 2026","","Server Unit Tests","Server Unit Tests 405 Method Not Allowed returns 405 for POST, PUT, DELETE on /api-docs",""
"","11","should reject empty name","Chrome","Mon May 11 23:18:41 UTC 2026","passed","Mon May 11 23:18:41 UTC 2026","Backend API Integration > POST /api/colors Schema Validation","tests/api.spec.ts","",""
"","321","Server Unit Tests Surviving Mutants & Edge Cases Port Fallback uses default PORT 5001 when process.env.PORT is missing","","Mon May 11 23:08:51 UTC 2026","passed","Mon May 11 23:08:51 UTC 2026","","Server Unit Tests","Server Unit Tests Surviving Mutants & Edge Cases Port Fallback uses default PORT 5001 when process.env.PORT is missing",""
"","4","Server Unit Tests Error Handling GET /api/colors returns 500 when database fails","","Mon May 11 23:08:51 UTC 2026","passed","Mon May 11 23:08:51 UTC 2026","","Server Unit Tests","Server Unit Tests Error Handling GET /api/colors returns 500 when database fails",""
"","55","Frontend Unit Tests App Component delete sends DELETE request with correct method","","Mon May 11 23:07:15 UTC 2026","passed","Mon May 11 23:07:15 UTC 2026","","Frontend Unit Tests","Frontend Unit Tests App Component delete sends DELETE request with correct method",""
"","18","Component Tests ColorPicker typing a valid hex clears the hex error and updates preview","","Mon May 11 23:07:15 UTC 2026","passed","Mon May 11 23:07:15 UTC 2026","","Utility Functions","Component Tests ColorPicker typing a valid hex clears the hex error and updates preview",""
"","4","Server Unit Tests PUT /api/colors/:name returns 400 for invalid name in path (regex check)","","Mon May 11 23:08:51 UTC 2026","passed","Mon May 11 23:08:51 UTC 2026","","Server Unit Tests","Server Unit Tests PUT /api/colors/:name returns 400 for invalid name in path (regex check)",""
"","1510","color names rendered in the UI do not trigger script execution","Chrome","Mon May 11 23:12:50 UTC 2026","passed","Mon May 11 23:12:51 UTC 2026","Security > XSS Prevention","tests/security.spec.ts","",""
"","7","Frontend Unit Tests App Component colors.length === 0 shows loading text","","Mon May 11 23:07:15 UTC 2026","passed","Mon May 11 23:07:15 UTC 2026","","Frontend Unit Tests","Frontend Unit Tests App Component colors.length === 0 shows loading text",""
"","0","Utility Functions readableOn returns #111 for a pale/pastel colour (high luminance)","","Mon May 11 23:07:15 UTC 2026","passed","Mon May 11 23:07:15 UTC 2026","","Utility Functions","Utility Functions readableOn returns #111 for a pale/pastel colour (high luminance)",""
"Performance Test: UI Performance Test
File: ui-performance.spec.ts
Total Iterations: 1
Max VUs: 1

HTTP Request Duration:
- Avg: 3.06ms
- P(95): 3.06ms
- Max: 3.06ms

Full metrics attached in the results.","33310","UI Performance Test","Performance","Mon May 11 23:15:14 UTC 2026","passed","Mon May 11 23:15:47 UTC 2026","ui-performance.spec.ts","UI Performance Test","",""
"","857","verify Red ( #e74c3c ) is applied as the background color","Chrome","Mon May 11 23:17:21 UTC 2026","passed","Mon May 11 23:17:22 UTC 2026","Background color tests","tests/coverage.spec.ts","",""
"","1","Frontend Unit Tests i18n Configuration should be initialized with correct settings","","Mon May 11 23:07:16 UTC 2026","passed","Mon May 11 23:07:16 UTC 2026","","Frontend Unit Tests","Frontend Unit Tests i18n Configuration should be initialized with correct settings",""
"","1243","shows 409 duplicate error from server inside the picker","Chrome","Mon May 11 23:18:07 UTC 2026","passed","Mon May 11 23:18:08 UTC 2026","Color Management — Add & Delete","tests/color-management.spec.ts","",""
"","3817","should load the application and verify core functionality across browsers","WebKit","Mon May 11 23:16:27 UTC 2026","passed","Mon May 11 23:16:31 UTC 2026","Cross-Browser Core Functionality","","",""
"","27","Server Integration Tests (Testcontainers) POST /api/colors should create a new color and persist it in the real database","","Mon May 11 23:08:45 UTC 2026","passed","Mon May 11 23:08:45 UTC 2026","","Server Integration Tests (Testcontainers)","Server Integration Tests (Testcontainers) POST /api/colors should create a new color and persist it in the real database",""
"","0","Utility Functions paintWheelPixel paints grey at center (dx=0, dy=0, dist=0, sat=0)","","Mon May 11 23:07:15 UTC 2026","passed","Mon May 11 23:07:15 UTC 2026","","Utility Functions","Utility Functions paintWheelPixel paints grey at center (dx=0, dy=0, dist=0, sat=0)",""
"","46","Frontend Unit Tests App Component saving is false again after a failed add (finally block)","","Mon May 11 23:07:15 UTC 2026","passed","Mon May 11 23:07:15 UTC 2026","","Frontend Unit Tests","Frontend Unit Tests App Component saving is false again after a failed add (finally block)",""
"","13","GET /api/colors/:name should return 404 for non-existent color","Chrome","Mon May 11 23:18:41 UTC 2026","passed","Mon May 11 23:18:41 UTC 2026","Backend API Integration","tests/api.spec.ts","",""
"","33","Frontend Unit Tests App Component clicking chip-x opens confirm dialog with color name and swatch","","Mon May 11 23:07:15 UTC 2026","passed","Mon May 11 23:07:15 UTC 2026","","Frontend Unit Tests","Frontend Unit Tests App Component clicking chip-x opens confirm dialog with color name and swatch",""
"","31","Server Integration Tests (Testcontainers) End-to-end CRUD workflow should create, read, update, and delete a color in sequence","","Mon May 11 23:08:45 UTC 2026","passed","Mon May 11 23:08:45 UTC 2026","","Server Integration Tests (Testcontainers)","Server Integration Tests (Testcontainers) End-to-end CRUD workflow should create, read, update, and delete a color in sequence",""
"","1","Utility Functions hslToRgb hue=300 (magenta) → [255,0,255]","","Mon May 11 23:07:15 UTC 2026","passed","Mon May 11 23:07:15 UTC 2026","","Utility Functions","Utility Functions hslToRgb hue=300 (magenta) → [255,0,255]",""
"","1127","shows client-side validation error for invalid name chars","Chrome","Mon May 11 23:18:07 UTC 2026","passed","Mon May 11 23:18:08 UTC 2026","Color Management — Add & Delete","tests/color-management.spec.ts","",""
"","26","Component Tests ColorPicker submit with invalid chars shows validation error","","Mon May 11 23:07:15 UTC 2026","passed","Mon May 11 23:07:15 UTC 2026","","Utility Functions","Component Tests ColorPicker submit with invalid chars shows validation error",""
"","9","array body on POST returns 400","Chrome","Mon May 11 23:12:52 UTC 2026","passed","Mon May 11 23:12:52 UTC 2026","Security > Input Validation","tests/security.spec.ts","",""
"","704","shows a chip for each color with a swatch, name, and delete button","Chrome","Mon May 11 23:18:01 UTC 2026","passed","Mon May 11 23:18:01 UTC 2026","Color Management — Add & Delete","tests/color-management.spec.ts","",""
"","47","GET /api/colors/Turquoise should return the correct hex code","Chrome","Mon May 11 23:18:40 UTC 2026","passed","Mon May 11 23:18:40 UTC 2026","Backend API Integration","tests/api.spec.ts","",""
"","657","Show loading state when the API returns an empty colors list","BDD","Mon May 11 23:16:18 UTC 2026","passed","Mon May 11 23:16:18 UTC 2026","API Error Handling","","",""
"","511","should handle fetch colors network failure gracefully","Chrome","Mon May 11 23:17:28 UTC 2026","passed","Mon May 11 23:17:29 UTC 2026","UI Error Handling Coverage","tests/error-handling.spec.ts","",""
"","10","Server Unit Tests GET /api/colors returns an empty array when no colors exist","","Mon May 11 23:08:51 UTC 2026","passed","Mon May 11 23:08:51 UTC 2026","","Server Unit Tests","Server Unit Tests GET /api/colors returns an empty array when no colors exist",""
"","39","Frontend Unit Tests App Component deleting the last color sets activeName to null","","Mon May 11 23:07:15 UTC 2026","passed","Mon May 11 23:07:15 UTC 2026","","Frontend Unit Tests","Frontend Unit Tests App Component deleting the last color sets activeName to null",""
"","1181","successful delete removes the chip","Chrome","Mon May 11 23:18:10 UTC 2026","passed","Mon May 11 23:18:11 UTC 2026","Color Management — Add & Delete","tests/color-management.spec.ts","",""
"","55","Frontend Unit Tests App Component successful delete removes the color chip","","Mon May 11 23:07:15 UTC 2026","passed","Mon May 11 23:07:15 UTC 2026","","Frontend Unit Tests","Frontend Unit Tests App Component successful delete removes the color chip",""
"","1136","changing color to Turquoise should reflect in UI and DOM","Chrome","Mon May 11 23:17:27 UTC 2026","passed","Mon May 11 23:17:28 UTC 2026","Data-Driven Testing","tests/data-driven.spec.ts","",""
"","5","Component Tests ConfirmDialog Enter key does NOT call onConfirm when busy","","Mon May 11 23:07:15 UTC 2026","passed","Mon May 11 23:07:15 UTC 2026","","Component Tests","Component Tests ConfirmDialog Enter key does NOT call onConfirm when busy",""
"","1","Utility Functions hslToRgb saturation clamped: s=1.5 treated as s=1","","Mon May 11 23:07:15 UTC 2026","passed","Mon May 11 23:07:15 UTC 2026","","Utility Functions","Utility Functions hslToRgb saturation clamped: s=1.5 treated as s=1",""
"","30","Frontend Unit Tests App Component add color sends POST with correct method, headers, and body","","Mon May 11 23:07:15 UTC 2026","passed","Mon May 11 23:07:15 UTC 2026","","Frontend Unit Tests","Frontend Unit Tests App Component add color sends POST with correct method, headers, and body",""
"","5","Server Unit Tests PUT /api/colors/:name updates both name and hex simultaneously","","Mon May 11 23:08:51 UTC 2026","passed","Mon May 11 23:08:51 UTC 2026","","Server Unit Tests","Server Unit Tests PUT /api/colors/:name updates both name and hex simultaneously",""
"","43","Frontend Unit Tests App Component renders title, logo, and calls initial fetch","","Mon May 11 23:07:15 UTC 2026","passed","Mon May 11 23:07:15 UTC 2026","","Frontend Unit Tests","Frontend Unit Tests App Component renders title, logo, and calls initial fetch",""
"","21","Component Tests ColorPicker typing in name input clears name error","","Mon May 11 23:07:15 UTC 2026","passed","Mon May 11 23:07:15 UTC 2026","","Utility Functions","Component Tests ColorPicker typing in name input clears name error",""
"","1157","delete API error shows alert banner","Chrome","Mon May 11 23:18:11 UTC 2026","passed","Mon May 11 23:18:12 UTC 2026","Color Management — Add & Delete","tests/color-management.spec.ts","",""
"","2371","should maintain accessibility after state change (color update)","Chrome","Mon May 11 23:18:30 UTC 2026","passed","Mon May 11 23:18:33 UTC 2026","Accessibility Tests","tests/a11y.spec.ts","",""
"","23","GET /api/colors should return colors sorted alphabetically by name","Chrome","Mon May 11 23:18:41 UTC 2026","passed","Mon May 11 23:18:41 UTC 2026","Backend API Integration","tests/api.spec.ts","",""
"","4","Server Unit Tests Middleware JSON error middleware ignores SyntaxError without body","","Mon May 11 23:08:51 UTC 2026","passed","Mon May 11 23:08:51 UTC 2026","","Server Unit Tests","Server Unit Tests Middleware JSON error middleware ignores SyntaxError without body",""
"","4","Server Unit Tests POST /api/colors returns 400 for name with only spaces","","Mon May 11 23:08:51 UTC 2026","passed","Mon May 11 23:08:51 UTC 2026","","Server Unit Tests","Server Unit Tests POST /api/colors returns 400 for name with only spaces",""
"","62","Frontend Unit Tests App Component picker onCancel does nothing when saving=true","","Mon May 11 23:07:15 UTC 2026","passed","Mon May 11 23:07:15 UTC 2026","","Frontend Unit Tests","Frontend Unit Tests App Component picker onCancel does nothing when saving=true",""
"","1089","homepage should match snapshot","Chrome","Mon May 11 23:18:31 UTC 2026","passed","Mon May 11 23:18:32 UTC 2026","Visual Regression – tablet (768×1024)","","",""
"","826","verify Turquoise ( #1abc9c ) is applied as the background color","Chrome","Mon May 11 23:17:31 UTC 2026","passed","Mon May 11 23:17:32 UTC 2026","POM Refactored: Background color tests","tests/pom-refactored.spec.ts","",""
"","5","Server Unit Tests Middleware JSON error middleware ignores SyntaxError with status != 400","","Mon May 11 23:08:51 UTC 2026","passed","Mon May 11 23:08:51 UTC 2026","","Server Unit Tests","Server Unit Tests Middleware JSON error middleware ignores SyntaxError with status != 400",""
"","9","Component Tests ConfirmDialog cancelLabel prop is reflected in the button text","","Mon May 11 23:07:15 UTC 2026","passed","Mon May 11 23:07:15 UTC 2026","","Component Tests","Component Tests ConfirmDialog cancelLabel prop is reflected in the button text",""
"","1","Utility Functions hslToRgb saturation=0 gives pure grey [128,128,128]","","Mon May 11 23:07:15 UTC 2026","passed","Mon May 11 23:07:15 UTC 2026","","Utility Functions","Utility Functions hslToRgb saturation=0 gives pure grey [128,128,128]",""
"","0","Utility Functions hslToRgb hue=150 (spring green) → [0,255,128]","","Mon May 11 23:07:15 UTC 2026","passed","Mon May 11 23:07:15 UTC 2026","","Utility Functions","Utility Functions hslToRgb hue=150 (spring green) → [0,255,128]",""
"","9","Server Integration Tests (Testcontainers) POST /api/colors should return 400 for invalid hex format (missing #)","","Mon May 11 23:08:45 UTC 2026","passed","Mon May 11 23:08:45 UTC 2026","","Server Integration Tests (Testcontainers)","Server Integration Tests (Testcontainers) POST /api/colors should return 400 for invalid hex format (missing #)",""
"","8","PATCH /api/colors/:name returns 405","Chrome","Mon May 11 23:12:52 UTC 2026","passed","Mon May 11 23:12:52 UTC 2026","Security > HTTP Method Restrictions","tests/security.spec.ts","",""
"","23","Server Integration Tests (Testcontainers) seedDatabase should clear custom colors when re-seeded","","Mon May 11 23:08:45 UTC 2026","passed","Mon May 11 23:08:45 UTC 2026","","Server Integration Tests (Testcontainers)","Server Integration Tests (Testcontainers) seedDatabase should clear custom colors when re-seeded",""
"","9","Server Unit Tests Surviving Mutants & Edge Cases Regex & Validation STRICT_NAME_REGEX kills mutants by testing multiple spaces in the middle and rejecting pluses","","Mon May 11 23:08:51 UTC 2026","passed","Mon May 11 23:08:51 UTC 2026","","Server Unit Tests","Server Unit Tests Surviving Mutants & Edge Cases Regex & Validation STRICT_NAME_REGEX kills mutants by testing multiple spaces in the middle and rejecting pluses",""
"","10","Server Integration Tests (Testcontainers) GET /api/colors/:name should not expose _id or __v fields","","Mon May 11 23:08:45 UTC 2026","passed","Mon May 11 23:08:45 UTC 2026","","Server Integration Tests (Testcontainers)","Server Integration Tests (Testcontainers) GET /api/colors/:name should not expose _id or __v fields",""
"","9","Server Integration Tests (Testcontainers) POST /api/colors should return 400 when hex is missing","","Mon May 11 23:08:45 UTC 2026","passed","Mon May 11 23:08:45 UTC 2026","","Server Integration Tests (Testcontainers)","Server Integration Tests (Testcontainers) POST /api/colors should return 400 when hex is missing",""
"","29","Component Tests ColorPicker mousedown at top-center (hue=270) sets hex to #8000ff","","Mon May 11 23:07:15 UTC 2026","passed","Mon May 11 23:07:15 UTC 2026","","Utility Functions","Component Tests ColorPicker mousedown at top-center (hue=270) sets hex to #8000ff",""
"","9","Server Unit Tests DELETE /api/colors/:name deletes an existing color and returns success message","","Mon May 11 23:08:51 UTC 2026","passed","Mon May 11 23:08:51 UTC 2026","","Server Unit Tests","Server Unit Tests DELETE /api/colors/:name deletes an existing color and returns success message",""
"","3","Server Unit Tests POST /api/colors returns 400 for completely empty body","","Mon May 11 23:08:51 UTC 2026","passed","Mon May 11 23:08:51 UTC 2026","","Server Unit Tests","Server Unit Tests POST /api/colors returns 400 for completely empty body",""
"","15","Server Integration Tests (Testcontainers) PUT /api/colors/:name should rename a color and make old name return 404","","Mon May 11 23:08:45 UTC 2026","passed","Mon May 11 23:08:45 UTC 2026","","Server Integration Tests (Testcontainers)","Server Integration Tests (Testcontainers) PUT /api/colors/:name should rename a color and make old name return 404",""
"","17","oversized payload is rejected (413)","Chrome","Mon May 11 23:12:52 UTC 2026","passed","Mon May 11 23:12:52 UTC 2026","Security > Input Validation","tests/security.spec.ts","",""
"","1811","POST /api/colors","","","passed","","","schemathesis","",""
"","","[HIGH] CVE-2026-6321","","","failed","","","package-lock.json","fast-uri-3.1.0",""
"","22","Frontend Unit Tests App Component link color is dark (#003366) on light background","","Mon May 11 23:07:15 UTC 2026","passed","Mon May 11 23:07:15 UTC 2026","","Frontend Unit Tests","Frontend Unit Tests App Component link color is dark (#003366) on light background",""
"","742","check Turquoise ( #1abc9c) is the default background color.","Chrome","Mon May 11 23:18:12 UTC 2026","passed","Mon May 11 23:18:12 UTC 2026","","tests/coverage.spec.ts","",""
"","25","Component Tests ConfirmDialog both buttons are disabled when busy=true","","Mon May 11 23:07:15 UTC 2026","passed","Mon May 11 23:07:15 UTC 2026","","Component Tests","Component Tests ConfirmDialog both buttons are disabled when busy=true",""
"","5","Server Unit Tests GET /api/colors/:name returns Yellow color correctly","","Mon May 11 23:08:51 UTC 2026","passed","Mon May 11 23:08:51 UTC 2026","","Server Unit Tests","Server Unit Tests GET /api/colors/:name returns Yellow color correctly",""
"","1008","should display colors that do not exist in the database","Chrome","Mon May 11 23:17:30 UTC 2026","passed","Mon May 11 23:17:31 UTC 2026","Network Mocking & Interception","tests/network-mocking.spec.ts","",""
"","1250","homepage should match snapshot","Chrome","Mon May 11 23:18:30 UTC 2026","passed","Mon May 11 23:18:31 UTC 2026","Visual Regression – desktop (1280×720)","","",""
"","107","Frontend Unit Tests App Component handleColorClick does nothing when data is null","","Mon May 11 23:07:15 UTC 2026","passed","Mon May 11 23:07:15 UTC 2026","","Frontend Unit Tests","Frontend Unit Tests App Component handleColorClick does nothing when data is null",""
"","1","Frontend Unit Tests i18n Configuration should handle language change correctly","","Mon May 11 23:07:16 UTC 2026","passed","Mon May 11 23:07:16 UTC 2026","","Frontend Unit Tests","Frontend Unit Tests i18n Configuration should handle language change correctly",""
"","5","Server Unit Tests POST /api/colors accepts names with alphanumeric characters and spaces","","Mon May 11 23:08:51 UTC 2026","passed","Mon May 11 23:08:51 UTC 2026","","Server Unit Tests","Server Unit Tests POST /api/colors accepts names with alphanumeric characters and spaces",""
"","710","verify language switcher changes document language","Chrome","Mon May 11 23:17:24 UTC 2026","passed","Mon May 11 23:17:25 UTC 2026","","tests/coverage.spec.ts","",""
"","4","Server Unit Tests Middleware returns 413 for payload too large","","Mon May 11 23:08:51 UTC 2026","passed","Mon May 11 23:08:51 UTC 2026","","Server Unit Tests","Server Unit Tests Middleware returns 413 for payload too large",""
"","5","Server Unit Tests GET /api/colors/:name returns 400 for invalid name in path (regex check)","","Mon May 11 23:08:51 UTC 2026","passed","Mon May 11 23:08:51 UTC 2026","","Server Unit Tests","Server Unit Tests GET /api/colors/:name returns 400 for invalid name in path (regex check)",""
"","14","Component Tests ColorPicker typing blue hex updates internal state (b is max branch)","","Mon May 11 23:07:15 UTC 2026","passed","Mon May 11 23:07:15 UTC 2026","","Utility Functions","Component Tests ColorPicker typing blue hex updates internal state (b is max branch)",""
"","893","Color button remains functional after switching language","BDD","Mon May 11 23:16:22 UTC 2026","passed","Mon May 11 23:16:23 UTC 2026","Language Switching","","",""
"","9","Component Tests ColorPicker typing an invalid hex shows ""Use format #RRGGBB"" error","","Mon May 11 23:07:15 UTC 2026","passed","Mon May 11 23:07:15 UTC 2026","","Utility Functions","Component Tests ColorPicker typing an invalid hex shows ""Use format #RRGGBB"" error",""
"","0","Utility Functions hslToRgb hue just below 60 is in sector 0, not sector 1","","Mon May 11 23:07:15 UTC 2026","passed","Mon May 11 23:07:15 UTC 2026","","Utility Functions","Utility Functions hslToRgb hue just below 60 is in sector 0, not sector 1",""
"","3","Server Unit Tests 405 Method Not Allowed sets the Allow header on /api/colors/:name with correct methods","","Mon May 11 23:08:51 UTC 2026","passed","Mon May 11 23:08:51 UTC 2026","","Server Unit Tests","Server Unit Tests 405 Method Not Allowed sets the Allow header on /api/colors/:name with correct methods",""
"","8","Component Tests ColorPicker displays serverError prop in an alert banner","","Mon May 11 23:07:15 UTC 2026","passed","Mon May 11 23:07:15 UTC 2026","","Utility Functions","Component Tests ColorPicker displays serverError prop in an alert banner",""
"","29","Frontend Unit Tests App Component labelFor returns translation for known color (Turquoise)","","Mon May 11 23:07:15 UTC 2026","passed","Mon May 11 23:07:15 UTC 2026","","Frontend Unit Tests","Frontend Unit Tests App Component labelFor returns translation for known color (Turquoise)",""
"","0","Utility Functions rgbToHex pads single-digit hex values with leading zero","","Mon May 11 23:07:15 UTC 2026","passed","Mon May 11 23:07:15 UTC 2026","","Utility Functions","Utility Functions rgbToHex pads single-digit hex values with leading zero",""
"","10","Server Integration Tests (Testcontainers) GET /api/colors/:name should return correct data for Red","","Mon May 11 23:08:45 UTC 2026","passed","Mon May 11 23:08:45 UTC 2026","","Server Integration Tests (Testcontainers)","Server Integration Tests (Testcontainers) GET /api/colors/:name should return correct data for Red",""
"","0","homepage initial state","Chrome","Mon May 11 23:18:35 UTC 2026","skipped","Mon May 11 23:18:35 UTC 2026","Percy Visual Regression – Production > Percy – tablet (768×1024)","","",""
"","4096","PUT /api/colors/{name}","","","passed","","","schemathesis","",""
"","9","Server Unit Tests Error Handling POST /api/colors returns 500 when database fails (create)","","Mon May 11 23:08:51 UTC 2026","passed","Mon May 11 23:08:51 UTC 2026","","Server Unit Tests","Server Unit Tests Error Handling POST /api/colors returns 500 when database fails (create)",""
"","4","Server Unit Tests PUT /api/colors/:name returns 400 for invalid hex on update","","Mon May 11 23:08:51 UTC 2026","passed","Mon May 11 23:08:51 UTC 2026","","Server Unit Tests","Server Unit Tests PUT /api/colors/:name returns 400 for invalid hex on update",""
"","56","Frontend Unit Tests App Component add color success closes picker and shows new chip","","Mon May 11 23:07:15 UTC 2026","passed","Mon May 11 23:07:15 UTC 2026","","Frontend Unit Tests","Frontend Unit Tests App Component add color success closes picker and shows new chip",""
"","4","Server Unit Tests 405 Method Not Allowed does not return 405 for allowed DELETE method on /api/colors/:name","","Mon May 11 23:08:51 UTC 2026","passed","Mon May 11 23:08:51 UTC 2026","","Server Unit Tests","Server Unit Tests 405 Method Not Allowed does not return 405 for allowed DELETE method on /api/colors/:name",""
"","49","Frontend Unit Tests App Component deleting the active color switches background to the first remaining","","Mon May 11 23:07:15 UTC 2026","passed","Mon May 11 23:07:15 UTC 2026","","Frontend Unit Tests","Frontend Unit Tests App Component deleting the active color switches background to the first remaining",""
"","6","Server Unit Tests 405 Method Not Allowed does not return 405 for allowed PUT method on /api/colors/:name","","Mon May 11 23:08:51 UTC 2026","passed","Mon May 11 23:08:51 UTC 2026","","Server Unit Tests","Server Unit Tests 405 Method Not Allowed does not return 405 for allowed PUT method on /api/colors/:name",""
"","7","Server Unit Tests GET /api/colors/:name returns 404 for a non-existent color","","Mon May 11 23:08:51 UTC 2026","passed","Mon May 11 23:08:51 UTC 2026","","Server Unit Tests","Server Unit Tests GET /api/colors/:name returns 404 for a non-existent color",""
"","4","Component Tests ConfirmDialog Escape key does NOT call onCancel when busy","","Mon May 11 23:07:15 UTC 2026","passed","Mon May 11 23:07:15 UTC 2026","","Component Tests","Component Tests ConfirmDialog Escape key does NOT call onCancel when busy",""
"","66","Frontend Unit Tests App Component useEffect runs only once on mount","","Mon May 11 23:07:15 UTC 2026","passed","Mon May 11 23:07:15 UTC 2026","","Frontend Unit Tests","Frontend Unit Tests App Component useEffect runs only once on mount",""
"","12","should reject omitting both name and hex on update","Chrome","Mon May 11 23:18:41 UTC 2026","passed","Mon May 11 23:18:41 UTC 2026","Backend API Integration > PUT /api/colors/:name Schema Validation","tests/api.spec.ts","",""
"","10","should reject missing hex","Chrome","Mon May 11 23:18:41 UTC 2026","passed","Mon May 11 23:18:41 UTC 2026","Backend API Integration > POST /api/colors Schema Validation","tests/api.spec.ts","",""
"","11","Server Unit Tests Surviving Mutants & Edge Cases Strict Path & Method Validation kills mutants that change route paths to empty string","","Mon May 11 23:08:51 UTC 2026","passed","Mon May 11 23:08:51 UTC 2026","","Server Unit Tests","Server Unit Tests Surviving Mutants & Edge Cases Strict Path & Method Validation kills mutants that change route paths to empty string",""
"","16","Server Integration Tests (Testcontainers) GET /api/colors should return an empty array after all colors are deleted","","Mon May 11 23:08:45 UTC 2026","passed","Mon May 11 23:08:45 UTC 2026","","Server Integration Tests (Testcontainers)","Server Integration Tests (Testcontainers) GET /api/colors should return an empty array after all colors are deleted",""
"","10","SQL injection characters in name are rejected (400)","Chrome","Mon May 11 23:12:51 UTC 2026","passed","Mon May 11 23:12:51 UTC 2026","Security > Injection Prevention","tests/security.spec.ts","",""
"","18","Frontend Unit Tests App Component text color on dark background is white","","Mon May 11 23:07:15 UTC 2026","passed","Mon May 11 23:07:15 UTC 2026","","Frontend Unit Tests","Frontend Unit Tests App Component text color on dark background is white",""
"","62","POST with HTML tag in name is rejected (400)","Chrome","Mon May 11 23:12:49 UTC 2026","passed","Mon May 11 23:12:49 UTC 2026","Security > XSS Prevention","tests/security.spec.ts","",""
"","1","Utility Functions readableOn returns #111 for turquoise (L≈0.39, black gives better contrast)","","Mon May 11 23:07:15 UTC 2026","passed","Mon May 11 23:07:15 UTC 2026","","Utility Functions","Utility Functions readableOn returns #111 for turquoise (L≈0.39, black gives better contrast)",""
"","3","Server Unit Tests PUT /api/colors/:name returns 400 for invalid name with special characters","","Mon May 11 23:08:51 UTC 2026","passed","Mon May 11 23:08:51 UTC 2026","","Server Unit Tests","Server Unit Tests PUT /api/colors/:name returns 400 for invalid name with special characters",""
"","2","Utility Functions hslToRgb hue=0 (red) → [255,0,0]","","Mon May 11 23:07:15 UTC 2026","passed","Mon May 11 23:07:15 UTC 2026","","Utility Functions","Utility Functions hslToRgb hue=0 (red) → [255,0,0]",""
"","","[HIGH] CVE-2026-6322","","","failed","","","package-lock.json","fast-uri-3.1.0",""
"","661","Example #3","BDD","Mon May 11 23:16:21 UTC 2026","passed","Mon May 11 23:16:22 UTC 2026","Language Switching > Switch language and verify translated UI labels","","",""
"","9","Frontend Unit Tests App Component shows error alert when initial fetch fails","","Mon May 11 23:07:15 UTC 2026","passed","Mon May 11 23:07:15 UTC 2026","","Frontend Unit Tests","Frontend Unit Tests App Component shows error alert when initial fetch fails",""
"","3","Server Unit Tests PUT /api/colors/:name returns 400 for extra unknown fields (strict schema)","","Mon May 11 23:08:51 UTC 2026","passed","Mon May 11 23:08:51 UTC 2026","","Server Unit Tests","Server Unit Tests PUT /api/colors/:name returns 400 for extra unknown fields (strict schema)",""
"","12","Server Integration Tests (Testcontainers) GET /api/colors should return colors sorted alphabetically by name","","Mon May 11 23:08:45 UTC 2026","passed","Mon May 11 23:08:45 UTC 2026","","Server Integration Tests (Testcontainers)","Server Integration Tests (Testcontainers) GET /api/colors should return colors sorted alphabetically by name",""
"","22","Server Integration Tests (Testcontainers) Concurrent writes should handle simultaneous POSTs with the same name — exactly one succeeds","","Mon May 11 23:08:45 UTC 2026","passed","Mon May 11 23:08:45 UTC 2026","","Server Integration Tests (Testcontainers)","Server Integration Tests (Testcontainers) Concurrent writes should handle simultaneous POSTs with the same name — exactly one succeeds",""
"","3","Server Unit Tests POST /api/colors rejects names with the + character (+ encodes as space in URLs, causing lookup mismatches)","","Mon May 11 23:08:51 UTC 2026","passed","Mon May 11 23:08:51 UTC 2026","","Server Unit Tests","Server Unit Tests POST /api/colors rejects names with the + character (+ encodes as space in URLs, causing lookup mismatches)",""
"","","[HIGH] CVE-2026-27135","","","failed","","","test-automation-best-practices-app:latest (alpine 3.23.4)","nghttp2-libs-1.68.0-r0",""
"","23","Frontend Unit Tests App Component text color on light background is dark","","Mon May 11 23:07:15 UTC 2026","passed","Mon May 11 23:07:15 UTC 2026","","Frontend Unit Tests","Frontend Unit Tests App Component text color on light background is dark",""
"","22","Component Tests ColorPicker mousedown at left-center (hue=180) sets hex to #00ffff","","Mon May 11 23:07:15 UTC 2026","passed","Mon May 11 23:07:15 UTC 2026","","Utility Functions","Component Tests ColorPicker mousedown at left-center (hue=180) sets hex to #00ffff",""
"","5","Server Unit Tests Middleware returns 400 for malformed JSON body","","Mon May 11 23:08:51 UTC 2026","passed","Mon May 11 23:08:51 UTC 2026","","Server Unit Tests","Server Unit Tests Middleware returns 400 for malformed JSON body",""
"","15","Component Tests ColorPicker Cancel button is disabled when saving=true","","Mon May 11 23:07:15 UTC 2026","passed","Mon May 11 23:07:15 UTC 2026","","Utility Functions","Component Tests ColorPicker Cancel button is disabled when saving=true",""
"","3","Server Unit Tests Surviving Mutants & Edge Cases Logs seedDatabase logs success message","","Mon May 11 23:08:51 UTC 2026","passed","Mon May 11 23:08:51 UTC 2026","","Server Unit Tests","Server Unit Tests Surviving Mutants & Edge Cases Logs seedDatabase logs success message",""
"","1381","should display all core elements and handle button interaction","Chrome","Mon May 11 23:18:33 UTC 2026","passed","Mon May 11 23:18:35 UTC 2026","Responsive Design – iPhone SE (375×667)","","",""
"","0","Utility Functions rgbToHsl r max, g>0, b=0 → h in (0,60)","","Mon May 11 23:07:15 UTC 2026","passed","Mon May 11 23:07:15 UTC 2026","","Utility Functions","Utility Functions rgbToHsl r max, g>0, b=0 → h in (0,60)",""
"","4","Server Unit Tests OpenAPI endpoints serves Swagger UI as HTML","","Mon May 11 23:08:51 UTC 2026","passed","Mon May 11 23:08:51 UTC 2026","","Server Unit Tests","Server Unit Tests OpenAPI endpoints serves Swagger UI as HTML",""
"","26","Component Tests ColorPicker submit with duplicate name (client-side) shows duplicate error","","Mon May 11 23:07:15 UTC 2026","passed","Mon May 11 23:07:15 UTC 2026","","Utility Functions","Component Tests ColorPicker submit with duplicate name (client-side) shows duplicate error",""
"","3","Server Unit Tests Surviving Mutants & Edge Cases Swagger Metadata & OpenAPI has exact API info","","Mon May 11 23:08:51 UTC 2026","passed","Mon May 11 23:08:51 UTC 2026","","Server Unit Tests","Server Unit Tests Surviving Mutants & Edge Cases Swagger Metadata & OpenAPI has exact API info",""
"","28","Frontend Unit Tests App Component picker cancel button closes the modal","","Mon May 11 23:07:15 UTC 2026","passed","Mon May 11 23:07:15 UTC 2026","","Frontend Unit Tests","Frontend Unit Tests App Component picker cancel button closes the modal",""
"","311","Server Unit Tests Surviving Mutants & Edge Cases Infrastructure uses default MONGO_URI when process.env.MONGO_URI is missing","","Mon May 11 23:08:51 UTC 2026","passed","Mon May 11 23:08:51 UTC 2026","","Server Unit Tests","Server Unit Tests Surviving Mutants & Edge Cases Infrastructure uses default MONGO_URI when process.env.MONGO_URI is missing",""
"","","[HIGH] CVE-2026-6321","","","failed","","","Node.js","fast-uri-3.1.0",""
"","0","Utility Functions hslToRgb hue=270 (violet) → [128,0,255]","","Mon May 11 23:07:15 UTC 2026","passed","Mon May 11 23:07:15 UTC 2026","","Utility Functions","Utility Functions hslToRgb hue=270 (violet) → [128,0,255]",""
"","3","Server Unit Tests Surviving Mutants & Edge Cases Swagger Metadata & OpenAPI has exact info metadata","","Mon May 11 23:08:51 UTC 2026","passed","Mon May 11 23:08:51 UTC 2026","","Server Unit Tests","Server Unit Tests Surviving Mutants & Edge Cases Swagger Metadata & OpenAPI has exact info metadata",""
"","10","Server Unit Tests GET /api/colors does not expose _id or __v fields","","Mon May 11 23:08:51 UTC 2026","passed","Mon May 11 23:08:51 UTC 2026","","Server Unit Tests","Server Unit Tests GET /api/colors does not expose _id or __v fields",""
"","4","Server Unit Tests Error Handling DELETE /api/colors/:name returns 500 when database fails","","Mon May 11 23:08:51 UTC 2026","passed","Mon May 11 23:08:51 UTC 2026","","Server Unit Tests","Server Unit Tests Error Handling DELETE /api/colors/:name returns 500 when database fails",""
"","1","Utility Functions rgbToHex converts pure red","","Mon May 11 23:07:15 UTC 2026","passed","Mon May 11 23:07:15 UTC 2026","","Utility Functions","Utility Functions rgbToHex converts pure red",""
"","0","Utility Functions hexToRgb parses a standard #RRGGBB hex","","Mon May 11 23:07:15 UTC 2026","passed","Mon May 11 23:07:15 UTC 2026","","Utility Functions","Utility Functions hexToRgb parses a standard #RRGGBB hex",""
"","4","Server Unit Tests Error Handling POST /api/colors returns 409 when database throws duplicate key error (code 11000)","","Mon May 11 23:08:51 UTC 2026","passed","Mon May 11 23:08:51 UTC 2026","","Server Unit Tests","Server Unit Tests Error Handling POST /api/colors returns 409 when database throws duplicate key error (code 11000)",""
"","321","Server Unit Tests Surviving Mutants & Edge Cases Infrastructure uses MONGO_URI from environment if available","","Mon May 11 23:08:51 UTC 2026","passed","Mon May 11 23:08:51 UTC 2026","","Server Unit Tests","Server Unit Tests Surviving Mutants & Edge Cases Infrastructure uses MONGO_URI from environment if available",""
"","4","Server Unit Tests Error Handling GET /api/colors/:name returns 500 when database fails","","Mon May 11 23:08:51 UTC 2026","passed","Mon May 11 23:08:51 UTC 2026","","Server Unit Tests","Server Unit Tests Error Handling GET /api/colors/:name returns 500 when database fails",""
"","46","Frontend Unit Tests App Component deleting a non-active color keeps the current background","","Mon May 11 23:07:15 UTC 2026","passed","Mon May 11 23:07:15 UTC 2026","","Frontend Unit Tests","Frontend Unit Tests App Component deleting a non-active color keeps the current background",""
"","5","Server Unit Tests GET /api/colors/:name returns Turquoise color correctly","","Mon May 11 23:08:51 UTC 2026","passed","Mon May 11 23:08:51 UTC 2026","","Server Unit Tests","Server Unit Tests GET /api/colors/:name returns Turquoise color correctly",""
"","21","Component Tests ColorPicker lightness slider change updates the preview","","Mon May 11 23:07:15 UTC 2026","passed","Mon May 11 23:07:15 UTC 2026","","Utility Functions","Component Tests ColorPicker lightness slider change updates the preview",""
"","7","Server Unit Tests GET /api/colors returns JSON content type","","Mon May 11 23:08:51 UTC 2026","passed","Mon May 11 23:08:51 UTC 2026","","Server Unit Tests","Server Unit Tests GET /api/colors returns JSON content type",""
"","1","Utility Functions paintWheelPixel sets alpha to 0 when dist > r (outside circle)","","Mon May 11 23:07:15 UTC 2026","passed","Mon May 11 23:07:15 UTC 2026","","Utility Functions","Utility Functions paintWheelPixel sets alpha to 0 when dist > r (outside circle)",""
"","777","handle initial fetch with empty data","Chrome","Mon May 11 23:17:25 UTC 2026","passed","Mon May 11 23:17:26 UTC 2026","Edge cases and error handling","tests/coverage.spec.ts","",""
"","26","Frontend Unit Tests App Component clicking Add color button opens picker modal","","Mon May 11 23:07:15 UTC 2026","passed","Mon May 11 23:07:15 UTC 2026","","Frontend Unit Tests","Frontend Unit Tests App Component clicking Add color button opens picker modal",""
"","41","Frontend Unit Tests App Component initial background is first color hex","","Mon May 11 23:07:15 UTC 2026","passed","Mon May 11 23:07:15 UTC 2026","","Frontend Unit Tests","Frontend Unit Tests App Component initial background is first color hex",""
"","5","Server Unit Tests PUT /api/colors/:name does not change name when updating only hex","","Mon May 11 23:08:51 UTC 2026","passed","Mon May 11 23:08:51 UTC 2026","","Server Unit Tests","Server Unit Tests PUT /api/colors/:name does not change name when updating only hex",""
"","3","Server Unit Tests OpenAPI endpoints has exact application/json content-type","","Mon May 11 23:08:51 UTC 2026","passed","Mon May 11 23:08:51 UTC 2026","","Server Unit Tests","Server Unit Tests OpenAPI endpoints has exact application/json content-type",""
"Performance Test: API Performance Test
File: api-performance.spec.ts
Total Iterations: 1
Max VUs: 1

HTTP Request Duration:
- Avg: 6.30ms
- P(95): 15.14ms
- Max: 17.86ms

Full metrics attached in the results.","1911","API Performance Test","Performance","Mon May 11 23:11:14 UTC 2026","passed","Mon May 11 23:11:16 UTC 2026","api-performance.spec.ts","API Performance Test","",""
"","87","Frontend Unit Tests App Component clicking a color chip makes it active","","Mon May 11 23:07:15 UTC 2026","passed","Mon May 11 23:07:15 UTC 2026","","Frontend Unit Tests","Frontend Unit Tests App Component clicking a color chip makes it active",""
"","21","Component Tests ColorPicker touchmove while dragging updates hex","","Mon May 11 23:07:15 UTC 2026","passed","Mon May 11 23:07:15 UTC 2026","","Utility Functions","Component Tests ColorPicker touchmove while dragging updates hex",""
"","4","Server Unit Tests OpenAPI endpoints serves the OpenAPI JSON spec with exact metadata","","Mon May 11 23:08:51 UTC 2026","passed","Mon May 11 23:08:51 UTC 2026","","Server Unit Tests","Server Unit Tests OpenAPI endpoints serves the OpenAPI JSON spec with exact metadata",""
"","9","Server Unit Tests Error Handling PUT /api/colors/:name returns 500 when database fails","","Mon May 11 23:08:51 UTC 2026","passed","Mon May 11 23:08:51 UTC 2026","","Server Unit Tests","Server Unit Tests Error Handling PUT /api/colors/:name returns 500 when database fails",""
"","13","Server Integration Tests (Testcontainers) DELETE /api/colors/:name should delete a color and confirm removal from the real database","","Mon May 11 23:08:45 UTC 2026","passed","Mon May 11 23:08:45 UTC 2026","","Server Integration Tests (Testcontainers)","Server Integration Tests (Testcontainers) DELETE /api/colors/:name should delete a color and confirm removal from the real database",""
"","1066","verify Yellow ( #f1c40f ) is applied as the background color","Chrome","Mon May 11 23:17:32 UTC 2026","passed","Mon May 11 23:17:33 UTC 2026","POM Refactored: Background color tests","tests/pom-refactored.spec.ts","",""
"","1896","successfully adds a new color and shows its chip","Chrome","Mon May 11 23:18:05 UTC 2026","passed","Mon May 11 23:18:07 UTC 2026","Color Management — Add & Delete","tests/color-management.spec.ts","",""
"","5","Server Unit Tests POST /api/colors applies the createColorLimiter rate limit headers","","Mon May 11 23:08:51 UTC 2026","passed","Mon May 11 23:08:51 UTC 2026","","Server Unit Tests","Server Unit Tests POST /api/colors applies the createColorLimiter rate limit headers",""
"","21","Component Tests ConfirmDialog cancel button calls onCancel","","Mon May 11 23:07:15 UTC 2026","passed","Mon May 11 23:07:15 UTC 2026","","Component Tests","Component Tests ConfirmDialog cancel button calls onCancel",""
"","10","X-Powered-By header is not exposed","Chrome","Mon May 11 23:12:52 UTC 2026","passed","Mon May 11 23:12:52 UTC 2026","Security > Security Headers","tests/security.spec.ts","",""
"","7","Component Tests ConfirmDialog clicking the card itself does NOT call onCancel","","Mon May 11 23:07:15 UTC 2026","passed","Mon May 11 23:07:15 UTC 2026","","Component Tests","Component Tests ConfirmDialog clicking the card itself does NOT call onCancel",""
"","5","Server Unit Tests POST /api/colors returns 400 when name is missing","","Mon May 11 23:08:51 UTC 2026","passed","Mon May 11 23:08:51 UTC 2026","","Server Unit Tests","Server Unit Tests POST /api/colors returns 400 when name is missing",""
"","72","Frontend Unit Tests App Component deleting is false again after a failed delete (finally block)","","Mon May 11 23:07:15 UTC 2026","passed","Mon May 11 23:07:15 UTC 2026","","Frontend Unit Tests","Frontend Unit Tests App Component deleting is false again after a failed delete (finally block)",""
"","1","Utility Functions hslToRgb hue=120 (green) → [0,255,0]","","Mon May 11 23:07:15 UTC 2026","passed","Mon May 11 23:07:15 UTC 2026","","Utility Functions","Utility Functions hslToRgb hue=120 (green) → [0,255,0]",""
"","4","Server Unit Tests 405 Method Not Allowed sets the Allow header on /api/colors with correct methods","","Mon May 11 23:08:51 UTC 2026","passed","Mon May 11 23:08:51 UTC 2026","","Server Unit Tests","Server Unit Tests 405 Method Not Allowed sets the Allow header on /api/colors with correct methods",""
"","21","Frontend Unit Tests App Component link color is light (#cfe8ff) on dark background","","Mon May 11 23:07:15 UTC 2026","passed","Mon May 11 23:07:15 UTC 2026","","Frontend Unit Tests","Frontend Unit Tests App Component link color is light (#cfe8ff) on dark background",""
"","4","Server Unit Tests POST /api/colors returns 400 for invalid hex format (too short)","","Mon May 11 23:08:51 UTC 2026","passed","Mon May 11 23:08:51 UTC 2026","","Server Unit Tests","Server Unit Tests POST /api/colors returns 400 for invalid hex format (too short)",""
"","695","Escape key closes the confirm dialog","Chrome","Mon May 11 23:18:09 UTC 2026","passed","Mon May 11 23:18:10 UTC 2026","Color Management — Add & Delete","tests/color-management.spec.ts","",""
"","10","Server Unit Tests Error Handling POST /api/colors returns 500 when database fails (findOne)","","Mon May 11 23:08:51 UTC 2026","passed","Mon May 11 23:08:51 UTC 2026","","Server Unit Tests","Server Unit Tests Error Handling POST /api/colors returns 500 when database fails (findOne)",""
"","33","Frontend Unit Tests App Component add color 409 conflict shows picker error (data.error message)","","Mon May 11 23:07:15 UTC 2026","passed","Mon May 11 23:07:15 UTC 2026","","Frontend Unit Tests","Frontend Unit Tests App Component add color 409 conflict shows picker error (data.error message)",""
"","37","Frontend Unit Tests App Component add color 501 also triggers server error message (>= 500)","","Mon May 11 23:07:15 UTC 2026","passed","Mon May 11 23:07:15 UTC 2026","","Frontend Unit Tests","Frontend Unit Tests App Component add color 501 also triggers server error message (>= 500)",""
"","20","Component Tests ColorPicker touchend stops dragging (touchmove after touchend is ignored)","","Mon May 11 23:07:15 UTC 2026","passed","Mon May 11 23:07:15 UTC 2026","","Utility Functions","Component Tests ColorPicker touchend stops dragging (touchmove after touchend is ignored)",""
"","42","should create a new color with valid schema","Chrome","Mon May 11 23:18:41 UTC 2026","passed","Mon May 11 23:18:41 UTC 2026","Backend API Integration > POST /api/colors Schema Validation","tests/api.spec.ts","",""
"","6","Server Unit Tests Middleware includes CORS headers","","Mon May 11 23:08:51 UTC 2026","passed","Mon May 11 23:08:51 UTC 2026","","Server Unit Tests","Server Unit Tests Middleware includes CORS headers",""
"","1","Utility Functions rgbToHsl pure blue → h=240, s=1, l=0.5","","Mon May 11 23:07:15 UTC 2026","passed","Mon May 11 23:07:15 UTC 2026","","Utility Functions","Utility Functions rgbToHsl pure blue → h=240, s=1, l=0.5",""
"","13","Server Integration Tests (Testcontainers) GET /api/colors should not expose _id or __v fields","","Mon May 11 23:08:45 UTC 2026","passed","Mon May 11 23:08:45 UTC 2026","","Server Integration Tests (Testcontainers)","Server Integration Tests (Testcontainers) GET /api/colors should not expose _id or __v fields",""
"","9","Server Integration Tests (Testcontainers) Method Not Allowed should return 405 for PATCH /api/colors/:name","","Mon May 11 23:08:45 UTC 2026","passed","Mon May 11 23:08:45 UTC 2026","","Server Integration Tests (Testcontainers)","Server Integration Tests (Testcontainers) Method Not Allowed should return 405 for PATCH /api/colors/:name",""
"","39","Frontend Unit Tests App Component add color 429 rate limit shows specific message","","Mon May 11 23:07:15 UTC 2026","passed","Mon May 11 23:07:15 UTC 2026","","Frontend Unit Tests","Frontend Unit Tests App Component add color 429 rate limit shows specific message",""
"","902","should create dynamic random color via API and verify through UI","Chrome","Mon May 11 23:12:50 UTC 2026","passed","Mon May 11 23:12:51 UTC 2026","Random Data Testing with faker.js","tests/random-data.spec.ts","",""
"","571","should show loading state when API returns empty colors","Chrome","Mon May 11 23:17:29 UTC 2026","passed","Mon May 11 23:17:30 UTC 2026","UI Error Handling Coverage","tests/error-handling.spec.ts","",""
"","3","Server Unit Tests Middleware handles non-JSON content type gracefully on POST","","Mon May 11 23:08:51 UTC 2026","passed","Mon May 11 23:08:51 UTC 2026","","Server Unit Tests","Server Unit Tests Middleware handles non-JSON content type gracefully on POST",""
"","1100","verify Red ( #e74c3c ) is applied as the background color","Chrome","Mon May 11 23:17:32 UTC 2026","passed","Mon May 11 23:17:33 UTC 2026","POM Refactored: Background color tests","tests/pom-refactored.spec.ts","",""
"","8","Server Unit Tests seedDatabase clears existing colors and re-seeds with 3 defaults","","Mon May 11 23:08:51 UTC 2026","passed","Mon May 11 23:08:51 UTC 2026","","Server Unit Tests","Server Unit Tests seedDatabase clears existing colors and re-seeds with 3 defaults",""
"","11","Server Integration Tests (Testcontainers) PUT /api/colors/:name should update both name and hex simultaneously","","Mon May 11 23:08:45 UTC 2026","passed","Mon May 11 23:08:45 UTC 2026","","Server Integration Tests (Testcontainers)","Server Integration Tests (Testcontainers) PUT /api/colors/:name should update both name and hex simultaneously",""
"","1","Utility Functions rgbToHsl round-trip hslToRgb→rgbToHsl preserves hue for all sectors","","Mon May 11 23:07:15 UTC 2026","passed","Mon May 11 23:07:15 UTC 2026","","Utility Functions","Utility Functions rgbToHsl round-trip hslToRgb→rgbToHsl preserves hue for all sectors",""
"","12","Component Tests ColorPicker wheel cursor is at (110,110) at center (sat=0)","","Mon May 11 23:07:15 UTC 2026","passed","Mon May 11 23:07:15 UTC 2026","","Utility Functions","Component Tests ColorPicker wheel cursor is at (110,110) at center (sat=0)",""
"","23","Component Tests ColorPicker touch start on canvas sets hex to #ff0000 at right edge","","Mon May 11 23:07:15 UTC 2026","passed","Mon May 11 23:07:15 UTC 2026","","Utility Functions","Component Tests ColorPicker touch start on canvas sets hex to #ff0000 at right edge",""
"","783","Example #2","BDD","Mon May 11 23:16:21 UTC 2026","passed","Mon May 11 23:16:22 UTC 2026","Language Switching > Switch language and verify translated UI labels","","",""
"","8","Server Integration Tests (Testcontainers) PUT /api/colors/:name should return 404 when updating a non-existent color","","Mon May 11 23:08:45 UTC 2026","passed","Mon May 11 23:08:45 UTC 2026","","Server Integration Tests (Testcontainers)","Server Integration Tests (Testcontainers) PUT /api/colors/:name should return 404 when updating a non-existent color",""
"","","[HIGH] CVE-2026-6322","","","failed","","","Node.js","fast-uri-3.1.0",""
"","0","Utility Functions paintWheelPixel anti-aliases the outermost ring: dist=r gives alpha=0","","Mon May 11 23:07:15 UTC 2026","passed","Mon May 11 23:07:15 UTC 2026","","Utility Functions","Utility Functions paintWheelPixel anti-aliases the outermost ring: dist=r gives alpha=0",""
"","0","homepage after color change","Chrome","Mon May 11 23:18:35 UTC 2026","skipped","Mon May 11 23:18:35 UTC 2026","Percy Visual Regression – Production > Percy – tablet (768×1024)","","",""
"","993","Example #2","BDD","Mon May 11 23:16:20 UTC 2026","passed","Mon May 11 23:16:21 UTC 2026","Home Page Background Color > Change background color","","",""
"","7","Server Integration Tests (Testcontainers) POST /api/colors should return 400 when extra fields are provided","","Mon May 11 23:08:45 UTC 2026","passed","Mon May 11 23:08:45 UTC 2026","","Server Integration Tests (Testcontainers)","Server Integration Tests (Testcontainers) POST /api/colors should return 400 when extra fields are provided",""
"","6","Server Unit Tests 405 Method Not Allowed returns 405 for POST, PUT, DELETE on /openapi.json","","Mon May 11 23:08:51 UTC 2026","passed","Mon May 11 23:08:51 UTC 2026","","Server Unit Tests","Server Unit Tests 405 Method Not Allowed returns 405 for POST, PUT, DELETE on /openapi.json",""
"","1","Utility Functions hslToRgb lightness=0 gives black","","Mon May 11 23:07:15 UTC 2026","passed","Mon May 11 23:07:15 UTC 2026","","Utility Functions","Utility Functions hslToRgb lightness=0 gives black",""
"","50","Frontend Unit Tests App Component delete network error shows error alert","","Mon May 11 23:07:15 UTC 2026","passed","Mon May 11 23:07:15 UTC 2026","","Frontend Unit Tests","Frontend Unit Tests App Component delete network error shows error alert",""
"","5","Frontend Unit Tests App Component initial default background before fetch resolves","","Mon May 11 23:07:15 UTC 2026","passed","Mon May 11 23:07:15 UTC 2026","","Frontend Unit Tests","Frontend Unit Tests App Component initial default background before fetch resolves",""
"","1","Utility Functions paintWheelPixel anti-aliases near-edge pixel: dist=r-0.5 gives alpha=127","","Mon May 11 23:07:15 UTC 2026","passed","Mon May 11 23:07:15 UTC 2026","","Utility Functions","Utility Functions paintWheelPixel anti-aliases near-edge pixel: dist=r-0.5 gives alpha=127",""
"","136","Component Tests ConfirmDialog renders title, body, and both buttons","","Mon May 11 23:07:15 UTC 2026","passed","Mon May 11 23:07:15 UTC 2026","","Component Tests","Component Tests ConfirmDialog renders title, body, and both buttons",""
"","0","Utility Functions hslToRgb negative hue wraps: hue=-120 = hue=240","","Mon May 11 23:07:15 UTC 2026","passed","Mon May 11 23:07:15 UTC 2026","","Utility Functions","Utility Functions hslToRgb negative hue wraps: hue=-120 = hue=240",""
"","0","Frontend Unit Tests i18n Configuration interpolation should not escape value","","Mon May 11 23:07:16 UTC 2026","passed","Mon May 11 23:07:16 UTC 2026","","Frontend Unit Tests","Frontend Unit Tests i18n Configuration interpolation should not escape value",""
"","979","close (×) button closes the picker","Chrome","Mon May 11 23:18:04 UTC 2026","passed","Mon May 11 23:18:05 UTC 2026","Color Management — Add & Delete","tests/color-management.spec.ts","",""
"","7","Server Integration Tests (Testcontainers) PUT /api/colors/:name should return 400 for invalid name in URL path","","Mon May 11 23:08:45 UTC 2026","passed","Mon May 11 23:08:45 UTC 2026","","Server Integration Tests (Testcontainers)","Server Integration Tests (Testcontainers) PUT /api/colors/:name should return 400 for invalid name in URL path",""
"","4","Server Unit Tests POST /api/colors returns 400 for invalid hex format (no hash)","","Mon May 11 23:08:51 UTC 2026","passed","Mon May 11 23:08:51 UTC 2026","","Server Unit Tests","Server Unit Tests POST /api/colors returns 400 for invalid hex format (no hash)",""
"","30","Component Tests ConfirmDialog confirm button calls onConfirm","","Mon May 11 23:07:15 UTC 2026","passed","Mon May 11 23:07:15 UTC 2026","","Component Tests","Component Tests ConfirmDialog confirm button calls onConfirm",""
"","0","Utility Functions hslToRgb lightness=1 gives white","","Mon May 11 23:07:15 UTC 2026","passed","Mon May 11 23:07:15 UTC 2026","","Utility Functions","Utility Functions hslToRgb lightness=1 gives white",""
"","0","Utility Functions hslToRgb saturation clamped: s=-0.5 treated as s=0","","Mon May 11 23:07:15 UTC 2026","passed","Mon May 11 23:07:15 UTC 2026","","Utility Functions","Utility Functions hslToRgb saturation clamped: s=-0.5 treated as s=0",""
"","9","Component Tests ConfirmDialog swatch div has the correct background color","","Mon May 11 23:07:15 UTC 2026","passed","Mon May 11 23:07:15 UTC 2026","","Component Tests","Component Tests ConfirmDialog swatch div has the correct background color",""
"","1015","Example #1","BDD","Mon May 11 23:16:19 UTC 2026","passed","Mon May 11 23:16:20 UTC 2026","Home Page Background Color > Change background color","","",""
"","8248","should meet the accessibility threshold using Google Lighthouse","Chrome","Mon May 11 23:18:34 UTC 2026","passed","Mon May 11 23:18:42 UTC 2026","Accessibility Tests","tests/a11y.spec.ts","",""
"","1","Utility Functions paintWheelPixel wraps negative angle: dy<0 gives angle+360 (hue=270 → violet)","","Mon May 11 23:07:15 UTC 2026","passed","Mon May 11 23:07:15 UTC 2026","","Utility Functions","Utility Functions paintWheelPixel wraps negative angle: dy<0 gives angle+360 (hue=270 → violet)",""
"","46","Frontend Unit Tests App Component handleColorClick encodes color name in URL","","Mon May 11 23:07:15 UTC 2026","passed","Mon May 11 23:07:15 UTC 2026","","Frontend Unit Tests","Frontend Unit Tests App Component handleColorClick encodes color name in URL",""
"","9","Server Integration Tests (Testcontainers) GET /api/colors/:name should return correct data for Yellow","","Mon May 11 23:08:45 UTC 2026","passed","Mon May 11 23:08:45 UTC 2026","","Server Integration Tests (Testcontainers)","Server Integration Tests (Testcontainers) GET /api/colors/:name should return correct data for Yellow",""
"","0","Utility Functions rgbToHsl light red (#ff8080): l>0.5, s computed via (2-max-min) branch","","Mon May 11 23:07:15 UTC 2026","passed","Mon May 11 23:07:15 UTC 2026","","Utility Functions","Utility Functions rgbToHsl light red (#ff8080): l>0.5, s computed via (2-max-min) branch",""
"","0","Utility Functions paintWheelPixel paints red at right edge (dx=r, dy=0, hue=0)","","Mon May 11 23:07:15 UTC 2026","passed","Mon May 11 23:07:15 UTC 2026","","Utility Functions","Utility Functions paintWheelPixel paints red at right edge (dx=r, dy=0, hue=0)",""
"","6","Server Integration Tests (Testcontainers) PUT /api/colors/:name should return 400 when update body is empty","","Mon May 11 23:08:45 UTC 2026","passed","Mon May 11 23:08:45 UTC 2026","","Server Integration Tests (Testcontainers)","Server Integration Tests (Testcontainers) PUT /api/colors/:name should return 400 when update body is empty",""
"","21","Component Tests ColorPicker submit with empty name shows ""Name is required"" error","","Mon May 11 23:07:15 UTC 2026","passed","Mon May 11 23:07:15 UTC 2026","","Utility Functions","Component Tests ColorPicker submit with empty name shows ""Name is required"" error",""
"","10","Frontend Unit Tests App Component shows error alert when initial fetch returns non-2xx","","Mon May 11 23:07:15 UTC 2026","passed","Mon May 11 23:07:15 UTC 2026","","Frontend Unit Tests","Frontend Unit Tests App Component shows error alert when initial fetch returns non-2xx",""
"","6","Server Unit Tests POST /api/colors returns 409 for a duplicate color name with descriptive error","","Mon May 11 23:08:51 UTC 2026","passed","Mon May 11 23:08:51 UTC 2026","","Server Unit Tests","Server Unit Tests POST /api/colors returns 409 for a duplicate color name with descriptive error",""
"","10","malformed JSON body returns 400","Chrome","Mon May 11 23:12:52 UTC 2026","passed","Mon May 11 23:12:52 UTC 2026","Security > Input Validation","tests/security.spec.ts","",""
"","3","Server Unit Tests 405 Method Not Allowed returns 405 for PATCH on /api/colors","","Mon May 11 23:08:51 UTC 2026","passed","Mon May 11 23:08:51 UTC 2026","","Server Unit Tests","Server Unit Tests 405 Method Not Allowed returns 405 for PATCH on /api/colors",""
"","29","Component Tests ColorPicker cancel button calls onCancel","","Mon May 11 23:07:15 UTC 2026","passed","Mon May 11 23:07:15 UTC 2026","","Utility Functions","Component Tests ColorPicker cancel button calls onCancel",""
"","17","Component Tests ColorPicker typing a valid hex without # prefix is accepted","","Mon May 11 23:07:15 UTC 2026","passed","Mon May 11 23:07:15 UTC 2026","","Utility Functions","Component Tests ColorPicker typing a valid hex without # prefix is accepted",""
"","35","Frontend Unit Tests App Component existingNames passed to ColorPicker matches current color list","","Mon May 11 23:07:15 UTC 2026","passed","Mon May 11 23:07:15 UTC 2026","","Frontend Unit Tests","Frontend Unit Tests App Component existingNames passed to ColorPicker matches current color list",""
"","8","Component Tests ColorPicker non-Enter key on name input does not trigger submit","","Mon May 11 23:07:15 UTC 2026","passed","Mon May 11 23:07:15 UTC 2026","","Utility Functions","Component Tests ColorPicker non-Enter key on name input does not trigger submit",""
"","8","Component Tests ColorPicker clicking the backdrop calls onCancel","","Mon May 11 23:07:15 UTC 2026","passed","Mon May 11 23:07:15 UTC 2026","","Utility Functions","Component Tests ColorPicker clicking the backdrop calls onCancel",""
"","10","Server Integration Tests (Testcontainers) POST /api/colors should accept a color name containing spaces","","Mon May 11 23:08:45 UTC 2026","passed","Mon May 11 23:08:45 UTC 2026","","Server Integration Tests (Testcontainers)","Server Integration Tests (Testcontainers) POST /api/colors should accept a color name containing spaces",""
"","0","Utility Functions rgbToHex value 16 does not pad","","Mon May 11 23:07:15 UTC 2026","passed","Mon May 11 23:07:15 UTC 2026","","Utility Functions","Utility Functions rgbToHex value 16 does not pad",""
"","127","should delete an existing color","Chrome","Mon May 11 23:18:00 UTC 2026","passed","Mon May 11 23:18:01 UTC 2026","Backend API Integration > DELETE /api/colors/:name","tests/api.spec.ts","",""
"","915","clicking the backdrop closes the picker","Chrome","Mon May 11 23:18:05 UTC 2026","passed","Mon May 11 23:18:05 UTC 2026","Color Management — Add & Delete","tests/color-management.spec.ts","",""
"","3","Server Unit Tests PUT /api/colors/:name returns 400 for invalid current name format in URL","","Mon May 11 23:08:51 UTC 2026","passed","Mon May 11 23:08:51 UTC 2026","","Server Unit Tests","Server Unit Tests PUT /api/colors/:name returns 400 for invalid current name format in URL",""
"","68","Frontend Unit Tests App Component handles empty array from initial fetch gracefully","","Mon May 11 23:07:15 UTC 2026","passed","Mon May 11 23:07:15 UTC 2026","","Frontend Unit Tests","Frontend Unit Tests App Component handles empty array from initial fetch gracefully",""
"","1","Utility Functions rgbToHsl pure red → h=0, s=1, l=0.5","","Mon May 11 23:07:15 UTC 2026","passed","Mon May 11 23:07:15 UTC 2026","","Utility Functions","Utility Functions rgbToHsl pure red → h=0, s=1, l=0.5",""
"","54","Frontend Unit Tests App Component confirm button shows ""Deleting…"" label while delete is in-flight","","Mon May 11 23:07:15 UTC 2026","passed","Mon May 11 23:07:15 UTC 2026","","Frontend Unit Tests","Frontend Unit Tests App Component confirm button shows ""Deleting…"" label while delete is in-flight",""
"","769","should gracefully handle a color not found in the database","Chrome","Mon May 11 23:17:31 UTC 2026","passed","Mon May 11 23:17:32 UTC 2026","Network Mocking & Interception","tests/network-mocking.spec.ts","",""
"","22","should return 404 for non-existent color deletion","Chrome","Mon May 11 23:18:01 UTC 2026","passed","Mon May 11 23:18:01 UTC 2026","Backend API Integration > DELETE /api/colors/:name","tests/api.spec.ts","",""
"","4","Server Unit Tests POST /api/colors returns 400 when hex is missing","","Mon May 11 23:08:51 UTC 2026","passed","Mon May 11 23:08:51 UTC 2026","","Server Unit Tests","Server Unit Tests POST /api/colors returns 400 when hex is missing",""
"","817","handle color response missing hex property","Chrome","Mon May 11 23:17:26 UTC 2026","passed","Mon May 11 23:17:27 UTC 2026","Edge cases and error handling","tests/coverage.spec.ts","",""
"","96","should return 404 when updating non-existent color","Chrome","Mon May 11 23:18:00 UTC 2026","passed","Mon May 11 23:18:00 UTC 2026","Backend API Integration > PUT /api/colors/:name Schema Validation","tests/api.spec.ts","",""
"","0","homepage after color change","Chrome","Mon May 11 23:18:35 UTC 2026","skipped","Mon May 11 23:18:35 UTC 2026","Percy Visual Regression – Production > Percy – desktop (1280×720)","","",""
"","57","Component Tests ColorPicker editing name does NOT call onClearError when no serverError","","Mon May 11 23:07:15 UTC 2026","passed","Mon May 11 23:07:15 UTC 2026","","Utility Functions","Component Tests ColorPicker editing name does NOT call onClearError when no serverError",""
"","50","Frontend Unit Tests App Component header color attribute changes after clicking a chip","","Mon May 11 23:07:15 UTC 2026","passed","Mon May 11 23:07:15 UTC 2026","","Frontend Unit Tests","Frontend Unit Tests App Component header color attribute changes after clicking a chip",""
"","1","Utility Functions hexToRgb parses hex without the leading #","","Mon May 11 23:07:15 UTC 2026","passed","Mon May 11 23:07:15 UTC 2026","","Utility Functions","Utility Functions hexToRgb parses hex without the leading #",""
"","1228","shows client-side ""Name is required"" when submitting empty name","Chrome","Mon May 11 23:18:05 UTC 2026","passed","Mon May 11 23:18:07 UTC 2026","Color Management — Add & Delete","tests/color-management.spec.ts","",""
"","12","NoSQL injection object in name is rejected (400)","Chrome","Mon May 11 23:12:51 UTC 2026","passed","Mon May 11 23:12:51 UTC 2026","Security > Injection Prevention","tests/security.spec.ts","",""
"","1","Frontend Unit Tests i18n Configuration should have translation keys in resources","","Mon May 11 23:07:16 UTC 2026","passed","Mon May 11 23:07:16 UTC 2026","","Frontend Unit Tests","Frontend Unit Tests i18n Configuration should have translation keys in resources",""
"","1161","verify Turquoise ( #1abc9c ) is applied as the background color","Chrome","Mon May 11 23:17:21 UTC 2026","passed","Mon May 11 23:17:22 UTC 2026","Background color tests","tests/coverage.spec.ts","",""
"","3","Server Unit Tests OpenAPI endpoints spec includes component schemas","","Mon May 11 23:08:51 UTC 2026","passed","Mon May 11 23:08:51 UTC 2026","","Server Unit Tests","Server Unit Tests OpenAPI endpoints spec includes component schemas",""
"","30","GET /api/colors should return all colors","Chrome","Mon May 11 23:18:41 UTC 2026","passed","Mon May 11 23:18:41 UTC 2026","Backend API Integration","tests/api.spec.ts","",""
"","5","Server Unit Tests 405 Method Not Allowed does not return 405 for allowed GET method on /api/colors/:name","","Mon May 11 23:08:51 UTC 2026","passed","Mon May 11 23:08:51 UTC 2026","","Server Unit Tests","Server Unit Tests 405 Method Not Allowed does not return 405 for allowed GET method on /api/colors/:name",""
"","7","Component Tests ColorPicker falls back to window resize listener when ResizeObserver is not available","","Mon May 11 23:07:15 UTC 2026","passed","Mon May 11 23:07:15 UTC 2026","","Utility Functions","Component Tests ColorPicker falls back to window resize listener when ResizeObserver is not available",""
"","1050","verify Yellow ( #f1c40f ) is applied as the background color","Chrome","Mon May 11 23:17:24 UTC 2026","passed","Mon May 11 23:17:25 UTC 2026","Background color tests","tests/coverage.spec.ts","",""
"","11","Frontend Unit Tests App Component shows loading text when colors array is empty","","Mon May 11 23:07:15 UTC 2026","passed","Mon May 11 23:07:15 UTC 2026","","Frontend Unit Tests","Frontend Unit Tests App Component shows loading text when colors array is empty",""
"","36","Frontend Unit Tests App Component add color network error shows network error message","","Mon May 11 23:07:15 UTC 2026","passed","Mon May 11 23:07:15 UTC 2026","","Frontend Unit Tests","Frontend Unit Tests App Component add color network error shows network error message",""
"","30","Frontend Unit Tests App Component confirm dialog Escape key closes it","","Mon May 11 23:07:15 UTC 2026","passed","Mon May 11 23:07:15 UTC 2026","","Frontend Unit Tests","Frontend Unit Tests App Component confirm dialog Escape key closes it",""
"","1","Utility Functions rgbToHsl dark red (#800000): l<0.5, s=1 (l<=0.5 saturation branch)","","Mon May 11 23:07:15 UTC 2026","passed","Mon May 11 23:07:15 UTC 2026","","Utility Functions","Utility Functions rgbToHsl dark red (#800000): l<0.5, s=1 (l<=0.5 saturation branch)",""
"","14","Server Integration Tests (Testcontainers) seedDatabase should be idempotent — calling twice always yields exactly 3 colors","","Mon May 11 23:08:45 UTC 2026","passed","Mon May 11 23:08:45 UTC 2026","","Server Integration Tests (Testcontainers)","Server Integration Tests (Testcontainers) seedDatabase should be idempotent — calling twice always yields exactly 3 colors",""
"","0","Utility Functions hslToRgb hue=330 (rose) → [255,0,128]","","Mon May 11 23:07:15 UTC 2026","passed","Mon May 11 23:07:15 UTC 2026","","Utility Functions","Utility Functions hslToRgb hue=330 (rose) → [255,0,128]",""
"","1150","should create color via API and verify through UI","Chrome","Mon May 11 23:17:30 UTC 2026","passed","Mon May 11 23:17:31 UTC 2026","Hybrid E2E Testing","tests/hybrid.spec.ts","",""
"","8","Server Unit Tests Surviving Mutants & Edge Cases Regex & Validation STRICT_NAME_REGEX is strict on forbidden special characters in the middle","","Mon May 11 23:08:51 UTC 2026","passed","Mon May 11 23:08:51 UTC 2026","","Server Unit Tests","Server Unit Tests Surviving Mutants & Edge Cases Regex & Validation STRICT_NAME_REGEX is strict on forbidden special characters in the middle",""
"","0","Utility Functions readableOn returns #111 for mid-grey (L≈0.35, black gives better contrast)","","Mon May 11 23:07:15 UTC 2026","passed","Mon May 11 23:07:15 UTC 2026","","Utility Functions","Utility Functions readableOn returns #111 for mid-grey (L≈0.35, black gives better contrast)",""
"","12","Component Tests ColorPicker Enter key on name input triggers submit","","Mon May 11 23:07:15 UTC 2026","passed","Mon May 11 23:07:15 UTC 2026","","Utility Functions","Component Tests ColorPicker Enter key on name input triggers submit",""
"","731","clicking ""+ Add color"" opens the picker modal","Chrome","Mon May 11 23:18:03 UTC 2026","passed","Mon May 11 23:18:04 UTC 2026","Color Management — Add & Delete","tests/color-management.spec.ts","",""
"","32","Frontend Unit Tests App Component active chip has is-active CSS class","","Mon May 11 23:07:15 UTC 2026","passed","Mon May 11 23:07:15 UTC 2026","","Frontend Unit Tests","Frontend Unit Tests App Component active chip has is-active CSS class",""
"","9","Server Integration Tests (Testcontainers) GET /api/colors/:name should return 400 for invalid name format","","Mon May 11 23:08:45 UTC 2026","passed","Mon May 11 23:08:45 UTC 2026","","Server Integration Tests (Testcontainers)","Server Integration Tests (Testcontainers) GET /api/colors/:name should return 400 for invalid name format",""
"","4","Server Unit Tests Error Handling PUT /api/colors/:name returns 409 when database throws duplicate key error (code 11000) on save","","Mon May 11 23:08:51 UTC 2026","passed","Mon May 11 23:08:51 UTC 2026","","Server Unit Tests","Server Unit Tests Error Handling PUT /api/colors/:name returns 409 when database throws duplicate key error (code 11000) on save",""
"","657","Show error message when the initial colors fetch fails","BDD","Mon May 11 23:16:18 UTC 2026","passed","Mon May 11 23:16:18 UTC 2026","API Error Handling","","",""
"","79","Frontend Unit Tests App Component confirm dialog cancel does nothing when deleting=true","","Mon May 11 23:07:15 UTC 2026","passed","Mon May 11 23:07:15 UTC 2026","","Frontend Unit Tests","Frontend Unit Tests App Component confirm dialog cancel does nothing when deleting=true",""
"","37","Frontend Unit Tests App Component add color 400 shows data.error message","","Mon May 11 23:07:15 UTC 2026","passed","Mon May 11 23:07:15 UTC 2026","","Frontend Unit Tests","Frontend Unit Tests App Component add color 400 shows data.error message",""
"","933","Cancel button closes the picker","Chrome","Mon May 11 23:18:04 UTC 2026","passed","Mon May 11 23:18:05 UTC 2026","Color Management — Add & Delete","tests/color-management.spec.ts","",""
"","0","Utility Functions rgbToHex value 15 pads to 0f","","Mon May 11 23:07:15 UTC 2026","passed","Mon May 11 23:07:15 UTC 2026","","Utility Functions","Utility Functions rgbToHex value 15 pads to 0f",""
"","6","Server Unit Tests Surviving Mutants & Edge Cases Rate Limiting & Security kills mutants by verifying x-ratelimit headers","","Mon May 11 23:08:51 UTC 2026","passed","Mon May 11 23:08:51 UTC 2026","","Server Unit Tests","Server Unit Tests Surviving Mutants & Edge Cases Rate Limiting & Security kills mutants by verifying x-ratelimit headers",""
"","1","Utility Functions hexToRgb returns null for invalid input","","Mon May 11 23:07:15 UTC 2026","passed","Mon May 11 23:07:15 UTC 2026","","Utility Functions","Utility Functions hexToRgb returns null for invalid input",""
"","19","Component Tests ColorPicker mousedown outside circle clamps sat to 1","","Mon May 11 23:07:15 UTC 2026","passed","Mon May 11 23:07:15 UTC 2026","","Utility Functions","Component Tests ColorPicker mousedown outside circle clamps sat to 1",""
"","9","should reject invalid hex format","Chrome","Mon May 11 23:18:41 UTC 2026","passed","Mon May 11 23:18:41 UTC 2026","Backend API Integration > POST /api/colors Schema Validation","tests/api.spec.ts","",""
"","7","PUT /openapi.json returns 405","Chrome","Mon May 11 23:12:52 UTC 2026","passed","Mon May 11 23:12:52 UTC 2026","Security > HTTP Method Restrictions","tests/security.spec.ts","",""
"","8","error responses return JSON, not HTML (no info leakage)","Chrome","Mon May 11 23:12:52 UTC 2026","passed","Mon May 11 23:12:52 UTC 2026","Security > Security Headers","tests/security.spec.ts","",""
"","64","Frontend Unit Tests App Component fetches and displays color chips with swatch and delete button","","Mon May 11 23:07:15 UTC 2026","passed","Mon May 11 23:07:15 UTC 2026","","Frontend Unit Tests","Frontend Unit Tests App Component fetches and displays color chips with swatch and delete button",""
"","24","Component Tests ColorPicker close (×) button calls onCancel","","Mon May 11 23:07:15 UTC 2026","passed","Mon May 11 23:07:15 UTC 2026","","Utility Functions","Component Tests ColorPicker close (×) button calls onCancel",""
"","7","Server Integration Tests (Testcontainers) PUT /api/colors/:name should return 400 for invalid hex format on update","","Mon May 11 23:08:45 UTC 2026","passed","Mon May 11 23:08:45 UTC 2026","","Server Integration Tests (Testcontainers)","Server Integration Tests (Testcontainers) PUT /api/colors/:name should return 400 for invalid hex format on update",""
"","942","changing color to Red should reflect in UI and DOM","Chrome","Mon May 11 23:17:27 UTC 2026","passed","Mon May 11 23:17:28 UTC 2026","Data-Driven Testing","tests/data-driven.spec.ts","",""
"","25","Frontend Unit Tests App Component shows add-color button even when colors are empty","","Mon May 11 23:07:15 UTC 2026","passed","Mon May 11 23:07:15 UTC 2026","","Frontend Unit Tests","Frontend Unit Tests App Component shows add-color button even when colors are empty",""
"","14","Component Tests ColorPicker Add color button shows ""Saving…"" when saving=true","","Mon May 11 23:07:15 UTC 2026","passed","Mon May 11 23:07:15 UTC 2026","","Utility Functions","Component Tests ColorPicker Add color button shows ""Saving…"" when saving=true",""
"","1246","shows server-error message on 500 inside the picker","Chrome","Mon May 11 23:18:08 UTC 2026","passed","Mon May 11 23:18:09 UTC 2026","Color Management — Add & Delete","tests/color-management.spec.ts","",""
"","28","GET /api/colors/Yellow should return the correct hex code","Chrome","Mon May 11 23:18:41 UTC 2026","passed","Mon May 11 23:18:41 UTC 2026","Backend API Integration","tests/api.spec.ts","",""
"","529","should handle missing image gracefully by showing alt text","Chrome","Mon May 11 23:17:30 UTC 2026","passed","Mon May 11 23:17:30 UTC 2026","Network Mocking & Interception","tests/network-mocking.spec.ts","",""
"","28","Server Unit Tests Surviving Mutants & Edge Cases Strict Path & Method Validation kills allowedMethods mutants by exhaustive testing","","Mon May 11 23:08:51 UTC 2026","passed","Mon May 11 23:08:51 UTC 2026","","Server Unit Tests","Server Unit Tests Surviving Mutants & Edge Cases Strict Path & Method Validation kills allowedMethods mutants by exhaustive testing",""
"","6","Component Tests ConfirmDialog dialog has correct ARIA attributes","","Mon May 11 23:07:15 UTC 2026","passed","Mon May 11 23:07:15 UTC 2026","","Component Tests","Component Tests ConfirmDialog dialog has correct ARIA attributes",""
"","841","Example #1","BDD","Mon May 11 23:16:21 UTC 2026","passed","Mon May 11 23:16:21 UTC 2026","Language Switching > Switch language and verify translated UI labels","","",""
"","1957","should maintain accessibility in es language and verify resilient locators","Chrome","Mon May 11 23:18:36 UTC 2026","passed","Mon May 11 23:18:38 UTC 2026","i18n Accessibility Tests","tests/a11y.spec.ts","",""
"","4","Server Unit Tests PUT /api/colors/:name returns 404 for a non-existent color","","Mon May 11 23:08:51 UTC 2026","passed","Mon May 11 23:08:51 UTC 2026","","Server Unit Tests","Server Unit Tests PUT /api/colors/:name returns 404 for a non-existent color",""
"","12","should reject missing name","Chrome","Mon May 11 23:18:41 UTC 2026","passed","Mon May 11 23:18:41 UTC 2026","Backend API Integration > POST /api/colors Schema Validation","tests/api.spec.ts","",""
"","5","Frontend Unit Tests App Component language selector change calls i18n and updates html lang","","Mon May 11 23:07:15 UTC 2026","passed","Mon May 11 23:07:15 UTC 2026","","Frontend Unit Tests","Frontend Unit Tests App Component language selector change calls i18n and updates html lang",""
"","0","Utility Functions hslToRgb hue=180 (cyan) → [0,255,255]","","Mon May 11 23:07:15 UTC 2026","passed","Mon May 11 23:07:15 UTC 2026","","Utility Functions","Utility Functions hslToRgb hue=180 (cyan) → [0,255,255]",""
"","6","Utility Functions rgbToHex converts pure blue","","Mon May 11 23:07:15 UTC 2026","passed","Mon May 11 23:07:15 UTC 2026","","Utility Functions","Utility Functions rgbToHex converts pure blue",""
"","14","Component Tests ColorPicker typing red with g<b hex updates internal state","","Mon May 11 23:07:15 UTC 2026","passed","Mon May 11 23:07:15 UTC 2026","","Utility Functions","Component Tests ColorPicker typing red with g<b hex updates internal state",""
"","945","homepage should match snapshot","Chrome","Mon May 11 23:18:32 UTC 2026","passed","Mon May 11 23:18:33 UTC 2026","Visual Regression – iphone-landscape (667×375)","","",""
"","23","Component Tests ConfirmDialog confirmLabel prop is reflected in the button text","","Mon May 11 23:07:15 UTC 2026","passed","Mon May 11 23:07:15 UTC 2026","","Component Tests","Component Tests ConfirmDialog confirmLabel prop is reflected in the button text",""
"","1","Frontend Unit Tests i18n Configuration should have defined resources for en, es, el","","Mon May 11 23:07:16 UTC 2026","passed","Mon May 11 23:07:16 UTC 2026","","Frontend Unit Tests","Frontend Unit Tests i18n Configuration should have defined resources for en, es, el",""
"","1149","GET /api/colors/{name}","","","passed","","","schemathesis","",""
"","958","clicking a chip makes it active","Chrome","Mon May 11 23:18:03 UTC 2026","passed","Mon May 11 23:18:04 UTC 2026","Color Management — Add & Delete","tests/color-management.spec.ts","",""
"","0","Utility Functions rgbToHex converts pure green","","Mon May 11 23:07:15 UTC 2026","passed","Mon May 11 23:07:15 UTC 2026","","Utility Functions","Utility Functions rgbToHex converts pure green",""
"","15","Server Integration Tests (Testcontainers) POST /api/colors should return 409 when creating a duplicate color name","","Mon May 11 23:08:45 UTC 2026","passed","Mon May 11 23:08:45 UTC 2026","","Server Integration Tests (Testcontainers)","Server Integration Tests (Testcontainers) POST /api/colors should return 409 when creating a duplicate color name",""
"","3","Server Unit Tests Surviving Mutants & Edge Cases OpenAPI Content-Type has application/json content-type","","Mon May 11 23:08:51 UTC 2026","passed","Mon May 11 23:08:51 UTC 2026","","Server Unit Tests","Server Unit Tests Surviving Mutants & Edge Cases OpenAPI Content-Type has application/json content-type",""
"","14","POST with javascript: URI in name is rejected (400)","Chrome","Mon May 11 23:12:49 UTC 2026","passed","Mon May 11 23:12:49 UTC 2026","Security > XSS Prevention","tests/security.spec.ts","",""
"","0","homepage initial state","Chrome","Mon May 11 23:18:35 UTC 2026","skipped","Mon May 11 23:18:35 UTC 2026","Percy Visual Regression – Production > Percy – mobile (375×667)","","",""
"","4","Server Unit Tests POST /api/colors returns 400 for name with special characters","","Mon May 11 23:08:51 UTC 2026","passed","Mon May 11 23:08:51 UTC 2026","","Server Unit Tests","Server Unit Tests POST /api/colors returns 400 for name with special characters",""
"","26","GET /api/colors/Red should return the correct hex code","Chrome","Mon May 11 23:18:40 UTC 2026","passed","Mon May 11 23:18:41 UTC 2026","Backend API Integration","tests/api.spec.ts","",""
"","0","Utility Functions paintWheelPixel writes to the correct index offset in the array","","Mon May 11 23:07:15 UTC 2026","passed","Mon May 11 23:07:15 UTC 2026","","Utility Functions","Utility Functions paintWheelPixel writes to the correct index offset in the array",""
"","66","Frontend Unit Tests App Component handles null data from initial fetch gracefully","","Mon May 11 23:07:15 UTC 2026","passed","Mon May 11 23:07:15 UTC 2026","","Frontend Unit Tests","Frontend Unit Tests App Component handles null data from initial fetch gracefully",""
