"DESCRIPTION","DURATION IN MS","NAME","PARENT SUITE","START TIME","STATUS","STOP TIME","SUB SUITE","SUITE","TEST CLASS","TEST METHOD"
"","1472","Escape key closes the confirm dialog","bs-safari-ventura","2026-09-09","passed","2026-09-09","Color Management — Add & Delete","","",""
"","1059","delete API error shows alert banner","bs-pixel-7","2026-09-09","passed","2026-09-09","Color Management — Add & Delete","","",""
"","3319","shows client-side validation error for invalid name chars","bs-safari-ventura","2026-09-09","passed","2026-09-09","Color Management — Add & Delete","","",""
"","25","Frontend Unit Tests App Component labelFor returns translation for known color (Turquoise)","","2026-09-09","passed","2026-09-09","","Frontend Unit Tests","Frontend Unit Tests App Component labelFor returns translation for known color (Turquoise)",""
"","4","Server Unit Tests Surviving Mutants & Edge Cases Mongoose Schema & Persistence kills empty schema mutant by verifying field persistence","","2026-09-09","passed","2026-09-09","","Server Unit Tests","Server Unit Tests Surviving Mutants & Edge Cases Mongoose Schema & Persistence kills empty schema mutant by verifying field persistence",""
"","199","PUT /openapi.json returns 405","bs-chrome-win11","2026-09-09","passed","2026-09-09","Security > HTTP Method Restrictions","","",""
"","7","Server Unit Tests Surviving Mutants & Edge Cases Allowed Methods kills mutants in allowedMethods object","","2026-09-09","passed","2026-09-09","","Server Unit Tests","Server Unit Tests Surviving Mutants & Edge Cases Allowed Methods kills mutants in allowedMethods object",""
"","997","successful delete removes the chip","Chrome","2026-09-09","passed","2026-09-09","Color Management — Add & Delete","tests/color-management.spec.ts","",""
"","1","Utility Functions hslToRgb negative hue wraps: hue=-120 = hue=240","","2026-09-09","passed","2026-09-09","","Utility Functions","Utility Functions hslToRgb negative hue wraps: hue=-120 = hue=240",""
"","689","Example #1","BDD","2026-09-09","passed","2026-09-09","Home Page Background Color > Change background color","","",""
"","1162","successfully adds a new color and shows its chip","Chrome","2026-09-09","passed","2026-09-09","Color Management — Add & Delete","tests/color-management.spec.ts","",""
"","869","should return 409 for duplicate color creation","bs-safari-ventura","2026-09-09","passed","2026-09-09","Backend API Integration > POST /api/colors Schema Validation","","",""
"","27","Component Tests ColorPicker close (×) button calls onCancel","","2026-09-09","passed","2026-09-09","","Utility Functions","Component Tests ColorPicker close (×) button calls onCancel",""
"","2941","homepage initial state","percy","2026-09-09","passed","2026-09-09","Percy Visual Regression – Production > Percy – desktop-xl (1920×1080)","","",""
"","2508","should maintain accessibility after state change (color update)","Chrome","2026-09-09","passed","2026-09-09","Accessibility Tests","tests/a11y.spec.ts","",""
"","4","Server Unit Tests POST /api/reseed returns 405 for PUT on /api/reseed","","2026-09-09","passed","2026-09-09","","Server Unit Tests","Server Unit Tests POST /api/reseed returns 405 for PUT on /api/reseed",""
"","20","Frontend Unit Tests App Component text color on light background is dark","","2026-09-09","passed","2026-09-09","","Frontend Unit Tests","Frontend Unit Tests App Component text color on light background is dark",""
"","717","chip-x click opens confirm dialog with color name","bs-pixel-7","2026-09-09","passed","2026-09-09","Color Management — Add & Delete","","",""
"","3893","should maintain accessibility after state change (color update)","bs-firefox-win11","2026-09-09","passed","2026-09-09","Accessibility Tests","","",""
"","309","PATCH /api/colors/:name returns 405","bs-firefox-win11","2026-09-09","passed","2026-09-09","Security > HTTP Method Restrictions","","",""
"","26","Component Tests ColorPicker submit is blocked when hex input has an error","","2026-09-09","passed","2026-09-09","","Utility Functions","Component Tests ColorPicker submit is blocked when hex input has an error",""
"","1494","successfully adds a new color and shows its chip","bs-chrome-win11","2026-09-09","passed","2026-09-09","Color Management — Add & Delete","","",""
"","3149","deleting the active color switches background to the first remaining","bs-iphone-15","2026-09-09","passed","2026-09-09","Color Management — Add & Delete","","",""
"","43","Frontend Unit Tests App Component add color 409 fallback message when data.error is absent","","2026-09-09","passed","2026-09-09","","Frontend Unit Tests","Frontend Unit Tests App Component add color 409 fallback message when data.error is absent",""
"","2","Server Unit Tests Surviving Mutants & Edge Cases Mongoose Schema Strictness kills empty schema mutant by checking schema paths","","2026-09-09","passed","2026-09-09","","Server Unit Tests","Server Unit Tests Surviving Mutants & Edge Cases Mongoose Schema Strictness kills empty schema mutant by checking schema paths",""
"","23","Frontend Unit Tests App Component link color is light (#cfe8ff) on dark background","","2026-09-09","passed","2026-09-09","","Frontend Unit Tests","Frontend Unit Tests App Component link color is light (#cfe8ff) on dark background",""
"","0","Utility Functions rgbToHex converts pure blue","","2026-09-09","passed","2026-09-09","","Utility Functions","Utility Functions rgbToHex converts pure blue",""
"","1977","should maintain accessibility in en language and verify resilient locators","bs-pixel-7","2026-09-09","passed","2026-09-09","i18n Accessibility Tests","","",""
"","12","Server Integration Tests (Testcontainers) seedDatabase should be idempotent — calling twice always yields exactly 3 colors","","2026-09-09","passed","2026-09-09","","Server Integration Tests (Testcontainers)","Server Integration Tests (Testcontainers) seedDatabase should be idempotent — calling twice always yields exactly 3 colors",""
"","2237","should maintain accessibility in es language and verify resilient locators","bs-chrome-win11","2026-09-09","passed","2026-09-09","i18n Accessibility Tests","","",""
"","356","GET /api/colors/Red should return the correct hex code","bs-chrome-win11","2026-09-09","passed","2026-09-09","Backend API Integration","","",""
"","6","Server Integration Tests (Testcontainers) PUT /api/colors/:name should return 400 for invalid hex format on update","","2026-09-09","passed","2026-09-09","","Server Integration Tests (Testcontainers)","Server Integration Tests (Testcontainers) PUT /api/colors/:name should return 400 for invalid hex format on update",""
"","852","handle color response missing hex property","bs-pixel-7","2026-09-09","passed","2026-09-09","Edge cases and error handling","","",""
"","1","Utility Functions paintWheelPixel sets alpha to 0 when dist > r (outside circle)","","2026-09-09","passed","2026-09-09","","Utility Functions","Utility Functions paintWheelPixel sets alpha to 0 when dist > r (outside circle)",""
"","43","Frontend Unit Tests App Component deleting the last color sets activeName to null","","2026-09-09","passed","2026-09-09","","Frontend Unit Tests","Frontend Unit Tests App Component deleting the last color sets activeName to null",""
"","5","Server Unit Tests POST /api/colors rejects names with the + character (+ encodes as space in URLs, causing lookup mismatches)","","2026-09-09","passed","2026-09-09","","Server Unit Tests","Server Unit Tests POST /api/colors rejects names with the + character (+ encodes as space in URLs, causing lookup mismatches)",""
"","1602","verify Red ( #e74c3c ) is applied as the background color","bs-safari-ventura","2026-09-09","passed","2026-09-09","Background color tests","","",""
"","7","Server Integration Tests (Testcontainers) PUT /api/colors/:name should return 404 when updating a non-existent color","","2026-09-09","passed","2026-09-09","","Server Integration Tests (Testcontainers)","Server Integration Tests (Testcontainers) PUT /api/colors/:name should return 404 when updating a non-existent color",""
"","1","Utility Functions paintWheelPixel paints red at right edge (dx=r, dy=0, hue=0)","","2026-09-09","passed","2026-09-09","","Utility Functions","Utility Functions paintWheelPixel paints red at right edge (dx=r, dy=0, hue=0)",""
"","8","Server Unit Tests Error Handling PUT /api/colors/:name returns 500 when database fails","","2026-09-09","passed","2026-09-09","","Server Unit Tests","Server Unit Tests Error Handling PUT /api/colors/:name returns 500 when database fails",""
"","1237","clicking a chip makes it active","bs-firefox-win11","2026-09-09","passed","2026-09-09","Color Management — Add & Delete","","",""
"","13","Component Tests ConfirmDialog clicking the card itself does NOT call onCancel","","2026-09-09","passed","2026-09-09","","Component Tests","Component Tests ConfirmDialog clicking the card itself does NOT call onCancel",""
"","1127","should handle fetch colors network failure gracefully","bs-safari-ventura","2026-09-09","passed","2026-09-09","UI Error Handling Coverage","","",""
"","202","error responses return JSON, not HTML (no info leakage)","bs-pixel-7","2026-09-09","passed","2026-09-09","Security > Security Headers","","",""
"","1676","should display colors that do not exist in the database","bs-safari-ventura","2026-09-09","passed","2026-09-09","Network Mocking & Interception","","",""
"","0","Utility Functions rgbToHex converts pure red","","2026-09-09","passed","2026-09-09","","Utility Functions","Utility Functions rgbToHex converts pure red",""
"","6","Server Unit Tests GET /api/colors/:name returns Yellow color correctly","","2026-09-09","passed","2026-09-09","","Server Unit Tests","Server Unit Tests GET /api/colors/:name returns Yellow color correctly",""
"","0","Utility Functions readableOn returns #111 for an invalid/empty hex string (null rgb fallback)","","2026-09-09","passed","2026-09-09","","Utility Functions","Utility Functions readableOn returns #111 for an invalid/empty hex string (null rgb fallback)",""
"","66","Frontend Unit Tests App Component handles empty array from initial fetch gracefully","","2026-09-09","passed","2026-09-09","","Frontend Unit Tests","Frontend Unit Tests App Component handles empty array from initial fetch gracefully",""
"","0","Utility Functions readableOn returns #111 for mid-grey (L≈0.35, black gives better contrast)","","2026-09-09","passed","2026-09-09","","Utility Functions","Utility Functions readableOn returns #111 for mid-grey (L≈0.35, black gives better contrast)",""
"","1578","changing color to Yellow should reflect in UI and DOM","bs-firefox-win11","2026-09-09","passed","2026-09-09","Data-Driven Testing","","",""
"","59","should return 404 when updating non-existent color","Chrome","2026-09-09","passed","2026-09-09","Backend API Integration > PUT /api/colors/:name Schema Validation","tests/api.spec.ts","",""
"","655","should create a new color with valid schema","bs-chrome-win11","2026-09-09","passed","2026-09-09","Backend API Integration > POST /api/colors Schema Validation","","",""
"","62","Frontend Unit Tests App Component add color success closes picker and shows new chip","","2026-09-09","passed","2026-09-09","","Frontend Unit Tests","Frontend Unit Tests App Component add color success closes picker and shows new chip",""
"","0","Utility Functions hslToRgb hue=270 (violet) → [128,0,255]","","2026-09-09","passed","2026-09-09","","Utility Functions","Utility Functions hslToRgb hue=270 (violet) → [128,0,255]",""
"","1102","successful delete removes the chip","bs-pixel-7","2026-09-09","passed","2026-09-09","Color Management — Add & Delete","","",""
"","30","should return 404 for non-existent color deletion","Chrome","2026-09-09","passed","2026-09-09","Backend API Integration > DELETE /api/colors/:name","tests/api.spec.ts","",""
"","210","should reject invalid hex format","bs-pixel-7","2026-09-09","passed","2026-09-09","Backend API Integration > POST /api/colors Schema Validation","","",""
"","1195","shows server-error message on 500 inside the picker","bs-chrome-win11","2026-09-09","passed","2026-09-09","Color Management — Add & Delete","","",""
"","10","should reject omitting both name and hex on update","Chrome","2026-09-09","passed","2026-09-09","Backend API Integration > PUT /api/colors/:name Schema Validation","tests/api.spec.ts","",""
"","1011","verify Red ( #e74c3c ) is applied as the background color","bs-pixel-7","2026-09-09","passed","2026-09-09","Background color tests","","",""
"","6","Server Integration Tests (Testcontainers) POST /api/colors should return 400 for invalid hex format (missing #)","","2026-09-09","passed","2026-09-09","","Server Integration Tests (Testcontainers)","Server Integration Tests (Testcontainers) POST /api/colors should return 400 for invalid hex format (missing #)",""
"","218","should reject invalid hex format","bs-firefox-win11","2026-09-09","passed","2026-09-09","Backend API Integration > POST /api/colors Schema Validation","","",""
"","660","should display all core elements and handle button interaction","percy","2026-09-09","skipped","2026-09-09","Responsive Design – iPhone SE (375×667)","","",""
"","5","Frontend Unit Tests App Component language selector change calls i18n and updates html lang","","2026-09-09","passed","2026-09-09","","Frontend Unit Tests","Frontend Unit Tests App Component language selector change calls i18n and updates html lang",""
"","784","should handle color click network failure gracefully","bs-pixel-7","2026-09-09","passed","2026-09-09","UI Error Handling Coverage","","",""
"","0","homepage initial state","Chrome","2026-09-09","skipped","2026-09-09","Percy Visual Regression – Production > Percy – desktop (1280×720)","","",""
"","1305","verify Turquoise ( #1abc9c ) is applied as the background color","bs-pixel-7","2026-09-09","passed","2026-09-09","Background color tests","","",""
"","236","PATCH /api/colors returns 405","bs-pixel-7","2026-09-09","passed","2026-09-09","Security > HTTP Method Restrictions","","",""
"","1151","close (×) button closes the picker","bs-pixel-7","2026-09-09","passed","2026-09-09","Color Management — Add & Delete","","",""
"","773","should display all core elements and handle button interaction","Chrome","2026-09-09","passed","2026-09-09","Responsive Design – iPhone SE (375×667)","","",""
"","1331","changing color to Yellow should reflect in UI and DOM","bs-pixel-7","2026-09-09","passed","2026-09-09","Data-Driven Testing","","",""
"","545","should display all core elements and handle button interaction","percy","2026-09-09","skipped","2026-09-09","Responsive Design – iPhone landscape (667×375)","","",""
"","771","homepage should match snapshot","Chrome","2026-09-09","passed","2026-09-09","Visual Regression – tablet (768×1024)","","",""
"","21","Component Tests ConfirmDialog cancelLabel prop is reflected in the button text","","2026-09-09","passed","2026-09-09","","Component Tests","Component Tests ConfirmDialog cancelLabel prop is reflected in the button text",""
"","441","handle color response missing hex property","Chrome","2026-09-09","passed","2026-09-09","Edge cases and error handling","tests/coverage.spec.ts","",""
"","1578","clicking a chip makes it active","bs-safari-ventura","2026-09-09","passed","2026-09-09","Color Management — Add & Delete","","",""
"","21","Component Tests ColorPicker typing in name input clears name error","","2026-09-09","passed","2026-09-09","","Utility Functions","Component Tests ColorPicker typing in name input clears name error",""
"","1582","should create color via API and verify through UI","bs-pixel-7","2026-09-09","passed","2026-09-09","Hybrid E2E Testing","","",""
"","4","Server Unit Tests Error Handling DELETE /api/colors/:name returns 500 when database fails","","2026-09-09","passed","2026-09-09","","Server Unit Tests","Server Unit Tests Error Handling DELETE /api/colors/:name returns 500 when database fails",""
"","48","should create a new color with valid schema","Chrome","2026-09-09","passed","2026-09-09","Backend API Integration > POST /api/colors Schema Validation","tests/api.spec.ts","",""
"","8","Component Tests ColorPicker editing name input calls onClearError to clear server error","","2026-09-09","passed","2026-09-09","","Utility Functions","Component Tests ColorPicker editing name input calls onClearError to clear server error",""
"","843","should handle fetch colors network failure gracefully","bs-firefox-win11","2026-09-09","passed","2026-09-09","UI Error Handling Coverage","","",""
"","582","Example #2","BDD","2026-09-09","passed","2026-09-09","Home Page Background Color > Change background color","","",""
"","4","Server Unit Tests 405 Method Not Allowed sets the Allow header on /api/colors with correct methods","","2026-09-09","passed","2026-09-09","","Server Unit Tests","Server Unit Tests 405 Method Not Allowed sets the Allow header on /api/colors with correct methods",""
"","302","GET /api/colors/Yellow should return the correct hex code","bs-firefox-win11","2026-09-09","passed","2026-09-09","Backend API Integration","","",""
"","24","Component Tests ColorPicker submit with duplicate name (client-side) shows duplicate error","","2026-09-09","passed","2026-09-09","","Utility Functions","Component Tests ColorPicker submit with duplicate name (client-side) shows duplicate error",""
"","4","Server Unit Tests POST /api/colors returns 400 when hex is missing","","2026-09-09","passed","2026-09-09","","Server Unit Tests","Server Unit Tests POST /api/colors returns 400 when hex is missing",""
"","3478","should maintain accessibility in en language and verify resilient locators","bs-iphone-15","2026-09-09","passed","2026-09-09","i18n Accessibility Tests","","",""
"","1347","Cancel button closes the picker","bs-firefox-win11","2026-09-09","passed","2026-09-09","Color Management — Add & Delete","","",""
"","3790","shows server-error message on 500 inside the picker","bs-safari-ventura","2026-09-09","passed","2026-09-09","Color Management — Add & Delete","","",""
"","3","Component Tests ConfirmDialog Enter key calls onConfirm when not busy","","2026-09-09","passed","2026-09-09","","Component Tests","Component Tests ConfirmDialog Enter key calls onConfirm when not busy",""
"","25","Component Tests ColorPicker submit with invalid chars shows validation error","","2026-09-09","passed","2026-09-09","","Utility Functions","Component Tests ColorPicker submit with invalid chars shows validation error",""
"","619","should create a new color with valid schema","bs-firefox-win11","2026-09-09","passed","2026-09-09","Backend API Integration > POST /api/colors Schema Validation","","",""
"","216","should reject missing hex","bs-firefox-win11","2026-09-09","passed","2026-09-09","Backend API Integration > POST /api/colors Schema Validation","","",""
"","9","error responses return JSON, not HTML (no info leakage)","Chrome","2026-09-09","passed","2026-09-09","Security > Security Headers","tests/security.spec.ts","",""
"","223","should reject invalid hex format on update","bs-safari-ventura","2026-09-09","passed","2026-09-09","Backend API Integration > PUT /api/colors/:name Schema Validation","","",""
"","190","unknown extra fields in POST body are rejected (400)","bs-firefox-win11","2026-09-09","passed","2026-09-09","Security > Input Validation","","",""
"","237","malformed JSON body returns 400","bs-safari-ventura","2026-09-09","passed","2026-09-09","Security > Input Validation","","",""
"","400","GET /api/colors/Yellow should return the correct hex code","bs-chrome-win11","2026-09-09","passed","2026-09-09","Backend API Integration","","",""
"","300","should return 404 when updating non-existent color","bs-pixel-7","2026-09-09","passed","2026-09-09","Backend API Integration > PUT /api/colors/:name Schema Validation","","",""
"","4","Server Unit Tests PUT /api/colors/:name returns 404 for a non-existent color","","2026-09-09","passed","2026-09-09","","Server Unit Tests","Server Unit Tests PUT /api/colors/:name returns 404 for a non-existent color",""
"","1831","color names rendered in the UI do not trigger script execution","bs-safari-ventura","2026-09-09","passed","2026-09-09","Security > XSS Prevention","","",""
"","669","Escape key closes the confirm dialog","bs-chrome-win11","2026-09-09","passed","2026-09-09","Color Management — Add & Delete","","",""
"","0","homepage after color change","Chrome","2026-09-09","skipped","2026-09-09","Percy Visual Regression – Production > Percy – desktop (1280×720)","","",""
"","637","first color chip is active on load (aria-pressed=true)","bs-pixel-7","2026-09-09","passed","2026-09-09","Color Management — Add & Delete","","",""
"","12","GET /api/colors","","","passed","","","schemathesis","",""
"","3","Server Unit Tests POST /api/reseed returns 401 when Authorization header is missing","","2026-09-09","passed","2026-09-09","","Server Unit Tests","Server Unit Tests POST /api/reseed returns 401 when Authorization header is missing",""
"","1535","clicking ""+ Add color"" opens the picker modal","bs-iphone-15","2026-09-09","passed","2026-09-09","Color Management — Add & Delete","","",""
"","11","Server Integration Tests (Testcontainers) PUT /api/colors/:name should update both name and hex simultaneously","","2026-09-09","passed","2026-09-09","","Server Integration Tests (Testcontainers)","Server Integration Tests (Testcontainers) PUT /api/colors/:name should update both name and hex simultaneously",""
"","1020","should display colors that do not exist in the database","bs-firefox-win11","2026-09-09","passed","2026-09-09","Network Mocking & Interception","","",""
"","5","Server Unit Tests Middleware does not include X-Powered-By header","","2026-09-09","passed","2026-09-09","","Server Unit Tests","Server Unit Tests Middleware does not include X-Powered-By header",""
"","63","Frontend Unit Tests App Component delete sends DELETE request with correct method","","2026-09-09","passed","2026-09-09","","Frontend Unit Tests","Frontend Unit Tests App Component delete sends DELETE request with correct method",""
"","233","should reject updating with empty name","bs-safari-ventura","2026-09-09","passed","2026-09-09","Backend API Integration > PUT /api/colors/:name Schema Validation","","",""
"","1033","clicking ""+ Add color"" opens the picker modal","bs-firefox-win11","2026-09-09","passed","2026-09-09","Color Management — Add & Delete","","",""
"","1779","deleting the active color switches background to the first remaining","Chrome","2026-09-09","passed","2026-09-09","Color Management — Add & Delete","tests/color-management.spec.ts","",""
"","1256","deleting the active color switches background to the first remaining","bs-pixel-7","2026-09-09","passed","2026-09-09","Color Management — Add & Delete","","",""
"","1297","shows client-side ""Name is required"" when submitting empty name","bs-firefox-win11","2026-09-09","passed","2026-09-09","Color Management — Add & Delete","","",""
"","727","check Turquoise ( #1abc9c) is the default background color.","bs-chrome-win11","2026-09-09","passed","2026-09-09","","","",""
"","212","PATCH /api/colors/:name returns 405","bs-safari-ventura","2026-09-09","passed","2026-09-09","Security > HTTP Method Restrictions","","",""
"","334","Server Unit Tests Surviving Mutants & Edge Cases Infrastructure uses MONGO_URI from environment if available","","2026-09-09","passed","2026-09-09","","Server Unit Tests","Server Unit Tests Surviving Mutants & Edge Cases Infrastructure uses MONGO_URI from environment if available",""
"","1442","handle color response missing hex property","bs-safari-ventura","2026-09-09","passed","2026-09-09","Edge cases and error handling","","",""
"","765","shows a chip for each color with a swatch, name, and delete button","bs-chrome-win11","2026-09-09","passed","2026-09-09","Color Management — Add & Delete","","",""
"","7","Server Integration Tests (Testcontainers) POST /api/colors should return 400 when name is missing","","2026-09-09","passed","2026-09-09","","Server Integration Tests (Testcontainers)","Server Integration Tests (Testcontainers) POST /api/colors should return 400 when name is missing",""
"","6","Server Unit Tests PUT /api/colors/:name updates both name and hex simultaneously","","2026-09-09","passed","2026-09-09","","Server Unit Tests","Server Unit Tests PUT /api/colors/:name updates both name and hex simultaneously",""
"","670","handle initial fetch error","Chrome","2026-09-09","passed","2026-09-09","Edge cases and error handling","tests/coverage.spec.ts","",""
"","66","Frontend Unit Tests App Component fetches and displays color chips with swatch and delete button","","2026-09-09","passed","2026-09-09","","Frontend Unit Tests","Frontend Unit Tests App Component fetches and displays color chips with swatch and delete button",""
"","36","Frontend Unit Tests App Component initial background is first color hex","","2026-09-09","passed","2026-09-09","","Frontend Unit Tests","Frontend Unit Tests App Component initial background is first color hex",""
"","1565","verify Red ( #e74c3c ) is applied as the background color","bs-safari-ventura","2026-09-09","passed","2026-09-09","POM Refactored: Background color tests","","",""
"","259","POST with script tag in name is rejected (400)","bs-pixel-7","2026-09-09","passed","2026-09-09","Security > XSS Prevention","","",""
"","588","should delete an existing color","bs-pixel-7","2026-09-09","passed","2026-09-09","Backend API Integration > DELETE /api/colors/:name","","",""
"","200","unknown extra fields in POST body are rejected (400)","bs-safari-ventura","2026-09-09","passed","2026-09-09","Security > Input Validation","","",""
"","326","GET /api/colors/:name should return 404 for non-existent color","bs-chrome-win11","2026-09-09","passed","2026-09-09","Backend API Integration","","",""
"","3306","shows 409 duplicate error from server inside the picker","bs-safari-ventura","2026-09-09","passed","2026-09-09","Color Management — Add & Delete","","",""
"","1156","homepage should match snapshot","Chrome","2026-09-09","passed","2026-09-09","Visual Regression – desktop-xl (1920×1080)","","",""
"","346","GET /api/colors/Turquoise should return the correct hex code","bs-firefox-win11","2026-09-09","passed","2026-09-09","Backend API Integration","","",""
"","11","Server Integration Tests (Testcontainers) DELETE /api/colors/:name should delete a color and confirm removal from the real database","","2026-09-09","passed","2026-09-09","","Server Integration Tests (Testcontainers)","Server Integration Tests (Testcontainers) DELETE /api/colors/:name should delete a color and confirm removal from the real database",""
"","51","GET /api/colors/{name}","","","passed","","","schemathesis","",""
"","360","GET /api/colors/Turquoise should return the correct hex code","bs-iphone-15","2026-09-09","passed","2026-09-09","Backend API Integration","","",""
"","5","Server Integration Tests (Testcontainers) Method Not Allowed should return 405 for PATCH /api/colors","","2026-09-09","passed","2026-09-09","","Server Integration Tests (Testcontainers)","Server Integration Tests (Testcontainers) Method Not Allowed should return 405 for PATCH /api/colors",""
"","8","array body on POST returns 400","Chrome","2026-09-09","passed","2026-09-09","Security > Input Validation","tests/security.spec.ts","",""
"","12","Component Tests ColorPicker renders the color wheel canvas","","2026-09-09","passed","2026-09-09","","Utility Functions","Component Tests ColorPicker renders the color wheel canvas",""
"","225","NoSQL $where operator in name is rejected (400)","bs-chrome-win11","2026-09-09","passed","2026-09-09","Security > Injection Prevention","","",""
"","198","should reject updating with empty name","bs-iphone-15","2026-09-09","passed","2026-09-09","Backend API Integration > PUT /api/colors/:name Schema Validation","","",""
"","0","Utility Functions readableOn returns #111 for white (very light, L=1)","","2026-09-09","passed","2026-09-09","","Utility Functions","Utility Functions readableOn returns #111 for white (very light, L=1)",""
"","6","Server Unit Tests GET /api/colors/:name is case-sensitive","","2026-09-09","passed","2026-09-09","","Server Unit Tests","Server Unit Tests GET /api/colors/:name is case-sensitive",""
"","304","GET /api/colors/:name should return 404 for non-existent color","bs-firefox-win11","2026-09-09","passed","2026-09-09","Backend API Integration","","",""
"","3","Server Unit Tests POST /api/reseed returns 401 when RESEED_API_TOKEN is not configured","","2026-09-09","passed","2026-09-09","","Server Unit Tests","Server Unit Tests POST /api/reseed returns 401 when RESEED_API_TOKEN is not configured",""
"","1212","successful delete removes the chip","bs-chrome-win11","2026-09-09","passed","2026-09-09","Color Management — Add & Delete","","",""
"","12","Component Tests ColorPicker typing red with g<b hex updates internal state","","2026-09-09","passed","2026-09-09","","Utility Functions","Component Tests ColorPicker typing red with g<b hex updates internal state",""
"","1970","changing color to Turquoise should reflect in UI and DOM","bs-iphone-15","2026-09-09","passed","2026-09-09","Data-Driven Testing","","",""
"","1539","verify Turquoise ( #1abc9c ) is applied as the background color","bs-firefox-win11","2026-09-09","passed","2026-09-09","Background color tests","","",""
"","1253","should meet the accessibility threshold using Google Lighthouse","bs-pixel-7","2026-09-09","skipped","2026-09-09","Accessibility Tests","","",""
"","4","Server Unit Tests PUT /api/colors/:name returns 400 for invalid hex on update","","2026-09-09","passed","2026-09-09","","Server Unit Tests","Server Unit Tests PUT /api/colors/:name returns 400 for invalid hex on update",""
"","198","should reject missing hex","bs-pixel-7","2026-09-09","passed","2026-09-09","Backend API Integration > POST /api/colors Schema Validation","","",""
"","1","Frontend Unit Tests i18n Configuration should have defined resources for en, es, el","","2026-09-09","passed","2026-09-09","","Frontend Unit Tests","Frontend Unit Tests i18n Configuration should have defined resources for en, es, el",""
"","34","Frontend Unit Tests App Component add color sends POST with correct method, headers, and body","","2026-09-09","passed","2026-09-09","","Frontend Unit Tests","Frontend Unit Tests App Component add color sends POST with correct method, headers, and body",""
"","1","homepage initial state","Chrome","2026-09-09","skipped","2026-09-09","Percy Visual Regression – Production > Percy – desktop-xl (1920×1080)","","",""
"","884","shows client-side validation error for invalid name chars","Chrome","2026-09-09","passed","2026-09-09","Color Management — Add & Delete","tests/color-management.spec.ts","",""
"","1647","should meet the accessibility threshold using Google Lighthouse","bs-safari-ventura","2026-09-09","skipped","2026-09-09","Accessibility Tests","","",""
"","1013","Escape key closes the confirm dialog","bs-firefox-win11","2026-09-09","passed","2026-09-09","Color Management — Add & Delete","","",""
"","50","Frontend Unit Tests App Component handleColorClick shows error on non-2xx response","","2026-09-09","passed","2026-09-09","","Frontend Unit Tests","Frontend Unit Tests App Component handleColorClick shows error on non-2xx response",""
"","194","POST /api-docs returns 405","bs-safari-ventura","2026-09-09","passed","2026-09-09","Security > HTTP Method Restrictions","","",""
"","607","should handle fetch colors network failure gracefully","bs-chrome-win11","2026-09-09","passed","2026-09-09","UI Error Handling Coverage","","",""
"","905","should update a color with valid schema","bs-firefox-win11","2026-09-09","passed","2026-09-09","Backend API Integration > PUT /api/colors/:name Schema Validation","","",""
"","1994","verify Turquoise ( #1abc9c ) is applied as the background color","bs-safari-ventura","2026-09-09","passed","2026-09-09","POM Refactored: Background color tests","","",""
"","467","should handle missing image gracefully by showing alt text","bs-chrome-win11","2026-09-09","passed","2026-09-09","Network Mocking & Interception","","",""
"","30","Component Tests ColorPicker mousedown at top-center (hue=270) sets hex to #8000ff","","2026-09-09","passed","2026-09-09","","Utility Functions","Component Tests ColorPicker mousedown at top-center (hue=270) sets hex to #8000ff",""
"","194","empty body on POST returns 400","bs-iphone-15","2026-09-09","passed","2026-09-09","Security > Input Validation","","",""
"","0","homepage initial state","Chrome","2026-09-09","skipped","2026-09-09","Percy Visual Regression – Production > Percy – mobile (375×667)","","",""
"","863","should create color via API and verify through UI","Chrome","2026-09-09","passed","2026-09-09","Hybrid E2E Testing","tests/hybrid.spec.ts","",""
"","4","Server Unit Tests POST /api/colors returns 400 for invalid hex format (too short)","","2026-09-09","passed","2026-09-09","","Server Unit Tests","Server Unit Tests POST /api/colors returns 400 for invalid hex format (too short)",""
"","222","should reject invalid hex format","bs-chrome-win11","2026-09-09","passed","2026-09-09","Backend API Integration > POST /api/colors Schema Validation","","",""
"","6710","should load the application and verify core functionality across browsers","WebKit","2026-09-09","passed","2026-09-09","Cross-Browser Core Functionality","","",""
"","13","Server Integration Tests (Testcontainers) GET /api/colors should not expose _id or __v fields","","2026-09-09","passed","2026-09-09","","Server Integration Tests (Testcontainers)","Server Integration Tests (Testcontainers) GET /api/colors should not expose _id or __v fields",""
"","504","verify language switcher changes document language","Chrome","2026-09-09","passed","2026-09-09","","tests/coverage.spec.ts","",""
"","556","verify language switcher changes document language","bs-pixel-7","2026-09-09","passed","2026-09-09","","","",""
"","441","should show loading state when API returns empty colors","Chrome","2026-09-09","passed","2026-09-09","UI Error Handling Coverage","tests/error-handling.spec.ts","",""
"","4","Server Unit Tests POST /api/colors returns 400 for extra unknown fields (strict schema)","","2026-09-09","passed","2026-09-09","","Server Unit Tests","Server Unit Tests POST /api/colors returns 400 for extra unknown fields (strict schema)",""
"","9","Server Integration Tests (Testcontainers) POST /api/colors should not expose _id or __v in the creation response","","2026-09-09","passed","2026-09-09","","Server Integration Tests (Testcontainers)","Server Integration Tests (Testcontainers) POST /api/colors should not expose _id or __v in the creation response",""
"","192","error responses return JSON, not HTML (no info leakage)","bs-iphone-15","2026-09-09","passed","2026-09-09","Security > Security Headers","","",""
"","756","handle color selection fetch error","bs-pixel-7","2026-09-09","passed","2026-09-09","Edge cases and error handling","","",""
"","1321","shows client-side validation error for invalid name chars","bs-chrome-win11","2026-09-09","passed","2026-09-09","Color Management — Add & Delete","","",""
"","1","Utility Functions rgbToHex pads single-digit hex values with leading zero","","2026-09-09","passed","2026-09-09","","Utility Functions","Utility Functions rgbToHex pads single-digit hex values with leading zero",""
"","286","X-Powered-By header is not exposed","bs-iphone-15","2026-09-09","passed","2026-09-09","Security > Security Headers","","",""
"","4","Component Tests ConfirmDialog Escape key calls onCancel when not busy","","2026-09-09","passed","2026-09-09","","Component Tests","Component Tests ConfirmDialog Escape key calls onCancel when not busy",""
"","3839","changing color to Red should reflect in UI and DOM","bs-firefox-win11","2026-09-09","passed","2026-09-09","Data-Driven Testing","","",""
"","824","should handle missing image gracefully by showing alt text","bs-firefox-win11","2026-09-09","passed","2026-09-09","Network Mocking & Interception","","",""
"","0","Utility Functions paintWheelPixel paints grey at center (dx=0, dy=0, dist=0, sat=0)","","2026-09-09","passed","2026-09-09","","Utility Functions","Utility Functions paintWheelPixel paints grey at center (dx=0, dy=0, dist=0, sat=0)",""
"","184","POST with javascript: URI in name is rejected (400)","bs-firefox-win11","2026-09-09","passed","2026-09-09","Security > XSS Prevention","","",""
"","214","should reject empty name","bs-iphone-15","2026-09-09","passed","2026-09-09","Backend API Integration > POST /api/colors Schema Validation","","",""
"","12","unknown extra fields in POST body are rejected (400)","Chrome","2026-09-09","passed","2026-09-09","Security > Input Validation","tests/security.spec.ts","",""
"","17","POST with javascript: URI in name is rejected (400)","Chrome","2026-09-09","passed","2026-09-09","Security > XSS Prevention","tests/security.spec.ts","",""
"","330","GET /api/colors should return colors sorted alphabetically by name","bs-iphone-15","2026-09-09","passed","2026-09-09","Backend API Integration","","",""
"","1416","successfully adds a new color and shows its chip","bs-pixel-7","2026-09-09","passed","2026-09-09","Color Management — Add & Delete","","",""
"","8","Component Tests ColorPicker clicking inside the card does NOT call onCancel","","2026-09-09","passed","2026-09-09","","Utility Functions","Component Tests ColorPicker clicking inside the card does NOT call onCancel",""
"","0","Utility Functions rgbToHex value 15 pads to 0f","","2026-09-09","passed","2026-09-09","","Utility Functions","Utility Functions rgbToHex value 15 pads to 0f",""
"","68","should delete an existing color","Chrome","2026-09-09","passed","2026-09-09","Backend API Integration > DELETE /api/colors/:name","tests/api.spec.ts","",""
"","6","Frontend Unit Tests i18n Configuration should translate keys correctly","","2026-09-09","passed","2026-09-09","","Frontend Unit Tests","Frontend Unit Tests i18n Configuration should translate keys correctly",""
"","21","Frontend Unit Tests App Component text color on dark background is white","","2026-09-09","passed","2026-09-09","","Frontend Unit Tests","Frontend Unit Tests App Component text color on dark background is white",""
"","0","Utility Functions rgbToHsl round-trip hslToRgb→rgbToHsl preserves hue for all sectors","","2026-09-09","passed","2026-09-09","","Utility Functions","Utility Functions rgbToHsl round-trip hslToRgb→rgbToHsl preserves hue for all sectors",""
"","1195","shows a chip for each color with a swatch, name, and delete button","bs-safari-ventura","2026-09-09","passed","2026-09-09","Color Management — Add & Delete","","",""
"","2051","check Turquoise ( #1abc9c) is the default background color.","bs-safari-ventura","2026-09-09","passed","2026-09-09","","","",""
"","4","Frontend Unit Tests App Component current color span tracks hex value","","2026-09-09","passed","2026-09-09","","Frontend Unit Tests","Frontend Unit Tests App Component current color span tracks hex value",""
"","12","Component Tests ColorPicker Cancel button is disabled when saving=true","","2026-09-09","passed","2026-09-09","","Utility Functions","Component Tests ColorPicker Cancel button is disabled when saving=true",""
"","47","Frontend Unit Tests App Component add color 501 also triggers server error message (>= 500)","","2026-09-09","passed","2026-09-09","","Frontend Unit Tests","Frontend Unit Tests App Component add color 501 also triggers server error message (>= 500)",""
"","286","X-Powered-By header is not exposed","bs-firefox-win11","2026-09-09","passed","2026-09-09","Security > Security Headers","","",""
"","1338","verify Yellow ( #f1c40f ) is applied as the background color","bs-chrome-win11","2026-09-09","passed","2026-09-09","Background color tests","","",""
"","337","should return 404 for non-existent color deletion","bs-safari-ventura","2026-09-09","passed","2026-09-09","Backend API Integration > DELETE /api/colors/:name","","",""
"","4","Server Unit Tests Middleware JSON error middleware ignores SyntaxError without body","","2026-09-09","passed","2026-09-09","","Server Unit Tests","Server Unit Tests Middleware JSON error middleware ignores SyntaxError without body",""
"","493","should gracefully handle a color not found in the database","Chrome","2026-09-09","passed","2026-09-09","Network Mocking & Interception","tests/network-mocking.spec.ts","",""
"","1998","verify Yellow ( #f1c40f ) is applied as the background color","bs-safari-ventura","2026-09-09","passed","2026-09-09","POM Refactored: Background color tests","","",""
"","299","GET /api/colors should return colors sorted alphabetically by name","bs-pixel-7","2026-09-09","passed","2026-09-09","Backend API Integration","","",""
"","7","Server Integration Tests (Testcontainers) POST /api/colors should return 400 when hex is missing","","2026-09-09","passed","2026-09-09","","Server Integration Tests (Testcontainers)","Server Integration Tests (Testcontainers) POST /api/colors should return 400 when hex is missing",""
"","947","verify Red ( #e74c3c ) is applied as the background color","bs-pixel-7","2026-09-09","passed","2026-09-09","POM Refactored: Background color tests","","",""
"","316","Server Unit Tests Surviving Mutants & Edge Cases Port Fallback uses default PORT 5001 when process.env.PORT is missing","","2026-09-09","passed","2026-09-09","","Server Unit Tests","Server Unit Tests Surviving Mutants & Edge Cases Port Fallback uses default PORT 5001 when process.env.PORT is missing",""
"","0","Utility Functions paintWheelPixel anti-aliases the outermost ring: dist=r gives alpha=0","","2026-09-09","passed","2026-09-09","","Utility Functions","Utility Functions paintWheelPixel anti-aliases the outermost ring: dist=r gives alpha=0",""
"","968","cancel in confirm dialog closes it without deleting","bs-pixel-7","2026-09-09","passed","2026-09-09","Color Management — Add & Delete","","",""
"","4","Server Unit Tests GET /api/colors/:name returns 400 for invalid name in path (regex check)","","2026-09-09","passed","2026-09-09","","Server Unit Tests","Server Unit Tests GET /api/colors/:name returns 400 for invalid name in path (regex check)",""
"","684","verify language switcher changes document language","bs-chrome-win11","2026-09-09","passed","2026-09-09","","","",""
"","737","changing color to Yellow should reflect in UI and DOM","Chrome","2026-09-09","passed","2026-09-09","Data-Driven Testing","tests/data-driven.spec.ts","",""
"","201","should reject missing name","bs-iphone-15","2026-09-09","passed","2026-09-09","Backend API Integration > POST /api/colors Schema Validation","","",""
"","23","Component Tests ColorPicker mousedown at right-center (hue=0) sets hex to #ff0000","","2026-09-09","passed","2026-09-09","","Utility Functions","Component Tests ColorPicker mousedown at right-center (hue=0) sets hex to #ff0000",""
"","887","clicking ""+ Add color"" opens the picker modal","bs-chrome-win11","2026-09-09","passed","2026-09-09","Color Management — Add & Delete","","",""
"","0","Utility Functions rgbToHsl b max (#0040ff) → h in (180,300)","","2026-09-09","passed","2026-09-09","","Utility Functions","Utility Functions rgbToHsl b max (#0040ff) → h in (180,300)",""
"","2685","should create color via API and verify through UI","bs-iphone-15","2026-09-09","passed","2026-09-09","Hybrid E2E Testing","","",""
"","0","mobile color picker workflow","Chrome","2026-09-09","skipped","2026-09-09","Percy Visual Regression – Production > Percy – Mobile Interactions","","",""
"","3","Server Unit Tests POST /api/reseed returns 401 when token is incorrect","","2026-09-09","passed","2026-09-09","","Server Unit Tests","Server Unit Tests POST /api/reseed returns 401 when token is incorrect",""
"","608","should create a new color with valid schema","bs-iphone-15","2026-09-09","passed","2026-09-09","Backend API Integration > POST /api/colors Schema Validation","","",""
"","211","error responses return JSON, not HTML (no info leakage)","bs-safari-ventura","2026-09-09","passed","2026-09-09","Security > Security Headers","","",""
"","4","Server Unit Tests OpenAPI endpoints serves the OpenAPI JSON spec with exact metadata","","2026-09-09","passed","2026-09-09","","Server Unit Tests","Server Unit Tests OpenAPI endpoints serves the OpenAPI JSON spec with exact metadata",""
"","11","Server Unit Tests GET /api/colors does not expose _id or __v fields","","2026-09-09","passed","2026-09-09","","Server Unit Tests","Server Unit Tests GET /api/colors does not expose _id or __v fields",""
"","68","Frontend Unit Tests App Component picker onCancel does nothing when saving=true","","2026-09-09","passed","2026-09-09","","Frontend Unit Tests","Frontend Unit Tests App Component picker onCancel does nothing when saving=true",""
"","4","Server Unit Tests DELETE /api/colors/:name returns 404 for a non-existent color","","2026-09-09","passed","2026-09-09","","Server Unit Tests","Server Unit Tests DELETE /api/colors/:name returns 404 for a non-existent color",""
"","1313","verify Yellow ( #f1c40f ) is applied as the background color","bs-pixel-7","2026-09-09","passed","2026-09-09","POM Refactored: Background color tests","","",""
"","1673","PUT /api/colors/{name}","","","passed","","","schemathesis","",""
"","1450","should meet the accessibility threshold using Google Lighthouse","bs-firefox-win11","2026-09-09","skipped","2026-09-09","Accessibility Tests","","",""
"","0","Utility Functions hexToRgb parses hex without the leading #","","2026-09-09","passed","2026-09-09","","Utility Functions","Utility Functions hexToRgb parses hex without the leading #",""
"","207","NoSQL injection object in name is rejected (400)","bs-pixel-7","2026-09-09","passed","2026-09-09","Security > Injection Prevention","","",""
"","66","Frontend Unit Tests App Component handles null data from initial fetch gracefully","","2026-09-09","passed","2026-09-09","","Frontend Unit Tests","Frontend Unit Tests App Component handles null data from initial fetch gracefully",""
"","211","POST with javascript: URI in name is rejected (400)","bs-iphone-15","2026-09-09","passed","2026-09-09","Security > XSS Prevention","","",""
"","218","should reject missing hex","bs-iphone-15","2026-09-09","passed","2026-09-09","Backend API Integration > POST /api/colors Schema Validation","","",""
"","1362","handle initial fetch error","bs-safari-ventura","2026-09-09","passed","2026-09-09","Edge cases and error handling","","",""
"","20","Server Integration Tests (Testcontainers) POST /api/reseed should reseed the database to the three default colors with a valid token","","2026-09-09","passed","2026-09-09","","Server Integration Tests (Testcontainers)","Server Integration Tests (Testcontainers) POST /api/reseed should reseed the database to the three default colors with a valid token",""
"","15","GET /api/colors should return colors sorted alphabetically by name","Chrome","2026-09-09","passed","2026-09-09","Backend API Integration","tests/api.spec.ts","",""
"","845","should show loading state when API returns empty colors","bs-iphone-15","2026-09-09","passed","2026-09-09","UI Error Handling Coverage","","",""
"","228","malformed JSON body returns 400","bs-chrome-win11","2026-09-09","passed","2026-09-09","Security > Input Validation","","",""
"","205","NoSQL operator in GET path param is rejected (400 or 404)","bs-iphone-15","2026-09-09","passed","2026-09-09","Security > Injection Prevention","","",""
"","0","Utility Functions rgbToHex value 16 does not pad","","2026-09-09","passed","2026-09-09","","Utility Functions","Utility Functions rgbToHex value 16 does not pad",""
"","20","Frontend Unit Tests App Component labelFor falls back to color name for unknown/custom color","","2026-09-09","passed","2026-09-09","","Frontend Unit Tests","Frontend Unit Tests App Component labelFor falls back to color name for unknown/custom color",""
"","33","should update a color with valid schema","Chrome","2026-09-09","passed","2026-09-09","Backend API Integration > PUT /api/colors/:name Schema Validation","tests/api.spec.ts","",""
"","1298","should load the application and verify core functionality across browsers","bs-firefox-win11","2026-09-09","passed","2026-09-09","Cross-Browser Core Functionality","","",""
"","198","empty body on POST returns 400","bs-safari-ventura","2026-09-09","passed","2026-09-09","Security > Input Validation","","",""
"","217","should reject invalid hex format on update","bs-chrome-win11","2026-09-09","passed","2026-09-09","Backend API Integration > PUT /api/colors/:name Schema Validation","","",""
"","43","Frontend Unit Tests App Component add color 400 shows data.error message","","2026-09-09","passed","2026-09-09","","Frontend Unit Tests","Frontend Unit Tests App Component add color 400 shows data.error message",""
"","0","Utility Functions hslToRgb hue=120 (green) → [0,255,0]","","2026-09-09","passed","2026-09-09","","Utility Functions","Utility Functions hslToRgb hue=120 (green) → [0,255,0]",""
"","9","Server Unit Tests Error Handling POST /api/colors returns 500 when database fails (findOne)","","2026-09-09","passed","2026-09-09","","Server Unit Tests","Server Unit Tests Error Handling POST /api/colors returns 500 when database fails (findOne)",""
"","22","Component Tests ColorPicker lightness slider min value (0) gives black","","2026-09-09","passed","2026-09-09","","Utility Functions","Component Tests ColorPicker lightness slider min value (0) gives black",""
"","504","Escape key closes the confirm dialog","Chrome","2026-09-09","passed","2026-09-09","Color Management — Add & Delete","tests/color-management.spec.ts","",""
"","588","should delete an existing color","bs-firefox-win11","2026-09-09","passed","2026-09-09","Backend API Integration > DELETE /api/colors/:name","","",""
"","2720","delete API error shows alert banner","bs-safari-ventura","2026-09-09","passed","2026-09-09","Color Management — Add & Delete","","",""
"","19","Component Tests ConfirmDialog confirmLabel prop is reflected in the button text","","2026-09-09","passed","2026-09-09","","Component Tests","Component Tests ConfirmDialog confirmLabel prop is reflected in the button text",""
"","2176","changing color to Yellow should reflect in UI and DOM","bs-safari-ventura","2026-09-09","passed","2026-09-09","Data-Driven Testing","","",""
"","3038","shows 409 duplicate error from server inside the picker","bs-iphone-15","2026-09-09","passed","2026-09-09","Color Management — Add & Delete","","",""
"","1574","verify Red ( #e74c3c ) is applied as the background color","bs-iphone-15","2026-09-09","passed","2026-09-09","POM Refactored: Background color tests","","",""
"","8","Server Integration Tests (Testcontainers) POST /api/reseed should return 401 when Authorization header is missing","","2026-09-09","passed","2026-09-09","","Server Integration Tests (Testcontainers)","Server Integration Tests (Testcontainers) POST /api/reseed should return 401 when Authorization header is missing",""
"","342","GET /api/colors/:name should return 404 for non-existent color","bs-iphone-15","2026-09-09","passed","2026-09-09","Backend API Integration","","",""
"","312","should return 404 when updating non-existent color","bs-firefox-win11","2026-09-09","passed","2026-09-09","Backend API Integration > PUT /api/colors/:name Schema Validation","","",""
"","1392","check Turquoise ( #1abc9c) is the default background color.","bs-firefox-win11","2026-09-09","passed","2026-09-09","","","",""
"","237","should reject invalid hex format","bs-safari-ventura","2026-09-09","passed","2026-09-09","Backend API Integration > POST /api/colors Schema Validation","","",""
"","724","handle initial fetch error","bs-chrome-win11","2026-09-09","passed","2026-09-09","Edge cases and error handling","","",""
"","3366","Cancel button closes the picker","bs-iphone-15","2026-09-09","passed","2026-09-09","Color Management — Add & Delete","","",""
"","0","Utility Functions hslToRgb low lightness l=0.25 → [128,0,0]","","2026-09-09","passed","2026-09-09","","Utility Functions","Utility Functions hslToRgb low lightness l=0.25 → [128,0,0]",""
"","4598","should maintain accessibility after state change (color update)","bs-iphone-15","2026-09-09","passed","2026-09-09","Accessibility Tests","","",""
"","5","Server Unit Tests Surviving Mutants & Edge Cases Regex & Validation Zod required_error messages are correct","","2026-09-09","passed","2026-09-09","","Server Unit Tests","Server Unit Tests Surviving Mutants & Edge Cases Regex & Validation Zod required_error messages are correct",""
"","519","changing color to Turquoise should reflect in UI and DOM","Chrome","2026-09-09","passed","2026-09-09","Data-Driven Testing","tests/data-driven.spec.ts","",""
"","590","shows a chip for each color with a swatch, name, and delete button","bs-pixel-7","2026-09-09","passed","2026-09-09","Color Management — Add & Delete","","",""
"","348","GET /api/colors/Turquoise should return the correct hex code","bs-safari-ventura","2026-09-09","passed","2026-09-09","Backend API Integration","","",""
"","1475","should meet the accessibility threshold using Google Lighthouse","bs-iphone-15","2026-09-09","skipped","2026-09-09","Accessibility Tests","","",""
"","22","Component Tests ColorPicker mousemove after mouseup does NOT update color (dragging stopped)","","2026-09-09","passed","2026-09-09","","Utility Functions","Component Tests ColorPicker mousemove after mouseup does NOT update color (dragging stopped)",""
"","15","Server Unit Tests Surviving Mutants & Edge Cases Regex & Validation STRICT_NAME_REGEX kills mutants by testing multiple spaces in the middle and rejecting pluses","","2026-09-09","passed","2026-09-09","","Server Unit Tests","Server Unit Tests Surviving Mutants & Edge Cases Regex & Validation STRICT_NAME_REGEX kills mutants by testing multiple spaces in the middle and rejecting pluses",""
"","1","Utility Functions hslToRgb hue=59 stays in sector 0","","2026-09-09","passed","2026-09-09","","Utility Functions","Utility Functions hslToRgb hue=59 stays in sector 0",""
"","14","Server Integration Tests (Testcontainers) PUT /api/colors/:name should update the hex of an existing color and persist it in the real database","","2026-09-09","passed","2026-09-09","","Server Integration Tests (Testcontainers)","Server Integration Tests (Testcontainers) PUT /api/colors/:name should update the hex of an existing color and persist it in the real database",""
"","1875","changing color to Turquoise should reflect in UI and DOM","bs-safari-ventura","2026-09-09","passed","2026-09-09","Data-Driven Testing","","",""
"","1259","shows server-error message on 500 inside the picker","bs-pixel-7","2026-09-09","passed","2026-09-09","Color Management — Add & Delete","","",""
"","718","handle initial fetch error","bs-pixel-7","2026-09-09","passed","2026-09-09","Edge cases and error handling","","",""
"","0","Utility Functions hslToRgb hue=330 (rose) → [255,0,128]","","2026-09-09","passed","2026-09-09","","Utility Functions","Utility Functions hslToRgb hue=330 (rose) → [255,0,128]",""
"","1515","verify Turquoise ( #1abc9c ) is applied as the background color","bs-firefox-win11","2026-09-09","passed","2026-09-09","POM Refactored: Background color tests","","",""
"","4","Server Unit Tests 405 Method Not Allowed does not return 405 for allowed DELETE method on /api/colors/:name","","2026-09-09","passed","2026-09-09","","Server Unit Tests","Server Unit Tests 405 Method Not Allowed does not return 405 for allowed DELETE method on /api/colors/:name",""
"","2218","verify Turquoise ( #1abc9c ) is applied as the background color","bs-iphone-15","2026-09-09","passed","2026-09-09","Background color tests","","",""
"","5","Server Unit Tests POST /api/colors accepts names with alphanumeric characters and spaces","","2026-09-09","passed","2026-09-09","","Server Unit Tests","Server Unit Tests POST /api/colors accepts names with alphanumeric characters and spaces",""
"","2975","shows server-error message on 500 inside the picker","bs-iphone-15","2026-09-09","passed","2026-09-09","Color Management — Add & Delete","","",""
"","16","Component Tests ColorPicker typing a valid hex clears the hex error and updates preview","","2026-09-09","passed","2026-09-09","","Utility Functions","Component Tests ColorPicker typing a valid hex clears the hex error and updates preview",""
"","53","Frontend Unit Tests App Component deleting the active color switches background to the first remaining","","2026-09-09","passed","2026-09-09","","Frontend Unit Tests","Frontend Unit Tests App Component deleting the active color switches background to the first remaining",""
"","2912","shows client-side validation error for invalid name chars","bs-firefox-win11","2026-09-09","passed","2026-09-09","Color Management — Add & Delete","","",""
"","0","Utility Functions rgbToHex output is lowercase","","2026-09-09","passed","2026-09-09","","Utility Functions","Utility Functions rgbToHex output is lowercase",""
"","1597","close (×) button closes the picker","bs-firefox-win11","2026-09-09","passed","2026-09-09","Color Management — Add & Delete","","",""
"","870","verify Turquoise ( #1abc9c ) is applied as the background color","Chrome","2026-09-09","passed","2026-09-09","Background color tests","tests/coverage.spec.ts","",""
"","2201","cancel in confirm dialog closes it without deleting","bs-iphone-15","2026-09-09","passed","2026-09-09","Color Management — Add & Delete","","",""
"","4","Server Unit Tests Surviving Mutants & Edge Cases Swagger Metadata & OpenAPI has exact info metadata","","2026-09-09","passed","2026-09-09","","Server Unit Tests","Server Unit Tests Surviving Mutants & Edge Cases Swagger Metadata & OpenAPI has exact info metadata",""
"","1245","verify Red ( #e74c3c ) is applied as the background color","bs-firefox-win11","2026-09-09","passed","2026-09-09","Background color tests","","",""
"","343","GET /api/colors/Turquoise should return the correct hex code","bs-pixel-7","2026-09-09","passed","2026-09-09","Backend API Integration","","",""
"","1457","handle color selection fetch error","bs-safari-ventura","2026-09-09","passed","2026-09-09","Edge cases and error handling","","",""
"","3623","homepage after color change","percy","2026-09-09","passed","2026-09-09","Percy Visual Regression – Production > Percy – tablet (768×1024)","","",""
"","1030","first color chip is active on load (aria-pressed=true)","bs-safari-ventura","2026-09-09","passed","2026-09-09","Color Management — Add & Delete","","",""
"","244","POST with script tag in name is rejected (400)","bs-chrome-win11","2026-09-09","passed","2026-09-09","Security > XSS Prevention","","",""
"Performance Test: UI Performance Test
File: ui-performance.spec.ts
Total Iterations: 52
Max VUs: 1

HTTP Request Duration:
- Avg: 215.00ms
- P(95): 215.00ms
- Max: 215.00ms

Full metrics attached in the results.","724963","UI Performance Test","Performance","2026-09-09","passed","2026-09-09","ui-performance.spec.ts","UI Performance Test","",""
"","209","POST /api-docs returns 405","bs-iphone-15","2026-09-09","passed","2026-09-09","Security > HTTP Method Restrictions","","",""
"","3","Component Tests ConfirmDialog Enter key does NOT call onConfirm when busy","","2026-09-09","passed","2026-09-09","","Component Tests","Component Tests ConfirmDialog Enter key does NOT call onConfirm when busy",""
"","1848","verify Yellow ( #f1c40f ) is applied as the background color","bs-firefox-win11","2026-09-09","passed","2026-09-09","Background color tests","","",""
"","804","clicking the backdrop closes the picker","Chrome","2026-09-09","passed","2026-09-09","Color Management — Add & Delete","tests/color-management.spec.ts","",""
"","4501","should not have any automatically detectable accessibility issues","bs-safari-ventura","2026-09-09","passed","2026-09-09","Accessibility Tests","","",""
"","3697","close (×) button closes the picker","bs-iphone-15","2026-09-09","passed","2026-09-09","Color Management — Add & Delete","","",""
"","3","Server Unit Tests Surviving Mutants & Edge Cases Swagger Metadata & OpenAPI has exact API info","","2026-09-09","passed","2026-09-09","","Server Unit Tests","Server Unit Tests Surviving Mutants & Edge Cases Swagger Metadata & OpenAPI has exact API info",""
"","205","PATCH /api/colors returns 405","bs-safari-ventura","2026-09-09","passed","2026-09-09","Security > HTTP Method Restrictions","","",""
"","310","GET /api/colors should return all colors","bs-firefox-win11","2026-09-09","passed","2026-09-09","Backend API Integration","","",""
"","367","Server Unit Tests Surviving Mutants & Edge Cases Infrastructure uses default MONGO_URI when process.env.MONGO_URI is missing","","2026-09-09","passed","2026-09-09","","Server Unit Tests","Server Unit Tests Surviving Mutants & Edge Cases Infrastructure uses default MONGO_URI when process.env.MONGO_URI is missing",""
"","602","should delete an existing color","bs-iphone-15","2026-09-09","passed","2026-09-09","Backend API Integration > DELETE /api/colors/:name","","",""
"","234","PATCH /api/colors returns 405","bs-firefox-win11","2026-09-09","passed","2026-09-09","Security > HTTP Method Restrictions","","",""
"","4","Server Unit Tests POST /api/reseed returns 401 when Bearer scheme prefix is missing","","2026-09-09","passed","2026-09-09","","Server Unit Tests","Server Unit Tests POST /api/reseed returns 401 when Bearer scheme prefix is missing",""
"","5","Server Integration Tests (Testcontainers) POST /api/reseed should return 401 when token is invalid","","2026-09-09","passed","2026-09-09","","Server Integration Tests (Testcontainers)","Server Integration Tests (Testcontainers) POST /api/reseed should return 401 when token is invalid",""
"","2959","homepage initial state","percy","2026-09-09","passed","2026-09-09","Percy Visual Regression – Production > Percy – mobile (375×667)","","",""
"","1089","cancel in confirm dialog closes it without deleting","bs-chrome-win11","2026-09-09","passed","2026-09-09","Color Management — Add & Delete","","",""
"","7","Frontend Unit Tests App Component colors.length === 0 shows loading text","","2026-09-09","passed","2026-09-09","","Frontend Unit Tests","Frontend Unit Tests App Component colors.length === 0 shows loading text",""
"","600","handle initial fetch with empty data","Chrome","2026-09-09","passed","2026-09-09","Edge cases and error handling","tests/coverage.spec.ts","",""
"","61","Frontend Unit Tests App Component header color attribute changes after clicking a chip","","2026-09-09","passed","2026-09-09","","Frontend Unit Tests","Frontend Unit Tests App Component header color attribute changes after clicking a chip",""
"","1767","deleting the active color switches background to the first remaining","bs-firefox-win11","2026-09-09","passed","2026-09-09","Color Management — Add & Delete","","",""
"","219","POST with HTML tag in name is rejected (400)","bs-iphone-15","2026-09-09","passed","2026-09-09","Security > XSS Prevention","","",""
"","685","first color chip is active on load (aria-pressed=true)","Chrome","2026-09-09","passed","2026-09-09","Color Management — Add & Delete","tests/color-management.spec.ts","",""
"","12","should reject invalid hex format on update","Chrome","2026-09-09","passed","2026-09-09","Backend API Integration > PUT /api/colors/:name Schema Validation","tests/api.spec.ts","",""
"","1106","Cancel button closes the picker","bs-chrome-win11","2026-09-09","passed","2026-09-09","Color Management — Add & Delete","","",""
"","181","error responses return JSON, not HTML (no info leakage)","bs-firefox-win11","2026-09-09","passed","2026-09-09","Security > Security Headers","","",""
"","196","POST with script tag in name is rejected (400)","bs-safari-ventura","2026-09-09","passed","2026-09-09","Security > XSS Prevention","","",""
"","49","Frontend Unit Tests App Component deleting a non-active color keeps the current background","","2026-09-09","passed","2026-09-09","","Frontend Unit Tests","Frontend Unit Tests App Component deleting a non-active color keeps the current background",""
"","234","should reject empty name","bs-pixel-7","2026-09-09","passed","2026-09-09","Backend API Integration > POST /api/colors Schema Validation","","",""
"","230","PATCH /api/colors/:name returns 405","bs-pixel-7","2026-09-09","passed","2026-09-09","Security > HTTP Method Restrictions","","",""
"","473","oversized payload is rejected (413)","bs-safari-ventura","2026-09-09","passed","2026-09-09","Security > Input Validation","","",""
"","661","handle initial fetch with empty data","bs-pixel-7","2026-09-09","passed","2026-09-09","Edge cases and error handling","","",""
"","1610","should create dynamic random color via API and verify through UI","bs-chrome-win11","2026-09-09","passed","2026-09-09","Random Data Testing with faker.js","","",""
"","460","should load the application and verify core functionality across browsers","Chrome","2026-09-09","passed","2026-09-09","Cross-Browser Core Functionality","","",""
"","196","NoSQL operator in GET path param is rejected (400 or 404)","bs-firefox-win11","2026-09-09","passed","2026-09-09","Security > Injection Prevention","","",""
"","204","NoSQL $where operator in name is rejected (400)","bs-iphone-15","2026-09-09","passed","2026-09-09","Security > Injection Prevention","","",""
"","596","should create a new color with valid schema","bs-pixel-7","2026-09-09","passed","2026-09-09","Backend API Integration > POST /api/colors Schema Validation","","",""
"","477","should handle missing image gracefully by showing alt text","bs-pixel-7","2026-09-09","passed","2026-09-09","Network Mocking & Interception","","",""
"","22","Server Integration Tests (Testcontainers) End-to-end CRUD workflow should create, read, update, and delete a color in sequence","","2026-09-09","passed","2026-09-09","","Server Integration Tests (Testcontainers)","Server Integration Tests (Testcontainers) End-to-end CRUD workflow should create, read, update, and delete a color in sequence",""
"","14","Server Integration Tests (Testcontainers) GET /api/colors/:name should return correct data for Turquoise","","2026-09-09","passed","2026-09-09","","Server Integration Tests (Testcontainers)","Server Integration Tests (Testcontainers) GET /api/colors/:name should return correct data for Turquoise",""
"","101","Frontend Unit Tests App Component handleColorClick does nothing when data is null","","2026-09-09","passed","2026-09-09","","Frontend Unit Tests","Frontend Unit Tests App Component handleColorClick does nothing when data is null",""
"","39","Server Integration Tests (Testcontainers) GET /api/colors should retrieve all seeded colors","","2026-09-09","passed","2026-09-09","","Server Integration Tests (Testcontainers)","Server Integration Tests (Testcontainers) GET /api/colors should retrieve all seeded colors",""
"","1815","changing color to Yellow should reflect in UI and DOM","bs-iphone-15","2026-09-09","passed","2026-09-09","Data-Driven Testing","","",""
"","4","Server Unit Tests Error Handling seedDatabase logs error and re-throws when database fails","","2026-09-09","passed","2026-09-09","","Server Unit Tests","Server Unit Tests Error Handling seedDatabase logs error and re-throws when database fails",""
"","190","should reject invalid hex format on update","bs-pixel-7","2026-09-09","passed","2026-09-09","Backend API Integration > PUT /api/colors/:name Schema Validation","","",""
"","3744","deleting the active color switches background to the first remaining","bs-safari-ventura","2026-09-09","passed","2026-09-09","Color Management — Add & Delete","","",""
"","1325","verify language switcher changes document language","bs-iphone-15","2026-09-09","passed","2026-09-09","","","",""
"","5","Server Integration Tests (Testcontainers) Method Not Allowed should return 405 for PATCH /api/colors/:name","","2026-09-09","passed","2026-09-09","","Server Integration Tests (Testcontainers)","Server Integration Tests (Testcontainers) Method Not Allowed should return 405 for PATCH /api/colors/:name",""
"","1382","verify Turquoise ( #1abc9c ) is applied as the background color","bs-chrome-win11","2026-09-09","passed","2026-09-09","POM Refactored: Background color tests","","",""
"","10","Server Unit Tests Surviving Mutants & Edge Cases Regex & Validation STRICT_NAME_REGEX kills mutants on optionality and length","","2026-09-09","passed","2026-09-09","","Server Unit Tests","Server Unit Tests Surviving Mutants & Edge Cases Regex & Validation STRICT_NAME_REGEX kills mutants on optionality and length",""
"","1031","verify Red ( #e74c3c ) is applied as the background color","bs-chrome-win11","2026-09-09","passed","2026-09-09","Background color tests","","",""
"","963","shows a chip for each color with a swatch, name, and delete button","bs-iphone-15","2026-09-09","passed","2026-09-09","Color Management — Add & Delete","","",""
"","4945","should maintain accessibility in es language and verify resilient locators","bs-safari-ventura","2026-09-09","passed","2026-09-09","i18n Accessibility Tests","","",""
"","7","DELETE /api/colors (collection) returns 405","Chrome","2026-09-09","passed","2026-09-09","Security > HTTP Method Restrictions","tests/security.spec.ts","",""
"","66","Frontend Unit Tests App Component handles non-array initial fetch response gracefully","","2026-09-09","passed","2026-09-09","","Frontend Unit Tests","Frontend Unit Tests App Component handles non-array initial fetch response gracefully",""
"","247","should reject missing hex","bs-safari-ventura","2026-09-09","passed","2026-09-09","Backend API Integration > POST /api/colors Schema Validation","","",""
"","23","Component Tests ColorPicker valid submit calls onConfirm with trimmed name and current hex","","2026-09-09","passed","2026-09-09","","Utility Functions","Component Tests ColorPicker valid submit calls onConfirm with trimmed name and current hex",""
"","925","changing color to Red should reflect in UI and DOM","bs-pixel-7","2026-09-09","passed","2026-09-09","Data-Driven Testing","","",""
"","11","Server Unit Tests GET /api/colors returns an empty array when no colors exist","","2026-09-09","passed","2026-09-09","","Server Unit Tests","Server Unit Tests GET /api/colors returns an empty array when no colors exist",""
"","7","Server Unit Tests GET /api/colors/:name returns Turquoise color correctly","","2026-09-09","passed","2026-09-09","","Server Unit Tests","Server Unit Tests GET /api/colors/:name returns Turquoise color correctly",""
"","1436","chip-x click opens confirm dialog with color name","bs-safari-ventura","2026-09-09","passed","2026-09-09","Color Management — Add & Delete","","",""
"","4","Server Unit Tests POST /api/colors returns 400 when name is missing","","2026-09-09","passed","2026-09-09","","Server Unit Tests","Server Unit Tests POST /api/colors returns 400 when name is missing",""
"","793","shows 409 duplicate error from server inside the picker","Chrome","2026-09-09","passed","2026-09-09","Color Management — Add & Delete","tests/color-management.spec.ts","",""
"","9","Server Integration Tests (Testcontainers) POST /api/colors should accept a single alphanumeric character as a name","","2026-09-09","passed","2026-09-09","","Server Integration Tests (Testcontainers)","Server Integration Tests (Testcontainers) POST /api/colors should accept a single alphanumeric character as a name",""
"","3059","cancel in confirm dialog closes it without deleting","bs-safari-ventura","2026-09-09","passed","2026-09-09","Color Management — Add & Delete","","",""
"","401","Example #1","BDD","2026-09-09","passed","2026-09-09","Language Switching > Switch language and verify translated UI labels","","",""
"","199","DELETE /api/colors (collection) returns 405","bs-iphone-15","2026-09-09","passed","2026-09-09","Security > HTTP Method Restrictions","","",""
"","194","NoSQL operator in GET path param is rejected (400 or 404)","bs-safari-ventura","2026-09-09","passed","2026-09-09","Security > Injection Prevention","","",""
"","534","should handle fetch colors network failure gracefully","bs-pixel-7","2026-09-09","passed","2026-09-09","UI Error Handling Coverage","","",""
"","1329","should show loading state when API returns empty colors","bs-firefox-win11","2026-09-09","passed","2026-09-09","UI Error Handling Coverage","","",""
"","2875","should create color via API and verify through UI","bs-safari-ventura","2026-09-09","passed","2026-09-09","Hybrid E2E Testing","","",""
"","195","should reject updating with empty name","bs-firefox-win11","2026-09-09","passed","2026-09-09","Backend API Integration > PUT /api/colors/:name Schema Validation","","",""
"","9","Frontend Unit Tests App Component shows error alert when initial fetch fails","","2026-09-09","passed","2026-09-09","","Frontend Unit Tests","Frontend Unit Tests App Component shows error alert when initial fetch fails",""
"","2068","should create dynamic random color via API and verify through UI","bs-iphone-15","2026-09-09","passed","2026-09-09","Random Data Testing with faker.js","","",""
"","0","Utility Functions readableOn returns #fff for black (very dark, L≈0)","","2026-09-09","passed","2026-09-09","","Utility Functions","Utility Functions readableOn returns #fff for black (very dark, L≈0)",""
"","4","Server Unit Tests PUT /api/colors/:name returns 400 when no fields are provided (empty body)","","2026-09-09","passed","2026-09-09","","Server Unit Tests","Server Unit Tests PUT /api/colors/:name returns 400 when no fields are provided (empty body)",""
"","4","Server Unit Tests Middleware JSON error middleware ignores SyntaxError with status != 400","","2026-09-09","passed","2026-09-09","","Server Unit Tests","Server Unit Tests Middleware JSON error middleware ignores SyntaxError with status != 400",""
"","509","Background stays unchanged when fetching a specific color fails","BDD","2026-09-09","passed","2026-09-09","API Error Handling","","",""
"","2672","clicking the backdrop closes the picker","bs-iphone-15","2026-09-09","passed","2026-09-09","Color Management — Add & Delete","","",""
"","25","Component Tests ColorPicker mousedown outside circle clamps sat to 1","","2026-09-09","passed","2026-09-09","","Utility Functions","Component Tests ColorPicker mousedown outside circle clamps sat to 1",""
"","10","Component Tests ColorPicker wheel cursor is at (110,110) at center (sat=0)","","2026-09-09","passed","2026-09-09","","Utility Functions","Component Tests ColorPicker wheel cursor is at (110,110) at center (sat=0)",""
"","1782","deleting the active color switches background to the first remaining","bs-chrome-win11","2026-09-09","passed","2026-09-09","Color Management — Add & Delete","","",""
"","627","should delete an existing color","bs-safari-ventura","2026-09-09","passed","2026-09-09","Backend API Integration > DELETE /api/colors/:name","","",""
"","27","Server Unit Tests POST /api/colors creates a new color and returns 201 with correct body","","2026-09-09","passed","2026-09-09","","Server Unit Tests","Server Unit Tests POST /api/colors creates a new color and returns 201 with correct body",""
"","229","should reject empty name","bs-firefox-win11","2026-09-09","passed","2026-09-09","Backend API Integration > POST /api/colors Schema Validation","","",""
"","39","GET /api/colors/Turquoise should return the correct hex code","Chrome","2026-09-09","passed","2026-09-09","Backend API Integration","tests/api.spec.ts","",""
"","4191","successfully adds a new color and shows its chip","bs-safari-ventura","2026-09-09","passed","2026-09-09","Color Management — Add & Delete","","",""
"","6","Server Integration Tests (Testcontainers) DELETE /api/colors/:name should return 400 for invalid name format","","2026-09-09","passed","2026-09-09","","Server Integration Tests (Testcontainers)","Server Integration Tests (Testcontainers) DELETE /api/colors/:name should return 400 for invalid name format",""
"","1","Utility Functions readableOn returns #111 for light-grey (L≈0.60, above 0.179 threshold)","","2026-09-09","passed","2026-09-09","","Utility Functions","Utility Functions readableOn returns #111 for light-grey (L≈0.60, above 0.179 threshold)",""
"","3","Server Unit Tests Surviving Mutants & Edge Cases Swagger Metadata & OpenAPI has exact application/json content-type","","2026-09-09","passed","2026-09-09","","Server Unit Tests","Server Unit Tests Surviving Mutants & Edge Cases Swagger Metadata & OpenAPI has exact application/json content-type",""
"","21","Frontend Unit Tests App Component shows loading text when colors array is empty","","2026-09-09","passed","2026-09-09","","Frontend Unit Tests","Frontend Unit Tests App Component shows loading text when colors array is empty",""
"","202","should reject updating with empty name","bs-pixel-7","2026-09-09","passed","2026-09-09","Backend API Integration > PUT /api/colors/:name Schema Validation","","",""
"","3530","homepage after color change","percy","2026-09-09","passed","2026-09-09","Percy Visual Regression – Production > Percy – desktop (1280×720)","","",""
"","0","Utility Functions hslToRgb hue=360 wraps to hue=0 → [255,0,0]","","2026-09-09","passed","2026-09-09","","Utility Functions","Utility Functions hslToRgb hue=360 wraps to hue=0 → [255,0,0]",""
"","213","SQL injection characters in name are rejected (400)","bs-pixel-7","2026-09-09","passed","2026-09-09","Security > Injection Prevention","","",""
"","200","empty body on POST returns 400","bs-firefox-win11","2026-09-09","passed","2026-09-09","Security > Input Validation","","",""
"","414","Example #3","BDD","2026-09-09","passed","2026-09-09","Language Switching > Switch language and verify translated UI labels","","",""
"","931","Cancel button closes the picker","Chrome","2026-09-09","passed","2026-09-09","Color Management — Add & Delete","tests/color-management.spec.ts","",""
"","48","DELETE /api/colors/{name}","","","passed","","","schemathesis","",""
"","1142","handle initial fetch error","bs-iphone-15","2026-09-09","passed","2026-09-09","Edge cases and error handling","","",""
"","3","Server Unit Tests 405 Method Not Allowed sets the Allow header on /api/colors/:name with correct methods","","2026-09-09","passed","2026-09-09","","Server Unit Tests","Server Unit Tests 405 Method Not Allowed sets the Allow header on /api/colors/:name with correct methods",""
"","8","Server Unit Tests Surviving Mutants & Edge Cases PUT logic kills name/hex conditional mutants by providing only one field","","2026-09-09","passed","2026-09-09","","Server Unit Tests","Server Unit Tests Surviving Mutants & Edge Cases PUT logic kills name/hex conditional mutants by providing only one field",""
"","210","should reject empty name","bs-safari-ventura","2026-09-09","passed","2026-09-09","Backend API Integration > POST /api/colors Schema Validation","","",""
"","1","Utility Functions rgbToHsl r max, g>0, b=0 → h in (0,60)","","2026-09-09","passed","2026-09-09","","Utility Functions","Utility Functions rgbToHsl r max, g>0, b=0 → h in (0,60)",""
"","893","should gracefully handle a color not found in the database","bs-firefox-win11","2026-09-09","passed","2026-09-09","Network Mocking & Interception","","",""
"","4","Component Tests ColorPicker serverError banner is absent when serverError is null","","2026-09-09","passed","2026-09-09","","Utility Functions","Component Tests ColorPicker serverError banner is absent when serverError is null",""
"","43","Frontend Unit Tests App Component first loaded color is active (aria-pressed=true)","","2026-09-09","passed","2026-09-09","","Frontend Unit Tests","Frontend Unit Tests App Component first loaded color is active (aria-pressed=true)",""
"","200","should reject omitting both name and hex on update","bs-firefox-win11","2026-09-09","passed","2026-09-09","Backend API Integration > PUT /api/colors/:name Schema Validation","","",""
"","773","verify Yellow ( #f1c40f ) is applied as the background color","Chrome","2026-09-09","passed","2026-09-09","POM Refactored: Background color tests","tests/pom-refactored.spec.ts","",""
"","290","homepage should match snapshot","percy","2026-09-09","skipped","2026-09-09","Visual Regression – iphone-se (375×667)","","",""
"","1","Utility Functions paintWheelPixel writes to the correct index offset in the array","","2026-09-09","passed","2026-09-09","","Utility Functions","Utility Functions paintWheelPixel writes to the correct index offset in the array",""
"","15","GET /api/colors should return all colors","Chrome","2026-09-09","passed","2026-09-09","Backend API Integration","tests/api.spec.ts","",""
"","29","Component Tests ColorPicker lightness slider change updates the preview","","2026-09-09","passed","2026-09-09","","Utility Functions","Component Tests ColorPicker lightness slider change updates the preview",""
"","910","should return 409 for duplicate color creation","bs-chrome-win11","2026-09-09","passed","2026-09-09","Backend API Integration > POST /api/colors Schema Validation","","",""
"","2199","should maintain accessibility after state change (color update)","bs-pixel-7","2026-09-09","passed","2026-09-09","Accessibility Tests","","",""
"","196","NoSQL operator in GET path param is rejected (400 or 404)","bs-chrome-win11","2026-09-09","passed","2026-09-09","Security > Injection Prevention","","",""
"","43","Frontend Unit Tests App Component handleColorClick shows error alert on fetch failure","","2026-09-09","passed","2026-09-09","","Frontend Unit Tests","Frontend Unit Tests App Component handleColorClick shows error alert on fetch failure",""
"","215","DELETE /api/colors (collection) returns 405","bs-safari-ventura","2026-09-09","passed","2026-09-09","Security > HTTP Method Restrictions","","",""
"","200","should reject omitting both name and hex on update","bs-chrome-win11","2026-09-09","passed","2026-09-09","Backend API Integration > PUT /api/colors/:name Schema Validation","","",""
"","488","handle color selection fetch error","Chrome","2026-09-09","passed","2026-09-09","Edge cases and error handling","tests/coverage.spec.ts","",""
"","19","Server Unit Tests Surviving Mutants & Edge Cases Regex & Validation STRICT_NAME_REGEX kills mutants on start/end/middle characters","","2026-09-09","passed","2026-09-09","","Server Unit Tests","Server Unit Tests Surviving Mutants & Edge Cases Regex & Validation STRICT_NAME_REGEX kills mutants on start/end/middle characters",""
"","2063","should maintain accessibility in el language and verify resilient locators","bs-firefox-win11","2026-09-09","passed","2026-09-09","i18n Accessibility Tests","","",""
"","228","PATCH /api/colors returns 405","bs-chrome-win11","2026-09-09","passed","2026-09-09","Security > HTTP Method Restrictions","","",""
"","7","Server Unit Tests GET /api/colors returns colors sorted alphabetically by name","","2026-09-09","passed","2026-09-09","","Server Unit Tests","Server Unit Tests GET /api/colors returns colors sorted alphabetically by name",""
"","322","GET /api/colors/:name should return 404 for non-existent color","bs-pixel-7","2026-09-09","passed","2026-09-09","Backend API Integration","","",""
"","0","Utility Functions hslToRgb hue=180 (cyan) → [0,255,255]","","2026-09-09","passed","2026-09-09","","Utility Functions","Utility Functions hslToRgb hue=180 (cyan) → [0,255,255]",""
"","1145","shows 409 duplicate error from server inside the picker","bs-chrome-win11","2026-09-09","passed","2026-09-09","Color Management — Add & Delete","","",""
"","1283","shows client-side validation error for invalid name chars","bs-pixel-7","2026-09-09","passed","2026-09-09","Color Management — Add & Delete","","",""
"","4","Server Unit Tests POST /api/reseed returns 500 when seedDatabase throws","","2026-09-09","passed","2026-09-09","","Server Unit Tests","Server Unit Tests POST /api/reseed returns 500 when seedDatabase throws",""
"","1147","shows client-side ""Name is required"" when submitting empty name","bs-chrome-win11","2026-09-09","passed","2026-09-09","Color Management — Add & Delete","","",""
"","1164","shows client-side ""Name is required"" when submitting empty name","bs-pixel-7","2026-09-09","passed","2026-09-09","Color Management — Add & Delete","","",""
"","198","POST /api-docs returns 405","bs-chrome-win11","2026-09-09","passed","2026-09-09","Security > HTTP Method Restrictions","","",""
"","249","should reject empty name","bs-chrome-win11","2026-09-09","passed","2026-09-09","Backend API Integration > POST /api/colors Schema Validation","","",""
"","387","should handle missing image gracefully by showing alt text","Chrome","2026-09-09","passed","2026-09-09","Network Mocking & Interception","tests/network-mocking.spec.ts","",""
"","8","Server Unit Tests GET /api/colors returns JSON content type","","2026-09-09","passed","2026-09-09","","Server Unit Tests","Server Unit Tests GET /api/colors returns JSON content type",""
"","3875","homepage initial state","percy","2026-09-09","passed","2026-09-09","Percy Visual Regression – Production > Percy – desktop (1280×720)","","",""
"","3","Server Unit Tests OpenAPI endpoints spec includes component schemas","","2026-09-09","passed","2026-09-09","","Server Unit Tests","Server Unit Tests OpenAPI endpoints spec includes component schemas",""
"","0","Utility Functions rgbToHsl light red (#ff8080): l>0.5, s computed via (2-max-min) branch","","2026-09-09","passed","2026-09-09","","Utility Functions","Utility Functions rgbToHsl light red (#ff8080): l>0.5, s computed via (2-max-min) branch",""
"","1592","should create dynamic random color via API and verify through UI","bs-pixel-7","2026-09-09","passed","2026-09-09","Random Data Testing with faker.js","","",""
"","178","unknown extra fields in POST body are rejected (400)","bs-iphone-15","2026-09-09","passed","2026-09-09","Security > Input Validation","","",""
"","10","should reject missing hex","Chrome","2026-09-09","passed","2026-09-09","Backend API Integration > POST /api/colors Schema Validation","tests/api.spec.ts","",""
"","6","Server Unit Tests POST /api/colors applies the createColorLimiter rate limit headers","","2026-09-09","passed","2026-09-09","","Server Unit Tests","Server Unit Tests POST /api/colors applies the createColorLimiter rate limit headers",""
"","17","Component Tests ColorPicker typing a valid hex without # prefix is accepted","","2026-09-09","passed","2026-09-09","","Utility Functions","Component Tests ColorPicker typing a valid hex without # prefix is accepted",""
"","2111","verify Yellow ( #f1c40f ) is applied as the background color","bs-firefox-win11","2026-09-09","passed","2026-09-09","POM Refactored: Background color tests","","",""
"","201","NoSQL injection object in name is rejected (400)","bs-safari-ventura","2026-09-09","passed","2026-09-09","Security > Injection Prevention","","",""
"","212","POST with javascript: URI in name is rejected (400)","bs-safari-ventura","2026-09-09","passed","2026-09-09","Security > XSS Prevention","","",""
"","748","handle initial fetch with empty data","bs-chrome-win11","2026-09-09","passed","2026-09-09","Edge cases and error handling","","",""
"","11","Server Integration Tests (Testcontainers) POST /api/reseed should not modify the database when token is invalid","","2026-09-09","passed","2026-09-09","","Server Integration Tests (Testcontainers)","Server Integration Tests (Testcontainers) POST /api/reseed should not modify the database when token is invalid",""
"","6","Server Unit Tests OpenAPI endpoints serves Swagger UI as HTML","","2026-09-09","passed","2026-09-09","","Server Unit Tests","Server Unit Tests OpenAPI endpoints serves Swagger UI as HTML",""
"","10","Server Integration Tests (Testcontainers) GET /api/colors/:name should return 404 for a non-existent color","","2026-09-09","passed","2026-09-09","","Server Integration Tests (Testcontainers)","Server Integration Tests (Testcontainers) GET /api/colors/:name should return 404 for a non-existent color",""
"","9","PATCH /api/colors/:name returns 405","Chrome","2026-09-09","passed","2026-09-09","Security > HTTP Method Restrictions","tests/security.spec.ts","",""
"","4","Server Unit Tests PUT /api/colors/:name returns 400 for invalid name in path (regex check)","","2026-09-09","passed","2026-09-09","","Server Unit Tests","Server Unit Tests PUT /api/colors/:name returns 400 for invalid name in path (regex check)",""
"","7","Component Tests ConfirmDialog dialog has correct ARIA attributes","","2026-09-09","passed","2026-09-09","","Component Tests","Component Tests ConfirmDialog dialog has correct ARIA attributes",""
"","726","cancel in confirm dialog closes it without deleting","Chrome","2026-09-09","passed","2026-09-09","Color Management — Add & Delete","tests/color-management.spec.ts","",""
"","621","clicking ""+ Add color"" opens the picker modal","Chrome","2026-09-09","passed","2026-09-09","Color Management — Add & Delete","tests/color-management.spec.ts","",""
"","5","Server Unit Tests Error Handling POST /api/colors returns 409 when database throws duplicate key error (code 11000)","","2026-09-09","passed","2026-09-09","","Server Unit Tests","Server Unit Tests Error Handling POST /api/colors returns 409 when database throws duplicate key error (code 11000)",""
"","51","Frontend Unit Tests App Component confirm dialog cancel button closes it","","2026-09-09","passed","2026-09-09","","Frontend Unit Tests","Frontend Unit Tests App Component confirm dialog cancel button closes it",""
"","1090","should load the application and verify core functionality across browsers","bs-chrome-win11","2026-09-09","passed","2026-09-09","Cross-Browser Core Functionality","","",""
"","0","Utility Functions hslToRgb lightness clamped: l=-0.5 gives black","","2026-09-09","passed","2026-09-09","","Utility Functions","Utility Functions hslToRgb lightness clamped: l=-0.5 gives black",""
"","200","should reject updating with empty name","bs-chrome-win11","2026-09-09","passed","2026-09-09","Backend API Integration > PUT /api/colors/:name Schema Validation","","",""
"","2398","should maintain accessibility in en language and verify resilient locators","bs-firefox-win11","2026-09-09","passed","2026-09-09","i18n Accessibility Tests","","",""
"","3","Server Unit Tests DELETE /api/colors/:name returns 400 for invalid name in path (regex check)","","2026-09-09","passed","2026-09-09","","Server Unit Tests","Server Unit Tests DELETE /api/colors/:name returns 400 for invalid name in path (regex check)",""
"","853","verify Red ( #e74c3c ) is applied as the background color","Chrome","2026-09-09","passed","2026-09-09","Background color tests","tests/coverage.spec.ts","",""
"","3","Component Tests ConfirmDialog title is rendered in the element with id confirm-title","","2026-09-09","passed","2026-09-09","","Component Tests","Component Tests ConfirmDialog title is rendered in the element with id confirm-title",""
"","822","should return 409 for duplicate color creation","bs-pixel-7","2026-09-09","passed","2026-09-09","Backend API Integration > POST /api/colors Schema Validation","","",""
"","443","homepage should match snapshot","percy","2026-09-09","skipped","2026-09-09","Visual Regression – desktop-xl (1920×1080)","","",""
"","49","Frontend Unit Tests App Component add color 400 without data.error falls back to generic message","","2026-09-09","passed","2026-09-09","","Frontend Unit Tests","Frontend Unit Tests App Component add color 400 without data.error falls back to generic message",""
"","3028","homepage after color change","percy","2026-09-09","passed","2026-09-09","Percy Visual Regression – Production > Percy – mobile (375×667)","","",""
"","2024","verify Yellow ( #f1c40f ) is applied as the background color","bs-iphone-15","2026-09-09","passed","2026-09-09","Background color tests","","",""
"","19","Component Tests ColorPicker lightness slider max value (100) gives white","","2026-09-09","passed","2026-09-09","","Utility Functions","Component Tests ColorPicker lightness slider max value (100) gives white",""
"","36","Frontend Unit Tests App Component clicking chip-x opens confirm dialog with color name and swatch","","2026-09-09","passed","2026-09-09","","Frontend Unit Tests","Frontend Unit Tests App Component clicking chip-x opens confirm dialog with color name and swatch",""
"","24","Component Tests ColorPicker duplicate check is case-insensitive","","2026-09-09","passed","2026-09-09","","Utility Functions","Component Tests ColorPicker duplicate check is case-insensitive",""
"","1979","verify Yellow ( #f1c40f ) is applied as the background color","bs-iphone-15","2026-09-09","passed","2026-09-09","POM Refactored: Background color tests","","",""
"","95","Frontend Unit Tests App Component confirm dialog cancel does nothing when deleting=true","","2026-09-09","passed","2026-09-09","","Frontend Unit Tests","Frontend Unit Tests App Component confirm dialog cancel does nothing when deleting=true",""
"","0","Utility Functions rgbToHex converts arbitrary color","","2026-09-09","passed","2026-09-09","","Utility Functions","Utility Functions rgbToHex converts arbitrary color",""
"","1658","should load the application and verify core functionality across browsers","bs-safari-ventura","2026-09-09","passed","2026-09-09","Cross-Browser Core Functionality","","",""
"","3020","shows client-side ""Name is required"" when submitting empty name","bs-iphone-15","2026-09-09","passed","2026-09-09","Color Management — Add & Delete","","",""
"","196","PATCH /api/colors/:name returns 405","bs-iphone-15","2026-09-09","passed","2026-09-09","Security > HTTP Method Restrictions","","",""
"","2843","should not have any automatically detectable accessibility issues","bs-iphone-15","2026-09-09","passed","2026-09-09","Accessibility Tests","","",""
"","20","GET /api/colors/Yellow should return the correct hex code","Chrome","2026-09-09","passed","2026-09-09","Backend API Integration","tests/api.spec.ts","",""
"","1","Utility Functions hslToRgb hue=30 (orange) → [255,128,0]","","2026-09-09","passed","2026-09-09","","Utility Functions","Utility Functions hslToRgb hue=30 (orange) → [255,128,0]",""
"","3671","should maintain accessibility in el language and verify resilient locators","bs-safari-ventura","2026-09-09","passed","2026-09-09","i18n Accessibility Tests","","",""
"","3361","clicking the backdrop closes the picker","bs-safari-ventura","2026-09-09","passed","2026-09-09","Color Management — Add & Delete","","",""
"","0","Utility Functions hslToRgb saturation clamped: s=-0.5 treated as s=0","","2026-09-09","passed","2026-09-09","","Utility Functions","Utility Functions hslToRgb saturation clamped: s=-0.5 treated as s=0",""
"","1412","verify Turquoise ( #1abc9c ) is applied as the background color","bs-chrome-win11","2026-09-09","passed","2026-09-09","Background color tests","","",""
"","327","X-Powered-By header is not exposed","bs-safari-ventura","2026-09-09","passed","2026-09-09","Security > Security Headers","","",""
"","215","unknown extra fields in POST body are rejected (400)","bs-pixel-7","2026-09-09","passed","2026-09-09","Security > Input Validation","","",""
"","62","Frontend Unit Tests App Component handleColorClick encodes color name in URL","","2026-09-09","passed","2026-09-09","","Frontend Unit Tests","Frontend Unit Tests App Component handleColorClick encodes color name in URL",""
"","16","Component Tests ConfirmDialog cancel button calls onCancel","","2026-09-09","passed","2026-09-09","","Component Tests","Component Tests ConfirmDialog cancel button calls onCancel",""
"","7","PUT /openapi.json returns 405","Chrome","2026-09-09","passed","2026-09-09","Security > HTTP Method Restrictions","tests/security.spec.ts","",""
"","5","Server Unit Tests 405 Method Not Allowed does not return 405 for allowed POST method on /api/colors","","2026-09-09","passed","2026-09-09","","Server Unit Tests","Server Unit Tests 405 Method Not Allowed does not return 405 for allowed POST method on /api/colors",""
"","5","Server Unit Tests POST /api/colors returns 400 for invalid hex format (no hash)","","2026-09-09","passed","2026-09-09","","Server Unit Tests","Server Unit Tests POST /api/colors returns 400 for invalid hex format (no hash)",""
"","1739","color names rendered in the UI do not trigger script execution","bs-iphone-15","2026-09-09","passed","2026-09-09","Security > XSS Prevention","","",""
"","381","GET /api/colors/Turquoise should return the correct hex code","bs-chrome-win11","2026-09-09","passed","2026-09-09","Backend API Integration","","",""
"","10","X-Powered-By header is not exposed","Chrome","2026-09-09","passed","2026-09-09","Security > Security Headers","tests/security.spec.ts","",""
"","217","should reject invalid hex format","bs-iphone-15","2026-09-09","passed","2026-09-09","Backend API Integration > POST /api/colors Schema Validation","","",""
"","14","Component Tests ConfirmDialog backdrop click calls onCancel when not busy","","2026-09-09","passed","2026-09-09","","Component Tests","Component Tests ConfirmDialog backdrop click calls onCancel when not busy",""
"","223","array body on POST returns 400","bs-firefox-win11","2026-09-09","passed","2026-09-09","Security > Input Validation","","",""
"","1696","changing color to Turquoise should reflect in UI and DOM","bs-firefox-win11","2026-09-09","passed","2026-09-09","Data-Driven Testing","","",""
"","0","Frontend Unit Tests i18n Configuration interpolation should not escape value","","2026-09-09","passed","2026-09-09","","Frontend Unit Tests","Frontend Unit Tests i18n Configuration interpolation should not escape value",""
"","1141","should load the application and verify core functionality across browsers","bs-pixel-7","2026-09-09","passed","2026-09-09","Cross-Browser Core Functionality","","",""
"","0","Utility Functions hslToRgb saturation=0 gives pure grey [128,128,128]","","2026-09-09","passed","2026-09-09","","Utility Functions","Utility Functions hslToRgb saturation=0 gives pure grey [128,128,128]",""
"","103","Frontend Unit Tests App Component clicking a color chip makes it active","","2026-09-09","passed","2026-09-09","","Frontend Unit Tests","Frontend Unit Tests App Component clicking a color chip makes it active",""
"","8","Component Tests ColorPicker wheel cursor moves to (220,110) after right-edge click (hue=0, sat=1)","","2026-09-09","passed","2026-09-09","","Utility Functions","Component Tests ColorPicker wheel cursor moves to (220,110) after right-edge click (hue=0, sat=1)",""
"","927","shows a chip for each color with a swatch, name, and delete button","bs-firefox-win11","2026-09-09","passed","2026-09-09","Color Management — Add & Delete","","",""
"","12","Server Integration Tests (Testcontainers) seedDatabase should always restore the three default seed colors","","2026-09-09","passed","2026-09-09","","Server Integration Tests (Testcontainers)","Server Integration Tests (Testcontainers) seedDatabase should always restore the three default seed colors",""
"","0","Utility Functions rgbToHsl white [255,255,255] → h=0, s=0, l=1","","2026-09-09","passed","2026-09-09","","Utility Functions","Utility Functions rgbToHsl white [255,255,255] → h=0, s=0, l=1",""
"","26","Component Tests ColorPicker mousemove while dragging updates hex (dragging.current=true kills mutation)","","2026-09-09","passed","2026-09-09","","Utility Functions","Component Tests ColorPicker mousemove while dragging updates hex (dragging.current=true kills mutation)",""
"","1252","handle color response missing hex property","bs-iphone-15","2026-09-09","passed","2026-09-09","Edge cases and error handling","","",""
"","195","should reject missing name","bs-pixel-7","2026-09-09","passed","2026-09-09","Backend API Integration > POST /api/colors Schema Validation","","",""
"","31","POST with script tag in name is rejected (400)","Chrome","2026-09-09","passed","2026-09-09","Security > XSS Prevention","tests/security.spec.ts","",""
"","0","Utility Functions readableOn returns #fff for a very dark blue","","2026-09-09","passed","2026-09-09","","Utility Functions","Utility Functions readableOn returns #fff for a very dark blue",""
"","194","NoSQL operator in GET path param is rejected (400 or 404)","bs-pixel-7","2026-09-09","passed","2026-09-09","Security > Injection Prevention","","",""
"","35","Frontend Unit Tests App Component add color 409 conflict shows picker error (data.error message)","","2026-09-09","passed","2026-09-09","","Frontend Unit Tests","Frontend Unit Tests App Component add color 409 conflict shows picker error (data.error message)",""
"","1","Frontend Unit Tests i18n Configuration should handle language change correctly","","2026-09-09","passed","2026-09-09","","Frontend Unit Tests","Frontend Unit Tests i18n Configuration should handle language change correctly",""
"","3","Component Tests ConfirmDialog Escape key does NOT call onCancel when busy","","2026-09-09","passed","2026-09-09","","Component Tests","Component Tests ConfirmDialog Escape key does NOT call onCancel when busy",""
"","717","verify Red ( #e74c3c ) is applied as the background color","Chrome","2026-09-09","passed","2026-09-09","POM Refactored: Background color tests","tests/pom-refactored.spec.ts","",""
"","11","NoSQL injection object in name is rejected (400)","Chrome","2026-09-09","passed","2026-09-09","Security > Injection Prevention","tests/security.spec.ts","",""
"","1","Utility Functions hslToRgb hue=90 (chartreuse) → [128,255,0]","","2026-09-09","passed","2026-09-09","","Utility Functions","Utility Functions hslToRgb hue=90 (chartreuse) → [128,255,0]",""
"","0","Utility Functions rgbToHsl r max with g<b (#ff0040) → h near 345","","2026-09-09","passed","2026-09-09","","Utility Functions","Utility Functions rgbToHsl r max with g<b (#ff0040) → h near 345",""
"","200","malformed JSON body returns 400","bs-iphone-15","2026-09-09","passed","2026-09-09","Security > Input Validation","","",""
"","198","SQL injection characters in name are rejected (400)","bs-chrome-win11","2026-09-09","passed","2026-09-09","Security > Injection Prevention","","",""
"","1","Utility Functions hexToRgb parses a standard #RRGGBB hex","","2026-09-09","passed","2026-09-09","","Utility Functions","Utility Functions hexToRgb parses a standard #RRGGBB hex",""
"","1130","should create dynamic random color via API and verify through UI","Chrome","2026-09-09","passed","2026-09-09","Random Data Testing with faker.js","tests/random-data.spec.ts","",""
"","21","Frontend Unit Tests App Component colors.length > 0 does NOT show loading text","","2026-09-09","passed","2026-09-09","","Frontend Unit Tests","Frontend Unit Tests App Component colors.length > 0 does NOT show loading text",""
"","9","Server Unit Tests DELETE /api/colors/:name deletes an existing color and returns success message","","2026-09-09","passed","2026-09-09","","Server Unit Tests","Server Unit Tests DELETE /api/colors/:name deletes an existing color and returns success message",""
"","20","Server Integration Tests (Testcontainers) Concurrent writes should handle simultaneous POSTs with the same name — exactly one succeeds","","2026-09-09","passed","2026-09-09","","Server Integration Tests (Testcontainers)","Server Integration Tests (Testcontainers) Concurrent writes should handle simultaneous POSTs with the same name — exactly one succeeds",""
"","8","Component Tests ColorPicker pressing Escape calls onCancel","","2026-09-09","passed","2026-09-09","","Utility Functions","Component Tests ColorPicker pressing Escape calls onCancel",""
"","24","Server Unit Tests Surviving Mutants & Edge Cases Regex & Validation STRICT_NAME_REGEX is strict on forbidden special characters in the middle","","2026-09-09","passed","2026-09-09","","Server Unit Tests","Server Unit Tests Surviving Mutants & Edge Cases Regex & Validation STRICT_NAME_REGEX is strict on forbidden special characters in the middle",""
"","64","Frontend Unit Tests App Component useEffect runs only once on mount","","2026-09-09","passed","2026-09-09","","Frontend Unit Tests","Frontend Unit Tests App Component useEffect runs only once on mount",""
"","938","should display all core elements and handle button interaction","Chrome","2026-09-09","passed","2026-09-09","Responsive Design – tablet (768×1024)","","",""
"","4","Server Unit Tests Surviving Mutants & Edge Cases PUT logic kills hex regex mutant in PUT","","2026-09-09","passed","2026-09-09","","Server Unit Tests","Server Unit Tests Surviving Mutants & Edge Cases PUT logic kills hex regex mutant in PUT",""
"","24","Component Tests ColorPicker touch start on canvas sets hex to #ff0000 at right edge","","2026-09-09","passed","2026-09-09","","Utility Functions","Component Tests ColorPicker touch start on canvas sets hex to #ff0000 at right edge",""
"","4","Server Unit Tests POST /api/colors returns 400 for name with whitespace","","2026-09-09","passed","2026-09-09","","Server Unit Tests","Server Unit Tests POST /api/colors returns 400 for name with whitespace",""
"","1129","delete API error shows alert banner","bs-chrome-win11","2026-09-09","passed","2026-09-09","Color Management — Add & Delete","","",""
"","2830","should return 404 when updating non-existent color","bs-chrome-win11","2026-09-09","passed","2026-09-09","Backend API Integration > PUT /api/colors/:name Schema Validation","","",""
"","5","Server Integration Tests (Testcontainers) POST /api/colors should return 400 when extra fields are provided","","2026-09-09","passed","2026-09-09","","Server Integration Tests (Testcontainers)","Server Integration Tests (Testcontainers) POST /api/colors should return 400 when extra fields are provided",""
"","3","Server Unit Tests Error Handling GET /api/colors returns 500 when database fails","","2026-09-09","passed","2026-09-09","","Server Unit Tests","Server Unit Tests Error Handling GET /api/colors returns 500 when database fails",""
"","228","PUT /openapi.json returns 405","bs-pixel-7","2026-09-09","passed","2026-09-09","Security > HTTP Method Restrictions","","",""
"","1","Utility Functions rgbToHsl dark red (#800000): l<0.5, s=1 (l<=0.5 saturation branch)","","2026-09-09","passed","2026-09-09","","Utility Functions","Utility Functions rgbToHsl dark red (#800000): l<0.5, s=1 (l<=0.5 saturation branch)",""
"","4","Server Unit Tests Error Handling GET /api/colors/:name returns 500 when database fails","","2026-09-09","passed","2026-09-09","","Server Unit Tests","Server Unit Tests Error Handling GET /api/colors/:name returns 500 when database fails",""
"","797","should return 409 for duplicate color creation","bs-firefox-win11","2026-09-09","passed","2026-09-09","Backend API Integration > POST /api/colors Schema Validation","","",""
"","501","chip-x click opens confirm dialog with color name","Chrome","2026-09-09","passed","2026-09-09","Color Management — Add & Delete","tests/color-management.spec.ts","",""
"","1","Utility Functions hexToRgb is case-insensitive","","2026-09-09","passed","2026-09-09","","Utility Functions","Utility Functions hexToRgb is case-insensitive",""
"","1072","handle color selection fetch error","bs-firefox-win11","2026-09-09","passed","2026-09-09","Edge cases and error handling","","",""
"","308","GET /api/colors should return all colors","bs-safari-ventura","2026-09-09","passed","2026-09-09","Backend API Integration","","",""
"","1962","should maintain accessibility in el language and verify resilient locators","Chrome","2026-09-09","passed","2026-09-09","i18n Accessibility Tests","tests/a11y.spec.ts","",""
"","324","should return 404 for non-existent color deletion","bs-chrome-win11","2026-09-09","passed","2026-09-09","Backend API Integration > DELETE /api/colors/:name","","",""
"","35","Frontend Unit Tests App Component active chip has is-active CSS class","","2026-09-09","passed","2026-09-09","","Frontend Unit Tests","Frontend Unit Tests App Component active chip has is-active CSS class",""
"","46","Component Tests ConfirmDialog confirm button calls onConfirm","","2026-09-09","passed","2026-09-09","","Component Tests","Component Tests ConfirmDialog confirm button calls onConfirm",""
"","192","array body on POST returns 400","bs-iphone-15","2026-09-09","passed","2026-09-09","Security > Input Validation","","",""
"","2288","successful delete removes the chip","bs-iphone-15","2026-09-09","passed","2026-09-09","Color Management — Add & Delete","","",""
"","1735","should not have any automatically detectable accessibility issues","bs-pixel-7","2026-09-09","passed","2026-09-09","Accessibility Tests","","",""
"","11","Server Unit Tests Error Handling POST /api/colors returns 500 when database fails (create)","","2026-09-09","passed","2026-09-09","","Server Unit Tests","Server Unit Tests Error Handling POST /api/colors returns 500 when database fails (create)",""
"","8","Component Tests ColorPicker Enter key on name input triggers submit","","2026-09-09","passed","2026-09-09","","Utility Functions","Component Tests ColorPicker Enter key on name input triggers submit",""
"","1466","should display colors that do not exist in the database","bs-iphone-15","2026-09-09","passed","2026-09-09","Network Mocking & Interception","","",""
"","221","array body on POST returns 400","bs-pixel-7","2026-09-09","passed","2026-09-09","Security > Input Validation","","",""
"","938","first color chip is active on load (aria-pressed=true)","bs-firefox-win11","2026-09-09","passed","2026-09-09","Color Management — Add & Delete","","",""
"","927","should update a color with valid schema","bs-safari-ventura","2026-09-09","passed","2026-09-09","Backend API Integration > PUT /api/colors/:name Schema Validation","","",""
"","859","clicking the backdrop closes the picker","bs-chrome-win11","2026-09-09","passed","2026-09-09","Color Management — Add & Delete","","",""
"","8150","should maintain accessibility after state change (color update)","bs-safari-ventura","2026-09-09","passed","2026-09-09","Accessibility Tests","","",""
"","544","Show error message when the initial colors fetch fails","BDD","2026-09-09","passed","2026-09-09","API Error Handling","","",""
"","1341","verify Yellow ( #f1c40f ) is applied as the background color","bs-chrome-win11","2026-09-09","passed","2026-09-09","POM Refactored: Background color tests","","",""
"","180","POST with HTML tag in name is rejected (400)","bs-pixel-7","2026-09-09","passed","2026-09-09","Security > XSS Prevention","","",""
"","3","Server Unit Tests 405 Method Not Allowed returns 405 for PATCH on /api/colors/:name","","2026-09-09","passed","2026-09-09","","Server Unit Tests","Server Unit Tests 405 Method Not Allowed returns 405 for PATCH on /api/colors/:name",""
"","920","should update a color with valid schema","bs-chrome-win11","2026-09-09","passed","2026-09-09","Backend API Integration > PUT /api/colors/:name Schema Validation","","",""
"","1042","shows server-error message on 500 inside the picker","Chrome","2026-09-09","passed","2026-09-09","Color Management — Add & Delete","tests/color-management.spec.ts","",""
"","1372","cancel in confirm dialog closes it without deleting","bs-firefox-win11","2026-09-09","passed","2026-09-09","Color Management — Add & Delete","","",""
"","0","Utility Functions readableOn returns #111 for a pale/pastel colour (high luminance)","","2026-09-09","passed","2026-09-09","","Utility Functions","Utility Functions readableOn returns #111 for a pale/pastel colour (high luminance)",""
"","4","Server Unit Tests Surviving Mutants & Edge Cases Swagger Metadata & OpenAPI has exact server metadata","","2026-09-09","passed","2026-09-09","","Server Unit Tests","Server Unit Tests Surviving Mutants & Edge Cases Swagger Metadata & OpenAPI has exact server metadata",""
"","211","POST with javascript: URI in name is rejected (400)","bs-pixel-7","2026-09-09","passed","2026-09-09","Security > XSS Prevention","","",""
"","285","should return 404 for non-existent color deletion","bs-iphone-15","2026-09-09","passed","2026-09-09","Backend API Integration > DELETE /api/colors/:name","","",""
"","372","GET /api/colors/Yellow should return the correct hex code","bs-iphone-15","2026-09-09","passed","2026-09-09","Backend API Integration","","",""
"","2154","should create dynamic random color via API and verify through UI","bs-safari-ventura","2026-09-09","passed","2026-09-09","Random Data Testing with faker.js","","",""
"","33","Frontend Unit Tests App Component clicking Add color button opens picker modal","","2026-09-09","passed","2026-09-09","","Frontend Unit Tests","Frontend Unit Tests App Component clicking Add color button opens picker modal",""
"","923","close (×) button closes the picker","Chrome","2026-09-09","passed","2026-09-09","Color Management — Add & Delete","tests/color-management.spec.ts","",""
"","196","POST with script tag in name is rejected (400)","bs-firefox-win11","2026-09-09","passed","2026-09-09","Security > XSS Prevention","","",""
"","232","error responses return JSON, not HTML (no info leakage)","bs-chrome-win11","2026-09-09","passed","2026-09-09","Security > Security Headers","","",""
"","17","Component Tests ColorPicker Add color button shows ""Saving…"" when saving=true","","2026-09-09","passed","2026-09-09","","Utility Functions","Component Tests ColorPicker Add color button shows ""Saving…"" when saving=true",""
"","4342","close (×) button closes the picker","bs-safari-ventura","2026-09-09","passed","2026-09-09","Color Management — Add & Delete","","",""
"","667","should display colors that do not exist in the database","Chrome","2026-09-09","passed","2026-09-09","Network Mocking & Interception","tests/network-mocking.spec.ts","",""
"","313","GET /api/colors should return colors sorted alphabetically by name","bs-safari-ventura","2026-09-09","passed","2026-09-09","Backend API Integration","","",""
"","830","delete API error shows alert banner","Chrome","2026-09-09","passed","2026-09-09","Color Management — Add & Delete","tests/color-management.spec.ts","",""
"","339","GET /api/colors should return colors sorted alphabetically by name","bs-firefox-win11","2026-09-09","passed","2026-09-09","Backend API Integration","","",""
"","45","Frontend Unit Tests App Component add color 429 rate limit shows specific message","","2026-09-09","passed","2026-09-09","","Frontend Unit Tests","Frontend Unit Tests App Component add color 429 rate limit shows specific message",""
"","260","POST with HTML tag in name is rejected (400)","bs-safari-ventura","2026-09-09","passed","2026-09-09","Security > XSS Prevention","","",""
"","20","Server Integration Tests (Testcontainers) GET /api/colors/:name should return correct data for Yellow","","2026-09-09","passed","2026-09-09","","Server Integration Tests (Testcontainers)","Server Integration Tests (Testcontainers) GET /api/colors/:name should return correct data for Yellow",""
"","504","should show loading state when API returns empty colors","bs-pixel-7","2026-09-09","passed","2026-09-09","UI Error Handling Coverage","","",""
"","0","Utility Functions rgbToHsl mid-grey [128,128,128] → s=0","","2026-09-09","passed","2026-09-09","","Utility Functions","Utility Functions rgbToHsl mid-grey [128,128,128] → s=0",""
"","4","Server Unit Tests Surviving Mutants & Edge Cases Swagger JSDoc Integration kills apis array mutants by verifying JSDoc content is present","","2026-09-09","passed","2026-09-09","","Server Unit Tests","Server Unit Tests Surviving Mutants & Edge Cases Swagger JSDoc Integration kills apis array mutants by verifying JSDoc content is present",""
"","12","Server Unit Tests PUT /api/colors/:name updates the name of an existing color and preserves hex","","2026-09-09","passed","2026-09-09","","Server Unit Tests","Server Unit Tests PUT /api/colors/:name updates the name of an existing color and preserves hex",""
"","104","Frontend Unit Tests App Component handleColorClick does nothing when data has no hex","","2026-09-09","passed","2026-09-09","","Frontend Unit Tests","Frontend Unit Tests App Component handleColorClick does nothing when data has no hex",""
"","8","Component Tests ConfirmDialog swatch div has the correct background color","","2026-09-09","passed","2026-09-09","","Component Tests","Component Tests ConfirmDialog swatch div has the correct background color",""
"","1","Utility Functions paintWheelPixel wraps negative angle: dy<0 gives angle+360 (hue=270 → violet)","","2026-09-09","passed","2026-09-09","","Utility Functions","Utility Functions paintWheelPixel wraps negative angle: dy<0 gives angle+360 (hue=270 → violet)",""
"","200","POST with HTML tag in name is rejected (400)","bs-chrome-win11","2026-09-09","passed","2026-09-09","Security > XSS Prevention","","",""
"","28","Frontend Unit Tests App Component link color is dark (#003366) on light background","","2026-09-09","passed","2026-09-09","","Frontend Unit Tests","Frontend Unit Tests App Component link color is dark (#003366) on light background",""
"","0","Utility Functions hslToRgb saturation clamped: s=1.5 treated as s=1","","2026-09-09","passed","2026-09-09","","Utility Functions","Utility Functions hslToRgb saturation clamped: s=1.5 treated as s=1",""
"","52","Frontend Unit Tests App Component delete network error shows error alert","","2026-09-09","passed","2026-09-09","","Frontend Unit Tests","Frontend Unit Tests App Component delete network error shows error alert",""
"","908","verify language switcher changes document language","bs-firefox-win11","2026-09-09","passed","2026-09-09","","","",""
"","303","GET /api/colors/Red should return the correct hex code","bs-iphone-15","2026-09-09","passed","2026-09-09","Backend API Integration","","",""
"","681","chip-x click opens confirm dialog with color name","bs-chrome-win11","2026-09-09","passed","2026-09-09","Color Management — Add & Delete","","",""
"","30","Frontend Unit Tests App Component picker × button closes the modal","","2026-09-09","passed","2026-09-09","","Frontend Unit Tests","Frontend Unit Tests App Component picker × button closes the modal",""
"","1300","changing color to Turquoise should reflect in UI and DOM","bs-pixel-7","2026-09-09","passed","2026-09-09","Data-Driven Testing","","",""
"","206","unknown extra fields in POST body are rejected (400)","bs-chrome-win11","2026-09-09","passed","2026-09-09","Security > Input Validation","","",""
"","23","Server Integration Tests (Testcontainers) POST /api/colors should create a new color and persist it in the real database","","2026-09-09","passed","2026-09-09","","Server Integration Tests (Testcontainers)","Server Integration Tests (Testcontainers) POST /api/colors should create a new color and persist it in the real database",""
"","4271","should maintain accessibility in es language and verify resilient locators","bs-iphone-15","2026-09-09","passed","2026-09-09","i18n Accessibility Tests","","",""
"","316","GET /api/colors should return all colors","bs-iphone-15","2026-09-09","passed","2026-09-09","Backend API Integration","","",""
"","19","Server Integration Tests (Testcontainers) seedDatabase should clear custom colors when re-seeded","","2026-09-09","passed","2026-09-09","","Server Integration Tests (Testcontainers)","Server Integration Tests (Testcontainers) seedDatabase should clear custom colors when re-seeded",""
"","67","Frontend Unit Tests App Component confirm button shows ""Deleting…"" label while delete is in-flight","","2026-09-09","passed","2026-09-09","","Frontend Unit Tests","Frontend Unit Tests App Component confirm button shows ""Deleting…"" label while delete is in-flight",""
"","6","Server Unit Tests DELETE /api/colors/:name cannot delete the same color twice","","2026-09-09","passed","2026-09-09","","Server Unit Tests","Server Unit Tests DELETE /api/colors/:name cannot delete the same color twice",""
"","9","POST /api-docs returns 405","Chrome","2026-09-09","passed","2026-09-09","Security > HTTP Method Restrictions","tests/security.spec.ts","",""
"","1417","delete API error shows alert banner","bs-firefox-win11","2026-09-09","passed","2026-09-09","Color Management — Add & Delete","","",""
"","54","Frontend Unit Tests App Component saving is false again after a failed add (finally block)","","2026-09-09","passed","2026-09-09","","Frontend Unit Tests","Frontend Unit Tests App Component saving is false again after a failed add (finally block)",""
"","1052","first color chip is active on load (aria-pressed=true)","bs-iphone-15","2026-09-09","passed","2026-09-09","Color Management — Add & Delete","","",""
"","18","Component Tests ColorPicker mousemove without prior mousedown (not dragging) does not change color","","2026-09-09","passed","2026-09-09","","Utility Functions","Component Tests ColorPicker mousemove without prior mousedown (not dragging) does not change color",""
"","1312","verify Turquoise ( #1abc9c ) is applied as the background color","bs-pixel-7","2026-09-09","passed","2026-09-09","POM Refactored: Background color tests","","",""
"","33","Frontend Unit Tests App Component picker cancel button closes the modal","","2026-09-09","passed","2026-09-09","","Frontend Unit Tests","Frontend Unit Tests App Component picker cancel button closes the modal",""
"","1553","color names rendered in the UI do not trigger script execution","Chrome","2026-09-09","passed","2026-09-09","Security > XSS Prevention","tests/security.spec.ts","",""
"","43","Server Unit Tests GET /api/colors returns all seeded colors with correct names and hex values","","2026-09-09","passed","2026-09-09","","Server Unit Tests","Server Unit Tests GET /api/colors returns all seeded colors with correct names and hex values",""
"","222","PATCH /api/colors returns 405","bs-iphone-15","2026-09-09","passed","2026-09-09","Security > HTTP Method Restrictions","","",""
"","1780","clicking a chip makes it active","bs-iphone-15","2026-09-09","passed","2026-09-09","Color Management — Add & Delete","","",""
"","1179","should gracefully handle a color not found in the database","bs-iphone-15","2026-09-09","passed","2026-09-09","Network Mocking & Interception","","",""
"","393","homepage should match snapshot","percy","2026-09-09","skipped","2026-09-09","Visual Regression – desktop (1280×720)","","",""
"","44","Frontend Unit Tests App Component renders title, logo, and calls initial fetch","","2026-09-09","passed","2026-09-09","","Frontend Unit Tests","Frontend Unit Tests App Component renders title, logo, and calls initial fetch",""
"","11","Server Integration Tests (Testcontainers) GET /api/colors/:name should return correct data for Red","","2026-09-09","passed","2026-09-09","","Server Integration Tests (Testcontainers)","Server Integration Tests (Testcontainers) GET /api/colors/:name should return correct data for Red",""
"","13","Server Integration Tests (Testcontainers) POST /api/colors should return 409 when creating a duplicate color name","","2026-09-09","passed","2026-09-09","","Server Integration Tests (Testcontainers)","Server Integration Tests (Testcontainers) POST /api/colors should return 409 when creating a duplicate color name",""
"","11","Component Tests ColorPicker typing blue hex updates internal state (b is max branch)","","2026-09-09","passed","2026-09-09","","Utility Functions","Component Tests ColorPicker typing blue hex updates internal state (b is max branch)",""
"","206","PUT /openapi.json returns 405","bs-iphone-15","2026-09-09","passed","2026-09-09","Security > HTTP Method Restrictions","","",""
"","11","Server Integration Tests (Testcontainers) GET /api/colors should return colors sorted alphabetically by name","","2026-09-09","passed","2026-09-09","","Server Integration Tests (Testcontainers)","Server Integration Tests (Testcontainers) GET /api/colors should return colors sorted alphabetically by name",""
"","3371","homepage after color change","percy","2026-09-09","passed","2026-09-09","Percy Visual Regression – Production > Percy – desktop-xl (1920×1080)","","",""
"","208","PATCH /api/colors/:name returns 405","bs-chrome-win11","2026-09-09","passed","2026-09-09","Security > HTTP Method Restrictions","","",""
"","20","Component Tests ColorPicker touchend stops dragging (touchmove after touchend is ignored)","","2026-09-09","passed","2026-09-09","","Utility Functions","Component Tests ColorPicker touchend stops dragging (touchmove after touchend is ignored)",""
"","202","POST with HTML tag in name is rejected (400)","bs-firefox-win11","2026-09-09","passed","2026-09-09","Security > XSS Prevention","","",""
"","1149","handle initial fetch with empty data","bs-firefox-win11","2026-09-09","passed","2026-09-09","Edge cases and error handling","","",""
"","4193","should maintain accessibility in en language and verify resilient locators","bs-safari-ventura","2026-09-09","passed","2026-09-09","i18n Accessibility Tests","","",""
"","0","Utility Functions hslToRgb hue=150 (spring green) → [0,255,128]","","2026-09-09","passed","2026-09-09","","Utility Functions","Utility Functions hslToRgb hue=150 (spring green) → [0,255,128]",""
"","1663","handle color selection fetch error","bs-iphone-15","2026-09-09","passed","2026-09-09","Edge cases and error handling","","",""
"","10","Server Unit Tests POST /api/reseed returns 200 and reseeds the database with a valid token","","2026-09-09","passed","2026-09-09","","Server Unit Tests","Server Unit Tests POST /api/reseed returns 200 and reseeds the database with a valid token",""
"","1553","should handle color click network failure gracefully","bs-safari-ventura","2026-09-09","passed","2026-09-09","UI Error Handling Coverage","","",""
"","326","GET /api/colors should return colors sorted alphabetically by name","bs-chrome-win11","2026-09-09","passed","2026-09-09","Backend API Integration","","",""
"","26","Component Tests ColorPicker hex input updates hue/sat via rgbToHsl (green → hue≈120)","","2026-09-09","passed","2026-09-09","","Utility Functions","Component Tests ColorPicker hex input updates hue/sat via rgbToHsl (green → hue≈120)",""
"","1","Utility Functions readableOn returns #111 for turquoise (L≈0.39, black gives better contrast)","","2026-09-09","passed","2026-09-09","","Utility Functions","Utility Functions readableOn returns #111 for turquoise (L≈0.39, black gives better contrast)",""
"","4","Server Unit Tests Error Handling PUT /api/colors/:name returns 409 when database throws duplicate key error (code 11000) on save","","2026-09-09","passed","2026-09-09","","Server Unit Tests","Server Unit Tests Error Handling PUT /api/colors/:name returns 409 when database throws duplicate key error (code 11000) on save",""
"","203","SQL injection characters in name are rejected (400)","bs-safari-ventura","2026-09-09","passed","2026-09-09","Security > Injection Prevention","","",""
"","10","Frontend Unit Tests App Component shows error alert when initial fetch returns non-2xx","","2026-09-09","passed","2026-09-09","","Frontend Unit Tests","Frontend Unit Tests App Component shows error alert when initial fetch returns non-2xx",""
"","907","should update a color with valid schema","bs-pixel-7","2026-09-09","passed","2026-09-09","Backend API Integration > PUT /api/colors/:name Schema Validation","","",""
"","239","should reject omitting both name and hex on update","bs-safari-ventura","2026-09-09","passed","2026-09-09","Backend API Integration > PUT /api/colors/:name Schema Validation","","",""
"","332","GET /api/colors should return all colors","bs-chrome-win11","2026-09-09","passed","2026-09-09","Backend API Integration","","",""
"","222","SQL injection characters in name are rejected (400)","bs-firefox-win11","2026-09-09","passed","2026-09-09","Security > Injection Prevention","","",""
"","1183","handle initial fetch with empty data","bs-iphone-15","2026-09-09","passed","2026-09-09","Edge cases and error handling","","",""
"","1889","should maintain accessibility in es language and verify resilient locators","bs-pixel-7","2026-09-09","passed","2026-09-09","i18n Accessibility Tests","","",""
"","1849","should maintain accessibility in el language and verify resilient locators","bs-chrome-win11","2026-09-09","passed","2026-09-09","i18n Accessibility Tests","","",""
"","0","Utility Functions hexToRgb returns null for invalid input","","2026-09-09","passed","2026-09-09","","Utility Functions","Utility Functions hexToRgb returns null for invalid input",""
"","1294","shows server-error message on 500 inside the picker","bs-firefox-win11","2026-09-09","passed","2026-09-09","Color Management — Add & Delete","","",""
"","0","Utility Functions hslToRgb hue=60 (yellow) → [255,255,0]","","2026-09-09","passed","2026-09-09","","Utility Functions","Utility Functions hslToRgb hue=60 (yellow) → [255,255,0]",""
"","6","Server Unit Tests 405 Method Not Allowed returns 405 for POST, PUT, DELETE on /openapi.json","","2026-09-09","passed","2026-09-09","","Server Unit Tests","Server Unit Tests 405 Method Not Allowed returns 405 for POST, PUT, DELETE on /openapi.json",""
"","816","should display all core elements and handle button interaction","percy","2026-09-09","skipped","2026-09-09","Responsive Design – tablet (768×1024)","","",""
"","1631","should load the application and verify core functionality across browsers","Firefox","2026-09-09","passed","2026-09-09","Cross-Browser Core Functionality","","",""
"","474","oversized payload is rejected (413)","bs-pixel-7","2026-09-09","passed","2026-09-09","Security > Input Validation","","",""
"Performance Test: API Performance Test
File: api-performance.spec.ts
Total Iterations: 48
Max VUs: 1

HTTP Request Duration:
- Avg: 191.38ms
- P(95): 258.23ms
- Max: 305.78ms

Full metrics attached in the results.","769535","API Performance Test","Performance","2026-09-09","passed","2026-09-09","api-performance.spec.ts","API Performance Test","",""
"","224","DELETE /api/colors (collection) returns 405","bs-pixel-7","2026-09-09","passed","2026-09-09","Security > HTTP Method Restrictions","","",""
"","327","GET /api/colors should return all colors","bs-pixel-7","2026-09-09","passed","2026-09-09","Backend API Integration","","",""
"","1004","homepage should match snapshot","Chrome","2026-09-09","passed","2026-09-09","Visual Regression – desktop (1280×720)","","",""
"","697","Example #3","BDD","2026-09-09","passed","2026-09-09","Home Page Background Color > Change background color","","",""
"","202","should reject invalid hex format on update","bs-iphone-15","2026-09-09","passed","2026-09-09","Backend API Integration > PUT /api/colors/:name Schema Validation","","",""
"","3298","successfully adds a new color and shows its chip","bs-iphone-15","2026-09-09","passed","2026-09-09","Color Management — Add & Delete","","",""
"","57","Frontend Unit Tests App Component handleColorClick clears previous error on new successful click","","2026-09-09","passed","2026-09-09","","Frontend Unit Tests","Frontend Unit Tests App Component handleColorClick clears previous error on new successful click",""
"","9","Component Tests ColorPicker Escape listener is removed after unmount","","2026-09-09","passed","2026-09-09","","Utility Functions","Component Tests ColorPicker Escape listener is removed after unmount",""
"","39","Frontend Unit Tests App Component existingNames passed to ColorPicker matches current color list","","2026-09-09","passed","2026-09-09","","Frontend Unit Tests","Frontend Unit Tests App Component existingNames passed to ColorPicker matches current color list",""
"","9","NoSQL operator in GET path param is rejected (400 or 404)","Chrome","2026-09-09","passed","2026-09-09","Security > Injection Prevention","tests/security.spec.ts","",""
"","201","array body on POST returns 400","bs-chrome-win11","2026-09-09","passed","2026-09-09","Security > Input Validation","","",""
"","11","Server Integration Tests (Testcontainers) Concurrent writes should handle parallel GETs without errors","","2026-09-09","passed","2026-09-09","","Server Integration Tests (Testcontainers)","Server Integration Tests (Testcontainers) Concurrent writes should handle parallel GETs without errors",""
"","86","Frontend Unit Tests App Component deleting is false again after a failed delete (finally block)","","2026-09-09","passed","2026-09-09","","Frontend Unit Tests","Frontend Unit Tests App Component deleting is false again after a failed delete (finally block)",""
"","8","Component Tests ColorPicker clicking the backdrop calls onCancel","","2026-09-09","passed","2026-09-09","","Utility Functions","Component Tests ColorPicker clicking the backdrop calls onCancel",""
"","13","NoSQL $where operator in name is rejected (400)","Chrome","2026-09-09","passed","2026-09-09","Security > Injection Prevention","tests/security.spec.ts","",""
"","229","malformed JSON body returns 400","bs-pixel-7","2026-09-09","passed","2026-09-09","Security > Input Validation","","",""
"","16","oversized payload is rejected (413)","Chrome","2026-09-09","passed","2026-09-09","Security > Input Validation","tests/security.spec.ts","",""
"","0","Utility Functions hslToRgb hue=300 (magenta) → [255,0,255]","","2026-09-09","passed","2026-09-09","","Utility Functions","Utility Functions hslToRgb hue=300 (magenta) → [255,0,255]",""
"","243","array body on POST returns 400","bs-safari-ventura","2026-09-09","passed","2026-09-09","Security > Input Validation","","",""
"","313","X-Powered-By header is not exposed","bs-pixel-7","2026-09-09","passed","2026-09-09","Security > Security Headers","","",""
"","233","PUT /openapi.json returns 405","bs-firefox-win11","2026-09-09","passed","2026-09-09","Security > HTTP Method Restrictions","","",""
"","463","Example #2","BDD","2026-09-09","passed","2026-09-09","Language Switching > Switch language and verify translated UI labels","","",""
"","1518","verify Red ( #e74c3c ) is applied as the background color","bs-iphone-15","2026-09-09","passed","2026-09-09","Background color tests","","",""
"","0","Utility Functions hslToRgb lightness clamped: l=1.5 gives white","","2026-09-09","passed","2026-09-09","","Utility Functions","Utility Functions hslToRgb lightness clamped: l=1.5 gives white",""
"","234","should reject missing name","bs-safari-ventura","2026-09-09","passed","2026-09-09","Backend API Integration > POST /api/colors Schema Validation","","",""
"","302","GET /api/colors/:name should return 404 for non-existent color","bs-safari-ventura","2026-09-09","passed","2026-09-09","Backend API Integration","","",""
"","701","Escape key closes the confirm dialog","bs-pixel-7","2026-09-09","passed","2026-09-09","Color Management — Add & Delete","","",""
"","1","Utility Functions hslToRgb high lightness l=0.75 → [255,128,128]","","2026-09-09","passed","2026-09-09","","Utility Functions","Utility Functions hslToRgb high lightness l=0.75 → [255,128,128]",""
"","1329","verify Red ( #e74c3c ) is applied as the background color","bs-chrome-win11","2026-09-09","passed","2026-09-09","POM Refactored: Background color tests","","",""
"","404","oversized payload is rejected (413)","bs-firefox-win11","2026-09-09","passed","2026-09-09","Security > Input Validation","","",""
"","214","should reject missing name","bs-chrome-win11","2026-09-09","passed","2026-09-09","Backend API Integration > POST /api/colors Schema Validation","","",""
"","7","Server Unit Tests GET /api/colors/:name returns a single color by name with correct fields","","2026-09-09","passed","2026-09-09","","Server Unit Tests","Server Unit Tests GET /api/colors/:name returns a single color by name with correct fields",""
"","3","Server Unit Tests Middleware handles non-JSON content type gracefully on POST","","2026-09-09","passed","2026-09-09","","Server Unit Tests","Server Unit Tests Middleware handles non-JSON content type gracefully on POST",""
"","887","verify Yellow ( #f1c40f ) is applied as the background color","Chrome","2026-09-09","passed","2026-09-09","Background color tests","tests/coverage.spec.ts","",""
"","3","Server Unit Tests POST /api/reseed returns 405 for GET on /api/reseed","","2026-09-09","passed","2026-09-09","","Server Unit Tests","Server Unit Tests POST /api/reseed returns 405 for GET on /api/reseed",""
"","10","Component Tests ColorPicker displays serverError prop in an alert banner","","2026-09-09","passed","2026-09-09","","Utility Functions","Component Tests ColorPicker displays serverError prop in an alert banner",""
"","1625","chip-x click opens confirm dialog with color name","bs-iphone-15","2026-09-09","passed","2026-09-09","Color Management — Add & Delete","","",""
"","457","homepage should match snapshot","percy","2026-09-09","skipped","2026-09-09","Visual Regression – tablet (768×1024)","","",""
"","501","POST /api/reseed","","","passed","","","schemathesis","",""
"","5","Server Integration Tests (Testcontainers) PUT /api/colors/:name should return 400 for invalid name in URL path","","2026-09-09","passed","2026-09-09","","Server Integration Tests (Testcontainers)","Server Integration Tests (Testcontainers) PUT /api/colors/:name should return 400 for invalid name in URL path",""
"","2","Utility Functions hslToRgb hue=0 (red) → [255,0,0]","","2026-09-09","passed","2026-09-09","","Utility Functions","Utility Functions hslToRgb hue=0 (red) → [255,0,0]",""
"","3030","shows client-side validation error for invalid name chars","bs-iphone-15","2026-09-09","passed","2026-09-09","Color Management — Add & Delete","","",""
"","221","DELETE /api/colors (collection) returns 405","bs-firefox-win11","2026-09-09","passed","2026-09-09","Security > HTTP Method Restrictions","","",""
"","226","empty body on POST returns 400","bs-pixel-7","2026-09-09","passed","2026-09-09","Security > Input Validation","","",""
"","304","X-Powered-By header is not exposed","bs-chrome-win11","2026-09-09","passed","2026-09-09","Security > Security Headers","","",""
"","37","Component Tests ColorPicker cancel button calls onCancel","","2026-09-09","passed","2026-09-09","","Utility Functions","Component Tests ColorPicker cancel button calls onCancel",""
"","0","Utility Functions hslToRgb hue=210 (azure) → [0,128,255]","","2026-09-09","passed","2026-09-09","","Utility Functions","Utility Functions hslToRgb hue=210 (azure) → [0,128,255]",""
"","767","should handle missing image gracefully by showing alt text","bs-iphone-15","2026-09-09","passed","2026-09-09","Network Mocking & Interception","","",""
"","0","Utility Functions paintWheelPixel anti-aliases near-edge pixel: dist=r-0.5 gives alpha=127","","2026-09-09","passed","2026-09-09","","Utility Functions","Utility Functions paintWheelPixel anti-aliases near-edge pixel: dist=r-0.5 gives alpha=127",""
"","305","GET /api/colors/Yellow should return the correct hex code","bs-pixel-7","2026-09-09","passed","2026-09-09","Backend API Integration","","",""
"","724","verify Turquoise ( #1abc9c ) is applied as the background color","Chrome","2026-09-09","passed","2026-09-09","POM Refactored: Background color tests","tests/pom-refactored.spec.ts","",""
"","1010","should handle fetch colors network failure gracefully","bs-iphone-15","2026-09-09","passed","2026-09-09","UI Error Handling Coverage","","",""
"","55","Frontend Unit Tests App Component delete API error shows error alert without closing dialog","","2026-09-09","passed","2026-09-09","","Frontend Unit Tests","Frontend Unit Tests App Component delete API error shows error alert without closing dialog",""
"","1584","changing color to Red should reflect in UI and DOM","bs-safari-ventura","2026-09-09","passed","2026-09-09","Data-Driven Testing","","",""
"","210","POST /api-docs returns 405","bs-pixel-7","2026-09-09","passed","2026-09-09","Security > HTTP Method Restrictions","","",""
"","1243","clicking the backdrop closes the picker","bs-firefox-win11","2026-09-09","passed","2026-09-09","Color Management — Add & Delete","","",""
"","33","Component Tests ConfirmDialog both buttons are disabled when busy=true","","2026-09-09","passed","2026-09-09","","Component Tests","Component Tests ConfirmDialog both buttons are disabled when busy=true",""
"","1203","should gracefully handle a color not found in the database","bs-safari-ventura","2026-09-09","passed","2026-09-09","Network Mocking & Interception","","",""
"","7","Server Unit Tests seedDatabase clears existing colors and re-seeds with 3 defaults","","2026-09-09","passed","2026-09-09","","Server Unit Tests","Server Unit Tests seedDatabase clears existing colors and re-seeds with 3 defaults",""
"","1948","should create color via API and verify through UI","bs-chrome-win11","2026-09-09","passed","2026-09-09","Hybrid E2E Testing","","",""
"","26","should return 409 for duplicate color creation","Chrome","2026-09-09","passed","2026-09-09","Backend API Integration > POST /api/colors Schema Validation","tests/api.spec.ts","",""
"","8","Server Integration Tests (Testcontainers) PUT /api/colors/:name should return 400 when update body is empty","","2026-09-09","passed","2026-09-09","","Server Integration Tests (Testcontainers)","Server Integration Tests (Testcontainers) PUT /api/colors/:name should return 400 when update body is empty",""
"","1032","changing color to Red should reflect in UI and DOM","bs-chrome-win11","2026-09-09","passed","2026-09-09","Data-Driven Testing","","",""
"","37","Frontend Unit Tests App Component confirm dialog Escape key closes it","","2026-09-09","passed","2026-09-09","","Frontend Unit Tests","Frontend Unit Tests App Component confirm dialog Escape key closes it",""
"","1575","should load the application and verify core functionality across browsers","bs-iphone-15","2026-09-09","passed","2026-09-09","Cross-Browser Core Functionality","","",""
"","3","Server Unit Tests Surviving Mutants & Edge Cases OpenAPI Content-Type has application/json content-type","","2026-09-09","passed","2026-09-09","","Server Unit Tests","Server Unit Tests Surviving Mutants & Edge Cases OpenAPI Content-Type has application/json content-type",""
"","4198","mobile color picker workflow","percy","2026-09-09","passed","2026-09-09","Percy Visual Regression – Production > Percy – Mobile Interactions","","",""
"","5","Server Unit Tests POST /api/colors returns 400 for name with special characters","","2026-09-09","passed","2026-09-09","","Server Unit Tests","Server Unit Tests POST /api/colors returns 400 for name with special characters",""
"","1245","handle initial fetch with empty data","bs-safari-ventura","2026-09-09","passed","2026-09-09","Edge cases and error handling","","",""
"","232","NoSQL $where operator in name is rejected (400)","bs-safari-ventura","2026-09-09","passed","2026-09-09","Security > Injection Prevention","","",""
"","7","Component Tests ColorPicker backdrop dismiss button is aria-hidden and not in tab order","","2026-09-09","passed","2026-09-09","","Utility Functions","Component Tests ColorPicker backdrop dismiss button is aria-hidden and not in tab order",""
"","478","should handle color click network failure gracefully","Chrome","2026-09-09","passed","2026-09-09","UI Error Handling Coverage","tests/error-handling.spec.ts","",""
"","4","Server Unit Tests POST /api/colors returns 400 for name with only spaces","","2026-09-09","passed","2026-09-09","","Server Unit Tests","Server Unit Tests POST /api/colors returns 400 for name with only spaces",""
"","1","homepage after color change","Chrome","2026-09-09","skipped","2026-09-09","Percy Visual Regression – Production > Percy – desktop-xl (1920×1080)","","",""
"","223","NoSQL injection object in name is rejected (400)","bs-iphone-15","2026-09-09","passed","2026-09-09","Security > Injection Prevention","","",""
"","4086","Cancel button closes the picker","bs-safari-ventura","2026-09-09","passed","2026-09-09","Color Management — Add & Delete","","",""
"","2009","clicking ""+ Add color"" opens the picker modal","bs-safari-ventura","2026-09-09","passed","2026-09-09","Color Management — Add & Delete","","",""
"","204","should reject omitting both name and hex on update","bs-pixel-7","2026-09-09","passed","2026-09-09","Backend API Integration > PUT /api/colors/:name Schema Validation","","",""
"","3188","shows client-side ""Name is required"" when submitting empty name","bs-safari-ventura","2026-09-09","passed","2026-09-09","Color Management — Add & Delete","","",""
"","950","clicking the backdrop closes the picker","bs-pixel-7","2026-09-09","passed","2026-09-09","Color Management — Add & Delete","","",""
"","4","Utility Functions rgbToHsl pure red → h=0, s=1, l=0.5","","2026-09-09","passed","2026-09-09","","Utility Functions","Utility Functions rgbToHsl pure red → h=0, s=1, l=0.5",""
"","1345","changing color to Turquoise should reflect in UI and DOM","bs-chrome-win11","2026-09-09","passed","2026-09-09","Data-Driven Testing","","",""
"","1776","successfully adds a new color and shows its chip","bs-firefox-win11","2026-09-09","passed","2026-09-09","Color Management — Add & Delete","","",""
"","196","NoSQL injection object in name is rejected (400)","bs-chrome-win11","2026-09-09","passed","2026-09-09","Security > Injection Prevention","","",""
"","1340","changing color to Yellow should reflect in UI and DOM","bs-chrome-win11","2026-09-09","passed","2026-09-09","Data-Driven Testing","","",""
"","681","shows a chip for each color with a swatch, name, and delete button","Chrome","2026-09-09","passed","2026-09-09","Color Management — Add & Delete","tests/color-management.spec.ts","",""
"","783","shows client-side ""Name is required"" when submitting empty name","Chrome","2026-09-09","passed","2026-09-09","Color Management — Add & Delete","tests/color-management.spec.ts","",""
"","0","homepage after color change","Chrome","2026-09-09","skipped","2026-09-09","Percy Visual Regression – Production > Percy – mobile (375×667)","","",""
"","22","Component Tests ColorPicker touchmove while dragging updates hex","","2026-09-09","passed","2026-09-09","","Utility Functions","Component Tests ColorPicker touchmove while dragging updates hex",""
"","1","Utility Functions rgbToHsl pure blue → h=240, s=1, l=0.5","","2026-09-09","passed","2026-09-09","","Utility Functions","Utility Functions rgbToHsl pure blue → h=240, s=1, l=0.5",""
"","1060","clicking a chip makes it active","bs-chrome-win11","2026-09-09","passed","2026-09-09","Color Management — Add & Delete","","",""
"","2034","should maintain accessibility in en language and verify resilient locators","bs-chrome-win11","2026-09-09","passed","2026-09-09","i18n Accessibility Tests","","",""
"","347","GET /api/colors/Red should return the correct hex code","bs-pixel-7","2026-09-09","passed","2026-09-09","Backend API Integration","","",""
"","4","Server Unit Tests Surviving Mutants & Edge Cases Logs seedDatabase logs success message","","2026-09-09","passed","2026-09-09","","Server Unit Tests","Server Unit Tests Surviving Mutants & Edge Cases Logs seedDatabase logs success message",""
"","1","homepage initial state","Chrome","2026-09-09","skipped","2026-09-09","Percy Visual Regression – Production > Percy – tablet (768×1024)","","",""
"","3","Server Unit Tests 405 Method Not Allowed returns 405 for PATCH on /api/colors","","2026-09-09","passed","2026-09-09","","Server Unit Tests","Server Unit Tests 405 Method Not Allowed returns 405 for PATCH on /api/colors",""
"","1047","close (×) button closes the picker","bs-chrome-win11","2026-09-09","passed","2026-09-09","Color Management — Add & Delete","","",""
"","696","changing color to Red should reflect in UI and DOM","Chrome","2026-09-09","passed","2026-09-09","Data-Driven Testing","tests/data-driven.spec.ts","",""
"","1","Utility Functions hslToRgb lightness=1 gives white","","2026-09-09","passed","2026-09-09","","Utility Functions","Utility Functions hslToRgb lightness=1 gives white",""
"","4","Server Unit Tests Middleware returns 400 for malformed JSON body","","2026-09-09","passed","2026-09-09","","Server Unit Tests","Server Unit Tests Middleware returns 400 for malformed JSON body",""
"","209","POST with script tag in name is rejected (400)","bs-iphone-15","2026-09-09","passed","2026-09-09","Security > XSS Prevention","","",""
"","12","should reject empty name","Chrome","2026-09-09","passed","2026-09-09","Backend API Integration > POST /api/colors Schema Validation","tests/api.spec.ts","",""
"","64","Frontend Unit Tests App Component successful delete removes the color chip","","2026-09-09","passed","2026-09-09","","Frontend Unit Tests","Frontend Unit Tests App Component successful delete removes the color chip",""
"","10","Server Integration Tests (Testcontainers) DELETE /api/colors/:name should return 404 on a second delete of the same color","","2026-09-09","passed","2026-09-09","","Server Integration Tests (Testcontainers)","Server Integration Tests (Testcontainers) DELETE /api/colors/:name should return 404 on a second delete of the same color",""
"","897","handle color selection fetch error","bs-chrome-win11","2026-09-09","passed","2026-09-09","Edge cases and error handling","","",""
"","6183","should not have any automatically detectable accessibility issues","bs-chrome-win11","2026-09-09","passed","2026-09-09","Accessibility Tests","","",""
"","1828","color names rendered in the UI do not trigger script execution","bs-firefox-win11","2026-09-09","passed","2026-09-09","Security > XSS Prevention","","",""
"","1434","color names rendered in the UI do not trigger script execution","bs-pixel-7","2026-09-09","passed","2026-09-09","Security > XSS Prevention","","",""
"","5","Server Unit Tests Surviving Mutants & Edge Cases Rate Limiting & Security kills mutants by verifying x-powered-by is removed","","2026-09-09","passed","2026-09-09","","Server Unit Tests","Server Unit Tests Surviving Mutants & Edge Cases Rate Limiting & Security kills mutants by verifying x-powered-by is removed",""
"","391","oversized payload is rejected (413)","bs-chrome-win11","2026-09-09","passed","2026-09-09","Security > Input Validation","","",""
"","5","Server Unit Tests PUT /api/colors/:name does not change name when updating only hex","","2026-09-09","passed","2026-09-09","","Server Unit Tests","Server Unit Tests PUT /api/colors/:name does not change name when updating only hex",""
"","6","Server Integration Tests (Testcontainers) POST /api/reseed should return 405 for GET on /api/reseed","","2026-09-09","passed","2026-09-09","","Server Integration Tests (Testcontainers)","Server Integration Tests (Testcontainers) POST /api/reseed should return 405 for GET on /api/reseed",""
"","32","GET /api/colors/Red should return the correct hex code","Chrome","2026-09-09","passed","2026-09-09","Backend API Integration","tests/api.spec.ts","",""
"","1418","shows 409 duplicate error from server inside the picker","bs-firefox-win11","2026-09-09","passed","2026-09-09","Color Management — Add & Delete","","",""
"","9","Server Integration Tests (Testcontainers) POST /api/colors should accept a color name containing spaces","","2026-09-09","passed","2026-09-09","","Server Integration Tests (Testcontainers)","Server Integration Tests (Testcontainers) POST /api/colors should accept a color name containing spaces",""
"","1","Utility Functions rgbToHsl pure green → h=120, s=1, l=0.5","","2026-09-09","passed","2026-09-09","","Utility Functions","Utility Functions rgbToHsl pure green → h=120, s=1, l=0.5",""
"","309","should return 404 for non-existent color deletion","bs-firefox-win11","2026-09-09","passed","2026-09-09","Backend API Integration > DELETE /api/colors/:name","","",""
"","8","Server Unit Tests 405 Method Not Allowed returns 405 for POST, PUT, DELETE on /api-docs","","2026-09-09","passed","2026-09-09","","Server Unit Tests","Server Unit Tests 405 Method Not Allowed returns 405 for POST, PUT, DELETE on /api-docs",""
"","42","Frontend Unit Tests App Component learn react link has correct text","","2026-09-09","passed","2026-09-09","","Frontend Unit Tests","Frontend Unit Tests App Component learn react link has correct text",""
"","0","Utility Functions hslToRgb hue=240 (blue) → [0,0,255]","","2026-09-09","passed","2026-09-09","","Utility Functions","Utility Functions hslToRgb hue=240 (blue) → [0,0,255]",""
"","42","Frontend Unit Tests App Component add color network error shows network error message","","2026-09-09","passed","2026-09-09","","Frontend Unit Tests","Frontend Unit Tests App Component add color network error shows network error message",""
"","712","should display all core elements and handle button interaction","Chrome","2026-09-09","passed","2026-09-09","Responsive Design – iPhone landscape (667×375)","","",""
"","2840","should maintain accessibility in en language and verify resilient locators","Chrome","2026-09-09","passed","2026-09-09","i18n Accessibility Tests","tests/a11y.spec.ts","",""
"","3265","should maintain accessibility in el language and verify resilient locators","bs-iphone-15","2026-09-09","passed","2026-09-09","i18n Accessibility Tests","","",""
"","1057","should handle color click network failure gracefully","bs-firefox-win11","2026-09-09","passed","2026-09-09","UI Error Handling Coverage","","",""
"","11","Server Unit Tests Surviving Mutants & Edge Cases Strict Path & Method Validation kills mutants that change route paths to empty string","","2026-09-09","passed","2026-09-09","","Server Unit Tests","Server Unit Tests Surviving Mutants & Edge Cases Strict Path & Method Validation kills mutants that change route paths to empty string",""
"","636","should gracefully handle a color not found in the database","bs-pixel-7","2026-09-09","passed","2026-09-09","Network Mocking & Interception","","",""
"","7","Server Integration Tests (Testcontainers) GET /api/colors/:name should return 400 for invalid name format","","2026-09-09","passed","2026-09-09","","Server Integration Tests (Testcontainers)","Server Integration Tests (Testcontainers) GET /api/colors/:name should return 400 for invalid name format",""
"","8304","should meet the accessibility threshold using Google Lighthouse","Chrome","2026-09-09","passed","2026-09-09","Accessibility Tests","tests/a11y.spec.ts","",""
"","27","Component Tests ColorPicker submit with empty name shows ""Name is required"" error","","2026-09-09","passed","2026-09-09","","Utility Functions","Component Tests ColorPicker submit with empty name shows ""Name is required"" error",""
"","1122","handle initial fetch error","bs-firefox-win11","2026-09-09","passed","2026-09-09","Edge cases and error handling","","",""
"","1999","should maintain accessibility in es language and verify resilient locators","Chrome","2026-09-09","passed","2026-09-09","i18n Accessibility Tests","tests/a11y.spec.ts","",""
"","199","NoSQL injection object in name is rejected (400)","bs-firefox-win11","2026-09-09","passed","2026-09-09","Security > Injection Prevention","","",""
"","43","Frontend Unit Tests App Component add color 500 shows server error message","","2026-09-09","passed","2026-09-09","","Frontend Unit Tests","Frontend Unit Tests App Component add color 500 shows server error message",""
"","642","should gracefully handle a color not found in the database","bs-chrome-win11","2026-09-09","passed","2026-09-09","Network Mocking & Interception","","",""
"","1230","verify Red ( #e74c3c ) is applied as the background color","bs-firefox-win11","2026-09-09","passed","2026-09-09","POM Refactored: Background color tests","","",""
"","27","Server Unit Tests Surviving Mutants & Edge Cases Strict Path & Method Validation kills allowedMethods mutants by exhaustive testing","","2026-09-09","passed","2026-09-09","","Server Unit Tests","Server Unit Tests Surviving Mutants & Edge Cases Strict Path & Method Validation kills allowedMethods mutants by exhaustive testing",""
"","2060","should create dynamic random color via API and verify through UI","bs-firefox-win11","2026-09-09","passed","2026-09-09","Random Data Testing with faker.js","","",""
"","1457","color names rendered in the UI do not trigger script execution","bs-chrome-win11","2026-09-09","passed","2026-09-09","Security > XSS Prevention","","",""
"","918","should update a color with valid schema","bs-iphone-15","2026-09-09","passed","2026-09-09","Backend API Integration > PUT /api/colors/:name Schema Validation","","",""
"","22","Frontend Unit Tests App Component shows add-color button even when colors are empty","","2026-09-09","passed","2026-09-09","","Frontend Unit Tests","Frontend Unit Tests App Component shows add-color button even when colors are empty",""
"","838","should return 409 for duplicate color creation","bs-iphone-15","2026-09-09","passed","2026-09-09","Backend API Integration > POST /api/colors Schema Validation","","",""
"","1426","chip-x click opens confirm dialog with color name","bs-firefox-win11","2026-09-09","passed","2026-09-09","Color Management — Add & Delete","","",""
"","213","should reject missing name","bs-firefox-win11","2026-09-09","passed","2026-09-09","Backend API Integration > POST /api/colors Schema Validation","","",""
"","188","should reject omitting both name and hex on update","bs-iphone-15","2026-09-09","passed","2026-09-09","Backend API Integration > PUT /api/colors/:name Schema Validation","","",""
"","8","PATCH /api/colors returns 405","Chrome","2026-09-09","passed","2026-09-09","Security > HTTP Method Restrictions","tests/security.spec.ts","",""
"","873","should display colors that do not exist in the database","bs-chrome-win11","2026-09-09","passed","2026-09-09","Network Mocking & Interception","","",""
"","4","Server Unit Tests POST /api/colors returns 400 for completely empty body","","2026-09-09","passed","2026-09-09","","Server Unit Tests","Server Unit Tests POST /api/colors returns 400 for completely empty body",""
"","5","Server Unit Tests POST /api/colors returns 409 for a duplicate color name with descriptive error","","2026-09-09","passed","2026-09-09","","Server Unit Tests","Server Unit Tests POST /api/colors returns 409 for a duplicate color name with descriptive error",""
"","1784","verify Turquoise ( #1abc9c ) is applied as the background color","bs-iphone-15","2026-09-09","passed","2026-09-09","POM Refactored: Background color tests","","",""
"","704","first color chip is active on load (aria-pressed=true)","bs-chrome-win11","2026-09-09","passed","2026-09-09","Color Management — Add & Delete","","",""
"","795","should handle missing image gracefully by showing alt text","bs-safari-ventura","2026-09-09","passed","2026-09-09","Network Mocking & Interception","","",""
"","4","Server Unit Tests PUT /api/colors/:name returns 400 for invalid name with special characters","","2026-09-09","passed","2026-09-09","","Server Unit Tests","Server Unit Tests PUT /api/colors/:name returns 400 for invalid name with special characters",""
"","266","should reject missing hex","bs-chrome-win11","2026-09-09","passed","2026-09-09","Backend API Integration > POST /api/colors Schema Validation","","",""
"","231","DELETE /api/colors (collection) returns 405","bs-chrome-win11","2026-09-09","passed","2026-09-09","Security > HTTP Method Restrictions","","",""
"","0","Utility Functions hslToRgb lightness=0 gives black","","2026-09-09","passed","2026-09-09","","Utility Functions","Utility Functions hslToRgb lightness=0 gives black",""
"","873","clicking ""+ Add color"" opens the picker modal","bs-pixel-7","2026-09-09","passed","2026-09-09","Color Management — Add & Delete","","",""
"","774","clicking a chip makes it active","Chrome","2026-09-09","passed","2026-09-09","Color Management — Add & Delete","tests/color-management.spec.ts","",""
"","56","Component Tests ColorPicker editing name does NOT call onClearError when no serverError","","2026-09-09","passed","2026-09-09","","Utility Functions","Component Tests ColorPicker editing name does NOT call onClearError when no serverError",""
"","2","Frontend Unit Tests i18n Configuration should be initialized with correct settings","","2026-09-09","passed","2026-09-09","","Frontend Unit Tests","Frontend Unit Tests i18n Configuration should be initialized with correct settings",""
"","7","Server Unit Tests Surviving Mutants & Edge Cases Regex & Validation hex regex kills mutants by testing boundaries and formats","","2026-09-09","passed","2026-09-09","","Server Unit Tests","Server Unit Tests Surviving Mutants & Edge Cases Regex & Validation hex regex kills mutants by testing boundaries and formats",""
"","8","empty body on POST returns 400","Chrome","2026-09-09","passed","2026-09-09","Security > Input Validation","tests/security.spec.ts","",""
"","1849","should maintain accessibility in el language and verify resilient locators","bs-pixel-7","2026-09-09","passed","2026-09-09","i18n Accessibility Tests","","",""
"","960","clicking a chip makes it active","bs-pixel-7","2026-09-09","passed","2026-09-09","Color Management — Add & Delete","","",""
"","1415","should handle color click network failure gracefully","bs-iphone-15","2026-09-09","passed","2026-09-09","UI Error Handling Coverage","","",""
"","94","POST with HTML tag in name is rejected (400)","Chrome","2026-09-09","passed","2026-09-09","Security > XSS Prevention","tests/security.spec.ts","",""
"","17","Server Integration Tests (Testcontainers) POST /api/reseed should be idempotent — calling reseed twice always yields exactly 3 colors","","2026-09-09","passed","2026-09-09","","Server Integration Tests (Testcontainers)","Server Integration Tests (Testcontainers) POST /api/reseed should be idempotent — calling reseed twice always yields exactly 3 colors",""
"","2263","should not have any automatically detectable accessibility issues","Chrome","2026-09-09","passed","2026-09-09","Accessibility Tests","tests/a11y.spec.ts","",""
"","184","should reject invalid hex format on update","bs-firefox-win11","2026-09-09","passed","2026-09-09","Backend API Integration > PUT /api/colors/:name Schema Validation","","",""
"","929","should handle color click network failure gracefully","bs-chrome-win11","2026-09-09","passed","2026-09-09","UI Error Handling Coverage","","",""
"","1428","verify language switcher changes document language","bs-safari-ventura","2026-09-09","passed","2026-09-09","","","",""
"","7","Server Integration Tests (Testcontainers) GET /api/colors/:name should not expose _id or __v fields","","2026-09-09","passed","2026-09-09","","Server Integration Tests (Testcontainers)","Server Integration Tests (Testcontainers) GET /api/colors/:name should not expose _id or __v fields",""
"","14","Server Integration Tests (Testcontainers) GET /api/colors should return an empty array after all colors are deleted","","2026-09-09","passed","2026-09-09","","Server Integration Tests (Testcontainers)","Server Integration Tests (Testcontainers) GET /api/colors should return an empty array after all colors are deleted",""
"","218","PUT /openapi.json returns 405","bs-safari-ventura","2026-09-09","passed","2026-09-09","Security > HTTP Method Restrictions","","",""
"","1011","should show loading state when API returns empty colors","bs-safari-ventura","2026-09-09","passed","2026-09-09","UI Error Handling Coverage","","",""
"","3","Server Unit Tests PUT /api/colors/:name returns 400 for invalid current name format in URL","","2026-09-09","passed","2026-09-09","","Server Unit Tests","Server Unit Tests PUT /api/colors/:name returns 400 for invalid current name format in URL",""
"","10","Component Tests ColorPicker typing an invalid hex shows ""Use format #RRGGBB"" error","","2026-09-09","passed","2026-09-09","","Utility Functions","Component Tests ColorPicker typing an invalid hex shows ""Use format #RRGGBB"" error",""
"","15","Server Integration Tests (Testcontainers) PUT /api/colors/:name should rename a color and make old name return 404","","2026-09-09","passed","2026-09-09","","Server Integration Tests (Testcontainers)","Server Integration Tests (Testcontainers) PUT /api/colors/:name should rename a color and make old name return 404",""
"","1012","handle color response missing hex property","bs-chrome-win11","2026-09-09","passed","2026-09-09","Edge cases and error handling","","",""
"","317","should return 404 when updating non-existent color","bs-safari-ventura","2026-09-09","passed","2026-09-09","Backend API Integration > PUT /api/colors/:name Schema Validation","","",""
"","758","check Turquoise ( #1abc9c) is the default background color.","bs-pixel-7","2026-09-09","passed","2026-09-09","","","",""
"","1344","Escape key closes the confirm dialog","bs-iphone-15","2026-09-09","passed","2026-09-09","Color Management — Add & Delete","","",""
"","230","malformed JSON body returns 400","bs-firefox-win11","2026-09-09","passed","2026-09-09","Security > Input Validation","","",""
"","5","Server Unit Tests Surviving Mutants & Edge Cases Rate Limiting & Security kills mutants by verifying x-ratelimit headers","","2026-09-09","passed","2026-09-09","","Server Unit Tests","Server Unit Tests Surviving Mutants & Edge Cases Rate Limiting & Security kills mutants by verifying x-ratelimit headers",""
"","3","Server Unit Tests Surviving Mutants & Edge Cases PUT logic kills refine mutant by sending empty body","","2026-09-09","passed","2026-09-09","","Server Unit Tests","Server Unit Tests Surviving Mutants & Edge Cases PUT logic kills refine mutant by sending empty body",""
"","849","should display colors that do not exist in the database","bs-pixel-7","2026-09-09","passed","2026-09-09","Network Mocking & Interception","","",""
"","1391","check Turquoise ( #1abc9c) is the default background color.","bs-iphone-15","2026-09-09","passed","2026-09-09","","","",""
"","1","Frontend Unit Tests i18n Configuration should have translation keys in resources","","2026-09-09","passed","2026-09-09","","Frontend Unit Tests","Frontend Unit Tests i18n Configuration should have translation keys in resources",""
"","308","Server Unit Tests Surviving Mutants & Edge Cases Port Fallback reflects process.env.PORT in Swagger servers","","2026-09-09","passed","2026-09-09","","Server Unit Tests","Server Unit Tests Surviving Mutants & Edge Cases Port Fallback reflects process.env.PORT in Swagger servers",""
"","350","should handle fetch colors network failure gracefully","Chrome","2026-09-09","passed","2026-09-09","UI Error Handling Coverage","tests/error-handling.spec.ts","",""
"","10","Frontend Unit Tests App Component initial default background before fetch resolves","","2026-09-09","passed","2026-09-09","","Frontend Unit Tests","Frontend Unit Tests App Component initial default background before fetch resolves",""
"","391","GET /api/colors/Red should return the correct hex code","bs-safari-ventura","2026-09-09","passed","2026-09-09","Backend API Integration","","",""
"","156","Component Tests ConfirmDialog renders title, body, and both buttons","","2026-09-09","passed","2026-09-09","","Component Tests","Component Tests ConfirmDialog renders title, body, and both buttons",""
"","4793","should create color via API and verify through UI","bs-firefox-win11","2026-09-09","passed","2026-09-09","Hybrid E2E Testing","","",""
"","6466","should maintain accessibility after state change (color update)","bs-chrome-win11","2026-09-09","passed","2026-09-09","Accessibility Tests","","",""
"","213","empty body on POST returns 400","bs-chrome-win11","2026-09-09","passed","2026-09-09","Security > Input Validation","","",""
"","4","Server Unit Tests PUT /api/colors/:name returns 400 for extra unknown fields (strict schema)","","2026-09-09","passed","2026-09-09","","Server Unit Tests","Server Unit Tests PUT /api/colors/:name returns 400 for extra unknown fields (strict schema)",""
"","196","NoSQL $where operator in name is rejected (400)","bs-pixel-7","2026-09-09","passed","2026-09-09","Security > Injection Prevention","","",""
"","1124","Cancel button closes the picker","bs-pixel-7","2026-09-09","passed","2026-09-09","Color Management — Add & Delete","","",""
"","1140","should meet the accessibility threshold using Google Lighthouse","bs-chrome-win11","2026-09-09","skipped","2026-09-09","Accessibility Tests","","",""
"","10","Server Unit Tests PUT /api/colors/:name updates the hex of an existing color","","2026-09-09","passed","2026-09-09","","Server Unit Tests","Server Unit Tests PUT /api/colors/:name updates the hex of an existing color",""
"","334","GET /api/colors/Red should return the correct hex code","bs-firefox-win11","2026-09-09","passed","2026-09-09","Backend API Integration","","",""
"","10","malformed JSON body returns 400","Chrome","2026-09-09","passed","2026-09-09","Security > Input Validation","tests/security.spec.ts","",""
"","331","GET /api/colors/Yellow should return the correct hex code","bs-safari-ventura","2026-09-09","passed","2026-09-09","Backend API Integration","","",""
"","195","SQL injection characters in name are rejected (400)","bs-iphone-15","2026-09-09","passed","2026-09-09","Security > Injection Prevention","","",""
"","6","Server Unit Tests Middleware JSON error middleware passes non-syntax errors to next()","","2026-09-09","passed","2026-09-09","","Server Unit Tests","Server Unit Tests Middleware JSON error middleware passes non-syntax errors to next()",""
"","15","Component Tests ConfirmDialog backdrop click does NOT call onCancel when busy","","2026-09-09","passed","2026-09-09","","Component Tests","Component Tests ConfirmDialog backdrop click does NOT call onCancel when busy",""
"","0","homepage after color change","Chrome","2026-09-09","skipped","2026-09-09","Percy Visual Regression – Production > Percy – tablet (768×1024)","","",""
"","9","SQL injection characters in name are rejected (400)","Chrome","2026-09-09","passed","2026-09-09","Security > Injection Prevention","tests/security.spec.ts","",""
"","9","Server Unit Tests POST /api/colors accepts single alphanumeric characters as names","","2026-09-09","passed","2026-09-09","","Server Unit Tests","Server Unit Tests POST /api/colors accepts single alphanumeric characters as names",""
"","2717","POST /api/colors","","","passed","","","schemathesis","",""
"","1520","changing color to Red should reflect in UI and DOM","bs-iphone-15","2026-09-09","passed","2026-09-09","Data-Driven Testing","","",""
"","682","homepage should match snapshot","Chrome","2026-09-09","passed","2026-09-09","Visual Regression – iphone-landscape (667×375)","","",""
"","2685","successful delete removes the chip","bs-firefox-win11","2026-09-09","passed","2026-09-09","Color Management — Add & Delete","","",""
"","3","Server Unit Tests OpenAPI endpoints has exact application/json content-type","","2026-09-09","passed","2026-09-09","","Server Unit Tests","Server Unit Tests OpenAPI endpoints has exact application/json content-type",""
"","1118","handle color response missing hex property","bs-firefox-win11","2026-09-09","passed","2026-09-09","Edge cases and error handling","","",""
"","4","Server Unit Tests 405 Method Not Allowed does not return 405 for allowed GET method on /api/colors/:name","","2026-09-09","passed","2026-09-09","","Server Unit Tests","Server Unit Tests 405 Method Not Allowed does not return 405 for allowed GET method on /api/colors/:name",""
"","3062","should not have any automatically detectable accessibility issues","bs-firefox-win11","2026-09-09","passed","2026-09-09","Accessibility Tests","","",""
"","2117","verify Yellow ( #f1c40f ) is applied as the background color","bs-safari-ventura","2026-09-09","passed","2026-09-09","Background color tests","","",""
"","11","should reject invalid hex format","Chrome","2026-09-09","passed","2026-09-09","Backend API Integration > POST /api/colors Schema Validation","tests/api.spec.ts","",""
"","445","oversized payload is rejected (413)","bs-iphone-15","2026-09-09","passed","2026-09-09","Security > Input Validation","","",""
"","5","Server Unit Tests Middleware includes CORS headers","","2026-09-09","passed","2026-09-09","","Server Unit Tests","Server Unit Tests Middleware includes CORS headers",""
"","561","Show loading state when the API returns an empty colors list","BDD","2026-09-09","passed","2026-09-09","API Error Handling","","",""
"","3077","should delete an existing color","bs-chrome-win11","2026-09-09","passed","2026-09-09","Backend API Integration > DELETE /api/colors/:name","","",""
"","1174","shows 409 duplicate error from server inside the picker","bs-pixel-7","2026-09-09","passed","2026-09-09","Color Management — Add & Delete","","",""
"","2144","delete API error shows alert banner","bs-iphone-15","2026-09-09","passed","2026-09-09","Color Management — Add & Delete","","",""
"","8","Component Tests ColorPicker non-Enter key on name input does not trigger submit","","2026-09-09","passed","2026-09-09","","Utility Functions","Component Tests ColorPicker non-Enter key on name input does not trigger submit",""
"","612","should create a new color with valid schema","bs-safari-ventura","2026-09-09","passed","2026-09-09","Backend API Integration > POST /api/colors Schema Validation","","",""
"","0","Utility Functions rgbToHsl g max with b>r (#00ff80) → h near 150","","2026-09-09","passed","2026-09-09","","Utility Functions","Utility Functions rgbToHsl g max with b>r (#00ff80) → h near 150",""
"","1","Utility Functions rgbToHsl black [0,0,0] → h=0, s=0, l=0","","2026-09-09","passed","2026-09-09","","Utility Functions","Utility Functions rgbToHsl black [0,0,0] → h=0, s=0, l=0",""
"","194","NoSQL $where operator in name is rejected (400)","bs-firefox-win11","2026-09-09","passed","2026-09-09","Security > Injection Prevention","","",""
"","265","homepage should match snapshot","percy","2026-09-09","skipped","2026-09-09","Visual Regression – iphone-landscape (667×375)","","",""
"","536","should show loading state when API returns empty colors","bs-chrome-win11","2026-09-09","passed","2026-09-09","UI Error Handling Coverage","","",""
"","291","should return 404 when updating non-existent color","bs-iphone-15","2026-09-09","passed","2026-09-09","Backend API Integration > PUT /api/colors/:name Schema Validation","","",""
"","2446","verify Turquoise ( #1abc9c ) is applied as the background color","bs-safari-ventura","2026-09-09","passed","2026-09-09","Background color tests","","",""
"","2557","should maintain accessibility in es language and verify resilient locators","bs-firefox-win11","2026-09-09","passed","2026-09-09","i18n Accessibility Tests","","",""
"","22","Component Tests ColorPicker mousedown at left-center (hue=180) sets hex to #00ffff","","2026-09-09","passed","2026-09-09","","Utility Functions","Component Tests ColorPicker mousedown at left-center (hue=180) sets hex to #00ffff",""
"","504","Color button remains functional after switching language","BDD","2026-09-09","passed","2026-09-09","Language Switching","","",""
"","6","Server Unit Tests 405 Method Not Allowed does not return 405 for allowed PUT method on /api/colors/:name","","2026-09-09","passed","2026-09-09","","Server Unit Tests","Server Unit Tests 405 Method Not Allowed does not return 405 for allowed PUT method on /api/colors/:name",""
"","158","Component Tests ColorPicker renders the modal with title, hex preview, name and hex inputs","","2026-09-09","passed","2026-09-09","","Utility Functions","Component Tests ColorPicker renders the modal with title, hex preview, name and hex inputs",""
"","4","Server Unit Tests Middleware returns 413 for payload too large","","2026-09-09","passed","2026-09-09","","Server Unit Tests","Server Unit Tests Middleware returns 413 for payload too large",""
"","11","should reject updating with empty name","Chrome","2026-09-09","passed","2026-09-09","Backend API Integration > PUT /api/colors/:name Schema Validation","tests/api.spec.ts","",""
"","1321","verify Yellow ( #f1c40f ) is applied as the background color","bs-pixel-7","2026-09-09","passed","2026-09-09","Background color tests","","",""
"","4","Server Unit Tests 405 Method Not Allowed does not return 405 for allowed GET method on /api/colors","","2026-09-09","passed","2026-09-09","","Server Unit Tests","Server Unit Tests 405 Method Not Allowed does not return 405 for allowed GET method on /api/colors",""
"","207","POST /api-docs returns 405","bs-firefox-win11","2026-09-09","passed","2026-09-09","Security > HTTP Method Restrictions","","",""
"","6","Component Tests ColorPicker falls back to window resize listener when ResizeObserver is not available","","2026-09-09","passed","2026-09-09","","Utility Functions","Component Tests ColorPicker falls back to window resize listener when ResizeObserver is not available",""
"","3353","homepage initial state","percy","2026-09-09","passed","2026-09-09","Percy Visual Regression – Production > Percy – tablet (768×1024)","","",""
"","661","homepage should match snapshot","Chrome","2026-09-09","passed","2026-09-09","Visual Regression – iphone-se (375×667)","","",""
"","13","Server Integration Tests (Testcontainers) GET /api/colors/:name should be case-sensitive (lowercase name returns 404)","","2026-09-09","passed","2026-09-09","","Server Integration Tests (Testcontainers)","Server Integration Tests (Testcontainers) GET /api/colors/:name should be case-sensitive (lowercase name returns 404)",""
"","208","POST with javascript: URI in name is rejected (400)","bs-chrome-win11","2026-09-09","passed","2026-09-09","Security > XSS Prevention","","",""
"","2732","successful delete removes the chip","bs-safari-ventura","2026-09-09","passed","2026-09-09","Color Management — Add & Delete","","",""
"","11","should reject missing name","Chrome","2026-09-09","passed","2026-09-09","Backend API Integration > POST /api/colors Schema Validation","tests/api.spec.ts","",""
"","7","Server Unit Tests GET /api/colors/:name returns 404 for a non-existent color","","2026-09-09","passed","2026-09-09","","Server Unit Tests","Server Unit Tests GET /api/colors/:name returns 404 for a non-existent color",""
"","0","Utility Functions rgbToHex converts pure green","","2026-09-09","passed","2026-09-09","","Utility Functions","Utility Functions rgbToHex converts pure green",""
"","13","GET /api/colors/:name should return 404 for non-existent color","Chrome","2026-09-09","passed","2026-09-09","Backend API Integration","tests/api.spec.ts","",""
"","285","should return 404 for non-existent color deletion","bs-pixel-7","2026-09-09","passed","2026-09-09","Backend API Integration > DELETE /api/colors/:name","","",""
"","25","Component Tests ColorPicker mousedown at bottom-center (hue=90) sets hex to #80ff00","","2026-09-09","passed","2026-09-09","","Utility Functions","Component Tests ColorPicker mousedown at bottom-center (hue=90) sets hex to #80ff00",""
"","351","check Turquoise ( #1abc9c) is the default background color.","Chrome","2026-09-09","passed","2026-09-09","","tests/coverage.spec.ts","",""
"","1","Utility Functions hslToRgb hue just below 60 is in sector 0, not sector 1","","2026-09-09","passed","2026-09-09","","Utility Functions","Utility Functions hslToRgb hue just below 60 is in sector 0, not sector 1",""
"","10","Component Tests ColorPicker pressing a non-Escape key does not call onCancel","","2026-09-09","passed","2026-09-09","","Utility Functions","Component Tests ColorPicker pressing a non-Escape key does not call onCancel",""
