"DESCRIPTION","DURATION IN MS","NAME","PARENT SUITE","START TIME","STATUS","STOP TIME","SUB SUITE","SUITE","TEST CLASS","TEST METHOD"
"","5","Server Integration Tests (Testcontainers) POST /api/colors should return 400 when hex is missing","","2026-10-01","passed","2026-10-01","","Server Integration Tests (Testcontainers)","Server Integration Tests (Testcontainers) POST /api/colors should return 400 when hex is missing",""
"","209","GET /api/colors/Turquoise should return the correct hex code","bs-pixel-7","2026-10-01","passed","2026-10-01","Backend API Integration","","",""
"","91","DELETE /api/colors (collection) returns 405","bs-chrome-win11","2026-10-01","passed","2026-10-01","Security > HTTP Method Restrictions","","",""
"","1421","should create dynamic random color via API and verify through UI","bs-chrome-win11","2026-10-01","passed","2026-10-01","Random Data Testing with faker.js","","",""
"","1408","color names rendered in the UI do not trigger script execution","bs-pixel-7","2026-10-01","passed","2026-10-01","Security > XSS Prevention","","",""
"","544","should create a new color with valid schema","bs-chrome-win11","2026-10-01","passed","2026-10-01","Backend API Integration > POST /api/colors Schema Validation","","",""
"","5","Server Unit Tests POST /api/reseed returns 405 for PUT on /api/reseed","","2026-10-01","passed","2026-10-01","","Server Unit Tests","Server Unit Tests POST /api/reseed returns 405 for PUT on /api/reseed",""
"","4","Server Unit Tests Error Handling PUT /api/colors/:name returns 409 when database throws duplicate key error (code 11000) on save","","2026-10-01","passed","2026-10-01","","Server Unit Tests","Server Unit Tests Error Handling PUT /api/colors/:name returns 409 when database throws duplicate key error (code 11000) on save",""
"","923","handle color response missing hex property","bs-chrome-win11","2026-10-01","passed","2026-10-01","Edge cases and error handling","","",""
"","1108","should handle fetch colors network failure gracefully","bs-safari-ventura","2026-10-01","passed","2026-10-01","UI Error Handling Coverage","","",""
"","3","Server Unit Tests OpenAPI endpoints spec includes component schemas","","2026-10-01","passed","2026-10-01","","Server Unit Tests","Server Unit Tests OpenAPI endpoints spec includes component schemas",""
"","3","Server Unit Tests PUT /api/colors/:name returns 400 for invalid hex on update","","2026-10-01","passed","2026-10-01","","Server Unit Tests","Server Unit Tests PUT /api/colors/:name returns 400 for invalid hex on update",""
"","634","should update a color with valid schema","bs-firefox-win11","2026-10-01","passed","2026-10-01","Backend API Integration > PUT /api/colors/:name Schema Validation","","",""
"","544","Example #1","BDD","2026-10-01","passed","2026-10-01","Language Switching > Switch language and verify translated UI labels","","",""
"","140","POST with javascript: URI in name is rejected (400)","bs-safari-ventura","2026-10-01","passed","2026-10-01","Security > XSS Prevention","","",""
"","9","Server Integration Tests (Testcontainers) DELETE /api/colors/:name should return 404 on a second delete of the same color","","2026-10-01","passed","2026-10-01","","Server Integration Tests (Testcontainers)","Server Integration Tests (Testcontainers) DELETE /api/colors/:name should return 404 on a second delete of the same color",""
"","1159","cancel in confirm dialog closes it without deleting","bs-pixel-7","2026-10-01","passed","2026-10-01","Color Management — Add & Delete","","",""
"","515","should load the application and verify core functionality across browsers","Chrome","2026-10-01","passed","2026-10-01","Cross-Browser Core Functionality","","",""
"","4","Server Unit Tests OpenAPI endpoints has exact application/json content-type","","2026-10-01","passed","2026-10-01","","Server Unit Tests","Server Unit Tests OpenAPI endpoints has exact application/json content-type",""
"","3932","should not have any automatically detectable accessibility issues","bs-safari-ventura","2026-10-01","passed","2026-10-01","Accessibility Tests","","",""
"","1009","should handle color click network failure gracefully","bs-chrome-win11","2026-10-01","passed","2026-10-01","UI Error Handling Coverage","","",""
"","1078","should handle fetch colors network failure gracefully","bs-iphone-15","2026-10-01","passed","2026-10-01","UI Error Handling Coverage","","",""
"","4156","delete API error shows alert banner","bs-safari-ventura","2026-10-01","passed","2026-10-01","Color Management — Add & Delete","","",""
"","7","Server Unit Tests DELETE /api/colors/:name cannot delete the same color twice","","2026-10-01","passed","2026-10-01","","Server Unit Tests","Server Unit Tests DELETE /api/colors/:name cannot delete the same color twice",""
"","2450","should maintain accessibility in es language and verify resilient locators","Chrome","2026-10-01","passed","2026-10-01","i18n Accessibility Tests","tests/a11y.spec.ts","",""
"","4","Server Unit Tests Middleware handles non-JSON content type gracefully on POST","","2026-10-01","passed","2026-10-01","","Server Unit Tests","Server Unit Tests Middleware handles non-JSON content type gracefully on POST",""
"","941","Escape key closes the confirm dialog","bs-chrome-win11","2026-10-01","passed","2026-10-01","Color Management — Add & Delete","","",""
"","1743","should create dynamic random color via API and verify through UI","bs-firefox-win11","2026-10-01","passed","2026-10-01","Random Data Testing with faker.js","","",""
"","218","should return 404 when updating non-existent color","bs-safari-ventura","2026-10-01","passed","2026-10-01","Backend API Integration > PUT /api/colors/:name Schema Validation","","",""
"","16","Server Integration Tests (Testcontainers) Concurrent writes should handle simultaneous POSTs with the same name — exactly one succeeds","","2026-10-01","passed","2026-10-01","","Server Integration Tests (Testcontainers)","Server Integration Tests (Testcontainers) Concurrent writes should handle simultaneous POSTs with the same name — exactly one succeeds",""
"","24","Server Unit Tests POST /api/colors creates a new color and returns 201 with correct body","","2026-10-01","passed","2026-10-01","","Server Unit Tests","Server Unit Tests POST /api/colors creates a new color and returns 201 with correct body",""
"","24","Server Unit Tests Surviving Mutants & Edge Cases Regex & Validation STRICT_NAME_REGEX kills mutants on optionality and length","","2026-10-01","passed","2026-10-01","","Server Unit Tests","Server Unit Tests Surviving Mutants & Edge Cases Regex & Validation STRICT_NAME_REGEX kills mutants on optionality and length",""
"","110","should reject invalid hex format","bs-firefox-win11","2026-10-01","passed","2026-10-01","Backend API Integration > POST /api/colors Schema Validation","","",""
"","1815","shows client-side validation error for invalid name chars","bs-firefox-win11","2026-10-01","passed","2026-10-01","Color Management — Add & Delete","","",""
"","2429","should maintain accessibility in en language and verify resilient locators","bs-chrome-win11","2026-10-01","passed","2026-10-01","i18n Accessibility Tests","","",""
"","6090","Cancel button closes the picker","bs-safari-ventura","2026-10-01","passed","2026-10-01","Color Management — Add & Delete","","",""
"","3616","should not have any automatically detectable accessibility issues","bs-iphone-15","2026-10-01","passed","2026-10-01","Accessibility Tests","","",""
"","4","Server Unit Tests Surviving Mutants & Edge Cases Swagger Metadata & OpenAPI has exact API info","","2026-10-01","passed","2026-10-01","","Server Unit Tests","Server Unit Tests Surviving Mutants & Edge Cases Swagger Metadata & OpenAPI has exact API info",""
"","2968","successful delete removes the chip","bs-iphone-15","2026-10-01","passed","2026-10-01","Color Management — Add & Delete","","",""
"","1094","clicking ""+ Add color"" opens the picker modal","Chrome","2026-10-01","passed","2026-10-01","Color Management — Add & Delete","tests/color-management.spec.ts","",""
"","4","Server Integration Tests (Testcontainers) POST /api/reseed should return 401 when Authorization header is missing","","2026-10-01","passed","2026-10-01","","Server Integration Tests (Testcontainers)","Server Integration Tests (Testcontainers) POST /api/reseed should return 401 when Authorization header is missing",""
"","4331","should maintain accessibility in es language and verify resilient locators","bs-safari-ventura","2026-10-01","passed","2026-10-01","i18n Accessibility Tests","","",""
"","78","NoSQL operator in GET path param is rejected (400 or 404)","bs-iphone-15","2026-10-01","passed","2026-10-01","Security > Injection Prevention","","",""
"","77","POST /api-docs returns 405","bs-firefox-win11","2026-10-01","passed","2026-10-01","Security > HTTP Method Restrictions","","",""
"","70","should reject updating with empty name","bs-iphone-15","2026-10-01","passed","2026-10-01","Backend API Integration > PUT /api/colors/:name Schema Validation","","",""
"","8","Server Unit Tests POST /api/colors accepts single alphanumeric characters as names","","2026-10-01","passed","2026-10-01","","Server Unit Tests","Server Unit Tests POST /api/colors accepts single alphanumeric characters as names",""
"","1093","verify Red ( #e74c3c ) is applied as the background color","bs-chrome-win11","2026-10-01","passed","2026-10-01","Background color tests","","",""
"","499","handle initial fetch with empty data","Chrome","2026-10-01","passed","2026-10-01","Edge cases and error handling","tests/coverage.spec.ts","",""
"","1926","clicking ""+ Add color"" opens the picker modal","bs-safari-ventura","2026-10-01","passed","2026-10-01","Color Management — Add & Delete","","",""
"","1261","should gracefully handle a color not found in the database","bs-safari-ventura","2026-10-01","passed","2026-10-01","Network Mocking & Interception","","",""
"","987","should meet the accessibility threshold using Google Lighthouse","bs-pixel-7","2026-10-01","skipped","2026-10-01","Accessibility Tests","","",""
"","156","GET /api/colors/:name should return 404 for non-existent color","bs-pixel-7","2026-10-01","passed","2026-10-01","Backend API Integration","","",""
"","3992","homepage after color change","percy","2026-10-01","passed","2026-10-01","Percy Visual Regression – Production > Percy – desktop (1280×720)","","",""
"","86","NoSQL injection object in name is rejected (400)","bs-chrome-win11","2026-10-01","passed","2026-10-01","Security > Injection Prevention","","",""
"","12","Server Unit Tests Surviving Mutants & Edge Cases Strict Path & Method Validation kills mutants that change route paths to empty string","","2026-10-01","passed","2026-10-01","","Server Unit Tests","Server Unit Tests Surviving Mutants & Edge Cases Strict Path & Method Validation kills mutants that change route paths to empty string",""
"","5274","changing color to Red should reflect in UI and DOM","bs-firefox-win11","2026-10-01","passed","2026-10-01","Data-Driven Testing","","",""
"","1361","shows server-error message on 500 inside the picker","Chrome","2026-10-01","passed","2026-10-01","Color Management — Add & Delete","tests/color-management.spec.ts","",""
"","2330","should maintain accessibility in es language and verify resilient locators","bs-pixel-7","2026-10-01","passed","2026-10-01","i18n Accessibility Tests","","",""
"","80","should reject empty name","bs-pixel-7","2026-10-01","passed","2026-10-01","Backend API Integration > POST /api/colors Schema Validation","","",""
"","1371","handle color response missing hex property","bs-iphone-15","2026-10-01","passed","2026-10-01","Edge cases and error handling","","",""
"","1532","check Turquoise ( #1abc9c) is the default background color.","bs-iphone-15","2026-10-01","passed","2026-10-01","","","",""
"","1","homepage after color change","Chrome","2026-10-01","skipped","2026-10-01","Percy Visual Regression – Production > Percy – mobile (375×667)","","",""
"","2384","should maintain accessibility in el language and verify resilient locators","bs-pixel-7","2026-10-01","passed","2026-10-01","i18n Accessibility Tests","","",""
"","383","should handle fetch colors network failure gracefully","Chrome","2026-10-01","passed","2026-10-01","UI Error Handling Coverage","tests/error-handling.spec.ts","",""
"","324","Server Unit Tests Surviving Mutants & Edge Cases Port Fallback uses default PORT 5001 when process.env.PORT is missing","","2026-10-01","passed","2026-10-01","","Server Unit Tests","Server Unit Tests Surviving Mutants & Edge Cases Port Fallback uses default PORT 5001 when process.env.PORT is missing",""
"","447","should delete an existing color","bs-safari-ventura","2026-10-01","passed","2026-10-01","Backend API Integration > DELETE /api/colors/:name","","",""
"","247","GET /api/colors/:name should return 404 for non-existent color","bs-chrome-win11","2026-10-01","passed","2026-10-01","Backend API Integration","","",""
"","15","NoSQL $where operator in name is rejected (400)","Chrome","2026-10-01","passed","2026-10-01","Security > Injection Prevention","tests/security.spec.ts","",""
"","11","X-Powered-By header is not exposed","Chrome","2026-10-01","passed","2026-10-01","Security > Security Headers","tests/security.spec.ts","",""
"","4","Server Unit Tests OpenAPI endpoints serves the OpenAPI JSON spec with exact metadata","","2026-10-01","passed","2026-10-01","","Server Unit Tests","Server Unit Tests OpenAPI endpoints serves the OpenAPI JSON spec with exact metadata",""
"","1024","clicking ""+ Add color"" opens the picker modal","bs-pixel-7","2026-10-01","passed","2026-10-01","Color Management — Add & Delete","","",""
"","104","error responses return JSON, not HTML (no info leakage)","bs-chrome-win11","2026-10-01","passed","2026-10-01","Security > Security Headers","","",""
"","96","Server Integration Tests (Testcontainers) POST /api/colors should return 400 when extra fields are provided","","2026-10-01","passed","2026-10-01","","Server Integration Tests (Testcontainers)","Server Integration Tests (Testcontainers) POST /api/colors should return 400 when extra fields are provided",""
"","159","should reject missing hex","bs-pixel-7","2026-10-01","passed","2026-10-01","Backend API Integration > POST /api/colors Schema Validation","","",""
"","208","GET /api/colors/Red should return the correct hex code","bs-pixel-7","2026-10-01","passed","2026-10-01","Backend API Integration","","",""
"","4745","Cancel button closes the picker","bs-iphone-15","2026-10-01","passed","2026-10-01","Color Management — Add & Delete","","",""
"","4274","should maintain accessibility in es language and verify resilient locators","bs-iphone-15","2026-10-01","passed","2026-10-01","i18n Accessibility Tests","","",""
"","709","shows a chip for each color with a swatch, name, and delete button","bs-chrome-win11","2026-10-01","passed","2026-10-01","Color Management — Add & Delete","","",""
"","514","should create a new color with valid schema","bs-iphone-15","2026-10-01","passed","2026-10-01","Backend API Integration > POST /api/colors Schema Validation","","",""
"","1735","should maintain accessibility in el language and verify resilient locators","Chrome","2026-10-01","passed","2026-10-01","i18n Accessibility Tests","tests/a11y.spec.ts","",""
"","1148","clicking a chip makes it active","bs-chrome-win11","2026-10-01","passed","2026-10-01","Color Management — Add & Delete","","",""
"","1187","shows client-side validation error for invalid name chars","bs-chrome-win11","2026-10-01","passed","2026-10-01","Color Management — Add & Delete","","",""
"","158","should return 404 for non-existent color deletion","bs-iphone-15","2026-10-01","passed","2026-10-01","Backend API Integration > DELETE /api/colors/:name","","",""
"","1765","changing color to Turquoise should reflect in UI and DOM","bs-iphone-15","2026-10-01","passed","2026-10-01","Data-Driven Testing","","",""
"","6","Server Unit Tests PUT /api/colors/:name updates both name and hex simultaneously","","2026-10-01","passed","2026-10-01","","Server Unit Tests","Server Unit Tests PUT /api/colors/:name updates both name and hex simultaneously",""
"","4","Server Unit Tests Surviving Mutants & Edge Cases Logs seedDatabase logs success message","","2026-10-01","passed","2026-10-01","","Server Unit Tests","Server Unit Tests Surviving Mutants & Edge Cases Logs seedDatabase logs success message",""
"","7","Server Unit Tests GET /api/colors returns JSON content type","","2026-10-01","passed","2026-10-01","","Server Unit Tests","Server Unit Tests GET /api/colors returns JSON content type",""
"","3","Server Unit Tests Surviving Mutants & Edge Cases Swagger Metadata & OpenAPI has exact application/json content-type","","2026-10-01","passed","2026-10-01","","Server Unit Tests","Server Unit Tests Surviving Mutants & Edge Cases Swagger Metadata & OpenAPI has exact application/json content-type",""
"","74","array body on POST returns 400","bs-safari-ventura","2026-10-01","passed","2026-10-01","Security > Input Validation","","",""
"","1423","handle initial fetch error","bs-firefox-win11","2026-10-01","passed","2026-10-01","Edge cases and error handling","","",""
"","619","should handle missing image gracefully by showing alt text","bs-chrome-win11","2026-10-01","passed","2026-10-01","Network Mocking & Interception","","",""
"","6","Server Unit Tests GET /api/colors/:name is case-sensitive","","2026-10-01","passed","2026-10-01","","Server Unit Tests","Server Unit Tests GET /api/colors/:name is case-sensitive",""
"","3675","homepage after color change","percy","2026-10-01","passed","2026-10-01","Percy Visual Regression – Production > Percy – tablet (768×1024)","","",""
"","1438","verify Red ( #e74c3c ) is applied as the background color","bs-iphone-15","2026-10-01","passed","2026-10-01","POM Refactored: Background color tests","","",""
"","0","homepage initial state","Chrome","2026-10-01","skipped","2026-10-01","Percy Visual Regression – Production > Percy – desktop-xl (1920×1080)","","",""
"","1498","should display all core elements and handle button interaction","percy","2026-10-01","skipped","2026-10-01","Responsive Design – tablet (768×1024)","","",""
"","1080","chip-x click opens confirm dialog with color name","bs-firefox-win11","2026-10-01","passed","2026-10-01","Color Management — Add & Delete","","",""
"","90","should reject invalid hex format on update","bs-firefox-win11","2026-10-01","passed","2026-10-01","Backend API Integration > PUT /api/colors/:name Schema Validation","","",""
"","113","oversized payload is rejected (413)","bs-pixel-7","2026-10-01","passed","2026-10-01","Security > Input Validation","","",""
"","23","should reject missing name","Chrome","2026-10-01","passed","2026-10-01","Backend API Integration > POST /api/colors Schema Validation","","",""
"","1764","verify Yellow ( #f1c40f ) is applied as the background color","bs-iphone-15","2026-10-01","passed","2026-10-01","POM Refactored: Background color tests","","",""
"","12","array body on POST returns 400","Chrome","2026-10-01","passed","2026-10-01","Security > Input Validation","tests/security.spec.ts","",""
"","1032","should gracefully handle a color not found in the database","bs-firefox-win11","2026-10-01","passed","2026-10-01","Network Mocking & Interception","","",""
"","1059","delete API error shows alert banner","bs-chrome-win11","2026-10-01","passed","2026-10-01","Color Management — Add & Delete","","",""
"","4174","deleting the active color switches background to the first remaining","bs-safari-ventura","2026-10-01","passed","2026-10-01","Color Management — Add & Delete","","",""
"","62","GET /api/colors/Red should return the correct hex code","Chrome","2026-10-01","passed","2026-10-01","Backend API Integration","","",""
"","157","should return 404 when updating non-existent color","bs-chrome-win11","2026-10-01","passed","2026-10-01","Backend API Integration > PUT /api/colors/:name Schema Validation","","",""
"","4","Server Unit Tests POST /api/colors returns 400 for completely empty body","","2026-10-01","passed","2026-10-01","","Server Unit Tests","Server Unit Tests POST /api/colors returns 400 for completely empty body",""
"","1387","handle initial fetch with empty data","bs-firefox-win11","2026-10-01","passed","2026-10-01","Edge cases and error handling","","",""
"","866","should handle missing image gracefully by showing alt text","bs-iphone-15","2026-10-01","passed","2026-10-01","Network Mocking & Interception","","",""
"","1552","handle color selection fetch error","bs-safari-ventura","2026-10-01","passed","2026-10-01","Edge cases and error handling","","",""
"","282","X-Powered-By header is not exposed","bs-iphone-15","2026-10-01","passed","2026-10-01","Security > Security Headers","","",""
"","1426","handle color response missing hex property","bs-safari-ventura","2026-10-01","passed","2026-10-01","Edge cases and error handling","","",""
"","1127","verify Turquoise ( #1abc9c ) is applied as the background color","bs-pixel-7","2026-10-01","passed","2026-10-01","POM Refactored: Background color tests","","",""
"","1448","handle initial fetch with empty data","bs-safari-ventura","2026-10-01","passed","2026-10-01","Edge cases and error handling","","",""
"","1785","clicking ""+ Add color"" opens the picker modal","bs-iphone-15","2026-10-01","passed","2026-10-01","Color Management — Add & Delete","","",""
"","5514","close (×) button closes the picker","bs-safari-ventura","2026-10-01","passed","2026-10-01","Color Management — Add & Delete","","",""
"","86","NoSQL operator in GET path param is rejected (400 or 404)","bs-pixel-7","2026-10-01","passed","2026-10-01","Security > Injection Prevention","","",""
"","711","handle initial fetch error","bs-pixel-7","2026-10-01","passed","2026-10-01","Edge cases and error handling","","",""
"","5","Server Unit Tests Middleware returns 400 for malformed JSON body","","2026-10-01","passed","2026-10-01","","Server Unit Tests","Server Unit Tests Middleware returns 400 for malformed JSON body",""
"","1688","shows client-side ""Name is required"" when submitting empty name","bs-firefox-win11","2026-10-01","passed","2026-10-01","Color Management — Add & Delete","","",""
"","80","POST with script tag in name is rejected (400)","bs-iphone-15","2026-10-01","passed","2026-10-01","Security > XSS Prevention","","",""
"","694","first color chip is active on load (aria-pressed=true)","bs-chrome-win11","2026-10-01","passed","2026-10-01","Color Management — Add & Delete","","",""
"","6","Server Unit Tests POST /api/colors applies the createColorLimiter rate limit headers","","2026-10-01","passed","2026-10-01","","Server Unit Tests","Server Unit Tests POST /api/colors applies the createColorLimiter rate limit headers",""
"","4","Server Unit Tests Error Handling seedDatabase logs error and re-throws when database fails","","2026-10-01","passed","2026-10-01","","Server Unit Tests","Server Unit Tests Error Handling seedDatabase logs error and re-throws when database fails",""
"","1401","successful delete removes the chip","bs-firefox-win11","2026-10-01","passed","2026-10-01","Color Management — Add & Delete","","",""
"","790","chip-x click opens confirm dialog with color name","bs-chrome-win11","2026-10-01","passed","2026-10-01","Color Management — Add & Delete","","",""
"","1785","verify Turquoise ( #1abc9c ) is applied as the background color","bs-iphone-15","2026-10-01","passed","2026-10-01","POM Refactored: Background color tests","","",""
"","979","verify Red ( #e74c3c ) is applied as the background color","Chrome","2026-10-01","passed","2026-10-01","Background color tests","tests/coverage.spec.ts","",""
"","4","Server Unit Tests Surviving Mutants & Edge Cases Mongoose Schema & Persistence kills empty schema mutant by verifying field persistence","","2026-10-01","passed","2026-10-01","","Server Unit Tests","Server Unit Tests Surviving Mutants & Edge Cases Mongoose Schema & Persistence kills empty schema mutant by verifying field persistence",""
"","1257","Cancel button closes the picker","bs-chrome-win11","2026-10-01","passed","2026-10-01","Color Management — Add & Delete","","",""
"","80","POST with HTML tag in name is rejected (400)","bs-safari-ventura","2026-10-01","passed","2026-10-01","Security > XSS Prevention","","",""
"","5","Server Unit Tests PUT /api/colors/:name does not change name when updating only hex","","2026-10-01","passed","2026-10-01","","Server Unit Tests","Server Unit Tests PUT /api/colors/:name does not change name when updating only hex",""
"","195","GET /api/colors should return colors sorted alphabetically by name","bs-firefox-win11","2026-10-01","passed","2026-10-01","Backend API Integration","","",""
"","1083","shows client-side ""Name is required"" when submitting empty name","Chrome","2026-10-01","passed","2026-10-01","Color Management — Add & Delete","tests/color-management.spec.ts","",""
"","10","Server Unit Tests seedDatabase clears existing colors and re-seeds with 3 defaults","","2026-10-01","passed","2026-10-01","","Server Unit Tests","Server Unit Tests seedDatabase clears existing colors and re-seeds with 3 defaults",""
"","234","GET /api/colors/Red should return the correct hex code","bs-safari-ventura","2026-10-01","passed","2026-10-01","Backend API Integration","","",""
"","0","homepage after color change","Chrome","2026-10-01","skipped","2026-10-01","Percy Visual Regression – Production > Percy – desktop (1280×720)","","",""
"","763","handle color selection fetch error","bs-pixel-7","2026-10-01","passed","2026-10-01","Edge cases and error handling","","",""
"","1505","color names rendered in the UI do not trigger script execution","bs-chrome-win11","2026-10-01","passed","2026-10-01","Security > XSS Prevention","","",""
"","1133","verify Yellow ( #f1c40f ) is applied as the background color","bs-pixel-7","2026-10-01","passed","2026-10-01","POM Refactored: Background color tests","","",""
"","9","Server Integration Tests (Testcontainers) POST /api/colors should accept a color name containing spaces","","2026-10-01","passed","2026-10-01","","Server Integration Tests (Testcontainers)","Server Integration Tests (Testcontainers) POST /api/colors should accept a color name containing spaces",""
"","165","GET /api/colors/Yellow should return the correct hex code","bs-pixel-7","2026-10-01","passed","2026-10-01","Backend API Integration","","",""
"","3222","deleting the active color switches background to the first remaining","bs-iphone-15","2026-10-01","passed","2026-10-01","Color Management — Add & Delete","","",""
"","121","POST /api-docs returns 405","bs-iphone-15","2026-10-01","passed","2026-10-01","Security > HTTP Method Restrictions","","",""
"","899","verify Red ( #e74c3c ) is applied as the background color","bs-pixel-7","2026-10-01","passed","2026-10-01","Background color tests","","",""
"","464","GET /api/colors/Turquoise should return the correct hex code","bs-chrome-win11","2026-10-01","passed","2026-10-01","Backend API Integration","","",""
"","532","should return 409 for duplicate color creation","bs-iphone-15","2026-10-01","passed","2026-10-01","Backend API Integration > POST /api/colors Schema Validation","","",""
"","563","should display all core elements and handle button interaction","percy","2026-10-01","skipped","2026-10-01","Responsive Design – iPhone landscape (667×375)","","",""
"","7","Server Unit Tests Surviving Mutants & Edge Cases Regex & Validation hex regex kills mutants by testing boundaries and formats","","2026-10-01","passed","2026-10-01","","Server Unit Tests","Server Unit Tests Surviving Mutants & Edge Cases Regex & Validation hex regex kills mutants by testing boundaries and formats",""
"","4","Server Unit Tests 405 Method Not Allowed sets the Allow header on /api/colors with correct methods","","2026-10-01","passed","2026-10-01","","Server Unit Tests","Server Unit Tests 405 Method Not Allowed sets the Allow header on /api/colors with correct methods",""
"","6","Server Unit Tests GET /api/colors/:name returns Yellow color correctly","","2026-10-01","passed","2026-10-01","","Server Unit Tests","Server Unit Tests GET /api/colors/:name returns Yellow color correctly",""
"","3","Server Unit Tests Surviving Mutants & Edge Cases Mongoose Schema Strictness kills empty schema mutant by checking schema paths","","2026-10-01","passed","2026-10-01","","Server Unit Tests","Server Unit Tests Surviving Mutants & Edge Cases Mongoose Schema Strictness kills empty schema mutant by checking schema paths",""
"","5","Server Unit Tests POST /api/colors returns 400 when name is missing","","2026-10-01","passed","2026-10-01","","Server Unit Tests","Server Unit Tests POST /api/colors returns 400 when name is missing",""
"","5","Server Integration Tests (Testcontainers) DELETE /api/colors/:name should return 400 for invalid name format","","2026-10-01","passed","2026-10-01","","Server Integration Tests (Testcontainers)","Server Integration Tests (Testcontainers) DELETE /api/colors/:name should return 400 for invalid name format",""
"","54","should reject missing hex","bs-iphone-15","2026-10-01","passed","2026-10-01","Backend API Integration > POST /api/colors Schema Validation","","",""
"","4794","should show loading state when API returns empty colors","bs-firefox-win11","2026-10-01","passed","2026-10-01","UI Error Handling Coverage","","",""
"","5021","should maintain accessibility in el language and verify resilient locators","bs-safari-ventura","2026-10-01","passed","2026-10-01","i18n Accessibility Tests","","",""
"","1752","chip-x click opens confirm dialog with color name","bs-iphone-15","2026-10-01","passed","2026-10-01","Color Management — Add & Delete","","",""
"","1925","should create dynamic random color via API and verify through UI","bs-iphone-15","2026-10-01","passed","2026-10-01","Random Data Testing with faker.js","","",""
"","1484","clicking the backdrop closes the picker","bs-firefox-win11","2026-10-01","passed","2026-10-01","Color Management — Add & Delete","","",""
"","2454","should not have any automatically detectable accessibility issues","Chrome","2026-10-01","passed","2026-10-01","Accessibility Tests","tests/a11y.spec.ts","",""
"","597","should return 409 for duplicate color creation","bs-firefox-win11","2026-10-01","passed","2026-10-01","Backend API Integration > POST /api/colors Schema Validation","","",""
"","74","should reject empty name","bs-iphone-15","2026-10-01","passed","2026-10-01","Backend API Integration > POST /api/colors Schema Validation","","",""
"","934","clicking ""+ Add color"" opens the picker modal","bs-chrome-win11","2026-10-01","passed","2026-10-01","Color Management — Add & Delete","","",""
"","177","should return 404 for non-existent color deletion","bs-safari-ventura","2026-10-01","passed","2026-10-01","Backend API Integration > DELETE /api/colors/:name","","",""
"","72","malformed JSON body returns 400","bs-safari-ventura","2026-10-01","passed","2026-10-01","Security > Input Validation","","",""
"","4070","shows 409 duplicate error from server inside the picker","bs-firefox-win11","2026-10-01","passed","2026-10-01","Color Management — Add & Delete","","",""
"","591","should gracefully handle a color not found in the database","Chrome","2026-10-01","passed","2026-10-01","Network Mocking & Interception","tests/network-mocking.spec.ts","",""
"","795","should handle color click network failure gracefully","bs-pixel-7","2026-10-01","passed","2026-10-01","UI Error Handling Coverage","","",""
"","70","PATCH /api/colors/:name returns 405","bs-pixel-7","2026-10-01","passed","2026-10-01","Security > HTTP Method Restrictions","","",""
"","4","Server Unit Tests POST /api/colors returns 400 for name with only spaces","","2026-10-01","passed","2026-10-01","","Server Unit Tests","Server Unit Tests POST /api/colors returns 400 for name with only spaces",""
"","1370","handle initial fetch error","bs-safari-ventura","2026-10-01","passed","2026-10-01","Edge cases and error handling","","",""
"","6","Server Unit Tests 405 Method Not Allowed does not return 405 for allowed PUT method on /api/colors/:name","","2026-10-01","passed","2026-10-01","","Server Unit Tests","Server Unit Tests 405 Method Not Allowed does not return 405 for allowed PUT method on /api/colors/:name",""
"","2284","clicking a chip makes it active","bs-safari-ventura","2026-10-01","passed","2026-10-01","Color Management — Add & Delete","","",""
"","4","Server Unit Tests POST /api/colors returns 400 for name with whitespace","","2026-10-01","passed","2026-10-01","","Server Unit Tests","Server Unit Tests POST /api/colors returns 400 for name with whitespace",""
"","690","handle color response missing hex property","bs-pixel-7","2026-10-01","passed","2026-10-01","Edge cases and error handling","","",""
"","1648","cancel in confirm dialog closes it without deleting","bs-chrome-win11","2026-10-01","passed","2026-10-01","Color Management — Add & Delete","","",""
"","2978","cancel in confirm dialog closes it without deleting","bs-iphone-15","2026-10-01","passed","2026-10-01","Color Management — Add & Delete","","",""
"","1065","should display all core elements and handle button interaction","Chrome","2026-10-01","passed","2026-10-01","Responsive Design – iPhone SE (375×667)","","",""
"","5","Server Unit Tests Middleware includes CORS headers","","2026-10-01","passed","2026-10-01","","Server Unit Tests","Server Unit Tests Middleware includes CORS headers",""
"","1053","should show loading state when API returns empty colors","bs-safari-ventura","2026-10-01","passed","2026-10-01","UI Error Handling Coverage","","",""
"","770","first color chip is active on load (aria-pressed=true)","Chrome","2026-10-01","passed","2026-10-01","Color Management — Add & Delete","tests/color-management.spec.ts","",""
"","1431","should meet the accessibility threshold using Google Lighthouse","bs-safari-ventura","2026-10-01","skipped","2026-10-01","Accessibility Tests","","",""
"","7","Server Integration Tests (Testcontainers) GET /api/colors/:name should return correct data for Turquoise","","2026-10-01","passed","2026-10-01","","Server Integration Tests (Testcontainers)","Server Integration Tests (Testcontainers) GET /api/colors/:name should return correct data for Turquoise",""
"","4","Server Unit Tests POST /api/colors returns 400 when hex is missing","","2026-10-01","passed","2026-10-01","","Server Unit Tests","Server Unit Tests POST /api/colors returns 400 when hex is missing",""
"","3534","shows client-side ""Name is required"" when submitting empty name","bs-iphone-15","2026-10-01","passed","2026-10-01","Color Management — Add & Delete","","",""
"","1369","successful delete removes the chip","bs-pixel-7","2026-10-01","passed","2026-10-01","Color Management — Add & Delete","","",""
"","949","handle color selection fetch error","bs-chrome-win11","2026-10-01","passed","2026-10-01","Edge cases and error handling","","",""
"","682","verify Yellow ( #f1c40f ) is applied as the background color","Chrome","2026-10-01","passed","2026-10-01","POM Refactored: Background color tests","tests/pom-refactored.spec.ts","",""
"","358","Server Unit Tests Surviving Mutants & Edge Cases Infrastructure uses MONGO_URI from environment if available","","2026-10-01","passed","2026-10-01","","Server Unit Tests","Server Unit Tests Surviving Mutants & Edge Cases Infrastructure uses MONGO_URI from environment if available",""
"","73","malformed JSON body returns 400","bs-iphone-15","2026-10-01","passed","2026-10-01","Security > Input Validation","","",""
"","5","Server Unit Tests POST /api/colors returns 400 for invalid hex format (too short)","","2026-10-01","passed","2026-10-01","","Server Unit Tests","Server Unit Tests POST /api/colors returns 400 for invalid hex format (too short)",""
"","81","PATCH /api/colors returns 405","bs-pixel-7","2026-10-01","passed","2026-10-01","Security > HTTP Method Restrictions","","",""
"","29","GET /api/colors should return all colors","Chrome","2026-10-01","passed","2026-10-01","Backend API Integration","","",""
"","2391","should create color via API and verify through UI","bs-iphone-15","2026-10-01","passed","2026-10-01","Hybrid E2E Testing","","",""
"","5","Server Unit Tests Surviving Mutants & Edge Cases Rate Limiting & Security kills mutants by verifying x-ratelimit headers","","2026-10-01","passed","2026-10-01","","Server Unit Tests","Server Unit Tests Surviving Mutants & Edge Cases Rate Limiting & Security kills mutants by verifying x-ratelimit headers",""
"","529","should return 409 for duplicate color creation","bs-pixel-7","2026-10-01","passed","2026-10-01","Backend API Integration > POST /api/colors Schema Validation","","",""
"","1765","Cancel button closes the picker","bs-firefox-win11","2026-10-01","passed","2026-10-01","Color Management — Add & Delete","","",""
"","98","should reject invalid hex format on update","bs-safari-ventura","2026-10-01","passed","2026-10-01","Backend API Integration > PUT /api/colors/:name Schema Validation","","",""
"","41","Server Unit Tests GET /api/colors returns all seeded colors with correct names and hex values","","2026-10-01","passed","2026-10-01","","Server Unit Tests","Server Unit Tests GET /api/colors returns all seeded colors with correct names and hex values",""
"","384","Server Integration Tests (Testcontainers) GET /api/colors should retrieve all seeded colors","","2026-10-01","passed","2026-10-01","","Server Integration Tests (Testcontainers)","Server Integration Tests (Testcontainers) GET /api/colors should retrieve all seeded colors",""
"","1037","cancel in confirm dialog closes it without deleting","Chrome","2026-10-01","passed","2026-10-01","Color Management — Add & Delete","tests/color-management.spec.ts","",""
"","2144","should not have any automatically detectable accessibility issues","bs-pixel-7","2026-10-01","passed","2026-10-01","Accessibility Tests","","",""
"","70","empty body on POST returns 400","bs-safari-ventura","2026-10-01","passed","2026-10-01","Security > Input Validation","","",""
"","3121","homepage after color change","percy","2026-10-01","passed","2026-10-01","Percy Visual Regression – Production > Percy – mobile (375×667)","","",""
"","66","should reject omitting both name and hex on update","bs-chrome-win11","2026-10-01","passed","2026-10-01","Backend API Integration > PUT /api/colors/:name Schema Validation","","",""
"","59","should reject invalid hex format on update","bs-pixel-7","2026-10-01","passed","2026-10-01","Backend API Integration > PUT /api/colors/:name Schema Validation","","",""
"","827","verify Turquoise ( #1abc9c ) is applied as the background color","Chrome","2026-10-01","passed","2026-10-01","POM Refactored: Background color tests","tests/pom-refactored.spec.ts","",""
"","12","should reject omitting both name and hex on update","Chrome","2026-10-01","passed","2026-10-01","Backend API Integration > PUT /api/colors/:name Schema Validation","","",""
"","6385","should not have any automatically detectable accessibility issues","bs-chrome-win11","2026-10-01","passed","2026-10-01","Accessibility Tests","","",""
"","1211","handle color response missing hex property","bs-firefox-win11","2026-10-01","passed","2026-10-01","Edge cases and error handling","","",""
"","58","should reject invalid hex format","bs-iphone-15","2026-10-01","passed","2026-10-01","Backend API Integration > POST /api/colors Schema Validation","","",""
"","64","PUT /openapi.json returns 405","bs-safari-ventura","2026-10-01","passed","2026-10-01","Security > HTTP Method Restrictions","","",""
"","1164","shows server-error message on 500 inside the picker","bs-pixel-7","2026-10-01","passed","2026-10-01","Color Management — Add & Delete","","",""
"","1342","Escape key closes the confirm dialog","bs-iphone-15","2026-10-01","passed","2026-10-01","Color Management — Add & Delete","","",""
"","1915","verify Yellow ( #f1c40f ) is applied as the background color","bs-iphone-15","2026-10-01","passed","2026-10-01","Background color tests","","",""
"","5526","should maintain accessibility in en language and verify resilient locators","bs-safari-ventura","2026-10-01","passed","2026-10-01","i18n Accessibility Tests","","",""
"","4","Server Unit Tests PUT /api/colors/:name returns 400 for invalid name with special characters","","2026-10-01","passed","2026-10-01","","Server Unit Tests","Server Unit Tests PUT /api/colors/:name returns 400 for invalid name with special characters",""
"","104","should reject missing name","bs-chrome-win11","2026-10-01","passed","2026-10-01","Backend API Integration > POST /api/colors Schema Validation","","",""
"","1139","changing color to Turquoise should reflect in UI and DOM","bs-pixel-7","2026-10-01","passed","2026-10-01","Data-Driven Testing","","",""
"","66","POST with javascript: URI in name is rejected (400)","bs-firefox-win11","2026-10-01","passed","2026-10-01","Security > XSS Prevention","","",""
"","2265","verify Turquoise ( #1abc9c ) is applied as the background color","bs-safari-ventura","2026-10-01","passed","2026-10-01","Background color tests","","",""
"","89","POST /api-docs returns 405","bs-safari-ventura","2026-10-01","passed","2026-10-01","Security > HTTP Method Restrictions","","",""
"","81","NoSQL $where operator in name is rejected (400)","bs-firefox-win11","2026-10-01","passed","2026-10-01","Security > Injection Prevention","","",""
"","231","NoSQL operator in GET path param is rejected (400 or 404)","bs-chrome-win11","2026-10-01","passed","2026-10-01","Security > Injection Prevention","","",""
"","665","verify language switcher changes document language","bs-pixel-7","2026-10-01","passed","2026-10-01","","","",""
"","749","should show loading state when API returns empty colors","bs-chrome-win11","2026-10-01","passed","2026-10-01","UI Error Handling Coverage","","",""
"","59","GET /api/colors/Turquoise should return the correct hex code","Chrome","2026-10-01","passed","2026-10-01","Backend API Integration","","",""
"","4178","shows server-error message on 500 inside the picker","bs-safari-ventura","2026-10-01","passed","2026-10-01","Color Management — Add & Delete","","",""
"","1898","changing color to Yellow should reflect in UI and DOM","bs-iphone-15","2026-10-01","passed","2026-10-01","Data-Driven Testing","","",""
"","64","NoSQL $where operator in name is rejected (400)","bs-iphone-15","2026-10-01","passed","2026-10-01","Security > Injection Prevention","","",""
"","137","malformed JSON body returns 400","bs-firefox-win11","2026-10-01","passed","2026-10-01","Security > Input Validation","","",""
"","189","should return 404 for non-existent color deletion","bs-pixel-7","2026-10-01","passed","2026-10-01","Backend API Integration > DELETE /api/colors/:name","","",""
"","531","should create a new color with valid schema","bs-safari-ventura","2026-10-01","passed","2026-10-01","Backend API Integration > POST /api/colors Schema Validation","","",""
"","100","PUT /openapi.json returns 405","bs-pixel-7","2026-10-01","passed","2026-10-01","Security > HTTP Method Restrictions","","",""
"","1341","check Turquoise ( #1abc9c) is the default background color.","bs-safari-ventura","2026-10-01","passed","2026-10-01","","","",""
"","1543","changing color to Red should reflect in UI and DOM","bs-chrome-win11","2026-10-01","passed","2026-10-01","Data-Driven Testing","","",""
"","901","verify Yellow ( #f1c40f ) is applied as the background color","Chrome","2026-10-01","passed","2026-10-01","Background color tests","tests/coverage.spec.ts","",""
"","1543","verify Red ( #e74c3c ) is applied as the background color","bs-safari-ventura","2026-10-01","passed","2026-10-01","POM Refactored: Background color tests","","",""
"","11","Server Integration Tests (Testcontainers) PUT /api/colors/:name should update the hex of an existing color and persist it in the real database","","2026-10-01","passed","2026-10-01","","Server Integration Tests (Testcontainers)","Server Integration Tests (Testcontainers) PUT /api/colors/:name should update the hex of an existing color and persist it in the real database",""
"","24","POST with script tag in name is rejected (400)","Chrome","2026-10-01","passed","2026-10-01","Security > XSS Prevention","tests/security.spec.ts","",""
"","67","PUT /openapi.json returns 405","bs-iphone-15","2026-10-01","passed","2026-10-01","Security > HTTP Method Restrictions","","",""
"","67","error responses return JSON, not HTML (no info leakage)","bs-iphone-15","2026-10-01","passed","2026-10-01","Security > Security Headers","","",""
"","100","malformed JSON body returns 400","bs-pixel-7","2026-10-01","passed","2026-10-01","Security > Input Validation","","",""
"","1310","verify Yellow ( #f1c40f ) is applied as the background color","bs-chrome-win11","2026-10-01","passed","2026-10-01","Background color tests","","",""
"","862","should gracefully handle a color not found in the database","bs-chrome-win11","2026-10-01","passed","2026-10-01","Network Mocking & Interception","","",""
"","159","Server Integration Tests (Testcontainers) PUT /api/colors/:name should update both name and hex simultaneously","","2026-10-01","passed","2026-10-01","","Server Integration Tests (Testcontainers)","Server Integration Tests (Testcontainers) PUT /api/colors/:name should update both name and hex simultaneously",""
"","4249","mobile color picker workflow","percy","2026-10-01","passed","2026-10-01","Percy Visual Regression – Production > Percy – Mobile Interactions","","",""
"","9","Server Integration Tests (Testcontainers) DELETE /api/colors/:name should delete a color and confirm removal from the real database","","2026-10-01","passed","2026-10-01","","Server Integration Tests (Testcontainers)","Server Integration Tests (Testcontainers) DELETE /api/colors/:name should delete a color and confirm removal from the real database",""
"","1395","color names rendered in the UI do not trigger script execution","Chrome","2026-10-01","passed","2026-10-01","Security > XSS Prevention","tests/security.spec.ts","",""
"","1453","successfully adds a new color and shows its chip","Chrome","2026-10-01","passed","2026-10-01","Color Management — Add & Delete","tests/color-management.spec.ts","",""
"","3","Server Unit Tests Surviving Mutants & Edge Cases OpenAPI Content-Type has application/json content-type","","2026-10-01","passed","2026-10-01","","Server Unit Tests","Server Unit Tests Surviving Mutants & Edge Cases OpenAPI Content-Type has application/json content-type",""
"","1772","verify Turquoise ( #1abc9c ) is applied as the background color","bs-firefox-win11","2026-10-01","passed","2026-10-01","Background color tests","","",""
"","324","Server Unit Tests Surviving Mutants & Edge Cases Port Fallback reflects process.env.PORT in Swagger servers","","2026-10-01","passed","2026-10-01","","Server Unit Tests","Server Unit Tests Surviving Mutants & Edge Cases Port Fallback reflects process.env.PORT in Swagger servers",""
"","20","GET /api/colors/Yellow should return the correct hex code","Chrome","2026-10-01","passed","2026-10-01","Backend API Integration","","",""
"","1250","verify Red ( #e74c3c ) is applied as the background color","bs-firefox-win11","2026-10-01","passed","2026-10-01","Background color tests","","",""
"","69","SQL injection characters in name are rejected (400)","bs-safari-ventura","2026-10-01","passed","2026-10-01","Security > Injection Prevention","","",""
"","1240","verify Yellow ( #f1c40f ) is applied as the background color","bs-pixel-7","2026-10-01","passed","2026-10-01","Background color tests","","",""
"","19245","should load the application and verify core functionality across browsers","WebKit","2026-10-01","passed","2026-10-01","Cross-Browser Core Functionality","","",""
"","3953","shows client-side ""Name is required"" when submitting empty name","bs-safari-ventura","2026-10-01","passed","2026-10-01","Color Management — Add & Delete","","",""
"","6","Server Integration Tests (Testcontainers) PUT /api/colors/:name should return 400 for invalid name in URL path","","2026-10-01","passed","2026-10-01","","Server Integration Tests (Testcontainers)","Server Integration Tests (Testcontainers) PUT /api/colors/:name should return 400 for invalid name in URL path",""
"","65","POST with script tag in name is rejected (400)","bs-firefox-win11","2026-10-01","passed","2026-10-01","Security > XSS Prevention","","",""
"","75","PATCH /api/colors returns 405","bs-iphone-15","2026-10-01","passed","2026-10-01","Security > HTTP Method Restrictions","","",""
"","4","Server Unit Tests PUT /api/colors/:name returns 404 for a non-existent color","","2026-10-01","passed","2026-10-01","","Server Unit Tests","Server Unit Tests PUT /api/colors/:name returns 404 for a non-existent color",""
"","76","error responses return JSON, not HTML (no info leakage)","bs-firefox-win11","2026-10-01","passed","2026-10-01","Security > Security Headers","","",""
"","28","Server Unit Tests Surviving Mutants & Edge Cases Strict Path & Method Validation kills allowedMethods mutants by exhaustive testing","","2026-10-01","passed","2026-10-01","","Server Unit Tests","Server Unit Tests Surviving Mutants & Edge Cases Strict Path & Method Validation kills allowedMethods mutants by exhaustive testing",""
"","96","SQL injection characters in name are rejected (400)","bs-chrome-win11","2026-10-01","passed","2026-10-01","Security > Injection Prevention","","",""
"","1","homepage initial state","Chrome","2026-10-01","skipped","2026-10-01","Percy Visual Regression – Production > Percy – desktop (1280×720)","","",""
"","117","POST with javascript: URI in name is rejected (400)","bs-iphone-15","2026-10-01","passed","2026-10-01","Security > XSS Prevention","","",""
"","218","GET /api/colors/Yellow should return the correct hex code","bs-safari-ventura","2026-10-01","passed","2026-10-01","Backend API Integration","","",""
"","2013","successfully adds a new color and shows its chip","bs-firefox-win11","2026-10-01","passed","2026-10-01","Color Management — Add & Delete","","",""
"","2211","successfully adds a new color and shows its chip","bs-chrome-win11","2026-10-01","passed","2026-10-01","Color Management — Add & Delete","","",""
"","786","Show loading state when the API returns an empty colors list","BDD","2026-10-01","passed","2026-10-01","API Error Handling","","",""
"","999","verify Turquoise ( #1abc9c ) is applied as the background color","Chrome","2026-10-01","passed","2026-10-01","Background color tests","tests/coverage.spec.ts","",""
"","200","GET /api/colors/:name should return 404 for non-existent color","bs-firefox-win11","2026-10-01","passed","2026-10-01","Backend API Integration","","",""
"","80","SQL injection characters in name are rejected (400)","bs-pixel-7","2026-10-01","passed","2026-10-01","Security > Injection Prevention","","",""
"","4","Server Unit Tests 405 Method Not Allowed returns 405 for PATCH on /api/colors","","2026-10-01","passed","2026-10-01","","Server Unit Tests","Server Unit Tests 405 Method Not Allowed returns 405 for PATCH on /api/colors",""
"","76","POST with script tag in name is rejected (400)","bs-safari-ventura","2026-10-01","passed","2026-10-01","Security > XSS Prevention","","",""
"","16","should reject invalid hex format on update","Chrome","2026-10-01","passed","2026-10-01","Backend API Integration > PUT /api/colors/:name Schema Validation","","",""
"","6","Server Unit Tests GET /api/colors/:name returns Turquoise color correctly","","2026-10-01","passed","2026-10-01","","Server Unit Tests","Server Unit Tests GET /api/colors/:name returns Turquoise color correctly",""
"","713","should handle fetch colors network failure gracefully","bs-chrome-win11","2026-10-01","passed","2026-10-01","UI Error Handling Coverage","","",""
"","163","should reject invalid hex format","bs-safari-ventura","2026-10-01","passed","2026-10-01","Backend API Integration > POST /api/colors Schema Validation","","",""
"","15","Server Integration Tests (Testcontainers) POST /api/reseed should reseed the database to the three default colors with a valid token","","2026-10-01","passed","2026-10-01","","Server Integration Tests (Testcontainers)","Server Integration Tests (Testcontainers) POST /api/reseed should reseed the database to the three default colors with a valid token",""
"","393","should delete an existing color","bs-pixel-7","2026-10-01","passed","2026-10-01","Backend API Integration > DELETE /api/colors/:name","","",""
"","1263","Cancel button closes the picker","bs-pixel-7","2026-10-01","passed","2026-10-01","Color Management — Add & Delete","","",""
"","85","oversized payload is rejected (413)","bs-iphone-15","2026-10-01","passed","2026-10-01","Security > Input Validation","","",""
"","62","should reject omitting both name and hex on update","bs-firefox-win11","2026-10-01","passed","2026-10-01","Backend API Integration > PUT /api/colors/:name Schema Validation","","",""
"","8","Server Unit Tests Surviving Mutants & Edge Cases PUT logic kills name/hex conditional mutants by providing only one field","","2026-10-01","passed","2026-10-01","","Server Unit Tests","Server Unit Tests Surviving Mutants & Edge Cases PUT logic kills name/hex conditional mutants by providing only one field",""
"","1269","verify Turquoise ( #1abc9c ) is applied as the background color","bs-pixel-7","2026-10-01","passed","2026-10-01","Background color tests","","",""
"","1291","close (×) button closes the picker","bs-chrome-win11","2026-10-01","passed","2026-10-01","Color Management — Add & Delete","","",""
"","35","should return 409 for duplicate color creation","Chrome","2026-10-01","passed","2026-10-01","Backend API Integration > POST /api/colors Schema Validation","","",""
"","226","homepage should match snapshot","percy","2026-10-01","skipped","2026-10-01","Visual Regression – iphone-se (375×667)","","",""
"","680","should update a color with valid schema","bs-safari-ventura","2026-10-01","passed","2026-10-01","Backend API Integration > PUT /api/colors/:name Schema Validation","","",""
"","4","Server Unit Tests Surviving Mutants & Edge Cases Swagger Metadata & OpenAPI has exact server metadata","","2026-10-01","passed","2026-10-01","","Server Unit Tests","Server Unit Tests Surviving Mutants & Edge Cases Swagger Metadata & OpenAPI has exact server metadata",""
"","3855","should not have any automatically detectable accessibility issues","bs-firefox-win11","2026-10-01","passed","2026-10-01","Accessibility Tests","","",""
"","85","unknown extra fields in POST body are rejected (400)","bs-iphone-15","2026-10-01","passed","2026-10-01","Security > Input Validation","","",""
"","97","SQL injection characters in name are rejected (400)","bs-firefox-win11","2026-10-01","passed","2026-10-01","Security > Injection Prevention","","",""
"","3963","shows client-side validation error for invalid name chars","bs-iphone-15","2026-10-01","passed","2026-10-01","Color Management — Add & Delete","","",""
"","487","handle initial fetch error","Chrome","2026-10-01","passed","2026-10-01","Edge cases and error handling","tests/coverage.spec.ts","",""
"","4","Server Integration Tests (Testcontainers) POST /api/reseed should return 401 when token is invalid","","2026-10-01","passed","2026-10-01","","Server Integration Tests (Testcontainers)","Server Integration Tests (Testcontainers) POST /api/reseed should return 401 when token is invalid",""
"","235","GET /api/colors/Turquoise should return the correct hex code","bs-firefox-win11","2026-10-01","passed","2026-10-01","Backend API Integration","","",""
"","1318","shows 409 duplicate error from server inside the picker","Chrome","2026-10-01","passed","2026-10-01","Color Management — Add & Delete","tests/color-management.spec.ts","",""
"","2566","should maintain accessibility in es language and verify resilient locators","bs-chrome-win11","2026-10-01","passed","2026-10-01","i18n Accessibility Tests","","",""
"","216","GET /api/colors/:name should return 404 for non-existent color","bs-iphone-15","2026-10-01","passed","2026-10-01","Backend API Integration","","",""
"","2222","should display colors that do not exist in the database","bs-firefox-win11","2026-10-01","passed","2026-10-01","Network Mocking & Interception","","",""
"","17","NoSQL injection object in name is rejected (400)","Chrome","2026-10-01","passed","2026-10-01","Security > Injection Prevention","tests/security.spec.ts","",""
"","598","should handle fetch colors network failure gracefully","bs-pixel-7","2026-10-01","passed","2026-10-01","UI Error Handling Coverage","","",""
"","13","SQL injection characters in name are rejected (400)","Chrome","2026-10-01","passed","2026-10-01","Security > Injection Prevention","tests/security.spec.ts","",""
"","1208","handle color selection fetch error","bs-firefox-win11","2026-10-01","passed","2026-10-01","Edge cases and error handling","","",""
"","65","POST with javascript: URI in name is rejected (400)","bs-pixel-7","2026-10-01","passed","2026-10-01","Security > XSS Prevention","","",""
"","2010","deleting the active color switches background to the first remaining","bs-chrome-win11","2026-10-01","passed","2026-10-01","Color Management — Add & Delete","","",""
"","11","Server Unit Tests Surviving Mutants & Edge Cases Regex & Validation STRICT_NAME_REGEX is strict on forbidden special characters in the middle","","2026-10-01","passed","2026-10-01","","Server Unit Tests","Server Unit Tests Surviving Mutants & Edge Cases Regex & Validation STRICT_NAME_REGEX is strict on forbidden special characters in the middle",""
"","89","array body on POST returns 400","bs-chrome-win11","2026-10-01","passed","2026-10-01","Security > Input Validation","","",""
"","86","NoSQL $where operator in name is rejected (400)","bs-chrome-win11","2026-10-01","passed","2026-10-01","Security > Injection Prevention","","",""
"","30","should return 404 for non-existent color deletion","Chrome","2026-10-01","passed","2026-10-01","Backend API Integration > DELETE /api/colors/:name","tests/api.spec.ts","",""
"","146","should reject omitting both name and hex on update","bs-safari-ventura","2026-10-01","passed","2026-10-01","Backend API Integration > PUT /api/colors/:name Schema Validation","","",""
"","3","Server Unit Tests Error Handling GET /api/colors returns 500 when database fails","","2026-10-01","passed","2026-10-01","","Server Unit Tests","Server Unit Tests Error Handling GET /api/colors returns 500 when database fails",""
"","111","PATCH /api/colors/:name returns 405","bs-firefox-win11","2026-10-01","passed","2026-10-01","Security > HTTP Method Restrictions","","",""
"","240","GET /api/colors should return all colors","bs-firefox-win11","2026-10-01","passed","2026-10-01","Backend API Integration","","",""
"","471","homepage should match snapshot","percy","2026-10-01","skipped","2026-10-01","Visual Regression – desktop (1280×720)","","",""
"","90","PATCH /api/colors returns 405","bs-firefox-win11","2026-10-01","passed","2026-10-01","Security > HTTP Method Restrictions","","",""
"","1462","clicking a chip makes it active","bs-firefox-win11","2026-10-01","passed","2026-10-01","Color Management — Add & Delete","","",""
"","4","Server Unit Tests POST /api/reseed returns 500 when seedDatabase throws","","2026-10-01","passed","2026-10-01","","Server Unit Tests","Server Unit Tests POST /api/reseed returns 500 when seedDatabase throws",""
"","3","Server Unit Tests DELETE /api/colors/:name returns 400 for invalid name in path (regex check)","","2026-10-01","passed","2026-10-01","","Server Unit Tests","Server Unit Tests DELETE /api/colors/:name returns 400 for invalid name in path (regex check)",""
"","4","Server Unit Tests Middleware does not include X-Powered-By header","","2026-10-01","passed","2026-10-01","","Server Unit Tests","Server Unit Tests Middleware does not include X-Powered-By header",""
"","5","Server Integration Tests (Testcontainers) PUT /api/colors/:name should return 400 when update body is empty","","2026-10-01","passed","2026-10-01","","Server Integration Tests (Testcontainers)","Server Integration Tests (Testcontainers) PUT /api/colors/:name should return 400 when update body is empty",""
"","1988","color names rendered in the UI do not trigger script execution","bs-safari-ventura","2026-10-01","passed","2026-10-01","Security > XSS Prevention","","",""
"","9","Server Unit Tests 405 Method Not Allowed returns 405 for POST, PUT, DELETE on /api-docs","","2026-10-01","passed","2026-10-01","","Server Unit Tests","Server Unit Tests 405 Method Not Allowed returns 405 for POST, PUT, DELETE on /api-docs",""
"","84","DELETE /api/colors (collection) returns 405","bs-firefox-win11","2026-10-01","passed","2026-10-01","Security > HTTP Method Restrictions","","",""
"","178","X-Powered-By header is not exposed","bs-firefox-win11","2026-10-01","passed","2026-10-01","Security > Security Headers","","",""
"","3247","homepage initial state","percy","2026-10-01","passed","2026-10-01","Percy Visual Regression – Production > Percy – tablet (768×1024)","","",""
"","2218","should maintain accessibility in el language and verify resilient locators","bs-chrome-win11","2026-10-01","passed","2026-10-01","i18n Accessibility Tests","","",""
"","7","Server Integration Tests (Testcontainers) GET /api/colors/:name should not expose _id or __v fields","","2026-10-01","passed","2026-10-01","","Server Integration Tests (Testcontainers)","Server Integration Tests (Testcontainers) GET /api/colors/:name should not expose _id or __v fields",""
"","2494","should maintain accessibility after state change (color update)","Chrome","2026-10-01","passed","2026-10-01","Accessibility Tests","tests/a11y.spec.ts","",""
"","167","should return 404 for non-existent color deletion","bs-chrome-win11","2026-10-01","passed","2026-10-01","Backend API Integration > DELETE /api/colors/:name","","",""
"","931","verify Red ( #e74c3c ) is applied as the background color","bs-pixel-7","2026-10-01","passed","2026-10-01","POM Refactored: Background color tests","","",""
"","773","chip-x click opens confirm dialog with color name","Chrome","2026-10-01","passed","2026-10-01","Color Management — Add & Delete","tests/color-management.spec.ts","",""
"","243","GET /api/colors/Turquoise should return the correct hex code","bs-iphone-15","2026-10-01","passed","2026-10-01","Backend API Integration","","",""
"","527","POST /api/reseed","","","passed","","","schemathesis","",""
"","2671","should create color via API and verify through UI","bs-firefox-win11","2026-10-01","passed","2026-10-01","Hybrid E2E Testing","","",""
"","1603","should create color via API and verify through UI","bs-pixel-7","2026-10-01","passed","2026-10-01","Hybrid E2E Testing","","",""
"","96","should reject updating with empty name","bs-chrome-win11","2026-10-01","passed","2026-10-01","Backend API Integration > PUT /api/colors/:name Schema Validation","","",""
"","70","should reject omitting both name and hex on update","bs-pixel-7","2026-10-01","passed","2026-10-01","Backend API Integration > PUT /api/colors/:name Schema Validation","","",""
"","5","Server Unit Tests 405 Method Not Allowed does not return 405 for allowed GET method on /api/colors","","2026-10-01","passed","2026-10-01","","Server Unit Tests","Server Unit Tests 405 Method Not Allowed does not return 405 for allowed GET method on /api/colors",""
"","89","should reject invalid hex format","bs-pixel-7","2026-10-01","passed","2026-10-01","Backend API Integration > POST /api/colors Schema Validation","","",""
"","502","homepage should match snapshot","percy","2026-10-01","skipped","2026-10-01","Visual Regression – desktop-xl (1920×1080)","","",""
"","19","Server Integration Tests (Testcontainers) End-to-end CRUD workflow should create, read, update, and delete a color in sequence","","2026-10-01","passed","2026-10-01","","Server Integration Tests (Testcontainers)","Server Integration Tests (Testcontainers) End-to-end CRUD workflow should create, read, update, and delete a color in sequence",""
"","2076","should create dynamic random color via API and verify through UI","bs-safari-ventura","2026-10-01","passed","2026-10-01","Random Data Testing with faker.js","","",""
"","81","unknown extra fields in POST body are rejected (400)","bs-safari-ventura","2026-10-01","passed","2026-10-01","Security > Input Validation","","",""
"","13","unknown extra fields in POST body are rejected (400)","Chrome","2026-10-01","passed","2026-10-01","Security > Input Validation","tests/security.spec.ts","",""
"","1015","shows a chip for each color with a swatch, name, and delete button","bs-iphone-15","2026-10-01","passed","2026-10-01","Color Management — Add & Delete","","",""
"","583","should return 409 for duplicate color creation","bs-chrome-win11","2026-10-01","passed","2026-10-01","Backend API Integration > POST /api/colors Schema Validation","","",""
"","11","error responses return JSON, not HTML (no info leakage)","Chrome","2026-10-01","passed","2026-10-01","Security > Security Headers","tests/security.spec.ts","",""
"","174","oversized payload is rejected (413)","bs-firefox-win11","2026-10-01","passed","2026-10-01","Security > Input Validation","","",""
"","71","PATCH /api/colors/:name returns 405","bs-iphone-15","2026-10-01","passed","2026-10-01","Security > HTTP Method Restrictions","","",""
"","1888","chip-x click opens confirm dialog with color name","bs-safari-ventura","2026-10-01","passed","2026-10-01","Color Management — Add & Delete","","",""
"","981","delete API error shows alert banner","Chrome","2026-10-01","passed","2026-10-01","Color Management — Add & Delete","tests/color-management.spec.ts","",""
"","122","oversized payload is rejected (413)","bs-safari-ventura","2026-10-01","passed","2026-10-01","Security > Input Validation","","",""
"","443","check Turquoise ( #1abc9c) is the default background color.","Chrome","2026-10-01","passed","2026-10-01","","tests/coverage.spec.ts","",""
"","180","X-Powered-By header is not exposed","bs-safari-ventura","2026-10-01","passed","2026-10-01","Security > Security Headers","","",""
"","241","GET /api/colors should return all colors","bs-safari-ventura","2026-10-01","passed","2026-10-01","Backend API Integration","","",""
"","4","Server Unit Tests POST /api/colors returns 400 for extra unknown fields (strict schema)","","2026-10-01","passed","2026-10-01","","Server Unit Tests","Server Unit Tests POST /api/colors returns 400 for extra unknown fields (strict schema)",""
"","454","should delete an existing color","bs-firefox-win11","2026-10-01","passed","2026-10-01","Backend API Integration > DELETE /api/colors/:name","","",""
"","208","GET /api/colors should return colors sorted alphabetically by name","bs-safari-ventura","2026-10-01","passed","2026-10-01","Backend API Integration","","",""
"","833","clicking the backdrop closes the picker","Chrome","2026-10-01","passed","2026-10-01","Color Management — Add & Delete","tests/color-management.spec.ts","",""
"","89","empty body on POST returns 400","bs-chrome-win11","2026-10-01","passed","2026-10-01","Security > Input Validation","","",""
"","10","Server Integration Tests (Testcontainers) GET /api/colors/:name should return 404 for a non-existent color","","2026-10-01","passed","2026-10-01","","Server Integration Tests (Testcontainers)","Server Integration Tests (Testcontainers) GET /api/colors/:name should return 404 for a non-existent color",""
"","510","changing color to Turquoise should reflect in UI and DOM","Chrome","2026-10-01","passed","2026-10-01","Data-Driven Testing","tests/data-driven.spec.ts","",""
"","1146","shows a chip for each color with a swatch, name, and delete button","bs-safari-ventura","2026-10-01","passed","2026-10-01","Color Management — Add & Delete","","",""
"","4","Server Unit Tests Middleware returns 413 for payload too large","","2026-10-01","passed","2026-10-01","","Server Unit Tests","Server Unit Tests Middleware returns 413 for payload too large",""
"","4135","successful delete removes the chip","bs-safari-ventura","2026-10-01","passed","2026-10-01","Color Management — Add & Delete","","",""
"","852","check Turquoise ( #1abc9c) is the default background color.","bs-pixel-7","2026-10-01","passed","2026-10-01","","","",""
"","10","Server Unit Tests GET /api/colors returns an empty array when no colors exist","","2026-10-01","passed","2026-10-01","","Server Unit Tests","Server Unit Tests GET /api/colors returns an empty array when no colors exist",""
"","197","GET /api/colors/Yellow should return the correct hex code","bs-firefox-win11","2026-10-01","passed","2026-10-01","Backend API Integration","","",""
"","1063","homepage should match snapshot","Chrome","2026-10-01","passed","2026-10-01","Visual Regression – iphone-landscape (667×375)","","",""
"","83","should reject omitting both name and hex on update","bs-iphone-15","2026-10-01","passed","2026-10-01","Backend API Integration > PUT /api/colors/:name Schema Validation","","",""
"","75","should reject invalid hex format on update","bs-chrome-win11","2026-10-01","passed","2026-10-01","Backend API Integration > PUT /api/colors/:name Schema Validation","","",""
"","4213","shows 409 duplicate error from server inside the picker","bs-safari-ventura","2026-10-01","passed","2026-10-01","Color Management — Add & Delete","","",""
"","1094","clicking the backdrop closes the picker","bs-pixel-7","2026-10-01","passed","2026-10-01","Color Management — Add & Delete","","",""
"","4548","should maintain accessibility in en language and verify resilient locators","bs-iphone-15","2026-10-01","passed","2026-10-01","i18n Accessibility Tests","","",""
"","11","Server Unit Tests POST /api/reseed returns 200 and reseeds the database with a valid token","","2026-10-01","passed","2026-10-01","","Server Unit Tests","Server Unit Tests POST /api/reseed returns 200 and reseeds the database with a valid token",""
"","4","Server Unit Tests 405 Method Not Allowed does not return 405 for allowed DELETE method on /api/colors/:name","","2026-10-01","passed","2026-10-01","","Server Unit Tests","Server Unit Tests 405 Method Not Allowed does not return 405 for allowed DELETE method on /api/colors/:name",""
"","956","should display all core elements and handle button interaction","percy","2026-10-01","skipped","2026-10-01","Responsive Design – iPhone SE (375×667)","","",""
"","630","should update a color with valid schema","bs-pixel-7","2026-10-01","passed","2026-10-01","Backend API Integration > PUT /api/colors/:name Schema Validation","","",""
"","1394","verify Turquoise ( #1abc9c ) is applied as the background color","bs-chrome-win11","2026-10-01","passed","2026-10-01","POM Refactored: Background color tests","","",""
"","171","POST with HTML tag in name is rejected (400)","bs-firefox-win11","2026-10-01","passed","2026-10-01","Security > XSS Prevention","","",""
"","365","GET /api/colors should return all colors","bs-chrome-win11","2026-10-01","passed","2026-10-01","Backend API Integration","","",""
"","153","SQL injection characters in name are rejected (400)","bs-iphone-15","2026-10-01","passed","2026-10-01","Security > Injection Prevention","","",""
"","946","should create dynamic random color via API and verify through UI","Chrome","2026-10-01","passed","2026-10-01","Random Data Testing with faker.js","tests/random-data.spec.ts","",""
"","10","Server Unit Tests PUT /api/colors/:name updates the name of an existing color and preserves hex","","2026-10-01","passed","2026-10-01","","Server Unit Tests","Server Unit Tests PUT /api/colors/:name updates the name of an existing color and preserves hex",""
"","55","POST with script tag in name is rejected (400)","bs-pixel-7","2026-10-01","passed","2026-10-01","Security > XSS Prevention","","",""
"","1607","should meet the accessibility threshold using Google Lighthouse","bs-iphone-15","2026-10-01","skipped","2026-10-01","Accessibility Tests","","",""
"","3972","clicking the backdrop closes the picker","bs-safari-ventura","2026-10-01","passed","2026-10-01","Color Management — Add & Delete","","",""
"","15","should reject empty name","Chrome","2026-10-01","passed","2026-10-01","Backend API Integration > POST /api/colors Schema Validation","","",""
"","13","should reject invalid hex format","Chrome","2026-10-01","passed","2026-10-01","Backend API Integration > POST /api/colors Schema Validation","","",""
"","5258","close (×) button closes the picker","bs-iphone-15","2026-10-01","passed","2026-10-01","Color Management — Add & Delete","","",""
"","425","should create a new color with valid schema","bs-pixel-7","2026-10-01","passed","2026-10-01","Backend API Integration > POST /api/colors Schema Validation","","",""
"","133","NoSQL injection object in name is rejected (400)","bs-iphone-15","2026-10-01","passed","2026-10-01","Security > Injection Prevention","","",""
"","1908","close (×) button closes the picker","bs-firefox-win11","2026-10-01","passed","2026-10-01","Color Management — Add & Delete","","",""
"","216","GET /api/colors/Red should return the correct hex code","bs-chrome-win11","2026-10-01","passed","2026-10-01","Backend API Integration","","",""
"","1499","changing color to Red should reflect in UI and DOM","bs-safari-ventura","2026-10-01","passed","2026-10-01","Data-Driven Testing","","",""
"","1471","should meet the accessibility threshold using Google Lighthouse","bs-firefox-win11","2026-10-01","skipped","2026-10-01","Accessibility Tests","","",""
"","872","Example #1","BDD","2026-10-01","passed","2026-10-01","Home Page Background Color > Change background color","","",""
"","3","Server Unit Tests Surviving Mutants & Edge Cases Swagger Metadata & OpenAPI has exact info metadata","","2026-10-01","passed","2026-10-01","","Server Unit Tests","Server Unit Tests Surviving Mutants & Edge Cases Swagger Metadata & OpenAPI has exact info metadata",""
"","1620","verify Yellow ( #f1c40f ) is applied as the background color","bs-firefox-win11","2026-10-01","passed","2026-10-01","POM Refactored: Background color tests","","",""
"","100","should reject missing hex","bs-chrome-win11","2026-10-01","passed","2026-10-01","Backend API Integration > POST /api/colors Schema Validation","","",""
"","1623","Escape key closes the confirm dialog","bs-firefox-win11","2026-10-01","passed","2026-10-01","Color Management — Add & Delete","","",""
"","446","homepage should match snapshot","percy","2026-10-01","skipped","2026-10-01","Visual Regression – tablet (768×1024)","","",""
"","4307","successfully adds a new color and shows its chip","bs-iphone-15","2026-10-01","passed","2026-10-01","Color Management — Add & Delete","","",""
"","5","Server Unit Tests POST /api/reseed returns 401 when Bearer scheme prefix is missing","","2026-10-01","passed","2026-10-01","","Server Unit Tests","Server Unit Tests POST /api/reseed returns 401 when Bearer scheme prefix is missing",""
"","83","DELETE /api/colors (collection) returns 405","bs-iphone-15","2026-10-01","passed","2026-10-01","Security > HTTP Method Restrictions","","",""
"","104","DELETE /api/colors (collection) returns 405","bs-safari-ventura","2026-10-01","passed","2026-10-01","Security > HTTP Method Restrictions","","",""
"","13","Server Unit Tests Error Handling POST /api/colors returns 500 when database fails (findOne)","","2026-10-01","passed","2026-10-01","","Server Unit Tests","Server Unit Tests Error Handling POST /api/colors returns 500 when database fails (findOne)",""
"","692","Example #2","BDD","2026-10-01","passed","2026-10-01","Language Switching > Switch language and verify translated UI labels","","",""
"","338","GET /api/colors/Turquoise should return the correct hex code","bs-safari-ventura","2026-10-01","passed","2026-10-01","Backend API Integration","","",""
"","4","Server Unit Tests POST /api/reseed returns 405 for GET on /api/reseed","","2026-10-01","passed","2026-10-01","","Server Unit Tests","Server Unit Tests POST /api/reseed returns 405 for GET on /api/reseed",""
"","5","Server Unit Tests Error Handling POST /api/colors returns 409 when database throws duplicate key error (code 11000)","","2026-10-01","passed","2026-10-01","","Server Unit Tests","Server Unit Tests Error Handling POST /api/colors returns 409 when database throws duplicate key error (code 11000)",""
"","10","Server Integration Tests (Testcontainers) GET /api/colors should return an empty array after all colors are deleted","","2026-10-01","passed","2026-10-01","","Server Integration Tests (Testcontainers)","Server Integration Tests (Testcontainers) GET /api/colors should return an empty array after all colors are deleted",""
"","67","should reject updating with empty name","bs-pixel-7","2026-10-01","passed","2026-10-01","Backend API Integration > PUT /api/colors/:name Schema Validation","","",""
"","236","GET /api/colors/Red should return the correct hex code","bs-iphone-15","2026-10-01","passed","2026-10-01","Backend API Integration","","",""
"","5","Server Unit Tests Surviving Mutants & Edge Cases Regex & Validation Zod required_error messages are correct","","2026-10-01","passed","2026-10-01","","Server Unit Tests","Server Unit Tests Surviving Mutants & Edge Cases Regex & Validation Zod required_error messages are correct",""
"","1560","verify Red ( #e74c3c ) is applied as the background color","bs-safari-ventura","2026-10-01","passed","2026-10-01","Background color tests","","",""
"","73","error responses return JSON, not HTML (no info leakage)","bs-pixel-7","2026-10-01","passed","2026-10-01","Security > Security Headers","","",""
"","176","GET /api/colors should return colors sorted alphabetically by name","bs-pixel-7","2026-10-01","passed","2026-10-01","Backend API Integration","","",""
"","8","Server Integration Tests (Testcontainers) Concurrent writes should handle parallel GETs without errors","","2026-10-01","passed","2026-10-01","","Server Integration Tests (Testcontainers)","Server Integration Tests (Testcontainers) Concurrent writes should handle parallel GETs without errors",""
"","4936","successfully adds a new color and shows its chip","bs-safari-ventura","2026-10-01","passed","2026-10-01","Color Management — Add & Delete","","",""
"","6","PUT /openapi.json returns 405","Chrome","2026-10-01","passed","2026-10-01","Security > HTTP Method Restrictions","tests/security.spec.ts","",""
"","803","shows a chip for each color with a swatch, name, and delete button","Chrome","2026-10-01","passed","2026-10-01","Color Management — Add & Delete","tests/color-management.spec.ts","",""
"","14","should reject missing hex","Chrome","2026-10-01","passed","2026-10-01","Backend API Integration > POST /api/colors Schema Validation","","",""
"","10","empty body on POST returns 400","Chrome","2026-10-01","passed","2026-10-01","Security > Input Validation","tests/security.spec.ts","",""
"","101","POST with javascript: URI in name is rejected (400)","bs-chrome-win11","2026-10-01","passed","2026-10-01","Security > XSS Prevention","","",""
"","5","Server Integration Tests (Testcontainers) Method Not Allowed should return 405 for PATCH /api/colors/:name","","2026-10-01","passed","2026-10-01","","Server Integration Tests (Testcontainers)","Server Integration Tests (Testcontainers) Method Not Allowed should return 405 for PATCH /api/colors/:name",""
"","179","should reject invalid hex format","bs-chrome-win11","2026-10-01","passed","2026-10-01","Backend API Integration > POST /api/colors Schema Validation","","",""
"","1553","should load the application and verify core functionality across browsers","bs-safari-ventura","2026-10-01","passed","2026-10-01","Cross-Browser Core Functionality","","",""
"","1867","changing color to Turquoise should reflect in UI and DOM","bs-firefox-win11","2026-10-01","passed","2026-10-01","Data-Driven Testing","","",""
"","1469","should display colors that do not exist in the database","bs-safari-ventura","2026-10-01","passed","2026-10-01","Network Mocking & Interception","","",""
"","1157","should load the application and verify core functionality across browsers","bs-chrome-win11","2026-10-01","passed","2026-10-01","Cross-Browser Core Functionality","","",""
"","99","unknown extra fields in POST body are rejected (400)","bs-chrome-win11","2026-10-01","passed","2026-10-01","Security > Input Validation","","",""
"","12","Server Integration Tests (Testcontainers) GET /api/colors/:name should be case-sensitive (lowercase name returns 404)","","2026-10-01","passed","2026-10-01","","Server Integration Tests (Testcontainers)","Server Integration Tests (Testcontainers) GET /api/colors/:name should be case-sensitive (lowercase name returns 404)",""
"Performance Test: API Performance Test
File: api-performance.spec.ts
Total Iterations: 46
Max VUs: 1

HTTP Request Duration:
- Avg: 201.83ms
- P(95): 272.04ms
- Max: 1046.54ms

Full metrics attached in the results.","801647","API Performance Test","Performance","2026-10-01","failed","2026-10-01","api-performance.spec.ts","API Performance Test","",""
"","85","malformed JSON body returns 400","bs-chrome-win11","2026-10-01","passed","2026-10-01","Security > Input Validation","","",""
"","702","Escape key closes the confirm dialog","bs-pixel-7","2026-10-01","passed","2026-10-01","Color Management — Add & Delete","","",""
"","4","Server Unit Tests Error Handling GET /api/colors/:name returns 500 when database fails","","2026-10-01","passed","2026-10-01","","Server Unit Tests","Server Unit Tests Error Handling GET /api/colors/:name returns 500 when database fails",""
"","1442","should load the application and verify core functionality across browsers","bs-firefox-win11","2026-10-01","passed","2026-10-01","Cross-Browser Core Functionality","","",""
"","1526","verify language switcher changes document language","bs-safari-ventura","2026-10-01","passed","2026-10-01","","","",""
"","193","should return 404 when updating non-existent color","bs-iphone-15","2026-10-01","passed","2026-10-01","Backend API Integration > PUT /api/colors/:name Schema Validation","","",""
"","713","shows a chip for each color with a swatch, name, and delete button","bs-pixel-7","2026-10-01","passed","2026-10-01","Color Management — Add & Delete","","",""
"","79","PATCH /api/colors/:name returns 405","bs-chrome-win11","2026-10-01","passed","2026-10-01","Security > HTTP Method Restrictions","","",""
"","2885","should maintain accessibility in el language and verify resilient locators","bs-firefox-win11","2026-10-01","passed","2026-10-01","i18n Accessibility Tests","","",""
"","857","should handle missing image gracefully by showing alt text","bs-safari-ventura","2026-10-01","passed","2026-10-01","Network Mocking & Interception","","",""
"","4","Server Unit Tests Middleware JSON error middleware ignores SyntaxError with status != 400","","2026-10-01","passed","2026-10-01","","Server Unit Tests","Server Unit Tests Middleware JSON error middleware ignores SyntaxError with status != 400",""
"","67","Server Integration Tests (Testcontainers) POST /api/colors should return 409 when creating a duplicate color name","","2026-10-01","passed","2026-10-01","","Server Integration Tests (Testcontainers)","Server Integration Tests (Testcontainers) POST /api/colors should return 409 when creating a duplicate color name",""
"","76","NoSQL injection object in name is rejected (400)","bs-pixel-7","2026-10-01","passed","2026-10-01","Security > Injection Prevention","","",""
"","3727","shows 409 duplicate error from server inside the picker","bs-iphone-15","2026-10-01","passed","2026-10-01","Color Management — Add & Delete","","",""
"","22","should reject updating with empty name","Chrome","2026-10-01","passed","2026-10-01","Backend API Integration > PUT /api/colors/:name Schema Validation","","",""
"","81","array body on POST returns 400","bs-pixel-7","2026-10-01","passed","2026-10-01","Security > Input Validation","","",""
"","185","should return 404 for non-existent color deletion","bs-firefox-win11","2026-10-01","passed","2026-10-01","Backend API Integration > DELETE /api/colors/:name","","",""
"","1832","clicking a chip makes it active","bs-iphone-15","2026-10-01","passed","2026-10-01","Color Management — Add & Delete","","",""
"","7","PATCH /api/colors/:name returns 405","Chrome","2026-10-01","passed","2026-10-01","Security > HTTP Method Restrictions","tests/security.spec.ts","",""
"Performance Test: UI Performance Test
File: ui-performance.spec.ts
Total Iterations: 0
Max VUs: 1

HTTP Request Duration:
- Avg: 3.19ms
- P(95): 3.19ms
- Max: 3.19ms

Full metrics attached in the results.","0","UI Performance Test","Performance","2026-10-01","passed","2026-10-01","ui-performance.spec.ts","UI Performance Test","",""
"","113","NoSQL $where operator in name is rejected (400)","bs-pixel-7","2026-10-01","passed","2026-10-01","Security > Injection Prevention","","",""
"","1825","PUT /api/colors/{name}","","","passed","","","schemathesis","",""
"","156","GET /api/colors should return all colors","bs-pixel-7","2026-10-01","passed","2026-10-01","Backend API Integration","","",""
"","60","GET /api/colors/{name}","","","passed","","","schemathesis","",""
"","6849","should maintain accessibility after state change (color update)","bs-chrome-win11","2026-10-01","passed","2026-10-01","Accessibility Tests","","",""
"","166","X-Powered-By header is not exposed","bs-pixel-7","2026-10-01","passed","2026-10-01","Security > Security Headers","","",""
"","670","first color chip is active on load (aria-pressed=true)","bs-pixel-7","2026-10-01","passed","2026-10-01","Color Management — Add & Delete","","",""
"","3","Server Unit Tests Surviving Mutants & Edge Cases PUT logic kills refine mutant by sending empty body","","2026-10-01","passed","2026-10-01","","Server Unit Tests","Server Unit Tests Surviving Mutants & Edge Cases PUT logic kills refine mutant by sending empty body",""
"","97","should reject empty name","bs-safari-ventura","2026-10-01","passed","2026-10-01","Backend API Integration > POST /api/colors Schema Validation","","",""
"","18","Server Integration Tests (Testcontainers) POST /api/colors should create a new color and persist it in the real database","","2026-10-01","passed","2026-10-01","","Server Integration Tests (Testcontainers)","Server Integration Tests (Testcontainers) POST /api/colors should create a new color and persist it in the real database",""
"","3431","shows server-error message on 500 inside the picker","bs-iphone-15","2026-10-01","passed","2026-10-01","Color Management — Add & Delete","","",""
"","5","Server Unit Tests 405 Method Not Allowed does not return 405 for allowed POST method on /api/colors","","2026-10-01","passed","2026-10-01","","Server Unit Tests","Server Unit Tests 405 Method Not Allowed does not return 405 for allowed POST method on /api/colors",""
"","34","should update a color with valid schema","Chrome","2026-10-01","passed","2026-10-01","Backend API Integration > PUT /api/colors/:name Schema Validation","","",""
"","1862","verify Turquoise ( #1abc9c ) is applied as the background color","bs-iphone-15","2026-10-01","passed","2026-10-01","Background color tests","","",""
"","4","Server Unit Tests Surviving Mutants & Edge Cases PUT logic kills hex regex mutant in PUT","","2026-10-01","passed","2026-10-01","","Server Unit Tests","Server Unit Tests Surviving Mutants & Edge Cases PUT logic kills hex regex mutant in PUT",""
"","1373","handle initial fetch error","bs-iphone-15","2026-10-01","passed","2026-10-01","Edge cases and error handling","","",""
"","8","Server Unit Tests Error Handling PUT /api/colors/:name returns 500 when database fails","","2026-10-01","passed","2026-10-01","","Server Unit Tests","Server Unit Tests Error Handling PUT /api/colors/:name returns 500 when database fails",""
"","0","homepage after color change","Chrome","2026-10-01","skipped","2026-10-01","Percy Visual Regression – Production > Percy – desktop-xl (1920×1080)","","",""
"","202","GET /api/colors/Yellow should return the correct hex code","bs-iphone-15","2026-10-01","passed","2026-10-01","Backend API Integration","","",""
"","74","array body on POST returns 400","bs-iphone-15","2026-10-01","passed","2026-10-01","Security > Input Validation","","",""
"","1277","shows 409 duplicate error from server inside the picker","bs-chrome-win11","2026-10-01","passed","2026-10-01","Color Management — Add & Delete","","",""
"","4","Server Unit Tests POST /api/reseed returns 401 when token is incorrect","","2026-10-01","passed","2026-10-01","","Server Unit Tests","Server Unit Tests POST /api/reseed returns 401 when token is incorrect",""
"","20","POST with javascript: URI in name is rejected (400)","Chrome","2026-10-01","passed","2026-10-01","Security > XSS Prevention","tests/security.spec.ts","",""
"","914","homepage should match snapshot","Chrome","2026-10-01","passed","2026-10-01","Visual Regression – iphone-se (375×667)","","",""
"","680","Example #3","BDD","2026-10-01","passed","2026-10-01","Language Switching > Switch language and verify translated UI labels","","",""
"","1491","should handle color click network failure gracefully","bs-iphone-15","2026-10-01","passed","2026-10-01","UI Error Handling Coverage","","",""
"","961","should load the application and verify core functionality across browsers","bs-pixel-7","2026-10-01","passed","2026-10-01","Cross-Browser Core Functionality","","",""
"","2871","homepage initial state","percy","2026-10-01","passed","2026-10-01","Percy Visual Regression – Production > Percy – mobile (375×667)","","",""
"","4","Server Unit Tests PUT /api/colors/:name returns 400 when no fields are provided (empty body)","","2026-10-01","passed","2026-10-01","","Server Unit Tests","Server Unit Tests PUT /api/colors/:name returns 400 when no fields are provided (empty body)",""
"","75","POST with HTML tag in name is rejected (400)","Chrome","2026-10-01","passed","2026-10-01","Security > XSS Prevention","tests/security.spec.ts","",""
"","273","X-Powered-By header is not exposed","bs-chrome-win11","2026-10-01","passed","2026-10-01","Security > Security Headers","","",""
"","376","should reject missing hex","bs-firefox-win11","2026-10-01","passed","2026-10-01","Backend API Integration > POST /api/colors Schema Validation","","",""
"","5","Server Integration Tests (Testcontainers) PUT /api/colors/:name should return 404 when updating a non-existent color","","2026-10-01","passed","2026-10-01","","Server Integration Tests (Testcontainers)","Server Integration Tests (Testcontainers) PUT /api/colors/:name should return 404 when updating a non-existent color",""
"","87","NoSQL injection object in name is rejected (400)","bs-firefox-win11","2026-10-01","passed","2026-10-01","Security > Injection Prevention","","",""
"","1220","close (×) button closes the picker","bs-pixel-7","2026-10-01","passed","2026-10-01","Color Management — Add & Delete","","",""
"","1","homepage after color change","Chrome","2026-10-01","skipped","2026-10-01","Percy Visual Regression – Production > Percy – tablet (768×1024)","","",""
"","70","should reject missing name","bs-iphone-15","2026-10-01","passed","2026-10-01","Backend API Integration > POST /api/colors Schema Validation","","",""
"","1818","deleting the active color switches background to the first remaining","Chrome","2026-10-01","passed","2026-10-01","Color Management — Add & Delete","tests/color-management.spec.ts","",""
"","1425","check Turquoise ( #1abc9c) is the default background color.","bs-firefox-win11","2026-10-01","passed","2026-10-01","","","",""
"","706","Escape key closes the confirm dialog","Chrome","2026-10-01","passed","2026-10-01","Color Management — Add & Delete","tests/color-management.spec.ts","",""
"","75","POST /api-docs returns 405","bs-chrome-win11","2026-10-01","passed","2026-10-01","Security > HTTP Method Restrictions","","",""
"","1399","verify Red ( #e74c3c ) is applied as the background color","bs-iphone-15","2026-10-01","passed","2026-10-01","Background color tests","","",""
"","749","chip-x click opens confirm dialog with color name","bs-pixel-7","2026-10-01","passed","2026-10-01","Color Management — Add & Delete","","",""
"","66","PATCH /api/colors returns 405","bs-safari-ventura","2026-10-01","passed","2026-10-01","Security > HTTP Method Restrictions","","",""
"","764","Show error message when the initial colors fetch fails","BDD","2026-10-01","passed","2026-10-01","API Error Handling","","",""
"","3065","should maintain accessibility in en language and verify resilient locators","bs-firefox-win11","2026-10-01","passed","2026-10-01","i18n Accessibility Tests","","",""
"","1160","delete API error shows alert banner","bs-pixel-7","2026-10-01","passed","2026-10-01","Color Management — Add & Delete","","",""
"","436","should handle missing image gracefully by showing alt text","Chrome","2026-10-01","passed","2026-10-01","Network Mocking & Interception","tests/network-mocking.spec.ts","",""
"","984","clicking the backdrop closes the picker","bs-chrome-win11","2026-10-01","passed","2026-10-01","Color Management — Add & Delete","","",""
"","1822","verify Turquoise ( #1abc9c ) is applied as the background color","bs-safari-ventura","2026-10-01","passed","2026-10-01","POM Refactored: Background color tests","","",""
"","1715","verify Yellow ( #f1c40f ) is applied as the background color","bs-firefox-win11","2026-10-01","passed","2026-10-01","Background color tests","","",""
"","1435","successful delete removes the chip","bs-chrome-win11","2026-10-01","passed","2026-10-01","Color Management — Add & Delete","","",""
"","3212","homepage initial state","percy","2026-10-01","passed","2026-10-01","Percy Visual Regression – Production > Percy – desktop-xl (1920×1080)","","",""
"","5","Server Integration Tests (Testcontainers) PUT /api/colors/:name should return 400 for invalid hex format on update","","2026-10-01","passed","2026-10-01","","Server Integration Tests (Testcontainers)","Server Integration Tests (Testcontainers) PUT /api/colors/:name should return 400 for invalid hex format on update",""
"","3","Server Unit Tests PUT /api/colors/:name returns 400 for invalid current name format in URL","","2026-10-01","passed","2026-10-01","","Server Unit Tests","Server Unit Tests PUT /api/colors/:name returns 400 for invalid current name format in URL",""
"","1009","Cancel button closes the picker","Chrome","2026-10-01","passed","2026-10-01","Color Management — Add & Delete","tests/color-management.spec.ts","",""
"","74","should reject missing name","bs-firefox-win11","2026-10-01","passed","2026-10-01","Backend API Integration > POST /api/colors Schema Validation","","",""
"","1627","should create color via API and verify through UI","bs-chrome-win11","2026-10-01","passed","2026-10-01","Hybrid E2E Testing","","",""
"","1099","shows client-side validation error for invalid name chars","Chrome","2026-10-01","passed","2026-10-01","Color Management — Add & Delete","tests/color-management.spec.ts","",""
"","1375","verify Red ( #e74c3c ) is applied as the background color","bs-firefox-win11","2026-10-01","passed","2026-10-01","POM Refactored: Background color tests","","",""
"","823","should display colors that do not exist in the database","bs-pixel-7","2026-10-01","passed","2026-10-01","Network Mocking & Interception","","",""
"","66","should reject invalid hex format on update","bs-iphone-15","2026-10-01","passed","2026-10-01","Backend API Integration > PUT /api/colors/:name Schema Validation","","",""
"","399","should delete an existing color","bs-iphone-15","2026-10-01","passed","2026-10-01","Backend API Integration > DELETE /api/colors/:name","","",""
"","83","array body on POST returns 400","bs-firefox-win11","2026-10-01","passed","2026-10-01","Security > Input Validation","","",""
"","190","GET /api/colors/:name should return 404 for non-existent color","bs-safari-ventura","2026-10-01","passed","2026-10-01","Backend API Integration","","",""
"","79","empty body on POST returns 400","bs-pixel-7","2026-10-01","passed","2026-10-01","Security > Input Validation","","",""
"","14","Server Integration Tests (Testcontainers) seedDatabase should clear custom colors when re-seeded","","2026-10-01","passed","2026-10-01","","Server Integration Tests (Testcontainers)","Server Integration Tests (Testcontainers) seedDatabase should clear custom colors when re-seeded",""
"","1383","verify language switcher changes document language","bs-iphone-15","2026-10-01","passed","2026-10-01","","","",""
"","58","should reject updating with empty name","bs-firefox-win11","2026-10-01","passed","2026-10-01","Backend API Integration > PUT /api/colors/:name Schema Validation","","",""
"","989","homepage should match snapshot","Chrome","2026-10-01","passed","2026-10-01","Visual Regression – tablet (768×1024)","","",""
"","633","should update a color with valid schema","bs-iphone-15","2026-10-01","passed","2026-10-01","Backend API Integration > PUT /api/colors/:name Schema Validation","","",""
"","11","Server Unit Tests Error Handling POST /api/colors returns 500 when database fails (create)","","2026-10-01","passed","2026-10-01","","Server Unit Tests","Server Unit Tests Error Handling POST /api/colors returns 500 when database fails (create)",""
"","1923","verify Turquoise ( #1abc9c ) is applied as the background color","bs-firefox-win11","2026-10-01","passed","2026-10-01","POM Refactored: Background color tests","","",""
"","290","GET /api/colors should return all colors","bs-iphone-15","2026-10-01","passed","2026-10-01","Backend API Integration","","",""
"","131","oversized payload is rejected (413)","bs-chrome-win11","2026-10-01","passed","2026-10-01","Security > Input Validation","","",""
"","1034","first color chip is active on load (aria-pressed=true)","bs-iphone-15","2026-10-01","passed","2026-10-01","Color Management — Add & Delete","","",""
"","1687","successfully adds a new color and shows its chip","bs-pixel-7","2026-10-01","passed","2026-10-01","Color Management — Add & Delete","","",""
"","1440","should display all core elements and handle button interaction","Chrome","2026-10-01","passed","2026-10-01","Responsive Design – tablet (768×1024)","","",""
"","1062","clicking a chip makes it active","Chrome","2026-10-01","passed","2026-10-01","Color Management — Add & Delete","tests/color-management.spec.ts","",""
"","1145","successful delete removes the chip","Chrome","2026-10-01","passed","2026-10-01","Color Management — Add & Delete","tests/color-management.spec.ts","",""
"","11","Server Unit Tests GET /api/colors/:name returns 404 for a non-existent color","","2026-10-01","passed","2026-10-01","","Server Unit Tests","Server Unit Tests GET /api/colors/:name returns 404 for a non-existent color",""
"","76","unknown extra fields in POST body are rejected (400)","bs-pixel-7","2026-10-01","passed","2026-10-01","Security > Input Validation","","",""
"","999","clicking a chip makes it active","bs-pixel-7","2026-10-01","passed","2026-10-01","Color Management — Add & Delete","","",""
"","798","Example #3","BDD","2026-10-01","passed","2026-10-01","Home Page Background Color > Change background color","","",""
"","60","should create a new color with valid schema","Chrome","2026-10-01","passed","2026-10-01","Backend API Integration > POST /api/colors Schema Validation","","",""
"","17","Server Unit Tests Surviving Mutants & Edge Cases Regex & Validation STRICT_NAME_REGEX kills mutants on start/end/middle characters","","2026-10-01","passed","2026-10-01","","Server Unit Tests","Server Unit Tests Surviving Mutants & Edge Cases Regex & Validation STRICT_NAME_REGEX kills mutants on start/end/middle characters",""
"","3","Server Unit Tests Middleware JSON error middleware ignores SyntaxError without body","","2026-10-01","passed","2026-10-01","","Server Unit Tests","Server Unit Tests Middleware JSON error middleware ignores SyntaxError without body",""
"","1092","verify Red ( #e74c3c ) is applied as the background color","bs-chrome-win11","2026-10-01","passed","2026-10-01","POM Refactored: Background color tests","","",""
"","522","verify language switcher changes document language","Chrome","2026-10-01","passed","2026-10-01","","tests/coverage.spec.ts","",""
"","83","POST with HTML tag in name is rejected (400)","bs-chrome-win11","2026-10-01","passed","2026-10-01","Security > XSS Prevention","","",""
"","1260","shows client-side ""Name is required"" when submitting empty name","bs-chrome-win11","2026-10-01","passed","2026-10-01","Color Management — Add & Delete","","",""
"","7","Server Integration Tests (Testcontainers) POST /api/colors should return 400 when name is missing","","2026-10-01","passed","2026-10-01","","Server Integration Tests (Testcontainers)","Server Integration Tests (Testcontainers) POST /api/colors should return 400 when name is missing",""
"","3","Server Unit Tests PUT /api/colors/:name returns 400 for invalid name in path (regex check)","","2026-10-01","passed","2026-10-01","","Server Unit Tests","Server Unit Tests PUT /api/colors/:name returns 400 for invalid name in path (regex check)",""
"","1428","handle color selection fetch error","bs-iphone-15","2026-10-01","passed","2026-10-01","Edge cases and error handling","","",""
"","4","Server Unit Tests OpenAPI endpoints serves Swagger UI as HTML","","2026-10-01","passed","2026-10-01","","Server Unit Tests","Server Unit Tests OpenAPI endpoints serves Swagger UI as HTML",""
"","149","should reject empty name","bs-firefox-win11","2026-10-01","passed","2026-10-01","Backend API Integration > POST /api/colors Schema Validation","","",""
"","2468","verify Turquoise ( #1abc9c ) is applied as the background color","bs-chrome-win11","2026-10-01","passed","2026-10-01","Background color tests","","",""
"","140","should reject missing name","bs-safari-ventura","2026-10-01","passed","2026-10-01","Backend API Integration > POST /api/colors Schema Validation","","",""
"","10","Server Integration Tests (Testcontainers) seedDatabase should be idempotent — calling twice always yields exactly 3 colors","","2026-10-01","passed","2026-10-01","","Server Integration Tests (Testcontainers)","Server Integration Tests (Testcontainers) seedDatabase should be idempotent — calling twice always yields exactly 3 colors",""
"","2826","delete API error shows alert banner","bs-iphone-15","2026-10-01","passed","2026-10-01","Color Management — Add & Delete","","",""
"","1300","deleting the active color switches background to the first remaining","bs-pixel-7","2026-10-01","passed","2026-10-01","Color Management — Add & Delete","","",""
"","2039","shows 409 duplicate error from server inside the picker","bs-pixel-7","2026-10-01","passed","2026-10-01","Color Management — Add & Delete","","",""
"","2513","should maintain accessibility in en language and verify resilient locators","bs-pixel-7","2026-10-01","passed","2026-10-01","i18n Accessibility Tests","","",""
"","8","Server Integration Tests (Testcontainers) POST /api/colors should not expose _id or __v in the creation response","","2026-10-01","passed","2026-10-01","","Server Integration Tests (Testcontainers)","Server Integration Tests (Testcontainers) POST /api/colors should not expose _id or __v in the creation response",""
"","14","malformed JSON body returns 400","Chrome","2026-10-01","passed","2026-10-01","Security > Input Validation","tests/security.spec.ts","",""
"","2178","changing color to Yellow should reflect in UI and DOM","bs-safari-ventura","2026-10-01","passed","2026-10-01","Data-Driven Testing","","",""
"","8","Server Unit Tests GET /api/colors returns colors sorted alphabetically by name","","2026-10-01","passed","2026-10-01","","Server Unit Tests","Server Unit Tests GET /api/colors returns colors sorted alphabetically by name",""
"","468","should handle missing image gracefully by showing alt text","bs-pixel-7","2026-10-01","passed","2026-10-01","Network Mocking & Interception","","",""
"","781","changing color to Yellow should reflect in UI and DOM","Chrome","2026-10-01","passed","2026-10-01","Data-Driven Testing","tests/data-driven.spec.ts","",""
"","61","should reject missing name","bs-pixel-7","2026-10-01","passed","2026-10-01","Backend API Integration > POST /api/colors Schema Validation","","",""
"","11","Server Integration Tests (Testcontainers) PUT /api/colors/:name should rename a color and make old name return 404","","2026-10-01","passed","2026-10-01","","Server Integration Tests (Testcontainers)","Server Integration Tests (Testcontainers) PUT /api/colors/:name should rename a color and make old name return 404",""
"","503","should handle color click network failure gracefully","Chrome","2026-10-01","passed","2026-10-01","UI Error Handling Coverage","tests/error-handling.spec.ts","",""
"","1064","should show loading state when API returns empty colors","bs-iphone-15","2026-10-01","passed","2026-10-01","UI Error Handling Coverage","","",""
"","604","should update a color with valid schema","bs-chrome-win11","2026-10-01","passed","2026-10-01","Backend API Integration > PUT /api/colors/:name Schema Validation","","",""
"","5","Server Unit Tests POST /api/colors returns 400 for invalid hex format (no hash)","","2026-10-01","passed","2026-10-01","","Server Unit Tests","Server Unit Tests POST /api/colors returns 400 for invalid hex format (no hash)",""
"","7","Server Unit Tests Surviving Mutants & Edge Cases Allowed Methods kills mutants in allowedMethods object","","2026-10-01","passed","2026-10-01","","Server Unit Tests","Server Unit Tests Surviving Mutants & Edge Cases Allowed Methods kills mutants in allowedMethods object",""
"","1319","should gracefully handle a color not found in the database","bs-iphone-15","2026-10-01","passed","2026-10-01","Network Mocking & Interception","","",""
"","6","Server Unit Tests Middleware JSON error middleware passes non-syntax errors to next()","","2026-10-01","passed","2026-10-01","","Server Unit Tests","Server Unit Tests Middleware JSON error middleware passes non-syntax errors to next()",""
"","1670","Escape key closes the confirm dialog","bs-safari-ventura","2026-10-01","passed","2026-10-01","Color Management — Add & Delete","","",""
"","1174","verify language switcher changes document language","bs-firefox-win11","2026-10-01","passed","2026-10-01","","","",""
"","4471","POST with HTML tag in name is rejected (400)","bs-pixel-7","2026-10-01","passed","2026-10-01","Security > XSS Prevention","","",""
"","80","error responses return JSON, not HTML (no info leakage)","bs-safari-ventura","2026-10-01","passed","2026-10-01","Security > Security Headers","","",""
"","787","Example #2","BDD","2026-10-01","passed","2026-10-01","Home Page Background Color > Change background color","","",""
"","2972","POST /api/colors","","","passed","","","schemathesis","",""
"","678","handle initial fetch with empty data","bs-pixel-7","2026-10-01","passed","2026-10-01","Edge cases and error handling","","",""
"","12","Server Integration Tests (Testcontainers) GET /api/colors should not expose _id or __v fields","","2026-10-01","passed","2026-10-01","","Server Integration Tests (Testcontainers)","Server Integration Tests (Testcontainers) GET /api/colors should not expose _id or __v fields",""
"","86","should return 404 when updating non-existent color","Chrome","2026-10-01","passed","2026-10-01","Backend API Integration > PUT /api/colors/:name Schema Validation","tests/api.spec.ts","",""
"","18","oversized payload is rejected (413)","Chrome","2026-10-01","passed","2026-10-01","Security > Input Validation","tests/security.spec.ts","",""
"","10","Server Integration Tests (Testcontainers) seedDatabase should always restore the three default seed colors","","2026-10-01","passed","2026-10-01","","Server Integration Tests (Testcontainers)","Server Integration Tests (Testcontainers) seedDatabase should always restore the three default seed colors",""
"","81","POST /api-docs returns 405","bs-pixel-7","2026-10-01","passed","2026-10-01","Security > HTTP Method Restrictions","","",""
"","84","NoSQL operator in GET path param is rejected (400 or 404)","bs-firefox-win11","2026-10-01","passed","2026-10-01","Security > Injection Prevention","","",""
"","15","Server Integration Tests (Testcontainers) POST /api/reseed should be idempotent — calling reseed twice always yields exactly 3 colors","","2026-10-01","passed","2026-10-01","","Server Integration Tests (Testcontainers)","Server Integration Tests (Testcontainers) POST /api/reseed should be idempotent — calling reseed twice always yields exactly 3 colors",""
"","4","Server Unit Tests DELETE /api/colors/:name returns 404 for a non-existent color","","2026-10-01","passed","2026-10-01","","Server Unit Tests","Server Unit Tests DELETE /api/colors/:name returns 404 for a non-existent color",""
"","7","DELETE /api/colors (collection) returns 405","Chrome","2026-10-01","passed","2026-10-01","Security > HTTP Method Restrictions","tests/security.spec.ts","",""
"","2169","verify Yellow ( #f1c40f ) is applied as the background color","bs-safari-ventura","2026-10-01","passed","2026-10-01","Background color tests","","",""
"","6256","should create dynamic random color via API and verify through UI","bs-pixel-7","2026-10-01","passed","2026-10-01","Random Data Testing with faker.js","","",""
"","87","PUT /openapi.json returns 405","bs-firefox-win11","2026-10-01","passed","2026-10-01","Security > HTTP Method Restrictions","","",""
"","219","GET /api/colors should return colors sorted alphabetically by name","bs-chrome-win11","2026-10-01","passed","2026-10-01","Backend API Integration","","",""
"","21","GET /api/colors should return colors sorted alphabetically by name","Chrome","2026-10-01","passed","2026-10-01","Backend API Integration","","",""
"","201","GET /api/colors should return colors sorted alphabetically by name","bs-iphone-15","2026-10-01","passed","2026-10-01","Backend API Integration","","",""
"","862","should handle fetch colors network failure gracefully","bs-firefox-win11","2026-10-01","passed","2026-10-01","UI Error Handling Coverage","","",""
"","884","changing color to Red should reflect in UI and DOM","bs-pixel-7","2026-10-01","passed","2026-10-01","Data-Driven Testing","","",""
"","9","Server Unit Tests 405 Method Not Allowed returns 405 for POST, PUT, DELETE on /openapi.json","","2026-10-01","passed","2026-10-01","","Server Unit Tests","Server Unit Tests 405 Method Not Allowed returns 405 for POST, PUT, DELETE on /openapi.json",""
"","2155","should load the application and verify core functionality across browsers","Firefox","2026-10-01","passed","2026-10-01","Cross-Browser Core Functionality","","",""
"","793","verify language switcher changes document language","bs-chrome-win11","2026-10-01","passed","2026-10-01","","","",""
"","1230","homepage should match snapshot","Chrome","2026-10-01","passed","2026-10-01","Visual Regression – desktop (1280×720)","","",""
"","4573","should maintain accessibility after state change (color update)","bs-firefox-win11","2026-10-01","passed","2026-10-01","Accessibility Tests","","",""
"","65","PATCH /api/colors/:name returns 405","bs-safari-ventura","2026-10-01","passed","2026-10-01","Security > HTTP Method Restrictions","","",""
"","8637","should meet the accessibility threshold using Google Lighthouse","Chrome","2026-10-01","passed","2026-10-01","Accessibility Tests","tests/a11y.spec.ts","",""
"","702","verify Red ( #e74c3c ) is applied as the background color","Chrome","2026-10-01","passed","2026-10-01","POM Refactored: Background color tests","tests/pom-refactored.spec.ts","",""
"","1333","clicking ""+ Add color"" opens the picker modal","bs-firefox-win11","2026-10-01","passed","2026-10-01","Color Management — Add & Delete","","",""
"","416","should delete an existing color","bs-chrome-win11","2026-10-01","passed","2026-10-01","Backend API Integration > DELETE /api/colors/:name","","",""
"","1792","verify Yellow ( #f1c40f ) is applied as the background color","bs-safari-ventura","2026-10-01","passed","2026-10-01","POM Refactored: Background color tests","","",""
"","298","homepage should match snapshot","percy","2026-10-01","skipped","2026-10-01","Visual Regression – iphone-landscape (667×375)","","",""
"","4","Server Integration Tests (Testcontainers) Method Not Allowed should return 405 for PATCH /api/colors","","2026-10-01","passed","2026-10-01","","Server Integration Tests (Testcontainers)","Server Integration Tests (Testcontainers) Method Not Allowed should return 405 for PATCH /api/colors",""
"","9","NoSQL operator in GET path param is rejected (400 or 404)","Chrome","2026-10-01","passed","2026-10-01","Security > Injection Prevention","tests/security.spec.ts","",""
"","1383","first color chip is active on load (aria-pressed=true)","bs-safari-ventura","2026-10-01","passed","2026-10-01","Color Management — Add & Delete","","",""
"","3","Server Unit Tests 405 Method Not Allowed sets the Allow header on /api/colors/:name with correct methods","","2026-10-01","passed","2026-10-01","","Server Unit Tests","Server Unit Tests 405 Method Not Allowed sets the Allow header on /api/colors/:name with correct methods",""
"","752","handle initial fetch with empty data","bs-chrome-win11","2026-10-01","passed","2026-10-01","Edge cases and error handling","","",""
"","83","NoSQL injection object in name is rejected (400)","bs-safari-ventura","2026-10-01","passed","2026-10-01","Security > Injection Prevention","","",""
"","13","Server Unit Tests PUT /api/colors/:name updates the hex of an existing color","","2026-10-01","passed","2026-10-01","","Server Unit Tests","Server Unit Tests PUT /api/colors/:name updates the hex of an existing color",""
"","1094","close (×) button closes the picker","Chrome","2026-10-01","passed","2026-10-01","Color Management — Add & Delete","tests/color-management.spec.ts","",""
"","3","Server Unit Tests 405 Method Not Allowed returns 405 for PATCH on /api/colors/:name","","2026-10-01","passed","2026-10-01","","Server Unit Tests","Server Unit Tests 405 Method Not Allowed returns 405 for PATCH on /api/colors/:name",""
"","1039","should handle color click network failure gracefully","bs-firefox-win11","2026-10-01","passed","2026-10-01","UI Error Handling Coverage","","",""
"","9","Server Unit Tests DELETE /api/colors/:name deletes an existing color and returns success message","","2026-10-01","passed","2026-10-01","","Server Unit Tests","Server Unit Tests DELETE /api/colors/:name deletes an existing color and returns success message",""
"","4","Server Unit Tests POST /api/reseed returns 401 when RESEED_API_TOKEN is not configured","","2026-10-01","passed","2026-10-01","","Server Unit Tests","Server Unit Tests POST /api/reseed returns 401 when RESEED_API_TOKEN is not configured",""
"","13","GET /api/colors","","","passed","","","schemathesis","",""
"","5","Server Unit Tests GET /api/colors/:name returns 400 for invalid name in path (regex check)","","2026-10-01","passed","2026-10-01","","Server Unit Tests","Server Unit Tests GET /api/colors/:name returns 400 for invalid name in path (regex check)",""
"","4164","should maintain accessibility after state change (color update)","bs-iphone-15","2026-10-01","passed","2026-10-01","Accessibility Tests","","",""
"","111","should reject empty name","bs-chrome-win11","2026-10-01","passed","2026-10-01","Backend API Integration > POST /api/colors Schema Validation","","",""
"","842","check Turquoise ( #1abc9c) is the default background color.","bs-chrome-win11","2026-10-01","passed","2026-10-01","","","",""
"","375","Server Unit Tests Surviving Mutants & Edge Cases Infrastructure uses default MONGO_URI when process.env.MONGO_URI is missing","","2026-10-01","passed","2026-10-01","","Server Unit Tests","Server Unit Tests Surviving Mutants & Edge Cases Infrastructure uses default MONGO_URI when process.env.MONGO_URI is missing",""
"","3","Server Unit Tests Error Handling DELETE /api/colors/:name returns 500 when database fails","","2026-10-01","passed","2026-10-01","","Server Unit Tests","Server Unit Tests Error Handling DELETE /api/colors/:name returns 500 when database fails",""
"","4290","homepage initial state","percy","2026-10-01","passed","2026-10-01","Percy Visual Regression – Production > Percy – desktop (1280×720)","","",""
"","3","Server Unit Tests PUT /api/colors/:name returns 400 for extra unknown fields (strict schema)","","2026-10-01","passed","2026-10-01","","Server Unit Tests","Server Unit Tests PUT /api/colors/:name returns 400 for extra unknown fields (strict schema)",""
"","489","handle color selection fetch error","Chrome","2026-10-01","passed","2026-10-01","Edge cases and error handling","tests/coverage.spec.ts","",""
"","8","POST /api-docs returns 405","Chrome","2026-10-01","passed","2026-10-01","Security > HTTP Method Restrictions","tests/security.spec.ts","",""
"","12","Server Unit Tests Surviving Mutants & Edge Cases Regex & Validation STRICT_NAME_REGEX kills mutants by testing multiple spaces in the middle and rejecting pluses","","2026-10-01","passed","2026-10-01","","Server Unit Tests","Server Unit Tests Surviving Mutants & Edge Cases Regex & Validation STRICT_NAME_REGEX kills mutants by testing multiple spaces in the middle and rejecting pluses",""
"","1541","should load the application and verify core functionality across browsers","bs-iphone-15","2026-10-01","passed","2026-10-01","Cross-Browser Core Functionality","","",""
"","1894","changing color to Turquoise should reflect in UI and DOM","bs-safari-ventura","2026-10-01","passed","2026-10-01","Data-Driven Testing","","",""
"","2632","should maintain accessibility after state change (color update)","bs-pixel-7","2026-10-01","passed","2026-10-01","Accessibility Tests","","",""
"","228","GET /api/colors/Red should return the correct hex code","bs-firefox-win11","2026-10-01","passed","2026-10-01","Backend API Integration","","",""
"","654","should show loading state when API returns empty colors","bs-pixel-7","2026-10-01","passed","2026-10-01","UI Error Handling Coverage","","",""
"","1176","shows client-side validation error for invalid name chars","bs-pixel-7","2026-10-01","passed","2026-10-01","Color Management — Add & Delete","","",""
"","12","Server Unit Tests GET /api/colors does not expose _id or __v fields","","2026-10-01","passed","2026-10-01","","Server Unit Tests","Server Unit Tests GET /api/colors does not expose _id or __v fields",""
"","1513","should display colors that do not exist in the database","bs-iphone-15","2026-10-01","passed","2026-10-01","Network Mocking & Interception","","",""
"","100","POST with HTML tag in name is rejected (400)","bs-iphone-15","2026-10-01","passed","2026-10-01","Security > XSS Prevention","","",""
"","86","PUT /openapi.json returns 405","bs-chrome-win11","2026-10-01","passed","2026-10-01","Security > HTTP Method Restrictions","","",""
"","86","POST with script tag in name is rejected (400)","bs-chrome-win11","2026-10-01","passed","2026-10-01","Security > XSS Prevention","","",""
"","103","should delete an existing color","Chrome","2026-10-01","passed","2026-10-01","Backend API Integration > DELETE /api/colors/:name","tests/api.spec.ts","",""
"","1353","shows server-error message on 500 inside the picker","bs-chrome-win11","2026-10-01","passed","2026-10-01","Color Management — Add & Delete","","",""
"","1356","changing color to Yellow should reflect in UI and DOM","bs-chrome-win11","2026-10-01","passed","2026-10-01","Data-Driven Testing","","",""
"","6","Server Integration Tests (Testcontainers) GET /api/colors/:name should return correct data for Red","","2026-10-01","passed","2026-10-01","","Server Integration Tests (Testcontainers)","Server Integration Tests (Testcontainers) GET /api/colors/:name should return correct data for Red",""
"","2843","should maintain accessibility in es language and verify resilient locators","bs-firefox-win11","2026-10-01","passed","2026-10-01","i18n Accessibility Tests","","",""
"","3353","homepage after color change","percy","2026-10-01","passed","2026-10-01","Percy Visual Regression – Production > Percy – desktop-xl (1920×1080)","","",""
"","1167","first color chip is active on load (aria-pressed=true)","bs-firefox-win11","2026-10-01","passed","2026-10-01","Color Management — Add & Delete","","",""
"","1254","changing color to Yellow should reflect in UI and DOM","bs-pixel-7","2026-10-01","passed","2026-10-01","Data-Driven Testing","","",""
"","11","Server Integration Tests (Testcontainers) GET /api/colors/:name should return correct data for Yellow","","2026-10-01","passed","2026-10-01","","Server Integration Tests (Testcontainers)","Server Integration Tests (Testcontainers) GET /api/colors/:name should return correct data for Yellow",""
"","1494","should handle color click network failure gracefully","bs-safari-ventura","2026-10-01","passed","2026-10-01","UI Error Handling Coverage","","",""
"","5","Server Unit Tests POST /api/colors accepts names with alphanumeric characters and spaces","","2026-10-01","passed","2026-10-01","","Server Unit Tests","Server Unit Tests POST /api/colors accepts names with alphanumeric characters and spaces",""
"","3711","cancel in confirm dialog closes it without deleting","bs-safari-ventura","2026-10-01","passed","2026-10-01","Color Management — Add & Delete","","",""
"","1089","should handle missing image gracefully by showing alt text","bs-firefox-win11","2026-10-01","passed","2026-10-01","Network Mocking & Interception","","",""
"","205","should return 404 when updating non-existent color","bs-firefox-win11","2026-10-01","passed","2026-10-01","Backend API Integration > PUT /api/colors/:name Schema Validation","","",""
"","3","Server Unit Tests Surviving Mutants & Edge Cases Swagger JSDoc Integration kills apis array mutants by verifying JSDoc content is present","","2026-10-01","passed","2026-10-01","","Server Unit Tests","Server Unit Tests Surviving Mutants & Edge Cases Swagger JSDoc Integration kills apis array mutants by verifying JSDoc content is present",""
"","48","DELETE /api/colors/{name}","","","passed","","","schemathesis","",""
"","149","should return 404 when updating non-existent color","bs-pixel-7","2026-10-01","passed","2026-10-01","Backend API Integration > PUT /api/colors/:name Schema Validation","","",""
"","1110","shows a chip for each color with a swatch, name, and delete button","bs-firefox-win11","2026-10-01","passed","2026-10-01","Color Management — Add & Delete","","",""
"","835","handle initial fetch error","bs-chrome-win11","2026-10-01","passed","2026-10-01","Edge cases and error handling","","",""
"","24","GET /api/colors/:name should return 404 for non-existent color","Chrome","2026-10-01","passed","2026-10-01","Backend API Integration","","",""
"","158","Server Integration Tests (Testcontainers) GET /api/colors/:name should return 400 for invalid name format","","2026-10-01","passed","2026-10-01","","Server Integration Tests (Testcontainers)","Server Integration Tests (Testcontainers) GET /api/colors/:name should return 400 for invalid name format",""
"","2113","changing color to Red should reflect in UI and DOM","bs-iphone-15","2026-10-01","passed","2026-10-01","Data-Driven Testing","","",""
"","1983","delete API error shows alert banner","bs-firefox-win11","2026-10-01","passed","2026-10-01","Color Management — Add & Delete","","",""
"","1681","changing color to Yellow should reflect in UI and DOM","bs-firefox-win11","2026-10-01","passed","2026-10-01","Data-Driven Testing","","",""
"","725","should gracefully handle a color not found in the database","bs-pixel-7","2026-10-01","passed","2026-10-01","Network Mocking & Interception","","",""
"","1706","color names rendered in the UI do not trigger script execution","bs-iphone-15","2026-10-01","passed","2026-10-01","Security > XSS Prevention","","",""
"","7","Server Integration Tests (Testcontainers) GET /api/colors should return colors sorted alphabetically by name","","2026-10-01","passed","2026-10-01","","Server Integration Tests (Testcontainers)","Server Integration Tests (Testcontainers) GET /api/colors should return colors sorted alphabetically by name",""
"","816","Color button remains functional after switching language","BDD","2026-10-01","passed","2026-10-01","Language Switching","","",""
"","71","NoSQL $where operator in name is rejected (400)","bs-safari-ventura","2026-10-01","passed","2026-10-01","Security > Injection Prevention","","",""
"","0","homepage initial state","Chrome","2026-10-01","skipped","2026-10-01","Percy Visual Regression – Production > Percy – tablet (768×1024)","","",""
"","3572","should maintain accessibility in el language and verify resilient locators","bs-iphone-15","2026-10-01","passed","2026-10-01","i18n Accessibility Tests","","",""
"","4110","shows client-side validation error for invalid name chars","bs-safari-ventura","2026-10-01","passed","2026-10-01","Color Management — Add & Delete","","",""
"","1180","should meet the accessibility threshold using Google Lighthouse","bs-chrome-win11","2026-10-01","skipped","2026-10-01","Accessibility Tests","","",""
"","686","Background stays unchanged when fetching a specific color fails","BDD","2026-10-01","passed","2026-10-01","API Error Handling","","",""
"","1524","homepage should match snapshot","Chrome","2026-10-01","passed","2026-10-01","Visual Regression – desktop-xl (1920×1080)","","",""
"","2155","should create color via API and verify through UI","bs-safari-ventura","2026-10-01","passed","2026-10-01","Hybrid E2E Testing","","",""
"","1255","shows client-side ""Name is required"" when submitting empty name","bs-pixel-7","2026-10-01","passed","2026-10-01","Color Management — Add & Delete","","",""
"","0","homepage initial state","Chrome","2026-10-01","skipped","2026-10-01","Percy Visual Regression – Production > Percy – mobile (375×667)","","",""
"","525","handle color response missing hex property","Chrome","2026-10-01","passed","2026-10-01","Edge cases and error handling","tests/coverage.spec.ts","",""
"","853","should create color via API and verify through UI","Chrome","2026-10-01","passed","2026-10-01","Hybrid E2E Testing","tests/hybrid.spec.ts","",""
"","8","Server Integration Tests (Testcontainers) POST /api/colors should accept a single alphanumeric character as a name","","2026-10-01","passed","2026-10-01","","Server Integration Tests (Testcontainers)","Server Integration Tests (Testcontainers) POST /api/colors should accept a single alphanumeric character as a name",""
"","1249","handle initial fetch with empty data","bs-iphone-15","2026-10-01","passed","2026-10-01","Edge cases and error handling","","",""
"","5","Server Unit Tests POST /api/colors returns 409 for a duplicate color name with descriptive error","","2026-10-01","passed","2026-10-01","","Server Unit Tests","Server Unit Tests POST /api/colors returns 409 for a duplicate color name with descriptive error",""
"","79","empty body on POST returns 400","bs-firefox-win11","2026-10-01","passed","2026-10-01","Security > Input Validation","","",""
"","87","PATCH /api/colors returns 405","bs-chrome-win11","2026-10-01","passed","2026-10-01","Security > HTTP Method Restrictions","","",""
"","2357","should maintain accessibility in en language and verify resilient locators","Chrome","2026-10-01","passed","2026-10-01","i18n Accessibility Tests","tests/a11y.spec.ts","",""
"","7","Server Unit Tests GET /api/colors/:name returns a single color by name with correct fields","","2026-10-01","passed","2026-10-01","","Server Unit Tests","Server Unit Tests GET /api/colors/:name returns a single color by name with correct fields",""
"","671","changing color to Red should reflect in UI and DOM","Chrome","2026-10-01","passed","2026-10-01","Data-Driven Testing","tests/data-driven.spec.ts","",""
"","93","DELETE /api/colors (collection) returns 405","bs-pixel-7","2026-10-01","passed","2026-10-01","Security > HTTP Method Restrictions","","",""
"","5","Server Integration Tests (Testcontainers) POST /api/reseed should return 405 for GET on /api/reseed","","2026-10-01","passed","2026-10-01","","Server Integration Tests (Testcontainers)","Server Integration Tests (Testcontainers) POST /api/reseed should return 405 for GET on /api/reseed",""
"","4","Server Unit Tests POST /api/colors rejects names with the + character (+ encodes as space in URLs, causing lookup mismatches)","","2026-10-01","passed","2026-10-01","","Server Unit Tests","Server Unit Tests POST /api/colors rejects names with the + character (+ encodes as space in URLs, causing lookup mismatches)",""
"","423","should show loading state when API returns empty colors","Chrome","2026-10-01","passed","2026-10-01","UI Error Handling Coverage","tests/error-handling.spec.ts","",""
"","4","Server Unit Tests 405 Method Not Allowed does not return 405 for allowed GET method on /api/colors/:name","","2026-10-01","passed","2026-10-01","","Server Unit Tests","Server Unit Tests 405 Method Not Allowed does not return 405 for allowed GET method on /api/colors/:name",""
"","82","should reject updating with empty name","bs-safari-ventura","2026-10-01","passed","2026-10-01","Backend API Integration > PUT /api/colors/:name Schema Validation","","",""
"","550","should return 409 for duplicate color creation","bs-safari-ventura","2026-10-01","passed","2026-10-01","Backend API Integration > POST /api/colors Schema Validation","","",""
"","90","should reject missing hex","bs-safari-ventura","2026-10-01","passed","2026-10-01","Backend API Integration > POST /api/colors Schema Validation","","",""
"","766","should display colors that do not exist in the database","Chrome","2026-10-01","passed","2026-10-01","Network Mocking & Interception","tests/network-mocking.spec.ts","",""
"","24852","should maintain accessibility after state change (color update)","bs-safari-ventura","2026-10-01","passed","2026-10-01","Accessibility Tests","","",""
"","4","Server Unit Tests POST /api/colors returns 400 for name with special characters","","2026-10-01","passed","2026-10-01","","Server Unit Tests","Server Unit Tests POST /api/colors returns 400 for name with special characters",""
"","7","PATCH /api/colors returns 405","Chrome","2026-10-01","passed","2026-10-01","Security > HTTP Method Restrictions","tests/security.spec.ts","",""
"","3809","cancel in confirm dialog closes it without deleting","bs-firefox-win11","2026-10-01","passed","2026-10-01","Color Management — Add & Delete","","",""
"","74","NoSQL operator in GET path param is rejected (400 or 404)","bs-safari-ventura","2026-10-01","passed","2026-10-01","Security > Injection Prevention","","",""
"","1811","color names rendered in the UI do not trigger script execution","bs-firefox-win11","2026-10-01","passed","2026-10-01","Security > XSS Prevention","","",""
"","2940","changing color to Turquoise should reflect in UI and DOM","bs-chrome-win11","2026-10-01","passed","2026-10-01","Data-Driven Testing","","",""
"","6","Server Unit Tests Surviving Mutants & Edge Cases Rate Limiting & Security kills mutants by verifying x-powered-by is removed","","2026-10-01","passed","2026-10-01","","Server Unit Tests","Server Unit Tests Surviving Mutants & Edge Cases Rate Limiting & Security kills mutants by verifying x-powered-by is removed",""
"","1602","shows server-error message on 500 inside the picker","bs-firefox-win11","2026-10-01","passed","2026-10-01","Color Management — Add & Delete","","",""
"","10","Server Integration Tests (Testcontainers) POST /api/reseed should not modify the database when token is invalid","","2026-10-01","passed","2026-10-01","","Server Integration Tests (Testcontainers)","Server Integration Tests (Testcontainers) POST /api/reseed should not modify the database when token is invalid",""
"","1305","verify Yellow ( #f1c40f ) is applied as the background color","bs-chrome-win11","2026-10-01","passed","2026-10-01","POM Refactored: Background color tests","","",""
"","6","Server Integration Tests (Testcontainers) POST /api/colors should return 400 for invalid hex format (missing #)","","2026-10-01","passed","2026-10-01","","Server Integration Tests (Testcontainers)","Server Integration Tests (Testcontainers) POST /api/colors should return 400 for invalid hex format (missing #)",""
"","854","should display all core elements and handle button interaction","Chrome","2026-10-01","passed","2026-10-01","Responsive Design – iPhone landscape (667×375)","","",""
"","396","should create a new color with valid schema","bs-firefox-win11","2026-10-01","passed","2026-10-01","Backend API Integration > POST /api/colors Schema Validation","","",""
"","1","mobile color picker workflow","Chrome","2026-10-01","skipped","2026-10-01","Percy Visual Regression – Production > Percy – Mobile Interactions","","",""
"","223","GET /api/colors/Yellow should return the correct hex code","bs-chrome-win11","2026-10-01","passed","2026-10-01","Backend API Integration","","",""
"","4","Server Unit Tests POST /api/reseed returns 401 when Authorization header is missing","","2026-10-01","passed","2026-10-01","","Server Unit Tests","Server Unit Tests POST /api/reseed returns 401 when Authorization header is missing",""
"","1056","should display colors that do not exist in the database","bs-chrome-win11","2026-10-01","passed","2026-10-01","Network Mocking & Interception","","",""
"","1890","deleting the active color switches background to the first remaining","bs-firefox-win11","2026-10-01","passed","2026-10-01","Color Management — Add & Delete","","",""
"","3670","clicking the backdrop closes the picker","bs-iphone-15","2026-10-01","passed","2026-10-01","Color Management — Add & Delete","","",""
"","71","unknown extra fields in POST body are rejected (400)","bs-firefox-win11","2026-10-01","passed","2026-10-01","Security > Input Validation","","",""
"","79","empty body on POST returns 400","bs-iphone-15","2026-10-01","passed","2026-10-01","Security > Input Validation","","",""
