"DESCRIPTION","DURATION IN MS","NAME","PARENT SUITE","START TIME","STATUS","STOP TIME","SUB SUITE","SUITE","TEST CLASS","TEST METHOD"
"","3352","deleting the active color switches background to the first remaining","bs-iphone-15","2026-09-07","passed","2026-09-07","Color Management — Add & Delete","","",""
"","1225","handle color selection fetch error","bs-firefox-win11","2026-09-07","passed","2026-09-07","Edge cases and error handling","","",""
"","863","handle color response missing hex property","bs-chrome-win11","2026-09-07","passed","2026-09-07","Edge cases and error handling","","",""
"","1865","homepage should match snapshot","Chrome","2026-09-07","passed","2026-09-07","Visual Regression – desktop-xl (1920×1080)","","",""
"","8","Component Tests ConfirmDialog dialog has correct ARIA attributes","","2026-09-07","passed","2026-09-07","","Component Tests","Component Tests ConfirmDialog dialog has correct ARIA attributes",""
"","122","should reject empty name","bs-chrome-win11","2026-09-07","passed","2026-09-07","Backend API Integration > POST /api/colors Schema Validation","","",""
"","2759","successful delete removes the chip","bs-iphone-15","2026-09-07","passed","2026-09-07","Color Management — Add & Delete","","",""
"","9","Server Integration Tests (Testcontainers) DELETE /api/colors/:name should return 404 on a second delete of the same color","","2026-09-07","passed","2026-09-07","","Server Integration Tests (Testcontainers)","Server Integration Tests (Testcontainers) DELETE /api/colors/:name should return 404 on a second delete of the same color",""
"","211","X-Powered-By header is not exposed","bs-safari-ventura","2026-09-07","passed","2026-09-07","Security > Security Headers","","",""
"","949","homepage should match snapshot","Chrome","2026-09-07","passed","2026-09-07","Visual Regression – iphone-landscape (667×375)","","",""
"","835","should handle color click network failure gracefully","bs-pixel-7","2026-09-07","passed","2026-09-07","UI Error Handling Coverage","","",""
"","122","should reject omitting both name and hex on update","bs-chrome-win11","2026-09-07","passed","2026-09-07","Backend API Integration > PUT /api/colors/:name Schema Validation","","",""
"","1451","should display all core elements and handle button interaction","Chrome","2026-09-07","passed","2026-09-07","Responsive Design – tablet (768×1024)","","",""
"","1586","should load the application and verify core functionality across browsers","bs-iphone-15","2026-09-07","passed","2026-09-07","Cross-Browser Core Functionality","","",""
"","17","should reject omitting both name and hex on update","Chrome","2026-09-07","passed","2026-09-07","Backend API Integration > PUT /api/colors/:name Schema Validation","","",""
"","3064","homepage initial state","percy","2026-09-07","passed","2026-09-07","Percy Visual Regression – Production > Percy – desktop-xl (1920×1080)","","",""
"","4","Frontend Unit Tests App Component current color span tracks hex value","","2026-09-07","passed","2026-09-07","","Frontend Unit Tests","Frontend Unit Tests App Component current color span tracks hex value",""
"","82","Frontend Unit Tests App Component delete sends DELETE request with correct method","","2026-09-07","passed","2026-09-07","","Frontend Unit Tests","Frontend Unit Tests App Component delete sends DELETE request with correct method",""
"","1110","handle initial fetch error","bs-iphone-15","2026-09-07","passed","2026-09-07","Edge cases and error handling","","",""
"","2073","should create dynamic random color via API and verify through UI","bs-safari-ventura","2026-09-07","passed","2026-09-07","Random Data Testing with faker.js","","",""
"","4","Server Unit Tests Error Handling GET /api/colors/:name returns 500 when database fails","","2026-09-07","passed","2026-09-07","","Server Unit Tests","Server Unit Tests Error Handling GET /api/colors/:name returns 500 when database fails",""
"","217","GET /api/colors should return all colors","bs-firefox-win11","2026-09-07","passed","2026-09-07","Backend API Integration","","",""
"","7","Server Integration Tests (Testcontainers) Method Not Allowed should return 405 for PATCH /api/colors","","2026-09-07","passed","2026-09-07","","Server Integration Tests (Testcontainers)","Server Integration Tests (Testcontainers) Method Not Allowed should return 405 for PATCH /api/colors",""
"","1184","successfully adds a new color and shows its chip","Chrome","2026-09-07","passed","2026-09-07","Color Management — Add & Delete","tests/color-management.spec.ts","",""
"","563","should show loading state when API returns empty colors","Chrome","2026-09-07","passed","2026-09-07","UI Error Handling Coverage","tests/error-handling.spec.ts","",""
"","4","Server Unit Tests POST /api/colors rejects names with the + character (+ encodes as space in URLs, causing lookup mismatches)","","2026-09-07","passed","2026-09-07","","Server Unit Tests","Server Unit Tests POST /api/colors rejects names with the + character (+ encodes as space in URLs, causing lookup mismatches)",""
"","1174","verify Yellow ( #f1c40f ) is applied as the background color","Chrome","2026-09-07","passed","2026-09-07","Background color tests","tests/coverage.spec.ts","",""
"","4","Server Unit Tests Surviving Mutants & Edge Cases Swagger Metadata & OpenAPI has exact application/json content-type","","2026-09-07","passed","2026-09-07","","Server Unit Tests","Server Unit Tests Surviving Mutants & Edge Cases Swagger Metadata & OpenAPI has exact application/json content-type",""
"","204","GET /api/colors should return colors sorted alphabetically by name","bs-iphone-15","2026-09-07","passed","2026-09-07","Backend API Integration","","",""
"","531","first color chip is active on load (aria-pressed=true)","Chrome","2026-09-07","passed","2026-09-07","Color Management — Add & Delete","tests/color-management.spec.ts","",""
"","148","should reject missing name","bs-safari-ventura","2026-09-07","passed","2026-09-07","Backend API Integration > POST /api/colors Schema Validation","","",""
"","28","Component Tests ColorPicker submit with invalid chars shows validation error","","2026-09-07","passed","2026-09-07","","Utility Functions","Component Tests ColorPicker submit with invalid chars shows validation error",""
"","1350","verify Red ( #e74c3c ) is applied as the background color","bs-chrome-win11","2026-09-07","passed","2026-09-07","POM Refactored: Background color tests","","",""
"","28","Component Tests ColorPicker touch start on canvas sets hex to #ff0000 at right edge","","2026-09-07","passed","2026-09-07","","Utility Functions","Component Tests ColorPicker touch start on canvas sets hex to #ff0000 at right edge",""
"","28","Component Tests ColorPicker submit is blocked when hex input has an error","","2026-09-07","passed","2026-09-07","","Utility Functions","Component Tests ColorPicker submit is blocked when hex input has an error",""
"","6605","should not have any automatically detectable accessibility issues","bs-chrome-win11","2026-09-07","passed","2026-09-07","Accessibility Tests","","",""
"","802","changing color to Red should reflect in UI and DOM","Chrome","2026-09-07","passed","2026-09-07","Data-Driven Testing","tests/data-driven.spec.ts","",""
"","4","Server Unit Tests PUT /api/colors/:name returns 400 for invalid name with special characters","","2026-09-07","passed","2026-09-07","","Server Unit Tests","Server Unit Tests PUT /api/colors/:name returns 400 for invalid name with special characters",""
"","258","GET /api/colors should return colors sorted alphabetically by name","bs-firefox-win11","2026-09-07","passed","2026-09-07","Backend API Integration","","",""
"","220","GET /api/colors/:name should return 404 for non-existent color","bs-iphone-15","2026-09-07","passed","2026-09-07","Backend API Integration","","",""
"","1103","should load the application and verify core functionality across browsers","bs-chrome-win11","2026-09-07","passed","2026-09-07","Cross-Browser Core Functionality","","",""
"","117","NoSQL operator in GET path param is rejected (400 or 404)","bs-iphone-15","2026-09-07","passed","2026-09-07","Security > Injection Prevention","","",""
"","41","Frontend Unit Tests App Component clicking chip-x opens confirm dialog with color name and swatch","","2026-09-07","passed","2026-09-07","","Frontend Unit Tests","Frontend Unit Tests App Component clicking chip-x opens confirm dialog with color name and swatch",""
"","1","Utility Functions rgbToHsl pure blue → h=240, s=1, l=0.5","","2026-09-07","passed","2026-09-07","","Utility Functions","Utility Functions rgbToHsl pure blue → h=240, s=1, l=0.5",""
"","1373","verify Yellow ( #f1c40f ) is applied as the background color","bs-firefox-win11","2026-09-07","passed","2026-09-07","POM Refactored: Background color tests","","",""
"","594","should display all core elements and handle button interaction","percy","2026-09-07","skipped","2026-09-07","Responsive Design – iPhone SE (375×667)","","",""
"","5","Server Integration Tests (Testcontainers) PUT /api/colors/:name should return 400 for invalid hex format on update","","2026-09-07","passed","2026-09-07","","Server Integration Tests (Testcontainers)","Server Integration Tests (Testcontainers) PUT /api/colors/:name should return 400 for invalid hex format on update",""
"","0","Utility Functions hslToRgb high lightness l=0.75 → [255,128,128]","","2026-09-07","passed","2026-09-07","","Utility Functions","Utility Functions hslToRgb high lightness l=0.75 → [255,128,128]",""
"","5005","Cancel button closes the picker","bs-iphone-15","2026-09-07","passed","2026-09-07","Color Management — Add & Delete","","",""
"","8","SQL injection characters in name are rejected (400)","Chrome","2026-09-07","passed","2026-09-07","Security > Injection Prevention","tests/security.spec.ts","",""
"","9","Component Tests ColorPicker clicking the backdrop calls onCancel","","2026-09-07","passed","2026-09-07","","Utility Functions","Component Tests ColorPicker clicking the backdrop calls onCancel",""
"","0","Utility Functions hslToRgb hue=180 (cyan) → [0,255,255]","","2026-09-07","passed","2026-09-07","","Utility Functions","Utility Functions hslToRgb hue=180 (cyan) → [0,255,255]",""
"","5","Component Tests ConfirmDialog Escape key does NOT call onCancel when busy","","2026-09-07","passed","2026-09-07","","Component Tests","Component Tests ConfirmDialog Escape key does NOT call onCancel when busy",""
"","11","Server Unit Tests PUT /api/colors/:name updates the hex of an existing color","","2026-09-07","passed","2026-09-07","","Server Unit Tests","Server Unit Tests PUT /api/colors/:name updates the hex of an existing color",""
"","4052","shows server-error message on 500 inside the picker","bs-safari-ventura","2026-09-07","passed","2026-09-07","Color Management — Add & Delete","","",""
"","11","Frontend Unit Tests App Component shows loading text when colors array is empty","","2026-09-07","passed","2026-09-07","","Frontend Unit Tests","Frontend Unit Tests App Component shows loading text when colors array is empty",""
"","955","verify language switcher changes document language","Chrome","2026-09-07","passed","2026-09-07","","tests/coverage.spec.ts","",""
"","10","Component Tests ConfirmDialog Enter key does NOT call onConfirm when busy","","2026-09-07","passed","2026-09-07","","Component Tests","Component Tests ConfirmDialog Enter key does NOT call onConfirm when busy",""
"","49","Frontend Unit Tests App Component add color 400 shows data.error message","","2026-09-07","passed","2026-09-07","","Frontend Unit Tests","Frontend Unit Tests App Component add color 400 shows data.error message",""
"","112","should reject invalid hex format on update","bs-safari-ventura","2026-09-07","passed","2026-09-07","Backend API Integration > PUT /api/colors/:name Schema Validation","","",""
"","60","Frontend Unit Tests App Component deleting the active color switches background to the first remaining","","2026-09-07","passed","2026-09-07","","Frontend Unit Tests","Frontend Unit Tests App Component deleting the active color switches background to the first remaining",""
"","0","Utility Functions rgbToHex converts pure green","","2026-09-07","passed","2026-09-07","","Utility Functions","Utility Functions rgbToHex converts pure green",""
"","18","Component Tests ConfirmDialog cancelLabel prop is reflected in the button text","","2026-09-07","passed","2026-09-07","","Component Tests","Component Tests ConfirmDialog cancelLabel prop is reflected in the button text",""
"","4614","should maintain accessibility in es language and verify resilient locators","bs-safari-ventura","2026-09-07","passed","2026-09-07","i18n Accessibility Tests","","",""
"","538","should create a new color with valid schema","bs-safari-ventura","2026-09-07","passed","2026-09-07","Backend API Integration > POST /api/colors Schema Validation","","",""
"","1","Utility Functions hslToRgb lightness=0 gives black","","2026-09-07","passed","2026-09-07","","Utility Functions","Utility Functions hslToRgb lightness=0 gives black",""
"","174","Component Tests ColorPicker renders the modal with title, hex preview, name and hex inputs","","2026-09-07","passed","2026-09-07","","Utility Functions","Component Tests ColorPicker renders the modal with title, hex preview, name and hex inputs",""
"","2798","should create color via API and verify through UI","bs-iphone-15","2026-09-07","passed","2026-09-07","Hybrid E2E Testing","","",""
"","4","Server Unit Tests POST /api/colors returns 400 for invalid hex format (no hash)","","2026-09-07","passed","2026-09-07","","Server Unit Tests","Server Unit Tests POST /api/colors returns 400 for invalid hex format (no hash)",""
"","40","Component Tests ConfirmDialog confirm button calls onConfirm","","2026-09-07","passed","2026-09-07","","Component Tests","Component Tests ConfirmDialog confirm button calls onConfirm",""
"","10","Frontend Unit Tests App Component shows error alert when initial fetch fails","","2026-09-07","passed","2026-09-07","","Frontend Unit Tests","Frontend Unit Tests App Component shows error alert when initial fetch fails",""
"","128","PUT /openapi.json returns 405","bs-firefox-win11","2026-09-07","passed","2026-09-07","Security > HTTP Method Restrictions","","",""
"","50","Frontend Unit Tests App Component add color 501 also triggers server error message (>= 500)","","2026-09-07","passed","2026-09-07","","Frontend Unit Tests","Frontend Unit Tests App Component add color 501 also triggers server error message (>= 500)",""
"","779","verify Turquoise ( #1abc9c ) is applied as the background color","Chrome","2026-09-07","passed","2026-09-07","POM Refactored: Background color tests","tests/pom-refactored.spec.ts","",""
"","1697","verify Turquoise ( #1abc9c ) is applied as the background color","bs-firefox-win11","2026-09-07","passed","2026-09-07","Background color tests","","",""
"","1","Utility Functions rgbToHsl pure green → h=120, s=1, l=0.5","","2026-09-07","passed","2026-09-07","","Utility Functions","Utility Functions rgbToHsl pure green → h=120, s=1, l=0.5",""
"","679","should return 409 for duplicate color creation","bs-firefox-win11","2026-09-07","passed","2026-09-07","Backend API Integration > POST /api/colors Schema Validation","","",""
"","0","Utility Functions hexToRgb is case-insensitive","","2026-09-07","passed","2026-09-07","","Utility Functions","Utility Functions hexToRgb is case-insensitive",""
"","1","Utility Functions hslToRgb negative hue wraps: hue=-120 = hue=240","","2026-09-07","passed","2026-09-07","","Utility Functions","Utility Functions hslToRgb negative hue wraps: hue=-120 = hue=240",""
"","1","homepage initial state","Chrome","2026-09-07","skipped","2026-09-07","Percy Visual Regression – Production > Percy – desktop-xl (1920×1080)","","",""
"","3","Server Unit Tests PUT /api/colors/:name returns 400 when no fields are provided (empty body)","","2026-09-07","passed","2026-09-07","","Server Unit Tests","Server Unit Tests PUT /api/colors/:name returns 400 when no fields are provided (empty body)",""
"","66","Frontend Unit Tests App Component fetches and displays color chips with swatch and delete button","","2026-09-07","passed","2026-09-07","","Frontend Unit Tests","Frontend Unit Tests App Component fetches and displays color chips with swatch and delete button",""
"","1859","chip-x click opens confirm dialog with color name","bs-safari-ventura","2026-09-07","passed","2026-09-07","Color Management — Add & Delete","","",""
"","1170","should display all core elements and handle button interaction","Chrome","2026-09-07","passed","2026-09-07","Responsive Design – iPhone SE (375×667)","","",""
"","1","Utility Functions hslToRgb hue=150 (spring green) → [0,255,128]","","2026-09-07","passed","2026-09-07","","Utility Functions","Utility Functions hslToRgb hue=150 (spring green) → [0,255,128]",""
"","725","verify Yellow ( #f1c40f ) is applied as the background color","Chrome","2026-09-07","passed","2026-09-07","POM Refactored: Background color tests","tests/pom-refactored.spec.ts","",""
"","117","SQL injection characters in name are rejected (400)","bs-safari-ventura","2026-09-07","passed","2026-09-07","Security > Injection Prevention","","",""
"","945","shows a chip for each color with a swatch, name, and delete button","bs-firefox-win11","2026-09-07","passed","2026-09-07","Color Management — Add & Delete","","",""
"","10","Component Tests ColorPicker clicking inside the card does NOT call onCancel","","2026-09-07","passed","2026-09-07","","Utility Functions","Component Tests ColorPicker clicking inside the card does NOT call onCancel",""
"","63","Frontend Unit Tests App Component delete API error shows error alert without closing dialog","","2026-09-07","passed","2026-09-07","","Frontend Unit Tests","Frontend Unit Tests App Component delete API error shows error alert without closing dialog",""
"","330","Server Unit Tests Surviving Mutants & Edge Cases Port Fallback uses default PORT 5001 when process.env.PORT is missing","","2026-09-07","passed","2026-09-07","","Server Unit Tests","Server Unit Tests Surviving Mutants & Edge Cases Port Fallback uses default PORT 5001 when process.env.PORT is missing",""
"","511","should create a new color with valid schema","bs-pixel-7","2026-09-07","passed","2026-09-07","Backend API Integration > POST /api/colors Schema Validation","","",""
"","6","Server Unit Tests DELETE /api/colors/:name cannot delete the same color twice","","2026-09-07","passed","2026-09-07","","Server Unit Tests","Server Unit Tests DELETE /api/colors/:name cannot delete the same color twice",""
"","7","Frontend Unit Tests App Component initial default background before fetch resolves","","2026-09-07","passed","2026-09-07","","Frontend Unit Tests","Frontend Unit Tests App Component initial default background before fetch resolves",""
"","260","GET /api/colors/Turquoise should return the correct hex code","bs-firefox-win11","2026-09-07","passed","2026-09-07","Backend API Integration","","",""
"","325","homepage should match snapshot","percy","2026-09-07","skipped","2026-09-07","Visual Regression – iphone-landscape (667×375)","","",""
"","1377","color names rendered in the UI do not trigger script execution","bs-pixel-7","2026-09-07","passed","2026-09-07","Security > XSS Prevention","","",""
"","19","Server Integration Tests (Testcontainers) seedDatabase should clear custom colors when re-seeded","","2026-09-07","passed","2026-09-07","","Server Integration Tests (Testcontainers)","Server Integration Tests (Testcontainers) seedDatabase should clear custom colors when re-seeded",""
"","12","Server Integration Tests (Testcontainers) GET /api/colors/:name should return correct data for Red","","2026-09-07","passed","2026-09-07","","Server Integration Tests (Testcontainers)","Server Integration Tests (Testcontainers) GET /api/colors/:name should return correct data for Red",""
"","1743","should maintain accessibility in el language and verify resilient locators","bs-pixel-7","2026-09-07","passed","2026-09-07","i18n Accessibility Tests","","",""
"","1371","shows client-side ""Name is required"" when submitting empty name","bs-firefox-win11","2026-09-07","passed","2026-09-07","Color Management — Add & Delete","","",""
"","7","PUT /openapi.json returns 405","Chrome","2026-09-07","passed","2026-09-07","Security > HTTP Method Restrictions","tests/security.spec.ts","",""
"","1372","delete API error shows alert banner","bs-chrome-win11","2026-09-07","passed","2026-09-07","Color Management — Add & Delete","","",""
"","14","should return 404 for non-existent color deletion","Chrome","2026-09-07","passed","2026-09-07","Backend API Integration > DELETE /api/colors/:name","","",""
"","0","Utility Functions hslToRgb hue=120 (green) → [0,255,0]","","2026-09-07","passed","2026-09-07","","Utility Functions","Utility Functions hslToRgb hue=120 (green) → [0,255,0]",""
"","3","Server Unit Tests PUT /api/colors/:name returns 400 for invalid name in path (regex check)","","2026-09-07","passed","2026-09-07","","Server Unit Tests","Server Unit Tests PUT /api/colors/:name returns 400 for invalid name in path (regex check)",""
"","1884","verify Yellow ( #f1c40f ) is applied as the background color","bs-safari-ventura","2026-09-07","passed","2026-09-07","POM Refactored: Background color tests","","",""
"","804","should update a color with valid schema","bs-firefox-win11","2026-09-07","passed","2026-09-07","Backend API Integration > PUT /api/colors/:name Schema Validation","","",""
"","109","should reject updating with empty name","bs-firefox-win11","2026-09-07","passed","2026-09-07","Backend API Integration > PUT /api/colors/:name Schema Validation","","",""
"","143","should reject missing hex","bs-firefox-win11","2026-09-07","passed","2026-09-07","Backend API Integration > POST /api/colors Schema Validation","","",""
"","7","Server Unit Tests Surviving Mutants & Edge Cases Allowed Methods kills mutants in allowedMethods object","","2026-09-07","passed","2026-09-07","","Server Unit Tests","Server Unit Tests Surviving Mutants & Edge Cases Allowed Methods kills mutants in allowedMethods object",""
"","1407","verify Yellow ( #f1c40f ) is applied as the background color","bs-chrome-win11","2026-09-07","passed","2026-09-07","Background color tests","","",""
"","6","Server Integration Tests (Testcontainers) POST /api/colors should return 400 when extra fields are provided","","2026-09-07","passed","2026-09-07","","Server Integration Tests (Testcontainers)","Server Integration Tests (Testcontainers) POST /api/colors should return 400 when extra fields are provided",""
"","2527","verify Turquoise ( #1abc9c ) is applied as the background color","bs-safari-ventura","2026-09-07","passed","2026-09-07","Background color tests","","",""
"","2164","should maintain accessibility in en language and verify resilient locators","bs-pixel-7","2026-09-07","passed","2026-09-07","i18n Accessibility Tests","","",""
"","28","Component Tests ColorPicker hex input updates hue/sat via rgbToHsl (green → hue≈120)","","2026-09-07","passed","2026-09-07","","Utility Functions","Component Tests ColorPicker hex input updates hue/sat via rgbToHsl (green → hue≈120)",""
"","246","GET /api/colors should return all colors","bs-pixel-7","2026-09-07","passed","2026-09-07","Backend API Integration","","",""
"","46","Frontend Unit Tests App Component add color network error shows network error message","","2026-09-07","passed","2026-09-07","","Frontend Unit Tests","Frontend Unit Tests App Component add color network error shows network error message",""
"","116","should reject omitting both name and hex on update","bs-firefox-win11","2026-09-07","passed","2026-09-07","Backend API Integration > PUT /api/colors/:name Schema Validation","","",""
"","119","NoSQL operator in GET path param is rejected (400 or 404)","bs-pixel-7","2026-09-07","passed","2026-09-07","Security > Injection Prevention","","",""
"","6","Server Unit Tests PUT /api/colors/:name does not change name when updating only hex","","2026-09-07","passed","2026-09-07","","Server Unit Tests","Server Unit Tests PUT /api/colors/:name does not change name when updating only hex",""
"","647","should show loading state when API returns empty colors","bs-chrome-win11","2026-09-07","passed","2026-09-07","UI Error Handling Coverage","","",""
"","904","Example #3","BDD","2026-09-07","passed","2026-09-07","Home Page Background Color > Change background color","","",""
"","106","should reject invalid hex format on update","bs-pixel-7","2026-09-07","passed","2026-09-07","Backend API Integration > PUT /api/colors/:name Schema Validation","","",""
"","1296","changing color to Red should reflect in UI and DOM","bs-pixel-7","2026-09-07","passed","2026-09-07","Data-Driven Testing","","",""
"","9","Server Integration Tests (Testcontainers) GET /api/colors/:name should return 400 for invalid name format","","2026-09-07","passed","2026-09-07","","Server Integration Tests (Testcontainers)","Server Integration Tests (Testcontainers) GET /api/colors/:name should return 400 for invalid name format",""
"","27","Component Tests ColorPicker mousedown at left-center (hue=180) sets hex to #00ffff","","2026-09-07","passed","2026-09-07","","Utility Functions","Component Tests ColorPicker mousedown at left-center (hue=180) sets hex to #00ffff",""
"","60","Frontend Unit Tests App Component delete network error shows error alert","","2026-09-07","passed","2026-09-07","","Frontend Unit Tests","Frontend Unit Tests App Component delete network error shows error alert",""
"","1106","shows a chip for each color with a swatch, name, and delete button","bs-safari-ventura","2026-09-07","passed","2026-09-07","Color Management — Add & Delete","","",""
"","1233","verify Turquoise ( #1abc9c ) is applied as the background color","bs-pixel-7","2026-09-07","passed","2026-09-07","Background color tests","","",""
"","29","Component Tests ColorPicker mousedown outside circle clamps sat to 1","","2026-09-07","passed","2026-09-07","","Utility Functions","Component Tests ColorPicker mousedown outside circle clamps sat to 1",""
"","2924","cancel in confirm dialog closes it without deleting","bs-iphone-15","2026-09-07","passed","2026-09-07","Color Management — Add & Delete","","",""
"","6","Server Unit Tests Surviving Mutants & Edge Cases Rate Limiting & Security kills mutants by verifying x-ratelimit headers","","2026-09-07","passed","2026-09-07","","Server Unit Tests","Server Unit Tests Surviving Mutants & Edge Cases Rate Limiting & Security kills mutants by verifying x-ratelimit headers",""
"","2728","GET /api/colors/:name should return 404 for non-existent color","bs-chrome-win11","2026-09-07","passed","2026-09-07","Backend API Integration","","",""
"","0","Utility Functions readableOn returns #111 for mid-grey (L≈0.35, black gives better contrast)","","2026-09-07","passed","2026-09-07","","Utility Functions","Utility Functions readableOn returns #111 for mid-grey (L≈0.35, black gives better contrast)",""
"","113","SQL injection characters in name are rejected (400)","bs-iphone-15","2026-09-07","passed","2026-09-07","Security > Injection Prevention","","",""
"","1972","check Turquoise ( #1abc9c) is the default background color.","bs-safari-ventura","2026-09-07","passed","2026-09-07","","","",""
"","0","Utility Functions rgbToHsl r max, g>0, b=0 → h in (0,60)","","2026-09-07","passed","2026-09-07","","Utility Functions","Utility Functions rgbToHsl r max, g>0, b=0 → h in (0,60)",""
"","167","PATCH /api/colors/:name returns 405","bs-chrome-win11","2026-09-07","passed","2026-09-07","Security > HTTP Method Restrictions","","",""
"","2414","verify Red ( #e74c3c ) is applied as the background color","bs-iphone-15","2026-09-07","passed","2026-09-07","POM Refactored: Background color tests","","",""
"","957","verify language switcher changes document language","bs-firefox-win11","2026-09-07","passed","2026-09-07","","","",""
"","117","Frontend Unit Tests App Component handleColorClick does nothing when data has no hex","","2026-09-07","passed","2026-09-07","","Frontend Unit Tests","Frontend Unit Tests App Component handleColorClick does nothing when data has no hex",""
"","121","POST with HTML tag in name is rejected (400)","bs-firefox-win11","2026-09-07","passed","2026-09-07","Security > XSS Prevention","","",""
"","4808","successfully adds a new color and shows its chip","bs-safari-ventura","2026-09-07","passed","2026-09-07","Color Management — Add & Delete","","",""
"","109","should reject invalid hex format on update","bs-firefox-win11","2026-09-07","passed","2026-09-07","Backend API Integration > PUT /api/colors/:name Schema Validation","","",""
"","52","Frontend Unit Tests App Component renders title, logo, and calls initial fetch","","2026-09-07","passed","2026-09-07","","Frontend Unit Tests","Frontend Unit Tests App Component renders title, logo, and calls initial fetch",""
"","770","delete API error shows alert banner","Chrome","2026-09-07","passed","2026-09-07","Color Management — Add & Delete","tests/color-management.spec.ts","",""
"","27","Component Tests ColorPicker typing in name input clears name error","","2026-09-07","passed","2026-09-07","","Utility Functions","Component Tests ColorPicker typing in name input clears name error",""
"","213","X-Powered-By header is not exposed","bs-pixel-7","2026-09-07","passed","2026-09-07","Security > Security Headers","","",""
"","122","PATCH /api/colors returns 405","bs-iphone-15","2026-09-07","passed","2026-09-07","Security > HTTP Method Restrictions","","",""
"","316","GET /api/colors/:name should return 404 for non-existent color","bs-safari-ventura","2026-09-07","passed","2026-09-07","Backend API Integration","","",""
"","1","Utility Functions rgbToHex value 15 pads to 0f","","2026-09-07","passed","2026-09-07","","Utility Functions","Utility Functions rgbToHex value 15 pads to 0f",""
"","1283","should display colors that do not exist in the database","bs-safari-ventura","2026-09-07","passed","2026-09-07","Network Mocking & Interception","","",""
"","6","Server Unit Tests GET /api/colors/:name is case-sensitive","","2026-09-07","passed","2026-09-07","","Server Unit Tests","Server Unit Tests GET /api/colors/:name is case-sensitive",""
"","6","Server Integration Tests (Testcontainers) POST /api/reseed should return 405 for GET on /api/reseed","","2026-09-07","passed","2026-09-07","","Server Integration Tests (Testcontainers)","Server Integration Tests (Testcontainers) POST /api/reseed should return 405 for GET on /api/reseed",""
"","1324","verify Turquoise ( #1abc9c ) is applied as the background color","bs-chrome-win11","2026-09-07","passed","2026-09-07","POM Refactored: Background color tests","","",""
"","1349","changing color to Red should reflect in UI and DOM","bs-chrome-win11","2026-09-07","passed","2026-09-07","Data-Driven Testing","","",""
"","10","Server Integration Tests (Testcontainers) GET /api/colors/:name should be case-sensitive (lowercase name returns 404)","","2026-09-07","passed","2026-09-07","","Server Integration Tests (Testcontainers)","Server Integration Tests (Testcontainers) GET /api/colors/:name should be case-sensitive (lowercase name returns 404)",""
"","18","Server Integration Tests (Testcontainers) POST /api/reseed should reseed the database to the three default colors with a valid token","","2026-09-07","passed","2026-09-07","","Server Integration Tests (Testcontainers)","Server Integration Tests (Testcontainers) POST /api/reseed should reseed the database to the three default colors with a valid token",""
"","10","Server Unit Tests Error Handling POST /api/colors returns 500 when database fails (findOne)","","2026-09-07","passed","2026-09-07","","Server Unit Tests","Server Unit Tests Error Handling POST /api/colors returns 500 when database fails (findOne)",""
"","0","Utility Functions paintWheelPixel paints red at right edge (dx=r, dy=0, hue=0)","","2026-09-07","passed","2026-09-07","","Utility Functions","Utility Functions paintWheelPixel paints red at right edge (dx=r, dy=0, hue=0)",""
"","127","NoSQL $where operator in name is rejected (400)","bs-safari-ventura","2026-09-07","passed","2026-09-07","Security > Injection Prevention","","",""
"","632","Escape key closes the confirm dialog","bs-pixel-7","2026-09-07","passed","2026-09-07","Color Management — Add & Delete","","",""
"","825","shows client-side ""Name is required"" when submitting empty name","Chrome","2026-09-07","passed","2026-09-07","Color Management — Add & Delete","tests/color-management.spec.ts","",""
"","703","should return 409 for duplicate color creation","bs-iphone-15","2026-09-07","passed","2026-09-07","Backend API Integration > POST /api/colors Schema Validation","","",""
"","512","should delete an existing color","bs-chrome-win11","2026-09-07","passed","2026-09-07","Backend API Integration > DELETE /api/colors/:name","","",""
"","14","Component Tests ColorPicker wheel cursor is at (110,110) at center (sat=0)","","2026-09-07","passed","2026-09-07","","Utility Functions","Component Tests ColorPicker wheel cursor is at (110,110) at center (sat=0)",""
"","315","oversized payload is rejected (413)","bs-chrome-win11","2026-09-07","passed","2026-09-07","Security > Input Validation","","",""
"","1180","handle initial fetch error","bs-safari-ventura","2026-09-07","passed","2026-09-07","Edge cases and error handling","","",""
"","245","oversized payload is rejected (413)","bs-firefox-win11","2026-09-07","passed","2026-09-07","Security > Input Validation","","",""
"","623","should gracefully handle a color not found in the database","bs-pixel-7","2026-09-07","passed","2026-09-07","Network Mocking & Interception","","",""
"","5","Server Unit Tests 405 Method Not Allowed does not return 405 for allowed POST method on /api/colors","","2026-09-07","passed","2026-09-07","","Server Unit Tests","Server Unit Tests 405 Method Not Allowed does not return 405 for allowed POST method on /api/colors",""
"","4374","should maintain accessibility in en language and verify resilient locators","bs-iphone-15","2026-09-07","passed","2026-09-07","i18n Accessibility Tests","","",""
"","10","Component Tests ColorPicker typing an invalid hex shows ""Use format #RRGGBB"" error","","2026-09-07","passed","2026-09-07","","Utility Functions","Component Tests ColorPicker typing an invalid hex shows ""Use format #RRGGBB"" error",""
"","2014","changing color to Yellow should reflect in UI and DOM","bs-safari-ventura","2026-09-07","passed","2026-09-07","Data-Driven Testing","","",""
"","240","GET /api/colors/Yellow should return the correct hex code","bs-firefox-win11","2026-09-07","passed","2026-09-07","Backend API Integration","","",""
"","2783","homepage initial state","percy","2026-09-07","passed","2026-09-07","Percy Visual Regression – Production > Percy – mobile (375×667)","","",""
"","32","should return 409 for duplicate color creation","Chrome","2026-09-07","passed","2026-09-07","Backend API Integration > POST /api/colors Schema Validation","","",""
"","680","should gracefully handle a color not found in the database","Chrome","2026-09-07","passed","2026-09-07","Network Mocking & Interception","tests/network-mocking.spec.ts","",""
"","127","POST with script tag in name is rejected (400)","bs-safari-ventura","2026-09-07","passed","2026-09-07","Security > XSS Prevention","","",""
"","2083","should maintain accessibility in el language and verify resilient locators","bs-chrome-win11","2026-09-07","passed","2026-09-07","i18n Accessibility Tests","","",""
"","217","X-Powered-By header is not exposed","bs-firefox-win11","2026-09-07","passed","2026-09-07","Security > Security Headers","","",""
"","1510","close (×) button closes the picker","bs-firefox-win11","2026-09-07","passed","2026-09-07","Color Management — Add & Delete","","",""
"","117","PUT /openapi.json returns 405","bs-chrome-win11","2026-09-07","passed","2026-09-07","Security > HTTP Method Restrictions","","",""
"","12","NoSQL $where operator in name is rejected (400)","Chrome","2026-09-07","passed","2026-09-07","Security > Injection Prevention","tests/security.spec.ts","",""
"","5","Server Unit Tests 405 Method Not Allowed returns 405 for PATCH on /api/colors/:name","","2026-09-07","passed","2026-09-07","","Server Unit Tests","Server Unit Tests 405 Method Not Allowed returns 405 for PATCH on /api/colors/:name",""
"","1425","should create dynamic random color via API and verify through UI","bs-chrome-win11","2026-09-07","passed","2026-09-07","Random Data Testing with faker.js","","",""
"","2011","changing color to Yellow should reflect in UI and DOM","bs-iphone-15","2026-09-07","passed","2026-09-07","Data-Driven Testing","","",""
"","267","GET /api/colors/Red should return the correct hex code","bs-chrome-win11","2026-09-07","passed","2026-09-07","Backend API Integration","","",""
"","289","GET /api/colors/Turquoise should return the correct hex code","bs-chrome-win11","2026-09-07","passed","2026-09-07","Backend API Integration","","",""
"","64","Frontend Unit Tests App Component saving is false again after a failed add (finally block)","","2026-09-07","passed","2026-09-07","","Frontend Unit Tests","Frontend Unit Tests App Component saving is false again after a failed add (finally block)",""
"","9","Component Tests ColorPicker backdrop dismiss button is aria-hidden and not in tab order","","2026-09-07","passed","2026-09-07","","Utility Functions","Component Tests ColorPicker backdrop dismiss button is aria-hidden and not in tab order",""
"","3129","should create color via API and verify through UI","bs-safari-ventura","2026-09-07","passed","2026-09-07","Hybrid E2E Testing","","",""
"","5","Frontend Unit Tests App Component language selector change calls i18n and updates html lang","","2026-09-07","passed","2026-09-07","","Frontend Unit Tests","Frontend Unit Tests App Component language selector change calls i18n and updates html lang",""
"","1","Utility Functions hexToRgb parses a standard #RRGGBB hex","","2026-09-07","passed","2026-09-07","","Utility Functions","Utility Functions hexToRgb parses a standard #RRGGBB hex",""
"","50","Frontend Unit Tests App Component handleColorClick shows error alert on fetch failure","","2026-09-07","passed","2026-09-07","","Frontend Unit Tests","Frontend Unit Tests App Component handleColorClick shows error alert on fetch failure",""
"","6193","close (×) button closes the picker","bs-safari-ventura","2026-09-07","passed","2026-09-07","Color Management — Add & Delete","","",""
"","15","Component Tests ColorPicker Add color button shows ""Saving…"" when saving=true","","2026-09-07","passed","2026-09-07","","Utility Functions","Component Tests ColorPicker Add color button shows ""Saving…"" when saving=true",""
"","4087","homepage after color change","percy","2026-09-07","passed","2026-09-07","Percy Visual Regression – Production > Percy – desktop (1280×720)","","",""
"","245","should return 404 for non-existent color deletion","bs-chrome-win11","2026-09-07","passed","2026-09-07","Backend API Integration > DELETE /api/colors/:name","","",""
"","6120","Cancel button closes the picker","bs-safari-ventura","2026-09-07","passed","2026-09-07","Color Management — Add & Delete","","",""
"","3","Server Unit Tests POST /api/reseed returns 401 when Authorization header is missing","","2026-09-07","passed","2026-09-07","","Server Unit Tests","Server Unit Tests POST /api/reseed returns 401 when Authorization header is missing",""
"","1155","should create dynamic random color via API and verify through UI","Chrome","2026-09-07","passed","2026-09-07","Random Data Testing with faker.js","tests/random-data.spec.ts","",""
"Performance Test: UI Performance Test
File: ui-performance.spec.ts
Total Iterations: 54
Max VUs: 1

HTTP Request Duration:
- Avg: 178.85ms
- P(95): 178.85ms
- Max: 178.85ms

Full metrics attached in the results.","743653","UI Performance Test","Performance","2026-09-07","passed","2026-09-07","ui-performance.spec.ts","UI Performance Test","",""
"","437","Escape key closes the confirm dialog","Chrome","2026-09-07","passed","2026-09-07","Color Management — Add & Delete","tests/color-management.spec.ts","",""
"","120","PATCH /api/colors/:name returns 405","bs-safari-ventura","2026-09-07","passed","2026-09-07","Security > HTTP Method Restrictions","","",""
"","31","GET /api/colors/:name should return 404 for non-existent color","Chrome","2026-09-07","passed","2026-09-07","Backend API Integration","","",""
"","1225","shows server-error message on 500 inside the picker","bs-chrome-win11","2026-09-07","passed","2026-09-07","Color Management — Add & Delete","","",""
"","393","should handle missing image gracefully by showing alt text","bs-pixel-7","2026-09-07","passed","2026-09-07","Network Mocking & Interception","","",""
"","160","should reject empty name","bs-safari-ventura","2026-09-07","passed","2026-09-07","Backend API Integration > POST /api/colors Schema Validation","","",""
"","1","Utility Functions hslToRgb lightness=1 gives white","","2026-09-07","passed","2026-09-07","","Utility Functions","Utility Functions hslToRgb lightness=1 gives white",""
"","2560","should maintain accessibility in es language and verify resilient locators","Chrome","2026-09-07","passed","2026-09-07","i18n Accessibility Tests","tests/a11y.spec.ts","",""
"","5","Server Integration Tests (Testcontainers) POST /api/colors should return 400 when hex is missing","","2026-09-07","passed","2026-09-07","","Server Integration Tests (Testcontainers)","Server Integration Tests (Testcontainers) POST /api/colors should return 400 when hex is missing",""
"","250","GET /api/colors/Yellow should return the correct hex code","bs-iphone-15","2026-09-07","passed","2026-09-07","Backend API Integration","","",""
"","484","should delete an existing color","bs-firefox-win11","2026-09-07","passed","2026-09-07","Backend API Integration > DELETE /api/colors/:name","","",""
"","776","clicking a chip makes it active","Chrome","2026-09-07","passed","2026-09-07","Color Management — Add & Delete","tests/color-management.spec.ts","",""
"","127","empty body on POST returns 400","bs-chrome-win11","2026-09-07","passed","2026-09-07","Security > Input Validation","","",""
"","638","handle color selection fetch error","Chrome","2026-09-07","passed","2026-09-07","Edge cases and error handling","tests/coverage.spec.ts","",""
"","11","NoSQL injection object in name is rejected (400)","Chrome","2026-09-07","passed","2026-09-07","Security > Injection Prevention","tests/security.spec.ts","",""
"","3328","clicking the backdrop closes the picker","bs-iphone-15","2026-09-07","passed","2026-09-07","Color Management — Add & Delete","","",""
"","0","homepage after color change","Chrome","2026-09-07","skipped","2026-09-07","Percy Visual Regression – Production > Percy – mobile (375×667)","","",""
"","108","DELETE /api/colors (collection) returns 405","bs-iphone-15","2026-09-07","passed","2026-09-07","Security > HTTP Method Restrictions","","",""
"","115","DELETE /api/colors (collection) returns 405","bs-firefox-win11","2026-09-07","passed","2026-09-07","Security > HTTP Method Restrictions","","",""
"","4668","should maintain accessibility in es language and verify resilient locators","bs-iphone-15","2026-09-07","passed","2026-09-07","i18n Accessibility Tests","","",""
"","10","Server Integration Tests (Testcontainers) DELETE /api/colors/:name should delete a color and confirm removal from the real database","","2026-09-07","passed","2026-09-07","","Server Integration Tests (Testcontainers)","Server Integration Tests (Testcontainers) DELETE /api/colors/:name should delete a color and confirm removal from the real database",""
"","847","should handle missing image gracefully by showing alt text","bs-iphone-15","2026-09-07","passed","2026-09-07","Network Mocking & Interception","","",""
"","117","unknown extra fields in POST body are rejected (400)","bs-iphone-15","2026-09-07","passed","2026-09-07","Security > Input Validation","","",""
"","855","clicking ""+ Add color"" opens the picker modal","bs-chrome-win11","2026-09-07","passed","2026-09-07","Color Management — Add & Delete","","",""
"","3174","cancel in confirm dialog closes it without deleting","bs-firefox-win11","2026-09-07","passed","2026-09-07","Color Management — Add & Delete","","",""
"","768","should update a color with valid schema","bs-iphone-15","2026-09-07","passed","2026-09-07","Backend API Integration > PUT /api/colors/:name Schema Validation","","",""
"","5","Server Integration Tests (Testcontainers) POST /api/reseed should return 401 when token is invalid","","2026-09-07","passed","2026-09-07","","Server Integration Tests (Testcontainers)","Server Integration Tests (Testcontainers) POST /api/reseed should return 401 when token is invalid",""
"","1373","should create dynamic random color via API and verify through UI","bs-pixel-7","2026-09-07","passed","2026-09-07","Random Data Testing with faker.js","","",""
"","264","GET /api/colors/Yellow should return the correct hex code","bs-safari-ventura","2026-09-07","passed","2026-09-07","Backend API Integration","","",""
"","1890","verify Red ( #e74c3c ) is applied as the background color","bs-iphone-15","2026-09-07","passed","2026-09-07","Background color tests","","",""
"","3852","successful delete removes the chip","bs-safari-ventura","2026-09-07","passed","2026-09-07","Color Management — Add & Delete","","",""
"","257","GET /api/colors/Yellow should return the correct hex code","bs-pixel-7","2026-09-07","passed","2026-09-07","Backend API Integration","","",""
"","1","Utility Functions rgbToHsl light red (#ff8080): l>0.5, s computed via (2-max-min) branch","","2026-09-07","passed","2026-09-07","","Utility Functions","Utility Functions rgbToHsl light red (#ff8080): l>0.5, s computed via (2-max-min) branch",""
"","1314","successful delete removes the chip","bs-firefox-win11","2026-09-07","passed","2026-09-07","Color Management — Add & Delete","","",""
"","1275","chip-x click opens confirm dialog with color name","bs-firefox-win11","2026-09-07","passed","2026-09-07","Color Management — Add & Delete","","",""
"","52","should create a new color with valid schema","Chrome","2026-09-07","passed","2026-09-07","Backend API Integration > POST /api/colors Schema Validation","","",""
"","28","GET /api/colors/Yellow should return the correct hex code","Chrome","2026-09-07","passed","2026-09-07","Backend API Integration","","",""
"","1989","verify Turquoise ( #1abc9c ) is applied as the background color","bs-safari-ventura","2026-09-07","passed","2026-09-07","POM Refactored: Background color tests","","",""
"","58","DELETE /api/colors/{name}","","","passed","","","schemathesis","",""
"","1535","should handle color click network failure gracefully","bs-safari-ventura","2026-09-07","passed","2026-09-07","UI Error Handling Coverage","","",""
"","2048","chip-x click opens confirm dialog with color name","bs-iphone-15","2026-09-07","passed","2026-09-07","Color Management — Add & Delete","","",""
"","1","homepage initial state","Chrome","2026-09-07","skipped","2026-09-07","Percy Visual Regression – Production > Percy – tablet (768×1024)","","",""
"","4","Server Unit Tests Middleware JSON error middleware ignores SyntaxError without body","","2026-09-07","passed","2026-09-07","","Server Unit Tests","Server Unit Tests Middleware JSON error middleware ignores SyntaxError without body",""
"","0","Utility Functions rgbToHsl dark red (#800000): l<0.5, s=1 (l<=0.5 saturation branch)","","2026-09-07","passed","2026-09-07","","Utility Functions","Utility Functions rgbToHsl dark red (#800000): l<0.5, s=1 (l<=0.5 saturation branch)",""
"","4","Server Unit Tests Error Handling DELETE /api/colors/:name returns 500 when database fails","","2026-09-07","passed","2026-09-07","","Server Unit Tests","Server Unit Tests Error Handling DELETE /api/colors/:name returns 500 when database fails",""
"","4","Server Unit Tests OpenAPI endpoints spec includes component schemas","","2026-09-07","passed","2026-09-07","","Server Unit Tests","Server Unit Tests OpenAPI endpoints spec includes component schemas",""
"","2199","changing color to Red should reflect in UI and DOM","bs-safari-ventura","2026-09-07","passed","2026-09-07","Data-Driven Testing","","",""
"","515","should delete an existing color","bs-safari-ventura","2026-09-07","passed","2026-09-07","Backend API Integration > DELETE /api/colors/:name","","",""
"","9107","should load the application and verify core functionality across browsers","WebKit","2026-09-07","passed","2026-09-07","Cross-Browser Core Functionality","","",""
"","118","SQL injection characters in name are rejected (400)","bs-chrome-win11","2026-09-07","passed","2026-09-07","Security > Injection Prevention","","",""
"","52","Frontend Unit Tests App Component add color sends POST with correct method, headers, and body","","2026-09-07","passed","2026-09-07","","Frontend Unit Tests","Frontend Unit Tests App Component add color sends POST with correct method, headers, and body",""
"","13","Component Tests ColorPicker typing red with g<b hex updates internal state","","2026-09-07","passed","2026-09-07","","Utility Functions","Component Tests ColorPicker typing red with g<b hex updates internal state",""
"","203","X-Powered-By header is not exposed","bs-iphone-15","2026-09-07","passed","2026-09-07","Security > Security Headers","","",""
"","2067","changing color to Turquoise should reflect in UI and DOM","bs-safari-ventura","2026-09-07","passed","2026-09-07","Data-Driven Testing","","",""
"","3365","homepage after color change","percy","2026-09-07","passed","2026-09-07","Percy Visual Regression – Production > Percy – desktop-xl (1920×1080)","","",""
"","33","Component Tests ColorPicker mousedown at bottom-center (hue=90) sets hex to #80ff00","","2026-09-07","passed","2026-09-07","","Utility Functions","Component Tests ColorPicker mousedown at bottom-center (hue=90) sets hex to #80ff00",""
"","143","POST with HTML tag in name is rejected (400)","bs-safari-ventura","2026-09-07","passed","2026-09-07","Security > XSS Prevention","","",""
"","122","empty body on POST returns 400","bs-pixel-7","2026-09-07","passed","2026-09-07","Security > Input Validation","","",""
"","660","handle color response missing hex property","Chrome","2026-09-07","passed","2026-09-07","Edge cases and error handling","tests/coverage.spec.ts","",""
"","1","Utility Functions rgbToHsl pure red → h=0, s=1, l=0.5","","2026-09-07","passed","2026-09-07","","Utility Functions","Utility Functions rgbToHsl pure red → h=0, s=1, l=0.5",""
"","1243","clicking the backdrop closes the picker","bs-firefox-win11","2026-09-07","passed","2026-09-07","Color Management — Add & Delete","","",""
"","6","Component Tests ConfirmDialog backdrop click calls onCancel when not busy","","2026-09-07","passed","2026-09-07","","Component Tests","Component Tests ConfirmDialog backdrop click calls onCancel when not busy",""
"","249","GET /api/colors/Turquoise should return the correct hex code","bs-pixel-7","2026-09-07","passed","2026-09-07","Backend API Integration","","",""
"","256","oversized payload is rejected (413)","bs-safari-ventura","2026-09-07","passed","2026-09-07","Security > Input Validation","","",""
"","6","Server Unit Tests Surviving Mutants & Edge Cases Rate Limiting & Security kills mutants by verifying x-powered-by is removed","","2026-09-07","passed","2026-09-07","","Server Unit Tests","Server Unit Tests Surviving Mutants & Edge Cases Rate Limiting & Security kills mutants by verifying x-powered-by is removed",""
"","3562","shows client-side ""Name is required"" when submitting empty name","bs-iphone-15","2026-09-07","passed","2026-09-07","Color Management — Add & Delete","","",""
"","573","shows a chip for each color with a swatch, name, and delete button","Chrome","2026-09-07","passed","2026-09-07","Color Management — Add & Delete","tests/color-management.spec.ts","",""
"","130","should reject missing name","bs-firefox-win11","2026-09-07","passed","2026-09-07","Backend API Integration > POST /api/colors Schema Validation","","",""
"","130","NoSQL operator in GET path param is rejected (400 or 404)","bs-chrome-win11","2026-09-07","passed","2026-09-07","Security > Injection Prevention","","",""
"","136","POST with javascript: URI in name is rejected (400)","bs-firefox-win11","2026-09-07","passed","2026-09-07","Security > XSS Prevention","","",""
"","2299","should maintain accessibility in en language and verify resilient locators","Chrome","2026-09-07","passed","2026-09-07","i18n Accessibility Tests","tests/a11y.spec.ts","",""
"","225","should return 404 for non-existent color deletion","bs-safari-ventura","2026-09-07","passed","2026-09-07","Backend API Integration > DELETE /api/colors/:name","","",""
"","5","Server Unit Tests Error Handling POST /api/colors returns 409 when database throws duplicate key error (code 11000)","","2026-09-07","passed","2026-09-07","","Server Unit Tests","Server Unit Tests Error Handling POST /api/colors returns 409 when database throws duplicate key error (code 11000)",""
"","2008","verify Yellow ( #f1c40f ) is applied as the background color","bs-iphone-15","2026-09-07","passed","2026-09-07","Background color tests","","",""
"","764","verify language switcher changes document language","bs-chrome-win11","2026-09-07","passed","2026-09-07","","","",""
"","0","Utility Functions rgbToHsl g max with b>r (#00ff80) → h near 150","","2026-09-07","passed","2026-09-07","","Utility Functions","Utility Functions rgbToHsl g max with b>r (#00ff80) → h near 150",""
"","3731","shows 409 duplicate error from server inside the picker","bs-iphone-15","2026-09-07","passed","2026-09-07","Color Management — Add & Delete","","",""
"","119","unknown extra fields in POST body are rejected (400)","bs-pixel-7","2026-09-07","passed","2026-09-07","Security > Input Validation","","",""
"","11","Component Tests ColorPicker typing blue hex updates internal state (b is max branch)","","2026-09-07","passed","2026-09-07","","Utility Functions","Component Tests ColorPicker typing blue hex updates internal state (b is max branch)",""
"","123","empty body on POST returns 400","bs-firefox-win11","2026-09-07","passed","2026-09-07","Security > Input Validation","","",""
"","8","PATCH /api/colors/:name returns 405","Chrome","2026-09-07","passed","2026-09-07","Security > HTTP Method Restrictions","tests/security.spec.ts","",""
"","0","homepage after color change","Chrome","2026-09-07","skipped","2026-09-07","Percy Visual Regression – Production > Percy – desktop (1280×720)","","",""
"","982","homepage should match snapshot","Chrome","2026-09-07","passed","2026-09-07","Visual Regression – iphone-se (375×667)","","",""
"","1148","first color chip is active on load (aria-pressed=true)","bs-safari-ventura","2026-09-07","passed","2026-09-07","Color Management — Add & Delete","","",""
"","6","Server Unit Tests Middleware JSON error middleware passes non-syntax errors to next()","","2026-09-07","passed","2026-09-07","","Server Unit Tests","Server Unit Tests Middleware JSON error middleware passes non-syntax errors to next()",""
"","635","should handle color click network failure gracefully","Chrome","2026-09-07","passed","2026-09-07","UI Error Handling Coverage","tests/error-handling.spec.ts","",""
"","13","Server Unit Tests Error Handling POST /api/colors returns 500 when database fails (create)","","2026-09-07","passed","2026-09-07","","Server Unit Tests","Server Unit Tests Error Handling POST /api/colors returns 500 when database fails (create)",""
"","23","Component Tests ColorPicker touchmove while dragging updates hex","","2026-09-07","passed","2026-09-07","","Utility Functions","Component Tests ColorPicker touchmove while dragging updates hex",""
"","5","Server Unit Tests POST /api/colors accepts names with alphanumeric characters and spaces","","2026-09-07","passed","2026-09-07","","Server Unit Tests","Server Unit Tests POST /api/colors accepts names with alphanumeric characters and spaces",""
"","9","Server Unit Tests GET /api/colors/:name returns 404 for a non-existent color","","2026-09-07","passed","2026-09-07","","Server Unit Tests","Server Unit Tests GET /api/colors/:name returns 404 for a non-existent color",""
"","1059","should handle color click network failure gracefully","bs-firefox-win11","2026-09-07","passed","2026-09-07","UI Error Handling Coverage","","",""
"","253","GET /api/colors should return all colors","bs-chrome-win11","2026-09-07","passed","2026-09-07","Backend API Integration","","",""
"","1023","first color chip is active on load (aria-pressed=true)","bs-firefox-win11","2026-09-07","passed","2026-09-07","Color Management — Add & Delete","","",""
"","1636","should load the application and verify core functionality across browsers","bs-safari-ventura","2026-09-07","passed","2026-09-07","Cross-Browser Core Functionality","","",""
"","8","Utility Functions rgbToHsl b max (#0040ff) → h in (180,300)","","2026-09-07","passed","2026-09-07","","Utility Functions","Utility Functions rgbToHsl b max (#0040ff) → h in (180,300)",""
"","129","unknown extra fields in POST body are rejected (400)","bs-firefox-win11","2026-09-07","passed","2026-09-07","Security > Input Validation","","",""
"","1471","color names rendered in the UI do not trigger script execution","Chrome","2026-09-07","passed","2026-09-07","Security > XSS Prevention","tests/security.spec.ts","",""
"","96","Frontend Unit Tests App Component deleting is false again after a failed delete (finally block)","","2026-09-07","passed","2026-09-07","","Frontend Unit Tests","Frontend Unit Tests App Component deleting is false again after a failed delete (finally block)",""
"","139","SQL injection characters in name are rejected (400)","bs-pixel-7","2026-09-07","passed","2026-09-07","Security > Injection Prevention","","",""
"","1080","shows client-side ""Name is required"" when submitting empty name","bs-chrome-win11","2026-09-07","passed","2026-09-07","Color Management — Add & Delete","","",""
"","705","check Turquoise ( #1abc9c) is the default background color.","bs-pixel-7","2026-09-07","passed","2026-09-07","","","",""
"","708","should return 409 for duplicate color creation","bs-pixel-7","2026-09-07","passed","2026-09-07","Backend API Integration > POST /api/colors Schema Validation","","",""
"","132","POST /api-docs returns 405","bs-firefox-win11","2026-09-07","passed","2026-09-07","Security > HTTP Method Restrictions","","",""
"","138","unknown extra fields in POST body are rejected (400)","bs-safari-ventura","2026-09-07","passed","2026-09-07","Security > Input Validation","","",""
"","7","Component Tests ColorPicker serverError banner is absent when serverError is null","","2026-09-07","passed","2026-09-07","","Utility Functions","Component Tests ColorPicker serverError banner is absent when serverError is null",""
"","99","POST with HTML tag in name is rejected (400)","Chrome","2026-09-07","passed","2026-09-07","Security > XSS Prevention","tests/security.spec.ts","",""
"","29","Component Tests ColorPicker mousemove while dragging updates hex (dragging.current=true kills mutation)","","2026-09-07","passed","2026-09-07","","Utility Functions","Component Tests ColorPicker mousemove while dragging updates hex (dragging.current=true kills mutation)",""
"","617","should load the application and verify core functionality across browsers","Chrome","2026-09-07","passed","2026-09-07","Cross-Browser Core Functionality","","",""
"","1209","verify Yellow ( #f1c40f ) is applied as the background color","bs-pixel-7","2026-09-07","passed","2026-09-07","POM Refactored: Background color tests","","",""
"","17","should reject updating with empty name","Chrome","2026-09-07","passed","2026-09-07","Backend API Integration > PUT /api/colors/:name Schema Validation","","",""
"","20","should reject invalid hex format","Chrome","2026-09-07","passed","2026-09-07","Backend API Integration > POST /api/colors Schema Validation","","",""
"","1120","shows client-side ""Name is required"" when submitting empty name","bs-pixel-7","2026-09-07","passed","2026-09-07","Color Management — Add & Delete","","",""
"","2740","POST /api/colors","","","passed","","","schemathesis","",""
"","1244","check Turquoise ( #1abc9c) is the default background color.","bs-iphone-15","2026-09-07","passed","2026-09-07","","","",""
"","4","Server Unit Tests Error Handling seedDatabase logs error and re-throws when database fails","","2026-09-07","passed","2026-09-07","","Server Unit Tests","Server Unit Tests Error Handling seedDatabase logs error and re-throws when database fails",""
"","1247","verify Red ( #e74c3c ) is applied as the background color","bs-pixel-7","2026-09-07","passed","2026-09-07","Background color tests","","",""
"","30","Component Tests ColorPicker lightness slider change updates the preview","","2026-09-07","passed","2026-09-07","","Utility Functions","Component Tests ColorPicker lightness slider change updates the preview",""
"","116","array body on POST returns 400","bs-pixel-7","2026-09-07","passed","2026-09-07","Security > Input Validation","","",""
"","994","successful delete removes the chip","bs-pixel-7","2026-09-07","passed","2026-09-07","Color Management — Add & Delete","","",""
"","3","Server Unit Tests Surviving Mutants & Edge Cases Swagger Metadata & OpenAPI has exact server metadata","","2026-09-07","passed","2026-09-07","","Server Unit Tests","Server Unit Tests Surviving Mutants & Edge Cases Swagger Metadata & OpenAPI has exact server metadata",""
"","1106","clicking a chip makes it active","bs-chrome-win11","2026-09-07","passed","2026-09-07","Color Management — Add & Delete","","",""
"","3509","should not have any automatically detectable accessibility issues","bs-firefox-win11","2026-09-07","passed","2026-09-07","Accessibility Tests","","",""
"","4","Frontend Unit Tests i18n Configuration should translate keys correctly","","2026-09-07","passed","2026-09-07","","Frontend Unit Tests","Frontend Unit Tests i18n Configuration should translate keys correctly",""
"","115","error responses return JSON, not HTML (no info leakage)","bs-pixel-7","2026-09-07","passed","2026-09-07","Security > Security Headers","","",""
"","511","POST /api/reseed","","","passed","","","schemathesis","",""
"","118","NoSQL operator in GET path param is rejected (400 or 404)","bs-safari-ventura","2026-09-07","passed","2026-09-07","Security > Injection Prevention","","",""
"","30","Component Tests ColorPicker submit with empty name shows ""Name is required"" error","","2026-09-07","passed","2026-09-07","","Utility Functions","Component Tests ColorPicker submit with empty name shows ""Name is required"" error",""
"","1","Utility Functions rgbToHsl black [0,0,0] → h=0, s=0, l=0","","2026-09-07","passed","2026-09-07","","Utility Functions","Utility Functions rgbToHsl black [0,0,0] → h=0, s=0, l=0",""
"","1","Utility Functions readableOn returns #fff for black (very dark, L≈0)","","2026-09-07","passed","2026-09-07","","Utility Functions","Utility Functions readableOn returns #fff for black (very dark, L≈0)",""
"","3692","homepage initial state","percy","2026-09-07","passed","2026-09-07","Percy Visual Regression – Production > Percy – desktop (1280×720)","","",""
"","53","Frontend Unit Tests App Component learn react link has correct text","","2026-09-07","passed","2026-09-07","","Frontend Unit Tests","Frontend Unit Tests App Component learn react link has correct text",""
"","0","homepage initial state","Chrome","2026-09-07","skipped","2026-09-07","Percy Visual Regression – Production > Percy – mobile (375×667)","","",""
"","982","clicking the backdrop closes the picker","bs-pixel-7","2026-09-07","passed","2026-09-07","Color Management — Add & Delete","","",""
"","1764","should display colors that do not exist in the database","bs-firefox-win11","2026-09-07","passed","2026-09-07","Network Mocking & Interception","","",""
"","240","GET /api/colors/Red should return the correct hex code","bs-iphone-15","2026-09-07","passed","2026-09-07","Backend API Integration","","",""
"","329","Server Unit Tests Surviving Mutants & Edge Cases Port Fallback reflects process.env.PORT in Swagger servers","","2026-09-07","passed","2026-09-07","","Server Unit Tests","Server Unit Tests Surviving Mutants & Edge Cases Port Fallback reflects process.env.PORT in Swagger servers",""
"","3","Server Unit Tests Error Handling GET /api/colors returns 500 when database fails","","2026-09-07","passed","2026-09-07","","Server Unit Tests","Server Unit Tests Error Handling GET /api/colors returns 500 when database fails",""
"","1","Utility Functions paintWheelPixel anti-aliases near-edge pixel: dist=r-0.5 gives alpha=127","","2026-09-07","passed","2026-09-07","","Utility Functions","Utility Functions paintWheelPixel anti-aliases near-edge pixel: dist=r-0.5 gives alpha=127",""
"","127","should reject invalid hex format","bs-safari-ventura","2026-09-07","passed","2026-09-07","Backend API Integration > POST /api/colors Schema Validation","","",""
"","610","verify language switcher changes document language","bs-pixel-7","2026-09-07","passed","2026-09-07","","","",""
"","236","GET /api/colors should return colors sorted alphabetically by name","bs-pixel-7","2026-09-07","passed","2026-09-07","Backend API Integration","","",""
"","9","array body on POST returns 400","Chrome","2026-09-07","passed","2026-09-07","Security > Input Validation","tests/security.spec.ts","",""
"","11","Server Unit Tests POST /api/reseed returns 200 and reseeds the database with a valid token","","2026-09-07","passed","2026-09-07","","Server Unit Tests","Server Unit Tests POST /api/reseed returns 200 and reseeds the database with a valid token",""
"","11","Frontend Unit Tests App Component shows error alert when initial fetch returns non-2xx","","2026-09-07","passed","2026-09-07","","Frontend Unit Tests","Frontend Unit Tests App Component shows error alert when initial fetch returns non-2xx",""
"","10","Server Integration Tests (Testcontainers) seedDatabase should be idempotent — calling twice always yields exactly 3 colors","","2026-09-07","passed","2026-09-07","","Server Integration Tests (Testcontainers)","Server Integration Tests (Testcontainers) seedDatabase should be idempotent — calling twice always yields exactly 3 colors",""
"","16","Component Tests ConfirmDialog clicking the card itself does NOT call onCancel","","2026-09-07","passed","2026-09-07","","Component Tests","Component Tests ConfirmDialog clicking the card itself does NOT call onCancel",""
"","27","Component Tests ColorPicker submit with duplicate name (client-side) shows duplicate error","","2026-09-07","passed","2026-09-07","","Utility Functions","Component Tests ColorPicker submit with duplicate name (client-side) shows duplicate error",""
"","824","Example #1","BDD","2026-09-07","passed","2026-09-07","Home Page Background Color > Change background color","","",""
"","78","Frontend Unit Tests App Component picker onCancel does nothing when saving=true","","2026-09-07","passed","2026-09-07","","Frontend Unit Tests","Frontend Unit Tests App Component picker onCancel does nothing when saving=true",""
"","14","Component Tests ColorPicker Cancel button is disabled when saving=true","","2026-09-07","passed","2026-09-07","","Utility Functions","Component Tests ColorPicker Cancel button is disabled when saving=true",""
"","1088","shows 409 duplicate error from server inside the picker","Chrome","2026-09-07","passed","2026-09-07","Color Management — Add & Delete","tests/color-management.spec.ts","",""
"","615","clicking the backdrop closes the picker","Chrome","2026-09-07","passed","2026-09-07","Color Management — Add & Delete","tests/color-management.spec.ts","",""
"","3049","homepage initial state","percy","2026-09-07","passed","2026-09-07","Percy Visual Regression – Production > Percy – tablet (768×1024)","","",""
"","12","Server Unit Tests Surviving Mutants & Edge Cases Strict Path & Method Validation kills mutants that change route paths to empty string","","2026-09-07","passed","2026-09-07","","Server Unit Tests","Server Unit Tests Surviving Mutants & Edge Cases Strict Path & Method Validation kills mutants that change route paths to empty string",""
"","27","GET /api/colors should return colors sorted alphabetically by name","Chrome","2026-09-07","passed","2026-09-07","Backend API Integration","","",""
"","46","Server Unit Tests GET /api/colors returns all seeded colors with correct names and hex values","","2026-09-07","passed","2026-09-07","","Server Unit Tests","Server Unit Tests GET /api/colors returns all seeded colors with correct names and hex values",""
"","2526","delete API error shows alert banner","bs-iphone-15","2026-09-07","passed","2026-09-07","Color Management — Add & Delete","","",""
"","688","should handle fetch colors network failure gracefully","bs-firefox-win11","2026-09-07","passed","2026-09-07","UI Error Handling Coverage","","",""
"","0","Utility Functions rgbToHsl white [255,255,255] → h=0, s=0, l=1","","2026-09-07","passed","2026-09-07","","Utility Functions","Utility Functions rgbToHsl white [255,255,255] → h=0, s=0, l=1",""
"","1929","clicking ""+ Add color"" opens the picker modal","bs-iphone-15","2026-09-07","passed","2026-09-07","Color Management — Add & Delete","","",""
"","1","Utility Functions paintWheelPixel paints grey at center (dx=0, dy=0, dist=0, sat=0)","","2026-09-07","passed","2026-09-07","","Utility Functions","Utility Functions paintWheelPixel paints grey at center (dx=0, dy=0, dist=0, sat=0)",""
"","234","GET /api/colors/Red should return the correct hex code","bs-safari-ventura","2026-09-07","passed","2026-09-07","Backend API Integration","","",""
"","6","Server Unit Tests POST /api/colors returns 409 for a duplicate color name with descriptive error","","2026-09-07","passed","2026-09-07","","Server Unit Tests","Server Unit Tests POST /api/colors returns 409 for a duplicate color name with descriptive error",""
"","120","should reject missing name","bs-iphone-15","2026-09-07","passed","2026-09-07","Backend API Integration > POST /api/colors Schema Validation","","",""
"","1","Utility Functions hslToRgb hue=90 (chartreuse) → [128,255,0]","","2026-09-07","passed","2026-09-07","","Utility Functions","Utility Functions hslToRgb hue=90 (chartreuse) → [128,255,0]",""
"","5","Server Unit Tests Middleware JSON error middleware ignores SyntaxError with status != 400","","2026-09-07","passed","2026-09-07","","Server Unit Tests","Server Unit Tests Middleware JSON error middleware ignores SyntaxError with status != 400",""
"","121","error responses return JSON, not HTML (no info leakage)","bs-iphone-15","2026-09-07","passed","2026-09-07","Security > Security Headers","","",""
"","64","Frontend Unit Tests App Component handleColorClick clears previous error on new successful click","","2026-09-07","passed","2026-09-07","","Frontend Unit Tests","Frontend Unit Tests App Component handleColorClick clears previous error on new successful click",""
"","8","Frontend Unit Tests App Component colors.length === 0 shows loading text","","2026-09-07","passed","2026-09-07","","Frontend Unit Tests","Frontend Unit Tests App Component colors.length === 0 shows loading text",""
"","10","Component Tests ColorPicker displays serverError prop in an alert banner","","2026-09-07","passed","2026-09-07","","Utility Functions","Component Tests ColorPicker displays serverError prop in an alert banner",""
"","41","Frontend Unit Tests App Component initial background is first color hex","","2026-09-07","passed","2026-09-07","","Frontend Unit Tests","Frontend Unit Tests App Component initial background is first color hex",""
"","938","close (×) button closes the picker","Chrome","2026-09-07","passed","2026-09-07","Color Management — Add & Delete","tests/color-management.spec.ts","",""
"","2024","verify Red ( #e74c3c ) is applied as the background color","bs-safari-ventura","2026-09-07","passed","2026-09-07","POM Refactored: Background color tests","","",""
"","433","should handle missing image gracefully by showing alt text","bs-chrome-win11","2026-09-07","passed","2026-09-07","Network Mocking & Interception","","",""
"","1279","should meet the accessibility threshold using Google Lighthouse","bs-chrome-win11","2026-09-07","skipped","2026-09-07","Accessibility Tests","","",""
"","121","should reject updating with empty name","bs-pixel-7","2026-09-07","passed","2026-09-07","Backend API Integration > PUT /api/colors/:name Schema Validation","","",""
"","116","POST /api-docs returns 405","bs-chrome-win11","2026-09-07","passed","2026-09-07","Security > HTTP Method Restrictions","","",""
"","1618","homepage should match snapshot","Chrome","2026-09-07","passed","2026-09-07","Visual Regression – desktop (1280×720)","","",""
"","4","Component Tests ConfirmDialog title is rendered in the element with id confirm-title","","2026-09-07","passed","2026-09-07","","Component Tests","Component Tests ConfirmDialog title is rendered in the element with id confirm-title",""
"","1028","shows client-side validation error for invalid name chars","Chrome","2026-09-07","passed","2026-09-07","Color Management — Add & Delete","tests/color-management.spec.ts","",""
"","133","should reject missing name","bs-chrome-win11","2026-09-07","passed","2026-09-07","Backend API Integration > POST /api/colors Schema Validation","","",""
"","0","Utility Functions readableOn returns #111 for an invalid/empty hex string (null rgb fallback)","","2026-09-07","passed","2026-09-07","","Utility Functions","Utility Functions readableOn returns #111 for an invalid/empty hex string (null rgb fallback)",""
"","199","should return 404 for non-existent color deletion","bs-iphone-15","2026-09-07","passed","2026-09-07","Backend API Integration > DELETE /api/colors/:name","","",""
"","18","should reject invalid hex format on update","Chrome","2026-09-07","passed","2026-09-07","Backend API Integration > PUT /api/colors/:name Schema Validation","","",""
"","86","GET /api/colors/Turquoise should return the correct hex code","Chrome","2026-09-07","passed","2026-09-07","Backend API Integration","","",""
"","2","Server Unit Tests Surviving Mutants & Edge Cases Mongoose Schema Strictness kills empty schema mutant by checking schema paths","","2026-09-07","passed","2026-09-07","","Server Unit Tests","Server Unit Tests Surviving Mutants & Edge Cases Mongoose Schema Strictness kills empty schema mutant by checking schema paths",""
"","1034","should load the application and verify core functionality across browsers","bs-pixel-7","2026-09-07","passed","2026-09-07","Cross-Browser Core Functionality","","",""
"","1548","handle initial fetch with empty data","bs-safari-ventura","2026-09-07","passed","2026-09-07","Edge cases and error handling","","",""
"","1421","Cancel button closes the picker","bs-chrome-win11","2026-09-07","passed","2026-09-07","Color Management — Add & Delete","","",""
"","9124","should not have any automatically detectable accessibility issues","bs-safari-ventura","2026-09-07","passed","2026-09-07","Accessibility Tests","","",""
"","964","should show loading state when API returns empty colors","bs-safari-ventura","2026-09-07","passed","2026-09-07","UI Error Handling Coverage","","",""
"","123","error responses return JSON, not HTML (no info leakage)","bs-safari-ventura","2026-09-07","passed","2026-09-07","Security > Security Headers","","",""
"","24","Component Tests ColorPicker close (×) button calls onCancel","","2026-09-07","passed","2026-09-07","","Utility Functions","Component Tests ColorPicker close (×) button calls onCancel",""
"","212","should return 404 when updating non-existent color","bs-firefox-win11","2026-09-07","passed","2026-09-07","Backend API Integration > PUT /api/colors/:name Schema Validation","","",""
"","987","clicking a chip makes it active","bs-pixel-7","2026-09-07","passed","2026-09-07","Color Management — Add & Delete","","",""
"","175","malformed JSON body returns 400","bs-chrome-win11","2026-09-07","passed","2026-09-07","Security > Input Validation","","",""
"","230","should return 404 for non-existent color deletion","bs-pixel-7","2026-09-07","passed","2026-09-07","Backend API Integration > DELETE /api/colors/:name","","",""
"","1167","should handle fetch colors network failure gracefully","bs-safari-ventura","2026-09-07","passed","2026-09-07","UI Error Handling Coverage","","",""
"","37","GET /api/colors should return all colors","Chrome","2026-09-07","passed","2026-09-07","Backend API Integration","","",""
"","7","Server Unit Tests 405 Method Not Allowed returns 405 for POST, PUT, DELETE on /api-docs","","2026-09-07","passed","2026-09-07","","Server Unit Tests","Server Unit Tests 405 Method Not Allowed returns 405 for POST, PUT, DELETE on /api-docs",""
"","4211","shows 409 duplicate error from server inside the picker","bs-safari-ventura","2026-09-07","passed","2026-09-07","Color Management — Add & Delete","","",""
"","5","Server Unit Tests Error Handling PUT /api/colors/:name returns 409 when database throws duplicate key error (code 11000) on save","","2026-09-07","passed","2026-09-07","","Server Unit Tests","Server Unit Tests Error Handling PUT /api/colors/:name returns 409 when database throws duplicate key error (code 11000) on save",""
"","4","Server Unit Tests OpenAPI endpoints serves Swagger UI as HTML","","2026-09-07","passed","2026-09-07","","Server Unit Tests","Server Unit Tests OpenAPI endpoints serves Swagger UI as HTML",""
"","3992","shows client-side validation error for invalid name chars","bs-safari-ventura","2026-09-07","passed","2026-09-07","Color Management — Add & Delete","","",""
"","5","Server Unit Tests DELETE /api/colors/:name returns 404 for a non-existent color","","2026-09-07","passed","2026-09-07","","Server Unit Tests","Server Unit Tests DELETE /api/colors/:name returns 404 for a non-existent color",""
"","121","malformed JSON body returns 400","bs-safari-ventura","2026-09-07","passed","2026-09-07","Security > Input Validation","","",""
"","2","Utility Functions hslToRgb hue=210 (azure) → [0,128,255]","","2026-09-07","passed","2026-09-07","","Utility Functions","Utility Functions hslToRgb hue=210 (azure) → [0,128,255]",""
"","1288","verify language switcher changes document language","bs-iphone-15","2026-09-07","passed","2026-09-07","","","",""
"","1","Utility Functions hslToRgb lightness clamped: l=1.5 gives white","","2026-09-07","passed","2026-09-07","","Utility Functions","Utility Functions hslToRgb lightness clamped: l=1.5 gives white",""
"","109","should reject missing name","bs-pixel-7","2026-09-07","passed","2026-09-07","Backend API Integration > POST /api/colors Schema Validation","","",""
"","1196","should gracefully handle a color not found in the database","bs-iphone-15","2026-09-07","passed","2026-09-07","Network Mocking & Interception","","",""
"","4","Server Unit Tests POST /api/reseed returns 401 when Bearer scheme prefix is missing","","2026-09-07","passed","2026-09-07","","Server Unit Tests","Server Unit Tests POST /api/reseed returns 401 when Bearer scheme prefix is missing",""
"","646","should gracefully handle a color not found in the database","bs-chrome-win11","2026-09-07","passed","2026-09-07","Network Mocking & Interception","","",""
"","4","Server Unit Tests Surviving Mutants & Edge Cases Mongoose Schema & Persistence kills empty schema mutant by verifying field persistence","","2026-09-07","passed","2026-09-07","","Server Unit Tests","Server Unit Tests Surviving Mutants & Edge Cases Mongoose Schema & Persistence kills empty schema mutant by verifying field persistence",""
"","133","empty body on POST returns 400","bs-safari-ventura","2026-09-07","passed","2026-09-07","Security > Input Validation","","",""
"","4","Server Unit Tests OpenAPI endpoints serves the OpenAPI JSON spec with exact metadata","","2026-09-07","passed","2026-09-07","","Server Unit Tests","Server Unit Tests OpenAPI endpoints serves the OpenAPI JSON spec with exact metadata",""
"","1562","shows 409 duplicate error from server inside the picker","bs-firefox-win11","2026-09-07","passed","2026-09-07","Color Management — Add & Delete","","",""
"","27","Frontend Unit Tests App Component text color on light background is dark","","2026-09-07","passed","2026-09-07","","Frontend Unit Tests","Frontend Unit Tests App Component text color on light background is dark",""
"","129","should reject empty name","bs-iphone-15","2026-09-07","passed","2026-09-07","Backend API Integration > POST /api/colors Schema Validation","","",""
"","130","malformed JSON body returns 400","bs-pixel-7","2026-09-07","passed","2026-09-07","Security > Input Validation","","",""
"","11","Server Unit Tests GET /api/colors does not expose _id or __v fields","","2026-09-07","passed","2026-09-07","","Server Unit Tests","Server Unit Tests GET /api/colors does not expose _id or __v fields",""
"","460","chip-x click opens confirm dialog with color name","Chrome","2026-09-07","passed","2026-09-07","Color Management — Add & Delete","tests/color-management.spec.ts","",""
"","1","Utility Functions readableOn returns #111 for turquoise (L≈0.39, black gives better contrast)","","2026-09-07","passed","2026-09-07","","Utility Functions","Utility Functions readableOn returns #111 for turquoise (L≈0.39, black gives better contrast)",""
"","373","homepage should match snapshot","percy","2026-09-07","skipped","2026-09-07","Visual Regression – desktop (1280×720)","","",""
"","4","Server Unit Tests POST /api/reseed returns 405 for GET on /api/reseed","","2026-09-07","passed","2026-09-07","","Server Unit Tests","Server Unit Tests POST /api/reseed returns 405 for GET on /api/reseed",""
"","0","Utility Functions readableOn returns #111 for a pale/pastel colour (high luminance)","","2026-09-07","passed","2026-09-07","","Utility Functions","Utility Functions readableOn returns #111 for a pale/pastel colour (high luminance)",""
"","11","Server Integration Tests (Testcontainers) GET /api/colors should return colors sorted alphabetically by name","","2026-09-07","passed","2026-09-07","","Server Integration Tests (Testcontainers)","Server Integration Tests (Testcontainers) GET /api/colors should return colors sorted alphabetically by name",""
"","1127","Escape key closes the confirm dialog","bs-firefox-win11","2026-09-07","passed","2026-09-07","Color Management — Add & Delete","","",""
"","9","Component Tests ColorPicker editing name input calls onClearError to clear server error","","2026-09-07","passed","2026-09-07","","Utility Functions","Component Tests ColorPicker editing name input calls onClearError to clear server error",""
"","3","Server Unit Tests POST /api/reseed returns 401 when token is incorrect","","2026-09-07","passed","2026-09-07","","Server Unit Tests","Server Unit Tests POST /api/reseed returns 401 when token is incorrect",""
"","4","Server Unit Tests Surviving Mutants & Edge Cases Logs seedDatabase logs success message","","2026-09-07","passed","2026-09-07","","Server Unit Tests","Server Unit Tests Surviving Mutants & Edge Cases Logs seedDatabase logs success message",""
"","830","changing color to Yellow should reflect in UI and DOM","Chrome","2026-09-07","passed","2026-09-07","Data-Driven Testing","tests/data-driven.spec.ts","",""
"","0","Utility Functions readableOn returns #fff for a very dark blue","","2026-09-07","passed","2026-09-07","","Utility Functions","Utility Functions readableOn returns #fff for a very dark blue",""
"","4","Server Unit Tests POST /api/colors returns 400 for name with only spaces","","2026-09-07","passed","2026-09-07","","Server Unit Tests","Server Unit Tests POST /api/colors returns 400 for name with only spaces",""
"","6816","should maintain accessibility after state change (color update)","bs-chrome-win11","2026-09-07","passed","2026-09-07","Accessibility Tests","","",""
"","0","Utility Functions hslToRgb hue=270 (violet) → [128,0,255]","","2026-09-07","passed","2026-09-07","","Utility Functions","Utility Functions hslToRgb hue=270 (violet) → [128,0,255]",""
"","831","Example #2","BDD","2026-09-07","passed","2026-09-07","Home Page Background Color > Change background color","","",""
"","1847","verify Red ( #e74c3c ) is applied as the background color","bs-safari-ventura","2026-09-07","passed","2026-09-07","Background color tests","","",""
"","134","empty body on POST returns 400","bs-iphone-15","2026-09-07","passed","2026-09-07","Security > Input Validation","","",""
"","0","Utility Functions paintWheelPixel sets alpha to 0 when dist > r (outside circle)","","2026-09-07","passed","2026-09-07","","Utility Functions","Utility Functions paintWheelPixel sets alpha to 0 when dist > r (outside circle)",""
"","28","Component Tests ColorPicker mousedown at right-center (hue=0) sets hex to #ff0000","","2026-09-07","passed","2026-09-07","","Utility Functions","Component Tests ColorPicker mousedown at right-center (hue=0) sets hex to #ff0000",""
"","117","Frontend Unit Tests App Component clicking a color chip makes it active","","2026-09-07","passed","2026-09-07","","Frontend Unit Tests","Frontend Unit Tests App Component clicking a color chip makes it active",""
"","12","GET /api/colors","","","passed","","","schemathesis","",""
"","226","GET /api/colors should return all colors","bs-iphone-15","2026-09-07","passed","2026-09-07","Backend API Integration","","",""
"","22","Server Integration Tests (Testcontainers) Concurrent writes should handle simultaneous POSTs with the same name — exactly one succeeds","","2026-09-07","passed","2026-09-07","","Server Integration Tests (Testcontainers)","Server Integration Tests (Testcontainers) Concurrent writes should handle simultaneous POSTs with the same name — exactly one succeeds",""
"","61","Frontend Unit Tests App Component confirm dialog cancel button closes it","","2026-09-07","passed","2026-09-07","","Frontend Unit Tests","Frontend Unit Tests App Component confirm dialog cancel button closes it",""
"","1657","Escape key closes the confirm dialog","bs-safari-ventura","2026-09-07","passed","2026-09-07","Color Management — Add & Delete","","",""
"","15","Component Tests ColorPicker typing a valid hex without # prefix is accepted","","2026-09-07","passed","2026-09-07","","Utility Functions","Component Tests ColorPicker typing a valid hex without # prefix is accepted",""
"","130","PATCH /api/colors/:name returns 405","bs-firefox-win11","2026-09-07","passed","2026-09-07","Security > HTTP Method Restrictions","","",""
"","633","handle initial fetch with empty data","bs-pixel-7","2026-09-07","passed","2026-09-07","Edge cases and error handling","","",""
"","1","Utility Functions rgbToHsl round-trip hslToRgb→rgbToHsl preserves hue for all sectors","","2026-09-07","passed","2026-09-07","","Utility Functions","Utility Functions rgbToHsl round-trip hslToRgb→rgbToHsl preserves hue for all sectors",""
"","616","handle initial fetch error","bs-pixel-7","2026-09-07","passed","2026-09-07","Edge cases and error handling","","",""
"","151","should reject updating with empty name","bs-safari-ventura","2026-09-07","passed","2026-09-07","Backend API Integration > PUT /api/colors/:name Schema Validation","","",""
"","1225","verify Red ( #e74c3c ) is applied as the background color","bs-chrome-win11","2026-09-07","passed","2026-09-07","Background color tests","","",""
"","1","Utility Functions readableOn returns #111 for light-grey (L≈0.60, above 0.179 threshold)","","2026-09-07","passed","2026-09-07","","Utility Functions","Utility Functions readableOn returns #111 for light-grey (L≈0.60, above 0.179 threshold)",""
"","5","Server Unit Tests 405 Method Not Allowed does not return 405 for allowed DELETE method on /api/colors/:name","","2026-09-07","passed","2026-09-07","","Server Unit Tests","Server Unit Tests 405 Method Not Allowed does not return 405 for allowed DELETE method on /api/colors/:name",""
"","1337","changing color to Yellow should reflect in UI and DOM","bs-chrome-win11","2026-09-07","passed","2026-09-07","Data-Driven Testing","","",""
"","126","should reject invalid hex format","bs-iphone-15","2026-09-07","passed","2026-09-07","Backend API Integration > POST /api/colors Schema Validation","","",""
"","0","Utility Functions rgbToHex output is lowercase","","2026-09-07","passed","2026-09-07","","Utility Functions","Utility Functions rgbToHex output is lowercase",""
"","33","Frontend Unit Tests App Component labelFor returns translation for known color (Turquoise)","","2026-09-07","passed","2026-09-07","","Frontend Unit Tests","Frontend Unit Tests App Component labelFor returns translation for known color (Turquoise)",""
"","1664","verify Yellow ( #f1c40f ) is applied as the background color","bs-firefox-win11","2026-09-07","passed","2026-09-07","Background color tests","","",""
"","1312","deleting the active color switches background to the first remaining","bs-pixel-7","2026-09-07","passed","2026-09-07","Color Management — Add & Delete","","",""
"","0","Utility Functions paintWheelPixel writes to the correct index offset in the array","","2026-09-07","passed","2026-09-07","","Utility Functions","Utility Functions paintWheelPixel writes to the correct index offset in the array",""
"","679","handle initial fetch error","Chrome","2026-09-07","passed","2026-09-07","Edge cases and error handling","tests/coverage.spec.ts","",""
"","31","Frontend Unit Tests App Component text color on dark background is white","","2026-09-07","passed","2026-09-07","","Frontend Unit Tests","Frontend Unit Tests App Component text color on dark background is white",""
"","6","Server Integration Tests (Testcontainers) GET /api/colors/:name should not expose _id or __v fields","","2026-09-07","passed","2026-09-07","","Server Integration Tests (Testcontainers)","Server Integration Tests (Testcontainers) GET /api/colors/:name should not expose _id or __v fields",""
"","2920","should not have any automatically detectable accessibility issues","Chrome","2026-09-07","passed","2026-09-07","Accessibility Tests","tests/a11y.spec.ts","",""
"","7","Server Unit Tests Error Handling PUT /api/colors/:name returns 500 when database fails","","2026-09-07","passed","2026-09-07","","Server Unit Tests","Server Unit Tests Error Handling PUT /api/colors/:name returns 500 when database fails",""
"","1505","should handle color click network failure gracefully","bs-iphone-15","2026-09-07","passed","2026-09-07","UI Error Handling Coverage","","",""
"","109","Frontend Unit Tests App Component handleColorClick does nothing when data is null","","2026-09-07","passed","2026-09-07","","Frontend Unit Tests","Frontend Unit Tests App Component handleColorClick does nothing when data is null",""
"","66","Frontend Unit Tests App Component header color attribute changes after clicking a chip","","2026-09-07","passed","2026-09-07","","Frontend Unit Tests","Frontend Unit Tests App Component header color attribute changes after clicking a chip",""
"","226","GET /api/colors/:name should return 404 for non-existent color","bs-firefox-win11","2026-09-07","passed","2026-09-07","Backend API Integration","","",""
"","1260","verify Turquoise ( #1abc9c ) is applied as the background color","bs-pixel-7","2026-09-07","passed","2026-09-07","POM Refactored: Background color tests","","",""
"","10","Server Unit Tests GET /api/colors returns an empty array when no colors exist","","2026-09-07","passed","2026-09-07","","Server Unit Tests","Server Unit Tests GET /api/colors returns an empty array when no colors exist",""
"","25","Frontend Unit Tests App Component link color is light (#cfe8ff) on dark background","","2026-09-07","passed","2026-09-07","","Frontend Unit Tests","Frontend Unit Tests App Component link color is light (#cfe8ff) on dark background",""
"","6","Server Integration Tests (Testcontainers) PUT /api/colors/:name should return 400 when update body is empty","","2026-09-07","passed","2026-09-07","","Server Integration Tests (Testcontainers)","Server Integration Tests (Testcontainers) PUT /api/colors/:name should return 400 when update body is empty",""
"","30","Component Tests ColorPicker duplicate check is case-insensitive","","2026-09-07","passed","2026-09-07","","Utility Functions","Component Tests ColorPicker duplicate check is case-insensitive",""
"","141","POST with javascript: URI in name is rejected (400)","bs-iphone-15","2026-09-07","passed","2026-09-07","Security > XSS Prevention","","",""
"","18","Server Integration Tests (Testcontainers) POST /api/reseed should be idempotent — calling reseed twice always yields exactly 3 colors","","2026-09-07","passed","2026-09-07","","Server Integration Tests (Testcontainers)","Server Integration Tests (Testcontainers) POST /api/reseed should be idempotent — calling reseed twice always yields exactly 3 colors",""
"","7","Component Tests ConfirmDialog Escape key calls onCancel when not busy","","2026-09-07","passed","2026-09-07","","Component Tests","Component Tests ConfirmDialog Escape key calls onCancel when not busy",""
"","5","Server Unit Tests POST /api/colors returns 400 for extra unknown fields (strict schema)","","2026-09-07","passed","2026-09-07","","Server Unit Tests","Server Unit Tests POST /api/colors returns 400 for extra unknown fields (strict schema)",""
"","4","Server Unit Tests POST /api/colors returns 400 for name with whitespace","","2026-09-07","passed","2026-09-07","","Server Unit Tests","Server Unit Tests POST /api/colors returns 400 for name with whitespace",""
"","6","Utility Functions hslToRgb hue=0 (red) → [255,0,0]","","2026-09-07","passed","2026-09-07","","Utility Functions","Utility Functions hslToRgb hue=0 (red) → [255,0,0]",""
"","886","should display colors that do not exist in the database","bs-pixel-7","2026-09-07","passed","2026-09-07","Network Mocking & Interception","","",""
"","231","homepage should match snapshot","percy","2026-09-07","skipped","2026-09-07","Visual Regression – iphone-se (375×667)","","",""
"","1224","shows 409 duplicate error from server inside the picker","bs-pixel-7","2026-09-07","passed","2026-09-07","Color Management — Add & Delete","","",""
"","8","Server Unit Tests seedDatabase clears existing colors and re-seeds with 3 defaults","","2026-09-07","passed","2026-09-07","","Server Unit Tests","Server Unit Tests seedDatabase clears existing colors and re-seeds with 3 defaults",""
"","844","clicking the backdrop closes the picker","bs-chrome-win11","2026-09-07","passed","2026-09-07","Color Management — Add & Delete","","",""
"","68","Frontend Unit Tests App Component successful delete removes the color chip","","2026-09-07","passed","2026-09-07","","Frontend Unit Tests","Frontend Unit Tests App Component successful delete removes the color chip",""
"","959","shows server-error message on 500 inside the picker","Chrome","2026-09-07","passed","2026-09-07","Color Management — Add & Delete","tests/color-management.spec.ts","",""
"","126","should reject empty name","bs-pixel-7","2026-09-07","passed","2026-09-07","Backend API Integration > POST /api/colors Schema Validation","","",""
"","7","Component Tests ColorPicker pressing a non-Escape key does not call onCancel","","2026-09-07","passed","2026-09-07","","Utility Functions","Component Tests ColorPicker pressing a non-Escape key does not call onCancel",""
"","21","Frontend Unit Tests App Component labelFor falls back to color name for unknown/custom color","","2026-09-07","passed","2026-09-07","","Frontend Unit Tests","Frontend Unit Tests App Component labelFor falls back to color name for unknown/custom color",""
"","50","Frontend Unit Tests App Component add color 500 shows server error message","","2026-09-07","passed","2026-09-07","","Frontend Unit Tests","Frontend Unit Tests App Component add color 500 shows server error message",""
"","568","clicking ""+ Add color"" opens the picker modal","Chrome","2026-09-07","passed","2026-09-07","Color Management — Add & Delete","tests/color-management.spec.ts","",""
"","131","PATCH /api/colors returns 405","bs-pixel-7","2026-09-07","passed","2026-09-07","Security > HTTP Method Restrictions","","",""
"","133","array body on POST returns 400","bs-firefox-win11","2026-09-07","passed","2026-09-07","Security > Input Validation","","",""
"","508","should show loading state when API returns empty colors","bs-pixel-7","2026-09-07","passed","2026-09-07","UI Error Handling Coverage","","",""
"","14","Server Integration Tests (Testcontainers) PUT /api/colors/:name should rename a color and make old name return 404","","2026-09-07","passed","2026-09-07","","Server Integration Tests (Testcontainers)","Server Integration Tests (Testcontainers) PUT /api/colors/:name should rename a color and make old name return 404",""
"","232","GET /api/colors should return colors sorted alphabetically by name","bs-chrome-win11","2026-09-07","passed","2026-09-07","Backend API Integration","","",""
"","122","NoSQL injection object in name is rejected (400)","bs-chrome-win11","2026-09-07","passed","2026-09-07","Security > Injection Prevention","","",""
"","1482","should meet the accessibility threshold using Google Lighthouse","bs-iphone-15","2026-09-07","skipped","2026-09-07","Accessibility Tests","","",""
"","12","Server Integration Tests (Testcontainers) GET /api/colors/:name should return correct data for Yellow","","2026-09-07","passed","2026-09-07","","Server Integration Tests (Testcontainers)","Server Integration Tests (Testcontainers) GET /api/colors/:name should return correct data for Yellow",""
"","55","Frontend Unit Tests App Component first loaded color is active (aria-pressed=true)","","2026-09-07","passed","2026-09-07","","Frontend Unit Tests","Frontend Unit Tests App Component first loaded color is active (aria-pressed=true)",""
"","123","POST with HTML tag in name is rejected (400)","bs-chrome-win11","2026-09-07","passed","2026-09-07","Security > XSS Prevention","","",""
"","31","Component Tests ColorPicker lightness slider min value (0) gives black","","2026-09-07","passed","2026-09-07","","Utility Functions","Component Tests ColorPicker lightness slider min value (0) gives black",""
"","143","POST with HTML tag in name is rejected (400)","bs-iphone-15","2026-09-07","passed","2026-09-07","Security > XSS Prevention","","",""
"","47","Frontend Unit Tests App Component existingNames passed to ColorPicker matches current color list","","2026-09-07","passed","2026-09-07","","Frontend Unit Tests","Frontend Unit Tests App Component existingNames passed to ColorPicker matches current color list",""
"","3905","should show loading state when API returns empty colors","bs-firefox-win11","2026-09-07","passed","2026-09-07","UI Error Handling Coverage","","",""
"","1659","color names rendered in the UI do not trigger script execution","bs-firefox-win11","2026-09-07","passed","2026-09-07","Security > XSS Prevention","","",""
"","4","Server Unit Tests Middleware handles non-JSON content type gracefully on POST","","2026-09-07","passed","2026-09-07","","Server Unit Tests","Server Unit Tests Middleware handles non-JSON content type gracefully on POST",""
"","219","GET /api/colors/Red should return the correct hex code","bs-pixel-7","2026-09-07","passed","2026-09-07","Backend API Integration","","",""
"","4369","should maintain accessibility in el language and verify resilient locators","bs-iphone-15","2026-09-07","passed","2026-09-07","i18n Accessibility Tests","","",""
"","1628","changing color to Yellow should reflect in UI and DOM","bs-firefox-win11","2026-09-07","passed","2026-09-07","Data-Driven Testing","","",""
"","708","should return 409 for duplicate color creation","bs-chrome-win11","2026-09-07","passed","2026-09-07","Backend API Integration > POST /api/colors Schema Validation","","",""
"","39","Frontend Unit Tests App Component picker cancel button closes the modal","","2026-09-07","passed","2026-09-07","","Frontend Unit Tests","Frontend Unit Tests App Component picker cancel button closes the modal",""
"","127","POST with javascript: URI in name is rejected (400)","bs-safari-ventura","2026-09-07","passed","2026-09-07","Security > XSS Prevention","","",""
"","1218","changing color to Turquoise should reflect in UI and DOM","bs-chrome-win11","2026-09-07","passed","2026-09-07","Data-Driven Testing","","",""
"","8","Component Tests ColorPicker Escape listener is removed after unmount","","2026-09-07","passed","2026-09-07","","Utility Functions","Component Tests ColorPicker Escape listener is removed after unmount",""
"","1809","clicking ""+ Add color"" opens the picker modal","bs-safari-ventura","2026-09-07","passed","2026-09-07","Color Management — Add & Delete","","",""
"","0","Utility Functions hslToRgb hue=360 wraps to hue=0 → [255,0,0]","","2026-09-07","passed","2026-09-07","","Utility Functions","Utility Functions hslToRgb hue=360 wraps to hue=0 → [255,0,0]",""
"","2099","should update a color with valid schema","bs-chrome-win11","2026-09-07","passed","2026-09-07","Backend API Integration > PUT /api/colors/:name Schema Validation","","",""
"","9","Server Integration Tests (Testcontainers) POST /api/colors should accept a color name containing spaces","","2026-09-07","passed","2026-09-07","","Server Integration Tests (Testcontainers)","Server Integration Tests (Testcontainers) POST /api/colors should accept a color name containing spaces",""
"","138","should reject invalid hex format on update","bs-chrome-win11","2026-09-07","passed","2026-09-07","Backend API Integration > PUT /api/colors/:name Schema Validation","","",""
"","771","Show error message when the initial colors fetch fails","BDD","2026-09-07","passed","2026-09-07","API Error Handling","","",""
"","4","Server Unit Tests Surviving Mutants & Edge Cases OpenAPI Content-Type has application/json content-type","","2026-09-07","passed","2026-09-07","","Server Unit Tests","Server Unit Tests Surviving Mutants & Edge Cases OpenAPI Content-Type has application/json content-type",""
"","8521","should maintain accessibility after state change (color update)","bs-safari-ventura","2026-09-07","passed","2026-09-07","Accessibility Tests","","",""
"","1016","should display all core elements and handle button interaction","Chrome","2026-09-07","passed","2026-09-07","Responsive Design – iPhone landscape (667×375)","","",""
"","1225","verify Red ( #e74c3c ) is applied as the background color","bs-pixel-7","2026-09-07","passed","2026-09-07","POM Refactored: Background color tests","","",""
"","3614","shows server-error message on 500 inside the picker","bs-iphone-15","2026-09-07","passed","2026-09-07","Color Management — Add & Delete","","",""
"","8","Server Unit Tests GET /api/colors returns colors sorted alphabetically by name","","2026-09-07","passed","2026-09-07","","Server Unit Tests","Server Unit Tests GET /api/colors returns colors sorted alphabetically by name",""
"","121","DELETE /api/colors (collection) returns 405","bs-safari-ventura","2026-09-07","passed","2026-09-07","Security > HTTP Method Restrictions","","",""
"","9","malformed JSON body returns 400","Chrome","2026-09-07","passed","2026-09-07","Security > Input Validation","tests/security.spec.ts","",""
"","4755","close (×) button closes the picker","bs-iphone-15","2026-09-07","passed","2026-09-07","Color Management — Add & Delete","","",""
"","729","should display all core elements and handle button interaction","percy","2026-09-07","skipped","2026-09-07","Responsive Design – tablet (768×1024)","","",""
"","5","Server Unit Tests Middleware returns 413 for payload too large","","2026-09-07","passed","2026-09-07","","Server Unit Tests","Server Unit Tests Middleware returns 413 for payload too large",""
"","2105","should create color via API and verify through UI","bs-firefox-win11","2026-09-07","passed","2026-09-07","Hybrid E2E Testing","","",""
"","28","Component Tests ColorPicker mousemove without prior mousedown (not dragging) does not change color","","2026-09-07","passed","2026-09-07","","Utility Functions","Component Tests ColorPicker mousemove without prior mousedown (not dragging) does not change color",""
"","6","Server Integration Tests (Testcontainers) POST /api/colors should return 400 for invalid hex format (missing #)","","2026-09-07","passed","2026-09-07","","Server Integration Tests (Testcontainers)","Server Integration Tests (Testcontainers) POST /api/colors should return 400 for invalid hex format (missing #)",""
"","1445","handle color response missing hex property","bs-iphone-15","2026-09-07","passed","2026-09-07","Edge cases and error handling","","",""
"","1850","changing color to Red should reflect in UI and DOM","bs-iphone-15","2026-09-07","passed","2026-09-07","Data-Driven Testing","","",""
"","217","X-Powered-By header is not exposed","bs-chrome-win11","2026-09-07","passed","2026-09-07","Security > Security Headers","","",""
"","3236","delete API error shows alert banner","bs-safari-ventura","2026-09-07","passed","2026-09-07","Color Management — Add & Delete","","",""
"","5","Server Unit Tests Middleware includes CORS headers","","2026-09-07","passed","2026-09-07","","Server Unit Tests","Server Unit Tests Middleware includes CORS headers",""
"","1059","should return 404 when updating non-existent color","bs-chrome-win11","2026-09-07","passed","2026-09-07","Backend API Integration > PUT /api/colors/:name Schema Validation","","",""
"","1131","homepage should match snapshot","Chrome","2026-09-07","passed","2026-09-07","Visual Regression – tablet (768×1024)","","",""
"","118","NoSQL operator in GET path param is rejected (400 or 404)","bs-firefox-win11","2026-09-07","passed","2026-09-07","Security > Injection Prevention","","",""
"","1","Utility Functions rgbToHsl r max with g<b (#ff0040) → h near 345","","2026-09-07","passed","2026-09-07","","Utility Functions","Utility Functions rgbToHsl r max with g<b (#ff0040) → h near 345",""
"","648","handle initial fetch with empty data","Chrome","2026-09-07","passed","2026-09-07","Edge cases and error handling","tests/coverage.spec.ts","",""
"","5","Server Integration Tests (Testcontainers) Method Not Allowed should return 405 for PATCH /api/colors/:name","","2026-09-07","passed","2026-09-07","","Server Integration Tests (Testcontainers)","Server Integration Tests (Testcontainers) Method Not Allowed should return 405 for PATCH /api/colors/:name",""
"","1447","handle color selection fetch error","bs-iphone-15","2026-09-07","passed","2026-09-07","Edge cases and error handling","","",""
"","8","POST /api-docs returns 405","Chrome","2026-09-07","passed","2026-09-07","Security > HTTP Method Restrictions","tests/security.spec.ts","",""
"","104","should reject invalid hex format on update","bs-iphone-15","2026-09-07","passed","2026-09-07","Backend API Integration > PUT /api/colors/:name Schema Validation","","",""
"","9","Server Unit Tests Surviving Mutants & Edge Cases PUT logic kills name/hex conditional mutants by providing only one field","","2026-09-07","passed","2026-09-07","","Server Unit Tests","Server Unit Tests Surviving Mutants & Edge Cases PUT logic kills name/hex conditional mutants by providing only one field",""
"","119","NoSQL $where operator in name is rejected (400)","bs-pixel-7","2026-09-07","passed","2026-09-07","Security > Injection Prevention","","",""
"","199","should return 404 when updating non-existent color","bs-pixel-7","2026-09-07","passed","2026-09-07","Backend API Integration > PUT /api/colors/:name Schema Validation","","",""
"","648","handle initial fetch with empty data","bs-chrome-win11","2026-09-07","passed","2026-09-07","Edge cases and error handling","","",""
"","8","PATCH /api/colors returns 405","Chrome","2026-09-07","passed","2026-09-07","Security > HTTP Method Restrictions","tests/security.spec.ts","",""
"","1488","successfully adds a new color and shows its chip","bs-pixel-7","2026-09-07","passed","2026-09-07","Color Management — Add & Delete","","",""
"","126","should reject missing hex","bs-pixel-7","2026-09-07","passed","2026-09-07","Backend API Integration > POST /api/colors Schema Validation","","",""
"","128","POST /api-docs returns 405","bs-safari-ventura","2026-09-07","passed","2026-09-07","Security > HTTP Method Restrictions","","",""
"","1788","changing color to Turquoise should reflect in UI and DOM","bs-firefox-win11","2026-09-07","passed","2026-09-07","Data-Driven Testing","","",""
"","2353","should maintain accessibility in el language and verify resilient locators","bs-firefox-win11","2026-09-07","passed","2026-09-07","i18n Accessibility Tests","","",""
"","694","handle initial fetch error","bs-chrome-win11","2026-09-07","passed","2026-09-07","Edge cases and error handling","","",""
"","132","malformed JSON body returns 400","bs-iphone-15","2026-09-07","passed","2026-09-07","Security > Input Validation","","",""
"","594","first color chip is active on load (aria-pressed=true)","bs-pixel-7","2026-09-07","passed","2026-09-07","Color Management — Add & Delete","","",""
"","27","Component Tests ConfirmDialog cancel button calls onCancel","","2026-09-07","passed","2026-09-07","","Component Tests","Component Tests ConfirmDialog cancel button calls onCancel",""
"","1070","Cancel button closes the picker","bs-pixel-7","2026-09-07","passed","2026-09-07","Color Management — Add & Delete","","",""
"","43","Frontend Unit Tests App Component confirm dialog Escape key closes it","","2026-09-07","passed","2026-09-07","","Frontend Unit Tests","Frontend Unit Tests App Component confirm dialog Escape key closes it",""
"","8258","should meet the accessibility threshold using Google Lighthouse","Chrome","2026-09-07","passed","2026-09-07","Accessibility Tests","tests/a11y.spec.ts","",""
"","23","Component Tests ColorPicker typing a valid hex clears the hex error and updates preview","","2026-09-07","passed","2026-09-07","","Utility Functions","Component Tests ColorPicker typing a valid hex clears the hex error and updates preview",""
"","1242","verify Turquoise ( #1abc9c ) is applied as the background color","bs-chrome-win11","2026-09-07","passed","2026-09-07","Background color tests","","",""
"","867","Example #3","BDD","2026-09-07","passed","2026-09-07","Language Switching > Switch language and verify translated UI labels","","",""
"","459","homepage should match snapshot","percy","2026-09-07","skipped","2026-09-07","Visual Regression – tablet (768×1024)","","",""
"","122","POST with script tag in name is rejected (400)","bs-firefox-win11","2026-09-07","passed","2026-09-07","Security > XSS Prevention","","",""
"","9","Server Unit Tests DELETE /api/colors/:name deletes an existing color and returns success message","","2026-09-07","passed","2026-09-07","","Server Unit Tests","Server Unit Tests DELETE /api/colors/:name deletes an existing color and returns success message",""
"","1328","should load the application and verify core functionality across browsers","bs-firefox-win11","2026-09-07","passed","2026-09-07","Cross-Browser Core Functionality","","",""
"","3554","cancel in confirm dialog closes it without deleting","bs-safari-ventura","2026-09-07","passed","2026-09-07","Color Management — Add & Delete","","",""
"","24","Component Tests ColorPicker lightness slider max value (100) gives white","","2026-09-07","passed","2026-09-07","","Utility Functions","Component Tests ColorPicker lightness slider max value (100) gives white",""
"","1375","close (×) button closes the picker","bs-pixel-7","2026-09-07","passed","2026-09-07","Color Management — Add & Delete","","",""
"","1494","Cancel button closes the picker","bs-firefox-win11","2026-09-07","passed","2026-09-07","Color Management — Add & Delete","","",""
"","4","Server Unit Tests Surviving Mutants & Edge Cases Swagger JSDoc Integration kills apis array mutants by verifying JSDoc content is present","","2026-09-07","passed","2026-09-07","","Server Unit Tests","Server Unit Tests Surviving Mutants & Edge Cases Swagger JSDoc Integration kills apis array mutants by verifying JSDoc content is present",""
"","7","Server Unit Tests 405 Method Not Allowed returns 405 for POST, PUT, DELETE on /openapi.json","","2026-09-07","passed","2026-09-07","","Server Unit Tests","Server Unit Tests 405 Method Not Allowed returns 405 for POST, PUT, DELETE on /openapi.json",""
"","509","should create a new color with valid schema","bs-firefox-win11","2026-09-07","passed","2026-09-07","Backend API Integration > POST /api/colors Schema Validation","","",""
"","122","array body on POST returns 400","bs-safari-ventura","2026-09-07","passed","2026-09-07","Security > Input Validation","","",""
"","0","Frontend Unit Tests i18n Configuration should have translation keys in resources","","2026-09-07","passed","2026-09-07","","Frontend Unit Tests","Frontend Unit Tests i18n Configuration should have translation keys in resources",""
"","242","GET /api/colors should return colors sorted alphabetically by name","bs-safari-ventura","2026-09-07","passed","2026-09-07","Backend API Integration","","",""
"","1","homepage after color change","Chrome","2026-09-07","skipped","2026-09-07","Percy Visual Regression – Production > Percy – desktop-xl (1920×1080)","","",""
"","116","should reject updating with empty name","bs-iphone-15","2026-09-07","passed","2026-09-07","Backend API Integration > PUT /api/colors/:name Schema Validation","","",""
"","61","GET /api/colors/{name}","","","passed","","","schemathesis","",""
"","3904","successfully adds a new color and shows its chip","bs-iphone-15","2026-09-07","passed","2026-09-07","Color Management — Add & Delete","","",""
"","1191","shows client-side validation error for invalid name chars","bs-pixel-7","2026-09-07","passed","2026-09-07","Color Management — Add & Delete","","",""
"","973","successful delete removes the chip","Chrome","2026-09-07","passed","2026-09-07","Color Management — Add & Delete","tests/color-management.spec.ts","",""
"","2010","verify Yellow ( #f1c40f ) is applied as the background color","bs-iphone-15","2026-09-07","passed","2026-09-07","POM Refactored: Background color tests","","",""
"","4596","mobile color picker workflow","percy","2026-09-07","passed","2026-09-07","Percy Visual Regression – Production > Percy – Mobile Interactions","","",""
"","230","GET /api/colors/Red should return the correct hex code","bs-firefox-win11","2026-09-07","passed","2026-09-07","Backend API Integration","","",""
"","773","check Turquoise ( #1abc9c) is the default background color.","bs-chrome-win11","2026-09-07","passed","2026-09-07","","","",""
"","5","Server Integration Tests (Testcontainers) POST /api/reseed should return 401 when Authorization header is missing","","2026-09-07","passed","2026-09-07","","Server Integration Tests (Testcontainers)","Server Integration Tests (Testcontainers) POST /api/reseed should return 401 when Authorization header is missing",""
"","257","GET /api/colors/Turquoise should return the correct hex code","bs-safari-ventura","2026-09-07","passed","2026-09-07","Backend API Integration","","",""
"","0","Utility Functions hslToRgb saturation clamped: s=-0.5 treated as s=0","","2026-09-07","passed","2026-09-07","","Utility Functions","Utility Functions hslToRgb saturation clamped: s=-0.5 treated as s=0",""
"","17","oversized payload is rejected (413)","Chrome","2026-09-07","passed","2026-09-07","Security > Input Validation","tests/security.spec.ts","",""
"","3","Server Unit Tests DELETE /api/colors/:name returns 400 for invalid name in path (regex check)","","2026-09-07","passed","2026-09-07","","Server Unit Tests","Server Unit Tests DELETE /api/colors/:name returns 400 for invalid name in path (regex check)",""
"","1233","shows 409 duplicate error from server inside the picker","bs-chrome-win11","2026-09-07","passed","2026-09-07","Color Management — Add & Delete","","",""
"","10","unknown extra fields in POST body are rejected (400)","Chrome","2026-09-07","passed","2026-09-07","Security > Input Validation","tests/security.spec.ts","",""
"","0","Utility Functions rgbToHex converts pure red","","2026-09-07","passed","2026-09-07","","Utility Functions","Utility Functions rgbToHex converts pure red",""
"","0","Utility Functions readableOn returns #111 for white (very light, L=1)","","2026-09-07","passed","2026-09-07","","Utility Functions","Utility Functions readableOn returns #111 for white (very light, L=1)",""
"","160","NoSQL injection object in name is rejected (400)","bs-pixel-7","2026-09-07","passed","2026-09-07","Security > Injection Prevention","","",""
"","216","Component Tests ConfirmDialog renders title, body, and both buttons","","2026-09-07","passed","2026-09-07","","Component Tests","Component Tests ConfirmDialog renders title, body, and both buttons",""
"","147","POST with script tag in name is rejected (400)","bs-chrome-win11","2026-09-07","passed","2026-09-07","Security > XSS Prevention","","",""
"","66","Frontend Unit Tests App Component handles non-array initial fetch response gracefully","","2026-09-07","passed","2026-09-07","","Frontend Unit Tests","Frontend Unit Tests App Component handles non-array initial fetch response gracefully",""
"","715","should return 409 for duplicate color creation","bs-safari-ventura","2026-09-07","passed","2026-09-07","Backend API Integration > POST /api/colors Schema Validation","","",""
"","4","Server Unit Tests PUT /api/colors/:name returns 400 for extra unknown fields (strict schema)","","2026-09-07","passed","2026-09-07","","Server Unit Tests","Server Unit Tests PUT /api/colors/:name returns 400 for extra unknown fields (strict schema)",""
"","23","should delete an existing color","Chrome","2026-09-07","passed","2026-09-07","Backend API Integration > DELETE /api/colors/:name","","",""
"","12","Server Unit Tests PUT /api/colors/:name updates the name of an existing color and preserves hex","","2026-09-07","passed","2026-09-07","","Server Unit Tests","Server Unit Tests PUT /api/colors/:name updates the name of an existing color and preserves hex",""
"","1559","handle color selection fetch error","bs-safari-ventura","2026-09-07","passed","2026-09-07","Edge cases and error handling","","",""
"","128","should reject invalid hex format","bs-pixel-7","2026-09-07","passed","2026-09-07","Backend API Integration > POST /api/colors Schema Validation","","",""
"","132","PATCH /api/colors/:name returns 405","bs-pixel-7","2026-09-07","passed","2026-09-07","Security > HTTP Method Restrictions","","",""
"","1798","should meet the accessibility threshold using Google Lighthouse","bs-safari-ventura","2026-09-07","skipped","2026-09-07","Accessibility Tests","","",""
"","7","Server Unit Tests GET /api/colors/:name returns Turquoise color correctly","","2026-09-07","passed","2026-09-07","","Server Unit Tests","Server Unit Tests GET /api/colors/:name returns Turquoise color correctly",""
"","6","Server Unit Tests POST /api/colors applies the createColorLimiter rate limit headers","","2026-09-07","passed","2026-09-07","","Server Unit Tests","Server Unit Tests POST /api/colors applies the createColorLimiter rate limit headers",""
"","2839","should maintain accessibility in en language and verify resilient locators","bs-firefox-win11","2026-09-07","passed","2026-09-07","i18n Accessibility Tests","","",""
"","0","Utility Functions hslToRgb lightness clamped: l=-0.5 gives black","","2026-09-07","passed","2026-09-07","","Utility Functions","Utility Functions hslToRgb lightness clamped: l=-0.5 gives black",""
"","1759","color names rendered in the UI do not trigger script execution","bs-iphone-15","2026-09-07","passed","2026-09-07","Security > XSS Prevention","","",""
"","1059","shows client-side validation error for invalid name chars","bs-chrome-win11","2026-09-07","passed","2026-09-07","Color Management — Add & Delete","","",""
"","107","Frontend Unit Tests App Component confirm dialog cancel does nothing when deleting=true","","2026-09-07","passed","2026-09-07","","Frontend Unit Tests","Frontend Unit Tests App Component confirm dialog cancel does nothing when deleting=true",""
"","117","PUT /openapi.json returns 405","bs-pixel-7","2026-09-07","passed","2026-09-07","Security > HTTP Method Restrictions","","",""
"","705","chip-x click opens confirm dialog with color name","bs-pixel-7","2026-09-07","passed","2026-09-07","Color Management — Add & Delete","","",""
"","127","PATCH /api/colors returns 405","bs-chrome-win11","2026-09-07","passed","2026-09-07","Security > HTTP Method Restrictions","","",""
"","8","Server Integration Tests (Testcontainers) PUT /api/colors/:name should return 404 when updating a non-existent color","","2026-09-07","passed","2026-09-07","","Server Integration Tests (Testcontainers)","Server Integration Tests (Testcontainers) PUT /api/colors/:name should return 404 when updating a non-existent color",""
"","1888","should maintain accessibility in el language and verify resilient locators","Chrome","2026-09-07","passed","2026-09-07","i18n Accessibility Tests","tests/a11y.spec.ts","",""
"","2205","should not have any automatically detectable accessibility issues","bs-pixel-7","2026-09-07","passed","2026-09-07","Accessibility Tests","","",""
"","656","chip-x click opens confirm dialog with color name","bs-chrome-win11","2026-09-07","passed","2026-09-07","Color Management — Add & Delete","","",""
"","5","Server Unit Tests POST /api/colors returns 400 when name is missing","","2026-09-07","passed","2026-09-07","","Server Unit Tests","Server Unit Tests POST /api/colors returns 400 when name is missing",""
"","1","Frontend Unit Tests i18n Configuration should handle language change correctly","","2026-09-07","passed","2026-09-07","","Frontend Unit Tests","Frontend Unit Tests i18n Configuration should handle language change correctly",""
"","1169","should create color via API and verify through UI","Chrome","2026-09-07","passed","2026-09-07","Hybrid E2E Testing","tests/hybrid.spec.ts","",""
"","134","malformed JSON body returns 400","bs-firefox-win11","2026-09-07","passed","2026-09-07","Security > Input Validation","","",""
"","1442","successful delete removes the chip","bs-chrome-win11","2026-09-07","passed","2026-09-07","Color Management — Add & Delete","","",""
"","777","Cancel button closes the picker","Chrome","2026-09-07","passed","2026-09-07","Color Management — Add & Delete","tests/color-management.spec.ts","",""
"","4","Server Unit Tests Surviving Mutants & Edge Cases Swagger Metadata & OpenAPI has exact info metadata","","2026-09-07","passed","2026-09-07","","Server Unit Tests","Server Unit Tests Surviving Mutants & Edge Cases Swagger Metadata & OpenAPI has exact info metadata",""
"","17","should reject empty name","Chrome","2026-09-07","passed","2026-09-07","Backend API Integration > POST /api/colors Schema Validation","","",""
"","0","Utility Functions hslToRgb saturation=0 gives pure grey [128,128,128]","","2026-09-07","passed","2026-09-07","","Utility Functions","Utility Functions hslToRgb saturation=0 gives pure grey [128,128,128]",""
"","112","should reject omitting both name and hex on update","bs-safari-ventura","2026-09-07","passed","2026-09-07","Backend API Integration > PUT /api/colors/:name Schema Validation","","",""
"","2433","should load the application and verify core functionality across browsers","Firefox","2026-09-07","passed","2026-09-07","Cross-Browser Core Functionality","","",""
"","7","Server Unit Tests PUT /api/colors/:name updates both name and hex simultaneously","","2026-09-07","passed","2026-09-07","","Server Unit Tests","Server Unit Tests PUT /api/colors/:name updates both name and hex simultaneously",""
"","3","Server Unit Tests Surviving Mutants & Edge Cases Swagger Metadata & OpenAPI has exact API info","","2026-09-07","passed","2026-09-07","","Server Unit Tests","Server Unit Tests Surviving Mutants & Edge Cases Swagger Metadata & OpenAPI has exact API info",""
"","12","Component Tests ConfirmDialog swatch div has the correct background color","","2026-09-07","passed","2026-09-07","","Component Tests","Component Tests ConfirmDialog swatch div has the correct background color",""
"","1568","verify Red ( #e74c3c ) is applied as the background color","bs-firefox-win11","2026-09-07","passed","2026-09-07","Background color tests","","",""
"","1158","close (×) button closes the picker","bs-chrome-win11","2026-09-07","passed","2026-09-07","Color Management — Add & Delete","","",""
"","937","handle color selection fetch error","bs-chrome-win11","2026-09-07","passed","2026-09-07","Edge cases and error handling","","",""
"","3561","shows client-side validation error for invalid name chars","bs-iphone-15","2026-09-07","passed","2026-09-07","Color Management — Add & Delete","","",""
"","0","Utility Functions rgbToHex converts pure blue","","2026-09-07","passed","2026-09-07","","Utility Functions","Utility Functions rgbToHex converts pure blue",""
"","4","Server Unit Tests PUT /api/colors/:name returns 400 for invalid current name format in URL","","2026-09-07","passed","2026-09-07","","Server Unit Tests","Server Unit Tests PUT /api/colors/:name returns 400 for invalid current name format in URL",""
"","0","mobile color picker workflow","Chrome","2026-09-07","skipped","2026-09-07","Percy Visual Regression – Production > Percy – Mobile Interactions","","",""
"","9","Server Integration Tests (Testcontainers) POST /api/colors should accept a single alphanumeric character as a name","","2026-09-07","passed","2026-09-07","","Server Integration Tests (Testcontainers)","Server Integration Tests (Testcontainers) POST /api/colors should accept a single alphanumeric character as a name",""
"","0","Utility Functions rgbToHex converts arbitrary color","","2026-09-07","passed","2026-09-07","","Utility Functions","Utility Functions rgbToHex converts arbitrary color",""
"","863","clicking ""+ Add color"" opens the picker modal","bs-pixel-7","2026-09-07","passed","2026-09-07","Color Management — Add & Delete","","",""
"","2531","should maintain accessibility in es language and verify resilient locators","bs-chrome-win11","2026-09-07","passed","2026-09-07","i18n Accessibility Tests","","",""
"","3","Server Unit Tests POST /api/reseed returns 405 for PUT on /api/reseed","","2026-09-07","passed","2026-09-07","","Server Unit Tests","Server Unit Tests POST /api/reseed returns 405 for PUT on /api/reseed",""
"","50","Frontend Unit Tests App Component add color 429 rate limit shows specific message","","2026-09-07","passed","2026-09-07","","Frontend Unit Tests","Frontend Unit Tests App Component add color 429 rate limit shows specific message",""
"","525","should display all core elements and handle button interaction","percy","2026-09-07","skipped","2026-09-07","Responsive Design – iPhone landscape (667×375)","","",""
"","40","Server Integration Tests (Testcontainers) GET /api/colors should retrieve all seeded colors","","2026-09-07","passed","2026-09-07","","Server Integration Tests (Testcontainers)","Server Integration Tests (Testcontainers) GET /api/colors should retrieve all seeded colors",""
"","119","should reject missing hex","bs-chrome-win11","2026-09-07","passed","2026-09-07","Backend API Integration > POST /api/colors Schema Validation","","",""
"","907","should gracefully handle a color not found in the database","bs-firefox-win11","2026-09-07","passed","2026-09-07","Network Mocking & Interception","","",""
"Performance Test: API Performance Test
File: api-performance.spec.ts
Total Iterations: 50
Max VUs: 1

HTTP Request Duration:
- Avg: 264.38ms
- P(95): 321.43ms
- Max: 2644.27ms

Full metrics attached in the results.","788781","API Performance Test","Performance","2026-09-07","passed","2026-09-07","api-performance.spec.ts","API Performance Test","",""
"","1","Utility Functions hslToRgb hue=59 stays in sector 0","","2026-09-07","passed","2026-09-07","","Utility Functions","Utility Functions hslToRgb hue=59 stays in sector 0",""
"","1","Utility Functions hexToRgb returns null for invalid input","","2026-09-07","passed","2026-09-07","","Utility Functions","Utility Functions hexToRgb returns null for invalid input",""
"","162","POST with javascript: URI in name is rejected (400)","bs-pixel-7","2026-09-07","passed","2026-09-07","Security > XSS Prevention","","",""
"","3746","shows client-side ""Name is required"" when submitting empty name","bs-safari-ventura","2026-09-07","passed","2026-09-07","Color Management — Add & Delete","","",""
"","28","Server Unit Tests POST /api/colors creates a new color and returns 201 with correct body","","2026-09-07","passed","2026-09-07","","Server Unit Tests","Server Unit Tests POST /api/colors creates a new color and returns 201 with correct body",""
"","140","POST with script tag in name is rejected (400)","bs-pixel-7","2026-09-07","passed","2026-09-07","Security > XSS Prevention","","",""
"","5","Server Unit Tests Surviving Mutants & Edge Cases PUT logic kills hex regex mutant in PUT","","2026-09-07","passed","2026-09-07","","Server Unit Tests","Server Unit Tests Surviving Mutants & Edge Cases PUT logic kills hex regex mutant in PUT",""
"","76","Frontend Unit Tests App Component add color success closes picker and shows new chip","","2026-09-07","passed","2026-09-07","","Frontend Unit Tests","Frontend Unit Tests App Component add color success closes picker and shows new chip",""
"","139","should reject invalid hex format","bs-chrome-win11","2026-09-07","passed","2026-09-07","Backend API Integration > POST /api/colors Schema Validation","","",""
"","48","Frontend Unit Tests App Component add color 400 without data.error falls back to generic message","","2026-09-07","passed","2026-09-07","","Frontend Unit Tests","Frontend Unit Tests App Component add color 400 without data.error falls back to generic message",""
"","826","should display colors that do not exist in the database","bs-chrome-win11","2026-09-07","passed","2026-09-07","Network Mocking & Interception","","",""
"","14","POST with javascript: URI in name is rejected (400)","Chrome","2026-09-07","passed","2026-09-07","Security > XSS Prevention","tests/security.spec.ts","",""
"","1732","verify Turquoise ( #1abc9c ) is applied as the background color","bs-firefox-win11","2026-09-07","passed","2026-09-07","POM Refactored: Background color tests","","",""
"","8","DELETE /api/colors (collection) returns 405","Chrome","2026-09-07","passed","2026-09-07","Security > HTTP Method Restrictions","tests/security.spec.ts","",""
"","32","POST with script tag in name is rejected (400)","Chrome","2026-09-07","passed","2026-09-07","Security > XSS Prevention","tests/security.spec.ts","",""
"","2281","should maintain accessibility in es language and verify resilient locators","bs-pixel-7","2026-09-07","passed","2026-09-07","i18n Accessibility Tests","","",""
"","9","X-Powered-By header is not exposed","Chrome","2026-09-07","passed","2026-09-07","Security > Security Headers","tests/security.spec.ts","",""
"","1482","shows client-side validation error for invalid name chars","bs-firefox-win11","2026-09-07","passed","2026-09-07","Color Management — Add & Delete","","",""
"","1393","should display colors that do not exist in the database","bs-iphone-15","2026-09-07","passed","2026-09-07","Network Mocking & Interception","","",""
"","0","Utility Functions hexToRgb parses hex without the leading #","","2026-09-07","passed","2026-09-07","","Utility Functions","Utility Functions hexToRgb parses hex without the leading #",""
"","4","Utility Functions hslToRgb hue=60 (yellow) → [255,255,0]","","2026-09-07","passed","2026-09-07","","Utility Functions","Utility Functions hslToRgb hue=60 (yellow) → [255,255,0]",""
"","1728","successfully adds a new color and shows its chip","bs-firefox-win11","2026-09-07","passed","2026-09-07","Color Management — Add & Delete","","",""
"","0","Utility Functions hslToRgb hue=30 (orange) → [255,128,0]","","2026-09-07","passed","2026-09-07","","Utility Functions","Utility Functions hslToRgb hue=30 (orange) → [255,128,0]",""
"","8","Server Unit Tests GET /api/colors returns JSON content type","","2026-09-07","passed","2026-09-07","","Server Unit Tests","Server Unit Tests GET /api/colors returns JSON content type",""
"","39","Frontend Unit Tests App Component add color 409 conflict shows picker error (data.error message)","","2026-09-07","passed","2026-09-07","","Frontend Unit Tests","Frontend Unit Tests App Component add color 409 conflict shows picker error (data.error message)",""
"","230","GET /api/colors/:name should return 404 for non-existent color","bs-pixel-7","2026-09-07","passed","2026-09-07","Backend API Integration","","",""
"","1","homepage initial state","Chrome","2026-09-07","skipped","2026-09-07","Percy Visual Regression – Production > Percy – desktop (1280×720)","","",""
"","9","Component Tests ColorPicker non-Enter key on name input does not trigger submit","","2026-09-07","passed","2026-09-07","","Utility Functions","Component Tests ColorPicker non-Enter key on name input does not trigger submit",""
"","1280","should meet the accessibility threshold using Google Lighthouse","bs-firefox-win11","2026-09-07","skipped","2026-09-07","Accessibility Tests","","",""
"","0","Utility Functions hslToRgb hue=300 (magenta) → [255,0,255]","","2026-09-07","passed","2026-09-07","","Utility Functions","Utility Functions hslToRgb hue=300 (magenta) → [255,0,255]",""
"","49","Frontend Unit Tests App Component deleting the last color sets activeName to null","","2026-09-07","passed","2026-09-07","","Frontend Unit Tests","Frontend Unit Tests App Component deleting the last color sets activeName to null",""
"","4","Server Unit Tests Surviving Mutants & Edge Cases PUT logic kills refine mutant by sending empty body","","2026-09-07","passed","2026-09-07","","Server Unit Tests","Server Unit Tests Surviving Mutants & Edge Cases PUT logic kills refine mutant by sending empty body",""
"","1475","verify language switcher changes document language","bs-safari-ventura","2026-09-07","passed","2026-09-07","","","",""
"","1031","first color chip is active on load (aria-pressed=true)","bs-iphone-15","2026-09-07","passed","2026-09-07","Color Management — Add & Delete","","",""
"","0","homepage after color change","Chrome","2026-09-07","skipped","2026-09-07","Percy Visual Regression – Production > Percy – tablet (768×1024)","","",""
"","129","NoSQL injection object in name is rejected (400)","bs-firefox-win11","2026-09-07","passed","2026-09-07","Security > Injection Prevention","","",""
"","5","Server Integration Tests (Testcontainers) DELETE /api/colors/:name should return 400 for invalid name format","","2026-09-07","passed","2026-09-07","","Server Integration Tests (Testcontainers)","Server Integration Tests (Testcontainers) DELETE /api/colors/:name should return 400 for invalid name format",""
"","121","POST /api-docs returns 405","bs-iphone-15","2026-09-07","passed","2026-09-07","Security > HTTP Method Restrictions","","",""
"","57","Component Tests ColorPicker editing name does NOT call onClearError when no serverError","","2026-09-07","passed","2026-09-07","","Utility Functions","Component Tests ColorPicker editing name does NOT call onClearError when no serverError",""
"","66","Frontend Unit Tests App Component handles empty array from initial fetch gracefully","","2026-09-07","passed","2026-09-07","","Frontend Unit Tests","Frontend Unit Tests App Component handles empty array from initial fetch gracefully",""
"","12","Component Tests ColorPicker Enter key on name input triggers submit","","2026-09-07","passed","2026-09-07","","Utility Functions","Component Tests ColorPicker Enter key on name input triggers submit",""
"","1","Frontend Unit Tests i18n Configuration should be initialized with correct settings","","2026-09-07","passed","2026-09-07","","Frontend Unit Tests","Frontend Unit Tests i18n Configuration should be initialized with correct settings",""
"","1","Frontend Unit Tests i18n Configuration interpolation should not escape value","","2026-09-07","passed","2026-09-07","","Frontend Unit Tests","Frontend Unit Tests i18n Configuration interpolation should not escape value",""
"","9","Server Unit Tests GET /api/colors/:name returns Yellow color correctly","","2026-09-07","passed","2026-09-07","","Server Unit Tests","Server Unit Tests GET /api/colors/:name returns Yellow color correctly",""
"","51","Frontend Unit Tests App Component handleColorClick shows error on non-2xx response","","2026-09-07","passed","2026-09-07","","Frontend Unit Tests","Frontend Unit Tests App Component handleColorClick shows error on non-2xx response",""
"","1385","should gracefully handle a color not found in the database","bs-safari-ventura","2026-09-07","passed","2026-09-07","Network Mocking & Interception","","",""
"","2993","should create a new color with valid schema","bs-chrome-win11","2026-09-07","passed","2026-09-07","Backend API Integration > POST /api/colors Schema Validation","","",""
"","1193","handle color response missing hex property","bs-firefox-win11","2026-09-07","passed","2026-09-07","Edge cases and error handling","","",""
"","1264","handle initial fetch error","bs-firefox-win11","2026-09-07","passed","2026-09-07","Edge cases and error handling","","",""
"","1990","verify Yellow ( #f1c40f ) is applied as the background color","bs-safari-ventura","2026-09-07","passed","2026-09-07","Background color tests","","",""
"","4","Server Unit Tests 405 Method Not Allowed sets the Allow header on /api/colors with correct methods","","2026-09-07","passed","2026-09-07","","Server Unit Tests","Server Unit Tests 405 Method Not Allowed sets the Allow header on /api/colors with correct methods",""
"","42","Frontend Unit Tests App Component active chip has is-active CSS class","","2026-09-07","passed","2026-09-07","","Frontend Unit Tests","Frontend Unit Tests App Component active chip has is-active CSS class",""
"","1253","changing color to Yellow should reflect in UI and DOM","bs-pixel-7","2026-09-07","passed","2026-09-07","Data-Driven Testing","","",""
"","31","Component Tests ColorPicker mousedown at top-center (hue=270) sets hex to #8000ff","","2026-09-07","passed","2026-09-07","","Utility Functions","Component Tests ColorPicker mousedown at top-center (hue=270) sets hex to #8000ff",""
"","1","Utility Functions hslToRgb hue just below 60 is in sector 0, not sector 1","","2026-09-07","passed","2026-09-07","","Utility Functions","Utility Functions hslToRgb hue just below 60 is in sector 0, not sector 1",""
"","0","Utility Functions hslToRgb hue=240 (blue) → [0,0,255]","","2026-09-07","passed","2026-09-07","","Utility Functions","Utility Functions hslToRgb hue=240 (blue) → [0,0,255]",""
"","378","Server Unit Tests Surviving Mutants & Edge Cases Infrastructure uses default MONGO_URI when process.env.MONGO_URI is missing","","2026-09-07","passed","2026-09-07","","Server Unit Tests","Server Unit Tests Surviving Mutants & Edge Cases Infrastructure uses default MONGO_URI when process.env.MONGO_URI is missing",""
"","18","Server Integration Tests (Testcontainers) GET /api/colors/:name should return 404 for a non-existent color","","2026-09-07","passed","2026-09-07","","Server Integration Tests (Testcontainers)","Server Integration Tests (Testcontainers) GET /api/colors/:name should return 404 for a non-existent color",""
"","4","Server Unit Tests 405 Method Not Allowed does not return 405 for allowed GET method on /api/colors/:name","","2026-09-07","passed","2026-09-07","","Server Unit Tests","Server Unit Tests 405 Method Not Allowed does not return 405 for allowed GET method on /api/colors/:name",""
"","1644","verify Red ( #e74c3c ) is applied as the background color","bs-firefox-win11","2026-09-07","passed","2026-09-07","POM Refactored: Background color tests","","",""
"","962","delete API error shows alert banner","bs-pixel-7","2026-09-07","passed","2026-09-07","Color Management — Add & Delete","","",""
"","245","GET /api/colors should return all colors","bs-safari-ventura","2026-09-07","passed","2026-09-07","Backend API Integration","","",""
"","1079","check Turquoise ( #1abc9c) is the default background color.","bs-firefox-win11","2026-09-07","passed","2026-09-07","","","",""
"","1086","clicking ""+ Add color"" opens the picker modal","bs-firefox-win11","2026-09-07","passed","2026-09-07","Color Management — Add & Delete","","",""
"","295","oversized payload is rejected (413)","bs-iphone-15","2026-09-07","passed","2026-09-07","Security > Input Validation","","",""
"","2","Frontend Unit Tests i18n Configuration should have defined resources for en, es, el","","2026-09-07","passed","2026-09-07","","Frontend Unit Tests","Frontend Unit Tests i18n Configuration should have defined resources for en, es, el",""
"","5","Component Tests ConfirmDialog backdrop click does NOT call onCancel when busy","","2026-09-07","passed","2026-09-07","","Component Tests","Component Tests ConfirmDialog backdrop click does NOT call onCancel when busy",""
"","530","should handle fetch colors network failure gracefully","bs-pixel-7","2026-09-07","passed","2026-09-07","UI Error Handling Coverage","","",""
"","823","handle color selection fetch error","bs-pixel-7","2026-09-07","passed","2026-09-07","Edge cases and error handling","","",""
"","1","Utility Functions hslToRgb saturation clamped: s=1.5 treated as s=1","","2026-09-07","passed","2026-09-07","","Utility Functions","Utility Functions hslToRgb saturation clamped: s=1.5 treated as s=1",""
"","886","Background stays unchanged when fetching a specific color fails","BDD","2026-09-07","passed","2026-09-07","API Error Handling","","",""
"","15","should reject missing hex","Chrome","2026-09-07","passed","2026-09-07","Backend API Integration > POST /api/colors Schema Validation","","",""
"","21","Server Integration Tests (Testcontainers) End-to-end CRUD workflow should create, read, update, and delete a color in sequence","","2026-09-07","passed","2026-09-07","","Server Integration Tests (Testcontainers)","Server Integration Tests (Testcontainers) End-to-end CRUD workflow should create, read, update, and delete a color in sequence",""
"","927","shows a chip for each color with a swatch, name, and delete button","bs-iphone-15","2026-09-07","passed","2026-09-07","Color Management — Add & Delete","","",""
"","56","Frontend Unit Tests App Component deleting a non-active color keeps the current background","","2026-09-07","passed","2026-09-07","","Frontend Unit Tests","Frontend Unit Tests App Component deleting a non-active color keeps the current background",""
"","111","PUT /openapi.json returns 405","bs-iphone-15","2026-09-07","passed","2026-09-07","Security > HTTP Method Restrictions","","",""
"","32","Frontend Unit Tests App Component colors.length > 0 does NOT show loading text","","2026-09-07","passed","2026-09-07","","Frontend Unit Tests","Frontend Unit Tests App Component colors.length > 0 does NOT show loading text",""
"","4","Server Unit Tests GET /api/colors/:name returns 400 for invalid name in path (regex check)","","2026-09-07","passed","2026-09-07","","Server Unit Tests","Server Unit Tests GET /api/colors/:name returns 400 for invalid name in path (regex check)",""
"","116","should reject omitting both name and hex on update","bs-iphone-15","2026-09-07","passed","2026-09-07","Backend API Integration > PUT /api/colors/:name Schema Validation","","",""
"","13","Server Integration Tests (Testcontainers) GET /api/colors should not expose _id or __v fields","","2026-09-07","passed","2026-09-07","","Server Integration Tests (Testcontainers)","Server Integration Tests (Testcontainers) GET /api/colors should not expose _id or __v fields",""
"","4801","should maintain accessibility after state change (color update)","bs-iphone-15","2026-09-07","passed","2026-09-07","Accessibility Tests","","",""
"","1743","clicking a chip makes it active","bs-safari-ventura","2026-09-07","passed","2026-09-07","Color Management — Add & Delete","","",""
"","10","NoSQL operator in GET path param is rejected (400 or 404)","Chrome","2026-09-07","passed","2026-09-07","Security > Injection Prevention","tests/security.spec.ts","",""
"","125","array body on POST returns 400","bs-chrome-win11","2026-09-07","passed","2026-09-07","Security > Input Validation","","",""
"","1032","should handle fetch colors network failure gracefully","bs-iphone-15","2026-09-07","passed","2026-09-07","UI Error Handling Coverage","","",""
"","2598","should maintain accessibility in en language and verify resilient locators","bs-chrome-win11","2026-09-07","passed","2026-09-07","i18n Accessibility Tests","","",""
"","5","Server Unit Tests Surviving Mutants & Edge Cases Regex & Validation Zod required_error messages are correct","","2026-09-07","passed","2026-09-07","","Server Unit Tests","Server Unit Tests Surviving Mutants & Edge Cases Regex & Validation Zod required_error messages are correct",""
"","51","should update a color with valid schema","Chrome","2026-09-07","passed","2026-09-07","Backend API Integration > PUT /api/colors/:name Schema Validation","","",""
"","18","Server Unit Tests Surviving Mutants & Edge Cases Regex & Validation STRICT_NAME_REGEX is strict on forbidden special characters in the middle","","2026-09-07","passed","2026-09-07","","Server Unit Tests","Server Unit Tests Surviving Mutants & Edge Cases Regex & Validation STRICT_NAME_REGEX is strict on forbidden special characters in the middle",""
"","1403","color names rendered in the UI do not trigger script execution","bs-chrome-win11","2026-09-07","passed","2026-09-07","Security > XSS Prevention","","",""
"","11","Server Integration Tests (Testcontainers) Concurrent writes should handle parallel GETs without errors","","2026-09-07","passed","2026-09-07","","Server Integration Tests (Testcontainers)","Server Integration Tests (Testcontainers) Concurrent writes should handle parallel GETs without errors",""
"","5","Server Unit Tests POST /api/colors returns 400 for name with special characters","","2026-09-07","passed","2026-09-07","","Server Unit Tests","Server Unit Tests POST /api/colors returns 400 for name with special characters",""
"","111","NoSQL injection object in name is rejected (400)","bs-iphone-15","2026-09-07","passed","2026-09-07","Security > Injection Prevention","","",""
"","104","should reject omitting both name and hex on update","bs-pixel-7","2026-09-07","passed","2026-09-07","Backend API Integration > PUT /api/colors/:name Schema Validation","","",""
"","22","Component Tests ConfirmDialog confirmLabel prop is reflected in the button text","","2026-09-07","passed","2026-09-07","","Component Tests","Component Tests ConfirmDialog confirmLabel prop is reflected in the button text",""
"","104","POST with HTML tag in name is rejected (400)","bs-pixel-7","2026-09-07","passed","2026-09-07","Security > XSS Prevention","","",""
"","305","oversized payload is rejected (413)","bs-pixel-7","2026-09-07","passed","2026-09-07","Security > Input Validation","","",""
"","241","GET /api/colors/Yellow should return the correct hex code","bs-chrome-win11","2026-09-07","passed","2026-09-07","Backend API Integration","","",""
"","21","Server Unit Tests Surviving Mutants & Edge Cases Regex & Validation STRICT_NAME_REGEX kills mutants on start/end/middle characters","","2026-09-07","passed","2026-09-07","","Server Unit Tests","Server Unit Tests Surviving Mutants & Edge Cases Regex & Validation STRICT_NAME_REGEX kills mutants on start/end/middle characters",""
"","0","Utility Functions rgbToHex pads single-digit hex values with leading zero","","2026-09-07","passed","2026-09-07","","Utility Functions","Utility Functions rgbToHex pads single-digit hex values with leading zero",""
"","0","Utility Functions hslToRgb hue=330 (rose) → [255,0,128]","","2026-09-07","passed","2026-09-07","","Utility Functions","Utility Functions hslToRgb hue=330 (rose) → [255,0,128]",""
"","130","POST /api-docs returns 405","bs-pixel-7","2026-09-07","passed","2026-09-07","Security > HTTP Method Restrictions","","",""
"","1786","deleting the active color switches background to the first remaining","bs-chrome-win11","2026-09-07","passed","2026-09-07","Color Management — Add & Delete","","",""
"","10","Server Integration Tests (Testcontainers) POST /api/reseed should not modify the database when token is invalid","","2026-09-07","passed","2026-09-07","","Server Integration Tests (Testcontainers)","Server Integration Tests (Testcontainers) POST /api/reseed should not modify the database when token is invalid",""
"","0","Utility Functions paintWheelPixel wraps negative angle: dy<0 gives angle+360 (hue=270 → violet)","","2026-09-07","passed","2026-09-07","","Utility Functions","Utility Functions paintWheelPixel wraps negative angle: dy<0 gives angle+360 (hue=270 → violet)",""
"","202","should return 404 when updating non-existent color","bs-safari-ventura","2026-09-07","passed","2026-09-07","Backend API Integration > PUT /api/colors/:name Schema Validation","","",""
"","282","GET /api/colors/Turquoise should return the correct hex code","bs-iphone-15","2026-09-07","passed","2026-09-07","Backend API Integration","","",""
"","840","should handle color click network failure gracefully","bs-chrome-win11","2026-09-07","passed","2026-09-07","UI Error Handling Coverage","","",""
"","807","should handle missing image gracefully by showing alt text","bs-safari-ventura","2026-09-07","passed","2026-09-07","Network Mocking & Interception","","",""
"","32","Server Unit Tests Surviving Mutants & Edge Cases Strict Path & Method Validation kills allowedMethods mutants by exhaustive testing","","2026-09-07","passed","2026-09-07","","Server Unit Tests","Server Unit Tests Surviving Mutants & Edge Cases Strict Path & Method Validation kills allowedMethods mutants by exhaustive testing",""
"","145","should reject missing hex","bs-iphone-15","2026-09-07","passed","2026-09-07","Backend API Integration > POST /api/colors Schema Validation","","",""
"","3335","should maintain accessibility in el language and verify resilient locators","bs-safari-ventura","2026-09-07","passed","2026-09-07","i18n Accessibility Tests","","",""
"","113","array body on POST returns 400","bs-iphone-15","2026-09-07","passed","2026-09-07","Security > Input Validation","","",""
"","120","NoSQL $where operator in name is rejected (400)","bs-firefox-win11","2026-09-07","passed","2026-09-07","Security > Injection Prevention","","",""
"","120","DELETE /api/colors (collection) returns 405","bs-pixel-7","2026-09-07","passed","2026-09-07","Security > HTTP Method Restrictions","","",""
"","855","should show loading state when API returns empty colors","bs-iphone-15","2026-09-07","passed","2026-09-07","UI Error Handling Coverage","","",""
"","5","Server Unit Tests POST /api/colors returns 400 when hex is missing","","2026-09-07","passed","2026-09-07","","Server Unit Tests","Server Unit Tests POST /api/colors returns 400 when hex is missing",""
"","551","homepage should match snapshot","percy","2026-09-07","skipped","2026-09-07","Visual Regression – desktop-xl (1920×1080)","","",""
"","6","Server Integration Tests (Testcontainers) POST /api/colors should return 400 when name is missing","","2026-09-07","passed","2026-09-07","","Server Integration Tests (Testcontainers)","Server Integration Tests (Testcontainers) POST /api/colors should return 400 when name is missing",""
"","50","Frontend Unit Tests App Component add color 409 fallback message when data.error is absent","","2026-09-07","passed","2026-09-07","","Frontend Unit Tests","Frontend Unit Tests App Component add color 409 fallback message when data.error is absent",""
"","1754","should create color via API and verify through UI","bs-pixel-7","2026-09-07","passed","2026-09-07","Hybrid E2E Testing","","",""
"","501","should delete an existing color","bs-iphone-15","2026-09-07","passed","2026-09-07","Backend API Integration > DELETE /api/colors/:name","","",""
"","12","Server Integration Tests (Testcontainers) GET /api/colors should return an empty array after all colors are deleted","","2026-09-07","passed","2026-09-07","","Server Integration Tests (Testcontainers)","Server Integration Tests (Testcontainers) GET /api/colors should return an empty array after all colors are deleted",""
"","5","Component Tests ConfirmDialog Enter key calls onConfirm when not busy","","2026-09-07","passed","2026-09-07","","Component Tests","Component Tests ConfirmDialog Enter key calls onConfirm when not busy",""
"","3065","homepage after color change","percy","2026-09-07","passed","2026-09-07","Percy Visual Regression – Production > Percy – mobile (375×667)","","",""
"","6","Component Tests ColorPicker falls back to window resize listener when ResizeObserver is not available","","2026-09-07","passed","2026-09-07","","Utility Functions","Component Tests ColorPicker falls back to window resize listener when ResizeObserver is not available",""
"","10","Server Integration Tests (Testcontainers) seedDatabase should always restore the three default seed colors","","2026-09-07","passed","2026-09-07","","Server Integration Tests (Testcontainers)","Server Integration Tests (Testcontainers) seedDatabase should always restore the three default seed colors",""
"","1241","handle initial fetch with empty data","bs-iphone-15","2026-09-07","passed","2026-09-07","Edge cases and error handling","","",""
"","1267","changing color to Turquoise should reflect in UI and DOM","bs-pixel-7","2026-09-07","passed","2026-09-07","Data-Driven Testing","","",""
"","10","Component Tests ColorPicker pressing Escape calls onCancel","","2026-09-07","passed","2026-09-07","","Utility Functions","Component Tests ColorPicker pressing Escape calls onCancel",""
"","592","shows a chip for each color with a swatch, name, and delete button","bs-pixel-7","2026-09-07","passed","2026-09-07","Color Management — Add & Delete","","",""
"","535","should handle fetch colors network failure gracefully","Chrome","2026-09-07","passed","2026-09-07","UI Error Handling Coverage","tests/error-handling.spec.ts","",""
"","138","DELETE /api/colors (collection) returns 405","bs-chrome-win11","2026-09-07","passed","2026-09-07","Security > HTTP Method Restrictions","","",""
"","5","Server Unit Tests POST /api/colors returns 400 for invalid hex format (too short)","","2026-09-07","passed","2026-09-07","","Server Unit Tests","Server Unit Tests POST /api/colors returns 400 for invalid hex format (too short)",""
"","8","Server Unit Tests GET /api/colors/:name returns a single color by name with correct fields","","2026-09-07","passed","2026-09-07","","Server Unit Tests","Server Unit Tests GET /api/colors/:name returns a single color by name with correct fields",""
"","66","Frontend Unit Tests App Component useEffect runs only once on mount","","2026-09-07","passed","2026-09-07","","Frontend Unit Tests","Frontend Unit Tests App Component useEffect runs only once on mount",""
"","17","should reject missing name","Chrome","2026-09-07","passed","2026-09-07","Backend API Integration > POST /api/colors Schema Validation","","",""
"","1269","shows server-error message on 500 inside the picker","bs-pixel-7","2026-09-07","passed","2026-09-07","Color Management — Add & Delete","","",""
"","21","Server Integration Tests (Testcontainers) POST /api/colors should create a new color and persist it in the real database","","2026-09-07","passed","2026-09-07","","Server Integration Tests (Testcontainers)","Server Integration Tests (Testcontainers) POST /api/colors should create a new color and persist it in the real database",""
"","2105","verify Turquoise ( #1abc9c ) is applied as the background color","bs-iphone-15","2026-09-07","passed","2026-09-07","Background color tests","","",""
"","5","Server Unit Tests 405 Method Not Allowed does not return 405 for allowed GET method on /api/colors","","2026-09-07","passed","2026-09-07","","Server Unit Tests","Server Unit Tests 405 Method Not Allowed does not return 405 for allowed GET method on /api/colors",""
"","31","Frontend Unit Tests App Component link color is dark (#003366) on light background","","2026-09-07","passed","2026-09-07","","Frontend Unit Tests","Frontend Unit Tests App Component link color is dark (#003366) on light background",""
"","10","Server Integration Tests (Testcontainers) GET /api/colors/:name should return correct data for Turquoise","","2026-09-07","passed","2026-09-07","","Server Integration Tests (Testcontainers)","Server Integration Tests (Testcontainers) GET /api/colors/:name should return correct data for Turquoise",""
"","363","check Turquoise ( #1abc9c) is the default background color.","Chrome","2026-09-07","passed","2026-09-07","","tests/coverage.spec.ts","",""
"","2096","deleting the active color switches background to the first remaining","bs-firefox-win11","2026-09-07","passed","2026-09-07","Color Management — Add & Delete","","",""
"","1815","clicking a chip makes it active","bs-iphone-15","2026-09-07","passed","2026-09-07","Color Management — Add & Delete","","",""
"","122","should reject invalid hex format","bs-firefox-win11","2026-09-07","passed","2026-09-07","Backend API Integration > POST /api/colors Schema Validation","","",""
"","27","Component Tests ColorPicker valid submit calls onConfirm with trimmed name and current hex","","2026-09-07","passed","2026-09-07","","Utility Functions","Component Tests ColorPicker valid submit calls onConfirm with trimmed name and current hex",""
"","34","Frontend Unit Tests App Component clicking Add color button opens picker modal","","2026-09-07","passed","2026-09-07","","Frontend Unit Tests","Frontend Unit Tests App Component clicking Add color button opens picker modal",""
"","78","Frontend Unit Tests App Component confirm button shows ""Deleting…"" label while delete is in-flight","","2026-09-07","passed","2026-09-07","","Frontend Unit Tests","Frontend Unit Tests App Component confirm button shows ""Deleting…"" label while delete is in-flight",""
"","38","Component Tests ColorPicker mousemove after mouseup does NOT update color (dragging stopped)","","2026-09-07","passed","2026-09-07","","Utility Functions","Component Tests ColorPicker mousemove after mouseup does NOT update color (dragging stopped)",""
"","4","Server Unit Tests POST /api/reseed returns 401 when RESEED_API_TOKEN is not configured","","2026-09-07","passed","2026-09-07","","Server Unit Tests","Server Unit Tests POST /api/reseed returns 401 when RESEED_API_TOKEN is not configured",""
"","127","NoSQL injection object in name is rejected (400)","bs-safari-ventura","2026-09-07","passed","2026-09-07","Security > Injection Prevention","","",""
"","106","POST with script tag in name is rejected (400)","bs-iphone-15","2026-09-07","passed","2026-09-07","Security > XSS Prevention","","",""
"","348","Server Unit Tests Surviving Mutants & Edge Cases Infrastructure uses MONGO_URI from environment if available","","2026-09-07","passed","2026-09-07","","Server Unit Tests","Server Unit Tests Surviving Mutants & Edge Cases Infrastructure uses MONGO_URI from environment if available",""
"","3","Server Unit Tests PUT /api/colors/:name returns 400 for invalid hex on update","","2026-09-07","passed","2026-09-07","","Server Unit Tests","Server Unit Tests PUT /api/colors/:name returns 400 for invalid hex on update",""
"","126","PATCH /api/colors returns 405","bs-firefox-win11","2026-09-07","passed","2026-09-07","Security > HTTP Method Restrictions","","",""
"","5","Server Unit Tests OpenAPI endpoints has exact application/json content-type","","2026-09-07","passed","2026-09-07","","Server Unit Tests","Server Unit Tests OpenAPI endpoints has exact application/json content-type",""
"","622","first color chip is active on load (aria-pressed=true)","bs-chrome-win11","2026-09-07","passed","2026-09-07","Color Management — Add & Delete","","",""
"","2887","should maintain accessibility in es language and verify resilient locators","bs-firefox-win11","2026-09-07","passed","2026-09-07","i18n Accessibility Tests","","",""
"","118","SQL injection characters in name are rejected (400)","bs-firefox-win11","2026-09-07","passed","2026-09-07","Security > Injection Prevention","","",""
"","199","should return 404 for non-existent color deletion","bs-firefox-win11","2026-09-07","passed","2026-09-07","Backend API Integration > DELETE /api/colors/:name","","",""
"","1540","successfully adds a new color and shows its chip","bs-chrome-win11","2026-09-07","passed","2026-09-07","Color Management — Add & Delete","","",""
"","32","Frontend Unit Tests App Component picker × button closes the modal","","2026-09-07","passed","2026-09-07","","Frontend Unit Tests","Frontend Unit Tests App Component picker × button closes the modal",""
"","31","Component Tests ConfirmDialog both buttons are disabled when busy=true","","2026-09-07","passed","2026-09-07","","Component Tests","Component Tests ConfirmDialog both buttons are disabled when busy=true",""
"","4","Server Unit Tests 405 Method Not Allowed returns 405 for PATCH on /api/colors","","2026-09-07","passed","2026-09-07","","Server Unit Tests","Server Unit Tests 405 Method Not Allowed returns 405 for PATCH on /api/colors",""
"","1103","verify Turquoise ( #1abc9c ) is applied as the background color","Chrome","2026-09-07","passed","2026-09-07","Background color tests","tests/coverage.spec.ts","",""
"","4","Server Unit Tests Middleware returns 400 for malformed JSON body","","2026-09-07","passed","2026-09-07","","Server Unit Tests","Server Unit Tests Middleware returns 400 for malformed JSON body",""
"","3635","homepage after color change","percy","2026-09-07","passed","2026-09-07","Percy Visual Regression – Production > Percy – tablet (768×1024)","","",""
"","124","error responses return JSON, not HTML (no info leakage)","bs-chrome-win11","2026-09-07","passed","2026-09-07","Security > Security Headers","","",""
"","4989","changing color to Red should reflect in UI and DOM","bs-firefox-win11","2026-09-07","passed","2026-09-07","Data-Driven Testing","","",""
"","9","Server Integration Tests (Testcontainers) POST /api/colors should not expose _id or __v in the creation response","","2026-09-07","passed","2026-09-07","","Server Integration Tests (Testcontainers)","Server Integration Tests (Testcontainers) POST /api/colors should not expose _id or __v in the creation response",""
"","7","Server Unit Tests Surviving Mutants & Edge Cases Regex & Validation hex regex kills mutants by testing boundaries and formats","","2026-09-07","passed","2026-09-07","","Server Unit Tests","Server Unit Tests Surviving Mutants & Edge Cases Regex & Validation hex regex kills mutants by testing boundaries and formats",""
"","126","unknown extra fields in POST body are rejected (400)","bs-chrome-win11","2026-09-07","passed","2026-09-07","Security > Input Validation","","",""
"","590","shows a chip for each color with a swatch, name, and delete button","bs-chrome-win11","2026-09-07","passed","2026-09-07","Color Management — Add & Delete","","",""
"","2112","PUT /api/colors/{name}","","","passed","","","schemathesis","",""
"","714","Example #2","BDD","2026-09-07","passed","2026-09-07","Language Switching > Switch language and verify translated UI labels","","",""
"","2","Utility Functions rgbToHsl mid-grey [128,128,128] → s=0","","2026-09-07","passed","2026-09-07","","Utility Functions","Utility Functions rgbToHsl mid-grey [128,128,128] → s=0",""
"","6","Server Unit Tests 405 Method Not Allowed does not return 405 for allowed PUT method on /api/colors/:name","","2026-09-07","passed","2026-09-07","","Server Unit Tests","Server Unit Tests 405 Method Not Allowed does not return 405 for allowed PUT method on /api/colors/:name",""
"","4","Server Unit Tests POST /api/reseed returns 500 when seedDatabase throws","","2026-09-07","passed","2026-09-07","","Server Unit Tests","Server Unit Tests POST /api/reseed returns 500 when seedDatabase throws",""
"","1898","verify Turquoise ( #1abc9c ) is applied as the background color","bs-iphone-15","2026-09-07","passed","2026-09-07","POM Refactored: Background color tests","","",""
"","5","Server Unit Tests Middleware does not include X-Powered-By header","","2026-09-07","passed","2026-09-07","","Server Unit Tests","Server Unit Tests Middleware does not include X-Powered-By header",""
"","7","Server Integration Tests (Testcontainers) PUT /api/colors/:name should return 400 for invalid name in URL path","","2026-09-07","passed","2026-09-07","","Server Integration Tests (Testcontainers)","Server Integration Tests (Testcontainers) PUT /api/colors/:name should return 400 for invalid name in URL path",""
"","6","Server Unit Tests 405 Method Not Allowed sets the Allow header on /api/colors/:name with correct methods","","2026-09-07","passed","2026-09-07","","Server Unit Tests","Server Unit Tests 405 Method Not Allowed sets the Allow header on /api/colors/:name with correct methods",""
"","1298","verify Yellow ( #f1c40f ) is applied as the background color","bs-chrome-win11","2026-09-07","passed","2026-09-07","POM Refactored: Background color tests","","",""
"","778","should update a color with valid schema","bs-safari-ventura","2026-09-07","passed","2026-09-07","Backend API Integration > PUT /api/colors/:name Schema Validation","","",""
"","791","should update a color with valid schema","bs-pixel-7","2026-09-07","passed","2026-09-07","Backend API Integration > PUT /api/colors/:name Schema Validation","","",""
"","3384","shows server-error message on 500 inside the picker","bs-firefox-win11","2026-09-07","passed","2026-09-07","Color Management — Add & Delete","","",""
"","859","should handle missing image gracefully by showing alt text","bs-firefox-win11","2026-09-07","passed","2026-09-07","Network Mocking & Interception","","",""
"","229","should return 404 when updating non-existent color","bs-iphone-15","2026-09-07","passed","2026-09-07","Backend API Integration > PUT /api/colors/:name Schema Validation","","",""
"","8","empty body on POST returns 400","Chrome","2026-09-07","passed","2026-09-07","Security > Input Validation","tests/security.spec.ts","",""
"","138","POST with javascript: URI in name is rejected (400)","bs-chrome-win11","2026-09-07","passed","2026-09-07","Security > XSS Prevention","","",""
"","15","Server Unit Tests Surviving Mutants & Edge Cases Regex & Validation STRICT_NAME_REGEX kills mutants by testing multiple spaces in the middle and rejecting pluses","","2026-09-07","passed","2026-09-07","","Server Unit Tests","Server Unit Tests Surviving Mutants & Edge Cases Regex & Validation STRICT_NAME_REGEX kills mutants by testing multiple spaces in the middle and rejecting pluses",""
"","1422","delete API error shows alert banner","bs-firefox-win11","2026-09-07","passed","2026-09-07","Color Management — Add & Delete","","",""
"","8","error responses return JSON, not HTML (no info leakage)","Chrome","2026-09-07","passed","2026-09-07","Security > Security Headers","tests/security.spec.ts","",""
"","1031","should display colors that do not exist in the database","Chrome","2026-09-07","passed","2026-09-07","Network Mocking & Interception","tests/network-mocking.spec.ts","",""
"","4429","deleting the active color switches background to the first remaining","bs-safari-ventura","2026-09-07","passed","2026-09-07","Color Management — Add & Delete","","",""
"","0","Utility Functions paintWheelPixel anti-aliases the outermost ring: dist=r gives alpha=0","","2026-09-07","passed","2026-09-07","","Utility Functions","Utility Functions paintWheelPixel anti-aliases the outermost ring: dist=r gives alpha=0",""
"","1848","color names rendered in the UI do not trigger script execution","bs-safari-ventura","2026-09-07","passed","2026-09-07","Security > XSS Prevention","","",""
"","597","Escape key closes the confirm dialog","bs-chrome-win11","2026-09-07","passed","2026-09-07","Color Management — Add & Delete","","",""
"","143","PATCH /api/colors returns 405","bs-safari-ventura","2026-09-07","passed","2026-09-07","Security > HTTP Method Restrictions","","",""
"","3734","clicking the backdrop closes the picker","bs-safari-ventura","2026-09-07","passed","2026-09-07","Color Management — Add & Delete","","",""
"","1772","should create dynamic random color via API and verify through UI","bs-firefox-win11","2026-09-07","passed","2026-09-07","Random Data Testing with faker.js","","",""
"","14","Server Integration Tests (Testcontainers) PUT /api/colors/:name should update the hex of an existing color and persist it in the real database","","2026-09-07","passed","2026-09-07","","Server Integration Tests (Testcontainers)","Server Integration Tests (Testcontainers) PUT /api/colors/:name should update the hex of an existing color and persist it in the real database",""
"","469","should create a new color with valid schema","bs-iphone-15","2026-09-07","passed","2026-09-07","Backend API Integration > POST /api/colors Schema Validation","","",""
"","13","Server Unit Tests Surviving Mutants & Edge Cases Regex & Validation STRICT_NAME_REGEX kills mutants on optionality and length","","2026-09-07","passed","2026-09-07","","Server Unit Tests","Server Unit Tests Surviving Mutants & Edge Cases Regex & Validation STRICT_NAME_REGEX kills mutants on optionality and length",""
"","4322","should maintain accessibility after state change (color update)","bs-firefox-win11","2026-09-07","passed","2026-09-07","Accessibility Tests","","",""
"","1165","cancel in confirm dialog closes it without deleting","bs-chrome-win11","2026-09-07","passed","2026-09-07","Color Management — Add & Delete","","",""
"","147","should reject empty name","bs-firefox-win11","2026-09-07","passed","2026-09-07","Backend API Integration > POST /api/colors Schema Validation","","",""
"","4","Server Unit Tests POST /api/colors returns 400 for completely empty body","","2026-09-07","passed","2026-09-07","","Server Unit Tests","Server Unit Tests POST /api/colors returns 400 for completely empty body",""
"","1991","should create color via API and verify through UI","bs-chrome-win11","2026-09-07","passed","2026-09-07","Hybrid E2E Testing","","",""
"","1696","Escape key closes the confirm dialog","bs-iphone-15","2026-09-07","passed","2026-09-07","Color Management — Add & Delete","","",""
"","1134","handle initial fetch with empty data","bs-firefox-win11","2026-09-07","passed","2026-09-07","Edge cases and error handling","","",""
"","4670","should maintain accessibility in en language and verify resilient locators","bs-safari-ventura","2026-09-07","passed","2026-09-07","i18n Accessibility Tests","","",""
"","1677","deleting the active color switches background to the first remaining","Chrome","2026-09-07","passed","2026-09-07","Color Management — Add & Delete","tests/color-management.spec.ts","",""
"","2875","should maintain accessibility after state change (color update)","Chrome","2026-09-07","passed","2026-09-07","Accessibility Tests","tests/a11y.spec.ts","",""
"","9","Server Unit Tests POST /api/colors accepts single alphanumeric characters as names","","2026-09-07","passed","2026-09-07","","Server Unit Tests","Server Unit Tests POST /api/colors accepts single alphanumeric characters as names",""
"","36","Component Tests ColorPicker cancel button calls onCancel","","2026-09-07","passed","2026-09-07","","Utility Functions","Component Tests ColorPicker cancel button calls onCancel",""
"","1050","Color button remains functional after switching language","BDD","2026-09-07","passed","2026-09-07","Language Switching","","",""
"","10","Server Integration Tests (Testcontainers) PUT /api/colors/:name should update both name and hex simultaneously","","2026-09-07","passed","2026-09-07","","Server Integration Tests (Testcontainers)","Server Integration Tests (Testcontainers) PUT /api/colors/:name should update both name and hex simultaneously",""
"","11","Component Tests ColorPicker renders the color wheel canvas","","2026-09-07","passed","2026-09-07","","Utility Functions","Component Tests ColorPicker renders the color wheel canvas",""
"","154","PUT /openapi.json returns 405","bs-safari-ventura","2026-09-07","passed","2026-09-07","Security > HTTP Method Restrictions","","",""
"","112","PATCH /api/colors/:name returns 405","bs-iphone-15","2026-09-07","passed","2026-09-07","Security > HTTP Method Restrictions","","",""
"","147","should reject missing hex","bs-safari-ventura","2026-09-07","passed","2026-09-07","Backend API Integration > POST /api/colors Schema Validation","","",""
"","3568","should not have any automatically detectable accessibility issues","bs-iphone-15","2026-09-07","passed","2026-09-07","Accessibility Tests","","",""
"","2004","should create dynamic random color via API and verify through UI","bs-iphone-15","2026-09-07","passed","2026-09-07","Random Data Testing with faker.js","","",""
"","119","NoSQL $where operator in name is rejected (400)","bs-chrome-win11","2026-09-07","passed","2026-09-07","Security > Injection Prevention","","",""
"","73","GET /api/colors/Red should return the correct hex code","Chrome","2026-09-07","passed","2026-09-07","Backend API Integration","","",""
"","111","NoSQL $where operator in name is rejected (400)","bs-iphone-15","2026-09-07","passed","2026-09-07","Security > Injection Prevention","","",""
"","18","should return 404 when updating non-existent color","Chrome","2026-09-07","passed","2026-09-07","Backend API Integration > PUT /api/colors/:name Schema Validation","","",""
"","716","changing color to Turquoise should reflect in UI and DOM","Chrome","2026-09-07","passed","2026-09-07","Data-Driven Testing","tests/data-driven.spec.ts","",""
"","22","Component Tests ColorPicker touchend stops dragging (touchmove after touchend is ignored)","","2026-09-07","passed","2026-09-07","","Utility Functions","Component Tests ColorPicker touchend stops dragging (touchmove after touchend is ignored)",""
"","717","should handle missing image gracefully by showing alt text","Chrome","2026-09-07","passed","2026-09-07","Network Mocking & Interception","tests/network-mocking.spec.ts","",""
"","1904","changing color to Turquoise should reflect in UI and DOM","bs-iphone-15","2026-09-07","passed","2026-09-07","Data-Driven Testing","","",""
"","25","Frontend Unit Tests App Component shows add-color button even when colors are empty","","2026-09-07","passed","2026-09-07","","Frontend Unit Tests","Frontend Unit Tests App Component shows add-color button even when colors are empty",""
"","558","should handle fetch colors network failure gracefully","bs-chrome-win11","2026-09-07","passed","2026-09-07","UI Error Handling Coverage","","",""
"","1272","clicking a chip makes it active","bs-firefox-win11","2026-09-07","passed","2026-09-07","Color Management — Add & Delete","","",""
"","1072","verify Red ( #e74c3c ) is applied as the background color","Chrome","2026-09-07","passed","2026-09-07","Background color tests","tests/coverage.spec.ts","",""
"","4","Server Unit Tests PUT /api/colors/:name returns 404 for a non-existent color","","2026-09-07","passed","2026-09-07","","Server Unit Tests","Server Unit Tests PUT /api/colors/:name returns 404 for a non-existent color",""
"","1027","should meet the accessibility threshold using Google Lighthouse","bs-pixel-7","2026-09-07","skipped","2026-09-07","Accessibility Tests","","",""
"","834","handle color response missing hex property","bs-pixel-7","2026-09-07","passed","2026-09-07","Edge cases and error handling","","",""
"","1316","verify Yellow ( #f1c40f ) is applied as the background color","bs-pixel-7","2026-09-07","passed","2026-09-07","Background color tests","","",""
"","2996","should maintain accessibility after state change (color update)","bs-pixel-7","2026-09-07","passed","2026-09-07","Accessibility Tests","","",""
"","118","should reject updating with empty name","bs-chrome-win11","2026-09-07","passed","2026-09-07","Backend API Integration > PUT /api/colors/:name Schema Validation","","",""
"","112","error responses return JSON, not HTML (no info leakage)","bs-firefox-win11","2026-09-07","passed","2026-09-07","Security > Security Headers","","",""
"","515","should delete an existing color","bs-pixel-7","2026-09-07","passed","2026-09-07","Backend API Integration > DELETE /api/colors/:name","","",""
"","804","Show loading state when the API returns an empty colors list","BDD","2026-09-07","passed","2026-09-07","API Error Handling","","",""
"","1302","handle color response missing hex property","bs-safari-ventura","2026-09-07","passed","2026-09-07","Edge cases and error handling","","",""
"","0","Utility Functions rgbToHex value 16 does not pad","","2026-09-07","passed","2026-09-07","","Utility Functions","Utility Functions rgbToHex value 16 does not pad",""
"","741","Example #1","BDD","2026-09-07","passed","2026-09-07","Language Switching > Switch language and verify translated UI labels","","",""
"","67","Frontend Unit Tests App Component handles null data from initial fetch gracefully","","2026-09-07","passed","2026-09-07","","Frontend Unit Tests","Frontend Unit Tests App Component handles null data from initial fetch gracefully",""
"","833","verify Red ( #e74c3c ) is applied as the background color","Chrome","2026-09-07","passed","2026-09-07","POM Refactored: Background color tests","tests/pom-refactored.spec.ts","",""
"","998","cancel in confirm dialog closes it without deleting","bs-pixel-7","2026-09-07","passed","2026-09-07","Color Management — Add & Delete","","",""
"","867","cancel in confirm dialog closes it without deleting","Chrome","2026-09-07","passed","2026-09-07","Color Management — Add & Delete","tests/color-management.spec.ts","",""
"","13","Component Tests ColorPicker wheel cursor moves to (220,110) after right-edge click (hue=0, sat=1)","","2026-09-07","passed","2026-09-07","","Utility Functions","Component Tests ColorPicker wheel cursor moves to (220,110) after right-edge click (hue=0, sat=1)",""
"","12","Server Integration Tests (Testcontainers) POST /api/colors should return 409 when creating a duplicate color name","","2026-09-07","passed","2026-09-07","","Server Integration Tests (Testcontainers)","Server Integration Tests (Testcontainers) POST /api/colors should return 409 when creating a duplicate color name",""
"","0","Utility Functions hslToRgb low lightness l=0.25 → [128,0,0]","","2026-09-07","passed","2026-09-07","","Utility Functions","Utility Functions hslToRgb low lightness l=0.25 → [128,0,0]",""
"","64","Frontend Unit Tests App Component handleColorClick encodes color name in URL","","2026-09-07","passed","2026-09-07","","Frontend Unit Tests","Frontend Unit Tests App Component handleColorClick encodes color name in URL",""
