"DESCRIPTION","DURATION IN MS","NAME","PARENT SUITE","START TIME","STATUS","STOP TIME","SUB SUITE","SUITE","TEST CLASS","TEST METHOD"
"","529","check Turquoise ( #1abc9c) is the default background color.","Chrome","Sun May 10 00:38:00 UTC 2026","passed","Sun May 10 00:38:01 UTC 2026","","tests/coverage.spec.ts","",""
"","26","Component Tests ColorPicker submit with invalid chars shows validation error","","Sun May 10 00:32:00 UTC 2026","passed","Sun May 10 00:32:00 UTC 2026","","Utility Functions","Component Tests ColorPicker submit with invalid chars shows validation error",""
"","24","Component Tests ColorPicker close (×) button calls onCancel","","Sun May 10 00:32:00 UTC 2026","passed","Sun May 10 00:32:00 UTC 2026","","Utility Functions","Component Tests ColorPicker close (×) button calls onCancel",""
"","28","Component Tests ColorPicker duplicate check is case-insensitive","","Sun May 10 00:32:00 UTC 2026","passed","Sun May 10 00:32:00 UTC 2026","","Utility Functions","Component Tests ColorPicker duplicate check is case-insensitive",""
"","4","Component Tests ConfirmDialog Escape key calls onCancel when not busy","","Sun May 10 00:32:00 UTC 2026","passed","Sun May 10 00:32:00 UTC 2026","","Component Tests","Component Tests ConfirmDialog Escape key calls onCancel when not busy",""
"","722","handle initial fetch with empty data","bs-chrome-win11","Sun May 10 00:41:05 UTC 2026","passed","Sun May 10 00:41:06 UTC 2026","Edge cases and error handling","","",""
"","801","should handle missing image gracefully by showing alt text","bs-iphone-15","Sun May 10 00:45:56 UTC 2026","passed","Sun May 10 00:45:56 UTC 2026","Network Mocking & Interception","","",""
"","","[HIGH] CVE-2026-6321","","","failed","","","package-lock.json","fast-uri-3.1.0",""
"","515","should handle missing image gracefully by showing alt text","bs-pixel-7","Sun May 10 00:44:24 UTC 2026","passed","Sun May 10 00:44:25 UTC 2026","Network Mocking & Interception","","",""
"","796","Example #1","BDD","Sun May 10 00:37:43 UTC 2026","passed","Sun May 10 00:37:43 UTC 2026","Language Switching > Switch language and verify translated UI labels","","",""
"","1147","should meet the accessibility threshold using Google Lighthouse","bs-pixel-7","Sun May 10 00:43:59 UTC 2026","skipped","Sun May 10 00:44:00 UTC 2026","Accessibility Tests","","",""
"","163","SQL injection characters in name are rejected (400)","bs-firefox-win11","Sun May 10 00:42:01 UTC 2026","passed","Sun May 10 00:42:01 UTC 2026","Security > Injection Prevention","","",""
"","25","Server Integration Tests (Testcontainers) POST /api/colors should create a new color and persist it in the real database","","Sun May 10 00:33:18 UTC 2026","passed","Sun May 10 00:33:18 UTC 2026","","Server Integration Tests (Testcontainers)","Server Integration Tests (Testcontainers) POST /api/colors should create a new color and persist it in the real database",""
"","6221","delete API error shows alert banner","bs-iphone-15","Sun May 10 00:45:35 UTC 2026","passed","Sun May 10 00:45:41 UTC 2026","Color Management — Add & Delete","","",""
"","110","should reject omitting both name and hex on update","bs-safari-ventura","Sun May 10 00:42:33 UTC 2026","passed","Sun May 10 00:42:33 UTC 2026","Backend API Integration > PUT /api/colors/:name Schema Validation","","",""
"","581","should return 409 for duplicate color creation","bs-chrome-win11","Sun May 10 00:40:51 UTC 2026","passed","Sun May 10 00:40:51 UTC 2026","Backend API Integration > POST /api/colors Schema Validation","","",""
"","84","should reject empty name","bs-safari-ventura","Sun May 10 00:42:31 UTC 2026","passed","Sun May 10 00:42:31 UTC 2026","Backend API Integration > POST /api/colors Schema Validation","","",""
"","24","Frontend Unit Tests App Component shows add-color button even when colors are empty","","Sun May 10 00:32:00 UTC 2026","passed","Sun May 10 00:32:00 UTC 2026","","Frontend Unit Tests","Frontend Unit Tests App Component shows add-color button even when colors are empty",""
"","9","array body on POST returns 400","Chrome","Sun May 10 00:38:03 UTC 2026","passed","Sun May 10 00:38:03 UTC 2026","Security > Input Validation","tests/security.spec.ts","",""
"","5","Server Unit Tests POST /api/colors accepts names with alphanumeric characters and spaces","","Sun May 10 00:33:22 UTC 2026","passed","Sun May 10 00:33:22 UTC 2026","","Server Unit Tests","Server Unit Tests POST /api/colors accepts names with alphanumeric characters and spaces",""
"","81","NoSQL $where operator in name is rejected (400)","bs-safari-ventura","Sun May 10 00:43:54 UTC 2026","passed","Sun May 10 00:43:54 UTC 2026","Security > Injection Prevention","","",""
"","8724","clicking the backdrop closes the picker","bs-iphone-15","Sun May 10 00:45:00 UTC 2026","passed","Sun May 10 00:45:09 UTC 2026","Color Management — Add & Delete","","",""
"","10","Server Unit Tests Error Handling POST /api/colors returns 500 when database fails (findOne)","","Sun May 10 00:33:22 UTC 2026","passed","Sun May 10 00:33:22 UTC 2026","","Server Unit Tests","Server Unit Tests Error Handling POST /api/colors returns 500 when database fails (findOne)",""
"","1274","shows 409 duplicate error from server inside the picker","bs-pixel-7","Sun May 10 00:44:12 UTC 2026","passed","Sun May 10 00:44:13 UTC 2026","Color Management — Add & Delete","","",""
"","1","Utility Functions rgbToHsl white [255,255,255] → h=0, s=0, l=1","","Sun May 10 00:32:00 UTC 2026","passed","Sun May 10 00:32:00 UTC 2026","","Utility Functions","Utility Functions rgbToHsl white [255,255,255] → h=0, s=0, l=1",""
"","6","Server Integration Tests (Testcontainers) POST /api/colors should return 400 for invalid hex format (missing #)","","Sun May 10 00:33:18 UTC 2026","passed","Sun May 10 00:33:18 UTC 2026","","Server Integration Tests (Testcontainers)","Server Integration Tests (Testcontainers) POST /api/colors should return 400 for invalid hex format (missing #)",""
"","6","Component Tests ColorPicker falls back to window resize listener when ResizeObserver is not available","","Sun May 10 00:32:00 UTC 2026","passed","Sun May 10 00:32:00 UTC 2026","","Utility Functions","Component Tests ColorPicker falls back to window resize listener when ResizeObserver is not available",""
"","319","Server Unit Tests Surviving Mutants & Edge Cases Infrastructure uses MONGO_URI from environment if available","","Sun May 10 00:33:22 UTC 2026","passed","Sun May 10 00:33:22 UTC 2026","","Server Unit Tests","Server Unit Tests Surviving Mutants & Edge Cases Infrastructure uses MONGO_URI from environment if available",""
"","205","GET /api/colors should return all colors","bs-chrome-win11","Sun May 10 00:40:50 UTC 2026","passed","Sun May 10 00:40:50 UTC 2026","Backend API Integration","","",""
"","1648","should meet the accessibility threshold using Google Lighthouse","bs-safari-ventura","Sun May 10 00:42:15 UTC 2026","skipped","Sun May 10 00:42:17 UTC 2026","Accessibility Tests","","",""
"","7357","Cancel button closes the picker","bs-safari-ventura","Sun May 10 00:42:37 UTC 2026","passed","Sun May 10 00:42:45 UTC 2026","Color Management — Add & Delete","","",""
"","87","should reject invalid hex format","bs-iphone-15","Sun May 10 00:44:49 UTC 2026","passed","Sun May 10 00:44:49 UTC 2026","Backend API Integration > POST /api/colors Schema Validation","","",""
"","2392","verify Yellow ( #f1c40f ) is applied as the background color","bs-safari-ventura","Sun May 10 00:43:31 UTC 2026","passed","Sun May 10 00:43:34 UTC 2026","Background color tests","","",""
"","82","PATCH /api/colors/:name returns 405","bs-chrome-win11","Sun May 10 00:41:18 UTC 2026","passed","Sun May 10 00:41:18 UTC 2026","Security > HTTP Method Restrictions","","",""
"","26","Frontend Unit Tests App Component picker × button closes the modal","","Sun May 10 00:32:00 UTC 2026","passed","Sun May 10 00:32:00 UTC 2026","","Frontend Unit Tests","Frontend Unit Tests App Component picker × button closes the modal",""
"","10","Server Unit Tests Surviving Mutants & Edge Cases PUT logic kills name/hex conditional mutants by providing only one field","","Sun May 10 00:33:22 UTC 2026","passed","Sun May 10 00:33:22 UTC 2026","","Server Unit Tests","Server Unit Tests Surviving Mutants & Edge Cases PUT logic kills name/hex conditional mutants by providing only one field",""
"","1","Utility Functions rgbToHsl pure red → h=0, s=1, l=0.5","","Sun May 10 00:32:00 UTC 2026","passed","Sun May 10 00:32:00 UTC 2026","","Utility Functions","Utility Functions rgbToHsl pure red → h=0, s=1, l=0.5",""
"","20","Component Tests ColorPicker typing in name input clears name error","","Sun May 10 00:32:00 UTC 2026","passed","Sun May 10 00:32:00 UTC 2026","","Utility Functions","Component Tests ColorPicker typing in name input clears name error",""
"","9","Server Unit Tests GET /api/colors returns JSON content type","","Sun May 10 00:33:22 UTC 2026","passed","Sun May 10 00:33:22 UTC 2026","","Server Unit Tests","Server Unit Tests GET /api/colors returns JSON content type",""
"","183","GET /api/colors/:name should return 404 for non-existent color","bs-iphone-15","Sun May 10 00:44:48 UTC 2026","passed","Sun May 10 00:44:49 UTC 2026","Backend API Integration","","",""
"","916","should show loading state when API returns empty colors","bs-iphone-15","Sun May 10 00:45:54 UTC 2026","passed","Sun May 10 00:45:55 UTC 2026","UI Error Handling Coverage","","",""
"","2064","check Turquoise ( #1abc9c) is the default background color.","bs-safari-ventura","Sun May 10 00:43:27 UTC 2026","passed","Sun May 10 00:43:29 UTC 2026","","","",""
"","26","Component Tests ColorPicker touchmove while dragging updates hex","","Sun May 10 00:32:00 UTC 2026","passed","Sun May 10 00:32:00 UTC 2026","","Utility Functions","Component Tests ColorPicker touchmove while dragging updates hex",""
"","11","Component Tests ColorPicker typing red with g<b hex updates internal state","","Sun May 10 00:32:00 UTC 2026","passed","Sun May 10 00:32:00 UTC 2026","","Utility Functions","Component Tests ColorPicker typing red with g<b hex updates internal state",""
"","0","homepage initial state","Chrome","Sun May 10 00:40:10 UTC 2026","skipped","Sun May 10 00:40:10 UTC 2026","Percy Visual Regression – Production > Percy – mobile (375×667)","","",""
"","90","should return 404 when updating non-existent color","Chrome","Sun May 10 00:37:49 UTC 2026","passed","Sun May 10 00:37:49 UTC 2026","Backend API Integration > PUT /api/colors/:name Schema Validation","tests/api.spec.ts","",""
"","1668","changing color to Red should reflect in UI and DOM","bs-iphone-15","Sun May 10 00:45:51 UTC 2026","passed","Sun May 10 00:45:53 UTC 2026","Data-Driven Testing","","",""
"","0","homepage initial state","Chrome","Sun May 10 00:40:10 UTC 2026","skipped","Sun May 10 00:40:10 UTC 2026","Percy Visual Regression – Production > Percy – tablet (768×1024)","","",""
"","4","Server Unit Tests 405 Method Not Allowed returns 405 for PATCH on /api/colors","","Sun May 10 00:33:22 UTC 2026","passed","Sun May 10 00:33:22 UTC 2026","","Server Unit Tests","Server Unit Tests 405 Method Not Allowed returns 405 for PATCH on /api/colors",""
"","105","POST with script tag in name is rejected (400)","bs-firefox-win11","Sun May 10 00:41:59 UTC 2026","passed","Sun May 10 00:41:59 UTC 2026","Security > XSS Prevention","","",""
"","82","should reject omitting both name and hex on update","bs-firefox-win11","Sun May 10 00:41:31 UTC 2026","passed","Sun May 10 00:41:31 UTC 2026","Backend API Integration > PUT /api/colors/:name Schema Validation","","",""
"","45","Frontend Unit Tests App Component confirm dialog cancel button closes it","","Sun May 10 00:32:00 UTC 2026","passed","Sun May 10 00:32:00 UTC 2026","","Frontend Unit Tests","Frontend Unit Tests App Component confirm dialog cancel button closes it",""
"","20","Frontend Unit Tests App Component text color on dark background is white","","Sun May 10 00:32:00 UTC 2026","passed","Sun May 10 00:32:00 UTC 2026","","Frontend Unit Tests","Frontend Unit Tests App Component text color on dark background is white",""
"","2317","should maintain accessibility in el language and verify resilient locators","bs-pixel-7","Sun May 10 00:44:02 UTC 2026","passed","Sun May 10 00:44:05 UTC 2026","i18n Accessibility Tests","","",""
"","82","PATCH /api/colors returns 405","bs-chrome-win11","Sun May 10 00:41:18 UTC 2026","passed","Sun May 10 00:41:18 UTC 2026","Security > HTTP Method Restrictions","","",""
"","4","Server Unit Tests OpenAPI endpoints serves the OpenAPI JSON spec with exact metadata","","Sun May 10 00:33:22 UTC 2026","passed","Sun May 10 00:33:22 UTC 2026","","Server Unit Tests","Server Unit Tests OpenAPI endpoints serves the OpenAPI JSON spec with exact metadata",""
"","21","Server Integration Tests (Testcontainers) GET /api/colors/:name should return 404 for a non-existent color","","Sun May 10 00:33:18 UTC 2026","passed","Sun May 10 00:33:18 UTC 2026","","Server Integration Tests (Testcontainers)","Server Integration Tests (Testcontainers) GET /api/colors/:name should return 404 for a non-existent color",""
"","1844","should load the application and verify core functionality across browsers","bs-iphone-15","Sun May 10 00:45:49 UTC 2026","passed","Sun May 10 00:45:51 UTC 2026","Cross-Browser Core Functionality","","",""
"","26","should reject empty name","Chrome","Sun May 10 00:37:36 UTC 2026","passed","Sun May 10 00:37:36 UTC 2026","Backend API Integration > POST /api/colors Schema Validation","","",""
"","72","Frontend Unit Tests App Component deleting is false again after a failed delete (finally block)","","Sun May 10 00:32:00 UTC 2026","passed","Sun May 10 00:32:00 UTC 2026","","Frontend Unit Tests","Frontend Unit Tests App Component deleting is false again after a failed delete (finally block)",""
"","2412","homepage initial state","percy","Sun May 10 00:48:56 UTC 2026","passed","Sun May 10 00:48:58 UTC 2026","Percy Visual Regression – Production > Percy – tablet (768×1024)","","",""
"","18","Component Tests ConfirmDialog cancel button calls onCancel","","Sun May 10 00:32:00 UTC 2026","passed","Sun May 10 00:32:00 UTC 2026","","Component Tests","Component Tests ConfirmDialog cancel button calls onCancel",""
"","126","should reject invalid hex format","bs-firefox-win11","Sun May 10 00:41:30 UTC 2026","passed","Sun May 10 00:41:30 UTC 2026","Backend API Integration > POST /api/colors Schema Validation","","",""
"","676","verify language switcher changes document language","bs-chrome-win11","Sun May 10 00:41:04 UTC 2026","passed","Sun May 10 00:41:05 UTC 2026","","","",""
"","89","should reject empty name","bs-firefox-win11","Sun May 10 00:41:30 UTC 2026","passed","Sun May 10 00:41:30 UTC 2026","Backend API Integration > POST /api/colors Schema Validation","","",""
"","963","clicking ""+ Add color"" opens the picker modal","bs-firefox-win11","Sun May 10 00:41:32 UTC 2026","passed","Sun May 10 00:41:33 UTC 2026","Color Management — Add & Delete","","",""
"","1057","Cancel button closes the picker","bs-pixel-7","Sun May 10 00:44:09 UTC 2026","passed","Sun May 10 00:44:10 UTC 2026","Color Management — Add & Delete","","",""
"","5396","should maintain accessibility in es language and verify resilient locators","bs-iphone-15","Sun May 10 00:44:42 UTC 2026","passed","Sun May 10 00:44:48 UTC 2026","i18n Accessibility Tests","","",""
"","3059","mobile color picker workflow","percy","Sun May 10 00:49:00 UTC 2026","passed","Sun May 10 00:49:04 UTC 2026","Percy Visual Regression – Production > Percy – Mobile Interactions","","",""
"","","[HIGH] CVE-2026-27135","","","failed","","","test-automation-best-practices-app:latest (alpine 3.23.4)","nghttp2-libs-1.68.0-r0",""
"","80","NoSQL injection object in name is rejected (400)","bs-safari-ventura","Sun May 10 00:43:54 UTC 2026","passed","Sun May 10 00:43:54 UTC 2026","Security > Injection Prevention","","",""
"","594","shows a chip for each color with a swatch, name, and delete button","bs-pixel-7","Sun May 10 00:44:07 UTC 2026","passed","Sun May 10 00:44:08 UTC 2026","Color Management — Add & Delete","","",""
"","5","Server Unit Tests Surviving Mutants & Edge Cases Rate Limiting & Security kills mutants by verifying x-ratelimit headers","","Sun May 10 00:33:22 UTC 2026","passed","Sun May 10 00:33:22 UTC 2026","","Server Unit Tests","Server Unit Tests Surviving Mutants & Edge Cases Rate Limiting & Security kills mutants by verifying x-ratelimit headers",""
"","13","Component Tests ColorPicker Enter key on name input triggers submit","","Sun May 10 00:32:00 UTC 2026","passed","Sun May 10 00:32:00 UTC 2026","","Utility Functions","Component Tests ColorPicker Enter key on name input triggers submit",""
"","4","Server Unit Tests DELETE /api/colors/:name returns 400 for invalid name in path (regex check)","","Sun May 10 00:33:22 UTC 2026","passed","Sun May 10 00:33:22 UTC 2026","","Server Unit Tests","Server Unit Tests DELETE /api/colors/:name returns 400 for invalid name in path (regex check)",""
"","148","Component Tests ColorPicker renders the modal with title, hex preview, name and hex inputs","","Sun May 10 00:32:00 UTC 2026","passed","Sun May 10 00:32:00 UTC 2026","","Utility Functions","Component Tests ColorPicker renders the modal with title, hex preview, name and hex inputs",""
"","4261","successful delete removes the chip","bs-iphone-15","Sun May 10 00:45:30 UTC 2026","passed","Sun May 10 00:45:35 UTC 2026","Color Management — Add & Delete","","",""
"","175","GET /api/colors should return colors sorted alphabetically by name","bs-pixel-7","Sun May 10 00:44:05 UTC 2026","passed","Sun May 10 00:44:05 UTC 2026","Backend API Integration","","",""
"","3995","should maintain accessibility in es language and verify resilient locators","bs-safari-ventura","Sun May 10 00:42:31 UTC 2026","passed","Sun May 10 00:42:35 UTC 2026","i18n Accessibility Tests","","",""
"","16","Server Integration Tests (Testcontainers) GET /api/colors should return an empty array after all colors are deleted","","Sun May 10 00:33:18 UTC 2026","passed","Sun May 10 00:33:18 UTC 2026","","Server Integration Tests (Testcontainers)","Server Integration Tests (Testcontainers) GET /api/colors should return an empty array after all colors are deleted",""
"","2475","should maintain accessibility in es language and verify resilient locators","bs-firefox-win11","Sun May 10 00:41:26 UTC 2026","passed","Sun May 10 00:41:29 UTC 2026","i18n Accessibility Tests","","",""
"","98","NoSQL $where operator in name is rejected (400)","bs-pixel-7","Sun May 10 00:44:30 UTC 2026","passed","Sun May 10 00:44:31 UTC 2026","Security > Injection Prevention","","",""
"","160","oversized payload is rejected (413)","bs-chrome-win11","Sun May 10 00:41:17 UTC 2026","passed","Sun May 10 00:41:17 UTC 2026","Security > Input Validation","","",""
"","18","Component Tests ColorPicker mousemove after mouseup does NOT update color (dragging stopped)","","Sun May 10 00:32:00 UTC 2026","passed","Sun May 10 00:32:00 UTC 2026","","Utility Functions","Component Tests ColorPicker mousemove after mouseup does NOT update color (dragging stopped)",""
"","655","should gracefully handle a color not found in the database","bs-pixel-7","Sun May 10 00:44:26 UTC 2026","passed","Sun May 10 00:44:27 UTC 2026","Network Mocking & Interception","","",""
"","127","Component Tests ConfirmDialog renders title, body, and both buttons","","Sun May 10 00:32:00 UTC 2026","passed","Sun May 10 00:32:00 UTC 2026","","Component Tests","Component Tests ConfirmDialog renders title, body, and both buttons",""
"","1557","color names rendered in the UI do not trigger script execution","bs-chrome-win11","Sun May 10 00:41:15 UTC 2026","passed","Sun May 10 00:41:17 UTC 2026","Security > XSS Prevention","","",""
"","96","POST with script tag in name is rejected (400)","bs-iphone-15","Sun May 10 00:46:03 UTC 2026","passed","Sun May 10 00:46:03 UTC 2026","Security > XSS Prevention","","",""
"","15","POST with javascript: URI in name is rejected (400)","Chrome","Sun May 10 00:38:00 UTC 2026","passed","Sun May 10 00:38:00 UTC 2026","Security > XSS Prevention","tests/security.spec.ts","",""
"","78","should reject invalid hex format on update","bs-iphone-15","Sun May 10 00:44:49 UTC 2026","passed","Sun May 10 00:44:49 UTC 2026","Backend API Integration > PUT /api/colors/:name Schema Validation","","",""
"","925","verify language switcher changes document language","bs-firefox-win11","Sun May 10 00:41:46 UTC 2026","passed","Sun May 10 00:41:47 UTC 2026","","","",""
"","80","malformed JSON body returns 400","bs-pixel-7","Sun May 10 00:44:31 UTC 2026","passed","Sun May 10 00:44:31 UTC 2026","Security > Input Validation","","",""
"","59","Server Unit Tests GET /api/colors returns all seeded colors with correct names and hex values","","Sun May 10 00:33:22 UTC 2026","passed","Sun May 10 00:33:22 UTC 2026","","Server Unit Tests","Server Unit Tests GET /api/colors returns all seeded colors with correct names and hex values",""
"","75","NoSQL injection object in name is rejected (400)","bs-iphone-15","Sun May 10 00:46:05 UTC 2026","passed","Sun May 10 00:46:05 UTC 2026","Security > Injection Prevention","","",""
"","3552","should not have any automatically detectable accessibility issues","bs-iphone-15","Sun May 10 00:44:32 UTC 2026","passed","Sun May 10 00:44:36 UTC 2026","Accessibility Tests","","",""
"","2241","verify Red ( #e74c3c ) is applied as the background color","bs-safari-ventura","Sun May 10 00:43:48 UTC 2026","passed","Sun May 10 00:43:51 UTC 2026","POM Refactored: Background color tests","","",""
"","8791","should meet the accessibility threshold using Google Lighthouse","Chrome","Sun May 10 00:37:18 UTC 2026","passed","Sun May 10 00:37:27 UTC 2026","Accessibility Tests","tests/a11y.spec.ts","",""
"","87","malformed JSON body returns 400","bs-safari-ventura","Sun May 10 00:43:55 UTC 2026","passed","Sun May 10 00:43:55 UTC 2026","Security > Input Validation","","",""
"","1148","should display colors that do not exist in the database","bs-firefox-win11","Sun May 10 00:41:54 UTC 2026","passed","Sun May 10 00:41:55 UTC 2026","Network Mocking & Interception","","",""
"","3039","changing color to Turquoise should reflect in UI and DOM","bs-safari-ventura","Sun May 10 00:43:37 UTC 2026","passed","Sun May 10 00:43:40 UTC 2026","Data-Driven Testing","","",""
"","5","Server Unit Tests POST /api/colors returns 409 for a duplicate color name with descriptive error","","Sun May 10 00:33:22 UTC 2026","passed","Sun May 10 00:33:22 UTC 2026","","Server Unit Tests","Server Unit Tests POST /api/colors returns 409 for a duplicate color name with descriptive error",""
"","1135","check Turquoise ( #1abc9c) is the default background color.","bs-firefox-win11","Sun May 10 00:41:43 UTC 2026","passed","Sun May 10 00:41:45 UTC 2026","","","",""
"","173","X-Powered-By header is not exposed","bs-firefox-win11","Sun May 10 00:42:02 UTC 2026","passed","Sun May 10 00:42:02 UTC 2026","Security > Security Headers","","",""
"","68","should reject invalid hex format","bs-chrome-win11","Sun May 10 00:40:51 UTC 2026","passed","Sun May 10 00:40:51 UTC 2026","Backend API Integration > POST /api/colors Schema Validation","","",""
"","64","should reject omitting both name and hex on update","bs-iphone-15","Sun May 10 00:44:49 UTC 2026","passed","Sun May 10 00:44:50 UTC 2026","Backend API Integration > PUT /api/colors/:name Schema Validation","","",""
"","18","Component Tests ColorPicker typing a valid hex clears the hex error and updates preview","","Sun May 10 00:32:00 UTC 2026","passed","Sun May 10 00:32:00 UTC 2026","","Utility Functions","Component Tests ColorPicker typing a valid hex clears the hex error and updates preview",""
"","237","GET /api/colors/Red should return the correct hex code","bs-firefox-win11","Sun May 10 00:41:29 UTC 2026","passed","Sun May 10 00:41:29 UTC 2026","Backend API Integration","","",""
"","1018","first color chip is active on load (aria-pressed=true)","bs-safari-ventura","Sun May 10 00:42:35 UTC 2026","passed","Sun May 10 00:42:36 UTC 2026","Color Management — Add & Delete","","",""
"","4","Server Unit Tests 405 Method Not Allowed returns 405 for PATCH on /api/colors/:name","","Sun May 10 00:33:22 UTC 2026","passed","Sun May 10 00:33:22 UTC 2026","","Server Unit Tests","Server Unit Tests 405 Method Not Allowed returns 405 for PATCH on /api/colors/:name",""
"","6","Frontend Unit Tests App Component language selector change calls i18n and updates html lang","","Sun May 10 00:32:00 UTC 2026","passed","Sun May 10 00:32:00 UTC 2026","","Frontend Unit Tests","Frontend Unit Tests App Component language selector change calls i18n and updates html lang",""
"","709","clicking ""+ Add color"" opens the picker modal","Chrome","Sun May 10 00:37:51 UTC 2026","passed","Sun May 10 00:37:52 UTC 2026","Color Management — Add & Delete","tests/color-management.spec.ts","",""
"","1375","should create dynamic random color via API and verify through UI","bs-chrome-win11","Sun May 10 00:41:14 UTC 2026","passed","Sun May 10 00:41:15 UTC 2026","Random Data Testing with faker.js","","",""
"","2222","verify Yellow ( #f1c40f ) is applied as the background color","bs-iphone-15","Sun May 10 00:46:00 UTC 2026","passed","Sun May 10 00:46:02 UTC 2026","POM Refactored: Background color tests","","",""
"","286","homepage should match snapshot","percy","Sun May 10 00:48:49 UTC 2026","skipped","Sun May 10 00:48:49 UTC 2026","Visual Regression – iphone-se (375×667)","","",""
"","0","homepage after color change","Chrome","Sun May 10 00:40:10 UTC 2026","skipped","Sun May 10 00:40:10 UTC 2026","Percy Visual Regression – Production > Percy – desktop-xl (1920×1080)","","",""
"","75","should reject missing name","bs-chrome-win11","Sun May 10 00:40:51 UTC 2026","passed","Sun May 10 00:40:51 UTC 2026","Backend API Integration > POST /api/colors Schema Validation","","",""
"","5","Server Unit Tests POST /api/colors returns 400 for name with whitespace","","Sun May 10 00:33:22 UTC 2026","passed","Sun May 10 00:33:22 UTC 2026","","Server Unit Tests","Server Unit Tests POST /api/colors returns 400 for name with whitespace",""
"","13","NoSQL injection object in name is rejected (400)","Chrome","Sun May 10 00:38:03 UTC 2026","passed","Sun May 10 00:38:03 UTC 2026","Security > Injection Prevention","tests/security.spec.ts","",""
"","1431","color names rendered in the UI do not trigger script execution","bs-pixel-7","Sun May 10 00:44:29 UTC 2026","passed","Sun May 10 00:44:30 UTC 2026","Security > XSS Prevention","","",""
"","57","Component Tests ColorPicker editing name does NOT call onClearError when no serverError","","Sun May 10 00:32:00 UTC 2026","passed","Sun May 10 00:32:00 UTC 2026","","Utility Functions","Component Tests ColorPicker editing name does NOT call onClearError when no serverError",""
"","165","should return 404 when updating non-existent color","bs-chrome-win11","Sun May 10 00:40:52 UTC 2026","passed","Sun May 10 00:40:52 UTC 2026","Backend API Integration > PUT /api/colors/:name Schema Validation","","",""
"","583","should show loading state when API returns empty colors","Chrome","Sun May 10 00:37:58 UTC 2026","passed","Sun May 10 00:37:59 UTC 2026","UI Error Handling Coverage","tests/error-handling.spec.ts","",""
"","979","Cancel button closes the picker","Chrome","Sun May 10 00:37:52 UTC 2026","passed","Sun May 10 00:37:53 UTC 2026","Color Management — Add & Delete","tests/color-management.spec.ts","",""
"","454","should create a new color with valid schema","bs-chrome-win11","Sun May 10 00:40:51 UTC 2026","passed","Sun May 10 00:40:51 UTC 2026","Backend API Integration > POST /api/colors Schema Validation","","",""
"","6","Server Unit Tests Error Handling POST /api/colors returns 409 when database throws duplicate key error (code 11000)","","Sun May 10 00:33:22 UTC 2026","passed","Sun May 10 00:33:22 UTC 2026","","Server Unit Tests","Server Unit Tests Error Handling POST /api/colors returns 409 when database throws duplicate key error (code 11000)",""
"","6091","shows 409 duplicate error from server inside the picker","bs-safari-ventura","Sun May 10 00:43:04 UTC 2026","passed","Sun May 10 00:43:10 UTC 2026","Color Management — Add & Delete","","",""
"","44","Frontend Unit Tests App Component first loaded color is active (aria-pressed=true)","","Sun May 10 00:32:00 UTC 2026","passed","Sun May 10 00:32:00 UTC 2026","","Frontend Unit Tests","Frontend Unit Tests App Component first loaded color is active (aria-pressed=true)",""
"","9","Component Tests ColorPicker typing an invalid hex shows ""Use format #RRGGBB"" error","","Sun May 10 00:32:00 UTC 2026","passed","Sun May 10 00:32:00 UTC 2026","","Utility Functions","Component Tests ColorPicker typing an invalid hex shows ""Use format #RRGGBB"" error",""
"","18","should reject missing name","Chrome","Sun May 10 00:37:35 UTC 2026","passed","Sun May 10 00:37:36 UTC 2026","Backend API Integration > POST /api/colors Schema Validation","","",""
"","0","mobile color picker workflow","Chrome","Sun May 10 00:40:10 UTC 2026","skipped","Sun May 10 00:40:10 UTC 2026","Percy Visual Regression – Production > Percy – Mobile Interactions","","",""
"","16","Component Tests ConfirmDialog cancelLabel prop is reflected in the button text","","Sun May 10 00:32:00 UTC 2026","passed","Sun May 10 00:32:00 UTC 2026","","Component Tests","Component Tests ConfirmDialog cancelLabel prop is reflected in the button text",""
"","10","SQL injection characters in name are rejected (400)","Chrome","Sun May 10 00:38:03 UTC 2026","passed","Sun May 10 00:38:03 UTC 2026","Security > Injection Prevention","tests/security.spec.ts","",""
"","14","Server Integration Tests (Testcontainers) POST /api/colors should return 409 when creating a duplicate color name","","Sun May 10 00:33:18 UTC 2026","passed","Sun May 10 00:33:18 UTC 2026","","Server Integration Tests (Testcontainers)","Server Integration Tests (Testcontainers) POST /api/colors should return 409 when creating a duplicate color name",""
"","1231","handle initial fetch with empty data","bs-safari-ventura","Sun May 10 00:43:34 UTC 2026","passed","Sun May 10 00:43:35 UTC 2026","Edge cases and error handling","","",""
"","10","malformed JSON body returns 400","Chrome","Sun May 10 00:38:03 UTC 2026","passed","Sun May 10 00:38:03 UTC 2026","Security > Input Validation","tests/security.spec.ts","",""
"","1373","should create color via API and verify through UI","bs-pixel-7","Sun May 10 00:44:24 UTC 2026","passed","Sun May 10 00:44:26 UTC 2026","Hybrid E2E Testing","","",""
"","2197","should not have any automatically detectable accessibility issues","bs-pixel-7","Sun May 10 00:43:56 UTC 2026","passed","Sun May 10 00:43:59 UTC 2026","Accessibility Tests","","",""
"","1166","verify Red ( #e74c3c ) is applied as the background color","bs-chrome-win11","Sun May 10 00:41:13 UTC 2026","passed","Sun May 10 00:41:14 UTC 2026","POM Refactored: Background color tests","","",""
"","199","should return 404 when updating non-existent color","bs-safari-ventura","Sun May 10 00:42:33 UTC 2026","passed","Sun May 10 00:42:33 UTC 2026","Backend API Integration > PUT /api/colors/:name Schema Validation","","",""
"","14","Component Tests ConfirmDialog clicking the card itself does NOT call onCancel","","Sun May 10 00:32:00 UTC 2026","passed","Sun May 10 00:32:00 UTC 2026","","Component Tests","Component Tests ConfirmDialog clicking the card itself does NOT call onCancel",""
"","79","POST with HTML tag in name is rejected (400)","Chrome","Sun May 10 00:38:00 UTC 2026","passed","Sun May 10 00:38:00 UTC 2026","Security > XSS Prevention","tests/security.spec.ts","",""
"","7","Server Integration Tests (Testcontainers) PUT /api/colors/:name should return 400 for invalid hex format on update","","Sun May 10 00:33:18 UTC 2026","passed","Sun May 10 00:33:18 UTC 2026","","Server Integration Tests (Testcontainers)","Server Integration Tests (Testcontainers) PUT /api/colors/:name should return 400 for invalid hex format on update",""
"","30","Component Tests ColorPicker cancel button calls onCancel","","Sun May 10 00:32:00 UTC 2026","passed","Sun May 10 00:32:00 UTC 2026","","Utility Functions","Component Tests ColorPicker cancel button calls onCancel",""
"","","[HIGH] CVE-2026-44728","","","failed","","","package-lock.json","@babel/plugin-transform-modules-systemjs-7.16.7",""
"","1030","verify Turquoise ( #1abc9c ) is applied as the background color","Chrome","Sun May 10 00:38:00 UTC 2026","passed","Sun May 10 00:38:01 UTC 2026","POM Refactored: Background color tests","tests/pom-refactored.spec.ts","",""
"","36","Frontend Unit Tests App Component existingNames passed to ColorPicker matches current color list","","Sun May 10 00:32:00 UTC 2026","passed","Sun May 10 00:32:00 UTC 2026","","Frontend Unit Tests","Frontend Unit Tests App Component existingNames passed to ColorPicker matches current color list",""
"","3765","PUT /api/colors/{name}","","","passed","","","schemathesis","",""
"","23","Component Tests ColorPicker lightness slider change updates the preview","","Sun May 10 00:32:00 UTC 2026","passed","Sun May 10 00:32:00 UTC 2026","","Utility Functions","Component Tests ColorPicker lightness slider change updates the preview",""
"","11","Server Integration Tests (Testcontainers) PUT /api/colors/:name should update both name and hex simultaneously","","Sun May 10 00:33:18 UTC 2026","passed","Sun May 10 00:33:18 UTC 2026","","Server Integration Tests (Testcontainers)","Server Integration Tests (Testcontainers) PUT /api/colors/:name should update both name and hex simultaneously",""
"","313","Server Unit Tests Surviving Mutants & Edge Cases Infrastructure uses default MONGO_URI when process.env.MONGO_URI is missing","","Sun May 10 00:33:22 UTC 2026","passed","Sun May 10 00:33:22 UTC 2026","","Server Unit Tests","Server Unit Tests Surviving Mutants & Edge Cases Infrastructure uses default MONGO_URI when process.env.MONGO_URI is missing",""
"","10","empty body on POST returns 400","Chrome","Sun May 10 00:38:03 UTC 2026","passed","Sun May 10 00:38:03 UTC 2026","Security > Input Validation","tests/security.spec.ts","",""
"","1","Utility Functions rgbToHsl light red (#ff8080): l>0.5, s computed via (2-max-min) branch","","Sun May 10 00:32:00 UTC 2026","passed","Sun May 10 00:32:00 UTC 2026","","Utility Functions","Utility Functions rgbToHsl light red (#ff8080): l>0.5, s computed via (2-max-min) branch",""
"","22","Frontend Unit Tests App Component text color on light background is dark","","Sun May 10 00:32:00 UTC 2026","passed","Sun May 10 00:32:00 UTC 2026","","Frontend Unit Tests","Frontend Unit Tests App Component text color on light background is dark",""
"","6670","close (×) button closes the picker","bs-iphone-15","Sun May 10 00:44:54 UTC 2026","passed","Sun May 10 00:45:00 UTC 2026","Color Management — Add & Delete","","",""
"","4872","cancel in confirm dialog closes it without deleting","bs-iphone-15","Sun May 10 00:45:27 UTC 2026","passed","Sun May 10 00:45:32 UTC 2026","Color Management — Add & Delete","","",""
"","9","Server Integration Tests (Testcontainers) POST /api/colors should not expose _id or __v in the creation response","","Sun May 10 00:33:18 UTC 2026","passed","Sun May 10 00:33:18 UTC 2026","","Server Integration Tests (Testcontainers)","Server Integration Tests (Testcontainers) POST /api/colors should not expose _id or __v in the creation response",""
"","711","handle color response missing hex property","Chrome","Sun May 10 00:37:55 UTC 2026","passed","Sun May 10 00:37:56 UTC 2026","Edge cases and error handling","tests/coverage.spec.ts","",""
"","7","PATCH /api/colors returns 405","Chrome","Sun May 10 00:38:03 UTC 2026","passed","Sun May 10 00:38:03 UTC 2026","Security > HTTP Method Restrictions","tests/security.spec.ts","",""
"","0","Utility Functions readableOn returns #111 for turquoise (L≈0.39, black gives better contrast)","","Sun May 10 00:32:00 UTC 2026","passed","Sun May 10 00:32:00 UTC 2026","","Utility Functions","Utility Functions readableOn returns #111 for turquoise (L≈0.39, black gives better contrast)",""
"","7","Server Integration Tests (Testcontainers) POST /api/colors should return 400 when hex is missing","","Sun May 10 00:33:18 UTC 2026","passed","Sun May 10 00:33:18 UTC 2026","","Server Integration Tests (Testcontainers)","Server Integration Tests (Testcontainers) POST /api/colors should return 400 when hex is missing",""
"","1557","verify language switcher changes document language","bs-safari-ventura","Sun May 10 00:43:32 UTC 2026","passed","Sun May 10 00:43:33 UTC 2026","","","",""
"","2457","clicking ""+ Add color"" opens the picker modal","bs-safari-ventura","Sun May 10 00:42:36 UTC 2026","passed","Sun May 10 00:42:39 UTC 2026","Color Management — Add & Delete","","",""
"","203","GET /api/colors/Yellow should return the correct hex code","bs-chrome-win11","Sun May 10 00:40:50 UTC 2026","passed","Sun May 10 00:40:50 UTC 2026","Backend API Integration","","",""
"","984","clicking a chip makes it active","Chrome","Sun May 10 00:37:51 UTC 2026","passed","Sun May 10 00:37:52 UTC 2026","Color Management — Add & Delete","tests/color-management.spec.ts","",""
"","1369","verify Yellow ( #f1c40f ) is applied as the background color","bs-pixel-7","Sun May 10 00:44:27 UTC 2026","passed","Sun May 10 00:44:29 UTC 2026","POM Refactored: Background color tests","","",""
"","25","POST with script tag in name is rejected (400)","Chrome","Sun May 10 00:38:00 UTC 2026","passed","Sun May 10 00:38:00 UTC 2026","Security > XSS Prevention","tests/security.spec.ts","",""
"","11","Component Tests ConfirmDialog swatch div has the correct background color","","Sun May 10 00:32:00 UTC 2026","passed","Sun May 10 00:32:00 UTC 2026","","Component Tests","Component Tests ConfirmDialog swatch div has the correct background color",""
"","0","Utility Functions hslToRgb hue=180 (cyan) → [0,255,255]","","Sun May 10 00:32:00 UTC 2026","passed","Sun May 10 00:32:00 UTC 2026","","Utility Functions","Utility Functions hslToRgb hue=180 (cyan) → [0,255,255]",""
"","5","Server Unit Tests POST /api/colors returns 400 for invalid hex format (no hash)","","Sun May 10 00:33:22 UTC 2026","passed","Sun May 10 00:33:22 UTC 2026","","Server Unit Tests","Server Unit Tests POST /api/colors returns 400 for invalid hex format (no hash)",""
"","7","Server Integration Tests (Testcontainers) POST /api/colors should return 400 when extra fields are provided","","Sun May 10 00:33:18 UTC 2026","passed","Sun May 10 00:33:18 UTC 2026","","Server Integration Tests (Testcontainers)","Server Integration Tests (Testcontainers) POST /api/colors should return 400 when extra fields are provided",""
"","46","Frontend Unit Tests App Component deleting a non-active color keeps the current background","","Sun May 10 00:32:00 UTC 2026","passed","Sun May 10 00:32:00 UTC 2026","","Frontend Unit Tests","Frontend Unit Tests App Component deleting a non-active color keeps the current background",""
"","792","check Turquoise ( #1abc9c) is the default background color.","bs-chrome-win11","Sun May 10 00:41:02 UTC 2026","passed","Sun May 10 00:41:03 UTC 2026","","","",""
"","754","should handle fetch colors network failure gracefully","bs-firefox-win11","Sun May 10 00:41:52 UTC 2026","passed","Sun May 10 00:41:53 UTC 2026","UI Error Handling Coverage","","",""
"","568","should return 409 for duplicate color creation","bs-pixel-7","Sun May 10 00:44:06 UTC 2026","passed","Sun May 10 00:44:06 UTC 2026","Backend API Integration > POST /api/colors Schema Validation","","",""
"","844","verify Yellow ( #f1c40f ) is applied as the background color","Chrome","Sun May 10 00:38:01 UTC 2026","passed","Sun May 10 00:38:02 UTC 2026","POM Refactored: Background color tests","tests/pom-refactored.spec.ts","",""
"","41","Frontend Unit Tests App Component handleColorClick shows error on non-2xx response","","Sun May 10 00:32:00 UTC 2026","passed","Sun May 10 00:32:00 UTC 2026","","Frontend Unit Tests","Frontend Unit Tests App Component handleColorClick shows error on non-2xx response",""
"","848","clicking the backdrop closes the picker","bs-chrome-win11","Sun May 10 00:40:55 UTC 2026","passed","Sun May 10 00:40:56 UTC 2026","Color Management — Add & Delete","","",""
"","4692","should not have any automatically detectable accessibility issues","bs-safari-ventura","Sun May 10 00:42:19 UTC 2026","passed","Sun May 10 00:42:24 UTC 2026","Accessibility Tests","","",""
"","3","Server Unit Tests OpenAPI endpoints has exact application/json content-type","","Sun May 10 00:33:22 UTC 2026","passed","Sun May 10 00:33:22 UTC 2026","","Server Unit Tests","Server Unit Tests OpenAPI endpoints has exact application/json content-type",""
"","0","Utility Functions paintWheelPixel anti-aliases near-edge pixel: dist=r-0.5 gives alpha=127","","Sun May 10 00:32:00 UTC 2026","passed","Sun May 10 00:32:00 UTC 2026","","Utility Functions","Utility Functions paintWheelPixel anti-aliases near-edge pixel: dist=r-0.5 gives alpha=127",""
"","7","Server Unit Tests Surviving Mutants & Edge Cases Rate Limiting & Security kills mutants by verifying x-powered-by is removed","","Sun May 10 00:33:22 UTC 2026","passed","Sun May 10 00:33:22 UTC 2026","","Server Unit Tests","Server Unit Tests Surviving Mutants & Edge Cases Rate Limiting & Security kills mutants by verifying x-powered-by is removed",""
"","1818","color names rendered in the UI do not trigger script execution","bs-iphone-15","Sun May 10 00:46:03 UTC 2026","passed","Sun May 10 00:46:05 UTC 2026","Security > XSS Prevention","","",""
"","3","Server Unit Tests PUT /api/colors/:name returns 400 for invalid name with special characters","","Sun May 10 00:33:22 UTC 2026","passed","Sun May 10 00:33:22 UTC 2026","","Server Unit Tests","Server Unit Tests PUT /api/colors/:name returns 400 for invalid name with special characters",""
"","76","PUT /openapi.json returns 405","bs-iphone-15","Sun May 10 00:46:06 UTC 2026","passed","Sun May 10 00:46:06 UTC 2026","Security > HTTP Method Restrictions","","",""
"","72","PUT /openapi.json returns 405","bs-pixel-7","Sun May 10 00:44:32 UTC 2026","passed","Sun May 10 00:44:32 UTC 2026","Security > HTTP Method Restrictions","","",""
"","2893","should create color via API and verify through UI","bs-safari-ventura","Sun May 10 00:43:44 UTC 2026","passed","Sun May 10 00:43:47 UTC 2026","Hybrid E2E Testing","","",""
"","12","Server Integration Tests (Testcontainers) GET /api/colors/:name should return correct data for Red","","Sun May 10 00:33:18 UTC 2026","passed","Sun May 10 00:33:18 UTC 2026","","Server Integration Tests (Testcontainers)","Server Integration Tests (Testcontainers) GET /api/colors/:name should return correct data for Red",""
"","10","Component Tests ColorPicker editing name input calls onClearError to clear server error","","Sun May 10 00:32:00 UTC 2026","passed","Sun May 10 00:32:00 UTC 2026","","Utility Functions","Component Tests ColorPicker editing name input calls onClearError to clear server error",""
"","773","check Turquoise ( #1abc9c) is the default background color.","bs-pixel-7","Sun May 10 00:44:17 UTC 2026","passed","Sun May 10 00:44:17 UTC 2026","","","",""
"","93","Frontend Unit Tests App Component clicking a color chip makes it active","","Sun May 10 00:32:00 UTC 2026","passed","Sun May 10 00:32:00 UTC 2026","","Frontend Unit Tests","Frontend Unit Tests App Component clicking a color chip makes it active",""
"","1238","should show loading state when API returns empty colors","bs-safari-ventura","Sun May 10 00:43:43 UTC 2026","passed","Sun May 10 00:43:44 UTC 2026","UI Error Handling Coverage","","",""
"","682","should handle fetch colors network failure gracefully","bs-chrome-win11","Sun May 10 00:41:09 UTC 2026","passed","Sun May 10 00:41:09 UTC 2026","UI Error Handling Coverage","","",""
"","1045","handle initial fetch with empty data","bs-firefox-win11","Sun May 10 00:41:47 UTC 2026","passed","Sun May 10 00:41:48 UTC 2026","Edge cases and error handling","","",""
"","30","Server Unit Tests Surviving Mutants & Edge Cases Strict Path & Method Validation kills allowedMethods mutants by exhaustive testing","","Sun May 10 00:33:22 UTC 2026","passed","Sun May 10 00:33:22 UTC 2026","","Server Unit Tests","Server Unit Tests Surviving Mutants & Edge Cases Strict Path & Method Validation kills allowedMethods mutants by exhaustive testing",""
"","65","should reject missing name","bs-iphone-15","Sun May 10 00:44:49 UTC 2026","passed","Sun May 10 00:44:49 UTC 2026","Backend API Integration > POST /api/colors Schema Validation","","",""
"","0","Utility Functions rgbToHsl r max, g>0, b=0 → h in (0,60)","","Sun May 10 00:32:00 UTC 2026","passed","Sun May 10 00:32:00 UTC 2026","","Utility Functions","Utility Functions rgbToHsl r max, g>0, b=0 → h in (0,60)",""
"","1459","handle color response missing hex property","bs-iphone-15","Sun May 10 00:45:48 UTC 2026","passed","Sun May 10 00:45:49 UTC 2026","Edge cases and error handling","","",""
"","40","Frontend Unit Tests App Component add color 409 fallback message when data.error is absent","","Sun May 10 00:32:00 UTC 2026","passed","Sun May 10 00:32:00 UTC 2026","","Frontend Unit Tests","Frontend Unit Tests App Component add color 409 fallback message when data.error is absent",""
"","607","should handle missing image gracefully by showing alt text","Chrome","Sun May 10 00:37:59 UTC 2026","passed","Sun May 10 00:37:59 UTC 2026","Network Mocking & Interception","tests/network-mocking.spec.ts","",""
"","895","handle color response missing hex property","bs-chrome-win11","Sun May 10 00:41:06 UTC 2026","passed","Sun May 10 00:41:07 UTC 2026","Edge cases and error handling","","",""
"","949","should display colors that do not exist in the database","Chrome","Sun May 10 00:37:59 UTC 2026","passed","Sun May 10 00:38:00 UTC 2026","Network Mocking & Interception","tests/network-mocking.spec.ts","",""
"","2","Utility Functions hslToRgb hue=0 (red) → [255,0,0]","","Sun May 10 00:32:00 UTC 2026","passed","Sun May 10 00:32:00 UTC 2026","","Utility Functions","Utility Functions hslToRgb hue=0 (red) → [255,0,0]",""
"","1344","shows client-side validation error for invalid name chars","bs-firefox-win11","Sun May 10 00:41:37 UTC 2026","passed","Sun May 10 00:41:38 UTC 2026","Color Management — Add & Delete","","",""
"","899","homepage should match snapshot","Chrome","Sun May 10 00:40:07 UTC 2026","passed","Sun May 10 00:40:08 UTC 2026","Visual Regression – iphone-landscape (667×375)","","",""
"","54","Frontend Unit Tests App Component successful delete removes the color chip","","Sun May 10 00:32:00 UTC 2026","passed","Sun May 10 00:32:00 UTC 2026","","Frontend Unit Tests","Frontend Unit Tests App Component successful delete removes the color chip",""
"","66","Frontend Unit Tests App Component handles non-array initial fetch response gracefully","","Sun May 10 00:32:00 UTC 2026","passed","Sun May 10 00:32:00 UTC 2026","","Frontend Unit Tests","Frontend Unit Tests App Component handles non-array initial fetch response gracefully",""
"","1168","successful delete removes the chip","bs-chrome-win11","Sun May 10 00:41:00 UTC 2026","passed","Sun May 10 00:41:01 UTC 2026","Color Management — Add & Delete","","",""
"","1127","should display colors that do not exist in the database","bs-chrome-win11","Sun May 10 00:41:11 UTC 2026","passed","Sun May 10 00:41:12 UTC 2026","Network Mocking & Interception","","",""
"","1","Utility Functions paintWheelPixel paints grey at center (dx=0, dy=0, dist=0, sat=0)","","Sun May 10 00:32:00 UTC 2026","passed","Sun May 10 00:32:00 UTC 2026","","Utility Functions","Utility Functions paintWheelPixel paints grey at center (dx=0, dy=0, dist=0, sat=0)",""
"","1456","should create dynamic random color via API and verify through UI","bs-firefox-win11","Sun May 10 00:41:57 UTC 2026","passed","Sun May 10 00:41:59 UTC 2026","Random Data Testing with faker.js","","",""
"","8","Server Unit Tests GET /api/colors returns colors sorted alphabetically by name","","Sun May 10 00:33:22 UTC 2026","passed","Sun May 10 00:33:22 UTC 2026","","Server Unit Tests","Server Unit Tests GET /api/colors returns colors sorted alphabetically by name",""
"","1391","should display all core elements and handle button interaction","Chrome","Sun May 10 00:40:07 UTC 2026","passed","Sun May 10 00:40:09 UTC 2026","Responsive Design – tablet (768×1024)","","",""
"","37","Frontend Unit Tests App Component add color 400 without data.error falls back to generic message","","Sun May 10 00:32:00 UTC 2026","passed","Sun May 10 00:32:00 UTC 2026","","Frontend Unit Tests","Frontend Unit Tests App Component add color 400 without data.error falls back to generic message",""
"","431","should create a new color with valid schema","bs-safari-ventura","Sun May 10 00:42:30 UTC 2026","passed","Sun May 10 00:42:31 UTC 2026","Backend API Integration > POST /api/colors Schema Validation","","",""
"","2595","verify Turquoise ( #1abc9c ) is applied as the background color","bs-safari-ventura","Sun May 10 00:43:29 UTC 2026","passed","Sun May 10 00:43:32 UTC 2026","Background color tests","","",""
"","93","should reject missing name","bs-firefox-win11","Sun May 10 00:41:30 UTC 2026","passed","Sun May 10 00:41:30 UTC 2026","Backend API Integration > POST /api/colors Schema Validation","","",""
"","749","should load the application and verify core functionality across browsers","Chrome","Sun May 10 00:37:56 UTC 2026","passed","Sun May 10 00:37:56 UTC 2026","Cross-Browser Core Functionality","tests/cross-browser.spec.ts","",""
"","1","Utility Functions hexToRgb parses a standard #RRGGBB hex","","Sun May 10 00:32:00 UTC 2026","passed","Sun May 10 00:32:00 UTC 2026","","Utility Functions","Utility Functions hexToRgb parses a standard #RRGGBB hex",""
"","104","Frontend Unit Tests App Component handleColorClick does nothing when data has no hex","","Sun May 10 00:32:00 UTC 2026","passed","Sun May 10 00:32:00 UTC 2026","","Frontend Unit Tests","Frontend Unit Tests App Component handleColorClick does nothing when data has no hex",""
"","1438","deleting the active color switches background to the first remaining","bs-chrome-win11","Sun May 10 00:41:00 UTC 2026","passed","Sun May 10 00:41:02 UTC 2026","Color Management — Add & Delete","","",""
"","1349","verify Turquoise ( #1abc9c ) is applied as the background color","bs-chrome-win11","Sun May 10 00:41:12 UTC 2026","passed","Sun May 10 00:41:13 UTC 2026","POM Refactored: Background color tests","","",""
"","1237","shows client-side validation error for invalid name chars","Chrome","Sun May 10 00:37:55 UTC 2026","passed","Sun May 10 00:37:56 UTC 2026","Color Management — Add & Delete","tests/color-management.spec.ts","",""
"","0","Utility Functions hslToRgb hue=90 (chartreuse) → [128,255,0]","","Sun May 10 00:32:00 UTC 2026","passed","Sun May 10 00:32:00 UTC 2026","","Utility Functions","Utility Functions hslToRgb hue=90 (chartreuse) → [128,255,0]",""
"","87","should reject missing hex","bs-iphone-15","Sun May 10 00:44:49 UTC 2026","passed","Sun May 10 00:44:49 UTC 2026","Backend API Integration > POST /api/colors Schema Validation","","",""
"","606","should return 409 for duplicate color creation","bs-firefox-win11","Sun May 10 00:41:30 UTC 2026","passed","Sun May 10 00:41:30 UTC 2026","Backend API Integration > POST /api/colors Schema Validation","","",""
"","1730","Escape key closes the confirm dialog","bs-iphone-15","Sun May 10 00:45:29 UTC 2026","passed","Sun May 10 00:45:30 UTC 2026","Color Management — Add & Delete","","",""
"","43","Frontend Unit Tests App Component saving is false again after a failed add (finally block)","","Sun May 10 00:32:00 UTC 2026","passed","Sun May 10 00:32:00 UTC 2026","","Frontend Unit Tests","Frontend Unit Tests App Component saving is false again after a failed add (finally block)",""
"","","[HIGH] CVE-2026-6322","","","failed","","","package-lock.json","fast-uri-3.1.0",""
"","25","Frontend Unit Tests App Component link color is dark (#003366) on light background","","Sun May 10 00:32:00 UTC 2026","passed","Sun May 10 00:32:00 UTC 2026","","Frontend Unit Tests","Frontend Unit Tests App Component link color is dark (#003366) on light background",""
"","7","Server Unit Tests Surviving Mutants & Edge Cases OpenAPI Content-Type has application/json content-type","","Sun May 10 00:33:22 UTC 2026","passed","Sun May 10 00:33:22 UTC 2026","","Server Unit Tests","Server Unit Tests Surviving Mutants & Edge Cases OpenAPI Content-Type has application/json content-type",""
"","0","Utility Functions hslToRgb hue=330 (rose) → [255,0,128]","","Sun May 10 00:32:00 UTC 2026","passed","Sun May 10 00:32:00 UTC 2026","","Utility Functions","Utility Functions hslToRgb hue=330 (rose) → [255,0,128]",""
"","189","GET /api/colors should return colors sorted alphabetically by name","bs-safari-ventura","Sun May 10 00:42:30 UTC 2026","passed","Sun May 10 00:42:30 UTC 2026","Backend API Integration","","",""
"","44","Frontend Unit Tests App Component add color 400 shows data.error message","","Sun May 10 00:32:00 UTC 2026","passed","Sun May 10 00:32:00 UTC 2026","","Frontend Unit Tests","Frontend Unit Tests App Component add color 400 shows data.error message",""
"","12","should reject updating with empty name","Chrome","Sun May 10 00:37:36 UTC 2026","passed","Sun May 10 00:37:36 UTC 2026","Backend API Integration > PUT /api/colors/:name Schema Validation","","",""
"","276","GET /api/colors/:name should return 404 for non-existent color","bs-chrome-win11","Sun May 10 00:40:51 UTC 2026","passed","Sun May 10 00:40:51 UTC 2026","Backend API Integration","","",""
"","177","GET /api/colors/:name should return 404 for non-existent color","bs-pixel-7","Sun May 10 00:44:05 UTC 2026","passed","Sun May 10 00:44:06 UTC 2026","Backend API Integration","","",""
"","85","NoSQL operator in GET path param is rejected (400 or 404)","bs-safari-ventura","Sun May 10 00:43:55 UTC 2026","passed","Sun May 10 00:43:55 UTC 2026","Security > Injection Prevention","","",""
"","27","Component Tests ColorPicker submit with duplicate name (client-side) shows duplicate error","","Sun May 10 00:32:00 UTC 2026","passed","Sun May 10 00:32:00 UTC 2026","","Utility Functions","Component Tests ColorPicker submit with duplicate name (client-side) shows duplicate error",""
"","1137","chip-x click opens confirm dialog with color name","bs-firefox-win11","Sun May 10 00:41:39 UTC 2026","passed","Sun May 10 00:41:40 UTC 2026","Color Management — Add & Delete","","",""
"","96","NoSQL injection object in name is rejected (400)","bs-firefox-win11","Sun May 10 00:42:01 UTC 2026","passed","Sun May 10 00:42:01 UTC 2026","Security > Injection Prevention","","",""
"","1633","handle color selection fetch error","bs-iphone-15","Sun May 10 00:45:47 UTC 2026","passed","Sun May 10 00:45:49 UTC 2026","Edge cases and error handling","","",""
"","1672","color names rendered in the UI do not trigger script execution","bs-firefox-win11","Sun May 10 00:41:59 UTC 2026","passed","Sun May 10 00:42:01 UTC 2026","Security > XSS Prevention","","",""
"","39","Frontend Unit Tests App Component deleting the last color sets activeName to null","","Sun May 10 00:32:00 UTC 2026","passed","Sun May 10 00:32:00 UTC 2026","","Frontend Unit Tests","Frontend Unit Tests App Component deleting the last color sets activeName to null",""
"","4","Server Unit Tests 405 Method Not Allowed sets the Allow header on /api/colors/:name with correct methods","","Sun May 10 00:33:22 UTC 2026","passed","Sun May 10 00:33:22 UTC 2026","","Server Unit Tests","Server Unit Tests 405 Method Not Allowed sets the Allow header on /api/colors/:name with correct methods",""
"","19","Frontend Unit Tests App Component labelFor falls back to color name for unknown/custom color","","Sun May 10 00:32:00 UTC 2026","passed","Sun May 10 00:32:00 UTC 2026","","Frontend Unit Tests","Frontend Unit Tests App Component labelFor falls back to color name for unknown/custom color",""
"","94","POST with javascript: URI in name is rejected (400)","bs-iphone-15","Sun May 10 00:46:03 UTC 2026","passed","Sun May 10 00:46:03 UTC 2026","Security > XSS Prevention","","",""
"","2356","should create dynamic random color via API and verify through UI","bs-safari-ventura","Sun May 10 00:43:51 UTC 2026","passed","Sun May 10 00:43:53 UTC 2026","Random Data Testing with faker.js","","",""
"","0","Utility Functions readableOn returns #fff for black (very dark, L≈0)","","Sun May 10 00:32:00 UTC 2026","passed","Sun May 10 00:32:00 UTC 2026","","Utility Functions","Utility Functions readableOn returns #fff for black (very dark, L≈0)",""
"","1756","cancel in confirm dialog closes it without deleting","bs-firefox-win11","Sun May 10 00:41:40 UTC 2026","passed","Sun May 10 00:41:42 UTC 2026","Color Management — Add & Delete","","",""
"","0","Utility Functions hslToRgb saturation clamped: s=-0.5 treated as s=0","","Sun May 10 00:32:00 UTC 2026","passed","Sun May 10 00:32:00 UTC 2026","","Utility Functions","Utility Functions hslToRgb saturation clamped: s=-0.5 treated as s=0",""
"","5","Server Unit Tests GET /api/colors/:name returns 400 for invalid name in path (regex check)","","Sun May 10 00:33:22 UTC 2026","passed","Sun May 10 00:33:22 UTC 2026","","Server Unit Tests","Server Unit Tests GET /api/colors/:name returns 400 for invalid name in path (regex check)",""
"","224","GET /api/colors/Red should return the correct hex code","bs-chrome-win11","Sun May 10 00:40:50 UTC 2026","passed","Sun May 10 00:40:50 UTC 2026","Backend API Integration","","",""
"","1113","verify Turquoise ( #1abc9c ) is applied as the background color","Chrome","Sun May 10 00:37:51 UTC 2026","passed","Sun May 10 00:37:52 UTC 2026","Background color tests","tests/coverage.spec.ts","",""
"","0","Utility Functions rgbToHsl black [0,0,0] → h=0, s=0, l=0","","Sun May 10 00:32:00 UTC 2026","passed","Sun May 10 00:32:00 UTC 2026","","Utility Functions","Utility Functions rgbToHsl black [0,0,0] → h=0, s=0, l=0",""
"","62","should reject updating with empty name","bs-iphone-15","Sun May 10 00:44:49 UTC 2026","passed","Sun May 10 00:44:49 UTC 2026","Backend API Integration > PUT /api/colors/:name Schema Validation","","",""
"","3","Server Unit Tests PUT /api/colors/:name returns 400 for invalid current name format in URL","","Sun May 10 00:33:22 UTC 2026","passed","Sun May 10 00:33:22 UTC 2026","","Server Unit Tests","Server Unit Tests PUT /api/colors/:name returns 400 for invalid current name format in URL",""
"","7","Utility Functions rgbToHsl mid-grey [128,128,128] → s=0","","Sun May 10 00:32:00 UTC 2026","passed","Sun May 10 00:32:00 UTC 2026","","Utility Functions","Utility Functions rgbToHsl mid-grey [128,128,128] → s=0",""
"","1","Utility Functions rgbToHex value 16 does not pad","","Sun May 10 00:32:00 UTC 2026","passed","Sun May 10 00:32:00 UTC 2026","","Utility Functions","Utility Functions rgbToHex value 16 does not pad",""
"","1866","handle color response missing hex property","bs-safari-ventura","Sun May 10 00:43:35 UTC 2026","passed","Sun May 10 00:43:37 UTC 2026","Edge cases and error handling","","",""
"","1858","should handle color click network failure gracefully","bs-safari-ventura","Sun May 10 00:43:42 UTC 2026","passed","Sun May 10 00:43:44 UTC 2026","UI Error Handling Coverage","","",""
"","7","Server Unit Tests DELETE /api/colors/:name cannot delete the same color twice","","Sun May 10 00:33:22 UTC 2026","passed","Sun May 10 00:33:22 UTC 2026","","Server Unit Tests","Server Unit Tests DELETE /api/colors/:name cannot delete the same color twice",""
"","5619","should maintain accessibility after state change (color update)","bs-iphone-15","Sun May 10 00:44:36 UTC 2026","passed","Sun May 10 00:44:42 UTC 2026","Accessibility Tests","","",""
"","4","Server Unit Tests 405 Method Not Allowed sets the Allow header on /api/colors with correct methods","","Sun May 10 00:33:22 UTC 2026","passed","Sun May 10 00:33:22 UTC 2026","","Server Unit Tests","Server Unit Tests 405 Method Not Allowed sets the Allow header on /api/colors with correct methods",""
"","1","Utility Functions hslToRgb hue=210 (azure) → [0,128,255]","","Sun May 10 00:32:00 UTC 2026","passed","Sun May 10 00:32:00 UTC 2026","","Utility Functions","Utility Functions hslToRgb hue=210 (azure) → [0,128,255]",""
"","87","POST with HTML tag in name is rejected (400)","bs-pixel-7","Sun May 10 00:44:29 UTC 2026","passed","Sun May 10 00:44:29 UTC 2026","Security > XSS Prevention","","",""
"","91","POST with script tag in name is rejected (400)","bs-chrome-win11","Sun May 10 00:41:15 UTC 2026","passed","Sun May 10 00:41:15 UTC 2026","Security > XSS Prevention","","",""
"","5","Server Unit Tests POST /api/colors returns 400 for name with only spaces","","Sun May 10 00:33:22 UTC 2026","passed","Sun May 10 00:33:22 UTC 2026","","Server Unit Tests","Server Unit Tests POST /api/colors returns 400 for name with only spaces",""
"","175","X-Powered-By header is not exposed","bs-pixel-7","Sun May 10 00:44:31 UTC 2026","passed","Sun May 10 00:44:31 UTC 2026","Security > Security Headers","","",""
"","672","should gracefully handle a color not found in the database","bs-chrome-win11","Sun May 10 00:41:12 UTC 2026","passed","Sun May 10 00:41:13 UTC 2026","Network Mocking & Interception","","",""
"","4650","should maintain accessibility in en language and verify resilient locators","bs-iphone-15","Sun May 10 00:44:38 UTC 2026","passed","Sun May 10 00:44:43 UTC 2026","i18n Accessibility Tests","","",""
"","296","GET /api/colors/Turquoise should return the correct hex code","bs-safari-ventura","Sun May 10 00:42:29 UTC 2026","passed","Sun May 10 00:42:29 UTC 2026","Backend API Integration","","",""
"","1","Utility Functions hslToRgb hue=300 (magenta) → [255,0,255]","","Sun May 10 00:32:00 UTC 2026","passed","Sun May 10 00:32:00 UTC 2026","","Utility Functions","Utility Functions hslToRgb hue=300 (magenta) → [255,0,255]",""
"","20","Component Tests ColorPicker lightness slider min value (0) gives black","","Sun May 10 00:32:00 UTC 2026","passed","Sun May 10 00:32:00 UTC 2026","","Utility Functions","Component Tests ColorPicker lightness slider min value (0) gives black",""
"","14","should reject omitting both name and hex on update","Chrome","Sun May 10 00:37:36 UTC 2026","passed","Sun May 10 00:37:36 UTC 2026","Backend API Integration > PUT /api/colors/:name Schema Validation","","",""
"","73","POST /api-docs returns 405","bs-iphone-15","Sun May 10 00:46:06 UTC 2026","passed","Sun May 10 00:46:06 UTC 2026","Security > HTTP Method Restrictions","","",""
"","7","Component Tests ConfirmDialog Enter key calls onConfirm when not busy","","Sun May 10 00:32:00 UTC 2026","passed","Sun May 10 00:32:00 UTC 2026","","Component Tests","Component Tests ConfirmDialog Enter key calls onConfirm when not busy",""
"","21","Component Tests ColorPicker mousedown at left-center (hue=180) sets hex to #00ffff","","Sun May 10 00:32:00 UTC 2026","passed","Sun May 10 00:32:00 UTC 2026","","Utility Functions","Component Tests ColorPicker mousedown at left-center (hue=180) sets hex to #00ffff",""
"","107","should reject empty name","bs-chrome-win11","Sun May 10 00:40:51 UTC 2026","passed","Sun May 10 00:40:51 UTC 2026","Backend API Integration > POST /api/colors Schema Validation","","",""
"","4","Server Unit Tests Surviving Mutants & Edge Cases PUT logic kills hex regex mutant in PUT","","Sun May 10 00:33:22 UTC 2026","passed","Sun May 10 00:33:22 UTC 2026","","Server Unit Tests","Server Unit Tests Surviving Mutants & Edge Cases PUT logic kills hex regex mutant in PUT",""
"","1135","should create color via API and verify through UI","Chrome","Sun May 10 00:37:59 UTC 2026","passed","Sun May 10 00:38:00 UTC 2026","Hybrid E2E Testing","tests/hybrid.spec.ts","",""
"","122","POST with javascript: URI in name is rejected (400)","bs-safari-ventura","Sun May 10 00:43:52 UTC 2026","passed","Sun May 10 00:43:52 UTC 2026","Security > XSS Prevention","","",""
"","1942","should meet the accessibility threshold using Google Lighthouse","bs-iphone-15","Sun May 10 00:44:36 UTC 2026","skipped","Sun May 10 00:44:38 UTC 2026","Accessibility Tests","","",""
"","1758","deleting the active color switches background to the first remaining","bs-firefox-win11","Sun May 10 00:41:42 UTC 2026","passed","Sun May 10 00:41:43 UTC 2026","Color Management — Add & Delete","","",""
"","42","Frontend Unit Tests App Component add color 500 shows server error message","","Sun May 10 00:32:00 UTC 2026","passed","Sun May 10 00:32:00 UTC 2026","","Frontend Unit Tests","Frontend Unit Tests App Component add color 500 shows server error message",""
"","8","Component Tests ConfirmDialog Escape key does NOT call onCancel when busy","","Sun May 10 00:32:00 UTC 2026","passed","Sun May 10 00:32:00 UTC 2026","","Component Tests","Component Tests ConfirmDialog Escape key does NOT call onCancel when busy",""
"","95","Frontend Unit Tests App Component handleColorClick does nothing when data is null","","Sun May 10 00:32:00 UTC 2026","passed","Sun May 10 00:32:00 UTC 2026","","Frontend Unit Tests","Frontend Unit Tests App Component handleColorClick does nothing when data is null",""
"","945","verify Red ( #e74c3c ) is applied as the background color","Chrome","Sun May 10 00:38:01 UTC 2026","passed","Sun May 10 00:38:02 UTC 2026","POM Refactored: Background color tests","tests/pom-refactored.spec.ts","",""
"","30","Frontend Unit Tests App Component confirm dialog Escape key closes it","","Sun May 10 00:32:00 UTC 2026","passed","Sun May 10 00:32:00 UTC 2026","","Frontend Unit Tests","Frontend Unit Tests App Component confirm dialog Escape key closes it",""
"","695","Show error message when the initial colors fetch fails","BDD","Sun May 10 00:37:39 UTC 2026","passed","Sun May 10 00:37:40 UTC 2026","API Error Handling","","",""
"Performance Test: UI Performance Test
File: ui-performance.spec.ts
Total Iterations: 56
Max VUs: 1

HTTP Request Duration:
- Avg: 187.59ms
- P(95): 187.59ms
- Max: 187.59ms

Full metrics attached in the results.","755739","UI Performance Test","Performance","Sun May 10 00:47:45 UTC 2026","passed","Sun May 10 01:00:21 UTC 2026","ui-performance.spec.ts","UI Performance Test","",""
"","85","PUT /openapi.json returns 405","bs-chrome-win11","Sun May 10 00:41:18 UTC 2026","passed","Sun May 10 00:41:18 UTC 2026","Security > HTTP Method Restrictions","","",""
"","1256","changing color to Turquoise should reflect in UI and DOM","bs-pixel-7","Sun May 10 00:44:21 UTC 2026","passed","Sun May 10 00:44:23 UTC 2026","Data-Driven Testing","","",""
"","668","first color chip is active on load (aria-pressed=true)","bs-pixel-7","Sun May 10 00:44:07 UTC 2026","passed","Sun May 10 00:44:08 UTC 2026","Color Management — Add & Delete","","",""
"","73","POST with HTML tag in name is rejected (400)","bs-firefox-win11","Sun May 10 00:41:59 UTC 2026","passed","Sun May 10 00:41:59 UTC 2026","Security > XSS Prevention","","",""
"","5","Server Unit Tests 405 Method Not Allowed does not return 405 for allowed GET method on /api/colors/:name","","Sun May 10 00:33:22 UTC 2026","passed","Sun May 10 00:33:22 UTC 2026","","Server Unit Tests","Server Unit Tests 405 Method Not Allowed does not return 405 for allowed GET method on /api/colors/:name",""
"","19","GET /api/colors/Yellow should return the correct hex code","Chrome","Sun May 10 00:37:35 UTC 2026","passed","Sun May 10 00:37:35 UTC 2026","Backend API Integration","","",""
"","1150","changing color to Red should reflect in UI and DOM","bs-pixel-7","Sun May 10 00:44:22 UTC 2026","passed","Sun May 10 00:44:23 UTC 2026","Data-Driven Testing","","",""
"","0","Utility Functions hslToRgb lightness=1 gives white","","Sun May 10 00:32:00 UTC 2026","passed","Sun May 10 00:32:00 UTC 2026","","Utility Functions","Utility Functions hslToRgb lightness=1 gives white",""
"","198","oversized payload is rejected (413)","bs-iphone-15","Sun May 10 00:46:05 UTC 2026","passed","Sun May 10 00:46:05 UTC 2026","Security > Input Validation","","",""
"","9","Component Tests ColorPicker clicking the backdrop calls onCancel","","Sun May 10 00:32:00 UTC 2026","passed","Sun May 10 00:32:00 UTC 2026","","Utility Functions","Component Tests ColorPicker clicking the backdrop calls onCancel",""
"","165","oversized payload is rejected (413)","bs-pixel-7","Sun May 10 00:44:31 UTC 2026","passed","Sun May 10 00:44:31 UTC 2026","Security > Input Validation","","",""
"","1254","verify Yellow ( #f1c40f ) is applied as the background color","bs-chrome-win11","Sun May 10 00:41:13 UTC 2026","passed","Sun May 10 00:41:15 UTC 2026","POM Refactored: Background color tests","","",""
"","11","Server Integration Tests (Testcontainers) DELETE /api/colors/:name should delete a color and confirm removal from the real database","","Sun May 10 00:33:18 UTC 2026","passed","Sun May 10 00:33:18 UTC 2026","","Server Integration Tests (Testcontainers)","Server Integration Tests (Testcontainers) DELETE /api/colors/:name should delete a color and confirm removal from the real database",""
"","2376","verify Yellow ( #f1c40f ) is applied as the background color","bs-safari-ventura","Sun May 10 00:43:49 UTC 2026","passed","Sun May 10 00:43:52 UTC 2026","POM Refactored: Background color tests","","",""
"","5","Server Unit Tests Error Handling PUT /api/colors/:name returns 409 when database throws duplicate key error (code 11000) on save","","Sun May 10 00:33:22 UTC 2026","passed","Sun May 10 00:33:22 UTC 2026","","Server Unit Tests","Server Unit Tests Error Handling PUT /api/colors/:name returns 409 when database throws duplicate key error (code 11000) on save",""
"","86","malformed JSON body returns 400","bs-chrome-win11","Sun May 10 00:41:17 UTC 2026","passed","Sun May 10 00:41:17 UTC 2026","Security > Input Validation","","",""
"","150","oversized payload is rejected (413)","bs-firefox-win11","Sun May 10 00:42:01 UTC 2026","passed","Sun May 10 00:42:01 UTC 2026","Security > Input Validation","","",""
"","861","handle color response missing hex property","bs-pixel-7","Sun May 10 00:44:20 UTC 2026","passed","Sun May 10 00:44:21 UTC 2026","Edge cases and error handling","","",""
"","4675","should maintain accessibility in el language and verify resilient locators","bs-safari-ventura","Sun May 10 00:42:24 UTC 2026","passed","Sun May 10 00:42:29 UTC 2026","i18n Accessibility Tests","","",""
"","1388","Cancel button closes the picker","bs-firefox-win11","Sun May 10 00:41:33 UTC 2026","passed","Sun May 10 00:41:35 UTC 2026","Color Management — Add & Delete","","",""
"","84","PATCH /api/colors/:name returns 405","bs-pixel-7","Sun May 10 00:44:32 UTC 2026","passed","Sun May 10 00:44:32 UTC 2026","Security > HTTP Method Restrictions","","",""
"","2176","verify Red ( #e74c3c ) is applied as the background color","bs-safari-ventura","Sun May 10 00:43:29 UTC 2026","passed","Sun May 10 00:43:31 UTC 2026","Background color tests","","",""
"","2277","verify Turquoise ( #1abc9c ) is applied as the background color","bs-iphone-15","Sun May 10 00:45:42 UTC 2026","passed","Sun May 10 00:45:44 UTC 2026","Background color tests","","",""
"","8","Server Integration Tests (Testcontainers) GET /api/colors/:name should not expose _id or __v fields","","Sun May 10 00:33:18 UTC 2026","passed","Sun May 10 00:33:18 UTC 2026","","Server Integration Tests (Testcontainers)","Server Integration Tests (Testcontainers) GET /api/colors/:name should not expose _id or __v fields",""
"","6","Server Unit Tests Surviving Mutants & Edge Cases Allowed Methods kills mutants in allowedMethods object","","Sun May 10 00:33:22 UTC 2026","passed","Sun May 10 00:33:22 UTC 2026","","Server Unit Tests","Server Unit Tests Surviving Mutants & Edge Cases Allowed Methods kills mutants in allowedMethods object",""
"","15","Server Unit Tests Surviving Mutants & Edge Cases Regex & Validation STRICT_NAME_REGEX kills mutants on start/end/middle characters","","Sun May 10 00:33:22 UTC 2026","passed","Sun May 10 00:33:22 UTC 2026","","Server Unit Tests","Server Unit Tests Surviving Mutants & Edge Cases Regex & Validation STRICT_NAME_REGEX kills mutants on start/end/middle characters",""
"","1269","homepage should match snapshot","Chrome","Sun May 10 00:40:05 UTC 2026","passed","Sun May 10 00:40:06 UTC 2026","Visual Regression – desktop (1280×720)","","",""
"","1477","verify language switcher changes document language","bs-iphone-15","Sun May 10 00:45:45 UTC 2026","passed","Sun May 10 00:45:46 UTC 2026","","","",""
"","1324","shows server-error message on 500 inside the picker","Chrome","Sun May 10 00:37:56 UTC 2026","passed","Sun May 10 00:37:57 UTC 2026","Color Management — Add & Delete","tests/color-management.spec.ts","",""
"","10","Component Tests ColorPicker renders the color wheel canvas","","Sun May 10 00:32:00 UTC 2026","passed","Sun May 10 00:32:00 UTC 2026","","Utility Functions","Component Tests ColorPicker renders the color wheel canvas",""
"","1198","verify Turquoise ( #1abc9c ) is applied as the background color","bs-pixel-7","Sun May 10 00:44:17 UTC 2026","passed","Sun May 10 00:44:18 UTC 2026","Background color tests","","",""
"","11","X-Powered-By header is not exposed","Chrome","Sun May 10 00:38:03 UTC 2026","passed","Sun May 10 00:38:03 UTC 2026","Security > Security Headers","tests/security.spec.ts","",""
"","92","SQL injection characters in name are rejected (400)","bs-pixel-7","Sun May 10 00:44:31 UTC 2026","passed","Sun May 10 00:44:31 UTC 2026","Security > Injection Prevention","","",""
"","1810","should create color via API and verify through UI","bs-firefox-win11","Sun May 10 00:41:53 UTC 2026","passed","Sun May 10 00:41:55 UTC 2026","Hybrid E2E Testing","","",""
"","693","should update a color with valid schema","bs-firefox-win11","Sun May 10 00:41:30 UTC 2026","passed","Sun May 10 00:41:31 UTC 2026","Backend API Integration > PUT /api/colors/:name Schema Validation","","",""
"","6433","successful delete removes the chip","bs-safari-ventura","Sun May 10 00:43:15 UTC 2026","passed","Sun May 10 00:43:21 UTC 2026","Color Management — Add & Delete","","",""
"","2738","homepage after color change","percy","Sun May 10 00:48:51 UTC 2026","passed","Sun May 10 00:48:54 UTC 2026","Percy Visual Regression – Production > Percy – desktop (1280×720)","","",""
"","932","should gracefully handle a color not found in the database","bs-firefox-win11","Sun May 10 00:41:55 UTC 2026","passed","Sun May 10 00:41:56 UTC 2026","Network Mocking & Interception","","",""
"","1387","shows server-error message on 500 inside the picker","bs-chrome-win11","Sun May 10 00:40:58 UTC 2026","passed","Sun May 10 00:40:59 UTC 2026","Color Management — Add & Delete","","",""
"","3854","should maintain accessibility in en language and verify resilient locators","bs-safari-ventura","Sun May 10 00:42:17 UTC 2026","passed","Sun May 10 00:42:21 UTC 2026","i18n Accessibility Tests","","",""
"","7","Component Tests ColorPicker displays serverError prop in an alert banner","","Sun May 10 00:32:00 UTC 2026","passed","Sun May 10 00:32:00 UTC 2026","","Utility Functions","Component Tests ColorPicker displays serverError prop in an alert banner",""
"","53","Frontend Unit Tests App Component add color success closes picker and shows new chip","","Sun May 10 00:32:00 UTC 2026","passed","Sun May 10 00:32:00 UTC 2026","","Frontend Unit Tests","Frontend Unit Tests App Component add color success closes picker and shows new chip",""
"","1109","GET /api/colors/{name}","","","passed","","","schemathesis","",""
"","524","should display all core elements and handle button interaction","percy","Sun May 10 00:48:51 UTC 2026","skipped","Sun May 10 00:48:51 UTC 2026","Responsive Design – iPhone landscape (667×375)","","",""
"","1006","cancel in confirm dialog closes it without deleting","bs-chrome-win11","Sun May 10 00:40:59 UTC 2026","passed","Sun May 10 00:41:00 UTC 2026","Color Management — Add & Delete","","",""
"","65","Frontend Unit Tests App Component fetches and displays color chips with swatch and delete button","","Sun May 10 00:32:00 UTC 2026","passed","Sun May 10 00:32:00 UTC 2026","","Frontend Unit Tests","Frontend Unit Tests App Component fetches and displays color chips with swatch and delete button",""
"","988","delete API error shows alert banner","bs-pixel-7","Sun May 10 00:44:16 UTC 2026","passed","Sun May 10 00:44:17 UTC 2026","Color Management — Add & Delete","","",""
"","9","Server Unit Tests Surviving Mutants & Edge Cases Regex & Validation STRICT_NAME_REGEX kills mutants by testing multiple spaces in the middle and rejecting pluses","","Sun May 10 00:33:22 UTC 2026","passed","Sun May 10 00:33:22 UTC 2026","","Server Unit Tests","Server Unit Tests Surviving Mutants & Edge Cases Regex & Validation STRICT_NAME_REGEX kills mutants by testing multiple spaces in the middle and rejecting pluses",""
"","81","PATCH /api/colors returns 405","bs-safari-ventura","Sun May 10 00:43:55 UTC 2026","passed","Sun May 10 00:43:56 UTC 2026","Security > HTTP Method Restrictions","","",""
"","66","should reject invalid hex format on update","bs-firefox-win11","Sun May 10 00:41:30 UTC 2026","passed","Sun May 10 00:41:31 UTC 2026","Backend API Integration > PUT /api/colors/:name Schema Validation","","",""
"","29","Frontend Unit Tests App Component picker cancel button closes the modal","","Sun May 10 00:32:00 UTC 2026","passed","Sun May 10 00:32:00 UTC 2026","","Frontend Unit Tests","Frontend Unit Tests App Component picker cancel button closes the modal",""
"","228","GET /api/colors/Red should return the correct hex code","bs-iphone-15","Sun May 10 00:44:48 UTC 2026","passed","Sun May 10 00:44:48 UTC 2026","Backend API Integration","","",""
"","1852","handle color selection fetch error","bs-safari-ventura","Sun May 10 00:43:35 UTC 2026","passed","Sun May 10 00:43:36 UTC 2026","Edge cases and error handling","","",""
"","10","Server Unit Tests PUT /api/colors/:name updates the name of an existing color and preserves hex","","Sun May 10 00:33:22 UTC 2026","passed","Sun May 10 00:33:22 UTC 2026","","Server Unit Tests","Server Unit Tests PUT /api/colors/:name updates the name of an existing color and preserves hex",""
"","8","Server Unit Tests Surviving Mutants & Edge Cases Regex & Validation hex regex kills mutants by testing boundaries and formats","","Sun May 10 00:33:22 UTC 2026","passed","Sun May 10 00:33:22 UTC 2026","","Server Unit Tests","Server Unit Tests Surviving Mutants & Edge Cases Regex & Validation hex regex kills mutants by testing boundaries and formats",""
"","1","Utility Functions hslToRgb hue just below 60 is in sector 0, not sector 1","","Sun May 10 00:32:00 UTC 2026","passed","Sun May 10 00:32:00 UTC 2026","","Utility Functions","Utility Functions hslToRgb hue just below 60 is in sector 0, not sector 1",""
"","7","Server Integration Tests (Testcontainers) POST /api/colors should return 400 when name is missing","","Sun May 10 00:33:18 UTC 2026","passed","Sun May 10 00:33:18 UTC 2026","","Server Integration Tests (Testcontainers)","Server Integration Tests (Testcontainers) POST /api/colors should return 400 when name is missing",""
"","541","should handle fetch colors network failure gracefully","bs-pixel-7","Sun May 10 00:44:23 UTC 2026","passed","Sun May 10 00:44:24 UTC 2026","UI Error Handling Coverage","","",""
"","21","Server Unit Tests POST /api/colors creates a new color and returns 201 with correct body","","Sun May 10 00:33:22 UTC 2026","passed","Sun May 10 00:33:22 UTC 2026","","Server Unit Tests","Server Unit Tests POST /api/colors creates a new color and returns 201 with correct body",""
"","197","DELETE /api/colors/{name}","","","passed","","","schemathesis","",""
"","0","Utility Functions rgbToHex converts arbitrary color","","Sun May 10 00:32:00 UTC 2026","passed","Sun May 10 00:32:00 UTC 2026","","Utility Functions","Utility Functions rgbToHex converts arbitrary color",""
"","8697","Cancel button closes the picker","bs-iphone-15","Sun May 10 00:44:53 UTC 2026","passed","Sun May 10 00:45:02 UTC 2026","Color Management — Add & Delete","","",""
"","90","Frontend Unit Tests App Component confirm dialog cancel does nothing when deleting=true","","Sun May 10 00:32:00 UTC 2026","passed","Sun May 10 00:32:00 UTC 2026","","Frontend Unit Tests","Frontend Unit Tests App Component confirm dialog cancel does nothing when deleting=true",""
"","5","Server Unit Tests 405 Method Not Allowed does not return 405 for allowed GET method on /api/colors","","Sun May 10 00:33:22 UTC 2026","passed","Sun May 10 00:33:22 UTC 2026","","Server Unit Tests","Server Unit Tests 405 Method Not Allowed does not return 405 for allowed GET method on /api/colors",""
"","1250","homepage should match snapshot","Chrome","Sun May 10 00:40:06 UTC 2026","passed","Sun May 10 00:40:07 UTC 2026","Visual Regression – tablet (768×1024)","","",""
"Performance Test: API Performance Test
File: api-performance.spec.ts
Total Iterations: 48
Max VUs: 1

HTTP Request Duration:
- Avg: 237.50ms
- P(95): 300.47ms
- Max: 632.60ms

Full metrics attached in the results.","781107","API Performance Test","Performance","Sun May 10 00:41:45 UTC 2026","passed","Sun May 10 00:54:46 UTC 2026","api-performance.spec.ts","API Performance Test","",""
"","660","should update a color with valid schema","bs-chrome-win11","Sun May 10 00:40:51 UTC 2026","passed","Sun May 10 00:40:52 UTC 2026","Backend API Integration > PUT /api/colors/:name Schema Validation","","",""
"","89","array body on POST returns 400","bs-iphone-15","Sun May 10 00:46:05 UTC 2026","passed","Sun May 10 00:46:06 UTC 2026","Security > Input Validation","","",""
"","72","should reject invalid hex format","bs-safari-ventura","Sun May 10 00:42:32 UTC 2026","passed","Sun May 10 00:42:32 UTC 2026","Backend API Integration > POST /api/colors Schema Validation","","",""
"","95","empty body on POST returns 400","bs-safari-ventura","Sun May 10 00:43:55 UTC 2026","passed","Sun May 10 00:43:55 UTC 2026","Security > Input Validation","","",""
"","6","Server Integration Tests (Testcontainers) DELETE /api/colors/:name should return 400 for invalid name format","","Sun May 10 00:33:18 UTC 2026","passed","Sun May 10 00:33:18 UTC 2026","","Server Integration Tests (Testcontainers)","Server Integration Tests (Testcontainers) DELETE /api/colors/:name should return 400 for invalid name format",""
"","83","NoSQL operator in GET path param is rejected (400 or 404)","bs-pixel-7","Sun May 10 00:44:31 UTC 2026","passed","Sun May 10 00:44:31 UTC 2026","Security > Injection Prevention","","",""
"","1297","handle initial fetch error","bs-safari-ventura","Sun May 10 00:43:33 UTC 2026","passed","Sun May 10 00:43:35 UTC 2026","Edge cases and error handling","","",""
"","1494","shows a chip for each color with a swatch, name, and delete button","bs-safari-ventura","Sun May 10 00:42:34 UTC 2026","passed","Sun May 10 00:42:35 UTC 2026","Color Management — Add & Delete","","",""
"","7","Server Integration Tests (Testcontainers) Method Not Allowed should return 405 for PATCH /api/colors","","Sun May 10 00:33:18 UTC 2026","passed","Sun May 10 00:33:18 UTC 2026","","Server Integration Tests (Testcontainers)","Server Integration Tests (Testcontainers) Method Not Allowed should return 405 for PATCH /api/colors",""
"","563","should delete an existing color","bs-pixel-7","Sun May 10 00:44:07 UTC 2026","passed","Sun May 10 00:44:07 UTC 2026","Backend API Integration > DELETE /api/colors/:name","","",""
"","653","first color chip is active on load (aria-pressed=true)","Chrome","Sun May 10 00:37:49 UTC 2026","passed","Sun May 10 00:37:50 UTC 2026","Color Management — Add & Delete","tests/color-management.spec.ts","",""
"","912","clicking ""+ Add color"" opens the picker modal","bs-pixel-7","Sun May 10 00:44:08 UTC 2026","passed","Sun May 10 00:44:09 UTC 2026","Color Management — Add & Delete","","",""
"","1","Utility Functions hslToRgb hue=60 (yellow) → [255,255,0]","","Sun May 10 00:32:00 UTC 2026","passed","Sun May 10 00:32:00 UTC 2026","","Utility Functions","Utility Functions hslToRgb hue=60 (yellow) → [255,255,0]",""
"","6913","should maintain accessibility after state change (color update)","bs-chrome-win11","Sun May 10 00:40:37 UTC 2026","passed","Sun May 10 00:40:44 UTC 2026","Accessibility Tests","","",""
"","1","Frontend Unit Tests i18n Configuration should be initialized with correct settings","","Sun May 10 00:32:02 UTC 2026","passed","Sun May 10 00:32:02 UTC 2026","","Frontend Unit Tests","Frontend Unit Tests i18n Configuration should be initialized with correct settings",""
"","4","Server Unit Tests Surviving Mutants & Edge Cases PUT logic kills refine mutant by sending empty body","","Sun May 10 00:33:22 UTC 2026","passed","Sun May 10 00:33:22 UTC 2026","","Server Unit Tests","Server Unit Tests Surviving Mutants & Edge Cases PUT logic kills refine mutant by sending empty body",""
"","848","should handle color click network failure gracefully","bs-pixel-7","Sun May 10 00:44:24 UTC 2026","passed","Sun May 10 00:44:24 UTC 2026","UI Error Handling Coverage","","",""
"","11","Server Integration Tests (Testcontainers) GET /api/colors should return colors sorted alphabetically by name","","Sun May 10 00:33:18 UTC 2026","passed","Sun May 10 00:33:18 UTC 2026","","Server Integration Tests (Testcontainers)","Server Integration Tests (Testcontainers) GET /api/colors should return colors sorted alphabetically by name",""
"","6492","should not have any automatically detectable accessibility issues","bs-chrome-win11","Sun May 10 00:40:37 UTC 2026","passed","Sun May 10 00:40:44 UTC 2026","Accessibility Tests","","",""
"","5","Server Unit Tests Surviving Mutants & Edge Cases Swagger Metadata & OpenAPI has exact server metadata","","Sun May 10 00:33:22 UTC 2026","passed","Sun May 10 00:33:22 UTC 2026","","Server Unit Tests","Server Unit Tests Surviving Mutants & Edge Cases Swagger Metadata & OpenAPI has exact server metadata",""
"","8","Server Unit Tests GET /api/colors/:name returns a single color by name with correct fields","","Sun May 10 00:33:22 UTC 2026","passed","Sun May 10 00:33:22 UTC 2026","","Server Unit Tests","Server Unit Tests GET /api/colors/:name returns a single color by name with correct fields",""
"","27","Component Tests ColorPicker mousedown at top-center (hue=270) sets hex to #8000ff","","Sun May 10 00:32:00 UTC 2026","passed","Sun May 10 00:32:00 UTC 2026","","Utility Functions","Component Tests ColorPicker mousedown at top-center (hue=270) sets hex to #8000ff",""
"","4","Server Unit Tests POST /api/colors returns 400 when hex is missing","","Sun May 10 00:33:22 UTC 2026","passed","Sun May 10 00:33:22 UTC 2026","","Server Unit Tests","Server Unit Tests POST /api/colors returns 400 when hex is missing",""
"","9539","deleting the active color switches background to the first remaining","bs-safari-ventura","Sun May 10 00:43:17 UTC 2026","passed","Sun May 10 00:43:27 UTC 2026","Color Management — Add & Delete","","",""
"","4","Server Unit Tests Surviving Mutants & Edge Cases Swagger JSDoc Integration kills apis array mutants by verifying JSDoc content is present","","Sun May 10 00:33:22 UTC 2026","passed","Sun May 10 00:33:22 UTC 2026","","Server Unit Tests","Server Unit Tests Surviving Mutants & Edge Cases Swagger JSDoc Integration kills apis array mutants by verifying JSDoc content is present",""
"","85","NoSQL injection object in name is rejected (400)","bs-chrome-win11","Sun May 10 00:41:17 UTC 2026","passed","Sun May 10 00:41:17 UTC 2026","Security > Injection Prevention","","",""
"","16","Component Tests ConfirmDialog both buttons are disabled when busy=true","","Sun May 10 00:32:00 UTC 2026","passed","Sun May 10 00:32:00 UTC 2026","","Component Tests","Component Tests ConfirmDialog both buttons are disabled when busy=true",""
"","22","GET /api/colors should return all colors","Chrome","Sun May 10 00:37:35 UTC 2026","passed","Sun May 10 00:37:35 UTC 2026","Backend API Integration","","",""
"","17","oversized payload is rejected (413)","Chrome","Sun May 10 00:38:03 UTC 2026","passed","Sun May 10 00:38:03 UTC 2026","Security > Input Validation","tests/security.spec.ts","",""
"","2148","verify Turquoise ( #1abc9c ) is applied as the background color","bs-iphone-15","Sun May 10 00:45:58 UTC 2026","passed","Sun May 10 00:46:00 UTC 2026","POM Refactored: Background color tests","","",""
"","580","should return 409 for duplicate color creation","bs-iphone-15","Sun May 10 00:44:49 UTC 2026","passed","Sun May 10 00:44:49 UTC 2026","Backend API Integration > POST /api/colors Schema Validation","","",""
"","5","Component Tests ConfirmDialog backdrop click calls onCancel when not busy","","Sun May 10 00:32:00 UTC 2026","passed","Sun May 10 00:32:00 UTC 2026","","Component Tests","Component Tests ConfirmDialog backdrop click calls onCancel when not busy",""
"","180","GET /api/colors should return all colors","bs-safari-ventura","Sun May 10 00:42:30 UTC 2026","passed","Sun May 10 00:42:30 UTC 2026","Backend API Integration","","",""
"","73","empty body on POST returns 400","bs-firefox-win11","Sun May 10 00:42:01 UTC 2026","passed","Sun May 10 00:42:02 UTC 2026","Security > Input Validation","","",""
"","148","NoSQL $where operator in name is rejected (400)","bs-chrome-win11","Sun May 10 00:41:17 UTC 2026","passed","Sun May 10 00:41:17 UTC 2026","Security > Injection Prevention","","",""
"","19","Server Integration Tests (Testcontainers) GET /api/colors/:name should be case-sensitive (lowercase name returns 404)","","Sun May 10 00:33:18 UTC 2026","passed","Sun May 10 00:33:18 UTC 2026","","Server Integration Tests (Testcontainers)","Server Integration Tests (Testcontainers) GET /api/colors/:name should be case-sensitive (lowercase name returns 404)",""
"","707","handle initial fetch error","Chrome","Sun May 10 00:37:54 UTC 2026","passed","Sun May 10 00:37:55 UTC 2026","Edge cases and error handling","tests/coverage.spec.ts","",""
"","722","shows a chip for each color with a swatch, name, and delete button","Chrome","Sun May 10 00:37:49 UTC 2026","passed","Sun May 10 00:37:50 UTC 2026","Color Management — Add & Delete","tests/color-management.spec.ts","",""
"","673","handle initial fetch with empty data","bs-pixel-7","Sun May 10 00:44:20 UTC 2026","passed","Sun May 10 00:44:20 UTC 2026","Edge cases and error handling","","",""
"","5","Server Unit Tests GET /api/colors/:name is case-sensitive","","Sun May 10 00:33:22 UTC 2026","passed","Sun May 10 00:33:22 UTC 2026","","Server Unit Tests","Server Unit Tests GET /api/colors/:name is case-sensitive",""
"","10","Server Integration Tests (Testcontainers) seedDatabase should always restore the three default seed colors","","Sun May 10 00:33:18 UTC 2026","passed","Sun May 10 00:33:18 UTC 2026","","Server Integration Tests (Testcontainers)","Server Integration Tests (Testcontainers) seedDatabase should always restore the three default seed colors",""
"","75","PATCH /api/colors/:name returns 405","bs-iphone-15","Sun May 10 00:46:06 UTC 2026","passed","Sun May 10 00:46:06 UTC 2026","Security > HTTP Method Restrictions","","",""
"","81","empty body on POST returns 400","bs-pixel-7","Sun May 10 00:44:31 UTC 2026","passed","Sun May 10 00:44:31 UTC 2026","Security > Input Validation","","",""
"","92","should reject invalid hex format on update","bs-pixel-7","Sun May 10 00:44:06 UTC 2026","passed","Sun May 10 00:44:06 UTC 2026","Backend API Integration > PUT /api/colors/:name Schema Validation","","",""
"","7","Server Unit Tests Surviving Mutants & Edge Cases Regex & Validation Zod required_error messages are correct","","Sun May 10 00:33:22 UTC 2026","passed","Sun May 10 00:33:22 UTC 2026","","Server Unit Tests","Server Unit Tests Surviving Mutants & Edge Cases Regex & Validation Zod required_error messages are correct",""
"","1562","changing color to Yellow should reflect in UI and DOM","bs-chrome-win11","Sun May 10 00:41:08 UTC 2026","passed","Sun May 10 00:41:10 UTC 2026","Data-Driven Testing","","",""
"","1","Utility Functions hslToRgb hue=59 stays in sector 0","","Sun May 10 00:32:00 UTC 2026","passed","Sun May 10 00:32:00 UTC 2026","","Utility Functions","Utility Functions hslToRgb hue=59 stays in sector 0",""
"","327","Server Unit Tests Surviving Mutants & Edge Cases Port Fallback uses default PORT 5001 when process.env.PORT is missing","","Sun May 10 00:33:22 UTC 2026","passed","Sun May 10 00:33:22 UTC 2026","","Server Unit Tests","Server Unit Tests Surviving Mutants & Edge Cases Port Fallback uses default PORT 5001 when process.env.PORT is missing",""
"","77","empty body on POST returns 400","bs-iphone-15","Sun May 10 00:46:05 UTC 2026","passed","Sun May 10 00:46:05 UTC 2026","Security > Input Validation","","",""
"","7","Server Integration Tests (Testcontainers) Method Not Allowed should return 405 for PATCH /api/colors/:name","","Sun May 10 00:33:18 UTC 2026","passed","Sun May 10 00:33:18 UTC 2026","","Server Integration Tests (Testcontainers)","Server Integration Tests (Testcontainers) Method Not Allowed should return 405 for PATCH /api/colors/:name",""
"","1108","verify Red ( #e74c3c ) is applied as the background color","bs-firefox-win11","Sun May 10 00:41:56 UTC 2026","passed","Sun May 10 00:41:57 UTC 2026","POM Refactored: Background color tests","","",""
"","536","Color button remains functional after switching language","BDD","Sun May 10 00:37:44 UTC 2026","passed","Sun May 10 00:37:45 UTC 2026","Language Switching","","",""
"","5118","should maintain accessibility in el language and verify resilient locators","bs-iphone-15","Sun May 10 00:44:43 UTC 2026","passed","Sun May 10 00:44:48 UTC 2026","i18n Accessibility Tests","","",""
"","87","POST /api-docs returns 405","bs-chrome-win11","Sun May 10 00:41:18 UTC 2026","passed","Sun May 10 00:41:18 UTC 2026","Security > HTTP Method Restrictions","","",""
"","9729","deleting the active color switches background to the first remaining","bs-iphone-15","Sun May 10 00:45:32 UTC 2026","passed","Sun May 10 00:45:42 UTC 2026","Color Management — Add & Delete","","",""
"","75","PATCH /api/colors returns 405","bs-firefox-win11","Sun May 10 00:42:02 UTC 2026","passed","Sun May 10 00:42:02 UTC 2026","Security > HTTP Method Restrictions","","",""
"","0","Utility Functions rgbToHex output is lowercase","","Sun May 10 00:32:00 UTC 2026","passed","Sun May 10 00:32:00 UTC 2026","","Utility Functions","Utility Functions rgbToHex output is lowercase",""
"","83","should reject missing hex","bs-chrome-win11","Sun May 10 00:40:51 UTC 2026","passed","Sun May 10 00:40:51 UTC 2026","Backend API Integration > POST /api/colors Schema Validation","","",""
"","14","Server Integration Tests (Testcontainers) GET /api/colors/:name should return correct data for Yellow","","Sun May 10 00:33:18 UTC 2026","passed","Sun May 10 00:33:18 UTC 2026","","Server Integration Tests (Testcontainers)","Server Integration Tests (Testcontainers) GET /api/colors/:name should return correct data for Yellow",""
"","0","Utility Functions hslToRgb hue=120 (green) → [0,255,0]","","Sun May 10 00:32:00 UTC 2026","passed","Sun May 10 00:32:00 UTC 2026","","Utility Functions","Utility Functions hslToRgb hue=120 (green) → [0,255,0]",""
"","200","GET /api/colors/:name should return 404 for non-existent color","bs-safari-ventura","Sun May 10 00:42:30 UTC 2026","passed","Sun May 10 00:42:30 UTC 2026","Backend API Integration","","",""
"","1421","should meet the accessibility threshold using Google Lighthouse","bs-firefox-win11","Sun May 10 00:41:22 UTC 2026","skipped","Sun May 10 00:41:24 UTC 2026","Accessibility Tests","","",""
"","596","first color chip is active on load (aria-pressed=true)","bs-chrome-win11","Sun May 10 00:40:53 UTC 2026","passed","Sun May 10 00:40:53 UTC 2026","Color Management — Add & Delete","","",""
"","1875","clicking a chip makes it active","bs-iphone-15","Sun May 10 00:44:51 UTC 2026","passed","Sun May 10 00:44:53 UTC 2026","Color Management — Add & Delete","","",""
"","122","POST with script tag in name is rejected (400)","bs-safari-ventura","Sun May 10 00:43:52 UTC 2026","passed","Sun May 10 00:43:52 UTC 2026","Security > XSS Prevention","","",""
"","3","Server Unit Tests Surviving Mutants & Edge Cases Swagger Metadata & OpenAPI has exact info metadata","","Sun May 10 00:33:22 UTC 2026","passed","Sun May 10 00:33:22 UTC 2026","","Server Unit Tests","Server Unit Tests Surviving Mutants & Edge Cases Swagger Metadata & OpenAPI has exact info metadata",""
"","86","array body on POST returns 400","bs-chrome-win11","Sun May 10 00:41:18 UTC 2026","passed","Sun May 10 00:41:18 UTC 2026","Security > Input Validation","","",""
"","1059","clicking a chip makes it active","bs-pixel-7","Sun May 10 00:44:08 UTC 2026","passed","Sun May 10 00:44:09 UTC 2026","Color Management — Add & Delete","","",""
"","9","Server Unit Tests seedDatabase clears existing colors and re-seeds with 3 defaults","","Sun May 10 00:33:22 UTC 2026","passed","Sun May 10 00:33:22 UTC 2026","","Server Unit Tests","Server Unit Tests seedDatabase clears existing colors and re-seeds with 3 defaults",""
"","7","Server Unit Tests GET /api/colors/:name returns 404 for a non-existent color","","Sun May 10 00:33:22 UTC 2026","passed","Sun May 10 00:33:22 UTC 2026","","Server Unit Tests","Server Unit Tests GET /api/colors/:name returns 404 for a non-existent color",""
"","0","Utility Functions hexToRgb parses hex without the leading #","","Sun May 10 00:32:00 UTC 2026","passed","Sun May 10 00:32:00 UTC 2026","","Utility Functions","Utility Functions hexToRgb parses hex without the leading #",""
"","1","Utility Functions hexToRgb returns null for invalid input","","Sun May 10 00:32:00 UTC 2026","passed","Sun May 10 00:32:00 UTC 2026","","Utility Functions","Utility Functions hexToRgb returns null for invalid input",""
"","15","Component Tests ColorPicker mousemove without prior mousedown (not dragging) does not change color","","Sun May 10 00:32:00 UTC 2026","passed","Sun May 10 00:32:00 UTC 2026","","Utility Functions","Component Tests ColorPicker mousemove without prior mousedown (not dragging) does not change color",""
"","1","Utility Functions readableOn returns #111 for white (very light, L=1)","","Sun May 10 00:32:00 UTC 2026","passed","Sun May 10 00:32:00 UTC 2026","","Utility Functions","Utility Functions readableOn returns #111 for white (very light, L=1)",""
"","1","Utility Functions rgbToHsl pure green → h=120, s=1, l=0.5","","Sun May 10 00:32:00 UTC 2026","passed","Sun May 10 00:32:00 UTC 2026","","Utility Functions","Utility Functions rgbToHsl pure green → h=120, s=1, l=0.5",""
"","1100","changing color to Turquoise should reflect in UI and DOM","Chrome","Sun May 10 00:37:56 UTC 2026","passed","Sun May 10 00:37:57 UTC 2026","Data-Driven Testing","tests/data-driven.spec.ts","",""
"","22","Component Tests ColorPicker mousemove while dragging updates hex (dragging.current=true kills mutation)","","Sun May 10 00:32:00 UTC 2026","passed","Sun May 10 00:32:00 UTC 2026","","Utility Functions","Component Tests ColorPicker mousemove while dragging updates hex (dragging.current=true kills mutation)",""
"","1101","should handle fetch colors network failure gracefully","bs-safari-ventura","Sun May 10 00:43:41 UTC 2026","passed","Sun May 10 00:43:42 UTC 2026","UI Error Handling Coverage","","",""
"","76","should reject empty name","bs-iphone-15","Sun May 10 00:44:49 UTC 2026","passed","Sun May 10 00:44:49 UTC 2026","Backend API Integration > POST /api/colors Schema Validation","","",""
"","72","NoSQL operator in GET path param is rejected (400 or 404)","bs-iphone-15","Sun May 10 00:46:05 UTC 2026","passed","Sun May 10 00:46:05 UTC 2026","Security > Injection Prevention","","",""
"","171","should return 404 when updating non-existent color","bs-iphone-15","Sun May 10 00:44:50 UTC 2026","passed","Sun May 10 00:44:50 UTC 2026","Backend API Integration > PUT /api/colors/:name Schema Validation","","",""
"","171","should return 404 for non-existent color deletion","bs-firefox-win11","Sun May 10 00:41:31 UTC 2026","passed","Sun May 10 00:41:31 UTC 2026","Backend API Integration > DELETE /api/colors/:name","","",""
"","0","Utility Functions readableOn returns #fff for a very dark blue","","Sun May 10 00:32:00 UTC 2026","passed","Sun May 10 00:32:00 UTC 2026","","Utility Functions","Utility Functions readableOn returns #fff for a very dark blue",""
"","23","should return 404 for non-existent color deletion","Chrome","Sun May 10 00:37:49 UTC 2026","passed","Sun May 10 00:37:49 UTC 2026","Backend API Integration > DELETE /api/colors/:name","tests/api.spec.ts","",""
"","1","Utility Functions paintWheelPixel anti-aliases the outermost ring: dist=r gives alpha=0","","Sun May 10 00:32:00 UTC 2026","passed","Sun May 10 00:32:00 UTC 2026","","Utility Functions","Utility Functions paintWheelPixel anti-aliases the outermost ring: dist=r gives alpha=0",""
"","8","Frontend Unit Tests App Component shows error alert when initial fetch fails","","Sun May 10 00:32:00 UTC 2026","passed","Sun May 10 00:32:00 UTC 2026","","Frontend Unit Tests","Frontend Unit Tests App Component shows error alert when initial fetch fails",""
"","675","Escape key closes the confirm dialog","Chrome","Sun May 10 00:37:57 UTC 2026","passed","Sun May 10 00:37:58 UTC 2026","Color Management — Add & Delete","tests/color-management.spec.ts","",""
"","119","should delete an existing color","Chrome","Sun May 10 00:37:49 UTC 2026","passed","Sun May 10 00:37:49 UTC 2026","Backend API Integration > DELETE /api/colors/:name","tests/api.spec.ts","",""
"","9","Server Integration Tests (Testcontainers) DELETE /api/colors/:name should return 404 on a second delete of the same color","","Sun May 10 00:33:18 UTC 2026","passed","Sun May 10 00:33:18 UTC 2026","","Server Integration Tests (Testcontainers)","Server Integration Tests (Testcontainers) DELETE /api/colors/:name should return 404 on a second delete of the same color",""
"","2539","should maintain accessibility in en language and verify resilient locators","bs-chrome-win11","Sun May 10 00:40:46 UTC 2026","passed","Sun May 10 00:40:48 UTC 2026","i18n Accessibility Tests","","",""
"","1","Frontend Unit Tests i18n Configuration should handle language change correctly","","Sun May 10 00:32:02 UTC 2026","passed","Sun May 10 00:32:02 UTC 2026","","Frontend Unit Tests","Frontend Unit Tests i18n Configuration should handle language change correctly",""
"","0","homepage initial state","Chrome","Sun May 10 00:40:10 UTC 2026","skipped","Sun May 10 00:40:10 UTC 2026","Percy Visual Regression – Production > Percy – desktop-xl (1920×1080)","","",""
"","1294","should meet the accessibility threshold using Google Lighthouse","bs-chrome-win11","Sun May 10 00:40:45 UTC 2026","skipped","Sun May 10 00:40:46 UTC 2026","Accessibility Tests","","",""
"","2574","should maintain accessibility in el language and verify resilient locators","bs-firefox-win11","Sun May 10 00:41:26 UTC 2026","passed","Sun May 10 00:41:29 UTC 2026","i18n Accessibility Tests","","",""
"","3","Server Unit Tests Middleware handles non-JSON content type gracefully on POST","","Sun May 10 00:33:22 UTC 2026","passed","Sun May 10 00:33:22 UTC 2026","","Server Unit Tests","Server Unit Tests Middleware handles non-JSON content type gracefully on POST",""
"","4","Server Unit Tests POST /api/colors returns 400 for name with special characters","","Sun May 10 00:33:22 UTC 2026","passed","Sun May 10 00:33:22 UTC 2026","","Server Unit Tests","Server Unit Tests POST /api/colors returns 400 for name with special characters",""
"","1021","handle color selection fetch error","bs-firefox-win11","Sun May 10 00:41:48 UTC 2026","passed","Sun May 10 00:41:49 UTC 2026","Edge cases and error handling","","",""
"","1334","should create dynamic random color via API and verify through UI","bs-pixel-7","Sun May 10 00:44:28 UTC 2026","passed","Sun May 10 00:44:29 UTC 2026","Random Data Testing with faker.js","","",""
"","48","Frontend Unit Tests App Component delete API error shows error alert without closing dialog","","Sun May 10 00:32:00 UTC 2026","passed","Sun May 10 00:32:00 UTC 2026","","Frontend Unit Tests","Frontend Unit Tests App Component delete API error shows error alert without closing dialog",""
"","125","POST with HTML tag in name is rejected (400)","bs-safari-ventura","Sun May 10 00:43:52 UTC 2026","passed","Sun May 10 00:43:52 UTC 2026","Security > XSS Prevention","","",""
"","6","PUT /openapi.json returns 405","Chrome","Sun May 10 00:38:03 UTC 2026","passed","Sun May 10 00:38:03 UTC 2026","Security > HTTP Method Restrictions","tests/security.spec.ts","",""
"","2444","should create color via API and verify through UI","bs-iphone-15","Sun May 10 00:45:55 UTC 2026","passed","Sun May 10 00:45:58 UTC 2026","Hybrid E2E Testing","","",""
"","649","should handle color click network failure gracefully","Chrome","Sun May 10 00:37:58 UTC 2026","passed","Sun May 10 00:37:59 UTC 2026","UI Error Handling Coverage","tests/error-handling.spec.ts","",""
"","698","handle initial fetch error","bs-pixel-7","Sun May 10 00:44:19 UTC 2026","passed","Sun May 10 00:44:20 UTC 2026","Edge cases and error handling","","",""
"","163","GET /api/colors should return colors sorted alphabetically by name","bs-firefox-win11","Sun May 10 00:41:29 UTC 2026","passed","Sun May 10 00:41:30 UTC 2026","Backend API Integration","","",""
"","152","POST with HTML tag in name is rejected (400)","bs-iphone-15","Sun May 10 00:46:02 UTC 2026","passed","Sun May 10 00:46:03 UTC 2026","Security > XSS Prevention","","",""
"","31","Frontend Unit Tests App Component add color sends POST with correct method, headers, and body","","Sun May 10 00:32:00 UTC 2026","passed","Sun May 10 00:32:00 UTC 2026","","Frontend Unit Tests","Frontend Unit Tests App Component add color sends POST with correct method, headers, and body",""
"","9","error responses return JSON, not HTML (no info leakage)","Chrome","Sun May 10 00:38:03 UTC 2026","passed","Sun May 10 00:38:03 UTC 2026","Security > Security Headers","tests/security.spec.ts","",""
"","6","Server Unit Tests PUT /api/colors/:name updates both name and hex simultaneously","","Sun May 10 00:33:22 UTC 2026","passed","Sun May 10 00:33:22 UTC 2026","","Server Unit Tests","Server Unit Tests PUT /api/colors/:name updates both name and hex simultaneously",""
"","89","POST with javascript: URI in name is rejected (400)","bs-firefox-win11","Sun May 10 00:41:59 UTC 2026","passed","Sun May 10 00:41:59 UTC 2026","Security > XSS Prevention","","",""
"","10","unknown extra fields in POST body are rejected (400)","Chrome","Sun May 10 00:38:03 UTC 2026","passed","Sun May 10 00:38:03 UTC 2026","Security > Input Validation","tests/security.spec.ts","",""
"","2201","verify Red ( #e74c3c ) is applied as the background color","bs-iphone-15","Sun May 10 00:45:42 UTC 2026","passed","Sun May 10 00:45:45 UTC 2026","Background color tests","","",""
"","5410","cancel in confirm dialog closes it without deleting","bs-safari-ventura","Sun May 10 00:43:12 UTC 2026","passed","Sun May 10 00:43:17 UTC 2026","Color Management — Add & Delete","","",""
"","5","Server Unit Tests Middleware JSON error middleware ignores SyntaxError with status != 400","","Sun May 10 00:33:22 UTC 2026","passed","Sun May 10 00:33:22 UTC 2026","","Server Unit Tests","Server Unit Tests Middleware JSON error middleware ignores SyntaxError with status != 400",""
"","189","GET /api/colors should return colors sorted alphabetically by name","bs-iphone-15","Sun May 10 00:44:48 UTC 2026","passed","Sun May 10 00:44:49 UTC 2026","Backend API Integration","","",""
"","708","Example #3","BDD","Sun May 10 00:37:44 UTC 2026","passed","Sun May 10 00:37:44 UTC 2026","Language Switching > Switch language and verify translated UI labels","","",""
"","1507","verify Yellow ( #f1c40f ) is applied as the background color","bs-firefox-win11","Sun May 10 00:41:46 UTC 2026","passed","Sun May 10 00:41:47 UTC 2026","Background color tests","","",""
"","1","Utility Functions rgbToHex converts pure red","","Sun May 10 00:32:00 UTC 2026","passed","Sun May 10 00:32:00 UTC 2026","","Utility Functions","Utility Functions rgbToHex converts pure red",""
"","671","Example #2","BDD","Sun May 10 00:37:44 UTC 2026","passed","Sun May 10 00:37:44 UTC 2026","Language Switching > Switch language and verify translated UI labels","","",""
"","1470","verify Turquoise ( #1abc9c ) is applied as the background color","bs-firefox-win11","Sun May 10 00:41:55 UTC 2026","passed","Sun May 10 00:41:57 UTC 2026","POM Refactored: Background color tests","","",""
"","1","Utility Functions rgbToHsl round-trip hslToRgb→rgbToHsl preserves hue for all sectors","","Sun May 10 00:32:00 UTC 2026","passed","Sun May 10 00:32:00 UTC 2026","","Utility Functions","Utility Functions rgbToHsl round-trip hslToRgb→rgbToHsl preserves hue for all sectors",""
"","1053","successful delete removes the chip","Chrome","Sun May 10 00:37:58 UTC 2026","passed","Sun May 10 00:37:59 UTC 2026","Color Management — Add & Delete","tests/color-management.spec.ts","",""
"","5","Server Unit Tests Middleware returns 400 for malformed JSON body","","Sun May 10 00:33:22 UTC 2026","passed","Sun May 10 00:33:22 UTC 2026","","Server Unit Tests","Server Unit Tests Middleware returns 400 for malformed JSON body",""
"","81","array body on POST returns 400","bs-pixel-7","Sun May 10 00:44:31 UTC 2026","passed","Sun May 10 00:44:31 UTC 2026","Security > Input Validation","","",""
"","54","Frontend Unit Tests App Component handleColorClick clears previous error on new successful click","","Sun May 10 00:32:00 UTC 2026","passed","Sun May 10 00:32:00 UTC 2026","","Frontend Unit Tests","Frontend Unit Tests App Component handleColorClick clears previous error on new successful click",""
"","1","Frontend Unit Tests i18n Configuration should have translation keys in resources","","Sun May 10 00:32:02 UTC 2026","passed","Sun May 10 00:32:02 UTC 2026","","Frontend Unit Tests","Frontend Unit Tests i18n Configuration should have translation keys in resources",""
"","0","Utility Functions hslToRgb negative hue wraps: hue=-120 = hue=240","","Sun May 10 00:32:00 UTC 2026","passed","Sun May 10 00:32:00 UTC 2026","","Utility Functions","Utility Functions hslToRgb negative hue wraps: hue=-120 = hue=240",""
"","1607","changing color to Turquoise should reflect in UI and DOM","bs-firefox-win11","Sun May 10 00:41:49 UTC 2026","passed","Sun May 10 00:41:51 UTC 2026","Data-Driven Testing","","",""
"","77","should reject empty name","bs-pixel-7","Sun May 10 00:44:06 UTC 2026","passed","Sun May 10 00:44:06 UTC 2026","Backend API Integration > POST /api/colors Schema Validation","","",""
"","1237","changing color to Yellow should reflect in UI and DOM","bs-pixel-7","Sun May 10 00:44:23 UTC 2026","passed","Sun May 10 00:44:24 UTC 2026","Data-Driven Testing","","",""
"","65","Frontend Unit Tests App Component useEffect runs only once on mount","","Sun May 10 00:32:00 UTC 2026","passed","Sun May 10 00:32:00 UTC 2026","","Frontend Unit Tests","Frontend Unit Tests App Component useEffect runs only once on mount",""
"","5","Server Unit Tests Middleware does not include X-Powered-By header","","Sun May 10 00:33:22 UTC 2026","passed","Sun May 10 00:33:22 UTC 2026","","Server Unit Tests","Server Unit Tests Middleware does not include X-Powered-By header",""
"","2379","should maintain accessibility after state change (color update)","Chrome","Sun May 10 00:37:15 UTC 2026","passed","Sun May 10 00:37:18 UTC 2026","Accessibility Tests","tests/a11y.spec.ts","",""
"","2556","should maintain accessibility in es language and verify resilient locators","bs-chrome-win11","Sun May 10 00:40:46 UTC 2026","passed","Sun May 10 00:40:49 UTC 2026","i18n Accessibility Tests","","",""
"","47","Frontend Unit Tests App Component deleting the active color switches background to the first remaining","","Sun May 10 00:32:00 UTC 2026","passed","Sun May 10 00:32:00 UTC 2026","","Frontend Unit Tests","Frontend Unit Tests App Component deleting the active color switches background to the first remaining",""
"","1038","should handle fetch colors network failure gracefully","bs-iphone-15","Sun May 10 00:45:53 UTC 2026","passed","Sun May 10 00:45:54 UTC 2026","UI Error Handling Coverage","","",""
"","2357","changing color to Yellow should reflect in UI and DOM","bs-iphone-15","Sun May 10 00:45:52 UTC 2026","passed","Sun May 10 00:45:54 UTC 2026","Data-Driven Testing","","",""
"","20","Component Tests ColorPicker submit is blocked when hex input has an error","","Sun May 10 00:32:00 UTC 2026","passed","Sun May 10 00:32:00 UTC 2026","","Utility Functions","Component Tests ColorPicker submit is blocked when hex input has an error",""
"","53","Frontend Unit Tests App Component header color attribute changes after clicking a chip","","Sun May 10 00:32:00 UTC 2026","passed","Sun May 10 00:32:00 UTC 2026","","Frontend Unit Tests","Frontend Unit Tests App Component header color attribute changes after clicking a chip",""
"","3","Frontend Unit Tests i18n Configuration should translate keys correctly","","Sun May 10 00:32:02 UTC 2026","passed","Sun May 10 00:32:02 UTC 2026","","Frontend Unit Tests","Frontend Unit Tests i18n Configuration should translate keys correctly",""
"","7","Server Unit Tests GET /api/colors/:name returns Turquoise color correctly","","Sun May 10 00:33:22 UTC 2026","passed","Sun May 10 00:33:22 UTC 2026","","Server Unit Tests","Server Unit Tests GET /api/colors/:name returns Turquoise color correctly",""
"","1383","color names rendered in the UI do not trigger script execution","Chrome","Sun May 10 00:38:00 UTC 2026","passed","Sun May 10 00:38:02 UTC 2026","Security > XSS Prevention","tests/security.spec.ts","",""
"","67","should reject updating with empty name","bs-firefox-win11","Sun May 10 00:41:31 UTC 2026","passed","Sun May 10 00:41:31 UTC 2026","Backend API Integration > PUT /api/colors/:name Schema Validation","","",""
"","180","GET /api/colors/Yellow should return the correct hex code","bs-firefox-win11","Sun May 10 00:41:29 UTC 2026","passed","Sun May 10 00:41:29 UTC 2026","Backend API Integration","","",""
"","4","Server Unit Tests Middleware JSON error middleware ignores SyntaxError without body","","Sun May 10 00:33:22 UTC 2026","passed","Sun May 10 00:33:22 UTC 2026","","Server Unit Tests","Server Unit Tests Middleware JSON error middleware ignores SyntaxError without body",""
"","1010","cancel in confirm dialog closes it without deleting","Chrome","Sun May 10 00:37:57 UTC 2026","passed","Sun May 10 00:37:58 UTC 2026","Color Management — Add & Delete","tests/color-management.spec.ts","",""
"","0","homepage initial state","Chrome","Sun May 10 00:40:10 UTC 2026","skipped","Sun May 10 00:40:10 UTC 2026","Percy Visual Regression – Production > Percy – desktop (1280×720)","","",""
"","32","Frontend Unit Tests App Component initial background is first color hex","","Sun May 10 00:32:00 UTC 2026","passed","Sun May 10 00:32:00 UTC 2026","","Frontend Unit Tests","Frontend Unit Tests App Component initial background is first color hex",""
"","134","should reject invalid hex format on update","bs-safari-ventura","Sun May 10 00:42:32 UTC 2026","passed","Sun May 10 00:42:33 UTC 2026","Backend API Integration > PUT /api/colors/:name Schema Validation","","",""
"","2196","Escape key closes the confirm dialog","bs-safari-ventura","Sun May 10 00:43:13 UTC 2026","passed","Sun May 10 00:43:15 UTC 2026","Color Management — Add & Delete","","",""
"","2417","changing color to Yellow should reflect in UI and DOM","bs-safari-ventura","Sun May 10 00:43:40 UTC 2026","passed","Sun May 10 00:43:42 UTC 2026","Data-Driven Testing","","",""
"","0","Utility Functions hslToRgb hue=270 (violet) → [128,0,255]","","Sun May 10 00:32:00 UTC 2026","passed","Sun May 10 00:32:00 UTC 2026","","Utility Functions","Utility Functions hslToRgb hue=270 (violet) → [128,0,255]",""
"","12","Server Integration Tests (Testcontainers) seedDatabase should be idempotent — calling twice always yields exactly 3 colors","","Sun May 10 00:33:18 UTC 2026","passed","Sun May 10 00:33:18 UTC 2026","","Server Integration Tests (Testcontainers)","Server Integration Tests (Testcontainers) seedDatabase should be idempotent — calling twice always yields exactly 3 colors",""
"","23","Server Integration Tests (Testcontainers) Concurrent writes should handle simultaneous POSTs with the same name — exactly one succeeds","","Sun May 10 00:33:18 UTC 2026","passed","Sun May 10 00:33:18 UTC 2026","","Server Integration Tests (Testcontainers)","Server Integration Tests (Testcontainers) Concurrent writes should handle simultaneous POSTs with the same name — exactly one succeeds",""
"","1621","should gracefully handle a color not found in the database","bs-safari-ventura","Sun May 10 00:43:47 UTC 2026","passed","Sun May 10 00:43:48 UTC 2026","Network Mocking & Interception","","",""
"","886","first color chip is active on load (aria-pressed=true)","bs-firefox-win11","Sun May 10 00:41:31 UTC 2026","passed","Sun May 10 00:41:32 UTC 2026","Color Management — Add & Delete","","",""
"","1311","shows client-side validation error for invalid name chars","bs-pixel-7","Sun May 10 00:44:12 UTC 2026","passed","Sun May 10 00:44:13 UTC 2026","Color Management — Add & Delete","","",""
"","103","array body on POST returns 400","bs-safari-ventura","Sun May 10 00:43:55 UTC 2026","passed","Sun May 10 00:43:55 UTC 2026","Security > Input Validation","","",""
"","4","Server Unit Tests OpenAPI endpoints spec includes component schemas","","Sun May 10 00:33:22 UTC 2026","passed","Sun May 10 00:33:22 UTC 2026","","Server Unit Tests","Server Unit Tests OpenAPI endpoints spec includes component schemas",""
"","9013","should maintain accessibility after state change (color update)","bs-safari-ventura","Sun May 10 00:42:06 UTC 2026","passed","Sun May 10 00:42:15 UTC 2026","Accessibility Tests","","",""
"","0","Utility Functions rgbToHsl r max with g<b (#ff0040) → h near 345","","Sun May 10 00:32:00 UTC 2026","passed","Sun May 10 00:32:00 UTC 2026","","Utility Functions","Utility Functions rgbToHsl r max with g<b (#ff0040) → h near 345",""
"","0","Utility Functions hslToRgb saturation clamped: s=1.5 treated as s=1","","Sun May 10 00:32:00 UTC 2026","passed","Sun May 10 00:32:00 UTC 2026","","Utility Functions","Utility Functions hslToRgb saturation clamped: s=1.5 treated as s=1",""
"","84","POST /api-docs returns 405","bs-safari-ventura","Sun May 10 00:43:56 UTC 2026","passed","Sun May 10 00:43:56 UTC 2026","Security > HTTP Method Restrictions","","",""
"","2585","should maintain accessibility in en language and verify resilient locators","Chrome","Sun May 10 00:37:18 UTC 2026","passed","Sun May 10 00:37:21 UTC 2026","i18n Accessibility Tests","tests/a11y.spec.ts","",""
"","979","handle color response missing hex property","bs-firefox-win11","Sun May 10 00:41:48 UTC 2026","passed","Sun May 10 00:41:49 UTC 2026","Edge cases and error handling","","",""
"","1314","shows client-side ""Name is required"" when submitting empty name","bs-firefox-win11","Sun May 10 00:41:36 UTC 2026","passed","Sun May 10 00:41:38 UTC 2026","Color Management — Add & Delete","","",""
"","9","Server Unit Tests Error Handling PUT /api/colors/:name returns 500 when database fails","","Sun May 10 00:33:22 UTC 2026","passed","Sun May 10 00:33:22 UTC 2026","","Server Unit Tests","Server Unit Tests Error Handling PUT /api/colors/:name returns 500 when database fails",""
"","638","should return 409 for duplicate color creation","bs-safari-ventura","Sun May 10 00:42:31 UTC 2026","passed","Sun May 10 00:42:31 UTC 2026","Backend API Integration > POST /api/colors Schema Validation","","",""
"","2052","deleting the active color switches background to the first remaining","Chrome","Sun May 10 00:37:58 UTC 2026","passed","Sun May 10 00:38:00 UTC 2026","Color Management — Add & Delete","tests/color-management.spec.ts","",""
"","1","Utility Functions rgbToHsl pure blue → h=240, s=1, l=0.5","","Sun May 10 00:32:00 UTC 2026","passed","Sun May 10 00:32:00 UTC 2026","","Utility Functions","Utility Functions rgbToHsl pure blue → h=240, s=1, l=0.5",""
"","5","Server Unit Tests PUT /api/colors/:name returns 400 when no fields are provided (empty body)","","Sun May 10 00:33:22 UTC 2026","passed","Sun May 10 00:33:22 UTC 2026","","Server Unit Tests","Server Unit Tests PUT /api/colors/:name returns 400 when no fields are provided (empty body)",""
"","5","Server Unit Tests 405 Method Not Allowed does not return 405 for allowed POST method on /api/colors","","Sun May 10 00:33:22 UTC 2026","passed","Sun May 10 00:33:22 UTC 2026","","Server Unit Tests","Server Unit Tests 405 Method Not Allowed does not return 405 for allowed POST method on /api/colors",""
"","1852","changing color to Red should reflect in UI and DOM","bs-safari-ventura","Sun May 10 00:43:39 UTC 2026","passed","Sun May 10 00:43:41 UTC 2026","Data-Driven Testing","","",""
"","2214","changing color to Turquoise should reflect in UI and DOM","bs-iphone-15","Sun May 10 00:45:49 UTC 2026","passed","Sun May 10 00:45:52 UTC 2026","Data-Driven Testing","","",""
"","1912","should create color via API and verify through UI","bs-chrome-win11","Sun May 10 00:41:10 UTC 2026","passed","Sun May 10 00:41:12 UTC 2026","Hybrid E2E Testing","","",""
"","401","homepage should match snapshot","percy","Sun May 10 00:48:48 UTC 2026","skipped","Sun May 10 00:48:48 UTC 2026","Visual Regression – desktop-xl (1920×1080)","","",""
"","619","chip-x click opens confirm dialog with color name","Chrome","Sun May 10 00:37:56 UTC 2026","passed","Sun May 10 00:37:57 UTC 2026","Color Management — Add & Delete","tests/color-management.spec.ts","",""
"","39","Frontend Unit Tests App Component handleColorClick shows error alert on fetch failure","","Sun May 10 00:32:00 UTC 2026","passed","Sun May 10 00:32:00 UTC 2026","","Frontend Unit Tests","Frontend Unit Tests App Component handleColorClick shows error alert on fetch failure",""
"","8","Server Integration Tests (Testcontainers) GET /api/colors/:name should return 400 for invalid name format","","Sun May 10 00:33:18 UTC 2026","passed","Sun May 10 00:33:18 UTC 2026","","Server Integration Tests (Testcontainers)","Server Integration Tests (Testcontainers) GET /api/colors/:name should return 400 for invalid name format",""
"","42","Frontend Unit Tests App Component add color 501 also triggers server error message (>= 500)","","Sun May 10 00:32:00 UTC 2026","passed","Sun May 10 00:32:00 UTC 2026","","Frontend Unit Tests","Frontend Unit Tests App Component add color 501 also triggers server error message (>= 500)",""
"","71","should reject updating with empty name","bs-chrome-win11","Sun May 10 00:40:52 UTC 2026","passed","Sun May 10 00:40:52 UTC 2026","Backend API Integration > PUT /api/colors/:name Schema Validation","","",""
"","602","verify language switcher changes document language","bs-pixel-7","Sun May 10 00:44:18 UTC 2026","passed","Sun May 10 00:44:19 UTC 2026","","","",""
"","1059","handle initial fetch error","bs-firefox-win11","Sun May 10 00:41:47 UTC 2026","passed","Sun May 10 00:41:48 UTC 2026","Edge cases and error handling","","",""
"","1479","successfully adds a new color and shows its chip","bs-pixel-7","Sun May 10 00:44:10 UTC 2026","passed","Sun May 10 00:44:12 UTC 2026","Color Management — Add & Delete","","",""
"","83","POST with HTML tag in name is rejected (400)","bs-chrome-win11","Sun May 10 00:41:15 UTC 2026","passed","Sun May 10 00:41:15 UTC 2026","Security > XSS Prevention","","",""
"","83","NoSQL operator in GET path param is rejected (400 or 404)","bs-firefox-win11","Sun May 10 00:42:01 UTC 2026","passed","Sun May 10 00:42:01 UTC 2026","Security > Injection Prevention","","",""
"","74","POST with script tag in name is rejected (400)","bs-pixel-7","Sun May 10 00:44:29 UTC 2026","passed","Sun May 10 00:44:29 UTC 2026","Security > XSS Prevention","","",""
"","1040","shows client-side validation error for invalid name chars","bs-chrome-win11","Sun May 10 00:40:57 UTC 2026","passed","Sun May 10 00:40:58 UTC 2026","Color Management — Add & Delete","","",""
"","78","error responses return JSON, not HTML (no info leakage)","bs-pixel-7","Sun May 10 00:44:32 UTC 2026","passed","Sun May 10 00:44:32 UTC 2026","Security > Security Headers","","",""
"","743","should create dynamic random color via API and verify through UI","Chrome","Sun May 10 00:38:00 UTC 2026","passed","Sun May 10 00:38:01 UTC 2026","Random Data Testing with faker.js","tests/random-data.spec.ts","",""
"","6","Server Unit Tests 405 Method Not Allowed does not return 405 for allowed PUT method on /api/colors/:name","","Sun May 10 00:33:22 UTC 2026","passed","Sun May 10 00:33:22 UTC 2026","","Server Unit Tests","Server Unit Tests 405 Method Not Allowed does not return 405 for allowed PUT method on /api/colors/:name",""
"","11","Server Unit Tests GET /api/colors does not expose _id or __v fields","","Sun May 10 00:33:22 UTC 2026","passed","Sun May 10 00:33:22 UTC 2026","","Server Unit Tests","Server Unit Tests GET /api/colors does not expose _id or __v fields",""
"","588","should show loading state when API returns empty colors","bs-pixel-7","Sun May 10 00:44:24 UTC 2026","passed","Sun May 10 00:44:24 UTC 2026","UI Error Handling Coverage","","",""
"","19","Frontend Unit Tests App Component colors.length > 0 does NOT show loading text","","Sun May 10 00:32:00 UTC 2026","passed","Sun May 10 00:32:00 UTC 2026","","Frontend Unit Tests","Frontend Unit Tests App Component colors.length > 0 does NOT show loading text",""
"","1075","close (×) button closes the picker","bs-pixel-7","Sun May 10 00:44:09 UTC 2026","passed","Sun May 10 00:44:10 UTC 2026","Color Management — Add & Delete","","",""
"","21","Component Tests ColorPicker mousedown outside circle clamps sat to 1","","Sun May 10 00:32:00 UTC 2026","passed","Sun May 10 00:32:00 UTC 2026","","Utility Functions","Component Tests ColorPicker mousedown outside circle clamps sat to 1",""
"","169","X-Powered-By header is not exposed","bs-iphone-15","Sun May 10 00:46:06 UTC 2026","passed","Sun May 10 00:46:06 UTC 2026","Security > Security Headers","","",""
"","1161","should load the application and verify core functionality across browsers","bs-chrome-win11","Sun May 10 00:41:06 UTC 2026","passed","Sun May 10 00:41:07 UTC 2026","Cross-Browser Core Functionality","","",""
"","360","homepage should match snapshot","percy","Sun May 10 00:48:49 UTC 2026","skipped","Sun May 10 00:48:50 UTC 2026","Visual Regression – tablet (768×1024)","","",""
"","24","GET /api/colors should return colors sorted alphabetically by name","Chrome","Sun May 10 00:37:35 UTC 2026","passed","Sun May 10 00:37:35 UTC 2026","Backend API Integration","","",""
"","36","Frontend Unit Tests App Component add color network error shows network error message","","Sun May 10 00:32:00 UTC 2026","passed","Sun May 10 00:32:00 UTC 2026","","Frontend Unit Tests","Frontend Unit Tests App Component add color network error shows network error message",""
"","7","POST /api-docs returns 405","Chrome","Sun May 10 00:38:03 UTC 2026","passed","Sun May 10 00:38:03 UTC 2026","Security > HTTP Method Restrictions","tests/security.spec.ts","",""
"","4","Server Unit Tests PUT /api/colors/:name returns 400 for invalid hex on update","","Sun May 10 00:33:22 UTC 2026","passed","Sun May 10 00:33:22 UTC 2026","","Server Unit Tests","Server Unit Tests PUT /api/colors/:name returns 400 for invalid hex on update",""
"","1425","changing color to Yellow should reflect in UI and DOM","bs-firefox-win11","Sun May 10 00:41:51 UTC 2026","passed","Sun May 10 00:41:52 UTC 2026","Data-Driven Testing","","",""
"","1775","chip-x click opens confirm dialog with color name","bs-iphone-15","Sun May 10 00:45:26 UTC 2026","passed","Sun May 10 00:45:27 UTC 2026","Color Management — Add & Delete","","",""
"","7562","delete API error shows alert banner","bs-safari-ventura","Sun May 10 00:43:22 UTC 2026","passed","Sun May 10 00:43:29 UTC 2026","Color Management — Add & Delete","","",""
"","23","Frontend Unit Tests App Component link color is light (#cfe8ff) on dark background","","Sun May 10 00:32:00 UTC 2026","passed","Sun May 10 00:32:00 UTC 2026","","Frontend Unit Tests","Frontend Unit Tests App Component link color is light (#cfe8ff) on dark background",""
"","64","Frontend Unit Tests App Component picker onCancel does nothing when saving=true","","Sun May 10 00:32:00 UTC 2026","passed","Sun May 10 00:32:00 UTC 2026","","Frontend Unit Tests","Frontend Unit Tests App Component picker onCancel does nothing when saving=true",""
"","1006","verify Yellow ( #f1c40f ) is applied as the background color","Chrome","Sun May 10 00:37:53 UTC 2026","passed","Sun May 10 00:37:54 UTC 2026","Background color tests","tests/coverage.spec.ts","",""
"","9998","shows client-side validation error for invalid name chars","bs-safari-ventura","Sun May 10 00:42:56 UTC 2026","passed","Sun May 10 00:43:06 UTC 2026","Color Management — Add & Delete","","",""
"","221","should return 404 for non-existent color deletion","bs-safari-ventura","Sun May 10 00:42:34 UTC 2026","passed","Sun May 10 00:42:34 UTC 2026","Backend API Integration > DELETE /api/colors/:name","","",""
"","19","Server Integration Tests (Testcontainers) seedDatabase should clear custom colors when re-seeded","","Sun May 10 00:33:18 UTC 2026","passed","Sun May 10 00:33:18 UTC 2026","","Server Integration Tests (Testcontainers)","Server Integration Tests (Testcontainers) seedDatabase should clear custom colors when re-seeded",""
"","2161","homepage initial state","percy","Sun May 10 00:48:58 UTC 2026","passed","Sun May 10 00:49:00 UTC 2026","Percy Visual Regression – Production > Percy – mobile (375×667)","","",""
"","2538","homepage after color change","percy","Sun May 10 00:48:56 UTC 2026","passed","Sun May 10 00:48:59 UTC 2026","Percy Visual Regression – Production > Percy – tablet (768×1024)","","",""
"","693","Escape key closes the confirm dialog","bs-chrome-win11","Sun May 10 00:40:59 UTC 2026","passed","Sun May 10 00:41:00 UTC 2026","Color Management — Add & Delete","","",""
"","75","malformed JSON body returns 400","bs-iphone-15","Sun May 10 00:46:05 UTC 2026","passed","Sun May 10 00:46:05 UTC 2026","Security > Input Validation","","",""
"","74","PATCH /api/colors returns 405","bs-iphone-15","Sun May 10 00:46:06 UTC 2026","passed","Sun May 10 00:46:06 UTC 2026","Security > HTTP Method Restrictions","","",""
"","9","Server Unit Tests Error Handling POST /api/colors returns 500 when database fails (create)","","Sun May 10 00:33:22 UTC 2026","passed","Sun May 10 00:33:22 UTC 2026","","Server Unit Tests","Server Unit Tests Error Handling POST /api/colors returns 500 when database fails (create)",""
"","2287","should create dynamic random color via API and verify through UI","bs-iphone-15","Sun May 10 00:46:01 UTC 2026","passed","Sun May 10 00:46:03 UTC 2026","Random Data Testing with faker.js","","",""
"","1287","handle initial fetch with empty data","bs-iphone-15","Sun May 10 00:45:47 UTC 2026","passed","Sun May 10 00:45:48 UTC 2026","Edge cases and error handling","","",""
"","163","should return 404 when updating non-existent color","bs-pixel-7","Sun May 10 00:44:07 UTC 2026","passed","Sun May 10 00:44:07 UTC 2026","Backend API Integration > PUT /api/colors/:name Schema Validation","","",""
"","26","Frontend Unit Tests App Component labelFor returns translation for known color (Turquoise)","","Sun May 10 00:32:00 UTC 2026","passed","Sun May 10 00:32:00 UTC 2026","","Frontend Unit Tests","Frontend Unit Tests App Component labelFor returns translation for known color (Turquoise)",""
"","14","Server Integration Tests (Testcontainers) PUT /api/colors/:name should rename a color and make old name return 404","","Sun May 10 00:33:18 UTC 2026","passed","Sun May 10 00:33:18 UTC 2026","","Server Integration Tests (Testcontainers)","Server Integration Tests (Testcontainers) PUT /api/colors/:name should rename a color and make old name return 404",""
"","5130","should load the application and verify core functionality across browsers","WebKit","Sun May 10 00:37:49 UTC 2026","passed","Sun May 10 00:37:54 UTC 2026","Cross-Browser Core Functionality","","",""
"","87","PUT /openapi.json returns 405","bs-safari-ventura","Sun May 10 00:43:56 UTC 2026","passed","Sun May 10 00:43:56 UTC 2026","Security > HTTP Method Restrictions","","",""
"","2059","should display colors that do not exist in the database","bs-safari-ventura","Sun May 10 00:43:45 UTC 2026","passed","Sun May 10 00:43:47 UTC 2026","Network Mocking & Interception","","",""
"","1","Utility Functions readableOn returns #111 for a pale/pastel colour (high luminance)","","Sun May 10 00:32:00 UTC 2026","passed","Sun May 10 00:32:00 UTC 2026","","Utility Functions","Utility Functions readableOn returns #111 for a pale/pastel colour (high luminance)",""
"","1273","changing color to Red should reflect in UI and DOM","bs-firefox-win11","Sun May 10 00:41:50 UTC 2026","passed","Sun May 10 00:41:52 UTC 2026","Data-Driven Testing","","",""
"","1176","shows client-side ""Name is required"" when submitting empty name","bs-pixel-7","Sun May 10 00:44:11 UTC 2026","passed","Sun May 10 00:44:12 UTC 2026","Color Management — Add & Delete","","",""
"","25","Component Tests ColorPicker submit with empty name shows ""Name is required"" error","","Sun May 10 00:32:00 UTC 2026","passed","Sun May 10 00:32:00 UTC 2026","","Utility Functions","Component Tests ColorPicker submit with empty name shows ""Name is required"" error",""
"","671","should update a color with valid schema","bs-iphone-15","Sun May 10 00:44:49 UTC 2026","passed","Sun May 10 00:44:50 UTC 2026","Backend API Integration > PUT /api/colors/:name Schema Validation","","",""
"","1225","should display all core elements and handle button interaction","Chrome","Sun May 10 00:40:08 UTC 2026","passed","Sun May 10 00:40:10 UTC 2026","Responsive Design – iPhone SE (375×667)","","",""
"","47","Frontend Unit Tests App Component handleColorClick encodes color name in URL","","Sun May 10 00:32:00 UTC 2026","passed","Sun May 10 00:32:00 UTC 2026","","Frontend Unit Tests","Frontend Unit Tests App Component handleColorClick encodes color name in URL",""
"","4","Server Unit Tests POST /api/colors rejects names with the + character (+ encodes as space in URLs, causing lookup mismatches)","","Sun May 10 00:33:22 UTC 2026","passed","Sun May 10 00:33:22 UTC 2026","","Server Unit Tests","Server Unit Tests POST /api/colors rejects names with the + character (+ encodes as space in URLs, causing lookup mismatches)",""
"","172","X-Powered-By header is not exposed","bs-chrome-win11","Sun May 10 00:41:18 UTC 2026","passed","Sun May 10 00:41:18 UTC 2026","Security > Security Headers","","",""
"","0","Utility Functions paintWheelPixel wraps negative angle: dy<0 gives angle+360 (hue=270 → violet)","","Sun May 10 00:32:00 UTC 2026","passed","Sun May 10 00:32:00 UTC 2026","","Utility Functions","Utility Functions paintWheelPixel wraps negative angle: dy<0 gives angle+360 (hue=270 → violet)",""
"","13","Component Tests ColorPicker Cancel button is disabled when saving=true","","Sun May 10 00:32:00 UTC 2026","passed","Sun May 10 00:32:00 UTC 2026","","Utility Functions","Component Tests ColorPicker Cancel button is disabled when saving=true",""
"","191","GET /api/colors/Yellow should return the correct hex code","bs-safari-ventura","Sun May 10 00:42:29 UTC 2026","passed","Sun May 10 00:42:29 UTC 2026","Backend API Integration","","",""
"","194","GET /api/colors should return colors sorted alphabetically by name","bs-chrome-win11","Sun May 10 00:40:50 UTC 2026","passed","Sun May 10 00:40:51 UTC 2026","Backend API Integration","","",""
"","844","should handle color click network failure gracefully","bs-chrome-win11","Sun May 10 00:41:09 UTC 2026","passed","Sun May 10 00:41:10 UTC 2026","UI Error Handling Coverage","","",""
"","22","Component Tests ColorPicker valid submit calls onConfirm with trimmed name and current hex","","Sun May 10 00:32:00 UTC 2026","passed","Sun May 10 00:32:00 UTC 2026","","Utility Functions","Component Tests ColorPicker valid submit calls onConfirm with trimmed name and current hex",""
"","2174","should load the application and verify core functionality across browsers","bs-safari-ventura","Sun May 10 00:43:36 UTC 2026","passed","Sun May 10 00:43:39 UTC 2026","Cross-Browser Core Functionality","","",""
"","1297","verify Turquoise ( #1abc9c ) is applied as the background color","bs-chrome-win11","Sun May 10 00:41:03 UTC 2026","passed","Sun May 10 00:41:04 UTC 2026","Background color tests","","",""
"","171","GET /api/colors should return all colors","bs-iphone-15","Sun May 10 00:44:48 UTC 2026","passed","Sun May 10 00:44:48 UTC 2026","Backend API Integration","","",""
"","6","Server Unit Tests POST /api/colors applies the createColorLimiter rate limit headers","","Sun May 10 00:33:22 UTC 2026","passed","Sun May 10 00:33:22 UTC 2026","","Server Unit Tests","Server Unit Tests POST /api/colors applies the createColorLimiter rate limit headers",""
"","","[HIGH] CVE-2026-6322","","","failed","","","Node.js","fast-uri-3.1.0",""
"","89","should reject omitting both name and hex on update","bs-pixel-7","Sun May 10 00:44:06 UTC 2026","passed","Sun May 10 00:44:07 UTC 2026","Backend API Integration > PUT /api/colors/:name Schema Validation","","",""
"","253","GET /api/colors/Turquoise should return the correct hex code","bs-iphone-15","Sun May 10 00:44:48 UTC 2026","passed","Sun May 10 00:44:48 UTC 2026","Backend API Integration","","",""
"","261","homepage should match snapshot","percy","Sun May 10 00:48:50 UTC 2026","skipped","Sun May 10 00:48:50 UTC 2026","Visual Regression – iphone-landscape (667×375)","","",""
"","601","shows a chip for each color with a swatch, name, and delete button","bs-chrome-win11","Sun May 10 00:40:52 UTC 2026","passed","Sun May 10 00:40:53 UTC 2026","Color Management — Add & Delete","","",""
"","1216","delete API error shows alert banner","Chrome","Sun May 10 00:37:59 UTC 2026","passed","Sun May 10 00:38:00 UTC 2026","Color Management — Add & Delete","tests/color-management.spec.ts","",""
"","14","Component Tests ColorPicker Add color button shows ""Saving…"" when saving=true","","Sun May 10 00:32:00 UTC 2026","passed","Sun May 10 00:32:00 UTC 2026","","Utility Functions","Component Tests ColorPicker Add color button shows ""Saving…"" when saving=true",""
"","591","should delete an existing color","bs-firefox-win11","Sun May 10 00:41:31 UTC 2026","passed","Sun May 10 00:41:31 UTC 2026","Backend API Integration > DELETE /api/colors/:name","","",""
"","78","unknown extra fields in POST body are rejected (400)","bs-pixel-7","Sun May 10 00:44:31 UTC 2026","passed","Sun May 10 00:44:31 UTC 2026","Security > Input Validation","","",""
"","97","should reject updating with empty name","bs-safari-ventura","Sun May 10 00:42:33 UTC 2026","passed","Sun May 10 00:42:33 UTC 2026","Backend API Integration > PUT /api/colors/:name Schema Validation","","",""
"","184","GET /api/colors/:name should return 404 for non-existent color","bs-firefox-win11","Sun May 10 00:41:30 UTC 2026","passed","Sun May 10 00:41:30 UTC 2026","Backend API Integration","","",""
"","2","Server Unit Tests Surviving Mutants & Edge Cases Mongoose Schema Strictness kills empty schema mutant by checking schema paths","","Sun May 10 00:33:22 UTC 2026","passed","Sun May 10 00:33:22 UTC 2026","","Server Unit Tests","Server Unit Tests Surviving Mutants & Edge Cases Mongoose Schema Strictness kills empty schema mutant by checking schema paths",""
"","74","PUT /openapi.json returns 405","bs-firefox-win11","Sun May 10 00:42:02 UTC 2026","passed","Sun May 10 00:42:02 UTC 2026","Security > HTTP Method Restrictions","","",""
"","8","Server Unit Tests POST /api/colors accepts single alphanumeric characters as names","","Sun May 10 00:33:22 UTC 2026","passed","Sun May 10 00:33:22 UTC 2026","","Server Unit Tests","Server Unit Tests POST /api/colors accepts single alphanumeric characters as names",""
"","51","should create a new color with valid schema","Chrome","Sun May 10 00:37:35 UTC 2026","passed","Sun May 10 00:37:35 UTC 2026","Backend API Integration > POST /api/colors Schema Validation","","",""
"","8","Server Unit Tests Middleware JSON error middleware passes non-syntax errors to next()","","Sun May 10 00:33:22 UTC 2026","passed","Sun May 10 00:33:22 UTC 2026","","Server Unit Tests","Server Unit Tests Middleware JSON error middleware passes non-syntax errors to next()",""
"","15","should reject missing hex","Chrome","Sun May 10 00:37:36 UTC 2026","passed","Sun May 10 00:37:36 UTC 2026","Backend API Integration > POST /api/colors Schema Validation","","",""
"","80","error responses return JSON, not HTML (no info leakage)","bs-chrome-win11","Sun May 10 00:41:18 UTC 2026","passed","Sun May 10 00:41:18 UTC 2026","Security > Security Headers","","",""
"","7","Server Integration Tests (Testcontainers) PUT /api/colors/:name should return 404 when updating a non-existent color","","Sun May 10 00:33:18 UTC 2026","passed","Sun May 10 00:33:18 UTC 2026","","Server Integration Tests (Testcontainers)","Server Integration Tests (Testcontainers) PUT /api/colors/:name should return 404 when updating a non-existent color",""
"","1","Utility Functions hslToRgb hue=360 wraps to hue=0 → [255,0,0]","","Sun May 10 00:32:00 UTC 2026","passed","Sun May 10 00:32:00 UTC 2026","","Utility Functions","Utility Functions hslToRgb hue=360 wraps to hue=0 → [255,0,0]",""
"","1151","delete API error shows alert banner","bs-chrome-win11","Sun May 10 00:41:01 UTC 2026","passed","Sun May 10 00:41:02 UTC 2026","Color Management — Add & Delete","","",""
"","787","Example #2","BDD","Sun May 10 00:37:42 UTC 2026","passed","Sun May 10 00:37:43 UTC 2026","Home Page Background Color > Change background color","","",""
"","75","POST with javascript: URI in name is rejected (400)","bs-chrome-win11","Sun May 10 00:41:15 UTC 2026","passed","Sun May 10 00:41:15 UTC 2026","Security > XSS Prevention","","",""
"","1","Utility Functions hexToRgb is case-insensitive","","Sun May 10 00:32:00 UTC 2026","passed","Sun May 10 00:32:00 UTC 2026","","Utility Functions","Utility Functions hexToRgb is case-insensitive",""
"","2814","homepage initial state","percy","Sun May 10 00:48:51 UTC 2026","passed","Sun May 10 00:48:53 UTC 2026","Percy Visual Regression – Production > Percy – desktop (1280×720)","","",""
"","1504","should gracefully handle a color not found in the database","bs-iphone-15","Sun May 10 00:45:58 UTC 2026","passed","Sun May 10 00:45:59 UTC 2026","Network Mocking & Interception","","",""
"","9","NoSQL operator in GET path param is rejected (400 or 404)","Chrome","Sun May 10 00:38:03 UTC 2026","passed","Sun May 10 00:38:03 UTC 2026","Security > Injection Prevention","tests/security.spec.ts","",""
"","2411","chip-x click opens confirm dialog with color name","bs-safari-ventura","Sun May 10 00:43:10 UTC 2026","passed","Sun May 10 00:43:13 UTC 2026","Color Management — Add & Delete","","",""
"","9","Server Unit Tests DELETE /api/colors/:name deletes an existing color and returns success message","","Sun May 10 00:33:22 UTC 2026","passed","Sun May 10 00:33:22 UTC 2026","","Server Unit Tests","Server Unit Tests DELETE /api/colors/:name deletes an existing color and returns success message",""
"","0","Utility Functions hslToRgb lightness clamped: l=-0.5 gives black","","Sun May 10 00:32:00 UTC 2026","passed","Sun May 10 00:32:00 UTC 2026","","Utility Functions","Utility Functions hslToRgb lightness clamped: l=-0.5 gives black",""
"","0","Utility Functions rgbToHsl b max (#0040ff) → h in (180,300)","","Sun May 10 00:32:00 UTC 2026","passed","Sun May 10 00:32:00 UTC 2026","","Utility Functions","Utility Functions rgbToHsl b max (#0040ff) → h in (180,300)",""
"","5","Component Tests ConfirmDialog dialog has correct ARIA attributes","","Sun May 10 00:32:00 UTC 2026","passed","Sun May 10 00:32:00 UTC 2026","","Component Tests","Component Tests ConfirmDialog dialog has correct ARIA attributes",""
"","156","oversized payload is rejected (413)","bs-safari-ventura","Sun May 10 00:43:55 UTC 2026","passed","Sun May 10 00:43:55 UTC 2026","Security > Input Validation","","",""
"","5","Server Unit Tests PUT /api/colors/:name does not change name when updating only hex","","Sun May 10 00:33:22 UTC 2026","passed","Sun May 10 00:33:22 UTC 2026","","Server Unit Tests","Server Unit Tests PUT /api/colors/:name does not change name when updating only hex",""
"","0","Utility Functions rgbToHex converts pure blue","","Sun May 10 00:32:00 UTC 2026","passed","Sun May 10 00:32:00 UTC 2026","","Utility Functions","Utility Functions rgbToHex converts pure blue",""
"","82","array body on POST returns 400","bs-firefox-win11","Sun May 10 00:42:02 UTC 2026","passed","Sun May 10 00:42:02 UTC 2026","Security > Input Validation","","",""
"","5","Server Unit Tests 405 Method Not Allowed does not return 405 for allowed DELETE method on /api/colors/:name","","Sun May 10 00:33:22 UTC 2026","passed","Sun May 10 00:33:22 UTC 2026","","Server Unit Tests","Server Unit Tests 405 Method Not Allowed does not return 405 for allowed DELETE method on /api/colors/:name",""
"","1234","shows 409 duplicate error from server inside the picker","bs-chrome-win11","Sun May 10 00:40:57 UTC 2026","passed","Sun May 10 00:40:58 UTC 2026","Color Management — Add & Delete","","",""
"","87","PATCH /api/colors returns 405","bs-pixel-7","Sun May 10 00:44:32 UTC 2026","passed","Sun May 10 00:44:32 UTC 2026","Security > HTTP Method Restrictions","","",""
"","1400","clicking the backdrop closes the picker","bs-firefox-win11","Sun May 10 00:41:35 UTC 2026","passed","Sun May 10 00:41:36 UTC 2026","Color Management — Add & Delete","","",""
"","8032","shows client-side ""Name is required"" when submitting empty name","bs-iphone-15","Sun May 10 00:45:09 UTC 2026","passed","Sun May 10 00:45:17 UTC 2026","Color Management — Add & Delete","","",""
"","1290","verify Yellow ( #f1c40f ) is applied as the background color","bs-pixel-7","Sun May 10 00:44:18 UTC 2026","passed","Sun May 10 00:44:20 UTC 2026","Background color tests","","",""
"","963","should handle missing image gracefully by showing alt text","bs-safari-ventura","Sun May 10 00:43:44 UTC 2026","passed","Sun May 10 00:43:45 UTC 2026","Network Mocking & Interception","","",""
"","1214","Example #3","BDD","Sun May 10 00:37:42 UTC 2026","passed","Sun May 10 00:37:44 UTC 2026","Home Page Background Color > Change background color","","",""
"","8","Frontend Unit Tests App Component shows error alert when initial fetch returns non-2xx","","Sun May 10 00:32:00 UTC 2026","passed","Sun May 10 00:32:00 UTC 2026","","Frontend Unit Tests","Frontend Unit Tests App Component shows error alert when initial fetch returns non-2xx",""
"","7","Server Integration Tests (Testcontainers) PUT /api/colors/:name should return 400 when update body is empty","","Sun May 10 00:33:18 UTC 2026","passed","Sun May 10 00:33:18 UTC 2026","","Server Integration Tests (Testcontainers)","Server Integration Tests (Testcontainers) PUT /api/colors/:name should return 400 when update body is empty",""
"","599","should handle fetch colors network failure gracefully","Chrome","Sun May 10 00:37:57 UTC 2026","passed","Sun May 10 00:37:58 UTC 2026","UI Error Handling Coverage","tests/error-handling.spec.ts","",""
"","84","error responses return JSON, not HTML (no info leakage)","bs-firefox-win11","Sun May 10 00:42:02 UTC 2026","passed","Sun May 10 00:42:02 UTC 2026","Security > Security Headers","","",""
"","1119","clicking a chip makes it active","bs-chrome-win11","Sun May 10 00:40:53 UTC 2026","passed","Sun May 10 00:40:54 UTC 2026","Color Management — Add & Delete","","",""
"","7847","shows client-side validation error for invalid name chars","bs-iphone-15","Sun May 10 00:45:12 UTC 2026","passed","Sun May 10 00:45:19 UTC 2026","Color Management — Add & Delete","","",""
"","84","SQL injection characters in name are rejected (400)","bs-chrome-win11","Sun May 10 00:41:17 UTC 2026","passed","Sun May 10 00:41:17 UTC 2026","Security > Injection Prevention","","",""
"","83","unknown extra fields in POST body are rejected (400)","bs-chrome-win11","Sun May 10 00:41:17 UTC 2026","passed","Sun May 10 00:41:17 UTC 2026","Security > Input Validation","","",""
"","1553","should load the application and verify core functionality across browsers","bs-firefox-win11","Sun May 10 00:41:49 UTC 2026","passed","Sun May 10 00:41:50 UTC 2026","Cross-Browser Core Functionality","","",""
"","14","Server Integration Tests (Testcontainers) GET /api/colors should not expose _id or __v fields","","Sun May 10 00:33:18 UTC 2026","passed","Sun May 10 00:33:18 UTC 2026","","Server Integration Tests (Testcontainers)","Server Integration Tests (Testcontainers) GET /api/colors should not expose _id or __v fields",""
"","25","Component Tests ColorPicker mousedown at bottom-center (hue=90) sets hex to #80ff00","","Sun May 10 00:32:00 UTC 2026","passed","Sun May 10 00:32:00 UTC 2026","","Utility Functions","Component Tests ColorPicker mousedown at bottom-center (hue=90) sets hex to #80ff00",""
"","85","DELETE /api/colors (collection) returns 405","bs-firefox-win11","Sun May 10 00:42:02 UTC 2026","passed","Sun May 10 00:42:02 UTC 2026","Security > HTTP Method Restrictions","","",""
"","2170","clicking ""+ Add color"" opens the picker modal","bs-iphone-15","Sun May 10 00:44:51 UTC 2026","passed","Sun May 10 00:44:54 UTC 2026","Color Management — Add & Delete","","",""
"","1053","should handle color click network failure gracefully","bs-firefox-win11","Sun May 10 00:41:52 UTC 2026","passed","Sun May 10 00:41:53 UTC 2026","UI Error Handling Coverage","","",""
"","0","Utility Functions hslToRgb hue=150 (spring green) → [0,255,128]","","Sun May 10 00:32:00 UTC 2026","passed","Sun May 10 00:32:00 UTC 2026","","Utility Functions","Utility Functions hslToRgb hue=150 (spring green) → [0,255,128]",""
"","2039","color names rendered in the UI do not trigger script execution","bs-safari-ventura","Sun May 10 00:43:52 UTC 2026","passed","Sun May 10 00:43:54 UTC 2026","Security > XSS Prevention","","",""
"","84","unknown extra fields in POST body are rejected (400)","bs-firefox-win11","Sun May 10 00:42:01 UTC 2026","passed","Sun May 10 00:42:01 UTC 2026","Security > Input Validation","","",""
"","780","should display all core elements and handle button interaction","percy","Sun May 10 00:48:50 UTC 2026","skipped","Sun May 10 00:48:51 UTC 2026","Responsive Design – iPhone SE (375×667)","","",""
"","50","Frontend Unit Tests App Component delete network error shows error alert","","Sun May 10 00:32:00 UTC 2026","passed","Sun May 10 00:32:00 UTC 2026","","Frontend Unit Tests","Frontend Unit Tests App Component delete network error shows error alert",""
"","171","GET /api/colors should return all colors","bs-firefox-win11","Sun May 10 00:41:29 UTC 2026","passed","Sun May 10 00:41:30 UTC 2026","Backend API Integration","","",""
"","1167","successful delete removes the chip","bs-pixel-7","Sun May 10 00:44:15 UTC 2026","passed","Sun May 10 00:44:16 UTC 2026","Color Management — Add & Delete","","",""
"","0","Utility Functions hslToRgb high lightness l=0.75 → [255,128,128]","","Sun May 10 00:32:00 UTC 2026","passed","Sun May 10 00:32:00 UTC 2026","","Utility Functions","Utility Functions hslToRgb high lightness l=0.75 → [255,128,128]",""
"","8","Component Tests ColorPicker wheel cursor is at (110,110) at center (sat=0)","","Sun May 10 00:32:00 UTC 2026","passed","Sun May 10 00:32:00 UTC 2026","","Utility Functions","Component Tests ColorPicker wheel cursor is at (110,110) at center (sat=0)",""
"","1050","shows client-side ""Name is required"" when submitting empty name","bs-chrome-win11","Sun May 10 00:40:56 UTC 2026","passed","Sun May 10 00:40:57 UTC 2026","Color Management — Add & Delete","","",""
"","88","should reject missing name","bs-safari-ventura","Sun May 10 00:42:31 UTC 2026","passed","Sun May 10 00:42:31 UTC 2026","Backend API Integration > POST /api/colors Schema Validation","","",""
"","4","Server Unit Tests PUT /api/colors/:name returns 400 for invalid name in path (regex check)","","Sun May 10 00:33:22 UTC 2026","passed","Sun May 10 00:33:22 UTC 2026","","Server Unit Tests","Server Unit Tests PUT /api/colors/:name returns 400 for invalid name in path (regex check)",""
"","53","GET /api/colors/Turquoise should return the correct hex code","Chrome","Sun May 10 00:37:35 UTC 2026","passed","Sun May 10 00:37:35 UTC 2026","Backend API Integration","","",""
"","1144","homepage should match snapshot","Chrome","Sun May 10 00:40:06 UTC 2026","passed","Sun May 10 00:40:07 UTC 2026","Visual Regression – iphone-se (375×667)","","",""
"","47","Frontend Unit Tests App Component renders title, logo, and calls initial fetch","","Sun May 10 00:32:00 UTC 2026","passed","Sun May 10 00:32:00 UTC 2026","","Frontend Unit Tests","Frontend Unit Tests App Component renders title, logo, and calls initial fetch",""
"","1173","handle initial fetch error","bs-iphone-15","Sun May 10 00:45:46 UTC 2026","passed","Sun May 10 00:45:47 UTC 2026","Edge cases and error handling","","",""
"","77","DELETE /api/colors (collection) returns 405","bs-iphone-15","Sun May 10 00:46:06 UTC 2026","passed","Sun May 10 00:46:06 UTC 2026","Security > HTTP Method Restrictions","","",""
"","66","Frontend Unit Tests App Component handles empty array from initial fetch gracefully","","Sun May 10 00:32:00 UTC 2026","passed","Sun May 10 00:32:00 UTC 2026","","Frontend Unit Tests","Frontend Unit Tests App Component handles empty array from initial fetch gracefully",""
"","27","Frontend Unit Tests App Component clicking Add color button opens picker modal","","Sun May 10 00:32:00 UTC 2026","passed","Sun May 10 00:32:00 UTC 2026","","Frontend Unit Tests","Frontend Unit Tests App Component clicking Add color button opens picker modal",""
"","2246","homepage initial state","percy","Sun May 10 00:48:54 UTC 2026","passed","Sun May 10 00:48:56 UTC 2026","Percy Visual Regression – Production > Percy – desktop-xl (1920×1080)","","",""
"","70","error responses return JSON, not HTML (no info leakage)","bs-iphone-15","Sun May 10 00:46:06 UTC 2026","passed","Sun May 10 00:46:06 UTC 2026","Security > Security Headers","","",""
"","624","should delete an existing color","bs-safari-ventura","Sun May 10 00:42:33 UTC 2026","passed","Sun May 10 00:42:34 UTC 2026","Backend API Integration > DELETE /api/colors/:name","","",""
"","0","Utility Functions readableOn returns #111 for mid-grey (L≈0.35, black gives better contrast)","","Sun May 10 00:32:00 UTC 2026","passed","Sun May 10 00:32:00 UTC 2026","","Utility Functions","Utility Functions readableOn returns #111 for mid-grey (L≈0.35, black gives better contrast)",""
"","569","should handle missing image gracefully by showing alt text","bs-chrome-win11","Sun May 10 00:41:10 UTC 2026","passed","Sun May 10 00:41:11 UTC 2026","Network Mocking & Interception","","",""
"","0","Utility Functions rgbToHsl g max with b>r (#00ff80) → h near 150","","Sun May 10 00:32:00 UTC 2026","passed","Sun May 10 00:32:00 UTC 2026","","Utility Functions","Utility Functions rgbToHsl g max with b>r (#00ff80) → h near 150",""
"","53","GET /api/colors/Red should return the correct hex code","Chrome","Sun May 10 00:37:35 UTC 2026","passed","Sun May 10 00:37:35 UTC 2026","Backend API Integration","","",""
"","0","Utility Functions rgbToHex value 15 pads to 0f","","Sun May 10 00:32:00 UTC 2026","passed","Sun May 10 00:32:00 UTC 2026","","Utility Functions","Utility Functions rgbToHex value 15 pads to 0f",""
"","78","POST with javascript: URI in name is rejected (400)","bs-pixel-7","Sun May 10 00:44:29 UTC 2026","passed","Sun May 10 00:44:29 UTC 2026","Security > XSS Prevention","","",""
"","1007","shows client-side ""Name is required"" when submitting empty name","Chrome","Sun May 10 00:37:54 UTC 2026","passed","Sun May 10 00:37:55 UTC 2026","Color Management — Add & Delete","tests/color-management.spec.ts","",""
"","722","should update a color with valid schema","bs-safari-ventura","Sun May 10 00:42:32 UTC 2026","passed","Sun May 10 00:42:32 UTC 2026","Backend API Integration > PUT /api/colors/:name Schema Validation","","",""
"","4","Component Tests ColorPicker serverError banner is absent when serverError is null","","Sun May 10 00:32:00 UTC 2026","passed","Sun May 10 00:32:00 UTC 2026","","Utility Functions","Component Tests ColorPicker serverError banner is absent when serverError is null",""
"","5","Server Unit Tests Error Handling GET /api/colors returns 500 when database fails","","Sun May 10 00:33:22 UTC 2026","passed","Sun May 10 00:33:22 UTC 2026","","Server Unit Tests","Server Unit Tests Error Handling GET /api/colors returns 500 when database fails",""
"","1","homepage after color change","Chrome","Sun May 10 00:40:10 UTC 2026","skipped","Sun May 10 00:40:10 UTC 2026","Percy Visual Regression – Production > Percy – desktop (1280×720)","","",""
"","1135","changing color to Red should reflect in UI and DOM","bs-chrome-win11","Sun May 10 00:41:07 UTC 2026","passed","Sun May 10 00:41:09 UTC 2026","Data-Driven Testing","","",""
"","6","Server Unit Tests DELETE /api/colors/:name returns 404 for a non-existent color","","Sun May 10 00:33:22 UTC 2026","passed","Sun May 10 00:33:22 UTC 2026","","Server Unit Tests","Server Unit Tests DELETE /api/colors/:name returns 404 for a non-existent color",""
"","1","Utility Functions hslToRgb hue=240 (blue) → [0,0,255]","","Sun May 10 00:32:00 UTC 2026","passed","Sun May 10 00:32:00 UTC 2026","","Utility Functions","Utility Functions hslToRgb hue=240 (blue) → [0,0,255]",""
"","1453","homepage should match snapshot","Chrome","Sun May 10 00:40:05 UTC 2026","passed","Sun May 10 00:40:06 UTC 2026","Visual Regression – desktop-xl (1920×1080)","","",""
"","979","should display colors that do not exist in the database","bs-pixel-7","Sun May 10 00:44:25 UTC 2026","passed","Sun May 10 00:44:26 UTC 2026","Network Mocking & Interception","","",""
"","18","Component Tests ConfirmDialog confirmLabel prop is reflected in the button text","","Sun May 10 00:32:00 UTC 2026","passed","Sun May 10 00:32:00 UTC 2026","","Component Tests","Component Tests ConfirmDialog confirmLabel prop is reflected in the button text",""
"","5","Frontend Unit Tests App Component colors.length === 0 shows loading text","","Sun May 10 00:32:00 UTC 2026","passed","Sun May 10 00:32:00 UTC 2026","","Frontend Unit Tests","Frontend Unit Tests App Component colors.length === 0 shows loading text",""
"","10","Server Integration Tests (Testcontainers) POST /api/colors should accept a single alphanumeric character as a name","","Sun May 10 00:33:18 UTC 2026","passed","Sun May 10 00:33:18 UTC 2026","","Server Integration Tests (Testcontainers)","Server Integration Tests (Testcontainers) POST /api/colors should accept a single alphanumeric character as a name",""
"","85","unknown extra fields in POST body are rejected (400)","bs-safari-ventura","Sun May 10 00:43:55 UTC 2026","passed","Sun May 10 00:43:55 UTC 2026","Security > Input Validation","","",""
"","0","Utility Functions paintWheelPixel sets alpha to 0 when dist > r (outside circle)","","Sun May 10 00:32:00 UTC 2026","passed","Sun May 10 00:32:00 UTC 2026","","Utility Functions","Utility Functions paintWheelPixel sets alpha to 0 when dist > r (outside circle)",""
"","1762","should handle color click network failure gracefully","bs-iphone-15","Sun May 10 00:45:54 UTC 2026","passed","Sun May 10 00:45:55 UTC 2026","UI Error Handling Coverage","","",""
"","23","GET /api/colors/:name should return 404 for non-existent color","Chrome","Sun May 10 00:37:35 UTC 2026","passed","Sun May 10 00:37:35 UTC 2026","Backend API Integration","","",""
"","812","chip-x click opens confirm dialog with color name","bs-pixel-7","Sun May 10 00:44:13 UTC 2026","passed","Sun May 10 00:44:14 UTC 2026","Color Management — Add & Delete","","",""
"","5","Frontend Unit Tests App Component initial default background before fetch resolves","","Sun May 10 00:32:00 UTC 2026","passed","Sun May 10 00:32:00 UTC 2026","","Frontend Unit Tests","Frontend Unit Tests App Component initial default background before fetch resolves",""
"","54","Frontend Unit Tests App Component delete sends DELETE request with correct method","","Sun May 10 00:32:00 UTC 2026","passed","Sun May 10 00:32:00 UTC 2026","","Frontend Unit Tests","Frontend Unit Tests App Component delete sends DELETE request with correct method",""
"","891","chip-x click opens confirm dialog with color name","bs-chrome-win11","Sun May 10 00:40:58 UTC 2026","passed","Sun May 10 00:40:59 UTC 2026","Color Management — Add & Delete","","",""
"","1878","successfully adds a new color and shows its chip","bs-firefox-win11","Sun May 10 00:41:35 UTC 2026","passed","Sun May 10 00:41:37 UTC 2026","Color Management — Add & Delete","","",""
"","12","Server Integration Tests (Testcontainers) PUT /api/colors/:name should update the hex of an existing color and persist it in the real database","","Sun May 10 00:33:18 UTC 2026","passed","Sun May 10 00:33:18 UTC 2026","","Server Integration Tests (Testcontainers)","Server Integration Tests (Testcontainers) PUT /api/colors/:name should update the hex of an existing color and persist it in the real database",""
"","5","Server Unit Tests PUT /api/colors/:name returns 404 for a non-existent color","","Sun May 10 00:33:22 UTC 2026","passed","Sun May 10 00:33:22 UTC 2026","","Server Unit Tests","Server Unit Tests PUT /api/colors/:name returns 404 for a non-existent color",""
"","2758","should maintain accessibility after state change (color update)","bs-pixel-7","Sun May 10 00:44:00 UTC 2026","passed","Sun May 10 00:44:02 UTC 2026","Accessibility Tests","","",""
"","1590","verify Red ( #e74c3c ) is applied as the background color","bs-iphone-15","Sun May 10 00:45:59 UTC 2026","passed","Sun May 10 00:46:01 UTC 2026","POM Refactored: Background color tests","","",""
"","0","Utility Functions readableOn returns #111 for an invalid/empty hex string (null rgb fallback)","","Sun May 10 00:32:00 UTC 2026","passed","Sun May 10 00:32:00 UTC 2026","","Utility Functions","Utility Functions readableOn returns #111 for an invalid/empty hex string (null rgb fallback)",""
"","8","Server Unit Tests Surviving Mutants & Edge Cases Regex & Validation STRICT_NAME_REGEX is strict on forbidden special characters in the middle","","Sun May 10 00:33:22 UTC 2026","passed","Sun May 10 00:33:22 UTC 2026","","Server Unit Tests","Server Unit Tests Surviving Mutants & Edge Cases Regex & Validation STRICT_NAME_REGEX is strict on forbidden special characters in the middle",""
"","32","Frontend Unit Tests App Component add color 409 conflict shows picker error (data.error message)","","Sun May 10 00:32:00 UTC 2026","passed","Sun May 10 00:32:00 UTC 2026","","Frontend Unit Tests","Frontend Unit Tests App Component add color 409 conflict shows picker error (data.error message)",""
"","698","handle initial fetch with empty data","Chrome","Sun May 10 00:37:54 UTC 2026","passed","Sun May 10 00:37:55 UTC 2026","Edge cases and error handling","tests/coverage.spec.ts","",""
"","2202","should maintain accessibility in en language and verify resilient locators","bs-pixel-7","Sun May 10 00:44:00 UTC 2026","passed","Sun May 10 00:44:02 UTC 2026","i18n Accessibility Tests","","",""
"","13","Server Integration Tests (Testcontainers) Concurrent writes should handle parallel GETs without errors","","Sun May 10 00:33:18 UTC 2026","passed","Sun May 10 00:33:18 UTC 2026","","Server Integration Tests (Testcontainers)","Server Integration Tests (Testcontainers) Concurrent writes should handle parallel GETs without errors",""
"","","[HIGH] CVE-2026-6321","","","failed","","","Node.js","fast-uri-3.1.0",""
"","99","NoSQL operator in GET path param is rejected (400 or 404)","bs-chrome-win11","Sun May 10 00:41:17 UTC 2026","passed","Sun May 10 00:41:17 UTC 2026","Security > Injection Prevention","","",""
"","599","should show loading state when API returns empty colors","bs-chrome-win11","Sun May 10 00:41:10 UTC 2026","passed","Sun May 10 00:41:10 UTC 2026","UI Error Handling Coverage","","",""
"","5","Server Unit Tests POST /api/colors returns 400 when name is missing","","Sun May 10 00:33:22 UTC 2026","passed","Sun May 10 00:33:22 UTC 2026","","Server Unit Tests","Server Unit Tests POST /api/colors returns 400 when name is missing",""
"","65","should reject missing hex","bs-firefox-win11","Sun May 10 00:41:30 UTC 2026","passed","Sun May 10 00:41:30 UTC 2026","Backend API Integration > POST /api/colors Schema Validation","","",""
"","1948","clicking a chip makes it active","bs-safari-ventura","Sun May 10 00:42:36 UTC 2026","passed","Sun May 10 00:42:37 UTC 2026","Color Management — Add & Delete","","",""
"","80","SQL injection characters in name are rejected (400)","bs-iphone-15","Sun May 10 00:46:05 UTC 2026","passed","Sun May 10 00:46:05 UTC 2026","Security > Injection Prevention","","",""
"","619","should gracefully handle a color not found in the database","Chrome","Sun May 10 00:38:00 UTC 2026","passed","Sun May 10 00:38:01 UTC 2026","Network Mocking & Interception","tests/network-mocking.spec.ts","",""
"","3842","should maintain accessibility after state change (color update)","bs-firefox-win11","Sun May 10 00:41:22 UTC 2026","passed","Sun May 10 00:41:26 UTC 2026","Accessibility Tests","","",""
"","4","Component Tests ConfirmDialog Enter key does NOT call onConfirm when busy","","Sun May 10 00:32:00 UTC 2026","passed","Sun May 10 00:32:00 UTC 2026","","Component Tests","Component Tests ConfirmDialog Enter key does NOT call onConfirm when busy",""
"","47","Server Integration Tests (Testcontainers) GET /api/colors should retrieve all seeded colors","","Sun May 10 00:33:18 UTC 2026","passed","Sun May 10 00:33:18 UTC 2026","","Server Integration Tests (Testcontainers)","Server Integration Tests (Testcontainers) GET /api/colors should retrieve all seeded colors",""
"","1","Frontend Unit Tests i18n Configuration should have defined resources for en, es, el","","Sun May 10 00:32:02 UTC 2026","passed","Sun May 10 00:32:02 UTC 2026","","Frontend Unit Tests","Frontend Unit Tests i18n Configuration should have defined resources for en, es, el",""
"","1323","delete API error shows alert banner","bs-firefox-win11","Sun May 10 00:41:43 UTC 2026","passed","Sun May 10 00:41:44 UTC 2026","Color Management — Add & Delete","","",""
"","802","changing color to Red should reflect in UI and DOM","Chrome","Sun May 10 00:37:56 UTC 2026","passed","Sun May 10 00:37:57 UTC 2026","Data-Driven Testing","tests/data-driven.spec.ts","",""
"","97","PATCH /api/colors/:name returns 405","bs-firefox-win11","Sun May 10 00:42:02 UTC 2026","passed","Sun May 10 00:42:02 UTC 2026","Security > HTTP Method Restrictions","","",""
"","8947","shows server-error message on 500 inside the picker","bs-iphone-15","Sun May 10 00:45:20 UTC 2026","passed","Sun May 10 00:45:28 UTC 2026","Color Management — Add & Delete","","",""
"","1471","successful delete removes the chip","bs-firefox-win11","Sun May 10 00:41:41 UTC 2026","passed","Sun May 10 00:41:43 UTC 2026","Color Management — Add & Delete","","",""
"","4","Server Unit Tests Error Handling DELETE /api/colors/:name returns 500 when database fails","","Sun May 10 00:33:22 UTC 2026","passed","Sun May 10 00:33:22 UTC 2026","","Server Unit Tests","Server Unit Tests Error Handling DELETE /api/colors/:name returns 500 when database fails",""
"","8","Server Unit Tests 405 Method Not Allowed returns 405 for POST, PUT, DELETE on /api-docs","","Sun May 10 00:33:22 UTC 2026","passed","Sun May 10 00:33:22 UTC 2026","","Server Unit Tests","Server Unit Tests 405 Method Not Allowed returns 405 for POST, PUT, DELETE on /api-docs",""
"","1210","verify Red ( #e74c3c ) is applied as the background color","bs-pixel-7","Sun May 10 00:44:27 UTC 2026","passed","Sun May 10 00:44:28 UTC 2026","POM Refactored: Background color tests","","",""
"","1348","deleting the active color switches background to the first remaining","bs-pixel-7","Sun May 10 00:44:15 UTC 2026","passed","Sun May 10 00:44:16 UTC 2026","Color Management — Add & Delete","","",""
"","722","Escape key closes the confirm dialog","bs-pixel-7","Sun May 10 00:44:14 UTC 2026","passed","Sun May 10 00:44:15 UTC 2026","Color Management — Add & Delete","","",""
"","1074","Example #1","BDD","Sun May 10 00:37:41 UTC 2026","passed","Sun May 10 00:37:42 UTC 2026","Home Page Background Color > Change background color","","",""
"","964","clicking the backdrop closes the picker","bs-pixel-7","Sun May 10 00:44:10 UTC 2026","passed","Sun May 10 00:44:11 UTC 2026","Color Management — Add & Delete","","",""
"","806","verify Red ( #e74c3c ) is applied as the background color","Chrome","Sun May 10 00:37:51 UTC 2026","passed","Sun May 10 00:37:52 UTC 2026","Background color tests","tests/coverage.spec.ts","",""
"","4","Component Tests ConfirmDialog title is rendered in the element with id confirm-title","","Sun May 10 00:32:00 UTC 2026","passed","Sun May 10 00:32:00 UTC 2026","","Component Tests","Component Tests ConfirmDialog title is rendered in the element with id confirm-title",""
"","99","should reject missing hex","bs-safari-ventura","Sun May 10 00:42:31 UTC 2026","passed","Sun May 10 00:42:32 UTC 2026","Backend API Integration > POST /api/colors Schema Validation","","",""
"","9773","successfully adds a new color and shows its chip","bs-iphone-15","Sun May 10 00:45:02 UTC 2026","passed","Sun May 10 00:45:12 UTC 2026","Color Management — Add & Delete","","",""
"","9957","clicking the backdrop closes the picker","bs-safari-ventura","Sun May 10 00:42:45 UTC 2026","passed","Sun May 10 00:42:55 UTC 2026","Color Management — Add & Delete","","",""
"","10","Component Tests ColorPicker non-Enter key on name input does not trigger submit","","Sun May 10 00:32:00 UTC 2026","passed","Sun May 10 00:32:00 UTC 2026","","Utility Functions","Component Tests ColorPicker non-Enter key on name input does not trigger submit",""
"","86","DELETE /api/colors (collection) returns 405","bs-safari-ventura","Sun May 10 00:43:56 UTC 2026","passed","Sun May 10 00:43:56 UTC 2026","Security > HTTP Method Restrictions","","",""
"","4","Server Unit Tests Surviving Mutants & Edge Cases Mongoose Schema & Persistence kills empty schema mutant by verifying field persistence","","Sun May 10 00:33:22 UTC 2026","passed","Sun May 10 00:33:22 UTC 2026","","Server Unit Tests","Server Unit Tests Surviving Mutants & Edge Cases Mongoose Schema & Persistence kills empty schema mutant by verifying field persistence",""
"","1167","Cancel button closes the picker","bs-chrome-win11","Sun May 10 00:40:54 UTC 2026","passed","Sun May 10 00:40:55 UTC 2026","Color Management — Add & Delete","","",""
"","1","Utility Functions paintWheelPixel paints red at right edge (dx=r, dy=0, hue=0)","","Sun May 10 00:32:00 UTC 2026","passed","Sun May 10 00:32:00 UTC 2026","","Utility Functions","Utility Functions paintWheelPixel paints red at right edge (dx=r, dy=0, hue=0)",""
"","31","Component Tests ColorPicker hex input updates hue/sat via rgbToHsl (green → hue≈120)","","Sun May 10 00:32:00 UTC 2026","passed","Sun May 10 00:32:00 UTC 2026","","Utility Functions","Component Tests ColorPicker hex input updates hue/sat via rgbToHsl (green → hue≈120)",""
"","25","GET /api/colors","","","passed","","","schemathesis","",""
"","549","should delete an existing color","bs-iphone-15","Sun May 10 00:44:50 UTC 2026","passed","Sun May 10 00:44:50 UTC 2026","Backend API Integration > DELETE /api/colors/:name","","",""
"","4","Server Unit Tests Error Handling GET /api/colors/:name returns 500 when database fails","","Sun May 10 00:33:22 UTC 2026","passed","Sun May 10 00:33:22 UTC 2026","","Server Unit Tests","Server Unit Tests Error Handling GET /api/colors/:name returns 500 when database fails",""
"","1237","verify Red ( #e74c3c ) is applied as the background color","bs-firefox-win11","Sun May 10 00:41:45 UTC 2026","passed","Sun May 10 00:41:46 UTC 2026","Background color tests","","",""
"","2266","should maintain accessibility in el language and verify resilient locators","bs-chrome-win11","Sun May 10 00:40:48 UTC 2026","passed","Sun May 10 00:40:50 UTC 2026","i18n Accessibility Tests","","",""
"","249","GET /api/colors/Red should return the correct hex code","bs-pixel-7","Sun May 10 00:44:05 UTC 2026","passed","Sun May 10 00:44:05 UTC 2026","Backend API Integration","","",""
"","84","POST /api-docs returns 405","bs-firefox-win11","Sun May 10 00:42:02 UTC 2026","passed","Sun May 10 00:42:02 UTC 2026","Security > HTTP Method Restrictions","","",""
"","432","homepage should match snapshot","percy","Sun May 10 00:48:48 UTC 2026","skipped","Sun May 10 00:48:48 UTC 2026","Visual Regression – desktop (1280×720)","","",""
"","10176","close (×) button closes the picker","bs-safari-ventura","Sun May 10 00:42:39 UTC 2026","passed","Sun May 10 00:42:49 UTC 2026","Color Management — Add & Delete","","",""
"","2154","verify Yellow ( #f1c40f ) is applied as the background color","bs-iphone-15","Sun May 10 00:45:44 UTC 2026","passed","Sun May 10 00:45:47 UTC 2026","Background color tests","","",""
"","1296","verify Yellow ( #f1c40f ) is applied as the background color","bs-chrome-win11","Sun May 10 00:41:04 UTC 2026","passed","Sun May 10 00:41:05 UTC 2026","Background color tests","","",""
"","32","Server Integration Tests (Testcontainers) End-to-end CRUD workflow should create, read, update, and delete a color in sequence","","Sun May 10 00:33:18 UTC 2026","passed","Sun May 10 00:33:18 UTC 2026","","Server Integration Tests (Testcontainers)","Server Integration Tests (Testcontainers) End-to-end CRUD workflow should create, read, update, and delete a color in sequence",""
"","826","handle color selection fetch error","bs-chrome-win11","Sun May 10 00:41:05 UTC 2026","passed","Sun May 10 00:41:06 UTC 2026","Edge cases and error handling","","",""
"","12","Server Unit Tests Surviving Mutants & Edge Cases Strict Path & Method Validation kills mutants that change route paths to empty string","","Sun May 10 00:33:22 UTC 2026","passed","Sun May 10 00:33:22 UTC 2026","","Server Unit Tests","Server Unit Tests Surviving Mutants & Edge Cases Strict Path & Method Validation kills mutants that change route paths to empty string",""
"","6","Server Unit Tests Middleware returns 413 for payload too large","","Sun May 10 00:33:22 UTC 2026","passed","Sun May 10 00:33:22 UTC 2026","","Server Unit Tests","Server Unit Tests Middleware returns 413 for payload too large",""
"","5","Server Unit Tests POST /api/colors returns 400 for completely empty body","","Sun May 10 00:33:22 UTC 2026","passed","Sun May 10 00:33:22 UTC 2026","","Server Unit Tests","Server Unit Tests POST /api/colors returns 400 for completely empty body",""
"","1089","close (×) button closes the picker","bs-chrome-win11","Sun May 10 00:40:54 UTC 2026","passed","Sun May 10 00:40:55 UTC 2026","Color Management — Add & Delete","","",""
"","1552","verify Yellow ( #f1c40f ) is applied as the background color","bs-firefox-win11","Sun May 10 00:41:57 UTC 2026","passed","Sun May 10 00:41:59 UTC 2026","POM Refactored: Background color tests","","",""
"","243","GET /api/colors/Turquoise should return the correct hex code","bs-pixel-7","Sun May 10 00:44:05 UTC 2026","passed","Sun May 10 00:44:05 UTC 2026","Backend API Integration","","",""
"","86","should reject invalid hex format","bs-pixel-7","Sun May 10 00:44:06 UTC 2026","passed","Sun May 10 00:44:06 UTC 2026","Backend API Integration > POST /api/colors Schema Validation","","",""
"","86","SQL injection characters in name are rejected (400)","bs-safari-ventura","Sun May 10 00:43:54 UTC 2026","passed","Sun May 10 00:43:55 UTC 2026","Security > Injection Prevention","","",""
"","17","Component Tests ColorPicker typing a valid hex without # prefix is accepted","","Sun May 10 00:32:00 UTC 2026","passed","Sun May 10 00:32:00 UTC 2026","","Utility Functions","Component Tests ColorPicker typing a valid hex without # prefix is accepted",""
"","1014","cancel in confirm dialog closes it without deleting","bs-pixel-7","Sun May 10 00:44:14 UTC 2026","passed","Sun May 10 00:44:15 UTC 2026","Color Management — Add & Delete","","",""
"","92","PATCH /api/colors/:name returns 405","bs-safari-ventura","Sun May 10 00:43:56 UTC 2026","passed","Sun May 10 00:43:56 UTC 2026","Security > HTTP Method Restrictions","","",""
"","1574","shows 409 duplicate error from server inside the picker","Chrome","Sun May 10 00:37:55 UTC 2026","passed","Sun May 10 00:37:56 UTC 2026","Color Management — Add & Delete","tests/color-management.spec.ts","",""
"","0","Utility Functions rgbToHsl dark red (#800000): l<0.5, s=1 (l<=0.5 saturation branch)","","Sun May 10 00:32:00 UTC 2026","passed","Sun May 10 00:32:00 UTC 2026","","Utility Functions","Utility Functions rgbToHsl dark red (#800000): l<0.5, s=1 (l<=0.5 saturation branch)",""
"","4","Frontend Unit Tests App Component current color span tracks hex value","","Sun May 10 00:32:00 UTC 2026","passed","Sun May 10 00:32:00 UTC 2026","","Frontend Unit Tests","Frontend Unit Tests App Component current color span tracks hex value",""
"","0","Utility Functions rgbToHex pads single-digit hex values with leading zero","","Sun May 10 00:32:00 UTC 2026","passed","Sun May 10 00:32:00 UTC 2026","","Utility Functions","Utility Functions rgbToHex pads single-digit hex values with leading zero",""
"","1580","successfully adds a new color and shows its chip","bs-chrome-win11","Sun May 10 00:40:55 UTC 2026","passed","Sun May 10 00:40:57 UTC 2026","Color Management — Add & Delete","","",""
"","22","Component Tests ColorPicker touch start on canvas sets hex to #ff0000 at right edge","","Sun May 10 00:32:00 UTC 2026","passed","Sun May 10 00:32:00 UTC 2026","","Utility Functions","Component Tests ColorPicker touch start on canvas sets hex to #ff0000 at right edge",""
"","1046","first color chip is active on load (aria-pressed=true)","bs-iphone-15","Sun May 10 00:44:50 UTC 2026","passed","Sun May 10 00:44:51 UTC 2026","Color Management — Add & Delete","","",""
"","845","clicking the backdrop closes the picker","Chrome","Sun May 10 00:37:53 UTC 2026","passed","Sun May 10 00:37:54 UTC 2026","Color Management — Add & Delete","tests/color-management.spec.ts","",""
"","2417","should maintain accessibility in en language and verify resilient locators","bs-firefox-win11","Sun May 10 00:41:24 UTC 2026","passed","Sun May 10 00:41:26 UTC 2026","i18n Accessibility Tests","","",""
"","9220","shows client-side ""Name is required"" when submitting empty name","bs-safari-ventura","Sun May 10 00:42:55 UTC 2026","passed","Sun May 10 00:43:04 UTC 2026","Color Management — Add & Delete","","",""
"","677","Background stays unchanged when fetching a specific color fails","BDD","Sun May 10 00:37:41 UTC 2026","passed","Sun May 10 00:37:42 UTC 2026","API Error Handling","","",""
"","1148","verify Red ( #e74c3c ) is applied as the background color","bs-pixel-7","Sun May 10 00:44:17 UTC 2026","passed","Sun May 10 00:44:18 UTC 2026","Background color tests","","",""
"","92","NoSQL $where operator in name is rejected (400)","bs-iphone-15","Sun May 10 00:46:05 UTC 2026","passed","Sun May 10 00:46:05 UTC 2026","Security > Injection Prevention","","",""
"","26","Component Tests ColorPicker mousedown at right-center (hue=0) sets hex to #ff0000","","Sun May 10 00:32:00 UTC 2026","passed","Sun May 10 00:32:00 UTC 2026","","Utility Functions","Component Tests ColorPicker mousedown at right-center (hue=0) sets hex to #ff0000",""
"","88","should reject omitting both name and hex on update","bs-chrome-win11","Sun May 10 00:40:52 UTC 2026","passed","Sun May 10 00:40:52 UTC 2026","Backend API Integration > PUT /api/colors/:name Schema Validation","","",""
"","848","should handle missing image gracefully by showing alt text","bs-firefox-win11","Sun May 10 00:41:53 UTC 2026","passed","Sun May 10 00:41:54 UTC 2026","Network Mocking & Interception","","",""
"","602","verify language switcher changes document language","Chrome","Sun May 10 00:37:54 UTC 2026","passed","Sun May 10 00:37:54 UTC 2026","","tests/coverage.spec.ts","",""
"","56","should return 409 for duplicate color creation","Chrome","Sun May 10 00:37:35 UTC 2026","passed","Sun May 10 00:37:35 UTC 2026","Backend API Integration > POST /api/colors Schema Validation","","",""
"","33","Frontend Unit Tests App Component active chip has is-active CSS class","","Sun May 10 00:32:00 UTC 2026","passed","Sun May 10 00:32:00 UTC 2026","","Frontend Unit Tests","Frontend Unit Tests App Component active chip has is-active CSS class",""
"","239","GET /api/colors should return all colors","bs-pixel-7","Sun May 10 00:44:05 UTC 2026","passed","Sun May 10 00:44:05 UTC 2026","Backend API Integration","","",""
"","7","Server Unit Tests 405 Method Not Allowed returns 405 for POST, PUT, DELETE on /openapi.json","","Sun May 10 00:33:22 UTC 2026","passed","Sun May 10 00:33:22 UTC 2026","","Server Unit Tests","Server Unit Tests 405 Method Not Allowed returns 405 for POST, PUT, DELETE on /openapi.json",""
"","3","Server Unit Tests Surviving Mutants & Edge Cases Swagger Metadata & OpenAPI has exact API info","","Sun May 10 00:33:22 UTC 2026","passed","Sun May 10 00:33:22 UTC 2026","","Server Unit Tests","Server Unit Tests Surviving Mutants & Edge Cases Swagger Metadata & OpenAPI has exact API info",""
"","7028","successfully adds a new color and shows its chip","bs-safari-ventura","Sun May 10 00:42:49 UTC 2026","passed","Sun May 10 00:42:56 UTC 2026","Color Management — Add & Delete","","",""
"","1395","shows 409 duplicate error from server inside the picker","bs-firefox-win11","Sun May 10 00:41:38 UTC 2026","passed","Sun May 10 00:41:39 UTC 2026","Color Management — Add & Delete","","",""
"","180","GET /api/colors/Yellow should return the correct hex code","bs-iphone-15","Sun May 10 00:44:48 UTC 2026","passed","Sun May 10 00:44:48 UTC 2026","Backend API Integration","","",""
"","183","GET /api/colors/Red should return the correct hex code","bs-safari-ventura","Sun May 10 00:42:29 UTC 2026","passed","Sun May 10 00:42:29 UTC 2026","Backend API Integration","","",""
"","167","should return 404 for non-existent color deletion","bs-iphone-15","Sun May 10 00:44:50 UTC 2026","passed","Sun May 10 00:44:50 UTC 2026","Backend API Integration > DELETE /api/colors/:name","","",""
"","0","homepage after color change","Chrome","Sun May 10 00:40:10 UTC 2026","skipped","Sun May 10 00:40:10 UTC 2026","Percy Visual Regression – Production > Percy – tablet (768×1024)","","",""
"","3","Server Unit Tests Error Handling seedDatabase logs error when database fails","","Sun May 10 00:33:22 UTC 2026","passed","Sun May 10 00:33:22 UTC 2026","","Server Unit Tests","Server Unit Tests Error Handling seedDatabase logs error when database fails",""
"","83","DELETE /api/colors (collection) returns 405","bs-pixel-7","Sun May 10 00:44:32 UTC 2026","passed","Sun May 10 00:44:32 UTC 2026","Security > HTTP Method Restrictions","","",""
"","6","Server Unit Tests GET /api/colors/:name returns Yellow color correctly","","Sun May 10 00:33:22 UTC 2026","passed","Sun May 10 00:33:22 UTC 2026","","Server Unit Tests","Server Unit Tests GET /api/colors/:name returns Yellow color correctly",""
"","6","Component Tests ConfirmDialog backdrop click does NOT call onCancel when busy","","Sun May 10 00:32:00 UTC 2026","passed","Sun May 10 00:32:00 UTC 2026","","Component Tests","Component Tests ConfirmDialog backdrop click does NOT call onCancel when busy",""
"","0","Frontend Unit Tests i18n Configuration interpolation should not escape value","","Sun May 10 00:32:02 UTC 2026","passed","Sun May 10 00:32:02 UTC 2026","","Frontend Unit Tests","Frontend Unit Tests i18n Configuration interpolation should not escape value",""
"","5","Server Unit Tests OpenAPI endpoints serves Swagger UI as HTML","","Sun May 10 00:33:22 UTC 2026","passed","Sun May 10 00:33:22 UTC 2026","","Server Unit Tests","Server Unit Tests OpenAPI endpoints serves Swagger UI as HTML",""
"","927","shows a chip for each color with a swatch, name, and delete button","bs-firefox-win11","Sun May 10 00:41:31 UTC 2026","passed","Sun May 10 00:41:32 UTC 2026","Color Management — Add & Delete","","",""
"","678","should delete an existing color","bs-chrome-win11","Sun May 10 00:40:52 UTC 2026","passed","Sun May 10 00:40:53 UTC 2026","Backend API Integration > DELETE /api/colors/:name","","",""
"","30","Frontend Unit Tests App Component clicking chip-x opens confirm dialog with color name and swatch","","Sun May 10 00:32:00 UTC 2026","passed","Sun May 10 00:32:00 UTC 2026","","Frontend Unit Tests","Frontend Unit Tests App Component clicking chip-x opens confirm dialog with color name and swatch",""
"","1528","shows server-error message on 500 inside the picker","bs-firefox-win11","Sun May 10 00:41:38 UTC 2026","passed","Sun May 10 00:41:40 UTC 2026","Color Management — Add & Delete","","",""
"","104","malformed JSON body returns 400","bs-firefox-win11","Sun May 10 00:42:01 UTC 2026","passed","Sun May 10 00:42:01 UTC 2026","Security > Input Validation","","",""
"","0","Utility Functions rgbToHex converts pure green","","Sun May 10 00:32:00 UTC 2026","passed","Sun May 10 00:32:00 UTC 2026","","Utility Functions","Utility Functions rgbToHex converts pure green",""
"","399","should create a new color with valid schema","bs-firefox-win11","Sun May 10 00:41:30 UTC 2026","passed","Sun May 10 00:41:30 UTC 2026","Backend API Integration > POST /api/colors Schema Validation","","",""
"","2293","should maintain accessibility in es language and verify resilient locators","bs-pixel-7","Sun May 10 00:44:02 UTC 2026","passed","Sun May 10 00:44:04 UTC 2026","i18n Accessibility Tests","","",""
"","5511","shows server-error message on 500 inside the picker","bs-safari-ventura","Sun May 10 00:43:06 UTC 2026","passed","Sun May 10 00:43:12 UTC 2026","Color Management — Add & Delete","","",""
"","4","Server Unit Tests POST /api/colors returns 400 for invalid hex format (too short)","","Sun May 10 00:33:22 UTC 2026","passed","Sun May 10 00:33:22 UTC 2026","","Server Unit Tests","Server Unit Tests POST /api/colors returns 400 for invalid hex format (too short)",""
"","793","handle color selection fetch error","bs-pixel-7","Sun May 10 00:44:20 UTC 2026","passed","Sun May 10 00:44:21 UTC 2026","Edge cases and error handling","","",""
"","0","Utility Functions hslToRgb lightness clamped: l=1.5 gives white","","Sun May 10 00:32:00 UTC 2026","passed","Sun May 10 00:32:00 UTC 2026","","Utility Functions","Utility Functions hslToRgb lightness clamped: l=1.5 gives white",""
"","21","should reject invalid hex format on update","Chrome","Sun May 10 00:37:36 UTC 2026","passed","Sun May 10 00:37:36 UTC 2026","Backend API Integration > PUT /api/colors/:name Schema Validation","","",""
"","3015","should not have any automatically detectable accessibility issues","bs-firefox-win11","Sun May 10 00:41:19 UTC 2026","passed","Sun May 10 00:41:22 UTC 2026","Accessibility Tests","","",""
"","40","should update a color with valid schema","Chrome","Sun May 10 00:37:36 UTC 2026","passed","Sun May 10 00:37:36 UTC 2026","Backend API Integration > PUT /api/colors/:name Schema Validation","","",""
"","84","empty body on POST returns 400","bs-chrome-win11","Sun May 10 00:41:17 UTC 2026","passed","Sun May 10 00:41:18 UTC 2026","Security > Input Validation","","",""
"","18","should reject invalid hex format","Chrome","Sun May 10 00:37:36 UTC 2026","passed","Sun May 10 00:37:36 UTC 2026","Backend API Integration > POST /api/colors Schema Validation","","",""
"","1177","should load the application and verify core functionality across browsers","bs-pixel-7","Sun May 10 00:44:21 UTC 2026","passed","Sun May 10 00:44:22 UTC 2026","Cross-Browser Core Functionality","","",""
"","1473","check Turquoise ( #1abc9c) is the default background color.","bs-iphone-15","Sun May 10 00:45:41 UTC 2026","passed","Sun May 10 00:45:42 UTC 2026","","","",""
"","0","Utility Functions hslToRgb saturation=0 gives pure grey [128,128,128]","","Sun May 10 00:32:00 UTC 2026","passed","Sun May 10 00:32:00 UTC 2026","","Utility Functions","Utility Functions hslToRgb saturation=0 gives pure grey [128,128,128]",""
"","0","Utility Functions readableOn returns #111 for light-grey (L≈0.60, above 0.179 threshold)","","Sun May 10 00:32:00 UTC 2026","passed","Sun May 10 00:32:00 UTC 2026","","Utility Functions","Utility Functions readableOn returns #111 for light-grey (L≈0.60, above 0.179 threshold)",""
"","671","should update a color with valid schema","bs-pixel-7","Sun May 10 00:44:06 UTC 2026","passed","Sun May 10 00:44:07 UTC 2026","Backend API Integration > PUT /api/colors/:name Schema Validation","","",""
"","2100","should load the application and verify core functionality across browsers","Firefox","Sun May 10 00:37:47 UTC 2026","passed","Sun May 10 00:37:49 UTC 2026","Cross-Browser Core Functionality","","",""
"","2490","should not have any automatically detectable accessibility issues","Chrome","Sun May 10 00:37:15 UTC 2026","passed","Sun May 10 00:37:18 UTC 2026","Accessibility Tests","tests/a11y.spec.ts","",""
"","11","Server Unit Tests Surviving Mutants & Edge Cases Regex & Validation STRICT_NAME_REGEX kills mutants on optionality and length","","Sun May 10 00:33:22 UTC 2026","passed","Sun May 10 00:33:22 UTC 2026","","Server Unit Tests","Server Unit Tests Surviving Mutants & Edge Cases Regex & Validation STRICT_NAME_REGEX kills mutants on optionality and length",""
"","0","Utility Functions hslToRgb lightness=0 gives black","","Sun May 10 00:32:00 UTC 2026","passed","Sun May 10 00:32:00 UTC 2026","","Utility Functions","Utility Functions hslToRgb lightness=0 gives black",""
"","12","NoSQL $where operator in name is rejected (400)","Chrome","Sun May 10 00:38:03 UTC 2026","passed","Sun May 10 00:38:03 UTC 2026","Security > Injection Prevention","tests/security.spec.ts","",""
"","422","should create a new color with valid schema","bs-iphone-15","Sun May 10 00:44:49 UTC 2026","passed","Sun May 10 00:44:49 UTC 2026","Backend API Integration > POST /api/colors Schema Validation","","",""
"","4","Server Unit Tests POST /api/colors returns 400 for extra unknown fields (strict schema)","","Sun May 10 00:33:22 UTC 2026","passed","Sun May 10 00:33:22 UTC 2026","","Server Unit Tests","Server Unit Tests POST /api/colors returns 400 for extra unknown fields (strict schema)",""
"","1530","successfully adds a new color and shows its chip","Chrome","Sun May 10 00:37:53 UTC 2026","passed","Sun May 10 00:37:55 UTC 2026","Color Management — Add & Delete","tests/color-management.spec.ts","",""
"","92","DELETE /api/colors (collection) returns 405","bs-chrome-win11","Sun May 10 00:41:18 UTC 2026","passed","Sun May 10 00:41:18 UTC 2026","Security > HTTP Method Restrictions","","",""
"","1753","POST /api/colors","","","passed","","","schemathesis","",""
"","0","homepage after color change","Chrome","Sun May 10 00:40:10 UTC 2026","skipped","Sun May 10 00:40:10 UTC 2026","Percy Visual Regression – Production > Percy – mobile (375×667)","","",""
"","11","Component Tests ColorPicker typing blue hex updates internal state (b is max branch)","","Sun May 10 00:32:00 UTC 2026","passed","Sun May 10 00:32:00 UTC 2026","","Utility Functions","Component Tests ColorPicker typing blue hex updates internal state (b is max branch)",""
"","40","Frontend Unit Tests App Component add color 429 rate limit shows specific message","","Sun May 10 00:32:00 UTC 2026","passed","Sun May 10 00:32:00 UTC 2026","","Frontend Unit Tests","Frontend Unit Tests App Component add color 429 rate limit shows specific message",""
"","827","should show loading state when API returns empty colors","bs-firefox-win11","Sun May 10 00:41:53 UTC 2026","passed","Sun May 10 00:41:53 UTC 2026","UI Error Handling Coverage","","",""
"","941","shows a chip for each color with a swatch, name, and delete button","bs-iphone-15","Sun May 10 00:44:50 UTC 2026","passed","Sun May 10 00:44:51 UTC 2026","Color Management — Add & Delete","","",""
"","1163","changing color to Yellow should reflect in UI and DOM","Chrome","Sun May 10 00:37:57 UTC 2026","passed","Sun May 10 00:37:58 UTC 2026","Data-Driven Testing","tests/data-driven.spec.ts","",""
"","0","Utility Functions hslToRgb low lightness l=0.25 → [128,0,0]","","Sun May 10 00:32:00 UTC 2026","passed","Sun May 10 00:32:00 UTC 2026","","Utility Functions","Utility Functions hslToRgb low lightness l=0.25 → [128,0,0]",""
"","76","error responses return JSON, not HTML (no info leakage)","bs-safari-ventura","Sun May 10 00:43:55 UTC 2026","passed","Sun May 10 00:43:55 UTC 2026","Security > Security Headers","","",""
"","166","should return 404 when updating non-existent color","bs-firefox-win11","Sun May 10 00:41:31 UTC 2026","passed","Sun May 10 00:41:31 UTC 2026","Backend API Integration > PUT /api/colors/:name Schema Validation","","",""
"","160","should return 404 for non-existent color deletion","bs-pixel-7","Sun May 10 00:44:07 UTC 2026","passed","Sun May 10 00:44:07 UTC 2026","Backend API Integration > DELETE /api/colors/:name","","",""
"","1054","should display all core elements and handle button interaction","percy","Sun May 10 00:48:50 UTC 2026","skipped","Sun May 10 00:48:51 UTC 2026","Responsive Design – tablet (768×1024)","","",""
"","0","Utility Functions paintWheelPixel writes to the correct index offset in the array","","Sun May 10 00:32:00 UTC 2026","passed","Sun May 10 00:32:00 UTC 2026","","Utility Functions","Utility Functions paintWheelPixel writes to the correct index offset in the array",""
"","1328","clicking a chip makes it active","bs-firefox-win11","Sun May 10 00:41:32 UTC 2026","passed","Sun May 10 00:41:34 UTC 2026","Color Management — Add & Delete","","",""
"","803","clicking ""+ Add color"" opens the picker modal","bs-chrome-win11","Sun May 10 00:40:53 UTC 2026","passed","Sun May 10 00:40:54 UTC 2026","Color Management — Add & Delete","","",""
"","10","Server Unit Tests GET /api/colors returns an empty array when no colors exist","","Sun May 10 00:33:22 UTC 2026","passed","Sun May 10 00:33:22 UTC 2026","","Server Unit Tests","Server Unit Tests GET /api/colors returns an empty array when no colors exist",""
"","9","Frontend Unit Tests App Component shows loading text when colors array is empty","","Sun May 10 00:32:00 UTC 2026","passed","Sun May 10 00:32:00 UTC 2026","","Frontend Unit Tests","Frontend Unit Tests App Component shows loading text when colors array is empty",""
"","4","Server Unit Tests PUT /api/colors/:name returns 400 for extra unknown fields (strict schema)","","Sun May 10 00:33:22 UTC 2026","passed","Sun May 10 00:33:22 UTC 2026","","Server Unit Tests","Server Unit Tests PUT /api/colors/:name returns 400 for extra unknown fields (strict schema)",""
"","85","POST /api-docs returns 405","bs-pixel-7","Sun May 10 00:44:32 UTC 2026","passed","Sun May 10 00:44:32 UTC 2026","Security > HTTP Method Restrictions","","",""
"","78","should reject invalid hex format on update","bs-chrome-win11","Sun May 10 00:40:51 UTC 2026","passed","Sun May 10 00:40:52 UTC 2026","Backend API Integration > PUT /api/colors/:name Schema Validation","","",""
"","83","NoSQL $where operator in name is rejected (400)","bs-firefox-win11","Sun May 10 00:42:01 UTC 2026","passed","Sun May 10 00:42:01 UTC 2026","Security > Injection Prevention","","",""
"","12","Server Integration Tests (Testcontainers) GET /api/colors/:name should return correct data for Turquoise","","Sun May 10 00:33:18 UTC 2026","passed","Sun May 10 00:33:18 UTC 2026","","Server Integration Tests (Testcontainers)","Server Integration Tests (Testcontainers) GET /api/colors/:name should return correct data for Turquoise",""
"","2214","should maintain accessibility in es language and verify resilient locators","Chrome","Sun May 10 00:37:21 UTC 2026","passed","Sun May 10 00:37:23 UTC 2026","i18n Accessibility Tests","tests/a11y.spec.ts","",""
"","8","Server Integration Tests (Testcontainers) PUT /api/colors/:name should return 400 for invalid name in URL path","","Sun May 10 00:33:18 UTC 2026","passed","Sun May 10 00:33:18 UTC 2026","","Server Integration Tests (Testcontainers)","Server Integration Tests (Testcontainers) PUT /api/colors/:name should return 400 for invalid name in URL path",""
"","1189","verify Red ( #e74c3c ) is applied as the background color","bs-chrome-win11","Sun May 10 00:41:03 UTC 2026","passed","Sun May 10 00:41:04 UTC 2026","Background color tests","","",""
"","1510","verify Turquoise ( #1abc9c ) is applied as the background color","bs-firefox-win11","Sun May 10 00:41:44 UTC 2026","passed","Sun May 10 00:41:46 UTC 2026","Background color tests","","",""
"","1","Utility Functions hslToRgb hue=30 (orange) → [255,128,0]","","Sun May 10 00:32:00 UTC 2026","passed","Sun May 10 00:32:00 UTC 2026","","Utility Functions","Utility Functions hslToRgb hue=30 (orange) → [255,128,0]",""
"","55","Frontend Unit Tests App Component confirm button shows ""Deleting…"" label while delete is in-flight","","Sun May 10 00:32:00 UTC 2026","passed","Sun May 10 00:32:00 UTC 2026","","Frontend Unit Tests","Frontend Unit Tests App Component confirm button shows ""Deleting…"" label while delete is in-flight",""
"","3","Server Unit Tests Surviving Mutants & Edge Cases Swagger Metadata & OpenAPI has exact application/json content-type","","Sun May 10 00:33:22 UTC 2026","passed","Sun May 10 00:33:22 UTC 2026","","Server Unit Tests","Server Unit Tests Surviving Mutants & Edge Cases Swagger Metadata & OpenAPI has exact application/json content-type",""
"","1036","close (×) button closes the picker","Chrome","Sun May 10 00:37:52 UTC 2026","passed","Sun May 10 00:37:53 UTC 2026","Color Management — Add & Delete","tests/color-management.spec.ts","",""
"","10","Server Unit Tests PUT /api/colors/:name updates the hex of an existing color","","Sun May 10 00:33:22 UTC 2026","passed","Sun May 10 00:33:22 UTC 2026","","Server Unit Tests","Server Unit Tests PUT /api/colors/:name updates the hex of an existing color",""
"","962","Escape key closes the confirm dialog","bs-firefox-win11","Sun May 10 00:41:40 UTC 2026","passed","Sun May 10 00:41:41 UTC 2026","Color Management — Add & Delete","","",""
"","66","Frontend Unit Tests App Component handles null data from initial fetch gracefully","","Sun May 10 00:32:00 UTC 2026","passed","Sun May 10 00:32:00 UTC 2026","","Frontend Unit Tests","Frontend Unit Tests App Component handles null data from initial fetch gracefully",""
"","8406","shows 409 duplicate error from server inside the picker","bs-iphone-15","Sun May 10 00:45:17 UTC 2026","passed","Sun May 10 00:45:26 UTC 2026","Color Management — Add & Delete","","",""
"","4","Server Unit Tests Surviving Mutants & Edge Cases Logs seedDatabase logs success message","","Sun May 10 00:33:22 UTC 2026","passed","Sun May 10 00:33:22 UTC 2026","","Server Unit Tests","Server Unit Tests Surviving Mutants & Edge Cases Logs seedDatabase logs success message",""
"","7","PATCH /api/colors/:name returns 405","Chrome","Sun May 10 00:38:03 UTC 2026","passed","Sun May 10 00:38:03 UTC 2026","Security > HTTP Method Restrictions","tests/security.spec.ts","",""
"","19","Component Tests ColorPicker touchend stops dragging (touchmove after touchend is ignored)","","Sun May 10 00:32:00 UTC 2026","passed","Sun May 10 00:32:00 UTC 2026","","Utility Functions","Component Tests ColorPicker touchend stops dragging (touchmove after touchend is ignored)",""
"","2475","should maintain accessibility in el language and verify resilient locators","Chrome","Sun May 10 00:37:23 UTC 2026","passed","Sun May 10 00:37:26 UTC 2026","i18n Accessibility Tests","tests/a11y.spec.ts","",""
"","306","GET /api/colors/Turquoise should return the correct hex code","bs-firefox-win11","Sun May 10 00:41:29 UTC 2026","passed","Sun May 10 00:41:29 UTC 2026","Backend API Integration","","",""
"","1496","should display colors that do not exist in the database","bs-iphone-15","Sun May 10 00:45:56 UTC 2026","passed","Sun May 10 00:45:58 UTC 2026","Network Mocking & Interception","","",""
"","1382","close (×) button closes the picker","bs-firefox-win11","Sun May 10 00:41:34 UTC 2026","passed","Sun May 10 00:41:35 UTC 2026","Color Management — Add & Delete","","",""
"","73","should reject updating with empty name","bs-pixel-7","Sun May 10 00:44:06 UTC 2026","passed","Sun May 10 00:44:06 UTC 2026","Backend API Integration > PUT /api/colors/:name Schema Validation","","",""
"","1280","changing color to Turquoise should reflect in UI and DOM","bs-chrome-win11","Sun May 10 00:41:07 UTC 2026","passed","Sun May 10 00:41:08 UTC 2026","Data-Driven Testing","","",""
"","78","unknown extra fields in POST body are rejected (400)","bs-iphone-15","Sun May 10 00:46:05 UTC 2026","passed","Sun May 10 00:46:05 UTC 2026","Security > Input Validation","","",""
"","719","handle color selection fetch error","Chrome","Sun May 10 00:37:55 UTC 2026","passed","Sun May 10 00:37:56 UTC 2026","Edge cases and error handling","tests/coverage.spec.ts","",""
"","2270","homepage after color change","percy","Sun May 10 00:48:59 UTC 2026","passed","Sun May 10 00:49:01 UTC 2026","Percy Visual Regression – Production > Percy – mobile (375×667)","","",""
"","2478","homepage after color change","percy","Sun May 10 00:48:54 UTC 2026","passed","Sun May 10 00:48:56 UTC 2026","Percy Visual Regression – Production > Percy – desktop-xl (1920×1080)","","",""
"","296","Server Unit Tests Surviving Mutants & Edge Cases Port Fallback reflects process.env.PORT in Swagger servers","","Sun May 10 00:33:22 UTC 2026","passed","Sun May 10 00:33:22 UTC 2026","","Server Unit Tests","Server Unit Tests Surviving Mutants & Edge Cases Port Fallback reflects process.env.PORT in Swagger servers",""
"","167","should return 404 for non-existent color deletion","bs-chrome-win11","Sun May 10 00:40:52 UTC 2026","passed","Sun May 10 00:40:52 UTC 2026","Backend API Integration > DELETE /api/colors/:name","","",""
"","415","should create a new color with valid schema","bs-pixel-7","Sun May 10 00:44:05 UTC 2026","passed","Sun May 10 00:44:06 UTC 2026","Backend API Integration > POST /api/colors Schema Validation","","",""
"","2429","verify Turquoise ( #1abc9c ) is applied as the background color","bs-safari-ventura","Sun May 10 00:43:47 UTC 2026","passed","Sun May 10 00:43:49 UTC 2026","POM Refactored: Background color tests","","",""
"","11","Component Tests ColorPicker wheel cursor moves to (220,110) after right-edge click (hue=0, sat=1)","","Sun May 10 00:32:00 UTC 2026","passed","Sun May 10 00:32:00 UTC 2026","","Utility Functions","Component Tests ColorPicker wheel cursor moves to (220,110) after right-edge click (hue=0, sat=1)",""
"","188","GET /api/colors/Yellow should return the correct hex code","bs-pixel-7","Sun May 10 00:44:05 UTC 2026","passed","Sun May 10 00:44:05 UTC 2026","Backend API Integration","","",""
"","981","should display all core elements and handle button interaction","Chrome","Sun May 10 00:40:09 UTC 2026","passed","Sun May 10 00:40:10 UTC 2026","Responsive Design – iPhone landscape (667×375)","","",""
"","7","DELETE /api/colors (collection) returns 405","Chrome","Sun May 10 00:38:03 UTC 2026","passed","Sun May 10 00:38:03 UTC 2026","Security > HTTP Method Restrictions","tests/security.spec.ts","",""
"","76","NoSQL injection object in name is rejected (400)","bs-pixel-7","Sun May 10 00:44:30 UTC 2026","passed","Sun May 10 00:44:30 UTC 2026","Security > Injection Prevention","","",""
"","326","GET /api/colors/Turquoise should return the correct hex code","bs-chrome-win11","Sun May 10 00:40:49 UTC 2026","passed","Sun May 10 00:40:50 UTC 2026","Backend API Integration","","",""
"","6","Server Unit Tests Middleware includes CORS headers","","Sun May 10 00:33:22 UTC 2026","passed","Sun May 10 00:33:22 UTC 2026","","Server Unit Tests","Server Unit Tests Middleware includes CORS headers",""
"","37","Component Tests ConfirmDialog confirm button calls onConfirm","","Sun May 10 00:32:00 UTC 2026","passed","Sun May 10 00:32:00 UTC 2026","","Component Tests","Component Tests ConfirmDialog confirm button calls onConfirm",""
"","23","Component Tests ColorPicker lightness slider max value (100) gives white","","Sun May 10 00:32:00 UTC 2026","passed","Sun May 10 00:32:00 UTC 2026","","Utility Functions","Component Tests ColorPicker lightness slider max value (100) gives white",""
"","1189","verify Turquoise ( #1abc9c ) is applied as the background color","bs-pixel-7","Sun May 10 00:44:26 UTC 2026","passed","Sun May 10 00:44:27 UTC 2026","POM Refactored: Background color tests","","",""
"","69","should reject missing hex","bs-pixel-7","Sun May 10 00:44:06 UTC 2026","passed","Sun May 10 00:44:06 UTC 2026","Backend API Integration > POST /api/colors Schema Validation","","",""
"","45","Frontend Unit Tests App Component learn react link has correct text","","Sun May 10 00:32:00 UTC 2026","passed","Sun May 10 00:32:00 UTC 2026","","Frontend Unit Tests","Frontend Unit Tests App Component learn react link has correct text",""
"","723","handle initial fetch error","bs-chrome-win11","Sun May 10 00:41:05 UTC 2026","passed","Sun May 10 00:41:05 UTC 2026","Edge cases and error handling","","",""
"","1185","shows server-error message on 500 inside the picker","bs-pixel-7","Sun May 10 00:44:13 UTC 2026","passed","Sun May 10 00:44:14 UTC 2026","Color Management — Add & Delete","","",""
"","625","Show loading state when the API returns an empty colors list","BDD","Sun May 10 00:37:39 UTC 2026","passed","Sun May 10 00:37:40 UTC 2026","API Error Handling","","",""
"","65","should reject missing name","bs-pixel-7","Sun May 10 00:44:06 UTC 2026","passed","Sun May 10 00:44:06 UTC 2026","Backend API Integration > POST /api/colors Schema Validation","","",""
"","10","Server Integration Tests (Testcontainers) POST /api/colors should accept a color name containing spaces","","Sun May 10 00:33:18 UTC 2026","passed","Sun May 10 00:33:18 UTC 2026","","Server Integration Tests (Testcontainers)","Server Integration Tests (Testcontainers) POST /api/colors should accept a color name containing spaces",""
"","10","Component Tests ColorPicker clicking inside the card does NOT call onCancel","","Sun May 10 00:32:00 UTC 2026","passed","Sun May 10 00:32:00 UTC 2026","","Utility Functions","Component Tests ColorPicker clicking inside the card does NOT call onCancel",""
"","176","X-Powered-By header is not exposed","bs-safari-ventura","Sun May 10 00:43:55 UTC 2026","passed","Sun May 10 00:43:55 UTC 2026","Security > Security Headers","","",""
