"DESCRIPTION","DURATION IN MS","NAME","PARENT SUITE","START TIME","STATUS","STOP TIME","SUB SUITE","SUITE","TEST CLASS","TEST METHOD"
"","1","Utility Functions readableOn returns #fff for black (very dark, L≈0)","","2026-09-20","passed","2026-09-20","","Utility Functions","Utility Functions readableOn returns #fff for black (very dark, L≈0)",""
"","278","GET /api/colors should return colors sorted alphabetically by name","bs-pixel-7","2026-09-20","passed","2026-09-20","Backend API Integration","","",""
"","197","POST with script tag in name is rejected (400)","bs-firefox-win11","2026-09-20","passed","2026-09-20","Security > XSS Prevention","","",""
"","4","Server Unit Tests 405 Method Not Allowed returns 405 for PATCH on /api/colors","","2026-09-20","passed","2026-09-20","","Server Unit Tests","Server Unit Tests 405 Method Not Allowed returns 405 for PATCH on /api/colors",""
"","292","GET /api/colors/Red should return the correct hex code","bs-pixel-7","2026-09-20","passed","2026-09-20","Backend API Integration","","",""
"","2077","should maintain accessibility in el language and verify resilient locators","bs-firefox-win11","2026-09-20","passed","2026-09-20","i18n Accessibility Tests","","",""
"","1608","changing color to Yellow should reflect in UI and DOM","bs-firefox-win11","2026-09-20","passed","2026-09-20","Data-Driven Testing","","",""
"","185","POST with javascript: URI in name is rejected (400)","bs-iphone-15","2026-09-20","passed","2026-09-20","Security > XSS Prevention","","",""
"","0","Frontend Unit Tests i18n Configuration should be initialized with correct settings","","2026-09-20","passed","2026-09-20","","Frontend Unit Tests","Frontend Unit Tests i18n Configuration should be initialized with correct settings",""
"","337","should return 404 when updating non-existent color","bs-chrome-win11","2026-09-20","passed","2026-09-20","Backend API Integration > PUT /api/colors/:name Schema Validation","","",""
"","4","Server Unit Tests POST /api/reseed returns 405 for PUT on /api/reseed","","2026-09-20","passed","2026-09-20","","Server Unit Tests","Server Unit Tests POST /api/reseed returns 405 for PUT on /api/reseed",""
"","182","should reject invalid hex format on update","bs-chrome-win11","2026-09-20","passed","2026-09-20","Backend API Integration > PUT /api/colors/:name Schema Validation","","",""
"","171","should reject omitting both name and hex on update","bs-firefox-win11","2026-09-20","passed","2026-09-20","Backend API Integration > PUT /api/colors/:name Schema Validation","","",""
"","77","POST with HTML tag in name is rejected (400)","Chrome","2026-09-20","passed","2026-09-20","Security > XSS Prevention","tests/security.spec.ts","",""
"","713","handle initial fetch error","Chrome","2026-09-20","passed","2026-09-20","Edge cases and error handling","tests/coverage.spec.ts","",""
"","225","malformed JSON body returns 400","bs-chrome-win11","2026-09-20","passed","2026-09-20","Security > Input Validation","","",""
"","176","PUT /openapi.json returns 405","bs-firefox-win11","2026-09-20","passed","2026-09-20","Security > HTTP Method Restrictions","","",""
"","2852","should maintain accessibility in el language and verify resilient locators","bs-iphone-15","2026-09-20","passed","2026-09-20","i18n Accessibility Tests","","",""
"","611","check Turquoise ( #1abc9c) is the default background color.","bs-chrome-win11","2026-09-20","passed","2026-09-20","","","",""
"","529","handle initial fetch error","bs-pixel-7","2026-09-20","passed","2026-09-20","Edge cases and error handling","","",""
"","163","should reject updating with empty name","bs-pixel-7","2026-09-20","passed","2026-09-20","Backend API Integration > PUT /api/colors/:name Schema Validation","","",""
"","12","Server Unit Tests PUT /api/colors/:name updates the hex of an existing color","","2026-09-20","passed","2026-09-20","","Server Unit Tests","Server Unit Tests PUT /api/colors/:name updates the hex of an existing color",""
"","175","malformed JSON body returns 400","bs-safari-ventura","2026-09-20","passed","2026-09-20","Security > Input Validation","","",""
"","192","NoSQL operator in GET path param is rejected (400 or 404)","bs-safari-ventura","2026-09-20","passed","2026-09-20","Security > Injection Prevention","","",""
"","680","clicking the backdrop closes the picker","bs-pixel-7","2026-09-20","passed","2026-09-20","Color Management — Add & Delete","","",""
"","5","Server Unit Tests Surviving Mutants & Edge Cases Swagger Metadata & OpenAPI has exact application/json content-type","","2026-09-20","passed","2026-09-20","","Server Unit Tests","Server Unit Tests Surviving Mutants & Edge Cases Swagger Metadata & OpenAPI has exact application/json content-type",""
"","3","Utility Functions hslToRgb hue=0 (red) → [255,0,0]","","2026-09-20","passed","2026-09-20","","Utility Functions","Utility Functions hslToRgb hue=0 (red) → [255,0,0]",""
"","16","Component Tests ColorPicker Escape listener is removed after unmount","","2026-09-20","passed","2026-09-20","","Utility Functions","Component Tests ColorPicker Escape listener is removed after unmount",""
"","0","Utility Functions hslToRgb hue=330 (rose) → [255,0,128]","","2026-09-20","passed","2026-09-20","","Utility Functions","Utility Functions hslToRgb hue=330 (rose) → [255,0,128]",""
"","0","Utility Functions paintWheelPixel writes to the correct index offset in the array","","2026-09-20","passed","2026-09-20","","Utility Functions","Utility Functions paintWheelPixel writes to the correct index offset in the array",""
"","2655","should not have any automatically detectable accessibility issues","Chrome","2026-09-20","passed","2026-09-20","Accessibility Tests","tests/a11y.spec.ts","",""
"","23","Server Integration Tests (Testcontainers) End-to-end CRUD workflow should create, read, update, and delete a color in sequence","","2026-09-20","passed","2026-09-20","","Server Integration Tests (Testcontainers)","Server Integration Tests (Testcontainers) End-to-end CRUD workflow should create, read, update, and delete a color in sequence",""
"","663","Escape key closes the confirm dialog","Chrome","2026-09-20","passed","2026-09-20","Color Management — Add & Delete","tests/color-management.spec.ts","",""
"","1218","handle color selection fetch error","bs-safari-ventura","2026-09-20","passed","2026-09-20","Edge cases and error handling","","",""
"","817","Example #3","BDD","2026-09-20","passed","2026-09-20","Language Switching > Switch language and verify translated UI labels","","",""
"","5","Server Unit Tests PUT /api/colors/:name returns 404 for a non-existent color","","2026-09-20","passed","2026-09-20","","Server Unit Tests","Server Unit Tests PUT /api/colors/:name returns 404 for a non-existent color",""
"","31","Server Unit Tests Surviving Mutants & Edge Cases Strict Path & Method Validation kills allowedMethods mutants by exhaustive testing","","2026-09-20","passed","2026-09-20","","Server Unit Tests","Server Unit Tests Surviving Mutants & Edge Cases Strict Path & Method Validation kills allowedMethods mutants by exhaustive testing",""
"","445","should handle missing image gracefully by showing alt text","bs-chrome-win11","2026-09-20","passed","2026-09-20","Network Mocking & Interception","","",""
"","53","DELETE /api/colors/{name}","","","passed","","","schemathesis","",""
"","0","Utility Functions readableOn returns #111 for an invalid/empty hex string (null rgb fallback)","","2026-09-20","passed","2026-09-20","","Utility Functions","Utility Functions readableOn returns #111 for an invalid/empty hex string (null rgb fallback)",""
"","872","should show loading state when API returns empty colors","bs-safari-ventura","2026-09-20","passed","2026-09-20","UI Error Handling Coverage","","",""
"","595","chip-x click opens confirm dialog with color name","bs-pixel-7","2026-09-20","passed","2026-09-20","Color Management — Add & Delete","","",""
"","288","GET /api/colors should return all colors","bs-pixel-7","2026-09-20","passed","2026-09-20","Backend API Integration","","",""
"","921","verify Red ( #e74c3c ) is applied as the background color","bs-pixel-7","2026-09-20","passed","2026-09-20","Background color tests","","",""
"","0","Utility Functions rgbToHex output is lowercase","","2026-09-20","passed","2026-09-20","","Utility Functions","Utility Functions rgbToHex output is lowercase",""
"","1360","chip-x click opens confirm dialog with color name","bs-safari-ventura","2026-09-20","passed","2026-09-20","Color Management — Add & Delete","","",""
"","14","Component Tests ColorPicker Add color button shows ""Saving…"" when saving=true","","2026-09-20","passed","2026-09-20","","Utility Functions","Component Tests ColorPicker Add color button shows ""Saving…"" when saving=true",""
"","4","Server Unit Tests Surviving Mutants & Edge Cases Swagger Metadata & OpenAPI has exact API info","","2026-09-20","passed","2026-09-20","","Server Unit Tests","Server Unit Tests Surviving Mutants & Edge Cases Swagger Metadata & OpenAPI has exact API info",""
"","1674","color names rendered in the UI do not trigger script execution","bs-firefox-win11","2026-09-20","passed","2026-09-20","Security > XSS Prevention","","",""
"","19","Server Integration Tests (Testcontainers) POST /api/reseed should reseed the database to the three default colors with a valid token","","2026-09-20","passed","2026-09-20","","Server Integration Tests (Testcontainers)","Server Integration Tests (Testcontainers) POST /api/reseed should reseed the database to the three default colors with a valid token",""
"","1863","verify Yellow ( #f1c40f ) is applied as the background color","bs-firefox-win11","2026-09-20","passed","2026-09-20","POM Refactored: Background color tests","","",""
"","282","should return 404 when updating non-existent color","bs-pixel-7","2026-09-20","passed","2026-09-20","Backend API Integration > PUT /api/colors/:name Schema Validation","","",""
"","930","delete API error shows alert banner","bs-pixel-7","2026-09-20","passed","2026-09-20","Color Management — Add & Delete","","",""
"","7","Server Unit Tests Surviving Mutants & Edge Cases Regex & Validation hex regex kills mutants by testing boundaries and formats","","2026-09-20","passed","2026-09-20","","Server Unit Tests","Server Unit Tests Surviving Mutants & Edge Cases Regex & Validation hex regex kills mutants by testing boundaries and formats",""
"","2822","shows client-side ""Name is required"" when submitting empty name","bs-safari-ventura","2026-09-20","passed","2026-09-20","Color Management — Add & Delete","","",""
"","0","Utility Functions hslToRgb hue=300 (magenta) → [255,0,255]","","2026-09-20","passed","2026-09-20","","Utility Functions","Utility Functions hslToRgb hue=300 (magenta) → [255,0,255]",""
"","41","Server Integration Tests (Testcontainers) GET /api/colors should retrieve all seeded colors","","2026-09-20","passed","2026-09-20","","Server Integration Tests (Testcontainers)","Server Integration Tests (Testcontainers) GET /api/colors should retrieve all seeded colors",""
"","1","Utility Functions hslToRgb hue=59 stays in sector 0","","2026-09-20","passed","2026-09-20","","Utility Functions","Utility Functions hslToRgb hue=59 stays in sector 0",""
"","784","shows a chip for each color with a swatch, name, and delete button","bs-iphone-15","2026-09-20","passed","2026-09-20","Color Management — Add & Delete","","",""
"","0","Utility Functions hslToRgb hue=180 (cyan) → [0,255,255]","","2026-09-20","passed","2026-09-20","","Utility Functions","Utility Functions hslToRgb hue=180 (cyan) → [0,255,255]",""
"","691","should display colors that do not exist in the database","bs-pixel-7","2026-09-20","passed","2026-09-20","Network Mocking & Interception","","",""
"","5","Server Unit Tests Surviving Mutants & Edge Cases Mongoose Schema & Persistence kills empty schema mutant by verifying field persistence","","2026-09-20","passed","2026-09-20","","Server Unit Tests","Server Unit Tests Surviving Mutants & Edge Cases Mongoose Schema & Persistence kills empty schema mutant by verifying field persistence",""
"","24","Frontend Unit Tests App Component text color on light background is dark","","2026-09-20","passed","2026-09-20","","Frontend Unit Tests","Frontend Unit Tests App Component text color on light background is dark",""
"","9","Server Unit Tests 405 Method Not Allowed returns 405 for POST, PUT, DELETE on /api-docs","","2026-09-20","passed","2026-09-20","","Server Unit Tests","Server Unit Tests 405 Method Not Allowed returns 405 for POST, PUT, DELETE on /api-docs",""
"","9","Server Unit Tests GET /api/colors/:name returns a single color by name with correct fields","","2026-09-20","passed","2026-09-20","","Server Unit Tests","Server Unit Tests GET /api/colors/:name returns a single color by name with correct fields",""
"","5","Server Unit Tests POST /api/colors returns 400 for completely empty body","","2026-09-20","passed","2026-09-20","","Server Unit Tests","Server Unit Tests POST /api/colors returns 400 for completely empty body",""
"","1396","homepage should match snapshot","Chrome","2026-09-20","passed","2026-09-20","Visual Regression – desktop (1280×720)","","",""
"","350","oversized payload is rejected (413)","bs-iphone-15","2026-09-20","passed","2026-09-20","Security > Input Validation","","",""
"","4","Frontend Unit Tests App Component current color span tracks hex value","","2026-09-20","passed","2026-09-20","","Frontend Unit Tests","Frontend Unit Tests App Component current color span tracks hex value",""
"","1722","should create dynamic random color via API and verify through UI","bs-firefox-win11","2026-09-20","passed","2026-09-20","Random Data Testing with faker.js","","",""
"","1250","should handle color click network failure gracefully","bs-iphone-15","2026-09-20","passed","2026-09-20","UI Error Handling Coverage","","",""
"","2993","should not have any automatically detectable accessibility issues","bs-firefox-win11","2026-09-20","passed","2026-09-20","Accessibility Tests","","",""
"","898","first color chip is active on load (aria-pressed=true)","bs-safari-ventura","2026-09-20","passed","2026-09-20","Color Management — Add & Delete","","",""
"","1253","verify Yellow ( #f1c40f ) is applied as the background color","bs-pixel-7","2026-09-20","passed","2026-09-20","Background color tests","","",""
"","4","Server Unit Tests Error Handling seedDatabase logs error and re-throws when database fails","","2026-09-20","passed","2026-09-20","","Server Unit Tests","Server Unit Tests Error Handling seedDatabase logs error and re-throws when database fails",""
"","3","Server Unit Tests 405 Method Not Allowed sets the Allow header on /api/colors/:name with correct methods","","2026-09-20","passed","2026-09-20","","Server Unit Tests","Server Unit Tests 405 Method Not Allowed sets the Allow header on /api/colors/:name with correct methods",""
"","26","Frontend Unit Tests App Component link color is light (#cfe8ff) on dark background","","2026-09-20","passed","2026-09-20","","Frontend Unit Tests","Frontend Unit Tests App Component link color is light (#cfe8ff) on dark background",""
"","38","Component Tests ColorPicker cancel button calls onCancel","","2026-09-20","passed","2026-09-20","","Utility Functions","Component Tests ColorPicker cancel button calls onCancel",""
"","878","should gracefully handle a color not found in the database","bs-firefox-win11","2026-09-20","passed","2026-09-20","Network Mocking & Interception","","",""
"","7","Server Integration Tests (Testcontainers) POST /api/colors should return 400 when hex is missing","","2026-09-20","passed","2026-09-20","","Server Integration Tests (Testcontainers)","Server Integration Tests (Testcontainers) POST /api/colors should return 400 when hex is missing",""
"","1232","handle initial fetch error","bs-safari-ventura","2026-09-20","passed","2026-09-20","Edge cases and error handling","","",""
"","1578","verify Yellow ( #f1c40f ) is applied as the background color","bs-safari-ventura","2026-09-20","passed","2026-09-20","Background color tests","","",""
"","649","handle color response missing hex property","Chrome","2026-09-20","passed","2026-09-20","Edge cases and error handling","tests/coverage.spec.ts","",""
"","813","changing color to Red should reflect in UI and DOM","bs-pixel-7","2026-09-20","passed","2026-09-20","Data-Driven Testing","","",""
"","1064","should show loading state when API returns empty colors","bs-firefox-win11","2026-09-20","passed","2026-09-20","UI Error Handling Coverage","","",""
"","1797","deleting the active color switches background to the first remaining","bs-firefox-win11","2026-09-20","passed","2026-09-20","Color Management — Add & Delete","","",""
"","1780","verify Turquoise ( #1abc9c ) is applied as the background color","bs-safari-ventura","2026-09-20","passed","2026-09-20","Background color tests","","",""
"Performance Test: UI Performance Test
File: ui-performance.spec.ts
Total Iterations: 53
Max VUs: 1

HTTP Request Duration:
- Avg: 208.88ms
- P(95): 208.88ms
- Max: 208.88ms

Full metrics attached in the results.","734843","UI Performance Test","Performance","2026-09-20","passed","2026-09-20","ui-performance.spec.ts","UI Performance Test","",""
"","662","handle color response missing hex property","bs-pixel-7","2026-09-20","passed","2026-09-20","Edge cases and error handling","","",""
"","6","malformed JSON body returns 400","Chrome","2026-09-20","passed","2026-09-20","Security > Input Validation","tests/security.spec.ts","",""
"","180","SQL injection characters in name are rejected (400)","bs-firefox-win11","2026-09-20","passed","2026-09-20","Security > Injection Prevention","","",""
"","1","Utility Functions readableOn returns #111 for a pale/pastel colour (high luminance)","","2026-09-20","passed","2026-09-20","","Utility Functions","Utility Functions readableOn returns #111 for a pale/pastel colour (high luminance)",""
"","726","should load the application and verify core functionality across browsers","Chrome","2026-09-20","passed","2026-09-20","Cross-Browser Core Functionality","tests/cross-browser.spec.ts","",""
"","19","GET /api/colors/Red should return the correct hex code","Chrome","2026-09-20","passed","2026-09-20","Backend API Integration","tests/api.spec.ts","",""
"","0","Utility Functions rgbToHex value 16 does not pad","","2026-09-20","passed","2026-09-20","","Utility Functions","Utility Functions rgbToHex value 16 does not pad",""
"","2782","should maintain accessibility after state change (color update)","Chrome","2026-09-20","passed","2026-09-20","Accessibility Tests","tests/a11y.spec.ts","",""
"","208","should reject missing hex","bs-safari-ventura","2026-09-20","passed","2026-09-20","Backend API Integration > POST /api/colors Schema Validation","","",""
"","5","Server Unit Tests PUT /api/colors/:name returns 400 for extra unknown fields (strict schema)","","2026-09-20","passed","2026-09-20","","Server Unit Tests","Server Unit Tests PUT /api/colors/:name returns 400 for extra unknown fields (strict schema)",""
"","0","homepage initial state","Chrome","2026-09-20","skipped","2026-09-20","Percy Visual Regression – Production > Percy – mobile (375×667)","","",""
"","3773","close (×) button closes the picker","bs-safari-ventura","2026-09-20","passed","2026-09-20","Color Management — Add & Delete","","",""
"","5","Server Unit Tests POST /api/reseed returns 500 when seedDatabase throws","","2026-09-20","passed","2026-09-20","","Server Unit Tests","Server Unit Tests POST /api/reseed returns 500 when seedDatabase throws",""
"","182","SQL injection characters in name are rejected (400)","bs-pixel-7","2026-09-20","passed","2026-09-20","Security > Injection Prevention","","",""
"","340","Server Unit Tests Surviving Mutants & Edge Cases Port Fallback uses default PORT 5001 when process.env.PORT is missing","","2026-09-20","passed","2026-09-20","","Server Unit Tests","Server Unit Tests Surviving Mutants & Edge Cases Port Fallback uses default PORT 5001 when process.env.PORT is missing",""
"","1411","verify Red ( #e74c3c ) is applied as the background color","bs-safari-ventura","2026-09-20","passed","2026-09-20","Background color tests","","",""
"","57","Component Tests ColorPicker editing name does NOT call onClearError when no serverError","","2026-09-20","passed","2026-09-20","","Utility Functions","Component Tests ColorPicker editing name does NOT call onClearError when no serverError",""
"","5","Server Integration Tests (Testcontainers) POST /api/colors should return 400 when extra fields are provided","","2026-09-20","passed","2026-09-20","","Server Integration Tests (Testcontainers)","Server Integration Tests (Testcontainers) POST /api/colors should return 400 when extra fields are provided",""
"","29","Component Tests ColorPicker mousedown at top-center (hue=270) sets hex to #8000ff","","2026-09-20","passed","2026-09-20","","Utility Functions","Component Tests ColorPicker mousedown at top-center (hue=270) sets hex to #8000ff",""
"","551","should gracefully handle a color not found in the database","bs-chrome-win11","2026-09-20","passed","2026-09-20","Network Mocking & Interception","","",""
"","1","Utility Functions hslToRgb low lightness l=0.25 → [128,0,0]","","2026-09-20","passed","2026-09-20","","Utility Functions","Utility Functions hslToRgb low lightness l=0.25 → [128,0,0]",""
"","1098","verify Yellow ( #f1c40f ) is applied as the background color","bs-pixel-7","2026-09-20","passed","2026-09-20","POM Refactored: Background color tests","","",""
"","173","Component Tests ConfirmDialog renders title, body, and both buttons","","2026-09-20","passed","2026-09-20","","Component Tests","Component Tests ConfirmDialog renders title, body, and both buttons",""
"","5","DELETE /api/colors (collection) returns 405","Chrome","2026-09-20","passed","2026-09-20","Security > HTTP Method Restrictions","tests/security.spec.ts","",""
"","4","Server Unit Tests 405 Method Not Allowed sets the Allow header on /api/colors with correct methods","","2026-09-20","passed","2026-09-20","","Server Unit Tests","Server Unit Tests 405 Method Not Allowed sets the Allow header on /api/colors with correct methods",""
"","1248","clicking a chip makes it active","Chrome","2026-09-20","passed","2026-09-20","Color Management — Add & Delete","tests/color-management.spec.ts","",""
"","259","NoSQL injection object in name is rejected (400)","bs-iphone-15","2026-09-20","passed","2026-09-20","Security > Injection Prevention","","",""
"","831","verify Red ( #e74c3c ) is applied as the background color","Chrome","2026-09-20","passed","2026-09-20","POM Refactored: Background color tests","tests/pom-refactored.spec.ts","",""
"","4","Server Unit Tests Surviving Mutants & Edge Cases OpenAPI Content-Type has application/json content-type","","2026-09-20","passed","2026-09-20","","Server Unit Tests","Server Unit Tests Surviving Mutants & Edge Cases OpenAPI Content-Type has application/json content-type",""
"","47","Frontend Unit Tests App Component add color 400 without data.error falls back to generic message","","2026-09-20","passed","2026-09-20","","Frontend Unit Tests","Frontend Unit Tests App Component add color 400 without data.error falls back to generic message",""
"","172","POST with script tag in name is rejected (400)","bs-pixel-7","2026-09-20","passed","2026-09-20","Security > XSS Prevention","","",""
"","25","Server Unit Tests Surviving Mutants & Edge Cases Regex & Validation STRICT_NAME_REGEX kills mutants on start/end/middle characters","","2026-09-20","passed","2026-09-20","","Server Unit Tests","Server Unit Tests Surviving Mutants & Edge Cases Regex & Validation STRICT_NAME_REGEX kills mutants on start/end/middle characters",""
"","333","GET /api/colors should return all colors","bs-iphone-15","2026-09-20","passed","2026-09-20","Backend API Integration","","",""
"","3822","should maintain accessibility after state change (color update)","bs-iphone-15","2026-09-20","passed","2026-09-20","Accessibility Tests","","",""
"","1","Utility Functions hexToRgb parses a standard #RRGGBB hex","","2026-09-20","passed","2026-09-20","","Utility Functions","Utility Functions hexToRgb parses a standard #RRGGBB hex",""
"","951","should handle color click network failure gracefully","bs-firefox-win11","2026-09-20","passed","2026-09-20","UI Error Handling Coverage","","",""
"","6","Server Integration Tests (Testcontainers) Method Not Allowed should return 405 for PATCH /api/colors","","2026-09-20","passed","2026-09-20","","Server Integration Tests (Testcontainers)","Server Integration Tests (Testcontainers) Method Not Allowed should return 405 for PATCH /api/colors",""
"","1199","verify language switcher changes document language","bs-iphone-15","2026-09-20","passed","2026-09-20","","","",""
"","1024","shows client-side validation error for invalid name chars","Chrome","2026-09-20","passed","2026-09-20","Color Management — Add & Delete","tests/color-management.spec.ts","",""
"","18","should return 404 when updating non-existent color","Chrome","2026-09-20","passed","2026-09-20","Backend API Integration > PUT /api/colors/:name Schema Validation","","",""
"","599","should delete an existing color","bs-iphone-15","2026-09-20","passed","2026-09-20","Backend API Integration > DELETE /api/colors/:name","","",""
"","11","Component Tests ConfirmDialog swatch div has the correct background color","","2026-09-20","passed","2026-09-20","","Component Tests","Component Tests ConfirmDialog swatch div has the correct background color",""
"","0","Utility Functions rgbToHex converts arbitrary color","","2026-09-20","passed","2026-09-20","","Utility Functions","Utility Functions rgbToHex converts arbitrary color",""
"","1052","handle color selection fetch error","bs-firefox-win11","2026-09-20","passed","2026-09-20","Edge cases and error handling","","",""
"","4","Server Unit Tests Error Handling GET /api/colors returns 500 when database fails","","2026-09-20","passed","2026-09-20","","Server Unit Tests","Server Unit Tests Error Handling GET /api/colors returns 500 when database fails",""
"","1074","shows server-error message on 500 inside the picker","bs-chrome-win11","2026-09-20","passed","2026-09-20","Color Management — Add & Delete","","",""
"Performance Test: API Performance Test
File: api-performance.spec.ts
Total Iterations: 48
Max VUs: 1

HTTP Request Duration:
- Avg: 192.80ms
- P(95): 264.17ms
- Max: 390.06ms

Full metrics attached in the results.","776991","API Performance Test","Performance","2026-09-20","passed","2026-09-20","api-performance.spec.ts","API Performance Test","",""
"","757","should handle missing image gracefully by showing alt text","Chrome","2026-09-20","passed","2026-09-20","Network Mocking & Interception","tests/network-mocking.spec.ts","",""
"","272","X-Powered-By header is not exposed","bs-firefox-win11","2026-09-20","passed","2026-09-20","Security > Security Headers","","",""
"","177","DELETE /api/colors (collection) returns 405","bs-firefox-win11","2026-09-20","passed","2026-09-20","Security > HTTP Method Restrictions","","",""
"","6","Frontend Unit Tests App Component language selector change calls i18n and updates html lang","","2026-09-20","passed","2026-09-20","","Frontend Unit Tests","Frontend Unit Tests App Component language selector change calls i18n and updates html lang",""
"","188","POST with javascript: URI in name is rejected (400)","bs-chrome-win11","2026-09-20","passed","2026-09-20","Security > XSS Prevention","","",""
"","1","Utility Functions rgbToHsl white [255,255,255] → h=0, s=0, l=1","","2026-09-20","passed","2026-09-20","","Utility Functions","Utility Functions rgbToHsl white [255,255,255] → h=0, s=0, l=1",""
"","1761","verify Yellow ( #f1c40f ) is applied as the background color","bs-iphone-15","2026-09-20","passed","2026-09-20","POM Refactored: Background color tests","","",""
"","428","check Turquoise ( #1abc9c) is the default background color.","Chrome","2026-09-20","passed","2026-09-20","","tests/coverage.spec.ts","",""
"","45","should create a new color with valid schema","Chrome","2026-09-20","passed","2026-09-20","Backend API Integration > POST /api/colors Schema Validation","tests/api.spec.ts","",""
"","11","should reject empty name","Chrome","2026-09-20","passed","2026-09-20","Backend API Integration > POST /api/colors Schema Validation","tests/api.spec.ts","",""
"","1137","verify Red ( #e74c3c ) is applied as the background color","bs-firefox-win11","2026-09-20","passed","2026-09-20","Background color tests","","",""
"","24","Component Tests ColorPicker touch start on canvas sets hex to #ff0000 at right edge","","2026-09-20","passed","2026-09-20","","Utility Functions","Component Tests ColorPicker touch start on canvas sets hex to #ff0000 at right edge",""
"","1263","handle color response missing hex property","bs-safari-ventura","2026-09-20","passed","2026-09-20","Edge cases and error handling","","",""
"","220","should reject invalid hex format","bs-iphone-15","2026-09-20","passed","2026-09-20","Backend API Integration > POST /api/colors Schema Validation","","",""
"","1156","delete API error shows alert banner","bs-firefox-win11","2026-09-20","passed","2026-09-20","Color Management — Add & Delete","","",""
"","193","NoSQL injection object in name is rejected (400)","bs-safari-ventura","2026-09-20","passed","2026-09-20","Security > Injection Prevention","","",""
"","1397","changing color to Turquoise should reflect in UI and DOM","bs-firefox-win11","2026-09-20","passed","2026-09-20","Data-Driven Testing","","",""
"","1267","shows server-error message on 500 inside the picker","bs-firefox-win11","2026-09-20","passed","2026-09-20","Color Management — Add & Delete","","",""
"","8","Server Unit Tests 405 Method Not Allowed returns 405 for POST, PUT, DELETE on /openapi.json","","2026-09-20","passed","2026-09-20","","Server Unit Tests","Server Unit Tests 405 Method Not Allowed returns 405 for POST, PUT, DELETE on /openapi.json",""
"","958","should update a color with valid schema","bs-chrome-win11","2026-09-20","passed","2026-09-20","Backend API Integration > PUT /api/colors/:name Schema Validation","","",""
"","20","Component Tests ColorPicker mousemove without prior mousedown (not dragging) does not change color","","2026-09-20","passed","2026-09-20","","Utility Functions","Component Tests ColorPicker mousemove without prior mousedown (not dragging) does not change color",""
"","1","Utility Functions hslToRgb hue=60 (yellow) → [255,255,0]","","2026-09-20","passed","2026-09-20","","Utility Functions","Utility Functions hslToRgb hue=60 (yellow) → [255,255,0]",""
"","640","handle color selection fetch error","Chrome","2026-09-20","passed","2026-09-20","Edge cases and error handling","tests/coverage.spec.ts","",""
"","1119","shows client-side ""Name is required"" when submitting empty name","bs-chrome-win11","2026-09-20","passed","2026-09-20","Color Management — Add & Delete","","",""
"","1205","should meet the accessibility threshold using Google Lighthouse","bs-firefox-win11","2026-09-20","skipped","2026-09-20","Accessibility Tests","","",""
"","954","should display colors that do not exist in the database","bs-firefox-win11","2026-09-20","passed","2026-09-20","Network Mocking & Interception","","",""
"","833","should display colors that do not exist in the database","Chrome","2026-09-20","passed","2026-09-20","Network Mocking & Interception","tests/network-mocking.spec.ts","",""
"","6","Utility Functions rgbToHsl black [0,0,0] → h=0, s=0, l=0","","2026-09-20","passed","2026-09-20","","Utility Functions","Utility Functions rgbToHsl black [0,0,0] → h=0, s=0, l=0",""
"","0","Utility Functions paintWheelPixel sets alpha to 0 when dist > r (outside circle)","","2026-09-20","passed","2026-09-20","","Utility Functions","Utility Functions paintWheelPixel sets alpha to 0 when dist > r (outside circle)",""
"","0","Utility Functions hslToRgb hue=360 wraps to hue=0 → [255,0,0]","","2026-09-20","passed","2026-09-20","","Utility Functions","Utility Functions hslToRgb hue=360 wraps to hue=0 → [255,0,0]",""
"","852","chip-x click opens confirm dialog with color name","bs-firefox-win11","2026-09-20","passed","2026-09-20","Color Management — Add & Delete","","",""
"","16","GET /api/colors should return colors sorted alphabetically by name","Chrome","2026-09-20","passed","2026-09-20","Backend API Integration","tests/api.spec.ts","",""
"","8","unknown extra fields in POST body are rejected (400)","Chrome","2026-09-20","passed","2026-09-20","Security > Input Validation","tests/security.spec.ts","",""
"","13","Component Tests ColorPicker typing an invalid hex shows ""Use format #RRGGBB"" error","","2026-09-20","passed","2026-09-20","","Utility Functions","Component Tests ColorPicker typing an invalid hex shows ""Use format #RRGGBB"" error",""
"","35","should update a color with valid schema","Chrome","2026-09-20","passed","2026-09-20","Backend API Integration > PUT /api/colors/:name Schema Validation","tests/api.spec.ts","",""
"","188","NoSQL injection object in name is rejected (400)","bs-chrome-win11","2026-09-20","passed","2026-09-20","Security > Injection Prevention","","",""
"","191","POST with HTML tag in name is rejected (400)","bs-firefox-win11","2026-09-20","passed","2026-09-20","Security > XSS Prevention","","",""
"","46","Server Unit Tests GET /api/colors returns all seeded colors with correct names and hex values","","2026-09-20","passed","2026-09-20","","Server Unit Tests","Server Unit Tests GET /api/colors returns all seeded colors with correct names and hex values",""
"","520","Escape key closes the confirm dialog","bs-pixel-7","2026-09-20","passed","2026-09-20","Color Management — Add & Delete","","",""
"","1342","clicking a chip makes it active","bs-safari-ventura","2026-09-20","passed","2026-09-20","Color Management — Add & Delete","","",""
"","16","GET /api/colors should return all colors","Chrome","2026-09-20","passed","2026-09-20","Backend API Integration","tests/api.spec.ts","",""
"","272","X-Powered-By header is not exposed","bs-chrome-win11","2026-09-20","passed","2026-09-20","Security > Security Headers","","",""
"","927","should handle fetch colors network failure gracefully","bs-iphone-15","2026-09-20","passed","2026-09-20","UI Error Handling Coverage","","",""
"","198","malformed JSON body returns 400","bs-firefox-win11","2026-09-20","passed","2026-09-20","Security > Input Validation","","",""
"","871","homepage should match snapshot","Chrome","2026-09-20","passed","2026-09-20","Visual Regression – iphone-landscape (667×375)","","",""
"","29","Component Tests ColorPicker duplicate check is case-insensitive","","2026-09-20","passed","2026-09-20","","Utility Functions","Component Tests ColorPicker duplicate check is case-insensitive",""
"","5","Server Unit Tests DELETE /api/colors/:name returns 404 for a non-existent color","","2026-09-20","passed","2026-09-20","","Server Unit Tests","Server Unit Tests DELETE /api/colors/:name returns 404 for a non-existent color",""
"","2182","should create color via API and verify through UI","bs-safari-ventura","2026-09-20","passed","2026-09-20","Hybrid E2E Testing","","",""
"","832","should handle fetch colors network failure gracefully","bs-safari-ventura","2026-09-20","passed","2026-09-20","UI Error Handling Coverage","","",""
"","1292","handle initial fetch error","bs-iphone-15","2026-09-20","passed","2026-09-20","Edge cases and error handling","","",""
"","4","Server Unit Tests POST /api/colors returns 400 for name with only spaces","","2026-09-20","passed","2026-09-20","","Server Unit Tests","Server Unit Tests POST /api/colors returns 400 for name with only spaces",""
"","752","should return 409 for duplicate color creation","bs-pixel-7","2026-09-20","passed","2026-09-20","Backend API Integration > POST /api/colors Schema Validation","","",""
"","6","Server Unit Tests Error Handling PUT /api/colors/:name returns 409 when database throws duplicate key error (code 11000) on save","","2026-09-20","passed","2026-09-20","","Server Unit Tests","Server Unit Tests Error Handling PUT /api/colors/:name returns 409 when database throws duplicate key error (code 11000) on save",""
"","2413","should maintain accessibility in es language and verify resilient locators","bs-firefox-win11","2026-09-20","passed","2026-09-20","i18n Accessibility Tests","","",""
"","1620","should not have any automatically detectable accessibility issues","bs-pixel-7","2026-09-20","passed","2026-09-20","Accessibility Tests","","",""
"","654","Example #1","BDD","2026-09-20","passed","2026-09-20","Language Switching > Switch language and verify translated UI labels","","",""
"","1032","Cancel button closes the picker","Chrome","2026-09-20","passed","2026-09-20","Color Management — Add & Delete","tests/color-management.spec.ts","",""
"","203","should reject omitting both name and hex on update","bs-safari-ventura","2026-09-20","passed","2026-09-20","Backend API Integration > PUT /api/colors/:name Schema Validation","","",""
"","55","Frontend Unit Tests App Component handleColorClick shows error on non-2xx response","","2026-09-20","passed","2026-09-20","","Frontend Unit Tests","Frontend Unit Tests App Component handleColorClick shows error on non-2xx response",""
"","8","Server Unit Tests GET /api/colors/:name returns 404 for a non-existent color","","2026-09-20","passed","2026-09-20","","Server Unit Tests","Server Unit Tests GET /api/colors/:name returns 404 for a non-existent color",""
"","0","mobile color picker workflow","Chrome","2026-09-20","skipped","2026-09-20","Percy Visual Regression – Production > Percy – Mobile Interactions","","",""
"","444","oversized payload is rejected (413)","bs-safari-ventura","2026-09-20","passed","2026-09-20","Security > Input Validation","","",""
"","8","Server Unit Tests Surviving Mutants & Edge Cases Allowed Methods kills mutants in allowedMethods object","","2026-09-20","passed","2026-09-20","","Server Unit Tests","Server Unit Tests Surviving Mutants & Edge Cases Allowed Methods kills mutants in allowedMethods object",""
"","308","GET /api/colors/Turquoise should return the correct hex code","bs-safari-ventura","2026-09-20","passed","2026-09-20","Backend API Integration","","",""
"","37","Frontend Unit Tests App Component picker cancel button closes the modal","","2026-09-20","passed","2026-09-20","","Frontend Unit Tests","Frontend Unit Tests App Component picker cancel button closes the modal",""
"","298","error responses return JSON, not HTML (no info leakage)","bs-pixel-7","2026-09-20","passed","2026-09-20","Security > Security Headers","","",""
"","0","Utility Functions paintWheelPixel anti-aliases the outermost ring: dist=r gives alpha=0","","2026-09-20","passed","2026-09-20","","Utility Functions","Utility Functions paintWheelPixel anti-aliases the outermost ring: dist=r gives alpha=0",""
"","1243","verify language switcher changes document language","bs-safari-ventura","2026-09-20","passed","2026-09-20","","","",""
"","6","Component Tests ColorPicker falls back to window resize listener when ResizeObserver is not available","","2026-09-20","passed","2026-09-20","","Utility Functions","Component Tests ColorPicker falls back to window resize listener when ResizeObserver is not available",""
"","1237","clicking a chip makes it active","bs-firefox-win11","2026-09-20","passed","2026-09-20","Color Management — Add & Delete","","",""
"","3482","homepage after color change","percy","2026-09-20","passed","2026-09-20","Percy Visual Regression – Production > Percy – desktop-xl (1920×1080)","","",""
"","13","Server Integration Tests (Testcontainers) PUT /api/colors/:name should rename a color and make old name return 404","","2026-09-20","passed","2026-09-20","","Server Integration Tests (Testcontainers)","Server Integration Tests (Testcontainers) PUT /api/colors/:name should rename a color and make old name return 404",""
"","5","error responses return JSON, not HTML (no info leakage)","Chrome","2026-09-20","passed","2026-09-20","Security > Security Headers","tests/security.spec.ts","",""
"","1665","should maintain accessibility in en language and verify resilient locators","bs-pixel-7","2026-09-20","passed","2026-09-20","i18n Accessibility Tests","","",""
"","261","should return 404 for non-existent color deletion","bs-chrome-win11","2026-09-20","passed","2026-09-20","Backend API Integration > DELETE /api/colors/:name","","",""
"","49","Frontend Unit Tests App Component handleColorClick shows error alert on fetch failure","","2026-09-20","passed","2026-09-20","","Frontend Unit Tests","Frontend Unit Tests App Component handleColorClick shows error alert on fetch failure",""
"","1","homepage initial state","Chrome","2026-09-20","skipped","2026-09-20","Percy Visual Regression – Production > Percy – desktop (1280×720)","","",""
"","7","Server Unit Tests 405 Method Not Allowed does not return 405 for allowed GET method on /api/colors","","2026-09-20","passed","2026-09-20","","Server Unit Tests","Server Unit Tests 405 Method Not Allowed does not return 405 for allowed GET method on /api/colors",""
"","1015","should meet the accessibility threshold using Google Lighthouse","bs-pixel-7","2026-09-20","skipped","2026-09-20","Accessibility Tests","","",""
"","29","Component Tests ColorPicker mousedown outside circle clamps sat to 1","","2026-09-20","passed","2026-09-20","","Utility Functions","Component Tests ColorPicker mousedown outside circle clamps sat to 1",""
"","363","Server Unit Tests Surviving Mutants & Edge Cases Infrastructure uses MONGO_URI from environment if available","","2026-09-20","passed","2026-09-20","","Server Unit Tests","Server Unit Tests Surviving Mutants & Edge Cases Infrastructure uses MONGO_URI from environment if available",""
"","1","Utility Functions hslToRgb hue=240 (blue) → [0,0,255]","","2026-09-20","passed","2026-09-20","","Utility Functions","Utility Functions hslToRgb hue=240 (blue) → [0,0,255]",""
"","5015","should not have any automatically detectable accessibility issues","bs-chrome-win11","2026-09-20","passed","2026-09-20","Accessibility Tests","","",""
"","0","Utility Functions hslToRgb hue just below 60 is in sector 0, not sector 1","","2026-09-20","passed","2026-09-20","","Utility Functions","Utility Functions hslToRgb hue just below 60 is in sector 0, not sector 1",""
"","26","Component Tests ColorPicker mousedown at left-center (hue=180) sets hex to #00ffff","","2026-09-20","passed","2026-09-20","","Utility Functions","Component Tests ColorPicker mousedown at left-center (hue=180) sets hex to #00ffff",""
"","15","Server Integration Tests (Testcontainers) GET /api/colors/:name should return 400 for invalid name format","","2026-09-20","passed","2026-09-20","","Server Integration Tests (Testcontainers)","Server Integration Tests (Testcontainers) GET /api/colors/:name should return 400 for invalid name format",""
"","10","Server Integration Tests (Testcontainers) PUT /api/colors/:name should update both name and hex simultaneously","","2026-09-20","passed","2026-09-20","","Server Integration Tests (Testcontainers)","Server Integration Tests (Testcontainers) PUT /api/colors/:name should update both name and hex simultaneously",""
"","1951","deleting the active color switches background to the first remaining","Chrome","2026-09-20","passed","2026-09-20","Color Management — Add & Delete","tests/color-management.spec.ts","",""
"","1","Utility Functions rgbToHsl r max with g<b (#ff0040) → h near 345","","2026-09-20","passed","2026-09-20","","Utility Functions","Utility Functions rgbToHsl r max with g<b (#ff0040) → h near 345",""
"","13","should reject updating with empty name","Chrome","2026-09-20","passed","2026-09-20","Backend API Integration > PUT /api/colors/:name Schema Validation","tests/api.spec.ts","",""
"","183","should reject empty name","bs-pixel-7","2026-09-20","passed","2026-09-20","Backend API Integration > POST /api/colors Schema Validation","","",""
"","569","should delete an existing color","bs-pixel-7","2026-09-20","passed","2026-09-20","Backend API Integration > DELETE /api/colors/:name","","",""
"","1","Utility Functions paintWheelPixel paints red at right edge (dx=r, dy=0, hue=0)","","2026-09-20","passed","2026-09-20","","Utility Functions","Utility Functions paintWheelPixel paints red at right edge (dx=r, dy=0, hue=0)",""
"","6","Server Unit Tests PUT /api/colors/:name returns 400 for invalid name with special characters","","2026-09-20","passed","2026-09-20","","Server Unit Tests","Server Unit Tests PUT /api/colors/:name returns 400 for invalid name with special characters",""
"","1054","close (×) button closes the picker","Chrome","2026-09-20","passed","2026-09-20","Color Management — Add & Delete","tests/color-management.spec.ts","",""
"","0","Utility Functions hslToRgb negative hue wraps: hue=-120 = hue=240","","2026-09-20","passed","2026-09-20","","Utility Functions","Utility Functions hslToRgb negative hue wraps: hue=-120 = hue=240",""
"","5","Server Unit Tests Surviving Mutants & Edge Cases Logs seedDatabase logs success message","","2026-09-20","passed","2026-09-20","","Server Unit Tests","Server Unit Tests Surviving Mutants & Edge Cases Logs seedDatabase logs success message",""
"","6","Server Unit Tests POST /api/colors applies the createColorLimiter rate limit headers","","2026-09-20","passed","2026-09-20","","Server Unit Tests","Server Unit Tests POST /api/colors applies the createColorLimiter rate limit headers",""
"","265","X-Powered-By header is not exposed","bs-pixel-7","2026-09-20","passed","2026-09-20","Security > Security Headers","","",""
"","4160","should not have any automatically detectable accessibility issues","bs-safari-ventura","2026-09-20","passed","2026-09-20","Accessibility Tests","","",""
"","20","Server Integration Tests (Testcontainers) Concurrent writes should handle simultaneous POSTs with the same name — exactly one succeeds","","2026-09-20","passed","2026-09-20","","Server Integration Tests (Testcontainers)","Server Integration Tests (Testcontainers) Concurrent writes should handle simultaneous POSTs with the same name — exactly one succeeds",""
"","857","Color button remains functional after switching language","BDD","2026-09-20","passed","2026-09-20","Language Switching","","",""
"","7","Server Unit Tests GET /api/colors/:name is case-sensitive","","2026-09-20","passed","2026-09-20","","Server Unit Tests","Server Unit Tests GET /api/colors/:name is case-sensitive",""
"","10","Server Integration Tests (Testcontainers) POST /api/colors should not expose _id or __v in the creation response","","2026-09-20","passed","2026-09-20","","Server Integration Tests (Testcontainers)","Server Integration Tests (Testcontainers) POST /api/colors should not expose _id or __v in the creation response",""
"","294","should return 404 when updating non-existent color","bs-iphone-15","2026-09-20","passed","2026-09-20","Backend API Integration > PUT /api/colors/:name Schema Validation","","",""
"","816","clicking ""+ Add color"" opens the picker modal","bs-firefox-win11","2026-09-20","passed","2026-09-20","Color Management — Add & Delete","","",""
"","1370","color names rendered in the UI do not trigger script execution","bs-pixel-7","2026-09-20","passed","2026-09-20","Security > XSS Prevention","","",""
"","5","Server Unit Tests Middleware does not include X-Powered-By header","","2026-09-20","passed","2026-09-20","","Server Unit Tests","Server Unit Tests Middleware does not include X-Powered-By header",""
"","50","Frontend Unit Tests App Component add color 400 shows data.error message","","2026-09-20","passed","2026-09-20","","Frontend Unit Tests","Frontend Unit Tests App Component add color 400 shows data.error message",""
"","66","Frontend Unit Tests App Component handles empty array from initial fetch gracefully","","2026-09-20","passed","2026-09-20","","Frontend Unit Tests","Frontend Unit Tests App Component handles empty array from initial fetch gracefully",""
"","657","handle initial fetch with empty data","Chrome","2026-09-20","passed","2026-09-20","Edge cases and error handling","tests/coverage.spec.ts","",""
"","330","homepage should match snapshot","percy","2026-09-20","skipped","2026-09-20","Visual Regression – iphone-landscape (667×375)","","",""
"","16","Server Integration Tests (Testcontainers) GET /api/colors/:name should return correct data for Yellow","","2026-09-20","passed","2026-09-20","","Server Integration Tests (Testcontainers)","Server Integration Tests (Testcontainers) GET /api/colors/:name should return correct data for Yellow",""
"","2029","Escape key closes the confirm dialog","bs-firefox-win11","2026-09-20","passed","2026-09-20","Color Management — Add & Delete","","",""
"","9","Server Integration Tests (Testcontainers) DELETE /api/colors/:name should delete a color and confirm removal from the real database","","2026-09-20","passed","2026-09-20","","Server Integration Tests (Testcontainers)","Server Integration Tests (Testcontainers) DELETE /api/colors/:name should delete a color and confirm removal from the real database",""
"","203","should reject missing name","bs-chrome-win11","2026-09-20","passed","2026-09-20","Backend API Integration > POST /api/colors Schema Validation","","",""
"","9","Component Tests ConfirmDialog dialog has correct ARIA attributes","","2026-09-20","passed","2026-09-20","","Component Tests","Component Tests ConfirmDialog dialog has correct ARIA attributes",""
"","190","should reject missing name","bs-safari-ventura","2026-09-20","passed","2026-09-20","Backend API Integration > POST /api/colors Schema Validation","","",""
"","43","Component Tests ConfirmDialog both buttons are disabled when busy=true","","2026-09-20","passed","2026-09-20","","Component Tests","Component Tests ConfirmDialog both buttons are disabled when busy=true",""
"","5","Server Unit Tests Middleware returns 413 for payload too large","","2026-09-20","passed","2026-09-20","","Server Unit Tests","Server Unit Tests Middleware returns 413 for payload too large",""
"","2912","homepage initial state","percy","2026-09-20","passed","2026-09-20","Percy Visual Regression – Production > Percy – mobile (375×667)","","",""
"","23","POST with script tag in name is rejected (400)","Chrome","2026-09-20","passed","2026-09-20","Security > XSS Prevention","tests/security.spec.ts","",""
"","5","PATCH /api/colors/:name returns 405","Chrome","2026-09-20","passed","2026-09-20","Security > HTTP Method Restrictions","tests/security.spec.ts","",""
"","2331","should maintain accessibility in el language and verify resilient locators","bs-chrome-win11","2026-09-20","passed","2026-09-20","i18n Accessibility Tests","","",""
"","182","should reject updating with empty name","bs-firefox-win11","2026-09-20","passed","2026-09-20","Backend API Integration > PUT /api/colors/:name Schema Validation","","",""
"","54","Frontend Unit Tests App Component first loaded color is active (aria-pressed=true)","","2026-09-20","passed","2026-09-20","","Frontend Unit Tests","Frontend Unit Tests App Component first loaded color is active (aria-pressed=true)",""
"","4324","mobile color picker workflow","percy","2026-09-20","passed","2026-09-20","Percy Visual Regression – Production > Percy – Mobile Interactions","","",""
"","220","unknown extra fields in POST body are rejected (400)","bs-pixel-7","2026-09-20","passed","2026-09-20","Security > Input Validation","","",""
"","4","Server Unit Tests Surviving Mutants & Edge Cases Swagger Metadata & OpenAPI has exact server metadata","","2026-09-20","passed","2026-09-20","","Server Unit Tests","Server Unit Tests Surviving Mutants & Edge Cases Swagger Metadata & OpenAPI has exact server metadata",""
"","6","NoSQL operator in GET path param is rejected (400 or 404)","Chrome","2026-09-20","passed","2026-09-20","Security > Injection Prevention","tests/security.spec.ts","",""
"","8","Component Tests ColorPicker wheel cursor moves to (220,110) after right-edge click (hue=0, sat=1)","","2026-09-20","passed","2026-09-20","","Utility Functions","Component Tests ColorPicker wheel cursor moves to (220,110) after right-edge click (hue=0, sat=1)",""
"","1941","should create dynamic random color via API and verify through UI","bs-iphone-15","2026-09-20","passed","2026-09-20","Random Data Testing with faker.js","","",""
"","1575","should meet the accessibility threshold using Google Lighthouse","bs-chrome-win11","2026-09-20","skipped","2026-09-20","Accessibility Tests","","",""
"","201","should reject empty name","bs-iphone-15","2026-09-20","passed","2026-09-20","Backend API Integration > POST /api/colors Schema Validation","","",""
"","389","GET /api/colors/:name should return 404 for non-existent color","bs-iphone-15","2026-09-20","passed","2026-09-20","Backend API Integration","","",""
"","417","oversized payload is rejected (413)","bs-chrome-win11","2026-09-20","passed","2026-09-20","Security > Input Validation","","",""
"","184","POST with javascript: URI in name is rejected (400)","bs-pixel-7","2026-09-20","passed","2026-09-20","Security > XSS Prevention","","",""
"","2582","close (×) button closes the picker","bs-iphone-15","2026-09-20","passed","2026-09-20","Color Management — Add & Delete","","",""
"","5","Server Unit Tests Surviving Mutants & Edge Cases Swagger Metadata & OpenAPI has exact info metadata","","2026-09-20","passed","2026-09-20","","Server Unit Tests","Server Unit Tests Surviving Mutants & Edge Cases Swagger Metadata & OpenAPI has exact info metadata",""
"","22","Frontend Unit Tests App Component colors.length > 0 does NOT show loading text","","2026-09-20","passed","2026-09-20","","Frontend Unit Tests","Frontend Unit Tests App Component colors.length > 0 does NOT show loading text",""
"","2979","shows client-side validation error for invalid name chars","bs-safari-ventura","2026-09-20","passed","2026-09-20","Color Management — Add & Delete","","",""
"","1579","changing color to Yellow should reflect in UI and DOM","bs-iphone-15","2026-09-20","passed","2026-09-20","Data-Driven Testing","","",""
"","4","Server Unit Tests POST /api/reseed returns 401 when token is incorrect","","2026-09-20","passed","2026-09-20","","Server Unit Tests","Server Unit Tests POST /api/reseed returns 401 when token is incorrect",""
"","172","malformed JSON body returns 400","bs-iphone-15","2026-09-20","passed","2026-09-20","Security > Input Validation","","",""
"","941","verify Red ( #e74c3c ) is applied as the background color","bs-pixel-7","2026-09-20","passed","2026-09-20","POM Refactored: Background color tests","","",""
"","3841","successfully adds a new color and shows its chip","bs-safari-ventura","2026-09-20","passed","2026-09-20","Color Management — Add & Delete","","",""
"","985","should update a color with valid schema","bs-firefox-win11","2026-09-20","passed","2026-09-20","Backend API Integration > PUT /api/colors/:name Schema Validation","","",""
"","277","Component Tests ColorPicker renders the modal with title, hex preview, name and hex inputs","","2026-09-20","passed","2026-09-20","","Utility Functions","Component Tests ColorPicker renders the modal with title, hex preview, name and hex inputs",""
"","1","Utility Functions rgbToHsl pure red → h=0, s=1, l=0.5","","2026-09-20","passed","2026-09-20","","Utility Functions","Utility Functions rgbToHsl pure red → h=0, s=1, l=0.5",""
"","0","Utility Functions hslToRgb saturation clamped: s=-0.5 treated as s=0","","2026-09-20","passed","2026-09-20","","Utility Functions","Utility Functions hslToRgb saturation clamped: s=-0.5 treated as s=0",""
"","43","Frontend Unit Tests App Component active chip has is-active CSS class","","2026-09-20","passed","2026-09-20","","Frontend Unit Tests","Frontend Unit Tests App Component active chip has is-active CSS class",""
"","10","Server Unit Tests Surviving Mutants & Edge Cases PUT logic kills name/hex conditional mutants by providing only one field","","2026-09-20","passed","2026-09-20","","Server Unit Tests","Server Unit Tests Surviving Mutants & Edge Cases PUT logic kills name/hex conditional mutants by providing only one field",""
"","982","shows server-error message on 500 inside the picker","bs-pixel-7","2026-09-20","passed","2026-09-20","Color Management — Add & Delete","","",""
"","12","Server Unit Tests PUT /api/colors/:name updates the name of an existing color and preserves hex","","2026-09-20","passed","2026-09-20","","Server Unit Tests","Server Unit Tests PUT /api/colors/:name updates the name of an existing color and preserves hex",""
"","193","should reject updating with empty name","bs-chrome-win11","2026-09-20","passed","2026-09-20","Backend API Integration > PUT /api/colors/:name Schema Validation","","",""
"","582","Escape key closes the confirm dialog","bs-chrome-win11","2026-09-20","passed","2026-09-20","Color Management — Add & Delete","","",""
"","182","error responses return JSON, not HTML (no info leakage)","bs-chrome-win11","2026-09-20","passed","2026-09-20","Security > Security Headers","","",""
"","168","should reject invalid hex format on update","bs-iphone-15","2026-09-20","passed","2026-09-20","Backend API Integration > PUT /api/colors/:name Schema Validation","","",""
"","4","Server Unit Tests PUT /api/colors/:name returns 400 for invalid current name format in URL","","2026-09-20","passed","2026-09-20","","Server Unit Tests","Server Unit Tests PUT /api/colors/:name returns 400 for invalid current name format in URL",""
"","4","Server Unit Tests POST /api/reseed returns 401 when Authorization header is missing","","2026-09-20","passed","2026-09-20","","Server Unit Tests","Server Unit Tests POST /api/reseed returns 401 when Authorization header is missing",""
"","874","homepage should match snapshot","Chrome","2026-09-20","passed","2026-09-20","Visual Regression – iphone-se (375×667)","","",""
"","12","Component Tests ColorPicker typing blue hex updates internal state (b is max branch)","","2026-09-20","passed","2026-09-20","","Utility Functions","Component Tests ColorPicker typing blue hex updates internal state (b is max branch)",""
"","304","GET /api/colors/Red should return the correct hex code","bs-iphone-15","2026-09-20","passed","2026-09-20","Backend API Integration","","",""
"","4","Server Unit Tests PUT /api/colors/:name returns 400 for invalid name in path (regex check)","","2026-09-20","passed","2026-09-20","","Server Unit Tests","Server Unit Tests PUT /api/colors/:name returns 400 for invalid name in path (regex check)",""
"","314","GET /api/colors/Turquoise should return the correct hex code","bs-chrome-win11","2026-09-20","passed","2026-09-20","Backend API Integration","","",""
"","174","should reject updating with empty name","bs-iphone-15","2026-09-20","passed","2026-09-20","Backend API Integration > PUT /api/colors/:name Schema Validation","","",""
"","1194","changing color to Yellow should reflect in UI and DOM","bs-pixel-7","2026-09-20","passed","2026-09-20","Data-Driven Testing","","",""
"","6","Server Unit Tests PUT /api/colors/:name does not change name when updating only hex","","2026-09-20","passed","2026-09-20","","Server Unit Tests","Server Unit Tests PUT /api/colors/:name does not change name when updating only hex",""
"","3476","homepage after color change","percy","2026-09-20","passed","2026-09-20","Percy Visual Regression – Production > Percy – tablet (768×1024)","","",""
"","75","Frontend Unit Tests App Component picker onCancel does nothing when saving=true","","2026-09-20","passed","2026-09-20","","Frontend Unit Tests","Frontend Unit Tests App Component picker onCancel does nothing when saving=true",""
"","66","Frontend Unit Tests App Component handles non-array initial fetch response gracefully","","2026-09-20","passed","2026-09-20","","Frontend Unit Tests","Frontend Unit Tests App Component handles non-array initial fetch response gracefully",""
"","1","Utility Functions rgbToHsl dark red (#800000): l<0.5, s=1 (l<=0.5 saturation branch)","","2026-09-20","passed","2026-09-20","","Utility Functions","Utility Functions rgbToHsl dark red (#800000): l<0.5, s=1 (l<=0.5 saturation branch)",""
"","11","should reject omitting both name and hex on update","Chrome","2026-09-20","passed","2026-09-20","Backend API Integration > PUT /api/colors/:name Schema Validation","tests/api.spec.ts","",""
"","17","Server Integration Tests (Testcontainers) POST /api/reseed should be idempotent — calling reseed twice always yields exactly 3 colors","","2026-09-20","passed","2026-09-20","","Server Integration Tests (Testcontainers)","Server Integration Tests (Testcontainers) POST /api/reseed should be idempotent — calling reseed twice always yields exactly 3 colors",""
"","8","Server Integration Tests (Testcontainers) GET /api/colors/:name should not expose _id or __v fields","","2026-09-20","passed","2026-09-20","","Server Integration Tests (Testcontainers)","Server Integration Tests (Testcontainers) GET /api/colors/:name should not expose _id or __v fields",""
"","10","Server Integration Tests (Testcontainers) seedDatabase should be idempotent — calling twice always yields exactly 3 colors","","2026-09-20","passed","2026-09-20","","Server Integration Tests (Testcontainers)","Server Integration Tests (Testcontainers) seedDatabase should be idempotent — calling twice always yields exactly 3 colors",""
"","170","PATCH /api/colors returns 405","bs-safari-ventura","2026-09-20","passed","2026-09-20","Security > HTTP Method Restrictions","","",""
"","0","Utility Functions readableOn returns #fff for a very dark blue","","2026-09-20","passed","2026-09-20","","Utility Functions","Utility Functions readableOn returns #fff for a very dark blue",""
"","605","should handle fetch colors network failure gracefully","Chrome","2026-09-20","passed","2026-09-20","UI Error Handling Coverage","tests/error-handling.spec.ts","",""
"","191","NoSQL operator in GET path param is rejected (400 or 404)","bs-pixel-7","2026-09-20","passed","2026-09-20","Security > Injection Prevention","","",""
"","185","DELETE /api/colors (collection) returns 405","bs-iphone-15","2026-09-20","passed","2026-09-20","Security > HTTP Method Restrictions","","",""
"","68","Frontend Unit Tests App Component fetches and displays color chips with swatch and delete button","","2026-09-20","passed","2026-09-20","","Frontend Unit Tests","Frontend Unit Tests App Component fetches and displays color chips with swatch and delete button",""
"","1355","clicking ""+ Add color"" opens the picker modal","bs-iphone-15","2026-09-20","passed","2026-09-20","Color Management — Add & Delete","","",""
"","701","changing color to Turquoise should reflect in UI and DOM","Chrome","2026-09-20","passed","2026-09-20","Data-Driven Testing","tests/data-driven.spec.ts","",""
"","1622","Escape key closes the confirm dialog","bs-safari-ventura","2026-09-20","passed","2026-09-20","Color Management — Add & Delete","","",""
"","191","NoSQL $where operator in name is rejected (400)","bs-firefox-win11","2026-09-20","passed","2026-09-20","Security > Injection Prevention","","",""
"","4","Server Unit Tests POST /api/reseed returns 401 when Bearer scheme prefix is missing","","2026-09-20","passed","2026-09-20","","Server Unit Tests","Server Unit Tests POST /api/reseed returns 401 when Bearer scheme prefix is missing",""
"","1051","handle initial fetch with empty data","bs-iphone-15","2026-09-20","passed","2026-09-20","Edge cases and error handling","","",""
"","10","Frontend Unit Tests App Component shows error alert when initial fetch fails","","2026-09-20","passed","2026-09-20","","Frontend Unit Tests","Frontend Unit Tests App Component shows error alert when initial fetch fails",""
"","704","handle color selection fetch error","bs-pixel-7","2026-09-20","passed","2026-09-20","Edge cases and error handling","","",""
"","6","Server Integration Tests (Testcontainers) POST /api/reseed should return 405 for GET on /api/reseed","","2026-09-20","passed","2026-09-20","","Server Integration Tests (Testcontainers)","Server Integration Tests (Testcontainers) POST /api/reseed should return 405 for GET on /api/reseed",""
"","59","Frontend Unit Tests App Component delete network error shows error alert","","2026-09-20","passed","2026-09-20","","Frontend Unit Tests","Frontend Unit Tests App Component delete network error shows error alert",""
"","1001","should display all core elements and handle button interaction","Chrome","2026-09-20","passed","2026-09-20","Responsive Design – iPhone landscape (667×375)","","",""
"","569","should create a new color with valid schema","bs-firefox-win11","2026-09-20","passed","2026-09-20","Backend API Integration > POST /api/colors Schema Validation","","",""
"","23","Component Tests ColorPicker touchend stops dragging (touchmove after touchend is ignored)","","2026-09-20","passed","2026-09-20","","Utility Functions","Component Tests ColorPicker touchend stops dragging (touchmove after touchend is ignored)",""
"","2255","clicking the backdrop closes the picker","bs-iphone-15","2026-09-20","passed","2026-09-20","Color Management — Add & Delete","","",""
"","5","Server Unit Tests Middleware returns 400 for malformed JSON body","","2026-09-20","passed","2026-09-20","","Server Unit Tests","Server Unit Tests Middleware returns 400 for malformed JSON body",""
"","8","Component Tests ColorPicker pressing a non-Escape key does not call onCancel","","2026-09-20","passed","2026-09-20","","Utility Functions","Component Tests ColorPicker pressing a non-Escape key does not call onCancel",""
"","23","Component Tests ColorPicker close (×) button calls onCancel","","2026-09-20","passed","2026-09-20","","Utility Functions","Component Tests ColorPicker close (×) button calls onCancel",""
"","201","DELETE /api/colors (collection) returns 405","bs-chrome-win11","2026-09-20","passed","2026-09-20","Security > HTTP Method Restrictions","","",""
"","497","shows a chip for each color with a swatch, name, and delete button","bs-pixel-7","2026-09-20","passed","2026-09-20","Color Management — Add & Delete","","",""
"","864","should update a color with valid schema","bs-pixel-7","2026-09-20","passed","2026-09-20","Backend API Integration > PUT /api/colors/:name Schema Validation","","",""
"","23","Frontend Unit Tests App Component text color on dark background is white","","2026-09-20","passed","2026-09-20","","Frontend Unit Tests","Frontend Unit Tests App Component text color on dark background is white",""
"","1940","should create color via API and verify through UI","bs-iphone-15","2026-09-20","passed","2026-09-20","Hybrid E2E Testing","","",""
"","57","Frontend Unit Tests App Component confirm dialog cancel button closes it","","2026-09-20","passed","2026-09-20","","Frontend Unit Tests","Frontend Unit Tests App Component confirm dialog cancel button closes it",""
"","242","empty body on POST returns 400","bs-pixel-7","2026-09-20","passed","2026-09-20","Security > Input Validation","","",""
"","12","GET /api/colors/:name should return 404 for non-existent color","Chrome","2026-09-20","passed","2026-09-20","Backend API Integration","tests/api.spec.ts","",""
"","1029","verify Red ( #e74c3c ) is applied as the background color","Chrome","2026-09-20","passed","2026-09-20","Background color tests","tests/coverage.spec.ts","",""
"","957","delete API error shows alert banner","Chrome","2026-09-20","passed","2026-09-20","Color Management — Add & Delete","tests/color-management.spec.ts","",""
"","2354","shows 409 duplicate error from server inside the picker","bs-firefox-win11","2026-09-20","passed","2026-09-20","Color Management — Add & Delete","","",""
"","207","DELETE /api/colors (collection) returns 405","bs-pixel-7","2026-09-20","passed","2026-09-20","Security > HTTP Method Restrictions","","",""
"","1348","Escape key closes the confirm dialog","bs-iphone-15","2026-09-20","passed","2026-09-20","Color Management — Add & Delete","","",""
"","249","PATCH /api/colors returns 405","bs-chrome-win11","2026-09-20","passed","2026-09-20","Security > HTTP Method Restrictions","","",""
"","1763","verify Yellow ( #f1c40f ) is applied as the background color","bs-safari-ventura","2026-09-20","passed","2026-09-20","POM Refactored: Background color tests","","",""
"","2063","should maintain accessibility after state change (color update)","bs-pixel-7","2026-09-20","passed","2026-09-20","Accessibility Tests","","",""
"","548","first color chip is active on load (aria-pressed=true)","bs-pixel-7","2026-09-20","passed","2026-09-20","Color Management — Add & Delete","","",""
"","285","GET /api/colors/:name should return 404 for non-existent color","bs-firefox-win11","2026-09-20","passed","2026-09-20","Backend API Integration","","",""
"","31","Component Tests ConfirmDialog cancel button calls onCancel","","2026-09-20","passed","2026-09-20","","Component Tests","Component Tests ConfirmDialog cancel button calls onCancel",""
"","172","should reject updating with empty name","bs-safari-ventura","2026-09-20","passed","2026-09-20","Backend API Integration > PUT /api/colors/:name Schema Validation","","",""
"","193","unknown extra fields in POST body are rejected (400)","bs-chrome-win11","2026-09-20","passed","2026-09-20","Security > Input Validation","","",""
"","1958","should maintain accessibility in es language and verify resilient locators","bs-chrome-win11","2026-09-20","passed","2026-09-20","i18n Accessibility Tests","","",""
"","183","PATCH /api/colors/:name returns 405","bs-chrome-win11","2026-09-20","passed","2026-09-20","Security > HTTP Method Restrictions","","",""
"","1167","Cancel button closes the picker","bs-firefox-win11","2026-09-20","passed","2026-09-20","Color Management — Add & Delete","","",""
"","26","Component Tests ColorPicker typing in name input clears name error","","2026-09-20","passed","2026-09-20","","Utility Functions","Component Tests ColorPicker typing in name input clears name error",""
"","1682","changing color to Yellow should reflect in UI and DOM","bs-safari-ventura","2026-09-20","passed","2026-09-20","Data-Driven Testing","","",""
"","1","Utility Functions rgbToHsl b max (#0040ff) → h in (180,300)","","2026-09-20","passed","2026-09-20","","Utility Functions","Utility Functions rgbToHsl b max (#0040ff) → h in (180,300)",""
"","233","PATCH /api/colors/:name returns 405","bs-pixel-7","2026-09-20","passed","2026-09-20","Security > HTTP Method Restrictions","","",""
"","1361","verify Red ( #e74c3c ) is applied as the background color","bs-safari-ventura","2026-09-20","passed","2026-09-20","POM Refactored: Background color tests","","",""
"","106","Frontend Unit Tests App Component confirm dialog cancel does nothing when deleting=true","","2026-09-20","passed","2026-09-20","","Frontend Unit Tests","Frontend Unit Tests App Component confirm dialog cancel does nothing when deleting=true",""
"","172","should reject missing name","bs-pixel-7","2026-09-20","passed","2026-09-20","Backend API Integration > POST /api/colors Schema Validation","","",""
"","284","GET /api/colors/:name should return 404 for non-existent color","bs-pixel-7","2026-09-20","passed","2026-09-20","Backend API Integration","","",""
"","555","should delete an existing color","bs-safari-ventura","2026-09-20","passed","2026-09-20","Backend API Integration > DELETE /api/colors/:name","","",""
"","1244","verify Yellow ( #f1c40f ) is applied as the background color","bs-chrome-win11","2026-09-20","passed","2026-09-20","Background color tests","","",""
"","27","Component Tests ColorPicker submit with duplicate name (client-side) shows duplicate error","","2026-09-20","passed","2026-09-20","","Utility Functions","Component Tests ColorPicker submit with duplicate name (client-side) shows duplicate error",""
"","235","PATCH /api/colors/:name returns 405","bs-firefox-win11","2026-09-20","passed","2026-09-20","Security > HTTP Method Restrictions","","",""
"","1257","should load the application and verify core functionality across browsers","bs-firefox-win11","2026-09-20","passed","2026-09-20","Cross-Browser Core Functionality","","",""
"","8","Server Unit Tests GET /api/colors/:name returns Yellow color correctly","","2026-09-20","passed","2026-09-20","","Server Unit Tests","Server Unit Tests GET /api/colors/:name returns Yellow color correctly",""
"","32","Frontend Unit Tests App Component clicking Add color button opens picker modal","","2026-09-20","passed","2026-09-20","","Frontend Unit Tests","Frontend Unit Tests App Component clicking Add color button opens picker modal",""
"","13","should reject invalid hex format","Chrome","2026-09-20","passed","2026-09-20","Backend API Integration > POST /api/colors Schema Validation","tests/api.spec.ts","",""
"","199","array body on POST returns 400","bs-chrome-win11","2026-09-20","passed","2026-09-20","Security > Input Validation","","",""
"","183","POST /api-docs returns 405","bs-chrome-win11","2026-09-20","passed","2026-09-20","Security > HTTP Method Restrictions","","",""
"","284","GET /api/colors should return all colors","bs-safari-ventura","2026-09-20","passed","2026-09-20","Backend API Integration","","",""
"","1220","verify Turquoise ( #1abc9c ) is applied as the background color","bs-pixel-7","2026-09-20","passed","2026-09-20","Background color tests","","",""
"","1171","close (×) button closes the picker","bs-firefox-win11","2026-09-20","passed","2026-09-20","Color Management — Add & Delete","","",""
"","18","GET /api/colors","","","passed","","","schemathesis","",""
"","1407","verify Turquoise ( #1abc9c ) is applied as the background color","bs-firefox-win11","2026-09-20","passed","2026-09-20","POM Refactored: Background color tests","","",""
"","169","array body on POST returns 400","bs-iphone-15","2026-09-20","passed","2026-09-20","Security > Input Validation","","",""
"","258","homepage should match snapshot","percy","2026-09-20","skipped","2026-09-20","Visual Regression – iphone-se (375×667)","","",""
"","3","Server Unit Tests Surviving Mutants & Edge Cases Mongoose Schema Strictness kills empty schema mutant by checking schema paths","","2026-09-20","passed","2026-09-20","","Server Unit Tests","Server Unit Tests Surviving Mutants & Edge Cases Mongoose Schema Strictness kills empty schema mutant by checking schema paths",""
"","5","Server Unit Tests POST /api/colors returns 400 for invalid hex format (too short)","","2026-09-20","passed","2026-09-20","","Server Unit Tests","Server Unit Tests POST /api/colors returns 400 for invalid hex format (too short)",""
"","651","should handle missing image gracefully by showing alt text","bs-firefox-win11","2026-09-20","passed","2026-09-20","Network Mocking & Interception","","",""
"","10","Frontend Unit Tests App Component shows loading text when colors array is empty","","2026-09-20","passed","2026-09-20","","Frontend Unit Tests","Frontend Unit Tests App Component shows loading text when colors array is empty",""
"","1303","verify Red ( #e74c3c ) is applied as the background color","bs-iphone-15","2026-09-20","passed","2026-09-20","Background color tests","","",""
"","337","GET /api/colors/Turquoise should return the correct hex code","bs-pixel-7","2026-09-20","passed","2026-09-20","Backend API Integration","","",""
"","1479","cancel in confirm dialog closes it without deleting","bs-firefox-win11","2026-09-20","passed","2026-09-20","Color Management — Add & Delete","","",""
"","332","NoSQL operator in GET path param is rejected (400 or 404)","bs-firefox-win11","2026-09-20","passed","2026-09-20","Security > Injection Prevention","","",""
"","331","Server Unit Tests Surviving Mutants & Edge Cases Port Fallback reflects process.env.PORT in Swagger servers","","2026-09-20","passed","2026-09-20","","Server Unit Tests","Server Unit Tests Surviving Mutants & Edge Cases Port Fallback reflects process.env.PORT in Swagger servers",""
"","0","Utility Functions rgbToHsl mid-grey [128,128,128] → s=0","","2026-09-20","passed","2026-09-20","","Utility Functions","Utility Functions rgbToHsl mid-grey [128,128,128] → s=0",""
"","33","Component Tests ColorPicker submit is blocked when hex input has an error","","2026-09-20","passed","2026-09-20","","Utility Functions","Component Tests ColorPicker submit is blocked when hex input has an error",""
"","186","empty body on POST returns 400","bs-firefox-win11","2026-09-20","passed","2026-09-20","Security > Input Validation","","",""
"","169","NoSQL operator in GET path param is rejected (400 or 404)","bs-iphone-15","2026-09-20","passed","2026-09-20","Security > Injection Prevention","","",""
"","47","Frontend Unit Tests App Component deleting the last color sets activeName to null","","2026-09-20","passed","2026-09-20","","Frontend Unit Tests","Frontend Unit Tests App Component deleting the last color sets activeName to null",""
"","7","Server Unit Tests Middleware JSON error middleware passes non-syntax errors to next()","","2026-09-20","passed","2026-09-20","","Server Unit Tests","Server Unit Tests Middleware JSON error middleware passes non-syntax errors to next()",""
"","192","should reject missing hex","bs-firefox-win11","2026-09-20","passed","2026-09-20","Backend API Integration > POST /api/colors Schema Validation","","",""
"","4","Component Tests ConfirmDialog title is rendered in the element with id confirm-title","","2026-09-20","passed","2026-09-20","","Component Tests","Component Tests ConfirmDialog title is rendered in the element with id confirm-title",""
"","756","shows a chip for each color with a swatch, name, and delete button","Chrome","2026-09-20","passed","2026-09-20","Color Management — Add & Delete","tests/color-management.spec.ts","",""
"","1142","chip-x click opens confirm dialog with color name","bs-iphone-15","2026-09-20","passed","2026-09-20","Color Management — Add & Delete","","",""
"","61","Frontend Unit Tests App Component saving is false again after a failed add (finally block)","","2026-09-20","passed","2026-09-20","","Frontend Unit Tests","Frontend Unit Tests App Component saving is false again after a failed add (finally block)",""
"","4","Server Unit Tests 405 Method Not Allowed returns 405 for PATCH on /api/colors/:name","","2026-09-20","passed","2026-09-20","","Server Unit Tests","Server Unit Tests 405 Method Not Allowed returns 405 for PATCH on /api/colors/:name",""
"","1630","changing color to Turquoise should reflect in UI and DOM","bs-iphone-15","2026-09-20","passed","2026-09-20","Data-Driven Testing","","",""
"","4","Server Unit Tests PUT /api/colors/:name returns 400 for invalid hex on update","","2026-09-20","passed","2026-09-20","","Server Unit Tests","Server Unit Tests PUT /api/colors/:name returns 400 for invalid hex on update",""
"","4","Server Unit Tests Surviving Mutants & Edge Cases Swagger JSDoc Integration kills apis array mutants by verifying JSDoc content is present","","2026-09-20","passed","2026-09-20","","Server Unit Tests","Server Unit Tests Surviving Mutants & Edge Cases Swagger JSDoc Integration kills apis array mutants by verifying JSDoc content is present",""
"","1","Utility Functions rgbToHex value 15 pads to 0f","","2026-09-20","passed","2026-09-20","","Utility Functions","Utility Functions rgbToHex value 15 pads to 0f",""
"","337","GET /api/colors/Yellow should return the correct hex code","bs-chrome-win11","2026-09-20","passed","2026-09-20","Backend API Integration","","",""
"","8","Server Unit Tests 405 Method Not Allowed does not return 405 for allowed PUT method on /api/colors/:name","","2026-09-20","passed","2026-09-20","","Server Unit Tests","Server Unit Tests 405 Method Not Allowed does not return 405 for allowed PUT method on /api/colors/:name",""
"","9","Server Unit Tests GET /api/colors returns colors sorted alphabetically by name","","2026-09-20","passed","2026-09-20","","Server Unit Tests","Server Unit Tests GET /api/colors returns colors sorted alphabetically by name",""
"","623","should show loading state when API returns empty colors","bs-chrome-win11","2026-09-20","passed","2026-09-20","UI Error Handling Coverage","","",""
"","0","Utility Functions hslToRgb hue=150 (spring green) → [0,255,128]","","2026-09-20","passed","2026-09-20","","Utility Functions","Utility Functions hslToRgb hue=150 (spring green) → [0,255,128]",""
"","462","should handle fetch colors network failure gracefully","bs-pixel-7","2026-09-20","passed","2026-09-20","UI Error Handling Coverage","","",""
"","175","error responses return JSON, not HTML (no info leakage)","bs-iphone-15","2026-09-20","passed","2026-09-20","Security > Security Headers","","",""
"","4","PUT /openapi.json returns 405","Chrome","2026-09-20","passed","2026-09-20","Security > HTTP Method Restrictions","tests/security.spec.ts","",""
"","606","should create a new color with valid schema","bs-pixel-7","2026-09-20","passed","2026-09-20","Backend API Integration > POST /api/colors Schema Validation","","",""
"","174","unknown extra fields in POST body are rejected (400)","bs-iphone-15","2026-09-20","passed","2026-09-20","Security > Input Validation","","",""
"","346","GET /api/colors/Yellow should return the correct hex code","bs-iphone-15","2026-09-20","passed","2026-09-20","Backend API Integration","","",""
"","973","changing color to Red should reflect in UI and DOM","bs-chrome-win11","2026-09-20","passed","2026-09-20","Data-Driven Testing","","",""
"","299","GET /api/colors/Turquoise should return the correct hex code","bs-firefox-win11","2026-09-20","passed","2026-09-20","Backend API Integration","","",""
"","32","Frontend Unit Tests App Component link color is dark (#003366) on light background","","2026-09-20","passed","2026-09-20","","Frontend Unit Tests","Frontend Unit Tests App Component link color is dark (#003366) on light background",""
"","1884","should maintain accessibility in en language and verify resilient locators","bs-chrome-win11","2026-09-20","passed","2026-09-20","i18n Accessibility Tests","","",""
"","28","Frontend Unit Tests App Component labelFor falls back to color name for unknown/custom color","","2026-09-20","passed","2026-09-20","","Frontend Unit Tests","Frontend Unit Tests App Component labelFor falls back to color name for unknown/custom color",""
"","5","Server Integration Tests (Testcontainers) POST /api/reseed should return 401 when token is invalid","","2026-09-20","passed","2026-09-20","","Server Integration Tests (Testcontainers)","Server Integration Tests (Testcontainers) POST /api/reseed should return 401 when token is invalid",""
"","9","Component Tests ColorPicker wheel cursor is at (110,110) at center (sat=0)","","2026-09-20","passed","2026-09-20","","Utility Functions","Component Tests ColorPicker wheel cursor is at (110,110) at center (sat=0)",""
"","25","should return 409 for duplicate color creation","Chrome","2026-09-20","passed","2026-09-20","Backend API Integration > POST /api/colors Schema Validation","tests/api.spec.ts","",""
"","461","should show loading state when API returns empty colors","bs-pixel-7","2026-09-20","passed","2026-09-20","UI Error Handling Coverage","","",""
"","187","empty body on POST returns 400","bs-chrome-win11","2026-09-20","passed","2026-09-20","Security > Input Validation","","",""
"","0","homepage initial state","Chrome","2026-09-20","skipped","2026-09-20","Percy Visual Regression – Production > Percy – tablet (768×1024)","","",""
"","74","Frontend Unit Tests App Component confirm button shows ""Deleting…"" label while delete is in-flight","","2026-09-20","passed","2026-09-20","","Frontend Unit Tests","Frontend Unit Tests App Component confirm button shows ""Deleting…"" label while delete is in-flight",""
"","1264","verify Turquoise ( #1abc9c ) is applied as the background color","bs-pixel-7","2026-09-20","passed","2026-09-20","POM Refactored: Background color tests","","",""
"","1912","changing color to Turquoise should reflect in UI and DOM","bs-safari-ventura","2026-09-20","passed","2026-09-20","Data-Driven Testing","","",""
"","5","Server Unit Tests POST /api/reseed returns 405 for GET on /api/reseed","","2026-09-20","passed","2026-09-20","","Server Unit Tests","Server Unit Tests POST /api/reseed returns 405 for GET on /api/reseed",""
"","2373","shows client-side ""Name is required"" when submitting empty name","bs-iphone-15","2026-09-20","passed","2026-09-20","Color Management — Add & Delete","","",""
"","7","Server Unit Tests Middleware includes CORS headers","","2026-09-20","passed","2026-09-20","","Server Unit Tests","Server Unit Tests Middleware includes CORS headers",""
"","1","Utility Functions rgbToHsl round-trip hslToRgb→rgbToHsl preserves hue for all sectors","","2026-09-20","passed","2026-09-20","","Utility Functions","Utility Functions rgbToHsl round-trip hslToRgb→rgbToHsl preserves hue for all sectors",""
"","268","should return 404 for non-existent color deletion","bs-firefox-win11","2026-09-20","passed","2026-09-20","Backend API Integration > DELETE /api/colors/:name","","",""
"","966","cancel in confirm dialog closes it without deleting","bs-pixel-7","2026-09-20","passed","2026-09-20","Color Management — Add & Delete","","",""
"","291","GET /api/colors/Red should return the correct hex code","bs-firefox-win11","2026-09-20","passed","2026-09-20","Backend API Integration","","",""
"","19","should return 404 for non-existent color deletion","Chrome","2026-09-20","passed","2026-09-20","Backend API Integration > DELETE /api/colors/:name","","",""
"","39","Frontend Unit Tests App Component initial background is first color hex","","2026-09-20","passed","2026-09-20","","Frontend Unit Tests","Frontend Unit Tests App Component initial background is first color hex",""
"","770","shows a chip for each color with a swatch, name, and delete button","bs-firefox-win11","2026-09-20","passed","2026-09-20","Color Management — Add & Delete","","",""
"","5","Server Unit Tests Surviving Mutants & Edge Cases PUT logic kills hex regex mutant in PUT","","2026-09-20","passed","2026-09-20","","Server Unit Tests","Server Unit Tests Surviving Mutants & Edge Cases PUT logic kills hex regex mutant in PUT",""
"","182","POST with script tag in name is rejected (400)","bs-safari-ventura","2026-09-20","passed","2026-09-20","Security > XSS Prevention","","",""
"","1543","clicking a chip makes it active","bs-iphone-15","2026-09-20","passed","2026-09-20","Color Management — Add & Delete","","",""
"","1417","color names rendered in the UI do not trigger script execution","bs-chrome-win11","2026-09-20","passed","2026-09-20","Security > XSS Prevention","","",""
"","212","SQL injection characters in name are rejected (400)","bs-chrome-win11","2026-09-20","passed","2026-09-20","Security > Injection Prevention","","",""
"","278","should return 404 for non-existent color deletion","bs-pixel-7","2026-09-20","passed","2026-09-20","Backend API Integration > DELETE /api/colors/:name","","",""
"","186","unknown extra fields in POST body are rejected (400)","bs-safari-ventura","2026-09-20","passed","2026-09-20","Security > Input Validation","","",""
"","178","POST with script tag in name is rejected (400)","bs-iphone-15","2026-09-20","passed","2026-09-20","Security > XSS Prevention","","",""
"","3232","homepage initial state","percy","2026-09-20","passed","2026-09-20","Percy Visual Regression – Production > Percy – desktop-xl (1920×1080)","","",""
"","202","POST with script tag in name is rejected (400)","bs-chrome-win11","2026-09-20","passed","2026-09-20","Security > XSS Prevention","","",""
"","1113","verify Red ( #e74c3c ) is applied as the background color","bs-firefox-win11","2026-09-20","passed","2026-09-20","POM Refactored: Background color tests","","",""
"","5","Component Tests ColorPicker serverError banner is absent when serverError is null","","2026-09-20","passed","2026-09-20","","Utility Functions","Component Tests ColorPicker serverError banner is absent when serverError is null",""
"","195","POST /api-docs returns 405","bs-pixel-7","2026-09-20","passed","2026-09-20","Security > HTTP Method Restrictions","","",""
"","7","Frontend Unit Tests App Component colors.length === 0 shows loading text","","2026-09-20","passed","2026-09-20","","Frontend Unit Tests","Frontend Unit Tests App Component colors.length === 0 shows loading text",""
"","23","Component Tests ColorPicker submit with invalid chars shows validation error","","2026-09-20","passed","2026-09-20","","Utility Functions","Component Tests ColorPicker submit with invalid chars shows validation error",""
"","652","should gracefully handle a color not found in the database","Chrome","2026-09-20","passed","2026-09-20","Network Mocking & Interception","tests/network-mocking.spec.ts","",""
"","817","Background stays unchanged when fetching a specific color fails","BDD","2026-09-20","passed","2026-09-20","API Error Handling","","",""
"","1301","should display all core elements and handle button interaction","Chrome","2026-09-20","passed","2026-09-20","Responsive Design – tablet (768×1024)","","",""
"","5","Server Integration Tests (Testcontainers) DELETE /api/colors/:name should return 400 for invalid name format","","2026-09-20","passed","2026-09-20","","Server Integration Tests (Testcontainers)","Server Integration Tests (Testcontainers) DELETE /api/colors/:name should return 400 for invalid name format",""
"","1056","homepage should match snapshot","Chrome","2026-09-20","passed","2026-09-20","Visual Regression – tablet (768×1024)","","",""
"","1236","shows 409 duplicate error from server inside the picker","Chrome","2026-09-20","passed","2026-09-20","Color Management — Add & Delete","tests/color-management.spec.ts","",""
"","1016","should gracefully handle a color not found in the database","bs-iphone-15","2026-09-20","passed","2026-09-20","Network Mocking & Interception","","",""
"","5684","should maintain accessibility after state change (color update)","bs-chrome-win11","2026-09-20","passed","2026-09-20","Accessibility Tests","","",""
"","2393","successful delete removes the chip","bs-safari-ventura","2026-09-20","passed","2026-09-20","Color Management — Add & Delete","","",""
"","644","should handle missing image gracefully by showing alt text","bs-iphone-15","2026-09-20","passed","2026-09-20","Network Mocking & Interception","","",""
"","1011","cancel in confirm dialog closes it without deleting","bs-chrome-win11","2026-09-20","passed","2026-09-20","Color Management — Add & Delete","","",""
"","329","GET /api/colors/Yellow should return the correct hex code","bs-safari-ventura","2026-09-20","passed","2026-09-20","Backend API Integration","","",""
"","0","Utility Functions hslToRgb lightness=0 gives black","","2026-09-20","passed","2026-09-20","","Utility Functions","Utility Functions hslToRgb lightness=0 gives black",""
"","8124","should meet the accessibility threshold using Google Lighthouse","Chrome","2026-09-20","passed","2026-09-20","Accessibility Tests","tests/a11y.spec.ts","",""
"","6","Server Integration Tests (Testcontainers) PUT /api/colors/:name should return 400 for invalid name in URL path","","2026-09-20","passed","2026-09-20","","Server Integration Tests (Testcontainers)","Server Integration Tests (Testcontainers) PUT /api/colors/:name should return 400 for invalid name in URL path",""
"","64","Frontend Unit Tests App Component useEffect runs only once on mount","","2026-09-20","passed","2026-09-20","","Frontend Unit Tests","Frontend Unit Tests App Component useEffect runs only once on mount",""
"","716","should display colors that do not exist in the database","bs-chrome-win11","2026-09-20","passed","2026-09-20","Network Mocking & Interception","","",""
"","1871","delete API error shows alert banner","bs-iphone-15","2026-09-20","passed","2026-09-20","Color Management — Add & Delete","","",""
"","177","POST with HTML tag in name is rejected (400)","bs-safari-ventura","2026-09-20","passed","2026-09-20","Security > XSS Prevention","","",""
"","323","GET /api/colors should return colors sorted alphabetically by name","bs-chrome-win11","2026-09-20","passed","2026-09-20","Backend API Integration","","",""
"","996","changing color to Yellow should reflect in UI and DOM","Chrome","2026-09-20","passed","2026-09-20","Data-Driven Testing","tests/data-driven.spec.ts","",""
"","59","Frontend Unit Tests App Component header color attribute changes after clicking a chip","","2026-09-20","passed","2026-09-20","","Frontend Unit Tests","Frontend Unit Tests App Component header color attribute changes after clicking a chip",""
"","55","Frontend Unit Tests App Component deleting a non-active color keeps the current background","","2026-09-20","passed","2026-09-20","","Frontend Unit Tests","Frontend Unit Tests App Component deleting a non-active color keeps the current background",""
"","5","PATCH /api/colors returns 405","Chrome","2026-09-20","passed","2026-09-20","Security > HTTP Method Restrictions","tests/security.spec.ts","",""
"","3029","POST /api/colors","","","passed","","","schemathesis","",""
"","5","Server Unit Tests 405 Method Not Allowed does not return 405 for allowed GET method on /api/colors/:name","","2026-09-20","passed","2026-09-20","","Server Unit Tests","Server Unit Tests 405 Method Not Allowed does not return 405 for allowed GET method on /api/colors/:name",""
"","980","close (×) button closes the picker","bs-pixel-7","2026-09-20","passed","2026-09-20","Color Management — Add & Delete","","",""
"","77","Frontend Unit Tests App Component add color success closes picker and shows new chip","","2026-09-20","passed","2026-09-20","","Frontend Unit Tests","Frontend Unit Tests App Component add color success closes picker and shows new chip",""
"","17","Component Tests ConfirmDialog confirmLabel prop is reflected in the button text","","2026-09-20","passed","2026-09-20","","Component Tests","Component Tests ConfirmDialog confirmLabel prop is reflected in the button text",""
"","1628","color names rendered in the UI do not trigger script execution","bs-iphone-15","2026-09-20","passed","2026-09-20","Security > XSS Prevention","","",""
"","14","Server Unit Tests GET /api/colors does not expose _id or __v fields","","2026-09-20","passed","2026-09-20","","Server Unit Tests","Server Unit Tests GET /api/colors does not expose _id or __v fields",""
"","27","Server Unit Tests POST /api/colors creates a new color and returns 201 with correct body","","2026-09-20","passed","2026-09-20","","Server Unit Tests","Server Unit Tests POST /api/colors creates a new color and returns 201 with correct body",""
"","5","Server Integration Tests (Testcontainers) POST /api/reseed should return 401 when Authorization header is missing","","2026-09-20","passed","2026-09-20","","Server Integration Tests (Testcontainers)","Server Integration Tests (Testcontainers) POST /api/reseed should return 401 when Authorization header is missing",""
"","62","Frontend Unit Tests App Component handleColorClick clears previous error on new successful click","","2026-09-20","passed","2026-09-20","","Frontend Unit Tests","Frontend Unit Tests App Component handleColorClick clears previous error on new successful click",""
"","0","Utility Functions rgbToHsl r max, g>0, b=0 → h in (0,60)","","2026-09-20","passed","2026-09-20","","Utility Functions","Utility Functions rgbToHsl r max, g>0, b=0 → h in (0,60)",""
"","3075","changing color to Red should reflect in UI and DOM","bs-firefox-win11","2026-09-20","passed","2026-09-20","Data-Driven Testing","","",""
"","694","Example #2","BDD","2026-09-20","passed","2026-09-20","Language Switching > Switch language and verify translated UI labels","","",""
"","1374","changing color to Red should reflect in UI and DOM","bs-safari-ventura","2026-09-20","passed","2026-09-20","Data-Driven Testing","","",""
"","269","should return 404 when updating non-existent color","bs-firefox-win11","2026-09-20","passed","2026-09-20","Backend API Integration > PUT /api/colors/:name Schema Validation","","",""
"","11","Server Integration Tests (Testcontainers) GET /api/colors/:name should be case-sensitive (lowercase name returns 404)","","2026-09-20","passed","2026-09-20","","Server Integration Tests (Testcontainers)","Server Integration Tests (Testcontainers) GET /api/colors/:name should be case-sensitive (lowercase name returns 404)",""
"","1","Utility Functions rgbToHex pads single-digit hex values with leading zero","","2026-09-20","passed","2026-09-20","","Utility Functions","Utility Functions rgbToHex pads single-digit hex values with leading zero",""
"","9","Server Unit Tests PUT /api/colors/:name updates both name and hex simultaneously","","2026-09-20","passed","2026-09-20","","Server Unit Tests","Server Unit Tests PUT /api/colors/:name updates both name and hex simultaneously",""
"","1772","verify Turquoise ( #1abc9c ) is applied as the background color","bs-iphone-15","2026-09-20","passed","2026-09-20","POM Refactored: Background color tests","","",""
"","27","Component Tests ColorPicker submit with empty name shows ""Name is required"" error","","2026-09-20","passed","2026-09-20","","Utility Functions","Component Tests ColorPicker submit with empty name shows ""Name is required"" error",""
"","29","Frontend Unit Tests App Component labelFor returns translation for known color (Turquoise)","","2026-09-20","passed","2026-09-20","","Frontend Unit Tests","Frontend Unit Tests App Component labelFor returns translation for known color (Turquoise)",""
"","911","first color chip is active on load (aria-pressed=true)","bs-iphone-15","2026-09-20","passed","2026-09-20","Color Management — Add & Delete","","",""
"","13","Server Unit Tests Surviving Mutants & Edge Cases Strict Path & Method Validation kills mutants that change route paths to empty string","","2026-09-20","passed","2026-09-20","","Server Unit Tests","Server Unit Tests Surviving Mutants & Edge Cases Strict Path & Method Validation kills mutants that change route paths to empty string",""
"","326","GET /api/colors should return all colors","bs-firefox-win11","2026-09-20","passed","2026-09-20","Backend API Integration","","",""
"","197","should reject invalid hex format on update","bs-safari-ventura","2026-09-20","passed","2026-09-20","Backend API Integration > PUT /api/colors/:name Schema Validation","","",""
"","1464","verify Red ( #e74c3c ) is applied as the background color","bs-iphone-15","2026-09-20","passed","2026-09-20","POM Refactored: Background color tests","","",""
"","510","should gracefully handle a color not found in the database","bs-pixel-7","2026-09-20","passed","2026-09-20","Network Mocking & Interception","","",""
"","11","Server Unit Tests Error Handling POST /api/colors returns 500 when database fails (findOne)","","2026-09-20","passed","2026-09-20","","Server Unit Tests","Server Unit Tests Error Handling POST /api/colors returns 500 when database fails (findOne)",""
"","208","should reject omitting both name and hex on update","bs-chrome-win11","2026-09-20","passed","2026-09-20","Backend API Integration > PUT /api/colors/:name Schema Validation","","",""
"","2240","should maintain accessibility in en language and verify resilient locators","bs-firefox-win11","2026-09-20","passed","2026-09-20","i18n Accessibility Tests","","",""
"","183","array body on POST returns 400","bs-pixel-7","2026-09-20","passed","2026-09-20","Security > Input Validation","","",""
"","3395","should maintain accessibility in es language and verify resilient locators","bs-iphone-15","2026-09-20","passed","2026-09-20","i18n Accessibility Tests","","",""
"","1058","shows 409 duplicate error from server inside the picker","bs-chrome-win11","2026-09-20","passed","2026-09-20","Color Management — Add & Delete","","",""
"","2150","cancel in confirm dialog closes it without deleting","bs-iphone-15","2026-09-20","passed","2026-09-20","Color Management — Add & Delete","","",""
"","11","Component Tests ColorPicker renders the color wheel canvas","","2026-09-20","passed","2026-09-20","","Utility Functions","Component Tests ColorPicker renders the color wheel canvas",""
"","12","should reject missing name","Chrome","2026-09-20","passed","2026-09-20","Backend API Integration > POST /api/colors Schema Validation","tests/api.spec.ts","",""
"","8","Component Tests ColorPicker backdrop dismiss button is aria-hidden and not in tab order","","2026-09-20","passed","2026-09-20","","Utility Functions","Component Tests ColorPicker backdrop dismiss button is aria-hidden and not in tab order",""
"","211","PUT /openapi.json returns 405","bs-chrome-win11","2026-09-20","passed","2026-09-20","Security > HTTP Method Restrictions","","",""
"","4","Server Unit Tests OpenAPI endpoints spec includes component schemas","","2026-09-20","passed","2026-09-20","","Server Unit Tests","Server Unit Tests OpenAPI endpoints spec includes component schemas",""
"","1518","should gracefully handle a color not found in the database","bs-safari-ventura","2026-09-20","passed","2026-09-20","Network Mocking & Interception","","",""
"","0","Utility Functions hslToRgb hue=90 (chartreuse) → [128,255,0]","","2026-09-20","passed","2026-09-20","","Utility Functions","Utility Functions hslToRgb hue=90 (chartreuse) → [128,255,0]",""
"","920","clicking a chip makes it active","bs-chrome-win11","2026-09-20","passed","2026-09-20","Color Management — Add & Delete","","",""
"","1584","homepage should match snapshot","Chrome","2026-09-20","passed","2026-09-20","Visual Regression – desktop-xl (1920×1080)","","",""
"","7","Server Integration Tests (Testcontainers) PUT /api/colors/:name should return 404 when updating a non-existent color","","2026-09-20","passed","2026-09-20","","Server Integration Tests (Testcontainers)","Server Integration Tests (Testcontainers) PUT /api/colors/:name should return 404 when updating a non-existent color",""
"","1135","clicking the backdrop closes the picker","bs-firefox-win11","2026-09-20","passed","2026-09-20","Color Management — Add & Delete","","",""
"","179","error responses return JSON, not HTML (no info leakage)","bs-safari-ventura","2026-09-20","passed","2026-09-20","Security > Security Headers","","",""
"","1002","clicking ""+ Add color"" opens the picker modal","Chrome","2026-09-20","passed","2026-09-20","Color Management — Add & Delete","tests/color-management.spec.ts","",""
"","196","POST /api-docs returns 405","bs-safari-ventura","2026-09-20","passed","2026-09-20","Security > HTTP Method Restrictions","","",""
"","13","Server Unit Tests Surviving Mutants & Edge Cases Regex & Validation STRICT_NAME_REGEX kills mutants by testing multiple spaces in the middle and rejecting pluses","","2026-09-20","passed","2026-09-20","","Server Unit Tests","Server Unit Tests Surviving Mutants & Edge Cases Regex & Validation STRICT_NAME_REGEX kills mutants by testing multiple spaces in the middle and rejecting pluses",""
"","1","Utility Functions rgbToHsl pure green → h=120, s=1, l=0.5","","2026-09-20","passed","2026-09-20","","Utility Functions","Utility Functions rgbToHsl pure green → h=120, s=1, l=0.5",""
"","849","verify Turquoise ( #1abc9c ) is applied as the background color","Chrome","2026-09-20","passed","2026-09-20","POM Refactored: Background color tests","tests/pom-refactored.spec.ts","",""
"","389","GET /api/colors/:name should return 404 for non-existent color","bs-chrome-win11","2026-09-20","passed","2026-09-20","Backend API Integration","","",""
"","311","GET /api/colors/Red should return the correct hex code","bs-safari-ventura","2026-09-20","passed","2026-09-20","Backend API Integration","","",""
"","313","homepage should match snapshot","percy","2026-09-20","skipped","2026-09-20","Visual Regression – desktop-xl (1920×1080)","","",""
"","1280","handle color response missing hex property","bs-iphone-15","2026-09-20","passed","2026-09-20","Edge cases and error handling","","",""
"","290","should return 404 for non-existent color deletion","bs-safari-ventura","2026-09-20","passed","2026-09-20","Backend API Integration > DELETE /api/colors/:name","","",""
"","21","Server Integration Tests (Testcontainers) POST /api/colors should create a new color and persist it in the real database","","2026-09-20","passed","2026-09-20","","Server Integration Tests (Testcontainers)","Server Integration Tests (Testcontainers) POST /api/colors should create a new color and persist it in the real database",""
"","1167","should display colors that do not exist in the database","bs-safari-ventura","2026-09-20","passed","2026-09-20","Network Mocking & Interception","","",""
"","183","POST /api-docs returns 405","bs-iphone-15","2026-09-20","passed","2026-09-20","Security > HTTP Method Restrictions","","",""
"","2776","clicking the backdrop closes the picker","bs-safari-ventura","2026-09-20","passed","2026-09-20","Color Management — Add & Delete","","",""
"","1063","shows client-side validation error for invalid name chars","bs-pixel-7","2026-09-20","passed","2026-09-20","Color Management — Add & Delete","","",""
"","301","GET /api/colors/Yellow should return the correct hex code","bs-firefox-win11","2026-09-20","passed","2026-09-20","Backend API Integration","","",""
"","183","POST /api-docs returns 405","bs-firefox-win11","2026-09-20","passed","2026-09-20","Security > HTTP Method Restrictions","","",""
"","6","Component Tests ConfirmDialog backdrop click calls onCancel when not busy","","2026-09-20","passed","2026-09-20","","Component Tests","Component Tests ConfirmDialog backdrop click calls onCancel when not busy",""
"","1082","successful delete removes the chip","Chrome","2026-09-20","passed","2026-09-20","Color Management — Add & Delete","tests/color-management.spec.ts","",""
"","0","Utility Functions readableOn returns #111 for turquoise (L≈0.39, black gives better contrast)","","2026-09-20","passed","2026-09-20","","Utility Functions","Utility Functions readableOn returns #111 for turquoise (L≈0.39, black gives better contrast)",""
"","1014","shows client-side validation error for invalid name chars","bs-chrome-win11","2026-09-20","passed","2026-09-20","Color Management — Add & Delete","","",""
"","2828","shows 409 duplicate error from server inside the picker","bs-iphone-15","2026-09-20","passed","2026-09-20","Color Management — Add & Delete","","",""
"","2461","delete API error shows alert banner","bs-safari-ventura","2026-09-20","passed","2026-09-20","Color Management — Add & Delete","","",""
"","1104","should create color via API and verify through UI","Chrome","2026-09-20","passed","2026-09-20","Hybrid E2E Testing","tests/hybrid.spec.ts","",""
"","1","Frontend Unit Tests i18n Configuration should handle language change correctly","","2026-09-20","passed","2026-09-20","","Frontend Unit Tests","Frontend Unit Tests i18n Configuration should handle language change correctly",""
"","720","should create a new color with valid schema","bs-iphone-15","2026-09-20","passed","2026-09-20","Backend API Integration > POST /api/colors Schema Validation","","",""
"","0","Utility Functions hslToRgb high lightness l=0.75 → [255,128,128]","","2026-09-20","passed","2026-09-20","","Utility Functions","Utility Functions hslToRgb high lightness l=0.75 → [255,128,128]",""
"","11","Frontend Unit Tests App Component shows error alert when initial fetch returns non-2xx","","2026-09-20","passed","2026-09-20","","Frontend Unit Tests","Frontend Unit Tests App Component shows error alert when initial fetch returns non-2xx",""
"","1246","verify Turquoise ( #1abc9c ) is applied as the background color","bs-chrome-win11","2026-09-20","passed","2026-09-20","POM Refactored: Background color tests","","",""
"","1632","verify Turquoise ( #1abc9c ) is applied as the background color","bs-safari-ventura","2026-09-20","passed","2026-09-20","POM Refactored: Background color tests","","",""
"","2580","should maintain accessibility in es language and verify resilient locators","Chrome","2026-09-20","passed","2026-09-20","i18n Accessibility Tests","tests/a11y.spec.ts","",""
"","172","empty body on POST returns 400","bs-iphone-15","2026-09-20","passed","2026-09-20","Security > Input Validation","","",""
"","630","check Turquoise ( #1abc9c) is the default background color.","bs-pixel-7","2026-09-20","passed","2026-09-20","","","",""
"","167","SQL injection characters in name are rejected (400)","bs-iphone-15","2026-09-20","passed","2026-09-20","Security > Injection Prevention","","",""
"","3999","should maintain accessibility in es language and verify resilient locators","bs-safari-ventura","2026-09-20","passed","2026-09-20","i18n Accessibility Tests","","",""
"","10","Server Integration Tests (Testcontainers) DELETE /api/colors/:name should return 404 on a second delete of the same color","","2026-09-20","passed","2026-09-20","","Server Integration Tests (Testcontainers)","Server Integration Tests (Testcontainers) DELETE /api/colors/:name should return 404 on a second delete of the same color",""
"","7","Server Unit Tests GET /api/colors/:name returns Turquoise color correctly","","2026-09-20","passed","2026-09-20","","Server Unit Tests","Server Unit Tests GET /api/colors/:name returns Turquoise color correctly",""
"","1","Frontend Unit Tests i18n Configuration interpolation should not escape value","","2026-09-20","passed","2026-09-20","","Frontend Unit Tests","Frontend Unit Tests i18n Configuration interpolation should not escape value",""
"","208","should reject invalid hex format","bs-pixel-7","2026-09-20","passed","2026-09-20","Backend API Integration > POST /api/colors Schema Validation","","",""
"","680","should create a new color with valid schema","bs-chrome-win11","2026-09-20","passed","2026-09-20","Backend API Integration > POST /api/colors Schema Validation","","",""
"","1099","should display colors that do not exist in the database","bs-iphone-15","2026-09-20","passed","2026-09-20","Network Mocking & Interception","","",""
"","1260","changing color to Turquoise should reflect in UI and DOM","bs-chrome-win11","2026-09-20","passed","2026-09-20","Data-Driven Testing","","",""
"","107","Frontend Unit Tests App Component clicking a color chip makes it active","","2026-09-20","passed","2026-09-20","","Frontend Unit Tests","Frontend Unit Tests App Component clicking a color chip makes it active",""
"","61","Frontend Unit Tests App Component deleting the active color switches background to the first remaining","","2026-09-20","passed","2026-09-20","","Frontend Unit Tests","Frontend Unit Tests App Component deleting the active color switches background to the first remaining",""
"","4110","homepage initial state","percy","2026-09-20","passed","2026-09-20","Percy Visual Regression – Production > Percy – desktop (1280×720)","","",""
"","5","Server Unit Tests Error Handling DELETE /api/colors/:name returns 500 when database fails","","2026-09-20","passed","2026-09-20","","Server Unit Tests","Server Unit Tests Error Handling DELETE /api/colors/:name returns 500 when database fails",""
"","32","Frontend Unit Tests App Component picker × button closes the modal","","2026-09-20","passed","2026-09-20","","Frontend Unit Tests","Frontend Unit Tests App Component picker × button closes the modal",""
"","1","Utility Functions hslToRgb lightness clamped: l=-0.5 gives black","","2026-09-20","passed","2026-09-20","","Utility Functions","Utility Functions hslToRgb lightness clamped: l=-0.5 gives black",""
"","864","verify Red ( #e74c3c ) is applied as the background color","bs-chrome-win11","2026-09-20","passed","2026-09-20","Background color tests","","",""
"","790","should return 409 for duplicate color creation","bs-iphone-15","2026-09-20","passed","2026-09-20","Backend API Integration > POST /api/colors Schema Validation","","",""
"","1323","shows server-error message on 500 inside the picker","Chrome","2026-09-20","passed","2026-09-20","Color Management — Add & Delete","tests/color-management.spec.ts","",""
"","219","POST with javascript: URI in name is rejected (400)","bs-firefox-win11","2026-09-20","passed","2026-09-20","Security > XSS Prevention","","",""
"","0","Utility Functions readableOn returns #111 for white (very light, L=1)","","2026-09-20","passed","2026-09-20","","Utility Functions","Utility Functions readableOn returns #111 for white (very light, L=1)",""
"","0","Utility Functions hslToRgb saturation clamped: s=1.5 treated as s=1","","2026-09-20","passed","2026-09-20","","Utility Functions","Utility Functions hslToRgb saturation clamped: s=1.5 treated as s=1",""
"","1417","should meet the accessibility threshold using Google Lighthouse","bs-safari-ventura","2026-09-20","skipped","2026-09-20","Accessibility Tests","","",""
"","5","Server Unit Tests GET /api/colors/:name returns 400 for invalid name in path (regex check)","","2026-09-20","passed","2026-09-20","","Server Unit Tests","Server Unit Tests GET /api/colors/:name returns 400 for invalid name in path (regex check)",""
"","1961","verify Turquoise ( #1abc9c ) is applied as the background color","bs-iphone-15","2026-09-20","passed","2026-09-20","Background color tests","","",""
"","6","array body on POST returns 400","Chrome","2026-09-20","passed","2026-09-20","Security > Input Validation","tests/security.spec.ts","",""
"","1438","should load the application and verify core functionality across browsers","bs-safari-ventura","2026-09-20","passed","2026-09-20","Cross-Browser Core Functionality","","",""
"","12","Component Tests ConfirmDialog cancelLabel prop is reflected in the button text","","2026-09-20","passed","2026-09-20","","Component Tests","Component Tests ConfirmDialog cancelLabel prop is reflected in the button text",""
"","750","shows a chip for each color with a swatch, name, and delete button","bs-chrome-win11","2026-09-20","passed","2026-09-20","Color Management — Add & Delete","","",""
"","3099","should maintain accessibility in en language and verify resilient locators","bs-iphone-15","2026-09-20","passed","2026-09-20","i18n Accessibility Tests","","",""
"","1121","handle initial fetch with empty data","bs-safari-ventura","2026-09-20","passed","2026-09-20","Edge cases and error handling","","",""
"","6","Server Integration Tests (Testcontainers) POST /api/colors should return 400 for invalid hex format (missing #)","","2026-09-20","passed","2026-09-20","","Server Integration Tests (Testcontainers)","Server Integration Tests (Testcontainers) POST /api/colors should return 400 for invalid hex format (missing #)",""
"","979","verify Red ( #e74c3c ) is applied as the background color","bs-chrome-win11","2026-09-20","passed","2026-09-20","POM Refactored: Background color tests","","",""
"","0","Utility Functions hslToRgb lightness clamped: l=1.5 gives white","","2026-09-20","passed","2026-09-20","","Utility Functions","Utility Functions hslToRgb lightness clamped: l=1.5 gives white",""
"","1711","verify Yellow ( #f1c40f ) is applied as the background color","bs-iphone-15","2026-09-20","passed","2026-09-20","Background color tests","","",""
"","841","should handle color click network failure gracefully","bs-chrome-win11","2026-09-20","passed","2026-09-20","UI Error Handling Coverage","","",""
"","45","Frontend Unit Tests App Component add color network error shows network error message","","2026-09-20","passed","2026-09-20","","Frontend Unit Tests","Frontend Unit Tests App Component add color network error shows network error message",""
"","5","Server Unit Tests POST /api/colors returns 400 for invalid hex format (no hash)","","2026-09-20","passed","2026-09-20","","Server Unit Tests","Server Unit Tests POST /api/colors returns 400 for invalid hex format (no hash)",""
"","12","Server Integration Tests (Testcontainers) PUT /api/colors/:name should update the hex of an existing color and persist it in the real database","","2026-09-20","passed","2026-09-20","","Server Integration Tests (Testcontainers)","Server Integration Tests (Testcontainers) PUT /api/colors/:name should update the hex of an existing color and persist it in the real database",""
"","1284","changing color to Yellow should reflect in UI and DOM","bs-chrome-win11","2026-09-20","passed","2026-09-20","Data-Driven Testing","","",""
"","1","Utility Functions hexToRgb returns null for invalid input","","2026-09-20","passed","2026-09-20","","Utility Functions","Utility Functions hexToRgb returns null for invalid input",""
"","190","should reject missing hex","bs-iphone-15","2026-09-20","passed","2026-09-20","Backend API Integration > POST /api/colors Schema Validation","","",""
"","1992","should create dynamic random color via API and verify through UI","bs-safari-ventura","2026-09-20","passed","2026-09-20","Random Data Testing with faker.js","","",""
"","196","should reject missing name","bs-iphone-15","2026-09-20","passed","2026-09-20","Backend API Integration > POST /api/colors Schema Validation","","",""
"","413","should handle missing image gracefully by showing alt text","bs-pixel-7","2026-09-20","passed","2026-09-20","Network Mocking & Interception","","",""
"","559","handle initial fetch with empty data","bs-pixel-7","2026-09-20","passed","2026-09-20","Edge cases and error handling","","",""
"","4","Server Unit Tests POST /api/colors returns 400 for extra unknown fields (strict schema)","","2026-09-20","passed","2026-09-20","","Server Unit Tests","Server Unit Tests POST /api/colors returns 400 for extra unknown fields (strict schema)",""
"","1017","successful delete removes the chip","bs-pixel-7","2026-09-20","passed","2026-09-20","Color Management — Add & Delete","","",""
"","3145","deleting the active color switches background to the first remaining","bs-iphone-15","2026-09-20","passed","2026-09-20","Color Management — Add & Delete","","",""
"","6","Server Unit Tests Surviving Mutants & Edge Cases Regex & Validation Zod required_error messages are correct","","2026-09-20","passed","2026-09-20","","Server Unit Tests","Server Unit Tests Surviving Mutants & Edge Cases Regex & Validation Zod required_error messages are correct",""
"","5","Server Unit Tests OpenAPI endpoints serves Swagger UI as HTML","","2026-09-20","passed","2026-09-20","","Server Unit Tests","Server Unit Tests OpenAPI endpoints serves Swagger UI as HTML",""
"","4","Server Unit Tests OpenAPI endpoints serves the OpenAPI JSON spec with exact metadata","","2026-09-20","passed","2026-09-20","","Server Unit Tests","Server Unit Tests OpenAPI endpoints serves the OpenAPI JSON spec with exact metadata",""
"","1115","check Turquoise ( #1abc9c) is the default background color.","bs-firefox-win11","2026-09-20","passed","2026-09-20","","","",""
"","44","Frontend Unit Tests App Component existingNames passed to ColorPicker matches current color list","","2026-09-20","passed","2026-09-20","","Frontend Unit Tests","Frontend Unit Tests App Component existingNames passed to ColorPicker matches current color list",""
"","39","Frontend Unit Tests App Component add color 409 conflict shows picker error (data.error message)","","2026-09-20","passed","2026-09-20","","Frontend Unit Tests","Frontend Unit Tests App Component add color 409 conflict shows picker error (data.error message)",""
"","1532","clicking ""+ Add color"" opens the picker modal","bs-safari-ventura","2026-09-20","passed","2026-09-20","Color Management — Add & Delete","","",""
"","984","handle initial fetch with empty data","bs-firefox-win11","2026-09-20","passed","2026-09-20","Edge cases and error handling","","",""
"","3563","should maintain accessibility in el language and verify resilient locators","bs-safari-ventura","2026-09-20","passed","2026-09-20","i18n Accessibility Tests","","",""
"","186","array body on POST returns 400","bs-safari-ventura","2026-09-20","passed","2026-09-20","Security > Input Validation","","",""
"","1525","changing color to Red should reflect in UI and DOM","bs-iphone-15","2026-09-20","passed","2026-09-20","Data-Driven Testing","","",""
"","50","Frontend Unit Tests App Component handleColorClick encodes color name in URL","","2026-09-20","passed","2026-09-20","","Frontend Unit Tests","Frontend Unit Tests App Component handleColorClick encodes color name in URL",""
"","1466","verify Yellow ( #f1c40f ) is applied as the background color","bs-firefox-win11","2026-09-20","passed","2026-09-20","Background color tests","","",""
"","335","GET /api/colors should return colors sorted alphabetically by name","bs-iphone-15","2026-09-20","passed","2026-09-20","Backend API Integration","","",""
"","597","oversized payload is rejected (413)","bs-firefox-win11","2026-09-20","passed","2026-09-20","Security > Input Validation","","",""
"","193","POST with javascript: URI in name is rejected (400)","bs-safari-ventura","2026-09-20","passed","2026-09-20","Security > XSS Prevention","","",""
"","7","X-Powered-By header is not exposed","Chrome","2026-09-20","passed","2026-09-20","Security > Security Headers","tests/security.spec.ts","",""
"","66","Frontend Unit Tests App Component successful delete removes the color chip","","2026-09-20","passed","2026-09-20","","Frontend Unit Tests","Frontend Unit Tests App Component successful delete removes the color chip",""
"","14","Server Integration Tests (Testcontainers) GET /api/colors should return an empty array after all colors are deleted","","2026-09-20","passed","2026-09-20","","Server Integration Tests (Testcontainers)","Server Integration Tests (Testcontainers) GET /api/colors should return an empty array after all colors are deleted",""
"","183","should reject omitting both name and hex on update","bs-pixel-7","2026-09-20","passed","2026-09-20","Backend API Integration > PUT /api/colors/:name Schema Validation","","",""
"","3260","should maintain accessibility after state change (color update)","bs-firefox-win11","2026-09-20","passed","2026-09-20","Accessibility Tests","","",""
"","30","Component Tests ColorPicker mousedown at bottom-center (hue=90) sets hex to #80ff00","","2026-09-20","passed","2026-09-20","","Utility Functions","Component Tests ColorPicker mousedown at bottom-center (hue=90) sets hex to #80ff00",""
"","187","POST with HTML tag in name is rejected (400)","bs-iphone-15","2026-09-20","passed","2026-09-20","Security > XSS Prevention","","",""
"","880","changing color to Red should reflect in UI and DOM","Chrome","2026-09-20","passed","2026-09-20","Data-Driven Testing","tests/data-driven.spec.ts","",""
"","769","Show loading state when the API returns an empty colors list","BDD","2026-09-20","passed","2026-09-20","API Error Handling","","",""
"","4","Server Unit Tests Error Handling GET /api/colors/:name returns 500 when database fails","","2026-09-20","passed","2026-09-20","","Server Unit Tests","Server Unit Tests Error Handling GET /api/colors/:name returns 500 when database fails",""
"","9","Component Tests ColorPicker clicking inside the card does NOT call onCancel","","2026-09-20","passed","2026-09-20","","Utility Functions","Component Tests ColorPicker clicking inside the card does NOT call onCancel",""
"","9","Server Integration Tests (Testcontainers) POST /api/colors should accept a single alphanumeric character as a name","","2026-09-20","passed","2026-09-20","","Server Integration Tests (Testcontainers)","Server Integration Tests (Testcontainers) POST /api/colors should accept a single alphanumeric character as a name",""
"","797","clicking the backdrop closes the picker","Chrome","2026-09-20","passed","2026-09-20","Color Management — Add & Delete","tests/color-management.spec.ts","",""
"","1279","shows client-side validation error for invalid name chars","bs-firefox-win11","2026-09-20","passed","2026-09-20","Color Management — Add & Delete","","",""
"","23","Component Tests ColorPicker touchmove while dragging updates hex","","2026-09-20","passed","2026-09-20","","Utility Functions","Component Tests ColorPicker touchmove while dragging updates hex",""
"","9","NoSQL injection object in name is rejected (400)","Chrome","2026-09-20","passed","2026-09-20","Security > Injection Prevention","tests/security.spec.ts","",""
"","3545","successfully adds a new color and shows its chip","bs-iphone-15","2026-09-20","passed","2026-09-20","Color Management — Add & Delete","","",""
"","4","Server Unit Tests DELETE /api/colors/:name returns 400 for invalid name in path (regex check)","","2026-09-20","passed","2026-09-20","","Server Unit Tests","Server Unit Tests DELETE /api/colors/:name returns 400 for invalid name in path (regex check)",""
"","636","chip-x click opens confirm dialog with color name","Chrome","2026-09-20","passed","2026-09-20","Color Management — Add & Delete","tests/color-management.spec.ts","",""
"","1290","successful delete removes the chip","bs-firefox-win11","2026-09-20","passed","2026-09-20","Color Management — Add & Delete","","",""
"","1543","should maintain accessibility in el language and verify resilient locators","bs-pixel-7","2026-09-20","passed","2026-09-20","i18n Accessibility Tests","","",""
"","1207","handle color selection fetch error","bs-iphone-15","2026-09-20","passed","2026-09-20","Edge cases and error handling","","",""
"","46","Frontend Unit Tests App Component confirm dialog Escape key closes it","","2026-09-20","passed","2026-09-20","","Frontend Unit Tests","Frontend Unit Tests App Component confirm dialog Escape key closes it",""
"","5","empty body on POST returns 400","Chrome","2026-09-20","passed","2026-09-20","Security > Input Validation","tests/security.spec.ts","",""
"","281","should return 404 for non-existent color deletion","bs-iphone-15","2026-09-20","passed","2026-09-20","Backend API Integration > DELETE /api/colors/:name","","",""
"","7","Server Unit Tests POST /api/colors returns 400 when name is missing","","2026-09-20","passed","2026-09-20","","Server Unit Tests","Server Unit Tests POST /api/colors returns 400 when name is missing",""
"","595","should delete an existing color","bs-chrome-win11","2026-09-20","passed","2026-09-20","Backend API Integration > DELETE /api/colors/:name","","",""
"","6","Server Integration Tests (Testcontainers) PUT /api/colors/:name should return 400 when update body is empty","","2026-09-20","passed","2026-09-20","","Server Integration Tests (Testcontainers)","Server Integration Tests (Testcontainers) PUT /api/colors/:name should return 400 when update body is empty",""
"","18","Server Integration Tests (Testcontainers) seedDatabase should clear custom colors when re-seeded","","2026-09-20","passed","2026-09-20","","Server Integration Tests (Testcontainers)","Server Integration Tests (Testcontainers) seedDatabase should clear custom colors when re-seeded",""
"","1103","cancel in confirm dialog closes it without deleting","Chrome","2026-09-20","passed","2026-09-20","Color Management — Add & Delete","tests/color-management.spec.ts","",""
"","194","NoSQL operator in GET path param is rejected (400 or 404)","bs-chrome-win11","2026-09-20","passed","2026-09-20","Security > Injection Prevention","","",""
"","1857","deleting the active color switches background to the first remaining","bs-chrome-win11","2026-09-20","passed","2026-09-20","Color Management — Add & Delete","","",""
"","6","Server Unit Tests Error Handling POST /api/colors returns 409 when database throws duplicate key error (code 11000)","","2026-09-20","passed","2026-09-20","","Server Unit Tests","Server Unit Tests Error Handling POST /api/colors returns 409 when database throws duplicate key error (code 11000)",""
"","191","should reject empty name","bs-chrome-win11","2026-09-20","passed","2026-09-20","Backend API Integration > POST /api/colors Schema Validation","","",""
"","212","NoSQL injection object in name is rejected (400)","bs-firefox-win11","2026-09-20","passed","2026-09-20","Security > Injection Prevention","","",""
"","306","GET /api/colors should return all colors","bs-chrome-win11","2026-09-20","passed","2026-09-20","Backend API Integration","","",""
"","859","Show error message when the initial colors fetch fails","BDD","2026-09-20","passed","2026-09-20","API Error Handling","","",""
"","1044","Cancel button closes the picker","bs-chrome-win11","2026-09-20","passed","2026-09-20","Color Management — Add & Delete","","",""
"","17","Component Tests ColorPicker typing a valid hex clears the hex error and updates preview","","2026-09-20","passed","2026-09-20","","Utility Functions","Component Tests ColorPicker typing a valid hex clears the hex error and updates preview",""
"","178","should reject invalid hex format on update","bs-pixel-7","2026-09-20","passed","2026-09-20","Backend API Integration > PUT /api/colors/:name Schema Validation","","",""
"","279","GET /api/colors/Yellow should return the correct hex code","bs-pixel-7","2026-09-20","passed","2026-09-20","Backend API Integration","","",""
"","102","Frontend Unit Tests App Component handleColorClick does nothing when data is null","","2026-09-20","passed","2026-09-20","","Frontend Unit Tests","Frontend Unit Tests App Component handleColorClick does nothing when data is null",""
"","772","should show loading state when API returns empty colors","bs-iphone-15","2026-09-20","passed","2026-09-20","UI Error Handling Coverage","","",""
"","3385","Cancel button closes the picker","bs-iphone-15","2026-09-20","passed","2026-09-20","Color Management — Add & Delete","","",""
"","1","Utility Functions readableOn returns #111 for light-grey (L≈0.60, above 0.179 threshold)","","2026-09-20","passed","2026-09-20","","Utility Functions","Utility Functions readableOn returns #111 for light-grey (L≈0.60, above 0.179 threshold)",""
"","175","NoSQL $where operator in name is rejected (400)","bs-chrome-win11","2026-09-20","passed","2026-09-20","Security > Injection Prevention","","",""
"","14","Component Tests ColorPicker Cancel button is disabled when saving=true","","2026-09-20","passed","2026-09-20","","Utility Functions","Component Tests ColorPicker Cancel button is disabled when saving=true",""
"","1830","should create color via API and verify through UI","bs-pixel-7","2026-09-20","passed","2026-09-20","Hybrid E2E Testing","","",""
"","853","should load the application and verify core functionality across browsers","bs-chrome-win11","2026-09-20","passed","2026-09-20","Cross-Browser Core Functionality","","",""
"","30","Component Tests ColorPicker lightness slider change updates the preview","","2026-09-20","passed","2026-09-20","","Utility Functions","Component Tests ColorPicker lightness slider change updates the preview",""
"","175","NoSQL $where operator in name is rejected (400)","bs-iphone-15","2026-09-20","passed","2026-09-20","Security > Injection Prevention","","",""
"","171","should reject invalid hex format on update","bs-firefox-win11","2026-09-20","passed","2026-09-20","Backend API Integration > PUT /api/colors/:name Schema Validation","","",""
"","717","should display all core elements and handle button interaction","percy","2026-09-20","skipped","2026-09-20","Responsive Design – iPhone SE (375×667)","","",""
"","747","handle color selection fetch error","bs-chrome-win11","2026-09-20","passed","2026-09-20","Edge cases and error handling","","",""
"","270","NoSQL injection object in name is rejected (400)","bs-pixel-7","2026-09-20","passed","2026-09-20","Security > Injection Prevention","","",""
"","359","GET /api/colors/Turquoise should return the correct hex code","bs-iphone-15","2026-09-20","passed","2026-09-20","Backend API Integration","","",""
"","9","Component Tests ColorPicker Enter key on name input triggers submit","","2026-09-20","passed","2026-09-20","","Utility Functions","Component Tests ColorPicker Enter key on name input triggers submit",""
"","181","should reject omitting both name and hex on update","bs-iphone-15","2026-09-20","passed","2026-09-20","Backend API Integration > PUT /api/colors/:name Schema Validation","","",""
"","192","PATCH /api/colors/:name returns 405","bs-safari-ventura","2026-09-20","passed","2026-09-20","Security > HTTP Method Restrictions","","",""
"","5","Server Unit Tests POST /api/reseed returns 401 when RESEED_API_TOKEN is not configured","","2026-09-20","passed","2026-09-20","","Server Unit Tests","Server Unit Tests POST /api/reseed returns 401 when RESEED_API_TOKEN is not configured",""
"","5","Server Unit Tests POST /api/colors rejects names with the + character (+ encodes as space in URLs, causing lookup mismatches)","","2026-09-20","passed","2026-09-20","","Server Unit Tests","Server Unit Tests POST /api/colors rejects names with the + character (+ encodes as space in URLs, causing lookup mismatches)",""
"","1","Utility Functions rgbToHsl pure blue → h=240, s=1, l=0.5","","2026-09-20","passed","2026-09-20","","Utility Functions","Utility Functions rgbToHsl pure blue → h=240, s=1, l=0.5",""
"","989","shows client-side ""Name is required"" when submitting empty name","Chrome","2026-09-20","passed","2026-09-20","Color Management — Add & Delete","tests/color-management.spec.ts","",""
"","1241","changing color to Turquoise should reflect in UI and DOM","bs-pixel-7","2026-09-20","passed","2026-09-20","Data-Driven Testing","","",""
"","1462","should meet the accessibility threshold using Google Lighthouse","bs-iphone-15","2026-09-20","skipped","2026-09-20","Accessibility Tests","","",""
"","951","close (×) button closes the picker","bs-chrome-win11","2026-09-20","passed","2026-09-20","Color Management — Add & Delete","","",""
"","340","GET /api/colors should return colors sorted alphabetically by name","bs-firefox-win11","2026-09-20","passed","2026-09-20","Backend API Integration","","",""
"","11","should reject missing hex","Chrome","2026-09-20","passed","2026-09-20","Backend API Integration > POST /api/colors Schema Validation","tests/api.spec.ts","",""
"","0","Utility Functions rgbToHsl light red (#ff8080): l>0.5, s computed via (2-max-min) branch","","2026-09-20","passed","2026-09-20","","Utility Functions","Utility Functions rgbToHsl light red (#ff8080): l>0.5, s computed via (2-max-min) branch",""
"","19","GET /api/colors/Yellow should return the correct hex code","Chrome","2026-09-20","passed","2026-09-20","Backend API Integration","tests/api.spec.ts","",""
"","5","Server Unit Tests Middleware handles non-JSON content type gracefully on POST","","2026-09-20","passed","2026-09-20","","Server Unit Tests","Server Unit Tests Middleware handles non-JSON content type gracefully on POST",""
"","804","should return 409 for duplicate color creation","bs-safari-ventura","2026-09-20","passed","2026-09-20","Backend API Integration > POST /api/colors Schema Validation","","",""
"","1767","color names rendered in the UI do not trigger script execution","bs-safari-ventura","2026-09-20","passed","2026-09-20","Security > XSS Prevention","","",""
"","13","Component Tests ColorPicker typing a valid hex without # prefix is accepted","","2026-09-20","passed","2026-09-20","","Utility Functions","Component Tests ColorPicker typing a valid hex without # prefix is accepted",""
"","93","Frontend Unit Tests App Component deleting is false again after a failed delete (finally block)","","2026-09-20","passed","2026-09-20","","Frontend Unit Tests","Frontend Unit Tests App Component deleting is false again after a failed delete (finally block)",""
"","40","Frontend Unit Tests App Component clicking chip-x opens confirm dialog with color name and swatch","","2026-09-20","passed","2026-09-20","","Frontend Unit Tests","Frontend Unit Tests App Component clicking chip-x opens confirm dialog with color name and swatch",""
"","205","PATCH /api/colors returns 405","bs-pixel-7","2026-09-20","passed","2026-09-20","Security > HTTP Method Restrictions","","",""
"","906","should update a color with valid schema","bs-iphone-15","2026-09-20","passed","2026-09-20","Backend API Integration > PUT /api/colors/:name Schema Validation","","",""
"","1412","should create dynamic random color via API and verify through UI","bs-chrome-win11","2026-09-20","passed","2026-09-20","Random Data Testing with faker.js","","",""
"","659","should handle fetch colors network failure gracefully","bs-chrome-win11","2026-09-20","passed","2026-09-20","UI Error Handling Coverage","","",""
"","5968","should load the application and verify core functionality across browsers","WebKit","2026-09-20","passed","2026-09-20","Cross-Browser Core Functionality","","",""
"","1502","verify Turquoise ( #1abc9c ) is applied as the background color","bs-firefox-win11","2026-09-20","passed","2026-09-20","Background color tests","","",""
"","36","Frontend Unit Tests App Component add color sends POST with correct method, headers, and body","","2026-09-20","passed","2026-09-20","","Frontend Unit Tests","Frontend Unit Tests App Component add color sends POST with correct method, headers, and body",""
"","26","Component Tests ColorPicker lightness slider max value (100) gives white","","2026-09-20","passed","2026-09-20","","Utility Functions","Component Tests ColorPicker lightness slider max value (100) gives white",""
"","11","Server Integration Tests (Testcontainers) GET /api/colors should return colors sorted alphabetically by name","","2026-09-20","passed","2026-09-20","","Server Integration Tests (Testcontainers)","Server Integration Tests (Testcontainers) GET /api/colors should return colors sorted alphabetically by name",""
"","24","should delete an existing color","Chrome","2026-09-20","passed","2026-09-20","Backend API Integration > DELETE /api/colors/:name","","",""
"","16","Server Integration Tests (Testcontainers) GET /api/colors should not expose _id or __v fields","","2026-09-20","passed","2026-09-20","","Server Integration Tests (Testcontainers)","Server Integration Tests (Testcontainers) GET /api/colors should not expose _id or __v fields",""
"","173","POST with HTML tag in name is rejected (400)","bs-pixel-7","2026-09-20","passed","2026-09-20","Security > XSS Prevention","","",""
"","959","should load the application and verify core functionality across browsers","bs-pixel-7","2026-09-20","passed","2026-09-20","Cross-Browser Core Functionality","","",""
"","11","Server Integration Tests (Testcontainers) seedDatabase should always restore the three default seed colors","","2026-09-20","passed","2026-09-20","","Server Integration Tests (Testcontainers)","Server Integration Tests (Testcontainers) seedDatabase should always restore the three default seed colors",""
"","12","Component Tests ColorPicker pressing Escape calls onCancel","","2026-09-20","passed","2026-09-20","","Utility Functions","Component Tests ColorPicker pressing Escape calls onCancel",""
"","397","homepage should match snapshot","percy","2026-09-20","skipped","2026-09-20","Visual Regression – desktop (1280×720)","","",""
"","9","Component Tests ColorPicker displays serverError prop in an alert banner","","2026-09-20","passed","2026-09-20","","Utility Functions","Component Tests ColorPicker displays serverError prop in an alert banner",""
"","0","Utility Functions hexToRgb parses hex without the leading #","","2026-09-20","passed","2026-09-20","","Utility Functions","Utility Functions hexToRgb parses hex without the leading #",""
"","5","Component Tests ConfirmDialog Escape key does NOT call onCancel when busy","","2026-09-20","passed","2026-09-20","","Component Tests","Component Tests ConfirmDialog Escape key does NOT call onCancel when busy",""
"","678","clicking ""+ Add color"" opens the picker modal","bs-pixel-7","2026-09-20","passed","2026-09-20","Color Management — Add & Delete","","",""
"","0","Utility Functions readableOn returns #111 for mid-grey (L≈0.35, black gives better contrast)","","2026-09-20","passed","2026-09-20","","Utility Functions","Utility Functions readableOn returns #111 for mid-grey (L≈0.35, black gives better contrast)",""
"","18","Component Tests ColorPicker typing red with g<b hex updates internal state","","2026-09-20","passed","2026-09-20","","Utility Functions","Component Tests ColorPicker typing red with g<b hex updates internal state",""
"","0","Utility Functions hexToRgb is case-insensitive","","2026-09-20","passed","2026-09-20","","Utility Functions","Utility Functions hexToRgb is case-insensitive",""
"","7","Server Integration Tests (Testcontainers) POST /api/colors should return 400 when name is missing","","2026-09-20","passed","2026-09-20","","Server Integration Tests (Testcontainers)","Server Integration Tests (Testcontainers) POST /api/colors should return 400 when name is missing",""
"","907","should handle fetch colors network failure gracefully","bs-firefox-win11","2026-09-20","passed","2026-09-20","UI Error Handling Coverage","","",""
"","195","empty body on POST returns 400","bs-safari-ventura","2026-09-20","passed","2026-09-20","Security > Input Validation","","",""
"","1360","should load the application and verify core functionality across browsers","bs-iphone-15","2026-09-20","passed","2026-09-20","Cross-Browser Core Functionality","","",""
"","9","NoSQL $where operator in name is rejected (400)","Chrome","2026-09-20","passed","2026-09-20","Security > Injection Prevention","tests/security.spec.ts","",""
"","0","homepage after color change","Chrome","2026-09-20","skipped","2026-09-20","Percy Visual Regression – Production > Percy – tablet (768×1024)","","",""
"","1492","should create dynamic random color via API and verify through UI","bs-pixel-7","2026-09-20","passed","2026-09-20","Random Data Testing with faker.js","","",""
"","209","array body on POST returns 400","bs-firefox-win11","2026-09-20","passed","2026-09-20","Security > Input Validation","","",""
"","528","first color chip is active on load (aria-pressed=true)","bs-chrome-win11","2026-09-20","passed","2026-09-20","Color Management — Add & Delete","","",""
"","0","Utility Functions paintWheelPixel anti-aliases near-edge pixel: dist=r-0.5 gives alpha=127","","2026-09-20","passed","2026-09-20","","Utility Functions","Utility Functions paintWheelPixel anti-aliases near-edge pixel: dist=r-0.5 gives alpha=127",""
"","5","Server Unit Tests 405 Method Not Allowed does not return 405 for allowed DELETE method on /api/colors/:name","","2026-09-20","passed","2026-09-20","","Server Unit Tests","Server Unit Tests 405 Method Not Allowed does not return 405 for allowed DELETE method on /api/colors/:name",""
"","51","Frontend Unit Tests App Component add color 500 shows server error message","","2026-09-20","passed","2026-09-20","","Frontend Unit Tests","Frontend Unit Tests App Component add color 500 shows server error message",""
"","55","Component Tests ColorPicker mousemove while dragging updates hex (dragging.current=true kills mutation)","","2026-09-20","passed","2026-09-20","","Utility Functions","Component Tests ColorPicker mousemove while dragging updates hex (dragging.current=true kills mutation)",""
"","228","should reject empty name","bs-safari-ventura","2026-09-20","passed","2026-09-20","Backend API Integration > POST /api/colors Schema Validation","","",""
"","3133","homepage after color change","percy","2026-09-20","passed","2026-09-20","Percy Visual Regression – Production > Percy – mobile (375×667)","","",""
"","0","Utility Functions hslToRgb hue=270 (violet) → [128,0,255]","","2026-09-20","passed","2026-09-20","","Utility Functions","Utility Functions hslToRgb hue=270 (violet) → [128,0,255]",""
"","1","homepage after color change","Chrome","2026-09-20","skipped","2026-09-20","Percy Visual Regression – Production > Percy – desktop (1280×720)","","",""
"","1040","successful delete removes the chip","bs-chrome-win11","2026-09-20","passed","2026-09-20","Color Management — Add & Delete","","",""
"","10","Component Tests ColorPicker non-Enter key on name input does not trigger submit","","2026-09-20","passed","2026-09-20","","Utility Functions","Component Tests ColorPicker non-Enter key on name input does not trigger submit",""
"","189","error responses return JSON, not HTML (no info leakage)","bs-firefox-win11","2026-09-20","passed","2026-09-20","Security > Security Headers","","",""
"","4","Server Unit Tests Surviving Mutants & Edge Cases PUT logic kills refine mutant by sending empty body","","2026-09-20","passed","2026-09-20","","Server Unit Tests","Server Unit Tests Surviving Mutants & Edge Cases PUT logic kills refine mutant by sending empty body",""
"","27","Component Tests ColorPicker mousemove after mouseup does NOT update color (dragging stopped)","","2026-09-20","passed","2026-09-20","","Utility Functions","Component Tests ColorPicker mousemove after mouseup does NOT update color (dragging stopped)",""
"","3505","Cancel button closes the picker","bs-safari-ventura","2026-09-20","passed","2026-09-20","Color Management — Add & Delete","","",""
"","23","Component Tests ColorPicker valid submit calls onConfirm with trimmed name and current hex","","2026-09-20","passed","2026-09-20","","Utility Functions","Component Tests ColorPicker valid submit calls onConfirm with trimmed name and current hex",""
"","4","Server Unit Tests OpenAPI endpoints has exact application/json content-type","","2026-09-20","passed","2026-09-20","","Server Unit Tests","Server Unit Tests OpenAPI endpoints has exact application/json content-type",""
"","5","POST /api-docs returns 405","Chrome","2026-09-20","passed","2026-09-20","Security > HTTP Method Restrictions","tests/security.spec.ts","",""
"","463","verify language switcher changes document language","bs-pixel-7","2026-09-20","passed","2026-09-20","","","",""
"","14","POST with javascript: URI in name is rejected (400)","Chrome","2026-09-20","passed","2026-09-20","Security > XSS Prevention","tests/security.spec.ts","",""
"","551","should show loading state when API returns empty colors","Chrome","2026-09-20","passed","2026-09-20","UI Error Handling Coverage","tests/error-handling.spec.ts","",""
"","0","homepage initial state","Chrome","2026-09-20","skipped","2026-09-20","Percy Visual Regression – Production > Percy – desktop-xl (1920×1080)","","",""
"","805","should return 409 for duplicate color creation","bs-chrome-win11","2026-09-20","passed","2026-09-20","Backend API Integration > POST /api/colors Schema Validation","","",""
"","0","homepage after color change","Chrome","2026-09-20","skipped","2026-09-20","Percy Visual Regression – Production > Percy – desktop-xl (1920×1080)","","",""
"","11","Component Tests ConfirmDialog Enter key does NOT call onConfirm when busy","","2026-09-20","passed","2026-09-20","","Component Tests","Component Tests ConfirmDialog Enter key does NOT call onConfirm when busy",""
"","6","Server Unit Tests Surviving Mutants & Edge Cases Rate Limiting & Security kills mutants by verifying x-ratelimit headers","","2026-09-20","passed","2026-09-20","","Server Unit Tests","Server Unit Tests Surviving Mutants & Edge Cases Rate Limiting & Security kills mutants by verifying x-ratelimit headers",""
"","716","verify Yellow ( #f1c40f ) is applied as the background color","Chrome","2026-09-20","passed","2026-09-20","POM Refactored: Background color tests","tests/pom-refactored.spec.ts","",""
"","1242","should handle color click network failure gracefully","bs-safari-ventura","2026-09-20","passed","2026-09-20","UI Error Handling Coverage","","",""
"","4229","should create color via API and verify through UI","bs-firefox-win11","2026-09-20","passed","2026-09-20","Hybrid E2E Testing","","",""
"","183","PATCH /api/colors returns 405","bs-iphone-15","2026-09-20","passed","2026-09-20","Security > HTTP Method Restrictions","","",""
"","180","unknown extra fields in POST body are rejected (400)","bs-firefox-win11","2026-09-20","passed","2026-09-20","Security > Input Validation","","",""
"","5","Server Unit Tests POST /api/colors returns 400 for name with whitespace","","2026-09-20","passed","2026-09-20","","Server Unit Tests","Server Unit Tests POST /api/colors returns 400 for name with whitespace",""
"","14","Server Integration Tests (Testcontainers) GET /api/colors/:name should return 404 for a non-existent color","","2026-09-20","passed","2026-09-20","","Server Integration Tests (Testcontainers)","Server Integration Tests (Testcontainers) GET /api/colors/:name should return 404 for a non-existent color",""
"","723","clicking the backdrop closes the picker","bs-chrome-win11","2026-09-20","passed","2026-09-20","Color Management — Add & Delete","","",""
"","27","Frontend Unit Tests App Component shows add-color button even when colors are empty","","2026-09-20","passed","2026-09-20","","Frontend Unit Tests","Frontend Unit Tests App Component shows add-color button even when colors are empty",""
"","891","handle initial fetch error","bs-firefox-win11","2026-09-20","passed","2026-09-20","Edge cases and error handling","","",""
"","194","PUT /openapi.json returns 405","bs-pixel-7","2026-09-20","passed","2026-09-20","Security > HTTP Method Restrictions","","",""
"","0","Utility Functions rgbToHsl g max with b>r (#00ff80) → h near 150","","2026-09-20","passed","2026-09-20","","Utility Functions","Utility Functions rgbToHsl g max with b>r (#00ff80) → h near 150",""
"","736","should handle color click network failure gracefully","Chrome","2026-09-20","passed","2026-09-20","UI Error Handling Coverage","tests/error-handling.spec.ts","",""
"","267","X-Powered-By header is not exposed","bs-iphone-15","2026-09-20","passed","2026-09-20","Security > Security Headers","","",""
"","859","should display all core elements and handle button interaction","percy","2026-09-20","skipped","2026-09-20","Responsive Design – tablet (768×1024)","","",""
"","431","oversized payload is rejected (413)","bs-pixel-7","2026-09-20","passed","2026-09-20","Security > Input Validation","","",""
"","0","Utility Functions hslToRgb hue=30 (orange) → [255,128,0]","","2026-09-20","passed","2026-09-20","","Utility Functions","Utility Functions hslToRgb hue=30 (orange) → [255,128,0]",""
"","1615","should maintain accessibility in es language and verify resilient locators","bs-pixel-7","2026-09-20","passed","2026-09-20","i18n Accessibility Tests","","",""
"","1696","successfully adds a new color and shows its chip","bs-firefox-win11","2026-09-20","passed","2026-09-20","Color Management — Add & Delete","","",""
"","186","PATCH /api/colors/:name returns 405","bs-iphone-15","2026-09-20","passed","2026-09-20","Security > HTTP Method Restrictions","","",""
"","967","Example #3","BDD","2026-09-20","passed","2026-09-20","Home Page Background Color > Change background color","","",""
"","3777","homepage after color change","percy","2026-09-20","passed","2026-09-20","Percy Visual Regression – Production > Percy – desktop (1280×720)","","",""
"","803","first color chip is active on load (aria-pressed=true)","bs-firefox-win11","2026-09-20","passed","2026-09-20","Color Management — Add & Delete","","",""
"","2613","shows client-side validation error for invalid name chars","bs-iphone-15","2026-09-20","passed","2026-09-20","Color Management — Add & Delete","","",""
"","66","Frontend Unit Tests App Component handles null data from initial fetch gracefully","","2026-09-20","passed","2026-09-20","","Frontend Unit Tests","Frontend Unit Tests App Component handles null data from initial fetch gracefully",""
"","993","Example #1","BDD","2026-09-20","passed","2026-09-20","Home Page Background Color > Change background color","","",""
"","179","PATCH /api/colors returns 405","bs-firefox-win11","2026-09-20","passed","2026-09-20","Security > HTTP Method Restrictions","","",""
"","49","Frontend Unit Tests App Component add color 409 fallback message when data.error is absent","","2026-09-20","passed","2026-09-20","","Frontend Unit Tests","Frontend Unit Tests App Component add color 409 fallback message when data.error is absent",""
"","5","Server Integration Tests (Testcontainers) PUT /api/colors/:name should return 400 for invalid hex format on update","","2026-09-20","passed","2026-09-20","","Server Integration Tests (Testcontainers)","Server Integration Tests (Testcontainers) PUT /api/colors/:name should return 400 for invalid hex format on update",""
"","9","Server Unit Tests POST /api/colors accepts single alphanumeric characters as names","","2026-09-20","passed","2026-09-20","","Server Unit Tests","Server Unit Tests POST /api/colors accepts single alphanumeric characters as names",""
"","5","Server Unit Tests Middleware JSON error middleware ignores SyntaxError without body","","2026-09-20","passed","2026-09-20","","Server Unit Tests","Server Unit Tests Middleware JSON error middleware ignores SyntaxError without body",""
"","4","Server Unit Tests PUT /api/colors/:name returns 400 when no fields are provided (empty body)","","2026-09-20","passed","2026-09-20","","Server Unit Tests","Server Unit Tests PUT /api/colors/:name returns 400 when no fields are provided (empty body)",""
"","9","Component Tests ColorPicker clicking the backdrop calls onCancel","","2026-09-20","passed","2026-09-20","","Utility Functions","Component Tests ColorPicker clicking the backdrop calls onCancel",""
"","13","oversized payload is rejected (413)","Chrome","2026-09-20","passed","2026-09-20","Security > Input Validation","tests/security.spec.ts","",""
"","23","Component Tests ConfirmDialog clicking the card itself does NOT call onCancel","","2026-09-20","passed","2026-09-20","","Component Tests","Component Tests ConfirmDialog clicking the card itself does NOT call onCancel",""
"","281","X-Powered-By header is not exposed","bs-safari-ventura","2026-09-20","passed","2026-09-20","Security > Security Headers","","",""
"","1","Utility Functions hslToRgb hue=120 (green) → [0,255,0]","","2026-09-20","passed","2026-09-20","","Utility Functions","Utility Functions hslToRgb hue=120 (green) → [0,255,0]",""
"","1748","should create color via API and verify through UI","bs-chrome-win11","2026-09-20","passed","2026-09-20","Hybrid E2E Testing","","",""
"","119","Frontend Unit Tests App Component handleColorClick does nothing when data has no hex","","2026-09-20","passed","2026-09-20","","Frontend Unit Tests","Frontend Unit Tests App Component handleColorClick does nothing when data has no hex",""
"","188","malformed JSON body returns 400","bs-pixel-7","2026-09-20","passed","2026-09-20","Security > Input Validation","","",""
"","180","should reject empty name","bs-firefox-win11","2026-09-20","passed","2026-09-20","Backend API Integration > POST /api/colors Schema Validation","","",""
"","1176","deleting the active color switches background to the first remaining","bs-pixel-7","2026-09-20","passed","2026-09-20","Color Management — Add & Delete","","",""
"","10","Server Integration Tests (Testcontainers) GET /api/colors/:name should return correct data for Turquoise","","2026-09-20","passed","2026-09-20","","Server Integration Tests (Testcontainers)","Server Integration Tests (Testcontainers) GET /api/colors/:name should return correct data for Turquoise",""
"","3448","homepage initial state","percy","2026-09-20","passed","2026-09-20","Percy Visual Regression – Production > Percy – tablet (768×1024)","","",""
"","777","should handle missing image gracefully by showing alt text","bs-safari-ventura","2026-09-20","passed","2026-09-20","Network Mocking & Interception","","",""
"","6","SQL injection characters in name are rejected (400)","Chrome","2026-09-20","passed","2026-09-20","Security > Injection Prevention","tests/security.spec.ts","",""
"","1","Utility Functions paintWheelPixel wraps negative angle: dy<0 gives angle+360 (hue=270 → violet)","","2026-09-20","passed","2026-09-20","","Utility Functions","Utility Functions paintWheelPixel wraps negative angle: dy<0 gives angle+360 (hue=270 → violet)",""
"","1308","color names rendered in the UI do not trigger script execution","Chrome","2026-09-20","passed","2026-09-20","Security > XSS Prevention","tests/security.spec.ts","",""
"","2069","should maintain accessibility in en language and verify resilient locators","Chrome","2026-09-20","passed","2026-09-20","i18n Accessibility Tests","tests/a11y.spec.ts","",""
"","54","Frontend Unit Tests App Component renders title, logo, and calls initial fetch","","2026-09-20","passed","2026-09-20","","Frontend Unit Tests","Frontend Unit Tests App Component renders title, logo, and calls initial fetch",""
"","7","Server Unit Tests 405 Method Not Allowed does not return 405 for allowed POST method on /api/colors","","2026-09-20","passed","2026-09-20","","Server Unit Tests","Server Unit Tests 405 Method Not Allowed does not return 405 for allowed POST method on /api/colors",""
"","9","Server Unit Tests seedDatabase clears existing colors and re-seeds with 3 defaults","","2026-09-20","passed","2026-09-20","","Server Unit Tests","Server Unit Tests seedDatabase clears existing colors and re-seeds with 3 defaults",""
"","2330","should load the application and verify core functionality across browsers","Firefox","2026-09-20","passed","2026-09-20","Cross-Browser Core Functionality","","",""
"","1173","shows client-side ""Name is required"" when submitting empty name","bs-firefox-win11","2026-09-20","passed","2026-09-20","Color Management — Add & Delete","","",""
"","988","delete API error shows alert banner","bs-chrome-win11","2026-09-20","passed","2026-09-20","Color Management — Add & Delete","","",""
"","701","POST /api/reseed","","","passed","","","schemathesis","",""
"","745","verify language switcher changes document language","bs-firefox-win11","2026-09-20","passed","2026-09-20","","","",""
"","47","Frontend Unit Tests App Component add color 501 also triggers server error message (>= 500)","","2026-09-20","passed","2026-09-20","","Frontend Unit Tests","Frontend Unit Tests App Component add color 501 also triggers server error message (>= 500)",""
"","1390","Cancel button closes the picker","bs-pixel-7","2026-09-20","passed","2026-09-20","Color Management — Add & Delete","","",""
"","13","Server Unit Tests Surviving Mutants & Edge Cases Regex & Validation STRICT_NAME_REGEX kills mutants on optionality and length","","2026-09-20","passed","2026-09-20","","Server Unit Tests","Server Unit Tests Surviving Mutants & Edge Cases Regex & Validation STRICT_NAME_REGEX kills mutants on optionality and length",""
"","5","Server Integration Tests (Testcontainers) Method Not Allowed should return 405 for PATCH /api/colors/:name","","2026-09-20","passed","2026-09-20","","Server Integration Tests (Testcontainers)","Server Integration Tests (Testcontainers) Method Not Allowed should return 405 for PATCH /api/colors/:name",""
"","9","Server Unit Tests POST /api/colors returns 409 for a duplicate color name with descriptive error","","2026-09-20","passed","2026-09-20","","Server Unit Tests","Server Unit Tests POST /api/colors returns 409 for a duplicate color name with descriptive error",""
"","1636","successfully adds a new color and shows its chip","bs-pixel-7","2026-09-20","passed","2026-09-20","Color Management — Add & Delete","","",""
"","217","POST with HTML tag in name is rejected (400)","bs-chrome-win11","2026-09-20","passed","2026-09-20","Security > XSS Prevention","","",""
"","7","Server Unit Tests DELETE /api/colors/:name cannot delete the same color twice","","2026-09-20","passed","2026-09-20","","Server Unit Tests","Server Unit Tests DELETE /api/colors/:name cannot delete the same color twice",""
"","5","Server Unit Tests POST /api/colors returns 400 when hex is missing","","2026-09-20","passed","2026-09-20","","Server Unit Tests","Server Unit Tests POST /api/colors returns 400 when hex is missing",""
"","1","Utility Functions hslToRgb hue=210 (azure) → [0,128,255]","","2026-09-20","passed","2026-09-20","","Utility Functions","Utility Functions hslToRgb hue=210 (azure) → [0,128,255]",""
"","948","clicking a chip makes it active","bs-pixel-7","2026-09-20","passed","2026-09-20","Color Management — Add & Delete","","",""
"","3873","deleting the active color switches background to the first remaining","bs-safari-ventura","2026-09-20","passed","2026-09-20","Color Management — Add & Delete","","",""
"","4","Component Tests ConfirmDialog backdrop click does NOT call onCancel when busy","","2026-09-20","passed","2026-09-20","","Component Tests","Component Tests ConfirmDialog backdrop click does NOT call onCancel when busy",""
"","53","Frontend Unit Tests App Component add color 429 rate limit shows specific message","","2026-09-20","passed","2026-09-20","","Frontend Unit Tests","Frontend Unit Tests App Component add color 429 rate limit shows specific message",""
"","1073","shows 409 duplicate error from server inside the picker","bs-pixel-7","2026-09-20","passed","2026-09-20","Color Management — Add & Delete","","",""
"","1","Utility Functions paintWheelPixel paints grey at center (dx=0, dy=0, dist=0, sat=0)","","2026-09-20","passed","2026-09-20","","Utility Functions","Utility Functions paintWheelPixel paints grey at center (dx=0, dy=0, dist=0, sat=0)",""
"","14","Server Integration Tests (Testcontainers) POST /api/colors should return 409 when creating a duplicate color name","","2026-09-20","passed","2026-09-20","","Server Integration Tests (Testcontainers)","Server Integration Tests (Testcontainers) POST /api/colors should return 409 when creating a duplicate color name",""
"","195","should reject missing hex","bs-pixel-7","2026-09-20","passed","2026-09-20","Backend API Integration > POST /api/colors Schema Validation","","",""
"","6","Server Unit Tests Middleware JSON error middleware ignores SyntaxError with status != 400","","2026-09-20","passed","2026-09-20","","Server Unit Tests","Server Unit Tests Middleware JSON error middleware ignores SyntaxError with status != 400",""
"","28","Component Tests ColorPicker lightness slider min value (0) gives black","","2026-09-20","passed","2026-09-20","","Utility Functions","Component Tests ColorPicker lightness slider min value (0) gives black",""
"","8","Server Integration Tests (Testcontainers) GET /api/colors/:name should return correct data for Red","","2026-09-20","passed","2026-09-20","","Server Integration Tests (Testcontainers)","Server Integration Tests (Testcontainers) GET /api/colors/:name should return correct data for Red",""
"","1011","handle color response missing hex property","bs-firefox-win11","2026-09-20","passed","2026-09-20","Edge cases and error handling","","",""
"","496","verify language switcher changes document language","bs-chrome-win11","2026-09-20","passed","2026-09-20","","","",""
"","1201","verify Turquoise ( #1abc9c ) is applied as the background color","bs-chrome-win11","2026-09-20","passed","2026-09-20","Background color tests","","",""
"","680","should handle color click network failure gracefully","bs-pixel-7","2026-09-20","passed","2026-09-20","UI Error Handling Coverage","","",""
"","11","Server Unit Tests POST /api/reseed returns 200 and reseeds the database with a valid token","","2026-09-20","passed","2026-09-20","","Server Unit Tests","Server Unit Tests POST /api/reseed returns 200 and reseeds the database with a valid token",""
"","188","PUT /openapi.json returns 405","bs-safari-ventura","2026-09-20","passed","2026-09-20","Security > HTTP Method Restrictions","","",""
"","2610","cancel in confirm dialog closes it without deleting","bs-safari-ventura","2026-09-20","passed","2026-09-20","Color Management — Add & Delete","","",""
"","9","Server Integration Tests (Testcontainers) POST /api/colors should accept a color name containing spaces","","2026-09-20","passed","2026-09-20","","Server Integration Tests (Testcontainers)","Server Integration Tests (Testcontainers) POST /api/colors should accept a color name containing spaces",""
"","4","Component Tests ConfirmDialog Enter key calls onConfirm when not busy","","2026-09-20","passed","2026-09-20","","Component Tests","Component Tests ConfirmDialog Enter key calls onConfirm when not busy",""
"","180","NoSQL $where operator in name is rejected (400)","bs-pixel-7","2026-09-20","passed","2026-09-20","Security > Injection Prevention","","",""
"","1744","should maintain accessibility in el language and verify resilient locators","Chrome","2026-09-20","passed","2026-09-20","i18n Accessibility Tests","tests/a11y.spec.ts","",""
"","528","should display all core elements and handle button interaction","percy","2026-09-20","skipped","2026-09-20","Responsive Design – iPhone landscape (667×375)","","",""
"","10","Server Unit Tests Error Handling PUT /api/colors/:name returns 500 when database fails","","2026-09-20","passed","2026-09-20","","Server Unit Tests","Server Unit Tests Error Handling PUT /api/colors/:name returns 500 when database fails",""
"","1166","verify Yellow ( #f1c40f ) is applied as the background color","bs-chrome-win11","2026-09-20","passed","2026-09-20","POM Refactored: Background color tests","","",""
"","784","handle color response missing hex property","bs-chrome-win11","2026-09-20","passed","2026-09-20","Edge cases and error handling","","",""
"","1225","check Turquoise ( #1abc9c) is the default background color.","bs-safari-ventura","2026-09-20","passed","2026-09-20","","","",""
"","10","should reject invalid hex format on update","Chrome","2026-09-20","passed","2026-09-20","Backend API Integration > PUT /api/colors/:name Schema Validation","tests/api.spec.ts","",""
"","1250","check Turquoise ( #1abc9c) is the default background color.","bs-iphone-15","2026-09-20","passed","2026-09-20","","","",""
"","673","clicking ""+ Add color"" opens the picker modal","bs-chrome-win11","2026-09-20","passed","2026-09-20","Color Management — Add & Delete","","",""
"","73","Frontend Unit Tests App Component delete sends DELETE request with correct method","","2026-09-20","passed","2026-09-20","","Frontend Unit Tests","Frontend Unit Tests App Component delete sends DELETE request with correct method",""
"","176","PUT /openapi.json returns 405","bs-iphone-15","2026-09-20","passed","2026-09-20","Security > HTTP Method Restrictions","","",""
"","49","Component Tests ConfirmDialog confirm button calls onConfirm","","2026-09-20","passed","2026-09-20","","Component Tests","Component Tests ConfirmDialog confirm button calls onConfirm",""
"","0","Utility Functions rgbToHex converts pure blue","","2026-09-20","passed","2026-09-20","","Utility Functions","Utility Functions rgbToHex converts pure blue",""
"","0","Utility Functions rgbToHex converts pure red","","2026-09-20","passed","2026-09-20","","Utility Functions","Utility Functions rgbToHex converts pure red",""
"","9","Component Tests ColorPicker editing name input calls onClearError to clear server error","","2026-09-20","passed","2026-09-20","","Utility Functions","Component Tests ColorPicker editing name input calls onClearError to clear server error",""
"","1077","verify Yellow ( #f1c40f ) is applied as the background color","Chrome","2026-09-20","passed","2026-09-20","Background color tests","tests/coverage.spec.ts","",""
"","1036","shows client-side ""Name is required"" when submitting empty name","bs-pixel-7","2026-09-20","passed","2026-09-20","Color Management — Add & Delete","","",""
"","59","Frontend Unit Tests App Component delete API error shows error alert without closing dialog","","2026-09-20","passed","2026-09-20","","Frontend Unit Tests","Frontend Unit Tests App Component delete API error shows error alert without closing dialog",""
"","733","verify language switcher changes document language","Chrome","2026-09-20","passed","2026-09-20","","tests/coverage.spec.ts","",""
"","297","GET /api/colors should return colors sorted alphabetically by name","bs-safari-ventura","2026-09-20","passed","2026-09-20","Backend API Integration","","",""
"","2","Frontend Unit Tests i18n Configuration should translate keys correctly","","2026-09-20","passed","2026-09-20","","Frontend Unit Tests","Frontend Unit Tests i18n Configuration should translate keys correctly",""
"","3515","should not have any automatically detectable accessibility issues","bs-iphone-15","2026-09-20","passed","2026-09-20","Accessibility Tests","","",""
"","1338","successfully adds a new color and shows its chip","bs-chrome-win11","2026-09-20","passed","2026-09-20","Color Management — Add & Delete","","",""
"","772","first color chip is active on load (aria-pressed=true)","Chrome","2026-09-20","passed","2026-09-20","Color Management — Add & Delete","tests/color-management.spec.ts","",""
"","2953","shows 409 duplicate error from server inside the picker","bs-safari-ventura","2026-09-20","passed","2026-09-20","Color Management — Add & Delete","","",""
"","2819","shows server-error message on 500 inside the picker","bs-safari-ventura","2026-09-20","passed","2026-09-20","Color Management — Add & Delete","","",""
"","766","should return 409 for duplicate color creation","bs-firefox-win11","2026-09-20","passed","2026-09-20","Backend API Integration > POST /api/colors Schema Validation","","",""
"","192","SQL injection characters in name are rejected (400)","bs-safari-ventura","2026-09-20","passed","2026-09-20","Security > Injection Prevention","","",""
"","1232","should display all core elements and handle button interaction","Chrome","2026-09-20","passed","2026-09-20","Responsive Design – iPhone SE (375×667)","","",""
"","594","should delete an existing color","bs-firefox-win11","2026-09-20","passed","2026-09-20","Backend API Integration > DELETE /api/colors/:name","","",""
"","1479","successfully adds a new color and shows its chip","Chrome","2026-09-20","passed","2026-09-20","Color Management — Add & Delete","tests/color-management.spec.ts","",""
"","12","Server Integration Tests (Testcontainers) Concurrent writes should handle parallel GETs without errors","","2026-09-20","passed","2026-09-20","","Server Integration Tests (Testcontainers)","Server Integration Tests (Testcontainers) Concurrent writes should handle parallel GETs without errors",""
"","584","handle initial fetch with empty data","bs-chrome-win11","2026-09-20","passed","2026-09-20","Edge cases and error handling","","",""
"","1","Utility Functions rgbToHex converts pure green","","2026-09-20","passed","2026-09-20","","Utility Functions","Utility Functions rgbToHex converts pure green",""
"","14","Server Unit Tests Error Handling POST /api/colors returns 500 when database fails (create)","","2026-09-20","passed","2026-09-20","","Server Unit Tests","Server Unit Tests Error Handling POST /api/colors returns 500 when database fails (create)",""
"","1","Utility Functions hslToRgb saturation=0 gives pure grey [128,128,128]","","2026-09-20","passed","2026-09-20","","Utility Functions","Utility Functions hslToRgb saturation=0 gives pure grey [128,128,128]",""
"","892","Example #2","BDD","2026-09-20","passed","2026-09-20","Home Page Background Color > Change background color","","",""
"","12","Server Unit Tests DELETE /api/colors/:name deletes an existing color and returns success message","","2026-09-20","passed","2026-09-20","","Server Unit Tests","Server Unit Tests DELETE /api/colors/:name deletes an existing color and returns success message",""
"","7","Server Unit Tests Surviving Mutants & Edge Cases Rate Limiting & Security kills mutants by verifying x-powered-by is removed","","2026-09-20","passed","2026-09-20","","Server Unit Tests","Server Unit Tests Surviving Mutants & Edge Cases Rate Limiting & Security kills mutants by verifying x-powered-by is removed",""
"","581","handle initial fetch error","bs-chrome-win11","2026-09-20","passed","2026-09-20","Edge cases and error handling","","",""
"","0","Frontend Unit Tests i18n Configuration should have defined resources for en, es, el","","2026-09-20","passed","2026-09-20","","Frontend Unit Tests","Frontend Unit Tests i18n Configuration should have defined resources for en, es, el",""
"","2116","PUT /api/colors/{name}","","","passed","","","schemathesis","",""
"","1835","successful delete removes the chip","bs-iphone-15","2026-09-20","passed","2026-09-20","Color Management — Add & Delete","","",""
"","440","homepage should match snapshot","percy","2026-09-20","skipped","2026-09-20","Visual Regression – tablet (768×1024)","","",""
"","267","GET /api/colors/:name should return 404 for non-existent color","bs-safari-ventura","2026-09-20","passed","2026-09-20","Backend API Integration","","",""
"","12","Server Unit Tests GET /api/colors returns an empty array when no colors exist","","2026-09-20","passed","2026-09-20","","Server Unit Tests","Server Unit Tests GET /api/colors returns an empty array when no colors exist",""
"","26","Server Unit Tests Surviving Mutants & Edge Cases Regex & Validation STRICT_NAME_REGEX is strict on forbidden special characters in the middle","","2026-09-20","passed","2026-09-20","","Server Unit Tests","Server Unit Tests Surviving Mutants & Edge Cases Regex & Validation STRICT_NAME_REGEX is strict on forbidden special characters in the middle",""
"","194","DELETE /api/colors (collection) returns 405","bs-safari-ventura","2026-09-20","passed","2026-09-20","Security > HTTP Method Restrictions","","",""
"","196","should reject missing hex","bs-chrome-win11","2026-09-20","passed","2026-09-20","Backend API Integration > POST /api/colors Schema Validation","","",""
"","204","should reject invalid hex format","bs-firefox-win11","2026-09-20","passed","2026-09-20","Backend API Integration > POST /api/colors Schema Validation","","",""
"","191","NoSQL $where operator in name is rejected (400)","bs-safari-ventura","2026-09-20","passed","2026-09-20","Security > Injection Prevention","","",""
"","327","GET /api/colors/Red should return the correct hex code","bs-chrome-win11","2026-09-20","passed","2026-09-20","Backend API Integration","","",""
"","1349","verify Turquoise ( #1abc9c ) is applied as the background color","Chrome","2026-09-20","passed","2026-09-20","Background color tests","tests/coverage.spec.ts","",""
"","2801","shows server-error message on 500 inside the picker","bs-iphone-15","2026-09-20","passed","2026-09-20","Color Management — Add & Delete","","",""
"","3711","should maintain accessibility in en language and verify resilient locators","bs-safari-ventura","2026-09-20","passed","2026-09-20","i18n Accessibility Tests","","",""
"","582","should create a new color with valid schema","bs-safari-ventura","2026-09-20","passed","2026-09-20","Backend API Integration > POST /api/colors Schema Validation","","",""
"","0","homepage after color change","Chrome","2026-09-20","skipped","2026-09-20","Percy Visual Regression – Production > Percy – mobile (375×667)","","",""
"","184","should reject missing name","bs-firefox-win11","2026-09-20","passed","2026-09-20","Backend API Integration > POST /api/colors Schema Validation","","",""
"","647","chip-x click opens confirm dialog with color name","bs-chrome-win11","2026-09-20","passed","2026-09-20","Color Management — Add & Delete","","",""
"","1","Utility Functions hslToRgb lightness=1 gives white","","2026-09-20","passed","2026-09-20","","Utility Functions","Utility Functions hslToRgb lightness=1 gives white",""
"","209","should reject invalid hex format","bs-chrome-win11","2026-09-20","passed","2026-09-20","Backend API Integration > POST /api/colors Schema Validation","","",""
"","859","should create dynamic random color via API and verify through UI","Chrome","2026-09-20","passed","2026-09-20","Random Data Testing with faker.js","tests/random-data.spec.ts","",""
"","1","Frontend Unit Tests i18n Configuration should have translation keys in resources","","2026-09-20","passed","2026-09-20","","Frontend Unit Tests","Frontend Unit Tests i18n Configuration should have translation keys in resources",""
"","388","Server Unit Tests Surviving Mutants & Edge Cases Infrastructure uses default MONGO_URI when process.env.MONGO_URI is missing","","2026-09-20","passed","2026-09-20","","Server Unit Tests","Server Unit Tests Surviving Mutants & Edge Cases Infrastructure uses default MONGO_URI when process.env.MONGO_URI is missing",""
"","7","Component Tests ConfirmDialog Escape key calls onCancel when not busy","","2026-09-20","passed","2026-09-20","","Component Tests","Component Tests ConfirmDialog Escape key calls onCancel when not busy",""
"","279","should return 404 when updating non-existent color","bs-safari-ventura","2026-09-20","passed","2026-09-20","Backend API Integration > PUT /api/colors/:name Schema Validation","","",""
"","9","Server Unit Tests GET /api/colors returns JSON content type","","2026-09-20","passed","2026-09-20","","Server Unit Tests","Server Unit Tests GET /api/colors returns JSON content type",""
"","24","Component Tests ColorPicker hex input updates hue/sat via rgbToHsl (green → hue≈120)","","2026-09-20","passed","2026-09-20","","Utility Functions","Component Tests ColorPicker hex input updates hue/sat via rgbToHsl (green → hue≈120)",""
"","8","Frontend Unit Tests App Component initial default background before fetch resolves","","2026-09-20","passed","2026-09-20","","Frontend Unit Tests","Frontend Unit Tests App Component initial default background before fetch resolves",""
"","62","GET /api/colors/{name}","","","passed","","","schemathesis","",""
"","31","GET /api/colors/Turquoise should return the correct hex code","Chrome","2026-09-20","passed","2026-09-20","Backend API Integration","tests/api.spec.ts","",""
"","6","Server Unit Tests POST /api/colors accepts names with alphanumeric characters and spaces","","2026-09-20","passed","2026-09-20","","Server Unit Tests","Server Unit Tests POST /api/colors accepts names with alphanumeric characters and spaces",""
"","179","should reject invalid hex format","bs-safari-ventura","2026-09-20","passed","2026-09-20","Backend API Integration > POST /api/colors Schema Validation","","",""
"","849","should update a color with valid schema","bs-safari-ventura","2026-09-20","passed","2026-09-20","Backend API Integration > PUT /api/colors/:name Schema Validation","","",""
"","6","Server Unit Tests POST /api/colors returns 400 for name with special characters","","2026-09-20","passed","2026-09-20","","Server Unit Tests","Server Unit Tests POST /api/colors returns 400 for name with special characters",""
"","51","Frontend Unit Tests App Component learn react link has correct text","","2026-09-20","passed","2026-09-20","","Frontend Unit Tests","Frontend Unit Tests App Component learn react link has correct text",""
"","5059","should maintain accessibility after state change (color update)","bs-safari-ventura","2026-09-20","passed","2026-09-20","Accessibility Tests","","",""
"","10","Server Integration Tests (Testcontainers) POST /api/reseed should not modify the database when token is invalid","","2026-09-20","passed","2026-09-20","","Server Integration Tests (Testcontainers)","Server Integration Tests (Testcontainers) POST /api/reseed should not modify the database when token is invalid",""
"","1012","shows a chip for each color with a swatch, name, and delete button","bs-safari-ventura","2026-09-20","passed","2026-09-20","Color Management — Add & Delete","","",""
"","25","Component Tests ColorPicker mousedown at right-center (hue=0) sets hex to #ff0000","","2026-09-20","passed","2026-09-20","","Utility Functions","Component Tests ColorPicker mousedown at right-center (hue=0) sets hex to #ff0000",""
