"DESCRIPTION","DURATION IN MS","NAME","PARENT SUITE","START TIME","STATUS","STOP TIME","SUB SUITE","SUITE","TEST CLASS","TEST METHOD"
"","4","Server Unit Tests POST /api/colors returns 400 for name with only spaces","","Fri May 22 15:07:23 UTC 2026","passed","Fri May 22 15:07:23 UTC 2026","","Server Unit Tests","Server Unit Tests POST /api/colors returns 400 for name with only spaces",""
"","0","Utility Functions hslToRgb hue=330 (rose) → [255,0,128]","","Fri May 22 15:07:42 UTC 2026","passed","Fri May 22 15:07:42 UTC 2026","","Utility Functions","Utility Functions hslToRgb hue=330 (rose) → [255,0,128]",""
"","46","Frontend Unit Tests App Component confirm dialog cancel button closes it","","Fri May 22 15:07:42 UTC 2026","passed","Fri May 22 15:07:42 UTC 2026","","Frontend Unit Tests","Frontend Unit Tests App Component confirm dialog cancel button closes it",""
"","1","Utility Functions readableOn returns #111 for a pale/pastel colour (high luminance)","","Fri May 22 15:07:42 UTC 2026","passed","Fri May 22 15:07:42 UTC 2026","","Utility Functions","Utility Functions readableOn returns #111 for a pale/pastel colour (high luminance)",""
"","0","Utility Functions paintWheelPixel anti-aliases near-edge pixel: dist=r-0.5 gives alpha=127","","Fri May 22 15:07:42 UTC 2026","passed","Fri May 22 15:07:42 UTC 2026","","Utility Functions","Utility Functions paintWheelPixel anti-aliases near-edge pixel: dist=r-0.5 gives alpha=127",""
"","0","Utility Functions rgbToHsl r max, g>0, b=0 → h in (0,60)","","Fri May 22 15:07:42 UTC 2026","passed","Fri May 22 15:07:42 UTC 2026","","Utility Functions","Utility Functions rgbToHsl r max, g>0, b=0 → h in (0,60)",""
"","1","Utility Functions hslToRgb lightness=0 gives black","","Fri May 22 15:07:42 UTC 2026","passed","Fri May 22 15:07:42 UTC 2026","","Utility Functions","Utility Functions hslToRgb lightness=0 gives black",""
"","10","Server Unit Tests PUT /api/colors/:name updates the hex of an existing color","","Fri May 22 15:07:23 UTC 2026","passed","Fri May 22 15:07:23 UTC 2026","","Server Unit Tests","Server Unit Tests PUT /api/colors/:name updates the hex of an existing color",""
"","9","Server Integration Tests (Testcontainers) POST /api/colors should accept a single alphanumeric character as a name","","Fri May 22 15:07:31 UTC 2026","passed","Fri May 22 15:07:31 UTC 2026","","Server Integration Tests (Testcontainers)","Server Integration Tests (Testcontainers) POST /api/colors should accept a single alphanumeric character as a name",""
"","3","homepage after color change","Chrome","Fri May 22 15:14:16 UTC 2026","skipped","Fri May 22 15:14:16 UTC 2026","Percy Visual Regression – Production > Percy – desktop (1280×720)","","",""
"","0","Utility Functions hexToRgb is case-insensitive","","Fri May 22 15:07:42 UTC 2026","passed","Fri May 22 15:07:42 UTC 2026","","Utility Functions","Utility Functions hexToRgb is case-insensitive",""
"","0","Utility Functions hslToRgb hue=120 (green) → [0,255,0]","","Fri May 22 15:07:42 UTC 2026","passed","Fri May 22 15:07:42 UTC 2026","","Utility Functions","Utility Functions hslToRgb hue=120 (green) → [0,255,0]",""
"","1143","close (×) button closes the picker","Chrome","Fri May 22 15:34:18 UTC 2026","passed","Fri May 22 15:34:19 UTC 2026","Color Management — Add & Delete","","",""
"","11","Server Integration Tests (Testcontainers) Concurrent writes should handle parallel GETs without errors","","Fri May 22 15:07:31 UTC 2026","passed","Fri May 22 15:07:31 UTC 2026","","Server Integration Tests (Testcontainers)","Server Integration Tests (Testcontainers) Concurrent writes should handle parallel GETs without errors",""
"","788","chip-x click opens confirm dialog with color name","Chrome","Fri May 22 15:34:22 UTC 2026","passed","Fri May 22 15:34:23 UTC 2026","Color Management — Add & Delete","","",""
"","41","Frontend Unit Tests App Component handleColorClick shows error alert on fetch failure","","Fri May 22 15:07:42 UTC 2026","passed","Fri May 22 15:07:42 UTC 2026","","Frontend Unit Tests","Frontend Unit Tests App Component handleColorClick shows error alert on fetch failure",""
"","20","Component Tests ColorPicker close (×) button calls onCancel","","Fri May 22 15:07:42 UTC 2026","passed","Fri May 22 15:07:42 UTC 2026","","Utility Functions","Component Tests ColorPicker close (×) button calls onCancel",""
"","12","Server Integration Tests (Testcontainers) POST /api/colors should return 409 when creating a duplicate color name","","Fri May 22 15:07:31 UTC 2026","passed","Fri May 22 15:07:31 UTC 2026","","Server Integration Tests (Testcontainers)","Server Integration Tests (Testcontainers) POST /api/colors should return 409 when creating a duplicate color name",""
"","1179","verify Turquoise ( #1abc9c ) is applied as the background color","Chrome","Fri May 22 15:34:26 UTC 2026","passed","Fri May 22 15:34:28 UTC 2026","Background color tests","","",""
"","1","Utility Functions rgbToHex pads single-digit hex values with leading zero","","Fri May 22 15:07:42 UTC 2026","passed","Fri May 22 15:07:42 UTC 2026","","Utility Functions","Utility Functions rgbToHex pads single-digit hex values with leading zero",""
"","30","Component Tests ColorPicker duplicate check is case-insensitive","","Fri May 22 15:07:42 UTC 2026","passed","Fri May 22 15:07:42 UTC 2026","","Utility Functions","Component Tests ColorPicker duplicate check is case-insensitive",""
"","5","Server Integration Tests (Testcontainers) PUT /api/colors/:name should return 400 for invalid name in URL path","","Fri May 22 15:07:31 UTC 2026","passed","Fri May 22 15:07:31 UTC 2026","","Server Integration Tests (Testcontainers)","Server Integration Tests (Testcontainers) PUT /api/colors/:name should return 400 for invalid name in URL path",""
"","135","POST with HTML tag in name is rejected (400)","Chrome","Fri May 22 15:34:39 UTC 2026","passed","Fri May 22 15:34:39 UTC 2026","Security > XSS Prevention","","",""
"","6","Server Integration Tests (Testcontainers) POST /api/colors should return 400 for invalid hex format (missing #)","","Fri May 22 15:07:31 UTC 2026","passed","Fri May 22 15:07:31 UTC 2026","","Server Integration Tests (Testcontainers)","Server Integration Tests (Testcontainers) POST /api/colors should return 400 for invalid hex format (missing #)",""
"","10","Server Integration Tests (Testcontainers) GET /api/colors/:name should return correct data for Turquoise","","Fri May 22 15:07:31 UTC 2026","passed","Fri May 22 15:07:31 UTC 2026","","Server Integration Tests (Testcontainers)","Server Integration Tests (Testcontainers) GET /api/colors/:name should return correct data for Turquoise",""
"","298","oversized payload is rejected (413)","Chrome","Fri May 22 15:34:42 UTC 2026","passed","Fri May 22 15:34:43 UTC 2026","Security > Input Validation","","",""
"","5","Server Unit Tests Error Handling PUT /api/colors/:name returns 409 when database throws duplicate key error (code 11000) on save","","Fri May 22 15:07:23 UTC 2026","passed","Fri May 22 15:07:23 UTC 2026","","Server Unit Tests","Server Unit Tests Error Handling PUT /api/colors/:name returns 409 when database throws duplicate key error (code 11000) on save",""
"","7","Server Unit Tests POST /api/colors applies the createColorLimiter rate limit headers","","Fri May 22 15:07:23 UTC 2026","passed","Fri May 22 15:07:23 UTC 2026","","Server Unit Tests","Server Unit Tests POST /api/colors applies the createColorLimiter rate limit headers",""
"","29","Frontend Unit Tests App Component picker × button closes the modal","","Fri May 22 15:07:42 UTC 2026","passed","Fri May 22 15:07:42 UTC 2026","","Frontend Unit Tests","Frontend Unit Tests App Component picker × button closes the modal",""
"","10","Server Unit Tests GET /api/colors returns an empty array when no colors exist","","Fri May 22 15:07:23 UTC 2026","passed","Fri May 22 15:07:23 UTC 2026","","Server Unit Tests","Server Unit Tests GET /api/colors returns an empty array when no colors exist",""
"","0","Utility Functions hexToRgb parses a standard #RRGGBB hex","","Fri May 22 15:07:42 UTC 2026","passed","Fri May 22 15:07:42 UTC 2026","","Utility Functions","Utility Functions hexToRgb parses a standard #RRGGBB hex",""
"","0","Utility Functions rgbToHex converts pure red","","Fri May 22 15:07:42 UTC 2026","passed","Fri May 22 15:07:42 UTC 2026","","Utility Functions","Utility Functions rgbToHex converts pure red",""
"","1011","handle initial fetch with empty data","Chrome","Fri May 22 15:34:29 UTC 2026","passed","Fri May 22 15:34:30 UTC 2026","Edge cases and error handling","","",""
"","32","Frontend Unit Tests App Component clicking Add color button opens picker modal","","Fri May 22 15:07:42 UTC 2026","passed","Fri May 22 15:07:42 UTC 2026","","Frontend Unit Tests","Frontend Unit Tests App Component clicking Add color button opens picker modal",""
"","1480","homepage should match snapshot","Chrome","Fri May 22 15:14:12 UTC 2026","passed","Fri May 22 15:14:13 UTC 2026","Visual Regression – desktop-xl (1920×1080)","","",""
"","963","verify Red ( #e74c3c ) is applied as the background color","Chrome","Fri May 22 15:34:37 UTC 2026","passed","Fri May 22 15:34:38 UTC 2026","POM Refactored: Background color tests","","",""
"","4","Component Tests ConfirmDialog backdrop click does NOT call onCancel when busy","","Fri May 22 15:07:42 UTC 2026","passed","Fri May 22 15:07:42 UTC 2026","","Component Tests","Component Tests ConfirmDialog backdrop click does NOT call onCancel when busy",""
"","58","Frontend Unit Tests App Component renders title, logo, and calls initial fetch","","Fri May 22 15:07:42 UTC 2026","passed","Fri May 22 15:07:42 UTC 2026","","Frontend Unit Tests","Frontend Unit Tests App Component renders title, logo, and calls initial fetch",""
"","0","Utility Functions rgbToHex output is lowercase","","Fri May 22 15:07:42 UTC 2026","passed","Fri May 22 15:07:42 UTC 2026","","Utility Functions","Utility Functions rgbToHex output is lowercase",""
"","788","Escape key closes the confirm dialog","Chrome","Fri May 22 15:34:23 UTC 2026","passed","Fri May 22 15:34:24 UTC 2026","Color Management — Add & Delete","","",""
"","57","Frontend Unit Tests App Component header color attribute changes after clicking a chip","","Fri May 22 15:07:42 UTC 2026","passed","Fri May 22 15:07:42 UTC 2026","","Frontend Unit Tests","Frontend Unit Tests App Component header color attribute changes after clicking a chip",""
"","808","handle color response missing hex property","Chrome","Fri May 22 15:34:30 UTC 2026","passed","Fri May 22 15:34:31 UTC 2026","Edge cases and error handling","","",""
"","9","Server Integration Tests (Testcontainers) PUT /api/colors/:name should update both name and hex simultaneously","","Fri May 22 15:07:31 UTC 2026","passed","Fri May 22 15:07:31 UTC 2026","","Server Integration Tests (Testcontainers)","Server Integration Tests (Testcontainers) PUT /api/colors/:name should update both name and hex simultaneously",""
"","6","Server Integration Tests (Testcontainers) POST /api/colors should return 400 when name is missing","","Fri May 22 15:07:31 UTC 2026","passed","Fri May 22 15:07:31 UTC 2026","","Server Integration Tests (Testcontainers)","Server Integration Tests (Testcontainers) POST /api/colors should return 400 when name is missing",""
"","6","Server Unit Tests GET /api/colors/:name returns Turquoise color correctly","","Fri May 22 15:07:23 UTC 2026","passed","Fri May 22 15:07:23 UTC 2026","","Server Unit Tests","Server Unit Tests GET /api/colors/:name returns Turquoise color correctly",""
"","0","Utility Functions hslToRgb high lightness l=0.75 → [255,128,128]","","Fri May 22 15:07:42 UTC 2026","passed","Fri May 22 15:07:42 UTC 2026","","Utility Functions","Utility Functions hslToRgb high lightness l=0.75 → [255,128,128]",""
"","1","homepage after color change","Chrome","Fri May 22 15:14:16 UTC 2026","skipped","Fri May 22 15:14:16 UTC 2026","Percy Visual Regression – Production > Percy – desktop-xl (1920×1080)","","",""
"","4","Server Unit Tests OpenAPI endpoints serves Swagger UI as HTML","","Fri May 22 15:07:23 UTC 2026","passed","Fri May 22 15:07:23 UTC 2026","","Server Unit Tests","Server Unit Tests OpenAPI endpoints serves Swagger UI as HTML",""
"","0","mobile color picker workflow","Chrome","Fri May 22 15:14:16 UTC 2026","skipped","Fri May 22 15:14:16 UTC 2026","Percy Visual Regression – Production > Percy – Mobile Interactions","","",""
"","949","Example #1","BDD","Fri May 22 15:11:59 UTC 2026","passed","Fri May 22 15:12:00 UTC 2026","Home Page Background Color > Change background color","","",""
"","10","Component Tests ConfirmDialog cancelLabel prop is reflected in the button text","","Fri May 22 15:07:42 UTC 2026","passed","Fri May 22 15:07:42 UTC 2026","","Component Tests","Component Tests ConfirmDialog cancelLabel prop is reflected in the button text",""
"","6","Server Unit Tests PUT /api/colors/:name does not change name when updating only hex","","Fri May 22 15:07:23 UTC 2026","passed","Fri May 22 15:07:23 UTC 2026","","Server Unit Tests","Server Unit Tests PUT /api/colors/:name does not change name when updating only hex",""
"","24","Component Tests ColorPicker mousedown at top-center (hue=270) sets hex to #8000ff","","Fri May 22 15:07:42 UTC 2026","passed","Fri May 22 15:07:42 UTC 2026","","Utility Functions","Component Tests ColorPicker mousedown at top-center (hue=270) sets hex to #8000ff",""
"","13","Component Tests ColorPicker typing an invalid hex shows ""Use format #RRGGBB"" error","","Fri May 22 15:07:42 UTC 2026","passed","Fri May 22 15:07:42 UTC 2026","","Utility Functions","Component Tests ColorPicker typing an invalid hex shows ""Use format #RRGGBB"" error",""
"","64","GET /api/colors/{name}","","","passed","","","schemathesis","",""
"","587","Example #3","BDD","Fri May 22 15:12:01 UTC 2026","passed","Fri May 22 15:12:01 UTC 2026","Language Switching > Switch language and verify translated UI labels","","",""
"","7","Frontend Unit Tests App Component colors.length === 0 shows loading text","","Fri May 22 15:07:42 UTC 2026","passed","Fri May 22 15:07:42 UTC 2026","","Frontend Unit Tests","Frontend Unit Tests App Component colors.length === 0 shows loading text",""
"","850","Example #3","BDD","Fri May 22 15:12:00 UTC 2026","passed","Fri May 22 15:12:00 UTC 2026","Home Page Background Color > Change background color","","",""
"","54","Frontend Unit Tests App Component handleColorClick clears previous error on new successful click","","Fri May 22 15:07:42 UTC 2026","passed","Fri May 22 15:07:42 UTC 2026","","Frontend Unit Tests","Frontend Unit Tests App Component handleColorClick clears previous error on new successful click",""
"","204","GET /api/colors should return all colors","Chrome","Fri May 22 15:34:13 UTC 2026","passed","Fri May 22 15:34:13 UTC 2026","Backend API Integration","","",""
"","5550","should load the application and verify core functionality across browsers","WebKit","Fri May 22 15:12:06 UTC 2026","passed","Fri May 22 15:12:12 UTC 2026","Cross-Browser Core Functionality","","",""
"","9","Component Tests ColorPicker editing name input calls onClearError to clear server error","","Fri May 22 15:07:42 UTC 2026","passed","Fri May 22 15:07:42 UTC 2026","","Utility Functions","Component Tests ColorPicker editing name input calls onClearError to clear server error",""
"","1","homepage initial state","Chrome","Fri May 22 15:14:16 UTC 2026","skipped","Fri May 22 15:14:16 UTC 2026","Percy Visual Regression – Production > Percy – desktop-xl (1920×1080)","","",""
"","13","Server Integration Tests (Testcontainers) GET /api/colors should return an empty array after all colors are deleted","","Fri May 22 15:07:31 UTC 2026","passed","Fri May 22 15:07:31 UTC 2026","","Server Integration Tests (Testcontainers)","Server Integration Tests (Testcontainers) GET /api/colors should return an empty array after all colors are deleted",""
"","1202","shows client-side validation error for invalid name chars","Chrome","Fri May 22 15:34:21 UTC 2026","passed","Fri May 22 15:34:22 UTC 2026","Color Management — Add & Delete","","",""
"","9","Server Unit Tests Error Handling POST /api/colors returns 500 when database fails (findOne)","","Fri May 22 15:07:23 UTC 2026","passed","Fri May 22 15:07:23 UTC 2026","","Server Unit Tests","Server Unit Tests Error Handling POST /api/colors returns 500 when database fails (findOne)",""
"","1018","homepage should match snapshot","Chrome","Fri May 22 15:14:13 UTC 2026","passed","Fri May 22 15:14:14 UTC 2026","Visual Regression – tablet (768×1024)","","",""
"","3","Server Unit Tests Surviving Mutants & Edge Cases Swagger JSDoc Integration kills apis array mutants by verifying JSDoc content is present","","Fri May 22 15:07:23 UTC 2026","passed","Fri May 22 15:07:23 UTC 2026","","Server Unit Tests","Server Unit Tests Surviving Mutants & Edge Cases Swagger JSDoc Integration kills apis array mutants by verifying JSDoc content is present",""
"","27","Frontend Unit Tests App Component shows add-color button even when colors are empty","","Fri May 22 15:07:42 UTC 2026","passed","Fri May 22 15:07:42 UTC 2026","","Frontend Unit Tests","Frontend Unit Tests App Component shows add-color button even when colors are empty",""
"","1197","shows 409 duplicate error from server inside the picker","Chrome","Fri May 22 15:34:21 UTC 2026","passed","Fri May 22 15:34:22 UTC 2026","Color Management — Add & Delete","","",""
"","7","Server Unit Tests Error Handling PUT /api/colors/:name returns 500 when database fails","","Fri May 22 15:07:23 UTC 2026","passed","Fri May 22 15:07:23 UTC 2026","","Server Unit Tests","Server Unit Tests Error Handling PUT /api/colors/:name returns 500 when database fails",""
"","14","Component Tests ConfirmDialog confirmLabel prop is reflected in the button text","","Fri May 22 15:07:42 UTC 2026","passed","Fri May 22 15:07:42 UTC 2026","","Component Tests","Component Tests ConfirmDialog confirmLabel prop is reflected in the button text",""
"","6","Server Unit Tests POST /api/colors accepts names with alphanumeric characters and spaces","","Fri May 22 15:07:23 UTC 2026","passed","Fri May 22 15:07:23 UTC 2026","","Server Unit Tests","Server Unit Tests POST /api/colors accepts names with alphanumeric characters and spaces",""
"","596","should handle fetch colors network failure gracefully","Chrome","Fri May 22 15:34:33 UTC 2026","passed","Fri May 22 15:34:34 UTC 2026","UI Error Handling Coverage","","",""
"","66","Frontend Unit Tests App Component handles null data from initial fetch gracefully","","Fri May 22 15:07:42 UTC 2026","passed","Fri May 22 15:07:42 UTC 2026","","Frontend Unit Tests","Frontend Unit Tests App Component handles null data from initial fetch gracefully",""
"","4","Server Unit Tests Middleware returns 400 for malformed JSON body","","Fri May 22 15:07:23 UTC 2026","passed","Fri May 22 15:07:23 UTC 2026","","Server Unit Tests","Server Unit Tests Middleware returns 400 for malformed JSON body",""
"","4","Server Unit Tests Surviving Mutants & Edge Cases PUT logic kills refine mutant by sending empty body","","Fri May 22 15:07:23 UTC 2026","passed","Fri May 22 15:07:23 UTC 2026","","Server Unit Tests","Server Unit Tests Surviving Mutants & Edge Cases PUT logic kills refine mutant by sending empty body",""
"","1","Utility Functions paintWheelPixel paints grey at center (dx=0, dy=0, dist=0, sat=0)","","Fri May 22 15:07:42 UTC 2026","passed","Fri May 22 15:07:42 UTC 2026","","Utility Functions","Utility Functions paintWheelPixel paints grey at center (dx=0, dy=0, dist=0, sat=0)",""
"","0","Utility Functions hslToRgb hue=300 (magenta) → [255,0,255]","","Fri May 22 15:07:42 UTC 2026","passed","Fri May 22 15:07:42 UTC 2026","","Utility Functions","Utility Functions hslToRgb hue=300 (magenta) → [255,0,255]",""
"","4","Server Unit Tests 405 Method Not Allowed returns 405 for PATCH on /api/colors/:name","","Fri May 22 15:07:23 UTC 2026","passed","Fri May 22 15:07:23 UTC 2026","","Server Unit Tests","Server Unit Tests 405 Method Not Allowed returns 405 for PATCH on /api/colors/:name",""
"","24","Component Tests ColorPicker mousedown at left-center (hue=180) sets hex to #00ffff","","Fri May 22 15:07:42 UTC 2026","passed","Fri May 22 15:07:42 UTC 2026","","Utility Functions","Component Tests ColorPicker mousedown at left-center (hue=180) sets hex to #00ffff",""
"","114","empty body on POST returns 400","Chrome","Fri May 22 15:34:43 UTC 2026","passed","Fri May 22 15:34:43 UTC 2026","Security > Input Validation","","",""
"","1","Utility Functions rgbToHsl pure blue → h=240, s=1, l=0.5","","Fri May 22 15:07:42 UTC 2026","passed","Fri May 22 15:07:42 UTC 2026","","Utility Functions","Utility Functions rgbToHsl pure blue → h=240, s=1, l=0.5",""
"","0","Utility Functions hslToRgb saturation=0 gives pure grey [128,128,128]","","Fri May 22 15:07:42 UTC 2026","passed","Fri May 22 15:07:42 UTC 2026","","Utility Functions","Utility Functions hslToRgb saturation=0 gives pure grey [128,128,128]",""
"","148","should reject invalid hex format on update","Chrome","Fri May 22 15:34:15 UTC 2026","passed","Fri May 22 15:34:15 UTC 2026","Backend API Integration > PUT /api/colors/:name Schema Validation","","",""
"","0","Utility Functions hslToRgb lightness=1 gives white","","Fri May 22 15:07:42 UTC 2026","passed","Fri May 22 15:07:42 UTC 2026","","Utility Functions","Utility Functions hslToRgb lightness=1 gives white",""
"","28","Server Unit Tests Surviving Mutants & Edge Cases Strict Path & Method Validation kills allowedMethods mutants by exhaustive testing","","Fri May 22 15:07:23 UTC 2026","passed","Fri May 22 15:07:23 UTC 2026","","Server Unit Tests","Server Unit Tests Surviving Mutants & Edge Cases Strict Path & Method Validation kills allowedMethods mutants by exhaustive testing",""
"","39","Frontend Unit Tests App Component add color 409 conflict shows picker error (data.error message)","","Fri May 22 15:07:42 UTC 2026","passed","Fri May 22 15:07:42 UTC 2026","","Frontend Unit Tests","Frontend Unit Tests App Component add color 409 conflict shows picker error (data.error message)",""
"","60","Frontend Unit Tests App Component add color success closes picker and shows new chip","","Fri May 22 15:07:42 UTC 2026","passed","Fri May 22 15:07:42 UTC 2026","","Frontend Unit Tests","Frontend Unit Tests App Component add color success closes picker and shows new chip",""
"","6","Server Unit Tests POST /api/colors returns 409 for a duplicate color name with descriptive error","","Fri May 22 15:07:23 UTC 2026","passed","Fri May 22 15:07:23 UTC 2026","","Server Unit Tests","Server Unit Tests POST /api/colors returns 409 for a duplicate color name with descriptive error",""
"","98","should reject updating with empty name","Chrome","Fri May 22 15:34:15 UTC 2026","passed","Fri May 22 15:34:15 UTC 2026","Backend API Integration > PUT /api/colors/:name Schema Validation","","",""
"","4","Server Unit Tests POST /api/colors rejects names with the + character (+ encodes as space in URLs, causing lookup mismatches)","","Fri May 22 15:07:23 UTC 2026","passed","Fri May 22 15:07:23 UTC 2026","","Server Unit Tests","Server Unit Tests POST /api/colors rejects names with the + character (+ encodes as space in URLs, causing lookup mismatches)",""
"","0","Utility Functions rgbToHsl g max with b>r (#00ff80) → h near 150","","Fri May 22 15:07:42 UTC 2026","passed","Fri May 22 15:07:42 UTC 2026","","Utility Functions","Utility Functions rgbToHsl g max with b>r (#00ff80) → h near 150",""
"","7","Server Unit Tests Middleware JSON error middleware passes non-syntax errors to next()","","Fri May 22 15:07:23 UTC 2026","passed","Fri May 22 15:07:23 UTC 2026","","Server Unit Tests","Server Unit Tests Middleware JSON error middleware passes non-syntax errors to next()",""
"","16","Component Tests ColorPicker typing a valid hex clears the hex error and updates preview","","Fri May 22 15:07:42 UTC 2026","passed","Fri May 22 15:07:42 UTC 2026","","Utility Functions","Component Tests ColorPicker typing a valid hex clears the hex error and updates preview",""
"","5","Server Unit Tests POST /api/colors returns 400 for invalid hex format (too short)","","Fri May 22 15:07:23 UTC 2026","passed","Fri May 22 15:07:23 UTC 2026","","Server Unit Tests","Server Unit Tests POST /api/colors returns 400 for invalid hex format (too short)",""
"","998","should handle color click network failure gracefully","Chrome","Fri May 22 15:34:34 UTC 2026","passed","Fri May 22 15:34:35 UTC 2026","UI Error Handling Coverage","","",""
"","11","Server Integration Tests (Testcontainers) seedDatabase should be idempotent — calling twice always yields exactly 3 colors","","Fri May 22 15:07:31 UTC 2026","passed","Fri May 22 15:07:31 UTC 2026","","Server Integration Tests (Testcontainers)","Server Integration Tests (Testcontainers) seedDatabase should be idempotent — calling twice always yields exactly 3 colors",""
"","5","Component Tests ConfirmDialog title is rendered in the element with id confirm-title","","Fri May 22 15:07:42 UTC 2026","passed","Fri May 22 15:07:42 UTC 2026","","Component Tests","Component Tests ConfirmDialog title is rendered in the element with id confirm-title",""
"","300","Server Unit Tests Surviving Mutants & Edge Cases Port Fallback uses default PORT 5001 when process.env.PORT is missing","","Fri May 22 15:07:23 UTC 2026","passed","Fri May 22 15:07:23 UTC 2026","","Server Unit Tests","Server Unit Tests Surviving Mutants & Edge Cases Port Fallback uses default PORT 5001 when process.env.PORT is missing",""
"","0","Utility Functions rgbToHex value 15 pads to 0f","","Fri May 22 15:07:42 UTC 2026","passed","Fri May 22 15:07:42 UTC 2026","","Utility Functions","Utility Functions rgbToHex value 15 pads to 0f",""
"","676","shows a chip for each color with a swatch, name, and delete button","Chrome","Fri May 22 15:34:16 UTC 2026","passed","Fri May 22 15:34:16 UTC 2026","Color Management — Add & Delete","","",""
"","5","Server Unit Tests 405 Method Not Allowed does not return 405 for allowed GET method on /api/colors/:name","","Fri May 22 15:07:23 UTC 2026","passed","Fri May 22 15:07:23 UTC 2026","","Server Unit Tests","Server Unit Tests 405 Method Not Allowed does not return 405 for allowed GET method on /api/colors/:name",""
"","49","Frontend Unit Tests App Component saving is false again after a failed add (finally block)","","Fri May 22 15:07:42 UTC 2026","passed","Fri May 22 15:07:42 UTC 2026","","Frontend Unit Tests","Frontend Unit Tests App Component saving is false again after a failed add (finally block)",""
"","9","Server Integration Tests (Testcontainers) POST /api/colors should not expose _id or __v in the creation response","","Fri May 22 15:07:31 UTC 2026","passed","Fri May 22 15:07:31 UTC 2026","","Server Integration Tests (Testcontainers)","Server Integration Tests (Testcontainers) POST /api/colors should not expose _id or __v in the creation response",""
"","9","Component Tests ColorPicker displays serverError prop in an alert banner","","Fri May 22 15:07:42 UTC 2026","passed","Fri May 22 15:07:42 UTC 2026","","Utility Functions","Component Tests ColorPicker displays serverError prop in an alert banner",""
"","4","Utility Functions readableOn returns #111 for an invalid/empty hex string (null rgb fallback)","","Fri May 22 15:07:42 UTC 2026","passed","Fri May 22 15:07:42 UTC 2026","","Utility Functions","Utility Functions readableOn returns #111 for an invalid/empty hex string (null rgb fallback)",""
"","988","verify Red ( #e74c3c ) is applied as the background color","Chrome","Fri May 22 15:34:27 UTC 2026","passed","Fri May 22 15:34:28 UTC 2026","Background color tests","","",""
"","133","POST with script tag in name is rejected (400)","Chrome","Fri May 22 15:34:39 UTC 2026","passed","Fri May 22 15:34:39 UTC 2026","Security > XSS Prevention","","",""
"","8","Server Integration Tests (Testcontainers) GET /api/colors/:name should return correct data for Yellow","","Fri May 22 15:07:31 UTC 2026","passed","Fri May 22 15:07:31 UTC 2026","","Server Integration Tests (Testcontainers)","Server Integration Tests (Testcontainers) GET /api/colors/:name should return correct data for Yellow",""
"","25","Component Tests ConfirmDialog both buttons are disabled when busy=true","","Fri May 22 15:07:42 UTC 2026","passed","Fri May 22 15:07:42 UTC 2026","","Component Tests","Component Tests ConfirmDialog both buttons are disabled when busy=true",""
"","40","Frontend Unit Tests App Component add color 429 rate limit shows specific message","","Fri May 22 15:07:42 UTC 2026","passed","Fri May 22 15:07:42 UTC 2026","","Frontend Unit Tests","Frontend Unit Tests App Component add color 429 rate limit shows specific message",""
"","0","Utility Functions hslToRgb saturation clamped: s=1.5 treated as s=1","","Fri May 22 15:07:42 UTC 2026","passed","Fri May 22 15:07:42 UTC 2026","","Utility Functions","Utility Functions hslToRgb saturation clamped: s=1.5 treated as s=1",""
"","0","Frontend Unit Tests i18n Configuration interpolation should not escape value","","Fri May 22 15:07:44 UTC 2026","passed","Fri May 22 15:07:44 UTC 2026","","Frontend Unit Tests","Frontend Unit Tests i18n Configuration interpolation should not escape value",""
"","1117","check Turquoise ( #1abc9c) is the default background color.","Chrome","Fri May 22 15:34:26 UTC 2026","passed","Fri May 22 15:34:27 UTC 2026","","","",""
"","1290","shows server-error message on 500 inside the picker","Chrome","Fri May 22 15:34:22 UTC 2026","passed","Fri May 22 15:34:23 UTC 2026","Color Management — Add & Delete","","",""
"","83","should reject missing name","Chrome","Fri May 22 15:34:14 UTC 2026","passed","Fri May 22 15:34:14 UTC 2026","Backend API Integration > POST /api/colors Schema Validation","","",""
"","173","Component Tests ConfirmDialog renders title, body, and both buttons","","Fri May 22 15:07:42 UTC 2026","passed","Fri May 22 15:07:42 UTC 2026","","Component Tests","Component Tests ConfirmDialog renders title, body, and both buttons",""
"","86","should reject invalid hex format","Chrome","Fri May 22 15:34:15 UTC 2026","passed","Fri May 22 15:34:15 UTC 2026","Backend API Integration > POST /api/colors Schema Validation","","",""
"","8","Component Tests ColorPicker non-Enter key on name input does not trigger submit","","Fri May 22 15:07:42 UTC 2026","passed","Fri May 22 15:07:42 UTC 2026","","Utility Functions","Component Tests ColorPicker non-Enter key on name input does not trigger submit",""
"","103","PATCH /api/colors/:name returns 405","Chrome","Fri May 22 15:34:44 UTC 2026","passed","Fri May 22 15:34:44 UTC 2026","Security > HTTP Method Restrictions","","",""
"","6","Server Integration Tests (Testcontainers) POST /api/colors should return 400 when hex is missing","","Fri May 22 15:07:31 UTC 2026","passed","Fri May 22 15:07:31 UTC 2026","","Server Integration Tests (Testcontainers)","Server Integration Tests (Testcontainers) POST /api/colors should return 400 when hex is missing",""
"","27","Frontend Unit Tests App Component link color is dark (#003366) on light background","","Fri May 22 15:07:42 UTC 2026","passed","Fri May 22 15:07:42 UTC 2026","","Frontend Unit Tests","Frontend Unit Tests App Component link color is dark (#003366) on light background",""
"","4","Server Unit Tests Middleware handles non-JSON content type gracefully on POST","","Fri May 22 15:07:23 UTC 2026","passed","Fri May 22 15:07:23 UTC 2026","","Server Unit Tests","Server Unit Tests Middleware handles non-JSON content type gracefully on POST",""
"","0","Utility Functions rgbToHsl b max (#0040ff) → h in (180,300)","","Fri May 22 15:07:42 UTC 2026","passed","Fri May 22 15:07:42 UTC 2026","","Utility Functions","Utility Functions rgbToHsl b max (#0040ff) → h in (180,300)",""
"","4","Server Unit Tests Error Handling POST /api/colors returns 409 when database throws duplicate key error (code 11000)","","Fri May 22 15:07:23 UTC 2026","passed","Fri May 22 15:07:23 UTC 2026","","Server Unit Tests","Server Unit Tests Error Handling POST /api/colors returns 409 when database throws duplicate key error (code 11000)",""
"","203","should return 404 when updating non-existent color","Chrome","Fri May 22 15:34:15 UTC 2026","passed","Fri May 22 15:34:16 UTC 2026","Backend API Integration > PUT /api/colors/:name Schema Validation","","",""
"","1","Utility Functions hslToRgb lightness clamped: l=-0.5 gives black","","Fri May 22 15:07:42 UTC 2026","passed","Fri May 22 15:07:42 UTC 2026","","Utility Functions","Utility Functions hslToRgb lightness clamped: l=-0.5 gives black",""
"","0","homepage after color change","Chrome","Fri May 22 15:14:16 UTC 2026","skipped","Fri May 22 15:14:16 UTC 2026","Percy Visual Regression – Production > Percy – tablet (768×1024)","","",""
"","3","Server Unit Tests DELETE /api/colors/:name returns 400 for invalid name in path (regex check)","","Fri May 22 15:07:23 UTC 2026","passed","Fri May 22 15:07:23 UTC 2026","","Server Unit Tests","Server Unit Tests DELETE /api/colors/:name returns 400 for invalid name in path (regex check)",""
"","7","Component Tests ConfirmDialog clicking the card itself does NOT call onCancel","","Fri May 22 15:07:42 UTC 2026","passed","Fri May 22 15:07:42 UTC 2026","","Component Tests","Component Tests ConfirmDialog clicking the card itself does NOT call onCancel",""
"","11","Server Unit Tests Surviving Mutants & Edge Cases Regex & Validation STRICT_NAME_REGEX kills mutants on start/end/middle characters","","Fri May 22 15:07:23 UTC 2026","passed","Fri May 22 15:07:23 UTC 2026","","Server Unit Tests","Server Unit Tests Surviving Mutants & Edge Cases Regex & Validation STRICT_NAME_REGEX kills mutants on start/end/middle characters",""
"","9","Frontend Unit Tests App Component shows error alert when initial fetch fails","","Fri May 22 15:07:42 UTC 2026","passed","Fri May 22 15:07:42 UTC 2026","","Frontend Unit Tests","Frontend Unit Tests App Component shows error alert when initial fetch fails",""
"","1017","delete API error shows alert banner","Chrome","Fri May 22 15:34:25 UTC 2026","passed","Fri May 22 15:34:26 UTC 2026","Color Management — Add & Delete","","",""
"","900","should return 409 for duplicate color creation","Chrome","Fri May 22 15:34:14 UTC 2026","passed","Fri May 22 15:34:15 UTC 2026","Backend API Integration > POST /api/colors Schema Validation","","",""
"","102","unknown extra fields in POST body are rejected (400)","Chrome","Fri May 22 15:34:42 UTC 2026","passed","Fri May 22 15:34:42 UTC 2026","Security > Input Validation","","",""
"","5","Component Tests ConfirmDialog Enter key does NOT call onConfirm when busy","","Fri May 22 15:07:42 UTC 2026","passed","Fri May 22 15:07:42 UTC 2026","","Component Tests","Component Tests ConfirmDialog Enter key does NOT call onConfirm when busy",""
"","14","Server Integration Tests (Testcontainers) PUT /api/colors/:name should rename a color and make old name return 404","","Fri May 22 15:07:31 UTC 2026","passed","Fri May 22 15:07:31 UTC 2026","","Server Integration Tests (Testcontainers)","Server Integration Tests (Testcontainers) PUT /api/colors/:name should rename a color and make old name return 404",""
"","508","should handle missing image gracefully by showing alt text","Chrome","Fri May 22 15:34:35 UTC 2026","passed","Fri May 22 15:34:35 UTC 2026","Network Mocking & Interception","","",""
"","9","Server Integration Tests (Testcontainers) GET /api/colors should return colors sorted alphabetically by name","","Fri May 22 15:07:31 UTC 2026","passed","Fri May 22 15:07:31 UTC 2026","","Server Integration Tests (Testcontainers)","Server Integration Tests (Testcontainers) GET /api/colors should return colors sorted alphabetically by name",""
"","9","Server Integration Tests (Testcontainers) GET /api/colors/:name should return 400 for invalid name format","","Fri May 22 15:07:31 UTC 2026","passed","Fri May 22 15:07:31 UTC 2026","","Server Integration Tests (Testcontainers)","Server Integration Tests (Testcontainers) GET /api/colors/:name should return 400 for invalid name format",""
"","5","Server Unit Tests Error Handling GET /api/colors returns 500 when database fails","","Fri May 22 15:07:23 UTC 2026","passed","Fri May 22 15:07:23 UTC 2026","","Server Unit Tests","Server Unit Tests Error Handling GET /api/colors returns 500 when database fails",""
"","19","Component Tests ColorPicker lightness slider min value (0) gives black","","Fri May 22 15:07:42 UTC 2026","passed","Fri May 22 15:07:42 UTC 2026","","Utility Functions","Component Tests ColorPicker lightness slider min value (0) gives black",""
"","10","Server Unit Tests GET /api/colors returns colors sorted alphabetically by name","","Fri May 22 15:07:23 UTC 2026","passed","Fri May 22 15:07:23 UTC 2026","","Server Unit Tests","Server Unit Tests GET /api/colors returns colors sorted alphabetically by name",""
"","821","Example #2","BDD","Fri May 22 15:11:59 UTC 2026","passed","Fri May 22 15:12:00 UTC 2026","Home Page Background Color > Change background color","","",""
"","6","Server Unit Tests DELETE /api/colors/:name cannot delete the same color twice","","Fri May 22 15:07:23 UTC 2026","passed","Fri May 22 15:07:23 UTC 2026","","Server Unit Tests","Server Unit Tests DELETE /api/colors/:name cannot delete the same color twice",""
"","1398","verify Turquoise ( #1abc9c ) is applied as the background color","Chrome","Fri May 22 15:34:36 UTC 2026","passed","Fri May 22 15:34:38 UTC 2026","POM Refactored: Background color tests","","",""
"","1","Utility Functions paintWheelPixel paints red at right edge (dx=r, dy=0, hue=0)","","Fri May 22 15:07:42 UTC 2026","passed","Fri May 22 15:07:42 UTC 2026","","Utility Functions","Utility Functions paintWheelPixel paints red at right edge (dx=r, dy=0, hue=0)",""
"","50","Frontend Unit Tests App Component delete network error shows error alert","","Fri May 22 15:07:42 UTC 2026","passed","Fri May 22 15:07:42 UTC 2026","","Frontend Unit Tests","Frontend Unit Tests App Component delete network error shows error alert",""
"","756","should delete an existing color","Chrome","Fri May 22 15:34:16 UTC 2026","passed","Fri May 22 15:34:16 UTC 2026","Backend API Integration > DELETE /api/colors/:name","","",""
"","28","Component Tests ColorPicker lightness slider max value (100) gives white","","Fri May 22 15:07:42 UTC 2026","passed","Fri May 22 15:07:42 UTC 2026","","Utility Functions","Component Tests ColorPicker lightness slider max value (100) gives white",""
"","28","Component Tests ColorPicker mousemove after mouseup does NOT update color (dragging stopped)","","Fri May 22 15:07:42 UTC 2026","passed","Fri May 22 15:07:42 UTC 2026","","Utility Functions","Component Tests ColorPicker mousemove after mouseup does NOT update color (dragging stopped)",""
"","21","Component Tests ColorPicker submit is blocked when hex input has an error","","Fri May 22 15:07:42 UTC 2026","passed","Fri May 22 15:07:42 UTC 2026","","Utility Functions","Component Tests ColorPicker submit is blocked when hex input has an error",""
"","1","Utility Functions rgbToHsl white [255,255,255] → h=0, s=0, l=1","","Fri May 22 15:07:42 UTC 2026","passed","Fri May 22 15:07:42 UTC 2026","","Utility Functions","Utility Functions rgbToHsl white [255,255,255] → h=0, s=0, l=1",""
"","61","Frontend Unit Tests App Component delete sends DELETE request with correct method","","Fri May 22 15:07:42 UTC 2026","passed","Fri May 22 15:07:42 UTC 2026","","Frontend Unit Tests","Frontend Unit Tests App Component delete sends DELETE request with correct method",""
"","1466","verify Yellow ( #f1c40f ) is applied as the background color","Chrome","Fri May 22 15:34:28 UTC 2026","passed","Fri May 22 15:34:29 UTC 2026","Background color tests","","",""
"","205","GET /api/colors/Yellow should return the correct hex code","Chrome","Fri May 22 15:34:13 UTC 2026","passed","Fri May 22 15:34:13 UTC 2026","Backend API Integration","","",""
"","2325","should maintain accessibility in es language and verify resilient locators","Chrome","Fri May 22 15:34:08 UTC 2026","passed","Fri May 22 15:34:10 UTC 2026","i18n Accessibility Tests","","",""
"","1","Utility Functions hslToRgb hue=30 (orange) → [255,128,0]","","Fri May 22 15:07:42 UTC 2026","passed","Fri May 22 15:07:42 UTC 2026","","Utility Functions","Utility Functions hslToRgb hue=30 (orange) → [255,128,0]",""
"","9","Server Unit Tests Surviving Mutants & Edge Cases Regex & Validation STRICT_NAME_REGEX kills mutants by testing multiple spaces in the middle and rejecting pluses","","Fri May 22 15:07:23 UTC 2026","passed","Fri May 22 15:07:23 UTC 2026","","Server Unit Tests","Server Unit Tests Surviving Mutants & Edge Cases Regex & Validation STRICT_NAME_REGEX kills mutants by testing multiple spaces in the middle and rejecting pluses",""
"","10","Server Unit Tests GET /api/colors does not expose _id or __v fields","","Fri May 22 15:07:23 UTC 2026","passed","Fri May 22 15:07:23 UTC 2026","","Server Unit Tests","Server Unit Tests GET /api/colors does not expose _id or __v fields",""
"","1252","changing color to Yellow should reflect in UI and DOM","Chrome","Fri May 22 15:34:32 UTC 2026","passed","Fri May 22 15:34:34 UTC 2026","Data-Driven Testing","","",""
"","922","handle color selection fetch error","Chrome","Fri May 22 15:34:30 UTC 2026","passed","Fri May 22 15:34:31 UTC 2026","Edge cases and error handling","","",""
"","2201","should maintain accessibility in el language and verify resilient locators","Chrome","Fri May 22 15:34:10 UTC 2026","passed","Fri May 22 15:34:12 UTC 2026","i18n Accessibility Tests","","",""
"","9","Server Integration Tests (Testcontainers) GET /api/colors/:name should return 404 for a non-existent color","","Fri May 22 15:07:31 UTC 2026","passed","Fri May 22 15:07:31 UTC 2026","","Server Integration Tests (Testcontainers)","Server Integration Tests (Testcontainers) GET /api/colors/:name should return 404 for a non-existent color",""
"","111","PUT /openapi.json returns 405","Chrome","Fri May 22 15:34:44 UTC 2026","passed","Fri May 22 15:34:44 UTC 2026","Security > HTTP Method Restrictions","","",""
"","6","Server Unit Tests 405 Method Not Allowed does not return 405 for allowed PUT method on /api/colors/:name","","Fri May 22 15:07:23 UTC 2026","passed","Fri May 22 15:07:23 UTC 2026","","Server Unit Tests","Server Unit Tests 405 Method Not Allowed does not return 405 for allowed PUT method on /api/colors/:name",""
"","125","NoSQL operator in GET path param is rejected (400 or 404)","Chrome","Fri May 22 15:34:42 UTC 2026","passed","Fri May 22 15:34:42 UTC 2026","Security > Injection Prevention","","",""
"","6","Server Unit Tests 405 Method Not Allowed does not return 405 for allowed POST method on /api/colors","","Fri May 22 15:07:23 UTC 2026","passed","Fri May 22 15:07:23 UTC 2026","","Server Unit Tests","Server Unit Tests 405 Method Not Allowed does not return 405 for allowed POST method on /api/colors",""
"","98","Frontend Unit Tests App Component handleColorClick does nothing when data has no hex","","Fri May 22 15:07:42 UTC 2026","passed","Fri May 22 15:07:42 UTC 2026","","Frontend Unit Tests","Frontend Unit Tests App Component handleColorClick does nothing when data has no hex",""
"","94","Frontend Unit Tests App Component confirm dialog cancel does nothing when deleting=true","","Fri May 22 15:07:42 UTC 2026","passed","Fri May 22 15:07:42 UTC 2026","","Frontend Unit Tests","Frontend Unit Tests App Component confirm dialog cancel does nothing when deleting=true",""
"","12","Component Tests ColorPicker wheel cursor moves to (220,110) after right-edge click (hue=0, sat=1)","","Fri May 22 15:07:42 UTC 2026","passed","Fri May 22 15:07:42 UTC 2026","","Utility Functions","Component Tests ColorPicker wheel cursor moves to (220,110) after right-edge click (hue=0, sat=1)",""
"","1178","should display all core elements and handle button interaction","Chrome","Fri May 22 15:14:14 UTC 2026","passed","Fri May 22 15:14:16 UTC 2026","Responsive Design – tablet (768×1024)","","",""
"","11","Component Tests ColorPicker Cancel button is disabled when saving=true","","Fri May 22 15:07:42 UTC 2026","passed","Fri May 22 15:07:42 UTC 2026","","Utility Functions","Component Tests ColorPicker Cancel button is disabled when saving=true",""
"","3","Server Unit Tests Surviving Mutants & Edge Cases Swagger Metadata & OpenAPI has exact info metadata","","Fri May 22 15:07:23 UTC 2026","passed","Fri May 22 15:07:23 UTC 2026","","Server Unit Tests","Server Unit Tests Surviving Mutants & Edge Cases Swagger Metadata & OpenAPI has exact info metadata",""
"","2","homepage initial state","Chrome","Fri May 22 15:14:16 UTC 2026","skipped","Fri May 22 15:14:16 UTC 2026","Percy Visual Regression – Production > Percy – desktop (1280×720)","","",""
"","22","Component Tests ColorPicker mousedown outside circle clamps sat to 1","","Fri May 22 15:07:42 UTC 2026","passed","Fri May 22 15:07:42 UTC 2026","","Utility Functions","Component Tests ColorPicker mousedown outside circle clamps sat to 1",""
"","701","should show loading state when API returns empty colors","Chrome","Fri May 22 15:34:34 UTC 2026","passed","Fri May 22 15:34:35 UTC 2026","UI Error Handling Coverage","","",""
"","23","Server Integration Tests (Testcontainers) DELETE /api/colors/:name should delete a color and confirm removal from the real database","","Fri May 22 15:07:31 UTC 2026","passed","Fri May 22 15:07:31 UTC 2026","","Server Integration Tests (Testcontainers)","Server Integration Tests (Testcontainers) DELETE /api/colors/:name should delete a color and confirm removal from the real database",""
"","66","Frontend Unit Tests App Component picker onCancel does nothing when saving=true","","Fri May 22 15:07:42 UTC 2026","passed","Fri May 22 15:07:42 UTC 2026","","Frontend Unit Tests","Frontend Unit Tests App Component picker onCancel does nothing when saving=true",""
"","2798","PUT /api/colors/{name}","","","passed","","","schemathesis","",""
"","240","GET /api/colors/Turquoise should return the correct hex code","Chrome","Fri May 22 15:34:12 UTC 2026","passed","Fri May 22 15:34:13 UTC 2026","Backend API Integration","","",""
"","17","Component Tests ColorPicker mousemove without prior mousedown (not dragging) does not change color","","Fri May 22 15:07:42 UTC 2026","passed","Fri May 22 15:07:42 UTC 2026","","Utility Functions","Component Tests ColorPicker mousemove without prior mousedown (not dragging) does not change color",""
"","3","Utility Functions hslToRgb hue=0 (red) → [255,0,0]","","Fri May 22 15:07:42 UTC 2026","passed","Fri May 22 15:07:42 UTC 2026","","Utility Functions","Utility Functions hslToRgb hue=0 (red) → [255,0,0]",""
"","0","homepage initial state","Chrome","Fri May 22 15:14:16 UTC 2026","skipped","Fri May 22 15:14:16 UTC 2026","Percy Visual Regression – Production > Percy – mobile (375×667)","","",""
"","800","should display colors that do not exist in the database","Chrome","Fri May 22 15:34:35 UTC 2026","passed","Fri May 22 15:34:36 UTC 2026","Network Mocking & Interception","","",""
"","199","GET /api/colors/Red should return the correct hex code","Chrome","Fri May 22 15:34:13 UTC 2026","passed","Fri May 22 15:34:13 UTC 2026","Backend API Integration","","",""
"","113","POST with javascript: URI in name is rejected (400)","Chrome","Fri May 22 15:34:39 UTC 2026","passed","Fri May 22 15:34:39 UTC 2026","Security > XSS Prevention","","",""
"","178","Component Tests ColorPicker renders the modal with title, hex preview, name and hex inputs","","Fri May 22 15:07:42 UTC 2026","passed","Fri May 22 15:07:42 UTC 2026","","Utility Functions","Component Tests ColorPicker renders the modal with title, hex preview, name and hex inputs",""
"","49","Frontend Unit Tests App Component deleting the active color switches background to the first remaining","","Fri May 22 15:07:42 UTC 2026","passed","Fri May 22 15:07:42 UTC 2026","","Frontend Unit Tests","Frontend Unit Tests App Component deleting the active color switches background to the first remaining",""
"","4","Server Unit Tests Middleware does not include X-Powered-By header","","Fri May 22 15:07:23 UTC 2026","passed","Fri May 22 15:07:23 UTC 2026","","Server Unit Tests","Server Unit Tests Middleware does not include X-Powered-By header",""
"","7","Component Tests ColorPicker clicking inside the card does NOT call onCancel","","Fri May 22 15:07:42 UTC 2026","passed","Fri May 22 15:07:42 UTC 2026","","Utility Functions","Component Tests ColorPicker clicking inside the card does NOT call onCancel",""
"","1710","color names rendered in the UI do not trigger script execution","Chrome","Fri May 22 15:34:39 UTC 2026","passed","Fri May 22 15:34:41 UTC 2026","Security > XSS Prevention","","",""
"","7","Server Unit Tests Surviving Mutants & Edge Cases Allowed Methods kills mutants in allowedMethods object","","Fri May 22 15:07:23 UTC 2026","passed","Fri May 22 15:07:23 UTC 2026","","Server Unit Tests","Server Unit Tests Surviving Mutants & Edge Cases Allowed Methods kills mutants in allowedMethods object",""
"","6276","should not have any automatically detectable accessibility issues","Chrome","Fri May 22 15:33:58 UTC 2026","passed","Fri May 22 15:34:05 UTC 2026","Accessibility Tests","","",""
"","686","should gracefully handle a color not found in the database","Chrome","Fri May 22 15:34:36 UTC 2026","passed","Fri May 22 15:34:37 UTC 2026","Network Mocking & Interception","","",""
"","15","Frontend Unit Tests App Component labelFor falls back to color name for unknown/custom color","","Fri May 22 15:07:42 UTC 2026","passed","Fri May 22 15:07:42 UTC 2026","","Frontend Unit Tests","Frontend Unit Tests App Component labelFor falls back to color name for unknown/custom color",""
"","32","Component Tests ColorPicker cancel button calls onCancel","","Fri May 22 15:07:42 UTC 2026","passed","Fri May 22 15:07:42 UTC 2026","","Utility Functions","Component Tests ColorPicker cancel button calls onCancel",""
"","1399","should create dynamic random color via API and verify through UI","Chrome","Fri May 22 15:34:38 UTC 2026","passed","Fri May 22 15:34:39 UTC 2026","Random Data Testing with faker.js","","",""
"","1","Frontend Unit Tests i18n Configuration should be initialized with correct settings","","Fri May 22 15:07:44 UTC 2026","passed","Fri May 22 15:07:44 UTC 2026","","Frontend Unit Tests","Frontend Unit Tests i18n Configuration should be initialized with correct settings",""
"","31","Frontend Unit Tests App Component add color sends POST with correct method, headers, and body","","Fri May 22 15:07:42 UTC 2026","passed","Fri May 22 15:07:42 UTC 2026","","Frontend Unit Tests","Frontend Unit Tests App Component add color sends POST with correct method, headers, and body",""
"","25","Component Tests ColorPicker touchmove while dragging updates hex","","Fri May 22 15:07:42 UTC 2026","passed","Fri May 22 15:07:42 UTC 2026","","Utility Functions","Component Tests ColorPicker touchmove while dragging updates hex",""
"","8","Component Tests ColorPicker wheel cursor is at (110,110) at center (sat=0)","","Fri May 22 15:07:42 UTC 2026","passed","Fri May 22 15:07:42 UTC 2026","","Utility Functions","Component Tests ColorPicker wheel cursor is at (110,110) at center (sat=0)",""
"","22","Component Tests ColorPicker typing in name input clears name error","","Fri May 22 15:07:42 UTC 2026","passed","Fri May 22 15:07:42 UTC 2026","","Utility Functions","Component Tests ColorPicker typing in name input clears name error",""
"","0","homepage after color change","Chrome","Fri May 22 15:14:16 UTC 2026","skipped","Fri May 22 15:14:16 UTC 2026","Percy Visual Regression – Production > Percy – mobile (375×667)","","",""
"","45","Frontend Unit Tests App Component deleting a non-active color keeps the current background","","Fri May 22 15:07:42 UTC 2026","passed","Fri May 22 15:07:42 UTC 2026","","Frontend Unit Tests","Frontend Unit Tests App Component deleting a non-active color keeps the current background",""
"","1","Utility Functions hslToRgb hue=210 (azure) → [0,128,255]","","Fri May 22 15:07:42 UTC 2026","passed","Fri May 22 15:07:42 UTC 2026","","Utility Functions","Utility Functions hslToRgb hue=210 (azure) → [0,128,255]",""
"","52","Frontend Unit Tests App Component handleColorClick encodes color name in URL","","Fri May 22 15:07:42 UTC 2026","passed","Fri May 22 15:07:42 UTC 2026","","Frontend Unit Tests","Frontend Unit Tests App Component handleColorClick encodes color name in URL",""
"","190","should return 404 for non-existent color deletion","Chrome","Fri May 22 15:34:16 UTC 2026","passed","Fri May 22 15:34:16 UTC 2026","Backend API Integration > DELETE /api/colors/:name","","",""
"","25","Component Tests ColorPicker submit with duplicate name (client-side) shows duplicate error","","Fri May 22 15:07:42 UTC 2026","passed","Fri May 22 15:07:42 UTC 2026","","Utility Functions","Component Tests ColorPicker submit with duplicate name (client-side) shows duplicate error",""
"","42","Frontend Unit Tests App Component first loaded color is active (aria-pressed=true)","","Fri May 22 15:07:42 UTC 2026","passed","Fri May 22 15:07:42 UTC 2026","","Frontend Unit Tests","Frontend Unit Tests App Component first loaded color is active (aria-pressed=true)",""
"","22","Component Tests ColorPicker touchend stops dragging (touchmove after touchend is ignored)","","Fri May 22 15:07:42 UTC 2026","passed","Fri May 22 15:07:42 UTC 2026","","Utility Functions","Component Tests ColorPicker touchend stops dragging (touchmove after touchend is ignored)",""
"","8","Server Unit Tests 405 Method Not Allowed returns 405 for POST, PUT, DELETE on /openapi.json","","Fri May 22 15:07:23 UTC 2026","passed","Fri May 22 15:07:23 UTC 2026","","Server Unit Tests","Server Unit Tests 405 Method Not Allowed returns 405 for POST, PUT, DELETE on /openapi.json",""
"","17","Server Unit Tests Surviving Mutants & Edge Cases Regex & Validation STRICT_NAME_REGEX is strict on forbidden special characters in the middle","","Fri May 22 15:07:23 UTC 2026","passed","Fri May 22 15:07:23 UTC 2026","","Server Unit Tests","Server Unit Tests Surviving Mutants & Edge Cases Regex & Validation STRICT_NAME_REGEX is strict on forbidden special characters in the middle",""
"","39","Frontend Unit Tests App Component existingNames passed to ColorPicker matches current color list","","Fri May 22 15:07:42 UTC 2026","passed","Fri May 22 15:07:42 UTC 2026","","Frontend Unit Tests","Frontend Unit Tests App Component existingNames passed to ColorPicker matches current color list",""
"","1","Utility Functions hslToRgb hue=90 (chartreuse) → [128,255,0]","","Fri May 22 15:07:42 UTC 2026","passed","Fri May 22 15:07:42 UTC 2026","","Utility Functions","Utility Functions hslToRgb hue=90 (chartreuse) → [128,255,0]",""
"","15","Server Integration Tests (Testcontainers) DELETE /api/colors/:name should return 404 on a second delete of the same color","","Fri May 22 15:07:31 UTC 2026","passed","Fri May 22 15:07:31 UTC 2026","","Server Integration Tests (Testcontainers)","Server Integration Tests (Testcontainers) DELETE /api/colors/:name should return 404 on a second delete of the same color",""
"","0","Utility Functions paintWheelPixel anti-aliases the outermost ring: dist=r gives alpha=0","","Fri May 22 15:07:42 UTC 2026","passed","Fri May 22 15:07:42 UTC 2026","","Utility Functions","Utility Functions paintWheelPixel anti-aliases the outermost ring: dist=r gives alpha=0",""
"","47","Frontend Unit Tests App Component delete API error shows error alert without closing dialog","","Fri May 22 15:07:42 UTC 2026","passed","Fri May 22 15:07:42 UTC 2026","","Frontend Unit Tests","Frontend Unit Tests App Component delete API error shows error alert without closing dialog",""
"","3","Server Unit Tests Error Handling GET /api/colors/:name returns 500 when database fails","","Fri May 22 15:07:23 UTC 2026","passed","Fri May 22 15:07:23 UTC 2026","","Server Unit Tests","Server Unit Tests Error Handling GET /api/colors/:name returns 500 when database fails",""
"","37","Component Tests ColorPicker mousemove while dragging updates hex (dragging.current=true kills mutation)","","Fri May 22 15:07:42 UTC 2026","passed","Fri May 22 15:07:42 UTC 2026","","Utility Functions","Component Tests ColorPicker mousemove while dragging updates hex (dragging.current=true kills mutation)",""
"","11","Server Integration Tests (Testcontainers) PUT /api/colors/:name should update the hex of an existing color and persist it in the real database","","Fri May 22 15:07:31 UTC 2026","passed","Fri May 22 15:07:31 UTC 2026","","Server Integration Tests (Testcontainers)","Server Integration Tests (Testcontainers) PUT /api/colors/:name should update the hex of an existing color and persist it in the real database",""
"","3","Server Unit Tests 405 Method Not Allowed sets the Allow header on /api/colors/:name with correct methods","","Fri May 22 15:07:23 UTC 2026","passed","Fri May 22 15:07:23 UTC 2026","","Server Unit Tests","Server Unit Tests 405 Method Not Allowed sets the Allow header on /api/colors/:name with correct methods",""
"","4","Server Unit Tests 405 Method Not Allowed sets the Allow header on /api/colors with correct methods","","Fri May 22 15:07:23 UTC 2026","passed","Fri May 22 15:07:23 UTC 2026","","Server Unit Tests","Server Unit Tests 405 Method Not Allowed sets the Allow header on /api/colors with correct methods",""
"","12","Server Unit Tests Surviving Mutants & Edge Cases Strict Path & Method Validation kills mutants that change route paths to empty string","","Fri May 22 15:07:23 UTC 2026","passed","Fri May 22 15:07:23 UTC 2026","","Server Unit Tests","Server Unit Tests Surviving Mutants & Edge Cases Strict Path & Method Validation kills mutants that change route paths to empty string",""
"","5","Frontend Unit Tests App Component initial default background before fetch resolves","","Fri May 22 15:07:42 UTC 2026","passed","Fri May 22 15:07:42 UTC 2026","","Frontend Unit Tests","Frontend Unit Tests App Component initial default background before fetch resolves",""
"","38","Frontend Unit Tests App Component deleting the last color sets activeName to null","","Fri May 22 15:07:42 UTC 2026","passed","Fri May 22 15:07:42 UTC 2026","","Frontend Unit Tests","Frontend Unit Tests App Component deleting the last color sets activeName to null",""
"","970","should display all core elements and handle button interaction","Chrome","Fri May 22 15:14:15 UTC 2026","passed","Fri May 22 15:14:16 UTC 2026","Responsive Design – iPhone SE (375×667)","","",""
"","977","handle initial fetch error","Chrome","Fri May 22 15:34:29 UTC 2026","passed","Fri May 22 15:34:30 UTC 2026","Edge cases and error handling","","",""
"","1294","successful delete removes the chip","Chrome","Fri May 22 15:34:24 UTC 2026","passed","Fri May 22 15:34:25 UTC 2026","Color Management — Add & Delete","","",""
"","18","Component Tests ColorPicker touch start on canvas sets hex to #ff0000 at right edge","","Fri May 22 15:07:42 UTC 2026","passed","Fri May 22 15:07:42 UTC 2026","","Utility Functions","Component Tests ColorPicker touch start on canvas sets hex to #ff0000 at right edge",""
"","1115","changing color to Turquoise should reflect in UI and DOM","Chrome","Fri May 22 15:34:31 UTC 2026","passed","Fri May 22 15:34:32 UTC 2026","Data-Driven Testing","","",""
"","68","Frontend Unit Tests App Component fetches and displays color chips with swatch and delete button","","Fri May 22 15:07:42 UTC 2026","passed","Fri May 22 15:07:42 UTC 2026","","Frontend Unit Tests","Frontend Unit Tests App Component fetches and displays color chips with swatch and delete button",""
"","26","Component Tests ColorPicker lightness slider change updates the preview","","Fri May 22 15:07:42 UTC 2026","passed","Fri May 22 15:07:42 UTC 2026","","Utility Functions","Component Tests ColorPicker lightness slider change updates the preview",""
"","753","Background stays unchanged when fetching a specific color fails","BDD","Fri May 22 15:11:59 UTC 2026","passed","Fri May 22 15:11:59 UTC 2026","API Error Handling","","",""
"","0","Utility Functions paintWheelPixel sets alpha to 0 when dist > r (outside circle)","","Fri May 22 15:07:42 UTC 2026","passed","Fri May 22 15:07:42 UTC 2026","","Utility Functions","Utility Functions paintWheelPixel sets alpha to 0 when dist > r (outside circle)",""
"","17","Component Tests ColorPicker typing red with g<b hex updates internal state","","Fri May 22 15:07:42 UTC 2026","passed","Fri May 22 15:07:42 UTC 2026","","Utility Functions","Component Tests ColorPicker typing red with g<b hex updates internal state",""
"","967","should load the application and verify core functionality across browsers","Chrome","Fri May 22 15:34:31 UTC 2026","passed","Fri May 22 15:34:32 UTC 2026","Cross-Browser Core Functionality","","",""
"","1358","cancel in confirm dialog closes it without deleting","Chrome","Fri May 22 15:34:23 UTC 2026","passed","Fri May 22 15:34:24 UTC 2026","Color Management — Add & Delete","","",""
"","704","NoSQL $where operator in name is rejected (400)","Chrome","Fri May 22 15:34:41 UTC 2026","passed","Fri May 22 15:34:42 UTC 2026","Security > Injection Prevention","","",""
"","6","Component Tests ConfirmDialog Escape key calls onCancel when not busy","","Fri May 22 15:07:42 UTC 2026","passed","Fri May 22 15:07:42 UTC 2026","","Component Tests","Component Tests ConfirmDialog Escape key calls onCancel when not busy",""
"","9","Server Unit Tests DELETE /api/colors/:name deletes an existing color and returns success message","","Fri May 22 15:07:23 UTC 2026","passed","Fri May 22 15:07:23 UTC 2026","","Server Unit Tests","Server Unit Tests DELETE /api/colors/:name deletes an existing color and returns success message",""
"","5","Server Unit Tests GET /api/colors/:name returns 400 for invalid name in path (regex check)","","Fri May 22 15:07:23 UTC 2026","passed","Fri May 22 15:07:23 UTC 2026","","Server Unit Tests","Server Unit Tests GET /api/colors/:name returns 400 for invalid name in path (regex check)",""
"","5","Component Tests ColorPicker serverError banner is absent when serverError is null","","Fri May 22 15:07:42 UTC 2026","passed","Fri May 22 15:07:42 UTC 2026","","Utility Functions","Component Tests ColorPicker serverError banner is absent when serverError is null",""
"","2","Server Unit Tests Surviving Mutants & Edge Cases Mongoose Schema Strictness kills empty schema mutant by checking schema paths","","Fri May 22 15:07:23 UTC 2026","passed","Fri May 22 15:07:23 UTC 2026","","Server Unit Tests","Server Unit Tests Surviving Mutants & Edge Cases Mongoose Schema Strictness kills empty schema mutant by checking schema paths",""
"","44","Frontend Unit Tests App Component add color 400 without data.error falls back to generic message","","Fri May 22 15:07:42 UTC 2026","passed","Fri May 22 15:07:42 UTC 2026","","Frontend Unit Tests","Frontend Unit Tests App Component add color 400 without data.error falls back to generic message",""
"","4","Server Unit Tests Middleware JSON error middleware ignores SyntaxError without body","","Fri May 22 15:07:23 UTC 2026","passed","Fri May 22 15:07:23 UTC 2026","","Server Unit Tests","Server Unit Tests Middleware JSON error middleware ignores SyntaxError without body",""
"","6","Frontend Unit Tests App Component current color span tracks hex value","","Fri May 22 15:07:42 UTC 2026","passed","Fri May 22 15:07:42 UTC 2026","","Frontend Unit Tests","Frontend Unit Tests App Component current color span tracks hex value",""
"","1129","changing color to Red should reflect in UI and DOM","Chrome","Fri May 22 15:34:32 UTC 2026","passed","Fri May 22 15:34:33 UTC 2026","Data-Driven Testing","","",""
"","22","Component Tests ColorPicker valid submit calls onConfirm with trimmed name and current hex","","Fri May 22 15:07:42 UTC 2026","passed","Fri May 22 15:07:42 UTC 2026","","Utility Functions","Component Tests ColorPicker valid submit calls onConfirm with trimmed name and current hex",""
"","0","Utility Functions hslToRgb hue=60 (yellow) → [255,255,0]","","Fri May 22 15:07:42 UTC 2026","passed","Fri May 22 15:07:42 UTC 2026","","Utility Functions","Utility Functions hslToRgb hue=60 (yellow) → [255,255,0]",""
"","44","Frontend Unit Tests App Component add color 501 also triggers server error message (>= 500)","","Fri May 22 15:07:42 UTC 2026","passed","Fri May 22 15:07:42 UTC 2026","","Frontend Unit Tests","Frontend Unit Tests App Component add color 501 also triggers server error message (>= 500)",""
"","101","Frontend Unit Tests App Component clicking a color chip makes it active","","Fri May 22 15:07:42 UTC 2026","passed","Fri May 22 15:07:42 UTC 2026","","Frontend Unit Tests","Frontend Unit Tests App Component clicking a color chip makes it active",""
"","8","Server Unit Tests 405 Method Not Allowed returns 405 for POST, PUT, DELETE on /api-docs","","Fri May 22 15:07:23 UTC 2026","passed","Fri May 22 15:07:23 UTC 2026","","Server Unit Tests","Server Unit Tests 405 Method Not Allowed returns 405 for POST, PUT, DELETE on /api-docs",""
"","46","Frontend Unit Tests App Component add color 400 shows data.error message","","Fri May 22 15:07:42 UTC 2026","passed","Fri May 22 15:07:42 UTC 2026","","Frontend Unit Tests","Frontend Unit Tests App Component add color 400 shows data.error message",""
"","40","Server Unit Tests GET /api/colors returns all seeded colors with correct names and hex values","","Fri May 22 15:07:23 UTC 2026","passed","Fri May 22 15:07:23 UTC 2026","","Server Unit Tests","Server Unit Tests GET /api/colors returns all seeded colors with correct names and hex values",""
"","10","Server Unit Tests Surviving Mutants & Edge Cases PUT logic kills name/hex conditional mutants by providing only one field","","Fri May 22 15:07:23 UTC 2026","passed","Fri May 22 15:07:23 UTC 2026","","Server Unit Tests","Server Unit Tests Surviving Mutants & Edge Cases PUT logic kills name/hex conditional mutants by providing only one field",""
"","10","Frontend Unit Tests App Component shows error alert when initial fetch returns non-2xx","","Fri May 22 15:07:42 UTC 2026","passed","Fri May 22 15:07:42 UTC 2026","","Frontend Unit Tests","Frontend Unit Tests App Component shows error alert when initial fetch returns non-2xx",""
"","1","Utility Functions rgbToHsl pure green → h=120, s=1, l=0.5","","Fri May 22 15:07:42 UTC 2026","passed","Fri May 22 15:07:42 UTC 2026","","Utility Functions","Utility Functions rgbToHsl pure green → h=120, s=1, l=0.5",""
"","10","Server Unit Tests Surviving Mutants & Edge Cases Regex & Validation hex regex kills mutants by testing boundaries and formats","","Fri May 22 15:07:23 UTC 2026","passed","Fri May 22 15:07:23 UTC 2026","","Server Unit Tests","Server Unit Tests Surviving Mutants & Edge Cases Regex & Validation hex regex kills mutants by testing boundaries and formats",""
"","630","Show loading state when the API returns an empty colors list","BDD","Fri May 22 15:11:57 UTC 2026","passed","Fri May 22 15:11:58 UTC 2026","API Error Handling","","",""
"","35","Frontend Unit Tests App Component confirm dialog Escape key closes it","","Fri May 22 15:07:42 UTC 2026","passed","Fri May 22 15:07:42 UTC 2026","","Frontend Unit Tests","Frontend Unit Tests App Component confirm dialog Escape key closes it",""
"","829","should update a color with valid schema","Chrome","Fri May 22 15:34:15 UTC 2026","passed","Fri May 22 15:34:16 UTC 2026","Backend API Integration > PUT /api/colors/:name Schema Validation","","",""
"","1753","should create color via API and verify through UI","Chrome","Fri May 22 15:34:35 UTC 2026","passed","Fri May 22 15:34:36 UTC 2026","Hybrid E2E Testing","","",""
"","1","Utility Functions hexToRgb returns null for invalid input","","Fri May 22 15:07:42 UTC 2026","passed","Fri May 22 15:07:42 UTC 2026","","Utility Functions","Utility Functions hexToRgb returns null for invalid input",""
"","5","Server Unit Tests POST /api/colors returns 400 when hex is missing","","Fri May 22 15:07:23 UTC 2026","passed","Fri May 22 15:07:23 UTC 2026","","Server Unit Tests","Server Unit Tests POST /api/colors returns 400 when hex is missing",""
"","11","Component Tests ConfirmDialog swatch div has the correct background color","","Fri May 22 15:07:42 UTC 2026","passed","Fri May 22 15:07:42 UTC 2026","","Component Tests","Component Tests ConfirmDialog swatch div has the correct background color",""
"","32","Component Tests ColorPicker hex input updates hue/sat via rgbToHsl (green → hue≈120)","","Fri May 22 15:07:42 UTC 2026","passed","Fri May 22 15:07:42 UTC 2026","","Utility Functions","Component Tests ColorPicker hex input updates hue/sat via rgbToHsl (green → hue≈120)",""
"","101","should reject omitting both name and hex on update","Chrome","Fri May 22 15:34:15 UTC 2026","passed","Fri May 22 15:34:15 UTC 2026","Backend API Integration > PUT /api/colors/:name Schema Validation","","",""
"","5","Server Unit Tests Middleware includes CORS headers","","Fri May 22 15:07:23 UTC 2026","passed","Fri May 22 15:07:23 UTC 2026","","Server Unit Tests","Server Unit Tests Middleware includes CORS headers",""
"","4","Server Unit Tests POST /api/colors returns 400 for name with whitespace","","Fri May 22 15:07:23 UTC 2026","passed","Fri May 22 15:07:23 UTC 2026","","Server Unit Tests","Server Unit Tests POST /api/colors returns 400 for name with whitespace",""
"","0","Utility Functions hslToRgb negative hue wraps: hue=-120 = hue=240","","Fri May 22 15:07:42 UTC 2026","passed","Fri May 22 15:07:42 UTC 2026","","Utility Functions","Utility Functions hslToRgb negative hue wraps: hue=-120 = hue=240",""
"","59","Frontend Unit Tests App Component confirm button shows ""Deleting…"" label while delete is in-flight","","Fri May 22 15:07:42 UTC 2026","passed","Fri May 22 15:07:42 UTC 2026","","Frontend Unit Tests","Frontend Unit Tests App Component confirm button shows ""Deleting…"" label while delete is in-flight",""
"","5","Server Unit Tests POST /api/colors returns 400 for name with special characters","","Fri May 22 15:07:23 UTC 2026","passed","Fri May 22 15:07:23 UTC 2026","","Server Unit Tests","Server Unit Tests POST /api/colors returns 400 for name with special characters",""
"","9","Server Unit Tests Surviving Mutants & Edge Cases Rate Limiting & Security kills mutants by verifying x-ratelimit headers","","Fri May 22 15:07:23 UTC 2026","passed","Fri May 22 15:07:23 UTC 2026","","Server Unit Tests","Server Unit Tests Surviving Mutants & Edge Cases Rate Limiting & Security kills mutants by verifying x-ratelimit headers",""
"","739","verify language switcher changes document language","Chrome","Fri May 22 15:34:28 UTC 2026","passed","Fri May 22 15:34:29 UTC 2026","","","",""
"","14","Component Tests ConfirmDialog dialog has correct ARIA attributes","","Fri May 22 15:07:42 UTC 2026","passed","Fri May 22 15:07:42 UTC 2026","","Component Tests","Component Tests ConfirmDialog dialog has correct ARIA attributes",""
"","155","error responses return JSON, not HTML (no info leakage)","Chrome","Fri May 22 15:34:43 UTC 2026","passed","Fri May 22 15:34:43 UTC 2026","Security > Security Headers","","",""
"","42","Frontend Unit Tests App Component active chip has is-active CSS class","","Fri May 22 15:07:42 UTC 2026","passed","Fri May 22 15:07:42 UTC 2026","","Frontend Unit Tests","Frontend Unit Tests App Component active chip has is-active CSS class",""
"","4","Server Unit Tests POST /api/colors returns 400 when name is missing","","Fri May 22 15:07:23 UTC 2026","passed","Fri May 22 15:07:23 UTC 2026","","Server Unit Tests","Server Unit Tests POST /api/colors returns 400 when name is missing",""
"","0","Frontend Unit Tests i18n Configuration should have translation keys in resources","","Fri May 22 15:07:44 UTC 2026","passed","Fri May 22 15:07:44 UTC 2026","","Frontend Unit Tests","Frontend Unit Tests i18n Configuration should have translation keys in resources",""
"","4","Server Unit Tests DELETE /api/colors/:name returns 404 for a non-existent color","","Fri May 22 15:07:23 UTC 2026","passed","Fri May 22 15:07:23 UTC 2026","","Server Unit Tests","Server Unit Tests DELETE /api/colors/:name returns 404 for a non-existent color",""
"","7","Server Unit Tests GET /api/colors returns JSON content type","","Fri May 22 15:07:23 UTC 2026","passed","Fri May 22 15:07:23 UTC 2026","","Server Unit Tests","Server Unit Tests GET /api/colors returns JSON content type",""
"","5","Component Tests ConfirmDialog Escape key does NOT call onCancel when busy","","Fri May 22 15:07:42 UTC 2026","passed","Fri May 22 15:07:42 UTC 2026","","Component Tests","Component Tests ConfirmDialog Escape key does NOT call onCancel when busy",""
"","9","Server Integration Tests (Testcontainers) seedDatabase should always restore the three default seed colors","","Fri May 22 15:07:31 UTC 2026","passed","Fri May 22 15:07:31 UTC 2026","","Server Integration Tests (Testcontainers)","Server Integration Tests (Testcontainers) seedDatabase should always restore the three default seed colors",""
"","4","Server Unit Tests Surviving Mutants & Edge Cases Swagger Metadata & OpenAPI has exact server metadata","","Fri May 22 15:07:23 UTC 2026","passed","Fri May 22 15:07:23 UTC 2026","","Server Unit Tests","Server Unit Tests Surviving Mutants & Edge Cases Swagger Metadata & OpenAPI has exact server metadata",""
"","4","Server Unit Tests Surviving Mutants & Edge Cases Logs seedDatabase logs success message","","Fri May 22 15:07:23 UTC 2026","passed","Fri May 22 15:07:23 UTC 2026","","Server Unit Tests","Server Unit Tests Surviving Mutants & Edge Cases Logs seedDatabase logs success message",""
"","3","Server Unit Tests Surviving Mutants & Edge Cases Swagger Metadata & OpenAPI has exact API info","","Fri May 22 15:07:23 UTC 2026","passed","Fri May 22 15:07:23 UTC 2026","","Server Unit Tests","Server Unit Tests Surviving Mutants & Edge Cases Swagger Metadata & OpenAPI has exact API info",""
"","0","homepage initial state","Chrome","Fri May 22 15:14:16 UTC 2026","skipped","Fri May 22 15:14:16 UTC 2026","Percy Visual Regression – Production > Percy – tablet (768×1024)","","",""
"","0","Utility Functions hslToRgb hue=240 (blue) → [0,0,255]","","Fri May 22 15:07:42 UTC 2026","passed","Fri May 22 15:07:42 UTC 2026","","Utility Functions","Utility Functions hslToRgb hue=240 (blue) → [0,0,255]",""
"","5","Server Integration Tests (Testcontainers) PUT /api/colors/:name should return 400 when update body is empty","","Fri May 22 15:07:31 UTC 2026","passed","Fri May 22 15:07:31 UTC 2026","","Server Integration Tests (Testcontainers)","Server Integration Tests (Testcontainers) PUT /api/colors/:name should return 400 when update body is empty",""
"","113","NoSQL injection object in name is rejected (400)","Chrome","Fri May 22 15:34:41 UTC 2026","passed","Fri May 22 15:34:41 UTC 2026","Security > Injection Prevention","","",""
"","4","Server Unit Tests PUT /api/colors/:name returns 400 for invalid current name format in URL","","Fri May 22 15:07:23 UTC 2026","passed","Fri May 22 15:07:23 UTC 2026","","Server Unit Tests","Server Unit Tests PUT /api/colors/:name returns 400 for invalid current name format in URL",""
"","1115","clicking a chip makes it active","Chrome","Fri May 22 15:34:16 UTC 2026","passed","Fri May 22 15:34:18 UTC 2026","Color Management — Add & Delete","","",""
"","1","Utility Functions rgbToHsl r max with g<b (#ff0040) → h near 345","","Fri May 22 15:07:42 UTC 2026","passed","Fri May 22 15:07:42 UTC 2026","","Utility Functions","Utility Functions rgbToHsl r max with g<b (#ff0040) → h near 345",""
"","6","Server Integration Tests (Testcontainers) POST /api/colors should return 400 when extra fields are provided","","Fri May 22 15:07:31 UTC 2026","passed","Fri May 22 15:07:31 UTC 2026","","Server Integration Tests (Testcontainers)","Server Integration Tests (Testcontainers) POST /api/colors should return 400 when extra fields are provided",""
"","7","Server Unit Tests Middleware returns 413 for payload too large","","Fri May 22 15:07:23 UTC 2026","passed","Fri May 22 15:07:23 UTC 2026","","Server Unit Tests","Server Unit Tests Middleware returns 413 for payload too large",""
"","0","Utility Functions readableOn returns #111 for mid-grey (L≈0.35, black gives better contrast)","","Fri May 22 15:07:42 UTC 2026","passed","Fri May 22 15:07:42 UTC 2026","","Utility Functions","Utility Functions readableOn returns #111 for mid-grey (L≈0.35, black gives better contrast)",""
"","114","DELETE /api/colors (collection) returns 405","Chrome","Fri May 22 15:34:44 UTC 2026","passed","Fri May 22 15:34:44 UTC 2026","Security > HTTP Method Restrictions","","",""
"","3","Server Unit Tests 405 Method Not Allowed returns 405 for PATCH on /api/colors","","Fri May 22 15:07:23 UTC 2026","passed","Fri May 22 15:07:23 UTC 2026","","Server Unit Tests","Server Unit Tests 405 Method Not Allowed returns 405 for PATCH on /api/colors",""
"","9","Server Unit Tests Error Handling POST /api/colors returns 500 when database fails (create)","","Fri May 22 15:07:23 UTC 2026","passed","Fri May 22 15:07:23 UTC 2026","","Server Unit Tests","Server Unit Tests Error Handling POST /api/colors returns 500 when database fails (create)",""
"","3","Server Unit Tests PUT /api/colors/:name returns 400 for invalid name with special characters","","Fri May 22 15:07:23 UTC 2026","passed","Fri May 22 15:07:23 UTC 2026","","Server Unit Tests","Server Unit Tests PUT /api/colors/:name returns 400 for invalid name with special characters",""
"","9","Server Unit Tests GET /api/colors/:name returns 404 for a non-existent color","","Fri May 22 15:07:23 UTC 2026","passed","Fri May 22 15:07:23 UTC 2026","","Server Unit Tests","Server Unit Tests GET /api/colors/:name returns 404 for a non-existent color",""
"","0","Utility Functions rgbToHex converts pure blue","","Fri May 22 15:07:42 UTC 2026","passed","Fri May 22 15:07:42 UTC 2026","","Utility Functions","Utility Functions rgbToHex converts pure blue",""
"","290","Server Unit Tests Surviving Mutants & Edge Cases Port Fallback reflects process.env.PORT in Swagger servers","","Fri May 22 15:07:23 UTC 2026","passed","Fri May 22 15:07:23 UTC 2026","","Server Unit Tests","Server Unit Tests Surviving Mutants & Edge Cases Port Fallback reflects process.env.PORT in Swagger servers",""
"","718","first color chip is active on load (aria-pressed=true)","Chrome","Fri May 22 15:34:16 UTC 2026","passed","Fri May 22 15:34:17 UTC 2026","Color Management — Add & Delete","","",""
"","805","clicking ""+ Add color"" opens the picker modal","Chrome","Fri May 22 15:34:17 UTC 2026","passed","Fri May 22 15:34:18 UTC 2026","Color Management — Add & Delete","","",""
"","2561","should maintain accessibility in en language and verify resilient locators","Chrome","Fri May 22 15:34:05 UTC 2026","passed","Fri May 22 15:34:08 UTC 2026","i18n Accessibility Tests","","",""
"","66","Frontend Unit Tests App Component handles non-array initial fetch response gracefully","","Fri May 22 15:07:42 UTC 2026","passed","Fri May 22 15:07:42 UTC 2026","","Frontend Unit Tests","Frontend Unit Tests App Component handles non-array initial fetch response gracefully",""
"","9","Server Unit Tests POST /api/colors accepts single alphanumeric characters as names","","Fri May 22 15:07:23 UTC 2026","passed","Fri May 22 15:07:23 UTC 2026","","Server Unit Tests","Server Unit Tests POST /api/colors accepts single alphanumeric characters as names",""
"","0","Utility Functions readableOn returns #fff for black (very dark, L≈0)","","Fri May 22 15:07:42 UTC 2026","passed","Fri May 22 15:07:42 UTC 2026","","Utility Functions","Utility Functions readableOn returns #fff for black (very dark, L≈0)",""
"","1535","successfully adds a new color and shows its chip","Chrome","Fri May 22 15:34:19 UTC 2026","passed","Fri May 22 15:34:21 UTC 2026","Color Management — Add & Delete","","",""
"","3","Server Unit Tests Error Handling seedDatabase logs error when database fails","","Fri May 22 15:07:23 UTC 2026","passed","Fri May 22 15:07:23 UTC 2026","","Server Unit Tests","Server Unit Tests Error Handling seedDatabase logs error when database fails",""
"","1","Utility Functions hslToRgb hue=59 stays in sector 0","","Fri May 22 15:07:42 UTC 2026","passed","Fri May 22 15:07:42 UTC 2026","","Utility Functions","Utility Functions hslToRgb hue=59 stays in sector 0",""
"","3","Server Unit Tests OpenAPI endpoints serves the OpenAPI JSON spec with exact metadata","","Fri May 22 15:07:23 UTC 2026","passed","Fri May 22 15:07:23 UTC 2026","","Server Unit Tests","Server Unit Tests OpenAPI endpoints serves the OpenAPI JSON spec with exact metadata",""
"","4","Server Unit Tests POST /api/colors returns 400 for extra unknown fields (strict schema)","","Fri May 22 15:07:23 UTC 2026","passed","Fri May 22 15:07:23 UTC 2026","","Server Unit Tests","Server Unit Tests POST /api/colors returns 400 for extra unknown fields (strict schema)",""
"","32","Component Tests ColorPicker submit with empty name shows ""Name is required"" error","","Fri May 22 15:07:42 UTC 2026","passed","Fri May 22 15:07:42 UTC 2026","","Utility Functions","Component Tests ColorPicker submit with empty name shows ""Name is required"" error",""
"","5","Server Unit Tests PUT /api/colors/:name returns 404 for a non-existent color","","Fri May 22 15:07:23 UTC 2026","passed","Fri May 22 15:07:23 UTC 2026","","Server Unit Tests","Server Unit Tests PUT /api/colors/:name returns 404 for a non-existent color",""
"","217","X-Powered-By header is not exposed","Chrome","Fri May 22 15:34:43 UTC 2026","passed","Fri May 22 15:34:43 UTC 2026","Security > Security Headers","","",""
"","3","Server Unit Tests Surviving Mutants & Edge Cases Swagger Metadata & OpenAPI has exact application/json content-type","","Fri May 22 15:07:23 UTC 2026","passed","Fri May 22 15:07:23 UTC 2026","","Server Unit Tests","Server Unit Tests Surviving Mutants & Edge Cases Swagger Metadata & OpenAPI has exact application/json content-type",""
"","18","Server Unit Tests Surviving Mutants & Edge Cases Regex & Validation Zod required_error messages are correct","","Fri May 22 15:07:23 UTC 2026","passed","Fri May 22 15:07:23 UTC 2026","","Server Unit Tests","Server Unit Tests Surviving Mutants & Edge Cases Regex & Validation Zod required_error messages are correct",""
"","38","Component Tests ConfirmDialog confirm button calls onConfirm","","Fri May 22 15:07:42 UTC 2026","passed","Fri May 22 15:07:42 UTC 2026","","Component Tests","Component Tests ConfirmDialog confirm button calls onConfirm",""
"","15","Component Tests ColorPicker typing a valid hex without # prefix is accepted","","Fri May 22 15:07:42 UTC 2026","passed","Fri May 22 15:07:42 UTC 2026","","Utility Functions","Component Tests ColorPicker typing a valid hex without # prefix is accepted",""
"","28","Frontend Unit Tests App Component labelFor returns translation for known color (Turquoise)","","Fri May 22 15:07:42 UTC 2026","passed","Fri May 22 15:07:42 UTC 2026","","Frontend Unit Tests","Frontend Unit Tests App Component labelFor returns translation for known color (Turquoise)",""
"","4","Server Unit Tests PUT /api/colors/:name returns 400 when no fields are provided (empty body)","","Fri May 22 15:07:23 UTC 2026","passed","Fri May 22 15:07:23 UTC 2026","","Server Unit Tests","Server Unit Tests PUT /api/colors/:name returns 400 when no fields are provided (empty body)",""
"","0","Utility Functions rgbToHsl black [0,0,0] → h=0, s=0, l=0","","Fri May 22 15:07:42 UTC 2026","passed","Fri May 22 15:07:42 UTC 2026","","Utility Functions","Utility Functions rgbToHsl black [0,0,0] → h=0, s=0, l=0",""
"","0","Utility Functions hslToRgb hue=180 (cyan) → [0,255,255]","","Fri May 22 15:07:42 UTC 2026","passed","Fri May 22 15:07:42 UTC 2026","","Utility Functions","Utility Functions hslToRgb hue=180 (cyan) → [0,255,255]",""
"","20","Server Integration Tests (Testcontainers) POST /api/colors should create a new color and persist it in the real database","","Fri May 22 15:07:31 UTC 2026","passed","Fri May 22 15:07:31 UTC 2026","","Server Integration Tests (Testcontainers)","Server Integration Tests (Testcontainers) POST /api/colors should create a new color and persist it in the real database",""
"","1258","POST /api/colors","","","passed","","","schemathesis","",""
"Performance Test: API Performance Test
File: api-performance.spec.ts
Total Iterations: 1
Max VUs: 1

HTTP Request Duration:
- Avg: 5.86ms
- P(95): 13.29ms
- Max: 15.45ms

Full metrics attached in the results.","1476","API Performance Test","Performance","Fri May 22 15:08:55 UTC 2026","passed","Fri May 22 15:08:56 UTC 2026","api-performance.spec.ts","API Performance Test","",""
"","6","Server Unit Tests PUT /api/colors/:name updates both name and hex simultaneously","","Fri May 22 15:07:23 UTC 2026","passed","Fri May 22 15:07:23 UTC 2026","","Server Unit Tests","Server Unit Tests PUT /api/colors/:name updates both name and hex simultaneously",""
"","0","Utility Functions rgbToHsl dark red (#800000): l<0.5, s=1 (l<=0.5 saturation branch)","","Fri May 22 15:07:42 UTC 2026","passed","Fri May 22 15:07:42 UTC 2026","","Utility Functions","Utility Functions rgbToHsl dark red (#800000): l<0.5, s=1 (l<=0.5 saturation branch)",""
"","1228","homepage should match snapshot","Chrome","Fri May 22 15:14:12 UTC 2026","passed","Fri May 22 15:14:13 UTC 2026","Visual Regression – desktop (1280×720)","","",""
"","329","Server Unit Tests Surviving Mutants & Edge Cases Infrastructure uses default MONGO_URI when process.env.MONGO_URI is missing","","Fri May 22 15:07:23 UTC 2026","passed","Fri May 22 15:07:23 UTC 2026","","Server Unit Tests","Server Unit Tests Surviving Mutants & Edge Cases Infrastructure uses default MONGO_URI when process.env.MONGO_URI is missing",""
"","549","Example #1","BDD","Fri May 22 15:12:00 UTC 2026","passed","Fri May 22 15:12:01 UTC 2026","Language Switching > Switch language and verify translated UI labels","","",""
"","1","Utility Functions rgbToHsl light red (#ff8080): l>0.5, s computed via (2-max-min) branch","","Fri May 22 15:07:42 UTC 2026","passed","Fri May 22 15:07:42 UTC 2026","","Utility Functions","Utility Functions rgbToHsl light red (#ff8080): l>0.5, s computed via (2-max-min) branch",""
"","11","Server Integration Tests (Testcontainers) PUT /api/colors/:name should return 404 when updating a non-existent color","","Fri May 22 15:07:31 UTC 2026","passed","Fri May 22 15:07:31 UTC 2026","","Server Integration Tests (Testcontainers)","Server Integration Tests (Testcontainers) PUT /api/colors/:name should return 404 when updating a non-existent color",""
"","56","Component Tests ColorPicker editing name does NOT call onClearError when no serverError","","Fri May 22 15:07:42 UTC 2026","passed","Fri May 22 15:07:42 UTC 2026","","Utility Functions","Component Tests ColorPicker editing name does NOT call onClearError when no serverError",""
"","1","Utility Functions hexToRgb parses hex without the leading #","","Fri May 22 15:07:42 UTC 2026","passed","Fri May 22 15:07:42 UTC 2026","","Utility Functions","Utility Functions hexToRgb parses hex without the leading #",""
"","19","Component Tests ColorPicker mousedown at bottom-center (hue=90) sets hex to #80ff00","","Fri May 22 15:07:42 UTC 2026","passed","Fri May 22 15:07:42 UTC 2026","","Utility Functions","Component Tests ColorPicker mousedown at bottom-center (hue=90) sets hex to #80ff00",""
"","7","Server Unit Tests GET /api/colors/:name returns a single color by name with correct fields","","Fri May 22 15:07:23 UTC 2026","passed","Fri May 22 15:07:23 UTC 2026","","Server Unit Tests","Server Unit Tests GET /api/colors/:name returns a single color by name with correct fields",""
"","9","Server Unit Tests GET /api/colors/:name returns Yellow color correctly","","Fri May 22 15:07:23 UTC 2026","passed","Fri May 22 15:07:23 UTC 2026","","Server Unit Tests","Server Unit Tests GET /api/colors/:name returns Yellow color correctly",""
"","104","should reject empty name","Chrome","Fri May 22 15:34:14 UTC 2026","passed","Fri May 22 15:34:15 UTC 2026","Backend API Integration > POST /api/colors Schema Validation","","",""
"","47","Frontend Unit Tests App Component add color 500 shows server error message","","Fri May 22 15:07:42 UTC 2026","passed","Fri May 22 15:07:42 UTC 2026","","Frontend Unit Tests","Frontend Unit Tests App Component add color 500 shows server error message",""
"","13","Component Tests ColorPicker Enter key on name input triggers submit","","Fri May 22 15:07:42 UTC 2026","passed","Fri May 22 15:07:42 UTC 2026","","Utility Functions","Component Tests ColorPicker Enter key on name input triggers submit",""
"","31","Frontend Unit Tests App Component picker cancel button closes the modal","","Fri May 22 15:07:42 UTC 2026","passed","Fri May 22 15:07:42 UTC 2026","","Frontend Unit Tests","Frontend Unit Tests App Component picker cancel button closes the modal",""
"","5","Server Integration Tests (Testcontainers) DELETE /api/colors/:name should return 400 for invalid name format","","Fri May 22 15:07:31 UTC 2026","passed","Fri May 22 15:07:31 UTC 2026","","Server Integration Tests (Testcontainers)","Server Integration Tests (Testcontainers) DELETE /api/colors/:name should return 400 for invalid name format",""
"","0","Utility Functions readableOn returns #fff for a very dark blue","","Fri May 22 15:07:42 UTC 2026","passed","Fri May 22 15:07:42 UTC 2026","","Utility Functions","Utility Functions readableOn returns #fff for a very dark blue",""
"","33","Frontend Unit Tests App Component clicking chip-x opens confirm dialog with color name and swatch","","Fri May 22 15:07:42 UTC 2026","passed","Fri May 22 15:07:42 UTC 2026","","Frontend Unit Tests","Frontend Unit Tests App Component clicking chip-x opens confirm dialog with color name and swatch",""
"","40","Frontend Unit Tests App Component add color network error shows network error message","","Fri May 22 15:07:42 UTC 2026","passed","Fri May 22 15:07:42 UTC 2026","","Frontend Unit Tests","Frontend Unit Tests App Component add color network error shows network error message",""
"","8","Server Integration Tests (Testcontainers) GET /api/colors/:name should return correct data for Red","","Fri May 22 15:07:31 UTC 2026","passed","Fri May 22 15:07:31 UTC 2026","","Server Integration Tests (Testcontainers)","Server Integration Tests (Testcontainers) GET /api/colors/:name should return correct data for Red",""
"","1","Utility Functions hslToRgb hue=270 (violet) → [128,0,255]","","Fri May 22 15:07:42 UTC 2026","passed","Fri May 22 15:07:42 UTC 2026","","Utility Functions","Utility Functions hslToRgb hue=270 (violet) → [128,0,255]",""
"","3","Server Unit Tests PUT /api/colors/:name returns 400 for invalid name in path (regex check)","","Fri May 22 15:07:23 UTC 2026","passed","Fri May 22 15:07:23 UTC 2026","","Server Unit Tests","Server Unit Tests PUT /api/colors/:name returns 400 for invalid name in path (regex check)",""
"","44","Frontend Unit Tests App Component handleColorClick shows error on non-2xx response","","Fri May 22 15:07:42 UTC 2026","passed","Fri May 22 15:07:42 UTC 2026","","Frontend Unit Tests","Frontend Unit Tests App Component handleColorClick shows error on non-2xx response",""
"","6286","should maintain accessibility after state change (color update)","Chrome","Fri May 22 15:33:58 UTC 2026","passed","Fri May 22 15:34:05 UTC 2026","Accessibility Tests","","",""
"","1","Utility Functions paintWheelPixel wraps negative angle: dy<0 gives angle+360 (hue=270 → violet)","","Fri May 22 15:07:42 UTC 2026","passed","Fri May 22 15:07:42 UTC 2026","","Utility Functions","Utility Functions paintWheelPixel wraps negative angle: dy<0 gives angle+360 (hue=270 → violet)",""
"","8","Server Integration Tests (Testcontainers) GET /api/colors/:name should not expose _id or __v fields","","Fri May 22 15:07:31 UTC 2026","passed","Fri May 22 15:07:31 UTC 2026","","Server Integration Tests (Testcontainers)","Server Integration Tests (Testcontainers) GET /api/colors/:name should not expose _id or __v fields",""
"","1","Utility Functions hslToRgb hue just below 60 is in sector 0, not sector 1","","Fri May 22 15:07:42 UTC 2026","passed","Fri May 22 15:07:42 UTC 2026","","Utility Functions","Utility Functions hslToRgb hue just below 60 is in sector 0, not sector 1",""
"","13","Server Integration Tests (Testcontainers) GET /api/colors should not expose _id or __v fields","","Fri May 22 15:07:31 UTC 2026","passed","Fri May 22 15:07:31 UTC 2026","","Server Integration Tests (Testcontainers)","Server Integration Tests (Testcontainers) GET /api/colors should not expose _id or __v fields",""
"","2","Frontend Unit Tests i18n Configuration should translate keys correctly","","Fri May 22 15:07:44 UTC 2026","passed","Fri May 22 15:07:44 UTC 2026","","Frontend Unit Tests","Frontend Unit Tests i18n Configuration should translate keys correctly",""
"","0","Utility Functions readableOn returns #111 for turquoise (L≈0.39, black gives better contrast)","","Fri May 22 15:07:42 UTC 2026","passed","Fri May 22 15:07:42 UTC 2026","","Utility Functions","Utility Functions readableOn returns #111 for turquoise (L≈0.39, black gives better contrast)",""
"","22","Frontend Unit Tests App Component link color is light (#cfe8ff) on dark background","","Fri May 22 15:07:42 UTC 2026","passed","Fri May 22 15:07:42 UTC 2026","","Frontend Unit Tests","Frontend Unit Tests App Component link color is light (#cfe8ff) on dark background",""
"","111","SQL injection characters in name are rejected (400)","Chrome","Fri May 22 15:34:42 UTC 2026","passed","Fri May 22 15:34:42 UTC 2026","Security > Injection Prevention","","",""
"","37","Frontend Unit Tests App Component initial background is first color hex","","Fri May 22 15:07:42 UTC 2026","passed","Fri May 22 15:07:42 UTC 2026","","Frontend Unit Tests","Frontend Unit Tests App Component initial background is first color hex",""
"","182","array body on POST returns 400","Chrome","Fri May 22 15:34:43 UTC 2026","passed","Fri May 22 15:34:43 UTC 2026","Security > Input Validation","","",""
"","30","Component Tests ColorPicker mousedown at right-center (hue=0) sets hex to #ff0000","","Fri May 22 15:07:42 UTC 2026","passed","Fri May 22 15:07:42 UTC 2026","","Utility Functions","Component Tests ColorPicker mousedown at right-center (hue=0) sets hex to #ff0000",""
"","16","Server Unit Tests Surviving Mutants & Edge Cases Regex & Validation STRICT_NAME_REGEX kills mutants on optionality and length","","Fri May 22 15:07:23 UTC 2026","passed","Fri May 22 15:07:23 UTC 2026","","Server Unit Tests","Server Unit Tests Surviving Mutants & Edge Cases Regex & Validation STRICT_NAME_REGEX kills mutants on optionality and length",""
"","99","Frontend Unit Tests App Component handleColorClick does nothing when data is null","","Fri May 22 15:07:42 UTC 2026","passed","Fri May 22 15:07:42 UTC 2026","","Frontend Unit Tests","Frontend Unit Tests App Component handleColorClick does nothing when data is null",""
"","60","DELETE /api/colors/{name}","","","passed","","","schemathesis","",""
"","4","Server Unit Tests OpenAPI endpoints spec includes component schemas","","Fri May 22 15:07:23 UTC 2026","passed","Fri May 22 15:07:23 UTC 2026","","Server Unit Tests","Server Unit Tests OpenAPI endpoints spec includes component schemas",""
"","194","GET /api/colors should return colors sorted alphabetically by name","Chrome","Fri May 22 15:34:13 UTC 2026","passed","Fri May 22 15:34:14 UTC 2026","Backend API Integration","","",""
"","5","Server Integration Tests (Testcontainers) Method Not Allowed should return 405 for PATCH /api/colors","","Fri May 22 15:07:31 UTC 2026","passed","Fri May 22 15:07:31 UTC 2026","","Server Integration Tests (Testcontainers)","Server Integration Tests (Testcontainers) Method Not Allowed should return 405 for PATCH /api/colors",""
"","4","Component Tests ConfirmDialog Enter key calls onConfirm when not busy","","Fri May 22 15:07:42 UTC 2026","passed","Fri May 22 15:07:42 UTC 2026","","Component Tests","Component Tests ConfirmDialog Enter key calls onConfirm when not busy",""
"","65","Frontend Unit Tests App Component useEffect runs only once on mount","","Fri May 22 15:07:42 UTC 2026","passed","Fri May 22 15:07:42 UTC 2026","","Frontend Unit Tests","Frontend Unit Tests App Component useEffect runs only once on mount",""
"","67","Frontend Unit Tests App Component handles empty array from initial fetch gracefully","","Fri May 22 15:07:42 UTC 2026","passed","Fri May 22 15:07:42 UTC 2026","","Frontend Unit Tests","Frontend Unit Tests App Component handles empty array from initial fetch gracefully",""
"","1186","shows client-side ""Name is required"" when submitting empty name","Chrome","Fri May 22 15:34:20 UTC 2026","passed","Fri May 22 15:34:21 UTC 2026","Color Management — Add & Delete","","",""
"","619","Show error message when the initial colors fetch fails","BDD","Fri May 22 15:11:57 UTC 2026","passed","Fri May 22 15:11:58 UTC 2026","API Error Handling","","",""
"","50","Frontend Unit Tests App Component add color 409 fallback message when data.error is absent","","Fri May 22 15:07:42 UTC 2026","passed","Fri May 22 15:07:42 UTC 2026","","Frontend Unit Tests","Frontend Unit Tests App Component add color 409 fallback message when data.error is absent",""
"","9","Component Tests ColorPicker clicking the backdrop calls onCancel","","Fri May 22 15:07:42 UTC 2026","passed","Fri May 22 15:07:42 UTC 2026","","Utility Functions","Component Tests ColorPicker clicking the backdrop calls onCancel",""
"","6","Component Tests ConfirmDialog backdrop click calls onCancel when not busy","","Fri May 22 15:07:42 UTC 2026","passed","Fri May 22 15:07:42 UTC 2026","","Component Tests","Component Tests ConfirmDialog backdrop click calls onCancel when not busy",""
"","113","PATCH /api/colors returns 405","Chrome","Fri May 22 15:34:43 UTC 2026","passed","Fri May 22 15:34:44 UTC 2026","Security > HTTP Method Restrictions","","",""
"","589","Color button remains functional after switching language","BDD","Fri May 22 15:12:01 UTC 2026","passed","Fri May 22 15:12:02 UTC 2026","Language Switching","","",""
"","19","Frontend Unit Tests App Component text color on light background is dark","","Fri May 22 15:07:42 UTC 2026","passed","Fri May 22 15:07:42 UTC 2026","","Frontend Unit Tests","Frontend Unit Tests App Component text color on light background is dark",""
"","14","Component Tests ColorPicker Add color button shows ""Saving…"" when saving=true","","Fri May 22 15:07:42 UTC 2026","passed","Fri May 22 15:07:42 UTC 2026","","Utility Functions","Component Tests ColorPicker Add color button shows ""Saving…"" when saving=true",""
"","6","Server Integration Tests (Testcontainers) PUT /api/colors/:name should return 400 for invalid hex format on update","","Fri May 22 15:07:31 UTC 2026","passed","Fri May 22 15:07:31 UTC 2026","","Server Integration Tests (Testcontainers)","Server Integration Tests (Testcontainers) PUT /api/colors/:name should return 400 for invalid hex format on update",""
"","4","Server Unit Tests POST /api/colors returns 400 for completely empty body","","Fri May 22 15:07:23 UTC 2026","passed","Fri May 22 15:07:23 UTC 2026","","Server Unit Tests","Server Unit Tests POST /api/colors returns 400 for completely empty body",""
"","1","Utility Functions readableOn returns #111 for white (very light, L=1)","","Fri May 22 15:07:42 UTC 2026","passed","Fri May 22 15:07:42 UTC 2026","","Utility Functions","Utility Functions readableOn returns #111 for white (very light, L=1)",""
"","8","Server Integration Tests (Testcontainers) GET /api/colors/:name should be case-sensitive (lowercase name returns 404)","","Fri May 22 15:07:31 UTC 2026","passed","Fri May 22 15:07:31 UTC 2026","","Server Integration Tests (Testcontainers)","Server Integration Tests (Testcontainers) GET /api/colors/:name should be case-sensitive (lowercase name returns 404)",""
"","31","Component Tests ConfirmDialog cancel button calls onCancel","","Fri May 22 15:07:42 UTC 2026","passed","Fri May 22 15:07:42 UTC 2026","","Component Tests","Component Tests ConfirmDialog cancel button calls onCancel",""
"","4","Server Unit Tests Surviving Mutants & Edge Cases Mongoose Schema & Persistence kills empty schema mutant by verifying field persistence","","Fri May 22 15:07:23 UTC 2026","passed","Fri May 22 15:07:23 UTC 2026","","Server Unit Tests","Server Unit Tests Surviving Mutants & Edge Cases Mongoose Schema & Persistence kills empty schema mutant by verifying field persistence",""
"","5","Server Unit Tests 405 Method Not Allowed does not return 405 for allowed DELETE method on /api/colors/:name","","Fri May 22 15:07:23 UTC 2026","passed","Fri May 22 15:07:23 UTC 2026","","Server Unit Tests","Server Unit Tests 405 Method Not Allowed does not return 405 for allowed DELETE method on /api/colors/:name",""
"","4","Server Unit Tests Surviving Mutants & Edge Cases PUT logic kills hex regex mutant in PUT","","Fri May 22 15:07:23 UTC 2026","passed","Fri May 22 15:07:23 UTC 2026","","Server Unit Tests","Server Unit Tests Surviving Mutants & Edge Cases PUT logic kills hex regex mutant in PUT",""
"","205","GET /api/colors/:name should return 404 for non-existent color","Chrome","Fri May 22 15:34:14 UTC 2026","passed","Fri May 22 15:34:14 UTC 2026","Backend API Integration","","",""
"","1276","verify Yellow ( #f1c40f ) is applied as the background color","Chrome","Fri May 22 15:34:38 UTC 2026","passed","Fri May 22 15:34:39 UTC 2026","POM Refactored: Background color tests","","",""
"","95","should reject missing hex","Chrome","Fri May 22 15:34:15 UTC 2026","passed","Fri May 22 15:34:15 UTC 2026","Backend API Integration > POST /api/colors Schema Validation","","",""
"","653","Example #2","BDD","Fri May 22 15:12:00 UTC 2026","passed","Fri May 22 15:12:01 UTC 2026","Language Switching > Switch language and verify translated UI labels","","",""
"","4","Server Unit Tests Middleware JSON error middleware ignores SyntaxError with status != 400","","Fri May 22 15:07:23 UTC 2026","passed","Fri May 22 15:07:23 UTC 2026","","Server Unit Tests","Server Unit Tests Middleware JSON error middleware ignores SyntaxError with status != 400",""
"","13","Frontend Unit Tests App Component shows loading text when colors array is empty","","Fri May 22 15:07:42 UTC 2026","passed","Fri May 22 15:07:42 UTC 2026","","Frontend Unit Tests","Frontend Unit Tests App Component shows loading text when colors array is empty",""
"","2027","deleting the active color switches background to the first remaining","Chrome","Fri May 22 15:34:24 UTC 2026","passed","Fri May 22 15:34:26 UTC 2026","Color Management — Add & Delete","","",""
"","1","Utility Functions rgbToHsl pure red → h=0, s=1, l=0.5","","Fri May 22 15:07:42 UTC 2026","passed","Fri May 22 15:07:42 UTC 2026","","Utility Functions","Utility Functions rgbToHsl pure red → h=0, s=1, l=0.5",""
"","508","should create a new color with valid schema","Chrome","Fri May 22 15:34:14 UTC 2026","passed","Fri May 22 15:34:14 UTC 2026","Backend API Integration > POST /api/colors Schema Validation","","",""
"","0","Utility Functions rgbToHex converts arbitrary color","","Fri May 22 15:07:42 UTC 2026","passed","Fri May 22 15:07:42 UTC 2026","","Utility Functions","Utility Functions rgbToHex converts arbitrary color",""
"","1196","Cancel button closes the picker","Chrome","Fri May 22 15:34:18 UTC 2026","passed","Fri May 22 15:34:19 UTC 2026","Color Management — Add & Delete","","",""
"","1","Utility Functions hslToRgb low lightness l=0.25 → [128,0,0]","","Fri May 22 15:07:42 UTC 2026","passed","Fri May 22 15:07:42 UTC 2026","","Utility Functions","Utility Functions hslToRgb low lightness l=0.25 → [128,0,0]",""
"","103","POST /api-docs returns 405","Chrome","Fri May 22 15:34:44 UTC 2026","passed","Fri May 22 15:34:44 UTC 2026","Security > HTTP Method Restrictions","","",""
"","4","Server Unit Tests PUT /api/colors/:name returns 400 for invalid hex on update","","Fri May 22 15:07:23 UTC 2026","passed","Fri May 22 15:07:23 UTC 2026","","Server Unit Tests","Server Unit Tests PUT /api/colors/:name returns 400 for invalid hex on update",""
"","3","Server Unit Tests OpenAPI endpoints has exact application/json content-type","","Fri May 22 15:07:23 UTC 2026","passed","Fri May 22 15:07:23 UTC 2026","","Server Unit Tests","Server Unit Tests OpenAPI endpoints has exact application/json content-type",""
"","4","Server Unit Tests 405 Method Not Allowed does not return 405 for allowed GET method on /api/colors","","Fri May 22 15:07:23 UTC 2026","passed","Fri May 22 15:07:23 UTC 2026","","Server Unit Tests","Server Unit Tests 405 Method Not Allowed does not return 405 for allowed GET method on /api/colors",""
"","0","Utility Functions hslToRgb saturation clamped: s=-0.5 treated as s=0","","Fri May 22 15:07:42 UTC 2026","passed","Fri May 22 15:07:42 UTC 2026","","Utility Functions","Utility Functions hslToRgb saturation clamped: s=-0.5 treated as s=0",""
"","325","Server Unit Tests Surviving Mutants & Edge Cases Infrastructure uses MONGO_URI from environment if available","","Fri May 22 15:07:23 UTC 2026","passed","Fri May 22 15:07:23 UTC 2026","","Server Unit Tests","Server Unit Tests Surviving Mutants & Edge Cases Infrastructure uses MONGO_URI from environment if available",""
"","44","Server Integration Tests (Testcontainers) GET /api/colors should retrieve all seeded colors","","Fri May 22 15:07:31 UTC 2026","passed","Fri May 22 15:07:31 UTC 2026","","Server Integration Tests (Testcontainers)","Server Integration Tests (Testcontainers) GET /api/colors should retrieve all seeded colors",""
"","13","Component Tests ColorPicker renders the color wheel canvas","","Fri May 22 15:07:42 UTC 2026","passed","Fri May 22 15:07:42 UTC 2026","","Utility Functions","Component Tests ColorPicker renders the color wheel canvas",""
"","76","Frontend Unit Tests App Component deleting is false again after a failed delete (finally block)","","Fri May 22 15:07:42 UTC 2026","passed","Fri May 22 15:07:42 UTC 2026","","Frontend Unit Tests","Frontend Unit Tests App Component deleting is false again after a failed delete (finally block)",""
"","0","Utility Functions rgbToHex converts pure green","","Fri May 22 15:07:42 UTC 2026","passed","Fri May 22 15:07:42 UTC 2026","","Utility Functions","Utility Functions rgbToHex converts pure green",""
"","20","Frontend Unit Tests App Component colors.length > 0 does NOT show loading text","","Fri May 22 15:07:42 UTC 2026","passed","Fri May 22 15:07:42 UTC 2026","","Frontend Unit Tests","Frontend Unit Tests App Component colors.length > 0 does NOT show loading text",""
"","1","Frontend Unit Tests i18n Configuration should have defined resources for en, es, el","","Fri May 22 15:07:44 UTC 2026","passed","Fri May 22 15:07:44 UTC 2026","","Frontend Unit Tests","Frontend Unit Tests i18n Configuration should have defined resources for en, es, el",""
"","865","should display all core elements and handle button interaction","Chrome","Fri May 22 15:14:16 UTC 2026","passed","Fri May 22 15:14:17 UTC 2026","Responsive Design – iPhone landscape (667×375)","","",""
"","8","Component Tests ColorPicker falls back to window resize listener when ResizeObserver is not available","","Fri May 22 15:07:42 UTC 2026","passed","Fri May 22 15:07:42 UTC 2026","","Utility Functions","Component Tests ColorPicker falls back to window resize listener when ResizeObserver is not available",""
"","9","Server Unit Tests seedDatabase clears existing colors and re-seeds with 3 defaults","","Fri May 22 15:07:23 UTC 2026","passed","Fri May 22 15:07:23 UTC 2026","","Server Unit Tests","Server Unit Tests seedDatabase clears existing colors and re-seeds with 3 defaults",""
"","6","Server Unit Tests GET /api/colors/:name is case-sensitive","","Fri May 22 15:07:23 UTC 2026","passed","Fri May 22 15:07:23 UTC 2026","","Server Unit Tests","Server Unit Tests GET /api/colors/:name is case-sensitive",""
"","8","Server Integration Tests (Testcontainers) POST /api/colors should accept a color name containing spaces","","Fri May 22 15:07:31 UTC 2026","passed","Fri May 22 15:07:31 UTC 2026","","Server Integration Tests (Testcontainers)","Server Integration Tests (Testcontainers) POST /api/colors should accept a color name containing spaces",""
"","23","GET /api/colors","","","passed","","","schemathesis","",""
"","59","Frontend Unit Tests App Component successful delete removes the color chip","","Fri May 22 15:07:42 UTC 2026","passed","Fri May 22 15:07:42 UTC 2026","","Frontend Unit Tests","Frontend Unit Tests App Component successful delete removes the color chip",""
"","0","Utility Functions hslToRgb lightness clamped: l=1.5 gives white","","Fri May 22 15:07:42 UTC 2026","passed","Fri May 22 15:07:42 UTC 2026","","Utility Functions","Utility Functions hslToRgb lightness clamped: l=1.5 gives white",""
"","8771","should meet the accessibility threshold using Google Lighthouse","Chrome","Fri May 22 15:34:05 UTC 2026","passed","Fri May 22 15:34:14 UTC 2026","Accessibility Tests","","",""
"","28","Component Tests ColorPicker submit with invalid chars shows validation error","","Fri May 22 15:07:42 UTC 2026","passed","Fri May 22 15:07:42 UTC 2026","","Utility Functions","Component Tests ColorPicker submit with invalid chars shows validation error",""
"","1","Utility Functions hslToRgb hue=360 wraps to hue=0 → [255,0,0]","","Fri May 22 15:07:42 UTC 2026","passed","Fri May 22 15:07:42 UTC 2026","","Utility Functions","Utility Functions hslToRgb hue=360 wraps to hue=0 → [255,0,0]",""
"","103","malformed JSON body returns 400","Chrome","Fri May 22 15:34:43 UTC 2026","passed","Fri May 22 15:34:43 UTC 2026","Security > Input Validation","","",""
"","0","Utility Functions hslToRgb hue=150 (spring green) → [0,255,128]","","Fri May 22 15:07:42 UTC 2026","passed","Fri May 22 15:07:42 UTC 2026","","Utility Functions","Utility Functions hslToRgb hue=150 (spring green) → [0,255,128]",""
"","10","Server Unit Tests PUT /api/colors/:name updates the name of an existing color and preserves hex","","Fri May 22 15:07:23 UTC 2026","passed","Fri May 22 15:07:23 UTC 2026","","Server Unit Tests","Server Unit Tests PUT /api/colors/:name updates the name of an existing color and preserves hex",""
"","6","Server Unit Tests Error Handling DELETE /api/colors/:name returns 500 when database fails","","Fri May 22 15:07:23 UTC 2026","passed","Fri May 22 15:07:23 UTC 2026","","Server Unit Tests","Server Unit Tests Error Handling DELETE /api/colors/:name returns 500 when database fails",""
"","0","Utility Functions readableOn returns #111 for light-grey (L≈0.60, above 0.179 threshold)","","Fri May 22 15:07:42 UTC 2026","passed","Fri May 22 15:07:42 UTC 2026","","Utility Functions","Utility Functions readableOn returns #111 for light-grey (L≈0.60, above 0.179 threshold)",""
"","16","Component Tests ColorPicker typing blue hex updates internal state (b is max branch)","","Fri May 22 15:07:42 UTC 2026","passed","Fri May 22 15:07:42 UTC 2026","","Utility Functions","Component Tests ColorPicker typing blue hex updates internal state (b is max branch)",""
"","4","Server Unit Tests PUT /api/colors/:name returns 400 for extra unknown fields (strict schema)","","Fri May 22 15:07:23 UTC 2026","passed","Fri May 22 15:07:23 UTC 2026","","Server Unit Tests","Server Unit Tests PUT /api/colors/:name returns 400 for extra unknown fields (strict schema)",""
"","6","Server Unit Tests Surviving Mutants & Edge Cases Rate Limiting & Security kills mutants by verifying x-powered-by is removed","","Fri May 22 15:07:23 UTC 2026","passed","Fri May 22 15:07:23 UTC 2026","","Server Unit Tests","Server Unit Tests Surviving Mutants & Edge Cases Rate Limiting & Security kills mutants by verifying x-powered-by is removed",""
"","17","Server Integration Tests (Testcontainers) seedDatabase should clear custom colors when re-seeded","","Fri May 22 15:07:31 UTC 2026","passed","Fri May 22 15:07:31 UTC 2026","","Server Integration Tests (Testcontainers)","Server Integration Tests (Testcontainers) seedDatabase should clear custom colors when re-seeded",""
"","23","Server Integration Tests (Testcontainers) End-to-end CRUD workflow should create, read, update, and delete a color in sequence","","Fri May 22 15:07:31 UTC 2026","passed","Fri May 22 15:07:31 UTC 2026","","Server Integration Tests (Testcontainers)","Server Integration Tests (Testcontainers) End-to-end CRUD workflow should create, read, update, and delete a color in sequence",""
"","852","homepage should match snapshot","Chrome","Fri May 22 15:14:14 UTC 2026","passed","Fri May 22 15:14:14 UTC 2026","Visual Regression – iphone-se (375×667)","","",""
"","1973","should load the application and verify core functionality across browsers","Firefox","Fri May 22 15:12:05 UTC 2026","passed","Fri May 22 15:12:07 UTC 2026","Cross-Browser Core Functionality","","",""
"","21","Server Integration Tests (Testcontainers) Concurrent writes should handle simultaneous POSTs with the same name — exactly one succeeds","","Fri May 22 15:07:31 UTC 2026","passed","Fri May 22 15:07:31 UTC 2026","","Server Integration Tests (Testcontainers)","Server Integration Tests (Testcontainers) Concurrent writes should handle simultaneous POSTs with the same name — exactly one succeeds",""
"","1","Utility Functions rgbToHsl round-trip hslToRgb→rgbToHsl preserves hue for all sectors","","Fri May 22 15:07:42 UTC 2026","passed","Fri May 22 15:07:42 UTC 2026","","Utility Functions","Utility Functions rgbToHsl round-trip hslToRgb→rgbToHsl preserves hue for all sectors",""
"","1","Frontend Unit Tests i18n Configuration should handle language change correctly","","Fri May 22 15:07:44 UTC 2026","passed","Fri May 22 15:07:44 UTC 2026","","Frontend Unit Tests","Frontend Unit Tests i18n Configuration should handle language change correctly",""
"","0","Utility Functions rgbToHex value 16 does not pad","","Fri May 22 15:07:42 UTC 2026","passed","Fri May 22 15:07:42 UTC 2026","","Utility Functions","Utility Functions rgbToHex value 16 does not pad",""
"","5","Frontend Unit Tests App Component language selector change calls i18n and updates html lang","","Fri May 22 15:07:42 UTC 2026","passed","Fri May 22 15:07:42 UTC 2026","","Frontend Unit Tests","Frontend Unit Tests App Component language selector change calls i18n and updates html lang",""
"","3","Server Unit Tests Surviving Mutants & Edge Cases OpenAPI Content-Type has application/json content-type","","Fri May 22 15:07:23 UTC 2026","passed","Fri May 22 15:07:23 UTC 2026","","Server Unit Tests","Server Unit Tests Surviving Mutants & Edge Cases OpenAPI Content-Type has application/json content-type",""
"","49","Frontend Unit Tests App Component learn react link has correct text","","Fri May 22 15:07:42 UTC 2026","passed","Fri May 22 15:07:42 UTC 2026","","Frontend Unit Tests","Frontend Unit Tests App Component learn react link has correct text",""
"","25","Frontend Unit Tests App Component text color on dark background is white","","Fri May 22 15:07:42 UTC 2026","passed","Fri May 22 15:07:42 UTC 2026","","Frontend Unit Tests","Frontend Unit Tests App Component text color on dark background is white",""
"","0","Utility Functions rgbToHsl mid-grey [128,128,128] → s=0","","Fri May 22 15:07:42 UTC 2026","passed","Fri May 22 15:07:42 UTC 2026","","Utility Functions","Utility Functions rgbToHsl mid-grey [128,128,128] → s=0",""
"Performance Test: UI Performance Test
File: ui-performance.spec.ts
Total Iterations: 1
Max VUs: 1

HTTP Request Duration:
- Avg: 5.07ms
- P(95): 5.07ms
- Max: 5.07ms

Full metrics attached in the results.","37603","UI Performance Test","Performance","Fri May 22 15:10:25 UTC 2026","passed","Fri May 22 15:11:03 UTC 2026","ui-performance.spec.ts","UI Performance Test","",""
"","932","clicking the backdrop closes the picker","Chrome","Fri May 22 15:34:19 UTC 2026","passed","Fri May 22 15:34:20 UTC 2026","Color Management — Add & Delete","","",""
"","0","Utility Functions paintWheelPixel writes to the correct index offset in the array","","Fri May 22 15:07:42 UTC 2026","passed","Fri May 22 15:07:42 UTC 2026","","Utility Functions","Utility Functions paintWheelPixel writes to the correct index offset in the array",""
"","5","Server Integration Tests (Testcontainers) Method Not Allowed should return 405 for PATCH /api/colors/:name","","Fri May 22 15:07:31 UTC 2026","passed","Fri May 22 15:07:31 UTC 2026","","Server Integration Tests (Testcontainers)","Server Integration Tests (Testcontainers) Method Not Allowed should return 405 for PATCH /api/colors/:name",""
"","812","homepage should match snapshot","Chrome","Fri May 22 15:14:14 UTC 2026","passed","Fri May 22 15:14:15 UTC 2026","Visual Regression – iphone-landscape (667×375)","","",""
"","23","Server Unit Tests POST /api/colors creates a new color and returns 201 with correct body","","Fri May 22 15:07:23 UTC 2026","passed","Fri May 22 15:07:23 UTC 2026","","Server Unit Tests","Server Unit Tests POST /api/colors creates a new color and returns 201 with correct body",""
"","4","Server Unit Tests POST /api/colors returns 400 for invalid hex format (no hash)","","Fri May 22 15:07:23 UTC 2026","passed","Fri May 22 15:07:23 UTC 2026","","Server Unit Tests","Server Unit Tests POST /api/colors returns 400 for invalid hex format (no hash)",""
