"DESCRIPTION","DURATION IN MS","NAME","PARENT SUITE","START TIME","STATUS","STOP TIME","SUB SUITE","SUITE","TEST CLASS","TEST METHOD"
"","101","Frontend Unit Tests App Component handleColorClick does nothing when data is null","","Thu Jun 04 10:14:51 UTC 2026","passed","Thu Jun 04 10:14:51 UTC 2026","","Frontend Unit Tests","Frontend Unit Tests App Component handleColorClick does nothing when data is null",""
"","1","Utility Functions readableOn returns #111 for turquoise (L≈0.39, black gives better contrast)","","Thu Jun 04 10:14:51 UTC 2026","passed","Thu Jun 04 10:14:51 UTC 2026","","Utility Functions","Utility Functions readableOn returns #111 for turquoise (L≈0.39, black gives better contrast)",""
"","15","Component Tests ConfirmDialog cancelLabel prop is reflected in the button text","","Thu Jun 04 10:14:51 UTC 2026","passed","Thu Jun 04 10:14:51 UTC 2026","","Component Tests","Component Tests ConfirmDialog cancelLabel prop is reflected in the button text",""
"","88","Frontend Unit Tests App Component confirm dialog cancel does nothing when deleting=true","","Thu Jun 04 10:14:51 UTC 2026","passed","Thu Jun 04 10:14:51 UTC 2026","","Frontend Unit Tests","Frontend Unit Tests App Component confirm dialog cancel does nothing when deleting=true",""
"","5","Server Unit Tests POST /api/colors returns 400 for invalid hex format (too short)","","Thu Jun 04 10:14:53 UTC 2026","passed","Thu Jun 04 10:14:53 UTC 2026","","Server Unit Tests","Server Unit Tests POST /api/colors returns 400 for invalid hex format (too short)",""
"","28","Frontend Unit Tests App Component clicking Add color button opens picker modal","","Thu Jun 04 10:14:51 UTC 2026","passed","Thu Jun 04 10:14:51 UTC 2026","","Frontend Unit Tests","Frontend Unit Tests App Component clicking Add color button opens picker modal",""
"","9","Component Tests ColorPicker wheel cursor moves to (220,110) after right-edge click (hue=0, sat=1)","","Thu Jun 04 10:14:51 UTC 2026","passed","Thu Jun 04 10:14:51 UTC 2026","","Utility Functions","Component Tests ColorPicker wheel cursor moves to (220,110) after right-edge click (hue=0, sat=1)",""
"","34","Component Tests ColorPicker hex input updates hue/sat via rgbToHsl (green → hue≈120)","","Thu Jun 04 10:14:51 UTC 2026","passed","Thu Jun 04 10:14:51 UTC 2026","","Utility Functions","Component Tests ColorPicker hex input updates hue/sat via rgbToHsl (green → hue≈120)",""
"","31","Frontend Unit Tests App Component shows add-color button even when colors are empty","","Thu Jun 04 10:14:51 UTC 2026","passed","Thu Jun 04 10:14:51 UTC 2026","","Frontend Unit Tests","Frontend Unit Tests App Component shows add-color button even when colors are empty",""
"","0","Utility Functions paintWheelPixel anti-aliases near-edge pixel: dist=r-0.5 gives alpha=127","","Thu Jun 04 10:14:51 UTC 2026","passed","Thu Jun 04 10:14:51 UTC 2026","","Utility Functions","Utility Functions paintWheelPixel anti-aliases near-edge pixel: dist=r-0.5 gives alpha=127",""
"","0","Utility Functions rgbToHsl b max (#0040ff) → h in (180,300)","","Thu Jun 04 10:14:51 UTC 2026","passed","Thu Jun 04 10:14:51 UTC 2026","","Utility Functions","Utility Functions rgbToHsl b max (#0040ff) → h in (180,300)",""
"","6","Component Tests ConfirmDialog Escape key calls onCancel when not busy","","Thu Jun 04 10:14:51 UTC 2026","passed","Thu Jun 04 10:14:51 UTC 2026","","Component Tests","Component Tests ConfirmDialog Escape key calls onCancel when not busy",""
"","4","Server Unit Tests 405 Method Not Allowed sets the Allow header on /api/colors/:name with correct methods","","Thu Jun 04 10:14:53 UTC 2026","passed","Thu Jun 04 10:14:53 UTC 2026","","Server Unit Tests","Server Unit Tests 405 Method Not Allowed sets the Allow header on /api/colors/:name with correct methods",""
"","6","Component Tests ColorPicker falls back to window resize listener when ResizeObserver is not available","","Thu Jun 04 10:14:51 UTC 2026","passed","Thu Jun 04 10:14:51 UTC 2026","","Utility Functions","Component Tests ColorPicker falls back to window resize listener when ResizeObserver is not available",""
"","0","Utility Functions paintWheelPixel anti-aliases the outermost ring: dist=r gives alpha=0","","Thu Jun 04 10:14:51 UTC 2026","passed","Thu Jun 04 10:14:51 UTC 2026","","Utility Functions","Utility Functions paintWheelPixel anti-aliases the outermost ring: dist=r gives alpha=0",""
"","686","shows a chip for each color with a swatch, name, and delete button","Chrome","Thu Jun 04 10:19:23 UTC 2026","passed","Thu Jun 04 10:19:23 UTC 2026","Color Management — Add & Delete","tests/color-management.spec.ts","",""
"","8","Server Unit Tests Surviving Mutants & Edge Cases Regex & Validation hex regex kills mutants by testing boundaries and formats","","Thu Jun 04 10:14:53 UTC 2026","passed","Thu Jun 04 10:14:53 UTC 2026","","Server Unit Tests","Server Unit Tests Surviving Mutants & Edge Cases Regex & Validation hex regex kills mutants by testing boundaries and formats",""
"","56","Frontend Unit Tests App Component handleColorClick encodes color name in URL","","Thu Jun 04 10:14:51 UTC 2026","passed","Thu Jun 04 10:14:51 UTC 2026","","Frontend Unit Tests","Frontend Unit Tests App Component handleColorClick encodes color name in URL",""
"","9","should reject updating with empty name","Chrome","Thu Jun 04 10:19:44 UTC 2026","passed","Thu Jun 04 10:19:44 UTC 2026","Backend API Integration > PUT /api/colors/:name Schema Validation","tests/api.spec.ts","",""
"","3","Server Unit Tests Error Handling DELETE /api/colors/:name returns 500 when database fails","","Thu Jun 04 10:14:53 UTC 2026","passed","Thu Jun 04 10:14:53 UTC 2026","","Server Unit Tests","Server Unit Tests Error Handling DELETE /api/colors/:name returns 500 when database fails",""
"","1608","should maintain accessibility in el language and verify resilient locators","Chrome","Thu Jun 04 10:19:42 UTC 2026","passed","Thu Jun 04 10:19:43 UTC 2026","i18n Accessibility Tests","tests/a11y.spec.ts","",""
"","8","Server Integration Tests (Testcontainers) POST /api/reseed should not modify the database when token is invalid","","Thu Jun 04 10:14:57 UTC 2026","passed","Thu Jun 04 10:14:57 UTC 2026","","Server Integration Tests (Testcontainers)","Server Integration Tests (Testcontainers) POST /api/reseed should not modify the database when token is invalid",""
"","3","Server Unit Tests PUT /api/colors/:name returns 400 for invalid name in path (regex check)","","Thu Jun 04 10:14:53 UTC 2026","passed","Thu Jun 04 10:14:53 UTC 2026","","Server Unit Tests","Server Unit Tests PUT /api/colors/:name returns 400 for invalid name in path (regex check)",""
"","1","Utility Functions rgbToHsl r max with g<b (#ff0040) → h near 345","","Thu Jun 04 10:14:51 UTC 2026","passed","Thu Jun 04 10:14:51 UTC 2026","","Utility Functions","Utility Functions rgbToHsl r max with g<b (#ff0040) → h near 345",""
"","5","Server Unit Tests Error Handling PUT /api/colors/:name returns 409 when database throws duplicate key error (code 11000) on save","","Thu Jun 04 10:14:53 UTC 2026","passed","Thu Jun 04 10:14:53 UTC 2026","","Server Unit Tests","Server Unit Tests Error Handling PUT /api/colors/:name returns 409 when database throws duplicate key error (code 11000) on save",""
"","23","Component Tests ColorPicker close (×) button calls onCancel","","Thu Jun 04 10:14:51 UTC 2026","passed","Thu Jun 04 10:14:51 UTC 2026","","Utility Functions","Component Tests ColorPicker close (×) button calls onCancel",""
"","46","should create a new color with valid schema","Chrome","Thu Jun 04 10:19:44 UTC 2026","passed","Thu Jun 04 10:19:44 UTC 2026","Backend API Integration > POST /api/colors Schema Validation","tests/api.spec.ts","",""
"","24","Component Tests ColorPicker lightness slider change updates the preview","","Thu Jun 04 10:14:51 UTC 2026","passed","Thu Jun 04 10:14:51 UTC 2026","","Utility Functions","Component Tests ColorPicker lightness slider change updates the preview",""
"","11","Server Integration Tests (Testcontainers) GET /api/colors should not expose _id or __v fields","","Thu Jun 04 10:14:57 UTC 2026","passed","Thu Jun 04 10:14:57 UTC 2026","","Server Integration Tests (Testcontainers)","Server Integration Tests (Testcontainers) GET /api/colors should not expose _id or __v fields",""
"","52","Frontend Unit Tests App Component saving is false again after a failed add (finally block)","","Thu Jun 04 10:14:51 UTC 2026","passed","Thu Jun 04 10:14:51 UTC 2026","","Frontend Unit Tests","Frontend Unit Tests App Component saving is false again after a failed add (finally block)",""
"","23","Component Tests ColorPicker mousemove while dragging updates hex (dragging.current=true kills mutation)","","Thu Jun 04 10:14:51 UTC 2026","passed","Thu Jun 04 10:14:51 UTC 2026","","Utility Functions","Component Tests ColorPicker mousemove while dragging updates hex (dragging.current=true kills mutation)",""
"","733","handle initial fetch error","Chrome","Thu Jun 04 10:19:14 UTC 2026","passed","Thu Jun 04 10:19:15 UTC 2026","Edge cases and error handling","tests/coverage.spec.ts","",""
"","94","Frontend Unit Tests App Component clicking a color chip makes it active","","Thu Jun 04 10:14:51 UTC 2026","passed","Thu Jun 04 10:14:51 UTC 2026","","Frontend Unit Tests","Frontend Unit Tests App Component clicking a color chip makes it active",""
"","41","Frontend Unit Tests App Component add color 500 shows server error message","","Thu Jun 04 10:14:51 UTC 2026","passed","Thu Jun 04 10:14:51 UTC 2026","","Frontend Unit Tests","Frontend Unit Tests App Component add color 500 shows server error message",""
"","8","Server Unit Tests GET /api/colors returns JSON content type","","Thu Jun 04 10:14:53 UTC 2026","passed","Thu Jun 04 10:14:53 UTC 2026","","Server Unit Tests","Server Unit Tests GET /api/colors returns JSON content type",""
"","31","Component Tests ColorPicker mousedown at bottom-center (hue=90) sets hex to #80ff00","","Thu Jun 04 10:14:51 UTC 2026","passed","Thu Jun 04 10:14:51 UTC 2026","","Utility Functions","Component Tests ColorPicker mousedown at bottom-center (hue=90) sets hex to #80ff00",""
"","15","Server Unit Tests Surviving Mutants & Edge Cases Regex & Validation STRICT_NAME_REGEX kills mutants by testing multiple spaces in the middle and rejecting pluses","","Thu Jun 04 10:14:53 UTC 2026","passed","Thu Jun 04 10:14:53 UTC 2026","","Server Unit Tests","Server Unit Tests Surviving Mutants & Edge Cases Regex & Validation STRICT_NAME_REGEX kills mutants by testing multiple spaces in the middle and rejecting pluses",""
"","27","Server Integration Tests (Testcontainers) Concurrent writes should handle parallel GETs without errors","","Thu Jun 04 10:14:57 UTC 2026","passed","Thu Jun 04 10:14:57 UTC 2026","","Server Integration Tests (Testcontainers)","Server Integration Tests (Testcontainers) Concurrent writes should handle parallel GETs without errors",""
"","33","Frontend Unit Tests App Component add color 409 conflict shows picker error (data.error message)","","Thu Jun 04 10:14:51 UTC 2026","passed","Thu Jun 04 10:14:51 UTC 2026","","Frontend Unit Tests","Frontend Unit Tests App Component add color 409 conflict shows picker error (data.error message)",""
"","1","Utility Functions rgbToHsl dark red (#800000): l<0.5, s=1 (l<=0.5 saturation branch)","","Thu Jun 04 10:14:51 UTC 2026","passed","Thu Jun 04 10:14:51 UTC 2026","","Utility Functions","Utility Functions rgbToHsl dark red (#800000): l<0.5, s=1 (l<=0.5 saturation branch)",""
"","28","Frontend Unit Tests App Component picker × button closes the modal","","Thu Jun 04 10:14:51 UTC 2026","passed","Thu Jun 04 10:14:51 UTC 2026","","Frontend Unit Tests","Frontend Unit Tests App Component picker × button closes the modal",""
"","11","Server Unit Tests POST /api/reseed returns 200 and reseeds the database with a valid token","","Thu Jun 04 10:14:53 UTC 2026","passed","Thu Jun 04 10:14:53 UTC 2026","","Server Unit Tests","Server Unit Tests POST /api/reseed returns 200 and reseeds the database with a valid token",""
"","4","Server Integration Tests (Testcontainers) PUT /api/colors/:name should return 400 for invalid name in URL path","","Thu Jun 04 10:14:57 UTC 2026","passed","Thu Jun 04 10:14:57 UTC 2026","","Server Integration Tests (Testcontainers)","Server Integration Tests (Testcontainers) PUT /api/colors/:name should return 400 for invalid name in URL path",""
"","26","Component Tests ColorPicker mousedown at left-center (hue=180) sets hex to #00ffff","","Thu Jun 04 10:14:51 UTC 2026","passed","Thu Jun 04 10:14:51 UTC 2026","","Utility Functions","Component Tests ColorPicker mousedown at left-center (hue=180) sets hex to #00ffff",""
"","6","Server Unit Tests DELETE /api/colors/:name cannot delete the same color twice","","Thu Jun 04 10:14:53 UTC 2026","passed","Thu Jun 04 10:14:53 UTC 2026","","Server Unit Tests","Server Unit Tests DELETE /api/colors/:name cannot delete the same color twice",""
"","6","Server Integration Tests (Testcontainers) DELETE /api/colors/:name should return 400 for invalid name format","","Thu Jun 04 10:14:57 UTC 2026","passed","Thu Jun 04 10:14:57 UTC 2026","","Server Integration Tests (Testcontainers)","Server Integration Tests (Testcontainers) DELETE /api/colors/:name should return 400 for invalid name format",""
"","0","homepage after color change","Chrome","Thu Jun 04 10:21:34 UTC 2026","skipped","Thu Jun 04 10:21:34 UTC 2026","Percy Visual Regression – Production > Percy – mobile (375×667)","","",""
"","3","Server Unit Tests Surviving Mutants & Edge Cases Mongoose Schema Strictness kills empty schema mutant by checking schema paths","","Thu Jun 04 10:14:53 UTC 2026","passed","Thu Jun 04 10:14:53 UTC 2026","","Server Unit Tests","Server Unit Tests Surviving Mutants & Edge Cases Mongoose Schema Strictness kills empty schema mutant by checking schema paths",""
"","8","Server Unit Tests GET /api/colors returns colors sorted alphabetically by name","","Thu Jun 04 10:14:53 UTC 2026","passed","Thu Jun 04 10:14:53 UTC 2026","","Server Unit Tests","Server Unit Tests GET /api/colors returns colors sorted alphabetically by name",""
"","0","Utility Functions hslToRgb hue just below 60 is in sector 0, not sector 1","","Thu Jun 04 10:14:51 UTC 2026","passed","Thu Jun 04 10:14:51 UTC 2026","","Utility Functions","Utility Functions hslToRgb hue just below 60 is in sector 0, not sector 1",""
"","1","Utility Functions hexToRgb is case-insensitive","","Thu Jun 04 10:14:51 UTC 2026","passed","Thu Jun 04 10:14:51 UTC 2026","","Utility Functions","Utility Functions hexToRgb is case-insensitive",""
"","4","Server Unit Tests OpenAPI endpoints spec includes component schemas","","Thu Jun 04 10:14:53 UTC 2026","passed","Thu Jun 04 10:14:53 UTC 2026","","Server Unit Tests","Server Unit Tests OpenAPI endpoints spec includes component schemas",""
"","37","Frontend Unit Tests App Component confirm dialog Escape key closes it","","Thu Jun 04 10:14:51 UTC 2026","passed","Thu Jun 04 10:14:51 UTC 2026","","Frontend Unit Tests","Frontend Unit Tests App Component confirm dialog Escape key closes it",""
"","32","Frontend Unit Tests App Component initial background is first color hex","","Thu Jun 04 10:14:51 UTC 2026","passed","Thu Jun 04 10:14:51 UTC 2026","","Frontend Unit Tests","Frontend Unit Tests App Component initial background is first color hex",""
"","9","Frontend Unit Tests App Component shows error alert when initial fetch fails","","Thu Jun 04 10:14:51 UTC 2026","passed","Thu Jun 04 10:14:51 UTC 2026","","Frontend Unit Tests","Frontend Unit Tests App Component shows error alert when initial fetch fails",""
"","32","Frontend Unit Tests App Component add color sends POST with correct method, headers, and body","","Thu Jun 04 10:14:51 UTC 2026","passed","Thu Jun 04 10:14:51 UTC 2026","","Frontend Unit Tests","Frontend Unit Tests App Component add color sends POST with correct method, headers, and body",""
"","4","Server Unit Tests POST /api/colors returns 400 for completely empty body","","Thu Jun 04 10:14:53 UTC 2026","passed","Thu Jun 04 10:14:53 UTC 2026","","Server Unit Tests","Server Unit Tests POST /api/colors returns 400 for completely empty body",""
"","5","Utility Functions rgbToHsl pure red → h=0, s=1, l=0.5","","Thu Jun 04 10:14:51 UTC 2026","passed","Thu Jun 04 10:14:51 UTC 2026","","Utility Functions","Utility Functions rgbToHsl pure red → h=0, s=1, l=0.5",""
"","3","Server Unit Tests PUT /api/colors/:name returns 400 for invalid current name format in URL","","Thu Jun 04 10:14:53 UTC 2026","passed","Thu Jun 04 10:14:53 UTC 2026","","Server Unit Tests","Server Unit Tests PUT /api/colors/:name returns 400 for invalid current name format in URL",""
"","28","should update a color with valid schema","Chrome","Thu Jun 04 10:19:44 UTC 2026","passed","Thu Jun 04 10:19:44 UTC 2026","Backend API Integration > PUT /api/colors/:name Schema Validation","tests/api.spec.ts","",""
"","5","Server Integration Tests (Testcontainers) POST /api/colors should return 400 when extra fields are provided","","Thu Jun 04 10:14:57 UTC 2026","passed","Thu Jun 04 10:14:57 UTC 2026","","Server Integration Tests (Testcontainers)","Server Integration Tests (Testcontainers) POST /api/colors should return 400 when extra fields are provided",""
"","21","Component Tests ColorPicker mousemove after mouseup does NOT update color (dragging stopped)","","Thu Jun 04 10:14:51 UTC 2026","passed","Thu Jun 04 10:14:51 UTC 2026","","Utility Functions","Component Tests ColorPicker mousemove after mouseup does NOT update color (dragging stopped)",""
"","5","Component Tests ColorPicker serverError banner is absent when serverError is null","","Thu Jun 04 10:14:51 UTC 2026","passed","Thu Jun 04 10:14:51 UTC 2026","","Utility Functions","Component Tests ColorPicker serverError banner is absent when serverError is null",""
"","7","Server Integration Tests (Testcontainers) POST /api/colors should accept a single alphanumeric character as a name","","Thu Jun 04 10:14:57 UTC 2026","passed","Thu Jun 04 10:14:57 UTC 2026","","Server Integration Tests (Testcontainers)","Server Integration Tests (Testcontainers) POST /api/colors should accept a single alphanumeric character as a name",""
"","3","Server Unit Tests Surviving Mutants & Edge Cases PUT logic kills refine mutant by sending empty body","","Thu Jun 04 10:14:53 UTC 2026","passed","Thu Jun 04 10:14:53 UTC 2026","","Server Unit Tests","Server Unit Tests Surviving Mutants & Edge Cases PUT logic kills refine mutant by sending empty body",""
"","0","Utility Functions readableOn returns #fff for black (very dark, L≈0)","","Thu Jun 04 10:14:51 UTC 2026","passed","Thu Jun 04 10:14:51 UTC 2026","","Utility Functions","Utility Functions readableOn returns #fff for black (very dark, L≈0)",""
"","0","homepage initial state","Chrome","Thu Jun 04 10:21:34 UTC 2026","skipped","Thu Jun 04 10:21:34 UTC 2026","Percy Visual Regression – Production > Percy – desktop (1280×720)","","",""
"","10","Server Unit Tests GET /api/colors returns an empty array when no colors exist","","Thu Jun 04 10:14:53 UTC 2026","passed","Thu Jun 04 10:14:53 UTC 2026","","Server Unit Tests","Server Unit Tests GET /api/colors returns an empty array when no colors exist",""
"","1223","delete API error shows alert banner","Chrome","Thu Jun 04 10:19:32 UTC 2026","passed","Thu Jun 04 10:19:34 UTC 2026","Color Management — Add & Delete","tests/color-management.spec.ts","",""
"","10","Server Unit Tests PUT /api/colors/:name updates the hex of an existing color","","Thu Jun 04 10:14:53 UTC 2026","passed","Thu Jun 04 10:14:53 UTC 2026","","Server Unit Tests","Server Unit Tests PUT /api/colors/:name updates the hex of an existing color",""
"","1","Utility Functions hexToRgb parses a standard #RRGGBB hex","","Thu Jun 04 10:14:51 UTC 2026","passed","Thu Jun 04 10:14:51 UTC 2026","","Utility Functions","Utility Functions hexToRgb parses a standard #RRGGBB hex",""
"","1","Utility Functions paintWheelPixel wraps negative angle: dy<0 gives angle+360 (hue=270 → violet)","","Thu Jun 04 10:14:51 UTC 2026","passed","Thu Jun 04 10:14:51 UTC 2026","","Utility Functions","Utility Functions paintWheelPixel wraps negative angle: dy<0 gives angle+360 (hue=270 → violet)",""
"","0","Utility Functions hslToRgb hue=59 stays in sector 0","","Thu Jun 04 10:14:51 UTC 2026","passed","Thu Jun 04 10:14:51 UTC 2026","","Utility Functions","Utility Functions hslToRgb hue=59 stays in sector 0",""
"","279","Server Unit Tests Surviving Mutants & Edge Cases Port Fallback reflects process.env.PORT in Swagger servers","","Thu Jun 04 10:14:53 UTC 2026","passed","Thu Jun 04 10:14:53 UTC 2026","","Server Unit Tests","Server Unit Tests Surviving Mutants & Edge Cases Port Fallback reflects process.env.PORT in Swagger servers",""
"","870","should display colors that do not exist in the database","Chrome","Thu Jun 04 10:19:19 UTC 2026","passed","Thu Jun 04 10:19:20 UTC 2026","Network Mocking & Interception","tests/network-mocking.spec.ts","",""
"","15","malformed JSON body returns 400","Chrome","Thu Jun 04 10:19:28 UTC 2026","passed","Thu Jun 04 10:19:28 UTC 2026","Security > Input Validation","tests/security.spec.ts","",""
"","47","Frontend Unit Tests App Component learn react link has correct text","","Thu Jun 04 10:14:51 UTC 2026","passed","Thu Jun 04 10:14:51 UTC 2026","","Frontend Unit Tests","Frontend Unit Tests App Component learn react link has correct text",""
"","0","Utility Functions readableOn returns #111 for white (very light, L=1)","","Thu Jun 04 10:14:51 UTC 2026","passed","Thu Jun 04 10:14:51 UTC 2026","","Utility Functions","Utility Functions readableOn returns #111 for white (very light, L=1)",""
"","23","Component Tests ColorPicker lightness slider max value (100) gives white","","Thu Jun 04 10:14:51 UTC 2026","passed","Thu Jun 04 10:14:51 UTC 2026","","Utility Functions","Component Tests ColorPicker lightness slider max value (100) gives white",""
"","15","POST with script tag in name is rejected (400)","Chrome","Thu Jun 04 10:19:26 UTC 2026","passed","Thu Jun 04 10:19:26 UTC 2026","Security > XSS Prevention","tests/security.spec.ts","",""
"","0","Frontend Unit Tests i18n Configuration interpolation should not escape value","","Thu Jun 04 10:14:52 UTC 2026","passed","Thu Jun 04 10:14:52 UTC 2026","","Frontend Unit Tests","Frontend Unit Tests i18n Configuration interpolation should not escape value",""
"","311","Server Unit Tests Surviving Mutants & Edge Cases Infrastructure uses default MONGO_URI when process.env.MONGO_URI is missing","","Thu Jun 04 10:14:53 UTC 2026","passed","Thu Jun 04 10:14:53 UTC 2026","","Server Unit Tests","Server Unit Tests Surviving Mutants & Edge Cases Infrastructure uses default MONGO_URI when process.env.MONGO_URI is missing",""
"","1","Utility Functions hslToRgb saturation clamped: s=1.5 treated as s=1","","Thu Jun 04 10:14:51 UTC 2026","passed","Thu Jun 04 10:14:51 UTC 2026","","Utility Functions","Utility Functions hslToRgb saturation clamped: s=1.5 treated as s=1",""
"","7","DELETE /api/colors (collection) returns 405","Chrome","Thu Jun 04 10:19:28 UTC 2026","passed","Thu Jun 04 10:19:28 UTC 2026","Security > HTTP Method Restrictions","tests/security.spec.ts","",""
"","498","should load the application and verify core functionality across browsers","Chrome","Thu Jun 04 10:19:19 UTC 2026","passed","Thu Jun 04 10:19:20 UTC 2026","Cross-Browser Core Functionality","","",""
"","1","Utility Functions hslToRgb hue=120 (green) → [0,255,0]","","Thu Jun 04 10:14:51 UTC 2026","passed","Thu Jun 04 10:14:51 UTC 2026","","Utility Functions","Utility Functions hslToRgb hue=120 (green) → [0,255,0]",""
"","12","Server Integration Tests (Testcontainers) POST /api/colors should return 409 when creating a duplicate color name","","Thu Jun 04 10:14:57 UTC 2026","passed","Thu Jun 04 10:14:57 UTC 2026","","Server Integration Tests (Testcontainers)","Server Integration Tests (Testcontainers) POST /api/colors should return 409 when creating a duplicate color name",""
"","15","GET /api/colors should return all colors","Chrome","Thu Jun 04 10:19:44 UTC 2026","passed","Thu Jun 04 10:19:44 UTC 2026","Backend API Integration","tests/api.spec.ts","",""
"","9","Component Tests ColorPicker displays serverError prop in an alert banner","","Thu Jun 04 10:14:51 UTC 2026","passed","Thu Jun 04 10:14:51 UTC 2026","","Utility Functions","Component Tests ColorPicker displays serverError prop in an alert banner",""
"","8","Server Unit Tests seedDatabase clears existing colors and re-seeds with 3 defaults","","Thu Jun 04 10:14:53 UTC 2026","passed","Thu Jun 04 10:14:53 UTC 2026","","Server Unit Tests","Server Unit Tests seedDatabase clears existing colors and re-seeds with 3 defaults",""
"","5","Server Unit Tests POST /api/colors returns 400 when hex is missing","","Thu Jun 04 10:14:53 UTC 2026","passed","Thu Jun 04 10:14:53 UTC 2026","","Server Unit Tests","Server Unit Tests POST /api/colors returns 400 when hex is missing",""
"","","[HIGH] CVE-2026-6732","","","failed","","","test-automation-best-practices-app:latest (alpine 3.23.4)","libxml2-2.13.9-r0",""
"","8","Server Integration Tests (Testcontainers) GET /api/colors/:name should not expose _id or __v fields","","Thu Jun 04 10:14:57 UTC 2026","passed","Thu Jun 04 10:14:57 UTC 2026","","Server Integration Tests (Testcontainers)","Server Integration Tests (Testcontainers) GET /api/colors/:name should not expose _id or __v fields",""
"","6","Server Unit Tests 405 Method Not Allowed returns 405 for POST, PUT, DELETE on /openapi.json","","Thu Jun 04 10:14:53 UTC 2026","passed","Thu Jun 04 10:14:53 UTC 2026","","Server Unit Tests","Server Unit Tests 405 Method Not Allowed returns 405 for POST, PUT, DELETE on /openapi.json",""
"","12","Server Unit Tests Error Handling POST /api/colors returns 500 when database fails (create)","","Thu Jun 04 10:14:53 UTC 2026","passed","Thu Jun 04 10:14:53 UTC 2026","","Server Unit Tests","Server Unit Tests Error Handling POST /api/colors returns 500 when database fails (create)",""
"","3","Frontend Unit Tests i18n Configuration should translate keys correctly","","Thu Jun 04 10:14:52 UTC 2026","passed","Thu Jun 04 10:14:52 UTC 2026","","Frontend Unit Tests","Frontend Unit Tests i18n Configuration should translate keys correctly",""
"","5","Server Unit Tests Middleware returns 413 for payload too large","","Thu Jun 04 10:14:53 UTC 2026","passed","Thu Jun 04 10:14:53 UTC 2026","","Server Unit Tests","Server Unit Tests Middleware returns 413 for payload too large",""
"","10","Component Tests ColorPicker wheel cursor is at (110,110) at center (sat=0)","","Thu Jun 04 10:14:51 UTC 2026","passed","Thu Jun 04 10:14:51 UTC 2026","","Utility Functions","Component Tests ColorPicker wheel cursor is at (110,110) at center (sat=0)",""
"","18","Component Tests ColorPicker mousedown outside circle clamps sat to 1","","Thu Jun 04 10:14:51 UTC 2026","passed","Thu Jun 04 10:14:51 UTC 2026","","Utility Functions","Component Tests ColorPicker mousedown outside circle clamps sat to 1",""
"","7","Component Tests ConfirmDialog dialog has correct ARIA attributes","","Thu Jun 04 10:14:51 UTC 2026","passed","Thu Jun 04 10:14:51 UTC 2026","","Component Tests","Component Tests ConfirmDialog dialog has correct ARIA attributes",""
"","1","Frontend Unit Tests i18n Configuration should be initialized with correct settings","","Thu Jun 04 10:14:52 UTC 2026","passed","Thu Jun 04 10:14:52 UTC 2026","","Frontend Unit Tests","Frontend Unit Tests i18n Configuration should be initialized with correct settings",""
"","560","Escape key closes the confirm dialog","Chrome","Thu Jun 04 10:19:31 UTC 2026","passed","Thu Jun 04 10:19:31 UTC 2026","Color Management — Add & Delete","tests/color-management.spec.ts","",""
"","1","homepage initial state","Chrome","Thu Jun 04 10:21:34 UTC 2026","skipped","Thu Jun 04 10:21:34 UTC 2026","Percy Visual Regression – Production > Percy – tablet (768×1024)","","",""
"","157","Component Tests ColorPicker renders the modal with title, hex preview, name and hex inputs","","Thu Jun 04 10:14:51 UTC 2026","passed","Thu Jun 04 10:14:51 UTC 2026","","Utility Functions","Component Tests ColorPicker renders the modal with title, hex preview, name and hex inputs",""
"","1","homepage initial state","Chrome","Thu Jun 04 10:21:34 UTC 2026","skipped","Thu Jun 04 10:21:34 UTC 2026","Percy Visual Regression – Production > Percy – desktop-xl (1920×1080)","","",""
"","7","Server Unit Tests Surviving Mutants & Edge Cases Allowed Methods kills mutants in allowedMethods object","","Thu Jun 04 10:14:53 UTC 2026","passed","Thu Jun 04 10:14:53 UTC 2026","","Server Unit Tests","Server Unit Tests Surviving Mutants & Edge Cases Allowed Methods kills mutants in allowedMethods object",""
"","0","Utility Functions rgbToHex converts pure red","","Thu Jun 04 10:14:51 UTC 2026","passed","Thu Jun 04 10:14:51 UTC 2026","","Utility Functions","Utility Functions rgbToHex converts pure red",""
"","4982","POST /api/reseed","","","passed","","","schemathesis","",""
"","6","Server Unit Tests POST /api/colors returns 409 for a duplicate color name with descriptive error","","Thu Jun 04 10:14:53 UTC 2026","passed","Thu Jun 04 10:14:53 UTC 2026","","Server Unit Tests","Server Unit Tests POST /api/colors returns 409 for a duplicate color name with descriptive error",""
"","1054","homepage should match snapshot","Chrome","Thu Jun 04 10:21:31 UTC 2026","passed","Thu Jun 04 10:21:32 UTC 2026","Visual Regression – tablet (768×1024)","","",""
"","0","Utility Functions hslToRgb high lightness l=0.75 → [255,128,128]","","Thu Jun 04 10:14:51 UTC 2026","passed","Thu Jun 04 10:14:51 UTC 2026","","Utility Functions","Utility Functions hslToRgb high lightness l=0.75 → [255,128,128]",""
"","12","Component Tests ConfirmDialog swatch div has the correct background color","","Thu Jun 04 10:14:51 UTC 2026","passed","Thu Jun 04 10:14:51 UTC 2026","","Component Tests","Component Tests ConfirmDialog swatch div has the correct background color",""
"","1069","close (×) button closes the picker","Chrome","Thu Jun 04 10:19:25 UTC 2026","passed","Thu Jun 04 10:19:26 UTC 2026","Color Management — Add & Delete","tests/color-management.spec.ts","",""
"","5","Server Unit Tests Middleware JSON error middleware ignores SyntaxError without body","","Thu Jun 04 10:14:53 UTC 2026","passed","Thu Jun 04 10:14:53 UTC 2026","","Server Unit Tests","Server Unit Tests Middleware JSON error middleware ignores SyntaxError without body",""
"","921","verify Yellow ( #f1c40f ) is applied as the background color","Chrome","Thu Jun 04 10:19:13 UTC 2026","passed","Thu Jun 04 10:19:14 UTC 2026","Background color tests","tests/coverage.spec.ts","",""
"","787","verify language switcher changes document language","Chrome","Thu Jun 04 10:19:13 UTC 2026","passed","Thu Jun 04 10:19:14 UTC 2026","","tests/coverage.spec.ts","",""
"","23","Frontend Unit Tests App Component labelFor returns translation for known color (Turquoise)","","Thu Jun 04 10:14:51 UTC 2026","passed","Thu Jun 04 10:14:51 UTC 2026","","Frontend Unit Tests","Frontend Unit Tests App Component labelFor returns translation for known color (Turquoise)",""
"","40","Server Unit Tests GET /api/colors returns all seeded colors with correct names and hex values","","Thu Jun 04 10:14:53 UTC 2026","passed","Thu Jun 04 10:14:53 UTC 2026","","Server Unit Tests","Server Unit Tests GET /api/colors returns all seeded colors with correct names and hex values",""
"","20","Component Tests ColorPicker valid submit calls onConfirm with trimmed name and current hex","","Thu Jun 04 10:14:51 UTC 2026","passed","Thu Jun 04 10:14:51 UTC 2026","","Utility Functions","Component Tests ColorPicker valid submit calls onConfirm with trimmed name and current hex",""
"","26","Component Tests ColorPicker lightness slider min value (0) gives black","","Thu Jun 04 10:14:51 UTC 2026","passed","Thu Jun 04 10:14:51 UTC 2026","","Utility Functions","Component Tests ColorPicker lightness slider min value (0) gives black",""
"","6","Server Unit Tests GET /api/colors/:name returns 400 for invalid name in path (regex check)","","Thu Jun 04 10:14:53 UTC 2026","passed","Thu Jun 04 10:14:53 UTC 2026","","Server Unit Tests","Server Unit Tests GET /api/colors/:name returns 400 for invalid name in path (regex check)",""
"","1266","shows client-side validation error for invalid name chars","Chrome","Thu Jun 04 10:19:28 UTC 2026","passed","Thu Jun 04 10:19:29 UTC 2026","Color Management — Add & Delete","tests/color-management.spec.ts","",""
"","21","Component Tests ColorPicker duplicate check is case-insensitive","","Thu Jun 04 10:14:51 UTC 2026","passed","Thu Jun 04 10:14:51 UTC 2026","","Utility Functions","Component Tests ColorPicker duplicate check is case-insensitive",""
"","21","Frontend Unit Tests App Component text color on dark background is white","","Thu Jun 04 10:14:51 UTC 2026","passed","Thu Jun 04 10:14:51 UTC 2026","","Frontend Unit Tests","Frontend Unit Tests App Component text color on dark background is white",""
"","6","PUT /openapi.json returns 405","Chrome","Thu Jun 04 10:19:28 UTC 2026","passed","Thu Jun 04 10:19:28 UTC 2026","Security > HTTP Method Restrictions","tests/security.spec.ts","",""
"","73","Frontend Unit Tests App Component delete network error shows error alert","","Thu Jun 04 10:14:51 UTC 2026","passed","Thu Jun 04 10:14:51 UTC 2026","","Frontend Unit Tests","Frontend Unit Tests App Component delete network error shows error alert",""
"","1980","should load the application and verify core functionality across browsers","Firefox","Thu Jun 04 10:19:16 UTC 2026","passed","Thu Jun 04 10:19:18 UTC 2026","Cross-Browser Core Functionality","","",""
"","60","Frontend Unit Tests App Component add color success closes picker and shows new chip","","Thu Jun 04 10:14:51 UTC 2026","passed","Thu Jun 04 10:14:51 UTC 2026","","Frontend Unit Tests","Frontend Unit Tests App Component add color success closes picker and shows new chip",""
"","1472","color names rendered in the UI do not trigger script execution","Chrome","Thu Jun 04 10:19:26 UTC 2026","passed","Thu Jun 04 10:19:28 UTC 2026","Security > XSS Prevention","tests/security.spec.ts","",""
"","17","GET /api/colors should return colors sorted alphabetically by name","Chrome","Thu Jun 04 10:19:44 UTC 2026","passed","Thu Jun 04 10:19:44 UTC 2026","Backend API Integration","tests/api.spec.ts","",""
"","11","Server Unit Tests GET /api/colors does not expose _id or __v fields","","Thu Jun 04 10:14:53 UTC 2026","passed","Thu Jun 04 10:14:53 UTC 2026","","Server Unit Tests","Server Unit Tests GET /api/colors does not expose _id or __v fields",""
"","14","oversized payload is rejected (413)","Chrome","Thu Jun 04 10:19:28 UTC 2026","passed","Thu Jun 04 10:19:28 UTC 2026","Security > Input Validation","tests/security.spec.ts","",""
"","1019","Cancel button closes the picker","Chrome","Thu Jun 04 10:19:25 UTC 2026","passed","Thu Jun 04 10:19:26 UTC 2026","Color Management — Add & Delete","tests/color-management.spec.ts","",""
"","6","Server Integration Tests (Testcontainers) POST /api/colors should return 400 when name is missing","","Thu Jun 04 10:14:57 UTC 2026","passed","Thu Jun 04 10:14:57 UTC 2026","","Server Integration Tests (Testcontainers)","Server Integration Tests (Testcontainers) POST /api/colors should return 400 when name is missing",""
"","868","changing color to Turquoise should reflect in UI and DOM","Chrome","Thu Jun 04 10:19:16 UTC 2026","passed","Thu Jun 04 10:19:17 UTC 2026","Data-Driven Testing","tests/data-driven.spec.ts","",""
"","16","should reject missing name","Chrome","Thu Jun 04 10:19:44 UTC 2026","passed","Thu Jun 04 10:19:44 UTC 2026","Backend API Integration > POST /api/colors Schema Validation","tests/api.spec.ts","",""
"","1084","changing color to Yellow should reflect in UI and DOM","Chrome","Thu Jun 04 10:19:17 UTC 2026","passed","Thu Jun 04 10:19:18 UTC 2026","Data-Driven Testing","tests/data-driven.spec.ts","",""
"","10","unknown extra fields in POST body are rejected (400)","Chrome","Thu Jun 04 10:19:28 UTC 2026","passed","Thu Jun 04 10:19:28 UTC 2026","Security > Input Validation","tests/security.spec.ts","",""
"","32","Component Tests ConfirmDialog both buttons are disabled when busy=true","","Thu Jun 04 10:14:51 UTC 2026","passed","Thu Jun 04 10:14:51 UTC 2026","","Component Tests","Component Tests ConfirmDialog both buttons are disabled when busy=true",""
"","807","Color button remains functional after switching language","BDD","Thu Jun 04 10:19:13 UTC 2026","passed","Thu Jun 04 10:19:13 UTC 2026","Language Switching","","",""
"","505","should show loading state when API returns empty colors","Chrome","Thu Jun 04 10:19:18 UTC 2026","passed","Thu Jun 04 10:19:18 UTC 2026","UI Error Handling Coverage","tests/error-handling.spec.ts","",""
"","48","Frontend Unit Tests App Component add color 400 without data.error falls back to generic message","","Thu Jun 04 10:14:51 UTC 2026","passed","Thu Jun 04 10:14:51 UTC 2026","","Frontend Unit Tests","Frontend Unit Tests App Component add color 400 without data.error falls back to generic message",""
"","41","Frontend Unit Tests App Component deleting the last color sets activeName to null","","Thu Jun 04 10:14:51 UTC 2026","passed","Thu Jun 04 10:14:51 UTC 2026","","Frontend Unit Tests","Frontend Unit Tests App Component deleting the last color sets activeName to null",""
"","5","Server Unit Tests POST /api/colors applies the createColorLimiter rate limit headers","","Thu Jun 04 10:14:53 UTC 2026","passed","Thu Jun 04 10:14:53 UTC 2026","","Server Unit Tests","Server Unit Tests POST /api/colors applies the createColorLimiter rate limit headers",""
"","913","homepage should match snapshot","Chrome","Thu Jun 04 10:21:32 UTC 2026","passed","Thu Jun 04 10:21:33 UTC 2026","Visual Regression – iphone-landscape (667×375)","","",""
"","0","Utility Functions rgbToHex value 16 does not pad","","Thu Jun 04 10:14:51 UTC 2026","passed","Thu Jun 04 10:14:51 UTC 2026","","Utility Functions","Utility Functions rgbToHex value 16 does not pad",""
"","24","should return 404 for non-existent color deletion","Chrome","Thu Jun 04 10:19:23 UTC 2026","passed","Thu Jun 04 10:19:23 UTC 2026","Backend API Integration > DELETE /api/colors/:name","tests/api.spec.ts","",""
"","10","Component Tests ColorPicker renders the color wheel canvas","","Thu Jun 04 10:14:51 UTC 2026","passed","Thu Jun 04 10:14:51 UTC 2026","","Utility Functions","Component Tests ColorPicker renders the color wheel canvas",""
"","18","POST with javascript: URI in name is rejected (400)","Chrome","Thu Jun 04 10:19:26 UTC 2026","passed","Thu Jun 04 10:19:26 UTC 2026","Security > XSS Prevention","tests/security.spec.ts","",""
"","59","Frontend Unit Tests App Component delete API error shows error alert without closing dialog","","Thu Jun 04 10:14:51 UTC 2026","passed","Thu Jun 04 10:14:51 UTC 2026","","Frontend Unit Tests","Frontend Unit Tests App Component delete API error shows error alert without closing dialog",""
"","5","Server Unit Tests 405 Method Not Allowed does not return 405 for allowed GET method on /api/colors","","Thu Jun 04 10:14:53 UTC 2026","passed","Thu Jun 04 10:14:53 UTC 2026","","Server Unit Tests","Server Unit Tests 405 Method Not Allowed does not return 405 for allowed GET method on /api/colors",""
"","41","Frontend Unit Tests App Component add color 400 shows data.error message","","Thu Jun 04 10:14:51 UTC 2026","passed","Thu Jun 04 10:14:51 UTC 2026","","Frontend Unit Tests","Frontend Unit Tests App Component add color 400 shows data.error message",""
"","6","Server Unit Tests PUT /api/colors/:name updates both name and hex simultaneously","","Thu Jun 04 10:14:53 UTC 2026","passed","Thu Jun 04 10:14:53 UTC 2026","","Server Unit Tests","Server Unit Tests PUT /api/colors/:name updates both name and hex simultaneously",""
"","0","Utility Functions hslToRgb hue=150 (spring green) → [0,255,128]","","Thu Jun 04 10:14:51 UTC 2026","passed","Thu Jun 04 10:14:51 UTC 2026","","Utility Functions","Utility Functions hslToRgb hue=150 (spring green) → [0,255,128]",""
"","776","Example #2","BDD","Thu Jun 04 10:19:12 UTC 2026","passed","Thu Jun 04 10:19:13 UTC 2026","Language Switching > Switch language and verify translated UI labels","","",""
"","17","Server Integration Tests (Testcontainers) seedDatabase should clear custom colors when re-seeded","","Thu Jun 04 10:14:57 UTC 2026","passed","Thu Jun 04 10:14:57 UTC 2026","","Server Integration Tests (Testcontainers)","Server Integration Tests (Testcontainers) seedDatabase should clear custom colors when re-seeded",""
"","0","Utility Functions hslToRgb saturation=0 gives pure grey [128,128,128]","","Thu Jun 04 10:14:51 UTC 2026","passed","Thu Jun 04 10:14:51 UTC 2026","","Utility Functions","Utility Functions hslToRgb saturation=0 gives pure grey [128,128,128]",""
"","0","homepage initial state","Chrome","Thu Jun 04 10:21:34 UTC 2026","skipped","Thu Jun 04 10:21:34 UTC 2026","Percy Visual Regression – Production > Percy – mobile (375×667)","","",""
"","0","Utility Functions hslToRgb negative hue wraps: hue=-120 = hue=240","","Thu Jun 04 10:14:51 UTC 2026","passed","Thu Jun 04 10:14:51 UTC 2026","","Utility Functions","Utility Functions hslToRgb negative hue wraps: hue=-120 = hue=240",""
"","6","Server Unit Tests Surviving Mutants & Edge Cases Regex & Validation Zod required_error messages are correct","","Thu Jun 04 10:14:53 UTC 2026","passed","Thu Jun 04 10:14:53 UTC 2026","","Server Unit Tests","Server Unit Tests Surviving Mutants & Edge Cases Regex & Validation Zod required_error messages are correct",""
"","4","Frontend Unit Tests App Component current color span tracks hex value","","Thu Jun 04 10:14:51 UTC 2026","passed","Thu Jun 04 10:14:51 UTC 2026","","Frontend Unit Tests","Frontend Unit Tests App Component current color span tracks hex value",""
"","1933","should maintain accessibility in es language and verify resilient locators","Chrome","Thu Jun 04 10:19:40 UTC 2026","passed","Thu Jun 04 10:19:42 UTC 2026","i18n Accessibility Tests","tests/a11y.spec.ts","",""
"","22","Component Tests ColorPicker typing in name input clears name error","","Thu Jun 04 10:14:51 UTC 2026","passed","Thu Jun 04 10:14:51 UTC 2026","","Utility Functions","Component Tests ColorPicker typing in name input clears name error",""
"","9","array body on POST returns 400","Chrome","Thu Jun 04 10:19:28 UTC 2026","passed","Thu Jun 04 10:19:28 UTC 2026","Security > Input Validation","tests/security.spec.ts","",""
"","10","Component Tests ColorPicker typing an invalid hex shows ""Use format #RRGGBB"" error","","Thu Jun 04 10:14:51 UTC 2026","passed","Thu Jun 04 10:14:51 UTC 2026","","Utility Functions","Component Tests ColorPicker typing an invalid hex shows ""Use format #RRGGBB"" error",""
"","0","Utility Functions hslToRgb lightness=1 gives white","","Thu Jun 04 10:14:51 UTC 2026","passed","Thu Jun 04 10:14:51 UTC 2026","","Utility Functions","Utility Functions hslToRgb lightness=1 gives white",""
"","4","Server Unit Tests Error Handling seedDatabase logs error and re-throws when database fails","","Thu Jun 04 10:14:53 UTC 2026","passed","Thu Jun 04 10:14:53 UTC 2026","","Server Unit Tests","Server Unit Tests Error Handling seedDatabase logs error and re-throws when database fails",""
"","4","Server Unit Tests DELETE /api/colors/:name returns 404 for a non-existent color","","Thu Jun 04 10:14:53 UTC 2026","passed","Thu Jun 04 10:14:53 UTC 2026","","Server Unit Tests","Server Unit Tests DELETE /api/colors/:name returns 404 for a non-existent color",""
"","0","Utility Functions rgbToHsl pure green → h=120, s=1, l=0.5","","Thu Jun 04 10:14:51 UTC 2026","passed","Thu Jun 04 10:14:51 UTC 2026","","Utility Functions","Utility Functions rgbToHsl pure green → h=120, s=1, l=0.5",""
"","0","Utility Functions readableOn returns #111 for an invalid/empty hex string (null rgb fallback)","","Thu Jun 04 10:14:51 UTC 2026","passed","Thu Jun 04 10:14:51 UTC 2026","","Utility Functions","Utility Functions readableOn returns #111 for an invalid/empty hex string (null rgb fallback)",""
"","8","Server Unit Tests PUT /api/colors/:name does not change name when updating only hex","","Thu Jun 04 10:14:53 UTC 2026","passed","Thu Jun 04 10:14:53 UTC 2026","","Server Unit Tests","Server Unit Tests PUT /api/colors/:name does not change name when updating only hex",""
"","8273","should meet the accessibility threshold using Google Lighthouse","Chrome","Thu Jun 04 10:19:37 UTC 2026","passed","Thu Jun 04 10:19:45 UTC 2026","Accessibility Tests","tests/a11y.spec.ts","",""
"","4","Server Unit Tests Error Handling GET /api/colors returns 500 when database fails","","Thu Jun 04 10:14:53 UTC 2026","passed","Thu Jun 04 10:14:53 UTC 2026","","Server Unit Tests","Server Unit Tests Error Handling GET /api/colors returns 500 when database fails",""
"","1","Utility Functions rgbToHsl g max with b>r (#00ff80) → h near 150","","Thu Jun 04 10:14:51 UTC 2026","passed","Thu Jun 04 10:14:51 UTC 2026","","Utility Functions","Utility Functions rgbToHsl g max with b>r (#00ff80) → h near 150",""
"","0","Utility Functions hslToRgb lightness clamped: l=-0.5 gives black","","Thu Jun 04 10:14:51 UTC 2026","passed","Thu Jun 04 10:14:51 UTC 2026","","Utility Functions","Utility Functions hslToRgb lightness clamped: l=-0.5 gives black",""
"","2262","should not have any automatically detectable accessibility issues","Chrome","Thu Jun 04 10:19:34 UTC 2026","passed","Thu Jun 04 10:19:36 UTC 2026","Accessibility Tests","tests/a11y.spec.ts","",""
"","9","Server Unit Tests DELETE /api/colors/:name deletes an existing color and returns success message","","Thu Jun 04 10:14:53 UTC 2026","passed","Thu Jun 04 10:14:53 UTC 2026","","Server Unit Tests","Server Unit Tests DELETE /api/colors/:name deletes an existing color and returns success message",""
"","5","Server Unit Tests POST /api/colors returns 400 when name is missing","","Thu Jun 04 10:14:53 UTC 2026","passed","Thu Jun 04 10:14:53 UTC 2026","","Server Unit Tests","Server Unit Tests POST /api/colors returns 400 when name is missing",""
"","5","Server Unit Tests POST /api/colors accepts names with alphanumeric characters and spaces","","Thu Jun 04 10:14:53 UTC 2026","passed","Thu Jun 04 10:14:53 UTC 2026","","Server Unit Tests","Server Unit Tests POST /api/colors accepts names with alphanumeric characters and spaces",""
"","13","Component Tests ColorPicker backdrop dismiss button is aria-hidden and not in tab order","","Thu Jun 04 10:14:51 UTC 2026","passed","Thu Jun 04 10:14:51 UTC 2026","","Utility Functions","Component Tests ColorPicker backdrop dismiss button is aria-hidden and not in tab order",""
"","18","GET /api/colors","","","passed","","","schemathesis","",""
"","61","Frontend Unit Tests App Component successful delete removes the color chip","","Thu Jun 04 10:14:51 UTC 2026","passed","Thu Jun 04 10:14:51 UTC 2026","","Frontend Unit Tests","Frontend Unit Tests App Component successful delete removes the color chip",""
"","0","Utility Functions paintWheelPixel paints grey at center (dx=0, dy=0, dist=0, sat=0)","","Thu Jun 04 10:14:51 UTC 2026","passed","Thu Jun 04 10:14:51 UTC 2026","","Utility Functions","Utility Functions paintWheelPixel paints grey at center (dx=0, dy=0, dist=0, sat=0)",""
"","660","chip-x click opens confirm dialog with color name","Chrome","Thu Jun 04 10:19:30 UTC 2026","passed","Thu Jun 04 10:19:30 UTC 2026","Color Management — Add & Delete","tests/color-management.spec.ts","",""
"","4","Server Unit Tests Middleware returns 400 for malformed JSON body","","Thu Jun 04 10:14:53 UTC 2026","passed","Thu Jun 04 10:14:53 UTC 2026","","Server Unit Tests","Server Unit Tests Middleware returns 400 for malformed JSON body",""
"","13","SQL injection characters in name are rejected (400)","Chrome","Thu Jun 04 10:19:28 UTC 2026","passed","Thu Jun 04 10:19:28 UTC 2026","Security > Injection Prevention","tests/security.spec.ts","",""
"","7","Server Integration Tests (Testcontainers) GET /api/colors/:name should return correct data for Red","","Thu Jun 04 10:14:57 UTC 2026","passed","Thu Jun 04 10:14:57 UTC 2026","","Server Integration Tests (Testcontainers)","Server Integration Tests (Testcontainers) GET /api/colors/:name should return correct data for Red",""
"","9","Server Integration Tests (Testcontainers) POST /api/colors should accept a color name containing spaces","","Thu Jun 04 10:14:57 UTC 2026","passed","Thu Jun 04 10:14:57 UTC 2026","","Server Integration Tests (Testcontainers)","Server Integration Tests (Testcontainers) POST /api/colors should accept a color name containing spaces",""
"","48","Frontend Unit Tests App Component header color attribute changes after clicking a chip","","Thu Jun 04 10:14:51 UTC 2026","passed","Thu Jun 04 10:14:51 UTC 2026","","Frontend Unit Tests","Frontend Unit Tests App Component header color attribute changes after clicking a chip",""
"","0","Utility Functions hslToRgb low lightness l=0.25 → [128,0,0]","","Thu Jun 04 10:14:51 UTC 2026","passed","Thu Jun 04 10:14:51 UTC 2026","","Utility Functions","Utility Functions hslToRgb low lightness l=0.25 → [128,0,0]",""
"","0","Utility Functions rgbToHex pads single-digit hex values with leading zero","","Thu Jun 04 10:14:51 UTC 2026","passed","Thu Jun 04 10:14:51 UTC 2026","","Utility Functions","Utility Functions rgbToHex pads single-digit hex values with leading zero",""
"","10","X-Powered-By header is not exposed","Chrome","Thu Jun 04 10:19:28 UTC 2026","passed","Thu Jun 04 10:19:28 UTC 2026","Security > Security Headers","tests/security.spec.ts","",""
"","19","Frontend Unit Tests App Component colors.length > 0 does NOT show loading text","","Thu Jun 04 10:14:51 UTC 2026","passed","Thu Jun 04 10:14:51 UTC 2026","","Frontend Unit Tests","Frontend Unit Tests App Component colors.length > 0 does NOT show loading text",""
"","20","Component Tests ColorPicker touchend stops dragging (touchmove after touchend is ignored)","","Thu Jun 04 10:14:51 UTC 2026","passed","Thu Jun 04 10:14:51 UTC 2026","","Utility Functions","Component Tests ColorPicker touchend stops dragging (touchmove after touchend is ignored)",""
"","62","POST with HTML tag in name is rejected (400)","Chrome","Thu Jun 04 10:19:26 UTC 2026","passed","Thu Jun 04 10:19:26 UTC 2026","Security > XSS Prevention","tests/security.spec.ts","",""
"","4","Server Unit Tests POST /api/reseed returns 401 when token is incorrect","","Thu Jun 04 10:14:53 UTC 2026","passed","Thu Jun 04 10:14:53 UTC 2026","","Server Unit Tests","Server Unit Tests POST /api/reseed returns 401 when token is incorrect",""
"","5","Server Integration Tests (Testcontainers) PUT /api/colors/:name should return 404 when updating a non-existent color","","Thu Jun 04 10:14:57 UTC 2026","passed","Thu Jun 04 10:14:57 UTC 2026","","Server Integration Tests (Testcontainers)","Server Integration Tests (Testcontainers) PUT /api/colors/:name should return 404 when updating a non-existent color",""
"","9","Server Unit Tests GET /api/colors/:name is case-sensitive","","Thu Jun 04 10:14:53 UTC 2026","passed","Thu Jun 04 10:14:53 UTC 2026","","Server Unit Tests","Server Unit Tests GET /api/colors/:name is case-sensitive",""
"","0","Utility Functions rgbToHsl r max, g>0, b=0 → h in (0,60)","","Thu Jun 04 10:14:51 UTC 2026","passed","Thu Jun 04 10:14:51 UTC 2026","","Utility Functions","Utility Functions rgbToHsl r max, g>0, b=0 → h in (0,60)",""
"","6","Server Unit Tests Surviving Mutants & Edge Cases Rate Limiting & Security kills mutants by verifying x-ratelimit headers","","Thu Jun 04 10:14:53 UTC 2026","passed","Thu Jun 04 10:14:53 UTC 2026","","Server Unit Tests","Server Unit Tests Surviving Mutants & Edge Cases Rate Limiting & Security kills mutants by verifying x-ratelimit headers",""
"","8","Server Integration Tests (Testcontainers) GET /api/colors/:name should return correct data for Yellow","","Thu Jun 04 10:14:57 UTC 2026","passed","Thu Jun 04 10:14:57 UTC 2026","","Server Integration Tests (Testcontainers)","Server Integration Tests (Testcontainers) GET /api/colors/:name should return correct data for Yellow",""
"","5","Server Unit Tests POST /api/reseed returns 500 when seedDatabase throws","","Thu Jun 04 10:14:53 UTC 2026","passed","Thu Jun 04 10:14:53 UTC 2026","","Server Unit Tests","Server Unit Tests POST /api/reseed returns 500 when seedDatabase throws",""
"","724","handle color response missing hex property","Chrome","Thu Jun 04 10:19:15 UTC 2026","passed","Thu Jun 04 10:19:16 UTC 2026","Edge cases and error handling","tests/coverage.spec.ts","",""
"","0","Utility Functions paintWheelPixel paints red at right edge (dx=r, dy=0, hue=0)","","Thu Jun 04 10:14:51 UTC 2026","passed","Thu Jun 04 10:14:51 UTC 2026","","Utility Functions","Utility Functions paintWheelPixel paints red at right edge (dx=r, dy=0, hue=0)",""
"","7","Component Tests ConfirmDialog backdrop click does NOT call onCancel when busy","","Thu Jun 04 10:14:51 UTC 2026","passed","Thu Jun 04 10:14:51 UTC 2026","","Component Tests","Component Tests ConfirmDialog backdrop click does NOT call onCancel when busy",""
"","4","Component Tests ConfirmDialog Enter key does NOT call onConfirm when busy","","Thu Jun 04 10:14:51 UTC 2026","passed","Thu Jun 04 10:14:51 UTC 2026","","Component Tests","Component Tests ConfirmDialog Enter key does NOT call onConfirm when busy",""
"","49","Frontend Unit Tests App Component deleting a non-active color keeps the current background","","Thu Jun 04 10:14:51 UTC 2026","passed","Thu Jun 04 10:14:51 UTC 2026","","Frontend Unit Tests","Frontend Unit Tests App Component deleting a non-active color keeps the current background",""
"","5","Server Unit Tests Surviving Mutants & Edge Cases Logs seedDatabase logs success message","","Thu Jun 04 10:14:53 UTC 2026","passed","Thu Jun 04 10:14:53 UTC 2026","","Server Unit Tests","Server Unit Tests Surviving Mutants & Edge Cases Logs seedDatabase logs success message",""
"","68","Frontend Unit Tests App Component fetches and displays color chips with swatch and delete button","","Thu Jun 04 10:14:51 UTC 2026","passed","Thu Jun 04 10:14:51 UTC 2026","","Frontend Unit Tests","Frontend Unit Tests App Component fetches and displays color chips with swatch and delete button",""
"","697","Example #3","BDD","Thu Jun 04 10:19:12 UTC 2026","passed","Thu Jun 04 10:19:13 UTC 2026","Language Switching > Switch language and verify translated UI labels","","",""
"","4","Server Unit Tests DELETE /api/colors/:name returns 400 for invalid name in path (regex check)","","Thu Jun 04 10:14:53 UTC 2026","passed","Thu Jun 04 10:14:53 UTC 2026","","Server Unit Tests","Server Unit Tests DELETE /api/colors/:name returns 400 for invalid name in path (regex check)",""
"","1","Utility Functions hslToRgb hue=240 (blue) → [0,0,255]","","Thu Jun 04 10:14:51 UTC 2026","passed","Thu Jun 04 10:14:51 UTC 2026","","Utility Functions","Utility Functions hslToRgb hue=240 (blue) → [0,0,255]",""
"","65","Frontend Unit Tests App Component handles non-array initial fetch response gracefully","","Thu Jun 04 10:14:51 UTC 2026","passed","Thu Jun 04 10:14:51 UTC 2026","","Frontend Unit Tests","Frontend Unit Tests App Component handles non-array initial fetch response gracefully",""
"","4","Server Unit Tests Middleware JSON error middleware ignores SyntaxError with status != 400","","Thu Jun 04 10:14:53 UTC 2026","passed","Thu Jun 04 10:14:53 UTC 2026","","Server Unit Tests","Server Unit Tests Middleware JSON error middleware ignores SyntaxError with status != 400",""
"","690","should gracefully handle a color not found in the database","Chrome","Thu Jun 04 10:19:20 UTC 2026","passed","Thu Jun 04 10:19:20 UTC 2026","Network Mocking & Interception","tests/network-mocking.spec.ts","",""
"","0","Utility Functions hslToRgb lightness clamped: l=1.5 gives white","","Thu Jun 04 10:14:51 UTC 2026","passed","Thu Jun 04 10:14:51 UTC 2026","","Utility Functions","Utility Functions hslToRgb lightness clamped: l=1.5 gives white",""
"","952","cancel in confirm dialog closes it without deleting","Chrome","Thu Jun 04 10:19:30 UTC 2026","passed","Thu Jun 04 10:19:31 UTC 2026","Color Management — Add & Delete","tests/color-management.spec.ts","",""
"","0","Utility Functions hexToRgb returns null for invalid input","","Thu Jun 04 10:14:51 UTC 2026","passed","Thu Jun 04 10:14:51 UTC 2026","","Utility Functions","Utility Functions hexToRgb returns null for invalid input",""
"","52","Frontend Unit Tests App Component deleting the active color switches background to the first remaining","","Thu Jun 04 10:14:51 UTC 2026","passed","Thu Jun 04 10:14:51 UTC 2026","","Frontend Unit Tests","Frontend Unit Tests App Component deleting the active color switches background to the first remaining",""
"","7","Server Integration Tests (Testcontainers) POST /api/colors should return 400 when hex is missing","","Thu Jun 04 10:14:57 UTC 2026","passed","Thu Jun 04 10:14:57 UTC 2026","","Server Integration Tests (Testcontainers)","Server Integration Tests (Testcontainers) POST /api/colors should return 400 when hex is missing",""
"","1259","shows server-error message on 500 inside the picker","Chrome","Thu Jun 04 10:19:29 UTC 2026","passed","Thu Jun 04 10:19:31 UTC 2026","Color Management — Add & Delete","tests/color-management.spec.ts","",""
"","0","mobile color picker workflow","Chrome","Thu Jun 04 10:21:34 UTC 2026","skipped","Thu Jun 04 10:21:34 UTC 2026","Percy Visual Regression – Production > Percy – Mobile Interactions","","",""
"","0","Utility Functions hslToRgb hue=90 (chartreuse) → [128,255,0]","","Thu Jun 04 10:14:51 UTC 2026","passed","Thu Jun 04 10:14:51 UTC 2026","","Utility Functions","Utility Functions hslToRgb hue=90 (chartreuse) → [128,255,0]",""
"","0","Utility Functions rgbToHsl round-trip hslToRgb→rgbToHsl preserves hue for all sectors","","Thu Jun 04 10:14:51 UTC 2026","passed","Thu Jun 04 10:14:51 UTC 2026","","Utility Functions","Utility Functions rgbToHsl round-trip hslToRgb→rgbToHsl preserves hue for all sectors",""
"","6","Server Unit Tests OpenAPI endpoints serves Swagger UI as HTML","","Thu Jun 04 10:14:53 UTC 2026","passed","Thu Jun 04 10:14:53 UTC 2026","","Server Unit Tests","Server Unit Tests OpenAPI endpoints serves Swagger UI as HTML",""
"","16","Component Tests ColorPicker Add color button shows ""Saving…"" when saving=true","","Thu Jun 04 10:14:51 UTC 2026","passed","Thu Jun 04 10:14:51 UTC 2026","","Utility Functions","Component Tests ColorPicker Add color button shows ""Saving…"" when saving=true",""
"","4","Server Unit Tests POST /api/colors rejects names with the + character (+ encodes as space in URLs, causing lookup mismatches)","","Thu Jun 04 10:14:53 UTC 2026","passed","Thu Jun 04 10:14:53 UTC 2026","","Server Unit Tests","Server Unit Tests POST /api/colors rejects names with the + character (+ encodes as space in URLs, causing lookup mismatches)",""
"","21","Frontend Unit Tests App Component link color is light (#cfe8ff) on dark background","","Thu Jun 04 10:14:51 UTC 2026","passed","Thu Jun 04 10:14:51 UTC 2026","","Frontend Unit Tests","Frontend Unit Tests App Component link color is light (#cfe8ff) on dark background",""
"","651","should handle color click network failure gracefully","Chrome","Thu Jun 04 10:19:18 UTC 2026","passed","Thu Jun 04 10:19:18 UTC 2026","UI Error Handling Coverage","tests/error-handling.spec.ts","",""
"","13","Component Tests ColorPicker typing blue hex updates internal state (b is max branch)","","Thu Jun 04 10:14:51 UTC 2026","passed","Thu Jun 04 10:14:51 UTC 2026","","Utility Functions","Component Tests ColorPicker typing blue hex updates internal state (b is max branch)",""
"","24","Server Unit Tests Surviving Mutants & Edge Cases Regex & Validation STRICT_NAME_REGEX is strict on forbidden special characters in the middle","","Thu Jun 04 10:14:53 UTC 2026","passed","Thu Jun 04 10:14:53 UTC 2026","","Server Unit Tests","Server Unit Tests Surviving Mutants & Edge Cases Regex & Validation STRICT_NAME_REGEX is strict on forbidden special characters in the middle",""
"","5","Server Unit Tests Surviving Mutants & Edge Cases Swagger Metadata & OpenAPI has exact application/json content-type","","Thu Jun 04 10:14:53 UTC 2026","passed","Thu Jun 04 10:14:53 UTC 2026","","Server Unit Tests","Server Unit Tests Surviving Mutants & Edge Cases Swagger Metadata & OpenAPI has exact application/json content-type",""
"","1","Utility Functions hslToRgb hue=180 (cyan) → [0,255,255]","","Thu Jun 04 10:14:51 UTC 2026","passed","Thu Jun 04 10:14:51 UTC 2026","","Utility Functions","Utility Functions hslToRgb hue=180 (cyan) → [0,255,255]",""
"","17","Server Integration Tests (Testcontainers) POST /api/reseed should reseed the database to the three default colors with a valid token","","Thu Jun 04 10:14:57 UTC 2026","passed","Thu Jun 04 10:14:57 UTC 2026","","Server Integration Tests (Testcontainers)","Server Integration Tests (Testcontainers) POST /api/reseed should reseed the database to the three default colors with a valid token",""
"","25","Frontend Unit Tests App Component link color is dark (#003366) on light background","","Thu Jun 04 10:14:51 UTC 2026","passed","Thu Jun 04 10:14:51 UTC 2026","","Frontend Unit Tests","Frontend Unit Tests App Component link color is dark (#003366) on light background",""
"","15","should reject empty name","Chrome","Thu Jun 04 10:19:44 UTC 2026","passed","Thu Jun 04 10:19:44 UTC 2026","Backend API Integration > POST /api/colors Schema Validation","tests/api.spec.ts","",""
"","33","Frontend Unit Tests App Component clicking chip-x opens confirm dialog with color name and swatch","","Thu Jun 04 10:14:51 UTC 2026","passed","Thu Jun 04 10:14:51 UTC 2026","","Frontend Unit Tests","Frontend Unit Tests App Component clicking chip-x opens confirm dialog with color name and swatch",""
"","12","should reject invalid hex format","Chrome","Thu Jun 04 10:19:44 UTC 2026","passed","Thu Jun 04 10:19:44 UTC 2026","Backend API Integration > POST /api/colors Schema Validation","tests/api.spec.ts","",""
"","323","Server Unit Tests Surviving Mutants & Edge Cases Infrastructure uses MONGO_URI from environment if available","","Thu Jun 04 10:14:53 UTC 2026","passed","Thu Jun 04 10:14:53 UTC 2026","","Server Unit Tests","Server Unit Tests Surviving Mutants & Edge Cases Infrastructure uses MONGO_URI from environment if available",""
"","10","should reject invalid hex format on update","Chrome","Thu Jun 04 10:19:44 UTC 2026","passed","Thu Jun 04 10:19:44 UTC 2026","Backend API Integration > PUT /api/colors/:name Schema Validation","tests/api.spec.ts","",""
"","309","Server Unit Tests Surviving Mutants & Edge Cases Port Fallback uses default PORT 5001 when process.env.PORT is missing","","Thu Jun 04 10:14:53 UTC 2026","passed","Thu Jun 04 10:14:53 UTC 2026","","Server Unit Tests","Server Unit Tests Surviving Mutants & Edge Cases Port Fallback uses default PORT 5001 when process.env.PORT is missing",""
"","10","NoSQL injection object in name is rejected (400)","Chrome","Thu Jun 04 10:19:28 UTC 2026","passed","Thu Jun 04 10:19:28 UTC 2026","Security > Injection Prevention","tests/security.spec.ts","",""
"","3","Server Unit Tests POST /api/reseed returns 405 for GET on /api/reseed","","Thu Jun 04 10:14:53 UTC 2026","passed","Thu Jun 04 10:14:53 UTC 2026","","Server Unit Tests","Server Unit Tests POST /api/reseed returns 405 for GET on /api/reseed",""
"","4","Server Unit Tests POST /api/reseed returns 401 when RESEED_API_TOKEN is not configured","","Thu Jun 04 10:14:53 UTC 2026","passed","Thu Jun 04 10:14:53 UTC 2026","","Server Unit Tests","Server Unit Tests POST /api/reseed returns 401 when RESEED_API_TOKEN is not configured",""
"","9","Server Integration Tests (Testcontainers) GET /api/colors should return colors sorted alphabetically by name","","Thu Jun 04 10:14:57 UTC 2026","passed","Thu Jun 04 10:14:57 UTC 2026","","Server Integration Tests (Testcontainers)","Server Integration Tests (Testcontainers) GET /api/colors should return colors sorted alphabetically by name",""
"","3","Component Tests ConfirmDialog title is rendered in the element with id confirm-title","","Thu Jun 04 10:14:51 UTC 2026","passed","Thu Jun 04 10:14:51 UTC 2026","","Component Tests","Component Tests ConfirmDialog title is rendered in the element with id confirm-title",""
"","6","Server Unit Tests Middleware JSON error middleware passes non-syntax errors to next()","","Thu Jun 04 10:14:53 UTC 2026","passed","Thu Jun 04 10:14:53 UTC 2026","","Server Unit Tests","Server Unit Tests Middleware JSON error middleware passes non-syntax errors to next()",""
"","12","Component Tests ColorPicker Enter key on name input triggers submit","","Thu Jun 04 10:14:51 UTC 2026","passed","Thu Jun 04 10:14:51 UTC 2026","","Utility Functions","Component Tests ColorPicker Enter key on name input triggers submit",""
"","1420","homepage should match snapshot","Chrome","Thu Jun 04 10:21:30 UTC 2026","passed","Thu Jun 04 10:21:31 UTC 2026","Visual Regression – desktop-xl (1920×1080)","","",""
"","40","Server Integration Tests (Testcontainers) GET /api/colors should retrieve all seeded colors","","Thu Jun 04 10:14:57 UTC 2026","passed","Thu Jun 04 10:14:57 UTC 2026","","Server Integration Tests (Testcontainers)","Server Integration Tests (Testcontainers) GET /api/colors should retrieve all seeded colors",""
"","50","GET /api/colors/Turquoise should return the correct hex code","Chrome","Thu Jun 04 10:19:44 UTC 2026","passed","Thu Jun 04 10:19:44 UTC 2026","Backend API Integration","tests/api.spec.ts","",""
"","18","Component Tests ConfirmDialog clicking the card itself does NOT call onCancel","","Thu Jun 04 10:14:51 UTC 2026","passed","Thu Jun 04 10:14:51 UTC 2026","","Component Tests","Component Tests ConfirmDialog clicking the card itself does NOT call onCancel",""
"","4","Server Unit Tests POST /api/colors returns 400 for name with whitespace","","Thu Jun 04 10:14:53 UTC 2026","passed","Thu Jun 04 10:14:53 UTC 2026","","Server Unit Tests","Server Unit Tests POST /api/colors returns 400 for name with whitespace",""
"","6","Server Integration Tests (Testcontainers) POST /api/reseed should return 401 when token is invalid","","Thu Jun 04 10:14:57 UTC 2026","passed","Thu Jun 04 10:14:57 UTC 2026","","Server Integration Tests (Testcontainers)","Server Integration Tests (Testcontainers) POST /api/reseed should return 401 when token is invalid",""
"","1","homepage after color change","Chrome","Thu Jun 04 10:21:34 UTC 2026","skipped","Thu Jun 04 10:21:34 UTC 2026","Percy Visual Regression – Production > Percy – tablet (768×1024)","","",""
"","1","Utility Functions rgbToHsl black [0,0,0] → h=0, s=0, l=0","","Thu Jun 04 10:14:51 UTC 2026","passed","Thu Jun 04 10:14:51 UTC 2026","","Utility Functions","Utility Functions rgbToHsl black [0,0,0] → h=0, s=0, l=0",""
"","0","Utility Functions rgbToHsl light red (#ff8080): l>0.5, s computed via (2-max-min) branch","","Thu Jun 04 10:14:51 UTC 2026","passed","Thu Jun 04 10:14:51 UTC 2026","","Utility Functions","Utility Functions rgbToHsl light red (#ff8080): l>0.5, s computed via (2-max-min) branch",""
"","11","Component Tests ColorPicker pressing Escape calls onCancel","","Thu Jun 04 10:14:51 UTC 2026","passed","Thu Jun 04 10:14:51 UTC 2026","","Utility Functions","Component Tests ColorPicker pressing Escape calls onCancel",""
"","13","Server Integration Tests (Testcontainers) GET /api/colors should return an empty array after all colors are deleted","","Thu Jun 04 10:14:57 UTC 2026","passed","Thu Jun 04 10:14:57 UTC 2026","","Server Integration Tests (Testcontainers)","Server Integration Tests (Testcontainers) GET /api/colors should return an empty array after all colors are deleted",""
"","34","Component Tests ColorPicker cancel button calls onCancel","","Thu Jun 04 10:14:51 UTC 2026","passed","Thu Jun 04 10:14:51 UTC 2026","","Utility Functions","Component Tests ColorPicker cancel button calls onCancel",""
"","12","Component Tests ColorPicker Escape listener is removed after unmount","","Thu Jun 04 10:14:51 UTC 2026","passed","Thu Jun 04 10:14:51 UTC 2026","","Utility Functions","Component Tests ColorPicker Escape listener is removed after unmount",""
"","1","Utility Functions readableOn returns #111 for light-grey (L≈0.60, above 0.179 threshold)","","Thu Jun 04 10:14:51 UTC 2026","passed","Thu Jun 04 10:14:51 UTC 2026","","Utility Functions","Utility Functions readableOn returns #111 for light-grey (L≈0.60, above 0.179 threshold)",""
"","25","Server Unit Tests POST /api/colors creates a new color and returns 201 with correct body","","Thu Jun 04 10:14:53 UTC 2026","passed","Thu Jun 04 10:14:53 UTC 2026","","Server Unit Tests","Server Unit Tests POST /api/colors creates a new color and returns 201 with correct body",""
"","25","Component Tests ColorPicker submit with duplicate name (client-side) shows duplicate error","","Thu Jun 04 10:14:51 UTC 2026","passed","Thu Jun 04 10:14:51 UTC 2026","","Utility Functions","Component Tests ColorPicker submit with duplicate name (client-side) shows duplicate error",""
"","60","Component Tests ColorPicker editing name does NOT call onClearError when no serverError","","Thu Jun 04 10:14:51 UTC 2026","passed","Thu Jun 04 10:14:51 UTC 2026","","Utility Functions","Component Tests ColorPicker editing name does NOT call onClearError when no serverError",""
"","32","Component Tests ConfirmDialog confirm button calls onConfirm","","Thu Jun 04 10:14:51 UTC 2026","passed","Thu Jun 04 10:14:51 UTC 2026","","Component Tests","Component Tests ConfirmDialog confirm button calls onConfirm",""
"","5","Server Unit Tests POST /api/colors returns 400 for invalid hex format (no hash)","","Thu Jun 04 10:14:53 UTC 2026","passed","Thu Jun 04 10:14:53 UTC 2026","","Server Unit Tests","Server Unit Tests POST /api/colors returns 400 for invalid hex format (no hash)",""
"","40","Frontend Unit Tests App Component add color 429 rate limit shows specific message","","Thu Jun 04 10:14:51 UTC 2026","passed","Thu Jun 04 10:14:51 UTC 2026","","Frontend Unit Tests","Frontend Unit Tests App Component add color 429 rate limit shows specific message",""
"","151","Component Tests ConfirmDialog renders title, body, and both buttons","","Thu Jun 04 10:14:51 UTC 2026","passed","Thu Jun 04 10:14:51 UTC 2026","","Component Tests","Component Tests ConfirmDialog renders title, body, and both buttons",""
"","9","error responses return JSON, not HTML (no info leakage)","Chrome","Thu Jun 04 10:19:28 UTC 2026","passed","Thu Jun 04 10:19:28 UTC 2026","Security > Security Headers","tests/security.spec.ts","",""
"","1336","shows 409 duplicate error from server inside the picker","Chrome","Thu Jun 04 10:19:28 UTC 2026","passed","Thu Jun 04 10:19:30 UTC 2026","Color Management — Add & Delete","tests/color-management.spec.ts","",""
"","5","Server Unit Tests OpenAPI endpoints has exact application/json content-type","","Thu Jun 04 10:14:53 UTC 2026","passed","Thu Jun 04 10:14:53 UTC 2026","","Server Unit Tests","Server Unit Tests OpenAPI endpoints has exact application/json content-type",""
"","4","Server Unit Tests Surviving Mutants & Edge Cases OpenAPI Content-Type has application/json content-type","","Thu Jun 04 10:14:53 UTC 2026","passed","Thu Jun 04 10:14:53 UTC 2026","","Server Unit Tests","Server Unit Tests Surviving Mutants & Edge Cases OpenAPI Content-Type has application/json content-type",""
"","0","Utility Functions rgbToHsl white [255,255,255] → h=0, s=0, l=1","","Thu Jun 04 10:14:51 UTC 2026","passed","Thu Jun 04 10:14:51 UTC 2026","","Utility Functions","Utility Functions rgbToHsl white [255,255,255] → h=0, s=0, l=1",""
"","4","Server Unit Tests Surviving Mutants & Edge Cases Mongoose Schema & Persistence kills empty schema mutant by verifying field persistence","","Thu Jun 04 10:14:53 UTC 2026","passed","Thu Jun 04 10:14:53 UTC 2026","","Server Unit Tests","Server Unit Tests Surviving Mutants & Edge Cases Mongoose Schema & Persistence kills empty schema mutant by verifying field persistence",""
"","14","Server Integration Tests (Testcontainers) GET /api/colors/:name should return correct data for Turquoise","","Thu Jun 04 10:14:57 UTC 2026","passed","Thu Jun 04 10:14:57 UTC 2026","","Server Integration Tests (Testcontainers)","Server Integration Tests (Testcontainers) GET /api/colors/:name should return correct data for Turquoise",""
"","931","should create dynamic random color via API and verify through UI","Chrome","Thu Jun 04 10:19:26 UTC 2026","passed","Thu Jun 04 10:19:27 UTC 2026","Random Data Testing with faker.js","tests/random-data.spec.ts","",""
"","29","should return 409 for duplicate color creation","Chrome","Thu Jun 04 10:19:44 UTC 2026","passed","Thu Jun 04 10:19:44 UTC 2026","Backend API Integration > POST /api/colors Schema Validation","tests/api.spec.ts","",""
"","25","Component Tests ColorPicker touch start on canvas sets hex to #ff0000 at right edge","","Thu Jun 04 10:14:51 UTC 2026","passed","Thu Jun 04 10:14:51 UTC 2026","","Utility Functions","Component Tests ColorPicker touch start on canvas sets hex to #ff0000 at right edge",""
"","6","Server Integration Tests (Testcontainers) POST /api/reseed should return 405 for GET on /api/reseed","","Thu Jun 04 10:14:57 UTC 2026","passed","Thu Jun 04 10:14:57 UTC 2026","","Server Integration Tests (Testcontainers)","Server Integration Tests (Testcontainers) POST /api/reseed should return 405 for GET on /api/reseed",""
"","0","Utility Functions hslToRgb hue=210 (azure) → [0,128,255]","","Thu Jun 04 10:14:51 UTC 2026","passed","Thu Jun 04 10:14:51 UTC 2026","","Utility Functions","Utility Functions hslToRgb hue=210 (azure) → [0,128,255]",""
"","4","Server Unit Tests PUT /api/colors/:name returns 400 for invalid name with special characters","","Thu Jun 04 10:14:53 UTC 2026","passed","Thu Jun 04 10:14:53 UTC 2026","","Server Unit Tests","Server Unit Tests PUT /api/colors/:name returns 400 for invalid name with special characters",""
"","0","Utility Functions readableOn returns #111 for mid-grey (L≈0.35, black gives better contrast)","","Thu Jun 04 10:14:51 UTC 2026","passed","Thu Jun 04 10:14:51 UTC 2026","","Utility Functions","Utility Functions readableOn returns #111 for mid-grey (L≈0.35, black gives better contrast)",""
"","5","Frontend Unit Tests App Component initial default background before fetch resolves","","Thu Jun 04 10:14:51 UTC 2026","passed","Thu Jun 04 10:14:51 UTC 2026","","Frontend Unit Tests","Frontend Unit Tests App Component initial default background before fetch resolves",""
"","46","Frontend Unit Tests App Component first loaded color is active (aria-pressed=true)","","Thu Jun 04 10:14:51 UTC 2026","passed","Thu Jun 04 10:14:51 UTC 2026","","Frontend Unit Tests","Frontend Unit Tests App Component first loaded color is active (aria-pressed=true)",""
"","3","Server Unit Tests Surviving Mutants & Edge Cases Swagger Metadata & OpenAPI has exact API info","","Thu Jun 04 10:14:53 UTC 2026","passed","Thu Jun 04 10:14:53 UTC 2026","","Server Unit Tests","Server Unit Tests Surviving Mutants & Edge Cases Swagger Metadata & OpenAPI has exact API info",""
"","4","Component Tests ConfirmDialog Escape key does NOT call onCancel when busy","","Thu Jun 04 10:14:51 UTC 2026","passed","Thu Jun 04 10:14:51 UTC 2026","","Component Tests","Component Tests ConfirmDialog Escape key does NOT call onCancel when busy",""
"","810","Example #1","BDD","Thu Jun 04 10:19:10 UTC 2026","passed","Thu Jun 04 10:19:11 UTC 2026","Home Page Background Color > Change background color","","",""
"","38","Frontend Unit Tests App Component add color network error shows network error message","","Thu Jun 04 10:14:51 UTC 2026","passed","Thu Jun 04 10:14:51 UTC 2026","","Frontend Unit Tests","Frontend Unit Tests App Component add color network error shows network error message",""
"","66","Frontend Unit Tests App Component handles empty array from initial fetch gracefully","","Thu Jun 04 10:14:51 UTC 2026","passed","Thu Jun 04 10:14:51 UTC 2026","","Frontend Unit Tests","Frontend Unit Tests App Component handles empty array from initial fetch gracefully",""
"","47","Frontend Unit Tests App Component renders title, logo, and calls initial fetch","","Thu Jun 04 10:14:51 UTC 2026","passed","Thu Jun 04 10:14:51 UTC 2026","","Frontend Unit Tests","Frontend Unit Tests App Component renders title, logo, and calls initial fetch",""
"","4","Server Unit Tests POST /api/reseed returns 401 when Authorization header is missing","","Thu Jun 04 10:14:53 UTC 2026","passed","Thu Jun 04 10:14:53 UTC 2026","","Server Unit Tests","Server Unit Tests POST /api/reseed returns 401 when Authorization header is missing",""
"","835","should create color via API and verify through UI","Chrome","Thu Jun 04 10:19:19 UTC 2026","passed","Thu Jun 04 10:19:19 UTC 2026","Hybrid E2E Testing","tests/hybrid.spec.ts","",""
"","949","clicking a chip makes it active","Chrome","Thu Jun 04 10:19:24 UTC 2026","passed","Thu Jun 04 10:19:25 UTC 2026","Color Management — Add & Delete","tests/color-management.spec.ts","",""
"","65","DELETE /api/colors/{name}","","","passed","","","schemathesis","",""
"","1","Utility Functions hslToRgb hue=30 (orange) → [255,128,0]","","Thu Jun 04 10:14:51 UTC 2026","passed","Thu Jun 04 10:14:51 UTC 2026","","Utility Functions","Utility Functions hslToRgb hue=30 (orange) → [255,128,0]",""
"","2065","deleting the active color switches background to the first remaining","Chrome","Thu Jun 04 10:19:31 UTC 2026","passed","Thu Jun 04 10:19:33 UTC 2026","Color Management — Add & Delete","tests/color-management.spec.ts","",""
"","9","empty body on POST returns 400","Chrome","Thu Jun 04 10:19:28 UTC 2026","passed","Thu Jun 04 10:19:28 UTC 2026","Security > Input Validation","tests/security.spec.ts","",""
"","3","Server Unit Tests Surviving Mutants & Edge Cases PUT logic kills hex regex mutant in PUT","","Thu Jun 04 10:14:53 UTC 2026","passed","Thu Jun 04 10:14:53 UTC 2026","","Server Unit Tests","Server Unit Tests Surviving Mutants & Edge Cases PUT logic kills hex regex mutant in PUT",""
"","13","Server Integration Tests (Testcontainers) PUT /api/colors/:name should rename a color and make old name return 404","","Thu Jun 04 10:14:57 UTC 2026","passed","Thu Jun 04 10:14:57 UTC 2026","","Server Integration Tests (Testcontainers)","Server Integration Tests (Testcontainers) PUT /api/colors/:name should rename a color and make old name return 404",""
"","1","Frontend Unit Tests i18n Configuration should have defined resources for en, es, el","","Thu Jun 04 10:14:52 UTC 2026","passed","Thu Jun 04 10:14:52 UTC 2026","","Frontend Unit Tests","Frontend Unit Tests i18n Configuration should have defined resources for en, es, el",""
"","531","check Turquoise ( #1abc9c) is the default background color.","Chrome","Thu Jun 04 10:19:33 UTC 2026","passed","Thu Jun 04 10:19:34 UTC 2026","","tests/coverage.spec.ts","",""
"","34","GET /api/colors/Red should return the correct hex code","Chrome","Thu Jun 04 10:19:44 UTC 2026","passed","Thu Jun 04 10:19:44 UTC 2026","Backend API Integration","tests/api.spec.ts","",""
"Performance Test: API Performance Test
File: api-performance.spec.ts
Total Iterations: 1
Max VUs: 1

HTTP Request Duration:
- Avg: 7.06ms
- P(95): 17.15ms
- Max: 19.85ms

Full metrics attached in the results.","2456","API Performance Test","Performance","Thu Jun 04 10:16:21 UTC 2026","passed","Thu Jun 04 10:16:23 UTC 2026","api-performance.spec.ts","API Performance Test","",""
"","941","homepage should match snapshot","Chrome","Thu Jun 04 10:21:32 UTC 2026","passed","Thu Jun 04 10:21:32 UTC 2026","Visual Regression – iphone-se (375×667)","","",""
"","551","should handle fetch colors network failure gracefully","Chrome","Thu Jun 04 10:19:17 UTC 2026","passed","Thu Jun 04 10:19:18 UTC 2026","UI Error Handling Coverage","tests/error-handling.spec.ts","",""
"","4","Server Unit Tests PUT /api/colors/:name returns 400 when no fields are provided (empty body)","","Thu Jun 04 10:14:53 UTC 2026","passed","Thu Jun 04 10:14:53 UTC 2026","","Server Unit Tests","Server Unit Tests PUT /api/colors/:name returns 400 when no fields are provided (empty body)",""
"","888","should display all core elements and handle button interaction","Chrome","Thu Jun 04 10:21:34 UTC 2026","passed","Thu Jun 04 10:21:35 UTC 2026","Responsive Design – iPhone landscape (667×375)","","",""
"","0","Utility Functions rgbToHex value 15 pads to 0f","","Thu Jun 04 10:14:51 UTC 2026","passed","Thu Jun 04 10:14:51 UTC 2026","","Utility Functions","Utility Functions rgbToHex value 15 pads to 0f",""
"","49","Frontend Unit Tests App Component confirm dialog cancel button closes it","","Thu Jun 04 10:14:51 UTC 2026","passed","Thu Jun 04 10:14:51 UTC 2026","","Frontend Unit Tests","Frontend Unit Tests App Component confirm dialog cancel button closes it",""
"","1","homepage after color change","Chrome","Thu Jun 04 10:21:34 UTC 2026","skipped","Thu Jun 04 10:21:34 UTC 2026","Percy Visual Regression – Production > Percy – desktop (1280×720)","","",""
"","10","Component Tests ColorPicker clicking inside the card does NOT call onCancel","","Thu Jun 04 10:14:51 UTC 2026","passed","Thu Jun 04 10:14:51 UTC 2026","","Utility Functions","Component Tests ColorPicker clicking inside the card does NOT call onCancel",""
"","6","Server Unit Tests Surviving Mutants & Edge Cases Rate Limiting & Security kills mutants by verifying x-powered-by is removed","","Thu Jun 04 10:14:53 UTC 2026","passed","Thu Jun 04 10:14:53 UTC 2026","","Server Unit Tests","Server Unit Tests Surviving Mutants & Edge Cases Rate Limiting & Security kills mutants by verifying x-powered-by is removed",""
"","3","Server Unit Tests POST /api/reseed returns 405 for PUT on /api/reseed","","Thu Jun 04 10:14:53 UTC 2026","passed","Thu Jun 04 10:14:53 UTC 2026","","Server Unit Tests","Server Unit Tests POST /api/reseed returns 405 for PUT on /api/reseed",""
"","16","GET /api/colors/:name should return 404 for non-existent color","Chrome","Thu Jun 04 10:19:44 UTC 2026","passed","Thu Jun 04 10:19:44 UTC 2026","Backend API Integration","tests/api.spec.ts","",""
"","4","Server Unit Tests Surviving Mutants & Edge Cases Swagger Metadata & OpenAPI has exact server metadata","","Thu Jun 04 10:14:53 UTC 2026","passed","Thu Jun 04 10:14:53 UTC 2026","","Server Unit Tests","Server Unit Tests Surviving Mutants & Edge Cases Swagger Metadata & OpenAPI has exact server metadata",""
"","768","handle initial fetch with empty data","Chrome","Thu Jun 04 10:19:14 UTC 2026","passed","Thu Jun 04 10:19:15 UTC 2026","Edge cases and error handling","tests/coverage.spec.ts","",""
"","4","Server Unit Tests PUT /api/colors/:name returns 400 for invalid hex on update","","Thu Jun 04 10:14:53 UTC 2026","passed","Thu Jun 04 10:14:53 UTC 2026","","Server Unit Tests","Server Unit Tests PUT /api/colors/:name returns 400 for invalid hex on update",""
"","4","Server Unit Tests 405 Method Not Allowed sets the Allow header on /api/colors with correct methods","","Thu Jun 04 10:14:53 UTC 2026","passed","Thu Jun 04 10:14:53 UTC 2026","","Server Unit Tests","Server Unit Tests 405 Method Not Allowed sets the Allow header on /api/colors with correct methods",""
"","7","PATCH /api/colors returns 405","Chrome","Thu Jun 04 10:19:28 UTC 2026","passed","Thu Jun 04 10:19:28 UTC 2026","Security > HTTP Method Restrictions","tests/security.spec.ts","",""
"","9","should reject omitting both name and hex on update","Chrome","Thu Jun 04 10:19:44 UTC 2026","passed","Thu Jun 04 10:19:44 UTC 2026","Backend API Integration > PUT /api/colors/:name Schema Validation","tests/api.spec.ts","",""
"","3","Server Unit Tests Error Handling GET /api/colors/:name returns 500 when database fails","","Thu Jun 04 10:14:53 UTC 2026","passed","Thu Jun 04 10:14:53 UTC 2026","","Server Unit Tests","Server Unit Tests Error Handling GET /api/colors/:name returns 500 when database fails",""
"","8","Server Integration Tests (Testcontainers) DELETE /api/colors/:name should delete a color and confirm removal from the real database","","Thu Jun 04 10:14:57 UTC 2026","passed","Thu Jun 04 10:14:57 UTC 2026","","Server Integration Tests (Testcontainers)","Server Integration Tests (Testcontainers) DELETE /api/colors/:name should delete a color and confirm removal from the real database",""
"","16","Component Tests ConfirmDialog confirmLabel prop is reflected in the button text","","Thu Jun 04 10:14:51 UTC 2026","passed","Thu Jun 04 10:14:51 UTC 2026","","Component Tests","Component Tests ConfirmDialog confirmLabel prop is reflected in the button text",""
"","0","Utility Functions readableOn returns #fff for a very dark blue","","Thu Jun 04 10:14:51 UTC 2026","passed","Thu Jun 04 10:14:51 UTC 2026","","Utility Functions","Utility Functions readableOn returns #fff for a very dark blue",""
"","3","Server Unit Tests POST /api/reseed returns 401 when Bearer scheme prefix is missing","","Thu Jun 04 10:14:53 UTC 2026","passed","Thu Jun 04 10:14:53 UTC 2026","","Server Unit Tests","Server Unit Tests POST /api/reseed returns 401 when Bearer scheme prefix is missing",""
"","10","Server Integration Tests (Testcontainers) seedDatabase should be idempotent — calling twice always yields exactly 3 colors","","Thu Jun 04 10:14:57 UTC 2026","passed","Thu Jun 04 10:14:57 UTC 2026","","Server Integration Tests (Testcontainers)","Server Integration Tests (Testcontainers) seedDatabase should be idempotent — calling twice always yields exactly 3 colors",""
"","1564","POST /api/colors","","","passed","","","schemathesis","",""
"","28","Component Tests ColorPicker submit with empty name shows ""Name is required"" error","","Thu Jun 04 10:14:51 UTC 2026","passed","Thu Jun 04 10:14:51 UTC 2026","","Utility Functions","Component Tests ColorPicker submit with empty name shows ""Name is required"" error",""
"","24","Frontend Unit Tests App Component text color on light background is dark","","Thu Jun 04 10:14:51 UTC 2026","passed","Thu Jun 04 10:14:51 UTC 2026","","Frontend Unit Tests","Frontend Unit Tests App Component text color on light background is dark",""
"","771","Example #2","BDD","Thu Jun 04 10:19:11 UTC 2026","passed","Thu Jun 04 10:19:12 UTC 2026","Home Page Background Color > Change background color","","",""
"","27","Component Tests ConfirmDialog cancel button calls onCancel","","Thu Jun 04 10:14:51 UTC 2026","passed","Thu Jun 04 10:14:51 UTC 2026","","Component Tests","Component Tests ConfirmDialog cancel button calls onCancel",""
"","5","Server Unit Tests 405 Method Not Allowed does not return 405 for allowed POST method on /api/colors","","Thu Jun 04 10:14:53 UTC 2026","passed","Thu Jun 04 10:14:53 UTC 2026","","Server Unit Tests","Server Unit Tests 405 Method Not Allowed does not return 405 for allowed POST method on /api/colors",""
"","1","Utility Functions rgbToHsl mid-grey [128,128,128] → s=0","","Thu Jun 04 10:14:51 UTC 2026","passed","Thu Jun 04 10:14:51 UTC 2026","","Utility Functions","Utility Functions rgbToHsl mid-grey [128,128,128] → s=0",""
"","1200","should display all core elements and handle button interaction","Chrome","Thu Jun 04 10:21:32 UTC 2026","passed","Thu Jun 04 10:21:34 UTC 2026","Responsive Design – tablet (768×1024)","","",""
"","2","Frontend Unit Tests i18n Configuration should handle language change correctly","","Thu Jun 04 10:14:52 UTC 2026","passed","Thu Jun 04 10:14:52 UTC 2026","","Frontend Unit Tests","Frontend Unit Tests i18n Configuration should handle language change correctly",""
"","0","Utility Functions hexToRgb parses hex without the leading #","","Thu Jun 04 10:14:51 UTC 2026","passed","Thu Jun 04 10:14:51 UTC 2026","","Utility Functions","Utility Functions hexToRgb parses hex without the leading #",""
"","665","handle color selection fetch error","Chrome","Thu Jun 04 10:19:15 UTC 2026","passed","Thu Jun 04 10:19:16 UTC 2026","Edge cases and error handling","tests/coverage.spec.ts","",""
"","31","Frontend Unit Tests App Component picker cancel button closes the modal","","Thu Jun 04 10:14:51 UTC 2026","passed","Thu Jun 04 10:14:51 UTC 2026","","Frontend Unit Tests","Frontend Unit Tests App Component picker cancel button closes the modal",""
"","8","Server Unit Tests Surviving Mutants & Edge Cases PUT logic kills name/hex conditional mutants by providing only one field","","Thu Jun 04 10:14:53 UTC 2026","passed","Thu Jun 04 10:14:53 UTC 2026","","Server Unit Tests","Server Unit Tests Surviving Mutants & Edge Cases PUT logic kills name/hex conditional mutants by providing only one field",""
"","81","Frontend Unit Tests App Component deleting is false again after a failed delete (finally block)","","Thu Jun 04 10:14:51 UTC 2026","passed","Thu Jun 04 10:14:51 UTC 2026","","Frontend Unit Tests","Frontend Unit Tests App Component deleting is false again after a failed delete (finally block)",""
"","41","Frontend Unit Tests App Component handleColorClick shows error alert on fetch failure","","Thu Jun 04 10:14:51 UTC 2026","passed","Thu Jun 04 10:14:51 UTC 2026","","Frontend Unit Tests","Frontend Unit Tests App Component handleColorClick shows error alert on fetch failure",""
"","6","Server Unit Tests 405 Method Not Allowed does not return 405 for allowed PUT method on /api/colors/:name","","Thu Jun 04 10:14:53 UTC 2026","passed","Thu Jun 04 10:14:53 UTC 2026","","Server Unit Tests","Server Unit Tests 405 Method Not Allowed does not return 405 for allowed PUT method on /api/colors/:name",""
"","8","Server Unit Tests GET /api/colors/:name returns 404 for a non-existent color","","Thu Jun 04 10:14:53 UTC 2026","passed","Thu Jun 04 10:14:53 UTC 2026","","Server Unit Tests","Server Unit Tests GET /api/colors/:name returns 404 for a non-existent color",""
"","7","Server Integration Tests (Testcontainers) POST /api/colors should not expose _id or __v in the creation response","","Thu Jun 04 10:14:57 UTC 2026","passed","Thu Jun 04 10:14:57 UTC 2026","","Server Integration Tests (Testcontainers)","Server Integration Tests (Testcontainers) POST /api/colors should not expose _id or __v in the creation response",""
"","7","Server Unit Tests Error Handling POST /api/colors returns 409 when database throws duplicate key error (code 11000)","","Thu Jun 04 10:14:53 UTC 2026","passed","Thu Jun 04 10:14:53 UTC 2026","","Server Unit Tests","Server Unit Tests Error Handling POST /api/colors returns 409 when database throws duplicate key error (code 11000)",""
"","4","Server Unit Tests 405 Method Not Allowed returns 405 for PATCH on /api/colors/:name","","Thu Jun 04 10:14:53 UTC 2026","passed","Thu Jun 04 10:14:53 UTC 2026","","Server Unit Tests","Server Unit Tests 405 Method Not Allowed returns 405 for PATCH on /api/colors/:name",""
"","44","Frontend Unit Tests App Component add color 501 also triggers server error message (>= 500)","","Thu Jun 04 10:14:51 UTC 2026","passed","Thu Jun 04 10:14:51 UTC 2026","","Frontend Unit Tests","Frontend Unit Tests App Component add color 501 also triggers server error message (>= 500)",""
"","38","Frontend Unit Tests App Component active chip has is-active CSS class","","Thu Jun 04 10:14:51 UTC 2026","passed","Thu Jun 04 10:14:51 UTC 2026","","Frontend Unit Tests","Frontend Unit Tests App Component active chip has is-active CSS class",""
"","60","Frontend Unit Tests App Component delete sends DELETE request with correct method","","Thu Jun 04 10:14:51 UTC 2026","passed","Thu Jun 04 10:14:51 UTC 2026","","Frontend Unit Tests","Frontend Unit Tests App Component delete sends DELETE request with correct method",""
"","6","Server Unit Tests GET /api/colors/:name returns Turquoise color correctly","","Thu Jun 04 10:14:53 UTC 2026","passed","Thu Jun 04 10:14:53 UTC 2026","","Server Unit Tests","Server Unit Tests GET /api/colors/:name returns Turquoise color correctly",""
"","4","Server Unit Tests PUT /api/colors/:name returns 404 for a non-existent color","","Thu Jun 04 10:14:53 UTC 2026","passed","Thu Jun 04 10:14:53 UTC 2026","","Server Unit Tests","Server Unit Tests PUT /api/colors/:name returns 404 for a non-existent color",""
"","1","Utility Functions hslToRgb hue=330 (rose) → [255,0,128]","","Thu Jun 04 10:14:51 UTC 2026","passed","Thu Jun 04 10:14:51 UTC 2026","","Utility Functions","Utility Functions hslToRgb hue=330 (rose) → [255,0,128]",""
"","740","Background stays unchanged when fetching a specific color fails","BDD","Thu Jun 04 10:19:10 UTC 2026","passed","Thu Jun 04 10:19:11 UTC 2026","API Error Handling","","",""
"","20","Component Tests ColorPicker mousedown at right-center (hue=0) sets hex to #ff0000","","Thu Jun 04 10:14:51 UTC 2026","passed","Thu Jun 04 10:14:51 UTC 2026","","Utility Functions","Component Tests ColorPicker mousedown at right-center (hue=0) sets hex to #ff0000",""
"","5","Server Unit Tests 405 Method Not Allowed does not return 405 for allowed DELETE method on /api/colors/:name","","Thu Jun 04 10:14:53 UTC 2026","passed","Thu Jun 04 10:14:53 UTC 2026","","Server Unit Tests","Server Unit Tests 405 Method Not Allowed does not return 405 for allowed DELETE method on /api/colors/:name",""
"","9","Server Integration Tests (Testcontainers) GET /api/colors/:name should return 404 for a non-existent color","","Thu Jun 04 10:14:57 UTC 2026","passed","Thu Jun 04 10:14:57 UTC 2026","","Server Integration Tests (Testcontainers)","Server Integration Tests (Testcontainers) GET /api/colors/:name should return 404 for a non-existent color",""
"","10","Server Integration Tests (Testcontainers) PUT /api/colors/:name should update both name and hex simultaneously","","Thu Jun 04 10:14:57 UTC 2026","passed","Thu Jun 04 10:14:57 UTC 2026","","Server Integration Tests (Testcontainers)","Server Integration Tests (Testcontainers) PUT /api/colors/:name should update both name and hex simultaneously",""
"","5","Component Tests ConfirmDialog Enter key calls onConfirm when not busy","","Thu Jun 04 10:14:51 UTC 2026","passed","Thu Jun 04 10:14:51 UTC 2026","","Component Tests","Component Tests ConfirmDialog Enter key calls onConfirm when not busy",""
"","6","Server Integration Tests (Testcontainers) PUT /api/colors/:name should return 400 for invalid hex format on update","","Thu Jun 04 10:14:57 UTC 2026","passed","Thu Jun 04 10:14:57 UTC 2026","","Server Integration Tests (Testcontainers)","Server Integration Tests (Testcontainers) PUT /api/colors/:name should return 400 for invalid hex format on update",""
"","26","Component Tests ColorPicker submit is blocked when hex input has an error","","Thu Jun 04 10:14:51 UTC 2026","passed","Thu Jun 04 10:14:51 UTC 2026","","Utility Functions","Component Tests ColorPicker submit is blocked when hex input has an error",""
"","16","Component Tests ColorPicker clicking the backdrop calls onCancel","","Thu Jun 04 10:14:51 UTC 2026","passed","Thu Jun 04 10:14:51 UTC 2026","","Utility Functions","Component Tests ColorPicker clicking the backdrop calls onCancel",""
"","44","Frontend Unit Tests App Component handleColorClick shows error on non-2xx response","","Thu Jun 04 10:14:51 UTC 2026","passed","Thu Jun 04 10:14:51 UTC 2026","","Frontend Unit Tests","Frontend Unit Tests App Component handleColorClick shows error on non-2xx response",""
"","9","Server Integration Tests (Testcontainers) seedDatabase should always restore the three default seed colors","","Thu Jun 04 10:14:57 UTC 2026","passed","Thu Jun 04 10:14:57 UTC 2026","","Server Integration Tests (Testcontainers)","Server Integration Tests (Testcontainers) seedDatabase should always restore the three default seed colors",""
"","5","Server Unit Tests OpenAPI endpoints serves the OpenAPI JSON spec with exact metadata","","Thu Jun 04 10:14:53 UTC 2026","passed","Thu Jun 04 10:14:53 UTC 2026","","Server Unit Tests","Server Unit Tests OpenAPI endpoints serves the OpenAPI JSON spec with exact metadata",""
"","3","Server Unit Tests 405 Method Not Allowed returns 405 for PATCH on /api/colors","","Thu Jun 04 10:14:53 UTC 2026","passed","Thu Jun 04 10:14:53 UTC 2026","","Server Unit Tests","Server Unit Tests 405 Method Not Allowed returns 405 for PATCH on /api/colors",""
"","996","should display all core elements and handle button interaction","Chrome","Thu Jun 04 10:21:33 UTC 2026","passed","Thu Jun 04 10:21:34 UTC 2026","Responsive Design – iPhone SE (375×667)","","",""
"","17","Frontend Unit Tests App Component labelFor falls back to color name for unknown/custom color","","Thu Jun 04 10:14:51 UTC 2026","passed","Thu Jun 04 10:14:51 UTC 2026","","Frontend Unit Tests","Frontend Unit Tests App Component labelFor falls back to color name for unknown/custom color",""
"","1","Utility Functions hslToRgb hue=0 (red) → [255,0,0]","","Thu Jun 04 10:14:51 UTC 2026","passed","Thu Jun 04 10:14:51 UTC 2026","","Utility Functions","Utility Functions hslToRgb hue=0 (red) → [255,0,0]",""
"","0","Utility Functions rgbToHex converts arbitrary color","","Thu Jun 04 10:14:51 UTC 2026","passed","Thu Jun 04 10:14:51 UTC 2026","","Utility Functions","Utility Functions rgbToHex converts arbitrary color",""
"","1216","shows client-side ""Name is required"" when submitting empty name","Chrome","Thu Jun 04 10:19:27 UTC 2026","passed","Thu Jun 04 10:19:28 UTC 2026","Color Management — Add & Delete","tests/color-management.spec.ts","",""
"","1","Utility Functions paintWheelPixel sets alpha to 0 when dist > r (outside circle)","","Thu Jun 04 10:14:51 UTC 2026","passed","Thu Jun 04 10:14:51 UTC 2026","","Utility Functions","Utility Functions paintWheelPixel sets alpha to 0 when dist > r (outside circle)",""
"","756","verify Turquoise ( #1abc9c ) is applied as the background color","Chrome","Thu Jun 04 10:19:20 UTC 2026","passed","Thu Jun 04 10:19:21 UTC 2026","POM Refactored: Background color tests","tests/pom-refactored.spec.ts","",""
"","71","should return 404 when updating non-existent color","Chrome","Thu Jun 04 10:19:23 UTC 2026","passed","Thu Jun 04 10:19:23 UTC 2026","Backend API Integration > PUT /api/colors/:name Schema Validation","tests/api.spec.ts","",""
"","4","Server Unit Tests POST /api/colors returns 400 for extra unknown fields (strict schema)","","Thu Jun 04 10:14:53 UTC 2026","passed","Thu Jun 04 10:14:53 UTC 2026","","Server Unit Tests","Server Unit Tests POST /api/colors returns 400 for extra unknown fields (strict schema)",""
"","13","Server Unit Tests Surviving Mutants & Edge Cases Regex & Validation STRICT_NAME_REGEX kills mutants on optionality and length","","Thu Jun 04 10:14:53 UTC 2026","passed","Thu Jun 04 10:14:53 UTC 2026","","Server Unit Tests","Server Unit Tests Surviving Mutants & Edge Cases Regex & Validation STRICT_NAME_REGEX kills mutants on optionality and length",""
"","1124","successful delete removes the chip","Chrome","Thu Jun 04 10:19:31 UTC 2026","passed","Thu Jun 04 10:19:32 UTC 2026","Color Management — Add & Delete","tests/color-management.spec.ts","",""
"","0","Utility Functions hslToRgb hue=360 wraps to hue=0 → [255,0,0]","","Thu Jun 04 10:14:51 UTC 2026","passed","Thu Jun 04 10:14:51 UTC 2026","","Utility Functions","Utility Functions hslToRgb hue=360 wraps to hue=0 → [255,0,0]",""
"","2755","PUT /api/colors/{name}","","","passed","","","schemathesis","",""
"","2486","should maintain accessibility in en language and verify resilient locators","Chrome","Thu Jun 04 10:19:37 UTC 2026","passed","Thu Jun 04 10:19:40 UTC 2026","i18n Accessibility Tests","tests/a11y.spec.ts","",""
"","1","Utility Functions paintWheelPixel writes to the correct index offset in the array","","Thu Jun 04 10:14:51 UTC 2026","passed","Thu Jun 04 10:14:51 UTC 2026","","Utility Functions","Utility Functions paintWheelPixel writes to the correct index offset in the array",""
"","112","Frontend Unit Tests App Component handleColorClick does nothing when data has no hex","","Thu Jun 04 10:14:51 UTC 2026","passed","Thu Jun 04 10:14:51 UTC 2026","","Frontend Unit Tests","Frontend Unit Tests App Component handleColorClick does nothing when data has no hex",""
"","12","Server Integration Tests (Testcontainers) PUT /api/colors/:name should update the hex of an existing color and persist it in the real database","","Thu Jun 04 10:14:57 UTC 2026","passed","Thu Jun 04 10:14:57 UTC 2026","","Server Integration Tests (Testcontainers)","Server Integration Tests (Testcontainers) PUT /api/colors/:name should update the hex of an existing color and persist it in the real database",""
"","2378","should maintain accessibility after state change (color update)","Chrome","Thu Jun 04 10:19:34 UTC 2026","passed","Thu Jun 04 10:19:36 UTC 2026","Accessibility Tests","tests/a11y.spec.ts","",""
"","10","Server Unit Tests PUT /api/colors/:name updates the name of an existing color and preserves hex","","Thu Jun 04 10:14:53 UTC 2026","passed","Thu Jun 04 10:14:53 UTC 2026","","Server Unit Tests","Server Unit Tests PUT /api/colors/:name updates the name of an existing color and preserves hex",""
"","11","Component Tests ColorPicker pressing a non-Escape key does not call onCancel","","Thu Jun 04 10:14:51 UTC 2026","passed","Thu Jun 04 10:14:51 UTC 2026","","Utility Functions","Component Tests ColorPicker pressing a non-Escape key does not call onCancel",""
"","1","Utility Functions hslToRgb lightness=0 gives black","","Thu Jun 04 10:14:51 UTC 2026","passed","Thu Jun 04 10:14:51 UTC 2026","","Utility Functions","Utility Functions hslToRgb lightness=0 gives black",""
"","6","Server Integration Tests (Testcontainers) Method Not Allowed should return 405 for PATCH /api/colors","","Thu Jun 04 10:14:57 UTC 2026","passed","Thu Jun 04 10:14:57 UTC 2026","","Server Integration Tests (Testcontainers)","Server Integration Tests (Testcontainers) Method Not Allowed should return 405 for PATCH /api/colors",""
"","20","Component Tests ColorPicker touchmove while dragging updates hex","","Thu Jun 04 10:14:51 UTC 2026","passed","Thu Jun 04 10:14:51 UTC 2026","","Utility Functions","Component Tests ColorPicker touchmove while dragging updates hex",""
"","633","should handle missing image gracefully by showing alt text","Chrome","Thu Jun 04 10:19:19 UTC 2026","passed","Thu Jun 04 10:19:19 UTC 2026","Network Mocking & Interception","tests/network-mocking.spec.ts","",""
"","911","Example #3","BDD","Thu Jun 04 10:19:11 UTC 2026","passed","Thu Jun 04 10:19:12 UTC 2026","Home Page Background Color > Change background color","","",""
"","4","Server Unit Tests Surviving Mutants & Edge Cases Swagger JSDoc Integration kills apis array mutants by verifying JSDoc content is present","","Thu Jun 04 10:14:53 UTC 2026","passed","Thu Jun 04 10:14:53 UTC 2026","","Server Unit Tests","Server Unit Tests Surviving Mutants & Edge Cases Swagger JSDoc Integration kills apis array mutants by verifying JSDoc content is present",""
"","0","Utility Functions rgbToHex converts pure green","","Thu Jun 04 10:14:51 UTC 2026","passed","Thu Jun 04 10:14:51 UTC 2026","","Utility Functions","Utility Functions rgbToHex converts pure green",""
"","6","Server Integration Tests (Testcontainers) POST /api/colors should return 400 for invalid hex format (missing #)","","Thu Jun 04 10:14:57 UTC 2026","passed","Thu Jun 04 10:14:57 UTC 2026","","Server Integration Tests (Testcontainers)","Server Integration Tests (Testcontainers) POST /api/colors should return 400 for invalid hex format (missing #)",""
"","6","Component Tests ConfirmDialog backdrop click calls onCancel when not busy","","Thu Jun 04 10:14:51 UTC 2026","passed","Thu Jun 04 10:14:51 UTC 2026","","Component Tests","Component Tests ConfirmDialog backdrop click calls onCancel when not busy",""
"","0","Utility Functions hslToRgb hue=60 (yellow) → [255,255,0]","","Thu Jun 04 10:14:51 UTC 2026","passed","Thu Jun 04 10:14:51 UTC 2026","","Utility Functions","Utility Functions hslToRgb hue=60 (yellow) → [255,255,0]",""
"","15","GET /api/colors/Yellow should return the correct hex code","Chrome","Thu Jun 04 10:19:44 UTC 2026","passed","Thu Jun 04 10:19:44 UTC 2026","Backend API Integration","tests/api.spec.ts","",""
"","950","changing color to Red should reflect in UI and DOM","Chrome","Thu Jun 04 10:19:16 UTC 2026","passed","Thu Jun 04 10:19:17 UTC 2026","Data-Driven Testing","tests/data-driven.spec.ts","",""
"","10","Server Integration Tests (Testcontainers) DELETE /api/colors/:name should return 404 on a second delete of the same color","","Thu Jun 04 10:14:57 UTC 2026","passed","Thu Jun 04 10:14:57 UTC 2026","","Server Integration Tests (Testcontainers)","Server Integration Tests (Testcontainers) DELETE /api/colors/:name should return 404 on a second delete of the same color",""
"","617","first color chip is active on load (aria-pressed=true)","Chrome","Thu Jun 04 10:19:23 UTC 2026","passed","Thu Jun 04 10:19:23 UTC 2026","Color Management — Add & Delete","tests/color-management.spec.ts","",""
"","658","clicking ""+ Add color"" opens the picker modal","Chrome","Thu Jun 04 10:19:25 UTC 2026","passed","Thu Jun 04 10:19:25 UTC 2026","Color Management — Add & Delete","tests/color-management.spec.ts","",""
"","832","clicking the backdrop closes the picker","Chrome","Thu Jun 04 10:19:26 UTC 2026","passed","Thu Jun 04 10:19:27 UTC 2026","Color Management — Add & Delete","tests/color-management.spec.ts","",""
"","4","Server Unit Tests POST /api/colors returns 400 for name with special characters","","Thu Jun 04 10:14:53 UTC 2026","passed","Thu Jun 04 10:14:53 UTC 2026","","Server Unit Tests","Server Unit Tests POST /api/colors returns 400 for name with special characters",""
"","1263","homepage should match snapshot","Chrome","Thu Jun 04 10:21:30 UTC 2026","passed","Thu Jun 04 10:21:31 UTC 2026","Visual Regression – desktop (1280×720)","","",""
"","4","Server Unit Tests POST /api/colors returns 400 for name with only spaces","","Thu Jun 04 10:14:53 UTC 2026","passed","Thu Jun 04 10:14:53 UTC 2026","","Server Unit Tests","Server Unit Tests POST /api/colors returns 400 for name with only spaces",""
"","847","verify Red ( #e74c3c ) is applied as the background color","Chrome","Thu Jun 04 10:19:20 UTC 2026","passed","Thu Jun 04 10:19:21 UTC 2026","POM Refactored: Background color tests","tests/pom-refactored.spec.ts","",""
"","29","Server Unit Tests Surviving Mutants & Edge Cases Strict Path & Method Validation kills allowedMethods mutants by exhaustive testing","","Thu Jun 04 10:14:53 UTC 2026","passed","Thu Jun 04 10:14:53 UTC 2026","","Server Unit Tests","Server Unit Tests Surviving Mutants & Edge Cases Strict Path & Method Validation kills allowedMethods mutants by exhaustive testing",""
"","7","Frontend Unit Tests App Component colors.length === 0 shows loading text","","Thu Jun 04 10:14:51 UTC 2026","passed","Thu Jun 04 10:14:51 UTC 2026","","Frontend Unit Tests","Frontend Unit Tests App Component colors.length === 0 shows loading text",""
"","4","Server Unit Tests Middleware handles non-JSON content type gracefully on POST","","Thu Jun 04 10:14:53 UTC 2026","passed","Thu Jun 04 10:14:53 UTC 2026","","Server Unit Tests","Server Unit Tests Middleware handles non-JSON content type gracefully on POST",""
"","9","Server Unit Tests 405 Method Not Allowed returns 405 for POST, PUT, DELETE on /api-docs","","Thu Jun 04 10:14:53 UTC 2026","passed","Thu Jun 04 10:14:53 UTC 2026","","Server Unit Tests","Server Unit Tests 405 Method Not Allowed returns 405 for POST, PUT, DELETE on /api-docs",""
"","650","Show error message when the initial colors fetch fails","BDD","Thu Jun 04 10:19:08 UTC 2026","passed","Thu Jun 04 10:19:09 UTC 2026","API Error Handling","","",""
"","11","should reject missing hex","Chrome","Thu Jun 04 10:19:44 UTC 2026","passed","Thu Jun 04 10:19:44 UTC 2026","Backend API Integration > POST /api/colors Schema Validation","tests/api.spec.ts","",""
"","65","Frontend Unit Tests App Component picker onCancel does nothing when saving=true","","Thu Jun 04 10:14:51 UTC 2026","passed","Thu Jun 04 10:14:51 UTC 2026","","Frontend Unit Tests","Frontend Unit Tests App Component picker onCancel does nothing when saving=true",""
"","18","Component Tests ColorPicker typing red with g<b hex updates internal state","","Thu Jun 04 10:14:51 UTC 2026","passed","Thu Jun 04 10:14:51 UTC 2026","","Utility Functions","Component Tests ColorPicker typing red with g<b hex updates internal state",""
"","6","Server Integration Tests (Testcontainers) PUT /api/colors/:name should return 400 when update body is empty","","Thu Jun 04 10:14:57 UTC 2026","passed","Thu Jun 04 10:14:57 UTC 2026","","Server Integration Tests (Testcontainers)","Server Integration Tests (Testcontainers) PUT /api/colors/:name should return 400 when update body is empty",""
"","9","NoSQL $where operator in name is rejected (400)","Chrome","Thu Jun 04 10:19:28 UTC 2026","passed","Thu Jun 04 10:19:28 UTC 2026","Security > Injection Prevention","tests/security.spec.ts","",""
"","10","Frontend Unit Tests App Component shows error alert when initial fetch returns non-2xx","","Thu Jun 04 10:14:51 UTC 2026","passed","Thu Jun 04 10:14:51 UTC 2026","","Frontend Unit Tests","Frontend Unit Tests App Component shows error alert when initial fetch returns non-2xx",""
"","9","Server Unit Tests Error Handling POST /api/colors returns 500 when database fails (findOne)","","Thu Jun 04 10:14:53 UTC 2026","passed","Thu Jun 04 10:14:53 UTC 2026","","Server Unit Tests","Server Unit Tests Error Handling POST /api/colors returns 500 when database fails (findOne)",""
"","4","Server Unit Tests Surviving Mutants & Edge Cases Swagger Metadata & OpenAPI has exact info metadata","","Thu Jun 04 10:14:53 UTC 2026","passed","Thu Jun 04 10:14:53 UTC 2026","","Server Unit Tests","Server Unit Tests Surviving Mutants & Edge Cases Swagger Metadata & OpenAPI has exact info metadata",""
"","16","Server Unit Tests Surviving Mutants & Edge Cases Regex & Validation STRICT_NAME_REGEX kills mutants on start/end/middle characters","","Thu Jun 04 10:14:53 UTC 2026","passed","Thu Jun 04 10:14:53 UTC 2026","","Server Unit Tests","Server Unit Tests Surviving Mutants & Edge Cases Regex & Validation STRICT_NAME_REGEX kills mutants on start/end/middle characters",""
"","5","Server Integration Tests (Testcontainers) POST /api/reseed should return 401 when Authorization header is missing","","Thu Jun 04 10:14:57 UTC 2026","passed","Thu Jun 04 10:14:57 UTC 2026","","Server Integration Tests (Testcontainers)","Server Integration Tests (Testcontainers) POST /api/reseed should return 401 when Authorization header is missing",""
"","4","Server Unit Tests Middleware includes CORS headers","","Thu Jun 04 10:14:53 UTC 2026","passed","Thu Jun 04 10:14:53 UTC 2026","","Server Unit Tests","Server Unit Tests Middleware includes CORS headers",""
"","7","Server Integration Tests (Testcontainers) GET /api/colors/:name should be case-sensitive (lowercase name returns 404)","","Thu Jun 04 10:14:57 UTC 2026","passed","Thu Jun 04 10:14:57 UTC 2026","","Server Integration Tests (Testcontainers)","Server Integration Tests (Testcontainers) GET /api/colors/:name should be case-sensitive (lowercase name returns 404)",""
"","16","Component Tests ColorPicker mousemove without prior mousedown (not dragging) does not change color","","Thu Jun 04 10:14:51 UTC 2026","passed","Thu Jun 04 10:14:51 UTC 2026","","Utility Functions","Component Tests ColorPicker mousemove without prior mousedown (not dragging) does not change color",""
"","11","Component Tests ColorPicker non-Enter key on name input does not trigger submit","","Thu Jun 04 10:14:51 UTC 2026","passed","Thu Jun 04 10:14:51 UTC 2026","","Utility Functions","Component Tests ColorPicker non-Enter key on name input does not trigger submit",""
"","10","Component Tests ColorPicker editing name input calls onClearError to clear server error","","Thu Jun 04 10:14:51 UTC 2026","passed","Thu Jun 04 10:14:51 UTC 2026","","Utility Functions","Component Tests ColorPicker editing name input calls onClearError to clear server error",""
"","28","Component Tests ColorPicker mousedown at top-center (hue=270) sets hex to #8000ff","","Thu Jun 04 10:14:51 UTC 2026","passed","Thu Jun 04 10:14:51 UTC 2026","","Utility Functions","Component Tests ColorPicker mousedown at top-center (hue=270) sets hex to #8000ff",""
"","14","Frontend Unit Tests App Component shows loading text when colors array is empty","","Thu Jun 04 10:14:51 UTC 2026","passed","Thu Jun 04 10:14:51 UTC 2026","","Frontend Unit Tests","Frontend Unit Tests App Component shows loading text when colors array is empty",""
"","15","Server Integration Tests (Testcontainers) POST /api/reseed should be idempotent — calling reseed twice always yields exactly 3 colors","","Thu Jun 04 10:14:57 UTC 2026","passed","Thu Jun 04 10:14:57 UTC 2026","","Server Integration Tests (Testcontainers)","Server Integration Tests (Testcontainers) POST /api/reseed should be idempotent — calling reseed twice always yields exactly 3 colors",""
"","8","Server Unit Tests POST /api/colors accepts single alphanumeric characters as names","","Thu Jun 04 10:14:53 UTC 2026","passed","Thu Jun 04 10:14:53 UTC 2026","","Server Unit Tests","Server Unit Tests POST /api/colors accepts single alphanumeric characters as names",""
"","9","Server Unit Tests Error Handling PUT /api/colors/:name returns 500 when database fails","","Thu Jun 04 10:14:53 UTC 2026","passed","Thu Jun 04 10:14:53 UTC 2026","","Server Unit Tests","Server Unit Tests Error Handling PUT /api/colors/:name returns 500 when database fails",""
"","37","Frontend Unit Tests App Component existingNames passed to ColorPicker matches current color list","","Thu Jun 04 10:14:51 UTC 2026","passed","Thu Jun 04 10:14:51 UTC 2026","","Frontend Unit Tests","Frontend Unit Tests App Component existingNames passed to ColorPicker matches current color list",""
"","634","Show loading state when the API returns an empty colors list","BDD","Thu Jun 04 10:19:08 UTC 2026","passed","Thu Jun 04 10:19:09 UTC 2026","API Error Handling","","",""
"","0","Utility Functions hslToRgb hue=300 (magenta) → [255,0,255]","","Thu Jun 04 10:14:51 UTC 2026","passed","Thu Jun 04 10:14:51 UTC 2026","","Utility Functions","Utility Functions hslToRgb hue=300 (magenta) → [255,0,255]",""
"","66","Frontend Unit Tests App Component handles null data from initial fetch gracefully","","Thu Jun 04 10:14:51 UTC 2026","passed","Thu Jun 04 10:14:51 UTC 2026","","Frontend Unit Tests","Frontend Unit Tests App Component handles null data from initial fetch gracefully",""
"","0","Utility Functions hslToRgb saturation clamped: s=-0.5 treated as s=0","","Thu Jun 04 10:14:51 UTC 2026","passed","Thu Jun 04 10:14:51 UTC 2026","","Utility Functions","Utility Functions hslToRgb saturation clamped: s=-0.5 treated as s=0",""
"","21","Component Tests ColorPicker typing a valid hex clears the hex error and updates preview","","Thu Jun 04 10:14:51 UTC 2026","passed","Thu Jun 04 10:14:51 UTC 2026","","Utility Functions","Component Tests ColorPicker typing a valid hex clears the hex error and updates preview",""
"","0","Utility Functions hslToRgb hue=270 (violet) → [128,0,255]","","Thu Jun 04 10:14:51 UTC 2026","passed","Thu Jun 04 10:14:51 UTC 2026","","Utility Functions","Utility Functions hslToRgb hue=270 (violet) → [128,0,255]",""
"","57","Frontend Unit Tests App Component handleColorClick clears previous error on new successful click","","Thu Jun 04 10:14:51 UTC 2026","passed","Thu Jun 04 10:14:51 UTC 2026","","Frontend Unit Tests","Frontend Unit Tests App Component handleColorClick clears previous error on new successful click",""
"","10","NoSQL operator in GET path param is rejected (400 or 404)","Chrome","Thu Jun 04 10:19:28 UTC 2026","passed","Thu Jun 04 10:19:28 UTC 2026","Security > Injection Prevention","tests/security.spec.ts","",""
"","60","Frontend Unit Tests App Component confirm button shows ""Deleting…"" label while delete is in-flight","","Thu Jun 04 10:14:51 UTC 2026","passed","Thu Jun 04 10:14:51 UTC 2026","","Frontend Unit Tests","Frontend Unit Tests App Component confirm button shows ""Deleting…"" label while delete is in-flight",""
"","0","Utility Functions rgbToHex output is lowercase","","Thu Jun 04 10:14:51 UTC 2026","passed","Thu Jun 04 10:14:51 UTC 2026","","Utility Functions","Utility Functions rgbToHex output is lowercase",""
"","16","Component Tests ColorPicker Cancel button is disabled when saving=true","","Thu Jun 04 10:14:51 UTC 2026","passed","Thu Jun 04 10:14:51 UTC 2026","","Utility Functions","Component Tests ColorPicker Cancel button is disabled when saving=true",""
"","17","Component Tests ColorPicker typing a valid hex without # prefix is accepted","","Thu Jun 04 10:14:51 UTC 2026","passed","Thu Jun 04 10:14:51 UTC 2026","","Utility Functions","Component Tests ColorPicker typing a valid hex without # prefix is accepted",""
"","1","Frontend Unit Tests i18n Configuration should have translation keys in resources","","Thu Jun 04 10:14:52 UTC 2026","passed","Thu Jun 04 10:14:52 UTC 2026","","Frontend Unit Tests","Frontend Unit Tests i18n Configuration should have translation keys in resources",""
"","6","Server Integration Tests (Testcontainers) GET /api/colors/:name should return 400 for invalid name format","","Thu Jun 04 10:14:57 UTC 2026","passed","Thu Jun 04 10:14:57 UTC 2026","","Server Integration Tests (Testcontainers)","Server Integration Tests (Testcontainers) GET /api/colors/:name should return 400 for invalid name format",""
"","5","Frontend Unit Tests App Component language selector change calls i18n and updates html lang","","Thu Jun 04 10:14:51 UTC 2026","passed","Thu Jun 04 10:14:51 UTC 2026","","Frontend Unit Tests","Frontend Unit Tests App Component language selector change calls i18n and updates html lang",""
"","795","verify Yellow ( #f1c40f ) is applied as the background color","Chrome","Thu Jun 04 10:19:21 UTC 2026","passed","Thu Jun 04 10:19:22 UTC 2026","POM Refactored: Background color tests","tests/pom-refactored.spec.ts","",""
"","1","Utility Functions rgbToHex converts pure blue","","Thu Jun 04 10:14:51 UTC 2026","passed","Thu Jun 04 10:14:51 UTC 2026","","Utility Functions","Utility Functions rgbToHex converts pure blue",""
"","8","POST /api-docs returns 405","Chrome","Thu Jun 04 10:19:28 UTC 2026","passed","Thu Jun 04 10:19:28 UTC 2026","Security > HTTP Method Restrictions","tests/security.spec.ts","",""
"","1","Utility Functions rgbToHsl pure blue → h=240, s=1, l=0.5","","Thu Jun 04 10:14:51 UTC 2026","passed","Thu Jun 04 10:14:51 UTC 2026","","Utility Functions","Utility Functions rgbToHsl pure blue → h=240, s=1, l=0.5",""
"","46","Frontend Unit Tests App Component add color 409 fallback message when data.error is absent","","Thu Jun 04 10:14:51 UTC 2026","passed","Thu Jun 04 10:14:51 UTC 2026","","Frontend Unit Tests","Frontend Unit Tests App Component add color 409 fallback message when data.error is absent",""
"","14","Server Unit Tests Surviving Mutants & Edge Cases Strict Path & Method Validation kills mutants that change route paths to empty string","","Thu Jun 04 10:14:53 UTC 2026","passed","Thu Jun 04 10:14:53 UTC 2026","","Server Unit Tests","Server Unit Tests Surviving Mutants & Edge Cases Strict Path & Method Validation kills mutants that change route paths to empty string",""
"","20","Server Integration Tests (Testcontainers) POST /api/colors should create a new color and persist it in the real database","","Thu Jun 04 10:14:57 UTC 2026","passed","Thu Jun 04 10:14:57 UTC 2026","","Server Integration Tests (Testcontainers)","Server Integration Tests (Testcontainers) POST /api/colors should create a new color and persist it in the real database",""
"Performance Test: UI Performance Test
File: ui-performance.spec.ts
Total Iterations: 1
Max VUs: 1

HTTP Request Duration:
- Avg: 4.28ms
- P(95): 4.28ms
- Max: 4.28ms

Full metrics attached in the results.","35591","UI Performance Test","Performance","Thu Jun 04 10:17:37 UTC 2026","passed","Thu Jun 04 10:18:13 UTC 2026","ui-performance.spec.ts","UI Performance Test","",""
"","10839","should load the application and verify core functionality across browsers","WebKit","Thu Jun 04 10:19:17 UTC 2026","passed","Thu Jun 04 10:19:28 UTC 2026","Cross-Browser Core Functionality","","",""
"","65","Frontend Unit Tests App Component useEffect runs only once on mount","","Thu Jun 04 10:14:51 UTC 2026","passed","Thu Jun 04 10:14:51 UTC 2026","","Frontend Unit Tests","Frontend Unit Tests App Component useEffect runs only once on mount",""
"","7","Server Unit Tests GET /api/colors/:name returns Yellow color correctly","","Thu Jun 04 10:14:53 UTC 2026","passed","Thu Jun 04 10:14:53 UTC 2026","","Server Unit Tests","Server Unit Tests GET /api/colors/:name returns Yellow color correctly",""
"","5","Server Unit Tests Middleware does not include X-Powered-By header","","Thu Jun 04 10:14:53 UTC 2026","passed","Thu Jun 04 10:14:53 UTC 2026","","Server Unit Tests","Server Unit Tests Middleware does not include X-Powered-By header",""
"","0","homepage after color change","Chrome","Thu Jun 04 10:21:34 UTC 2026","skipped","Thu Jun 04 10:21:34 UTC 2026","Percy Visual Regression – Production > Percy – desktop-xl (1920×1080)","","",""
"","20","Component Tests ColorPicker submit with invalid chars shows validation error","","Thu Jun 04 10:14:51 UTC 2026","passed","Thu Jun 04 10:14:51 UTC 2026","","Utility Functions","Component Tests ColorPicker submit with invalid chars shows validation error",""
"","1092","verify Turquoise ( #1abc9c ) is applied as the background color","Chrome","Thu Jun 04 10:19:11 UTC 2026","passed","Thu Jun 04 10:19:12 UTC 2026","Background color tests","tests/coverage.spec.ts","",""
"","4","Server Unit Tests 405 Method Not Allowed does not return 405 for allowed GET method on /api/colors/:name","","Thu Jun 04 10:14:53 UTC 2026","passed","Thu Jun 04 10:14:53 UTC 2026","","Server Unit Tests","Server Unit Tests 405 Method Not Allowed does not return 405 for allowed GET method on /api/colors/:name",""
"","0","Utility Functions readableOn returns #111 for a pale/pastel colour (high luminance)","","Thu Jun 04 10:14:51 UTC 2026","passed","Thu Jun 04 10:14:51 UTC 2026","","Utility Functions","Utility Functions readableOn returns #111 for a pale/pastel colour (high luminance)",""
"","74","GET /api/colors/{name}","","","passed","","","schemathesis","",""
"","76","should delete an existing color","Chrome","Thu Jun 04 10:19:23 UTC 2026","passed","Thu Jun 04 10:19:23 UTC 2026","Backend API Integration > DELETE /api/colors/:name","tests/api.spec.ts","",""
"","928","verify Red ( #e74c3c ) is applied as the background color","Chrome","Thu Jun 04 10:19:11 UTC 2026","passed","Thu Jun 04 10:19:12 UTC 2026","Background color tests","tests/coverage.spec.ts","",""
"","8","PATCH /api/colors/:name returns 405","Chrome","Thu Jun 04 10:19:28 UTC 2026","passed","Thu Jun 04 10:19:28 UTC 2026","Security > HTTP Method Restrictions","tests/security.spec.ts","",""
"","28","Server Integration Tests (Testcontainers) End-to-end CRUD workflow should create, read, update, and delete a color in sequence","","Thu Jun 04 10:14:57 UTC 2026","passed","Thu Jun 04 10:14:57 UTC 2026","","Server Integration Tests (Testcontainers)","Server Integration Tests (Testcontainers) End-to-end CRUD workflow should create, read, update, and delete a color in sequence",""
"","1449","successfully adds a new color and shows its chip","Chrome","Thu Jun 04 10:19:27 UTC 2026","passed","Thu Jun 04 10:19:28 UTC 2026","Color Management — Add & Delete","tests/color-management.spec.ts","",""
"","8","Server Unit Tests GET /api/colors/:name returns a single color by name with correct fields","","Thu Jun 04 10:14:53 UTC 2026","passed","Thu Jun 04 10:14:53 UTC 2026","","Server Unit Tests","Server Unit Tests GET /api/colors/:name returns a single color by name with correct fields",""
"","4","Server Integration Tests (Testcontainers) Method Not Allowed should return 405 for PATCH /api/colors/:name","","Thu Jun 04 10:14:57 UTC 2026","passed","Thu Jun 04 10:14:57 UTC 2026","","Server Integration Tests (Testcontainers)","Server Integration Tests (Testcontainers) Method Not Allowed should return 405 for PATCH /api/colors/:name",""
"","5","Server Unit Tests PUT /api/colors/:name returns 400 for extra unknown fields (strict schema)","","Thu Jun 04 10:14:53 UTC 2026","passed","Thu Jun 04 10:14:53 UTC 2026","","Server Unit Tests","Server Unit Tests PUT /api/colors/:name returns 400 for extra unknown fields (strict schema)",""
"","878","Example #1","BDD","Thu Jun 04 10:19:12 UTC 2026","passed","Thu Jun 04 10:19:12 UTC 2026","Language Switching > Switch language and verify translated UI labels","","",""
"","21","Server Integration Tests (Testcontainers) Concurrent writes should handle simultaneous POSTs with the same name — exactly one succeeds","","Thu Jun 04 10:14:57 UTC 2026","passed","Thu Jun 04 10:14:57 UTC 2026","","Server Integration Tests (Testcontainers)","Server Integration Tests (Testcontainers) Concurrent writes should handle simultaneous POSTs with the same name — exactly one succeeds",""
