"DESCRIPTION","DURATION IN MS","NAME","PARENT SUITE","START TIME","STATUS","STOP TIME","SUB SUITE","SUITE","TEST CLASS","TEST METHOD"
"","25","Server Unit Tests Surviving Mutants & Edge Cases Regex & Validation STRICT_NAME_REGEX kills mutants on start/end/middle characters","","Mon Apr 27 19:10:34 UTC 2026","passed","Mon Apr 27 19:10:34 UTC 2026","","Server Unit Tests","Server Unit Tests Surviving Mutants & Edge Cases Regex & Validation STRICT_NAME_REGEX kills mutants on start/end/middle characters",""
"","5","Server Unit Tests 405 Method Not Allowed does not return 405 for allowed PUT method on /api/colors/:name","","Mon Apr 27 19:10:34 UTC 2026","passed","Mon Apr 27 19:10:34 UTC 2026","","Server Unit Tests","Server Unit Tests 405 Method Not Allowed does not return 405 for allowed PUT method on /api/colors/:name",""
"","98","Frontend Unit Tests App Component handleColorClick does nothing when data has no hex","","Mon Apr 27 19:10:54 UTC 2026","passed","Mon Apr 27 19:10:54 UTC 2026","","Frontend Unit Tests","Frontend Unit Tests App Component handleColorClick does nothing when data has no hex",""
"","0","Utility Functions hslToRgb negative hue wraps: hue=-120 = hue=240","","Mon Apr 27 19:10:54 UTC 2026","passed","Mon Apr 27 19:10:54 UTC 2026","","Utility Functions","Utility Functions hslToRgb negative hue wraps: hue=-120 = hue=240",""
"","577","Example #3","BDD","Mon Apr 27 19:17:49 UTC 2026","passed","Mon Apr 27 19:17:49 UTC 2026","Language Switching > Switch language and verify translated UI labels","","",""
"","12","Component Tests ColorPicker typing red with g<b hex updates internal state","","Mon Apr 27 19:10:54 UTC 2026","passed","Mon Apr 27 19:10:54 UTC 2026","","Utility Functions","Component Tests ColorPicker typing red with g<b hex updates internal state",""
"","15","oversized payload is rejected (413)","Chrome","Mon Apr 27 19:17:14 UTC 2026","passed","Mon Apr 27 19:17:14 UTC 2026","Security > Input Validation","tests/security.spec.ts","",""
"","9","Server Integration Tests (Testcontainers) POST /api/colors should return 400 when name is missing","","Mon Apr 27 19:10:25 UTC 2026","passed","Mon Apr 27 19:10:25 UTC 2026","","Server Integration Tests (Testcontainers)","Server Integration Tests (Testcontainers) POST /api/colors should return 400 when name is missing",""
"","1","Utility Functions hslToRgb hue=360 wraps to hue=0 → [255,0,0]","","Mon Apr 27 19:10:54 UTC 2026","passed","Mon Apr 27 19:10:54 UTC 2026","","Utility Functions","Utility Functions hslToRgb hue=360 wraps to hue=0 → [255,0,0]",""
"","1166","delete API error shows alert banner","Chrome","Mon Apr 27 19:26:19 UTC 2026","passed","Mon Apr 27 19:26:20 UTC 2026","Color Management — Add & Delete","tests/color-management.spec.ts","",""
"","0","Utility Functions hslToRgb hue=330 (rose) → [255,0,128]","","Mon Apr 27 19:10:54 UTC 2026","passed","Mon Apr 27 19:10:54 UTC 2026","","Utility Functions","Utility Functions hslToRgb hue=330 (rose) → [255,0,128]",""
"","34","Frontend Unit Tests App Component add color 409 conflict shows picker error (data.error message)","","Mon Apr 27 19:10:54 UTC 2026","passed","Mon Apr 27 19:10:54 UTC 2026","","Frontend Unit Tests","Frontend Unit Tests App Component add color 409 conflict shows picker error (data.error message)",""
"","87","Component Tests ColorPicker renders the modal with title, hex preview, name and hex inputs","","Mon Apr 27 19:10:54 UTC 2026","passed","Mon Apr 27 19:10:54 UTC 2026","","Utility Functions","Component Tests ColorPicker renders the modal with title, hex preview, name and hex inputs",""
"","4","Server Unit Tests 405 Method Not Allowed does not return 405 for allowed GET method on /api/colors","","Mon Apr 27 19:10:34 UTC 2026","passed","Mon Apr 27 19:10:34 UTC 2026","","Server Unit Tests","Server Unit Tests 405 Method Not Allowed does not return 405 for allowed GET method on /api/colors",""
"","9","SQL injection characters in name are rejected (400)","Chrome","Mon Apr 27 19:17:14 UTC 2026","passed","Mon Apr 27 19:17:14 UTC 2026","Security > Injection Prevention","tests/security.spec.ts","",""
"","10","Server Unit Tests GET /api/colors/:name is case-sensitive","","Mon Apr 27 19:10:34 UTC 2026","passed","Mon Apr 27 19:10:34 UTC 2026","","Server Unit Tests","Server Unit Tests GET /api/colors/:name is case-sensitive",""
"","5","Component Tests ConfirmDialog Escape key does NOT call onCancel when busy","","Mon Apr 27 19:10:54 UTC 2026","passed","Mon Apr 27 19:10:54 UTC 2026","","Component Tests","Component Tests ConfirmDialog Escape key does NOT call onCancel when busy",""
"","1","Utility Functions rgbToHsl pure green → h=120, s=1, l=0.5","","Mon Apr 27 19:10:54 UTC 2026","passed","Mon Apr 27 19:10:54 UTC 2026","","Utility Functions","Utility Functions rgbToHsl pure green → h=120, s=1, l=0.5",""
"","7","Server Unit Tests POST /api/colors returns 409 for a duplicate color name with descriptive error","","Mon Apr 27 19:10:34 UTC 2026","passed","Mon Apr 27 19:10:34 UTC 2026","","Server Unit Tests","Server Unit Tests POST /api/colors returns 409 for a duplicate color name with descriptive error",""
"","0","Utility Functions rgbToHex pads single-digit hex values with leading zero","","Mon Apr 27 19:10:54 UTC 2026","passed","Mon Apr 27 19:10:54 UTC 2026","","Utility Functions","Utility Functions rgbToHex pads single-digit hex values with leading zero",""
"","48","Frontend Unit Tests App Component first loaded color is active (aria-pressed=true)","","Mon Apr 27 19:10:54 UTC 2026","passed","Mon Apr 27 19:10:54 UTC 2026","","Frontend Unit Tests","Frontend Unit Tests App Component first loaded color is active (aria-pressed=true)",""
"","3","Server Unit Tests 405 Method Not Allowed returns 405 for PATCH on /api/colors","","Mon Apr 27 19:10:34 UTC 2026","passed","Mon Apr 27 19:10:34 UTC 2026","","Server Unit Tests","Server Unit Tests 405 Method Not Allowed returns 405 for PATCH on /api/colors",""
"","1061","successful delete removes the chip","Chrome","Mon Apr 27 19:26:18 UTC 2026","passed","Mon Apr 27 19:26:19 UTC 2026","Color Management — Add & Delete","tests/color-management.spec.ts","",""
"","24","Component Tests ColorPicker touchmove while dragging updates hex","","Mon Apr 27 19:10:54 UTC 2026","passed","Mon Apr 27 19:10:54 UTC 2026","","Utility Functions","Component Tests ColorPicker touchmove while dragging updates hex",""
"","12","Frontend Unit Tests App Component shows loading text when colors array is empty","","Mon Apr 27 19:10:54 UTC 2026","passed","Mon Apr 27 19:10:54 UTC 2026","","Frontend Unit Tests","Frontend Unit Tests App Component shows loading text when colors array is empty",""
"","9","Component Tests ConfirmDialog confirmLabel prop is reflected in the button text","","Mon Apr 27 19:10:54 UTC 2026","passed","Mon Apr 27 19:10:54 UTC 2026","","Component Tests","Component Tests ConfirmDialog confirmLabel prop is reflected in the button text",""
"","1098","changing color to Yellow should reflect in UI and DOM","Chrome","Mon Apr 27 19:17:24 UTC 2026","passed","Mon Apr 27 19:17:25 UTC 2026","Data-Driven Testing","tests/data-driven.spec.ts","",""
"","10","Component Tests ColorPicker renders the color wheel canvas","","Mon Apr 27 19:10:54 UTC 2026","passed","Mon Apr 27 19:10:54 UTC 2026","","Utility Functions","Component Tests ColorPicker renders the color wheel canvas",""
"","12","Server Unit Tests Surviving Mutants & Edge Cases Regex & Validation STRICT_NAME_REGEX kills mutants on optionality and length","","Mon Apr 27 19:10:34 UTC 2026","passed","Mon Apr 27 19:10:34 UTC 2026","","Server Unit Tests","Server Unit Tests Surviving Mutants & Edge Cases Regex & Validation STRICT_NAME_REGEX kills mutants on optionality and length",""
"","623","verify Turquoise ( #1abc9c ) is applied as the background color","Chrome","Mon Apr 27 19:17:27 UTC 2026","passed","Mon Apr 27 19:17:28 UTC 2026","POM Refactored: Background color tests","tests/pom-refactored.spec.ts","",""
"","1731","should maintain accessibility in el language and verify resilient locators","Chrome","Mon Apr 27 19:23:09 UTC 2026","passed","Mon Apr 27 19:23:11 UTC 2026","i18n Accessibility Tests","tests/a11y.spec.ts","",""
"","1360","shows server-error message on 500 inside the picker","Chrome","Mon Apr 27 19:26:16 UTC 2026","passed","Mon Apr 27 19:26:17 UTC 2026","Color Management — Add & Delete","tests/color-management.spec.ts","",""
"","3","Server Unit Tests POST /api/colors returns 400 for completely empty body","","Mon Apr 27 19:10:34 UTC 2026","passed","Mon Apr 27 19:10:34 UTC 2026","","Server Unit Tests","Server Unit Tests POST /api/colors returns 400 for completely empty body",""
"","4","Server Unit Tests 405 Method Not Allowed does not return 405 for allowed GET method on /api/colors/:name","","Mon Apr 27 19:10:34 UTC 2026","passed","Mon Apr 27 19:10:34 UTC 2026","","Server Unit Tests","Server Unit Tests 405 Method Not Allowed does not return 405 for allowed GET method on /api/colors/:name",""
"","15","Component Tests ColorPicker typing a valid hex without # prefix is accepted","","Mon Apr 27 19:10:54 UTC 2026","passed","Mon Apr 27 19:10:54 UTC 2026","","Utility Functions","Component Tests ColorPicker typing a valid hex without # prefix is accepted",""
"","28","Frontend Unit Tests App Component link color is dark (#003366) on light background","","Mon Apr 27 19:10:54 UTC 2026","passed","Mon Apr 27 19:10:54 UTC 2026","","Frontend Unit Tests","Frontend Unit Tests App Component link color is dark (#003366) on light background",""
"","6","Server Integration Tests (Testcontainers) PUT /api/colors/:name should return 404 when updating a non-existent color","","Mon Apr 27 19:10:25 UTC 2026","passed","Mon Apr 27 19:10:25 UTC 2026","","Server Integration Tests (Testcontainers)","Server Integration Tests (Testcontainers) PUT /api/colors/:name should return 404 when updating a non-existent color",""
"","7","PATCH /api/colors returns 405","Chrome","Mon Apr 27 19:17:14 UTC 2026","passed","Mon Apr 27 19:17:14 UTC 2026","Security > HTTP Method Restrictions","tests/security.spec.ts","",""
"","1","Utility Functions hslToRgb hue=59 stays in sector 0","","Mon Apr 27 19:10:54 UTC 2026","passed","Mon Apr 27 19:10:54 UTC 2026","","Utility Functions","Utility Functions hslToRgb hue=59 stays in sector 0",""
"","1","Utility Functions hslToRgb saturation=0 gives pure grey [128,128,128]","","Mon Apr 27 19:10:54 UTC 2026","passed","Mon Apr 27 19:10:54 UTC 2026","","Utility Functions","Utility Functions hslToRgb saturation=0 gives pure grey [128,128,128]",""
"","7","Component Tests ColorPicker non-Enter key on name input does not trigger submit","","Mon Apr 27 19:10:54 UTC 2026","passed","Mon Apr 27 19:10:54 UTC 2026","","Utility Functions","Component Tests ColorPicker non-Enter key on name input does not trigger submit",""
"","1519","should display all core elements and handle button interaction","Chrome","Mon Apr 27 19:19:44 UTC 2026","passed","Mon Apr 27 19:19:45 UTC 2026","Responsive Design – tablet (768×1024)","","",""
"","40","Component Tests ColorPicker mousemove while dragging updates hex (dragging.current=true kills mutation)","","Mon Apr 27 19:10:54 UTC 2026","passed","Mon Apr 27 19:10:54 UTC 2026","","Utility Functions","Component Tests ColorPicker mousemove while dragging updates hex (dragging.current=true kills mutation)",""
"","659","handle color selection fetch error","Chrome","Mon Apr 27 19:17:22 UTC 2026","passed","Mon Apr 27 19:17:22 UTC 2026","Edge cases and error handling","tests/coverage.spec.ts","",""
"","26","GET /api/colors","","","skipped","","","schemathesis","",""
"","8","Component Tests ColorPicker editing name input calls onClearError to clear server error","","Mon Apr 27 19:10:54 UTC 2026","passed","Mon Apr 27 19:10:54 UTC 2026","","Utility Functions","Component Tests ColorPicker editing name input calls onClearError to clear server error",""
"","4","Server Unit Tests POST /api/colors returns 400 for name with special characters","","Mon Apr 27 19:10:34 UTC 2026","passed","Mon Apr 27 19:10:34 UTC 2026","","Server Unit Tests","Server Unit Tests POST /api/colors returns 400 for name with special characters",""
"","12","should reject missing name","Chrome","Mon Apr 27 19:23:11 UTC 2026","passed","Mon Apr 27 19:23:11 UTC 2026","Backend API Integration > POST /api/colors Schema Validation","tests/api.spec.ts","",""
"","6","Server Unit Tests OpenAPI endpoints serves Swagger UI as HTML","","Mon Apr 27 19:10:34 UTC 2026","passed","Mon Apr 27 19:10:34 UTC 2026","","Server Unit Tests","Server Unit Tests OpenAPI endpoints serves Swagger UI as HTML",""
"","8","Server Integration Tests (Testcontainers) GET /api/colors/:name should be case-sensitive (lowercase name returns 404)","","Mon Apr 27 19:10:25 UTC 2026","passed","Mon Apr 27 19:10:25 UTC 2026","","Server Integration Tests (Testcontainers)","Server Integration Tests (Testcontainers) GET /api/colors/:name should be case-sensitive (lowercase name returns 404)",""
"","6","Server Unit Tests GET /api/colors/:name returns 404 for a non-existent color","","Mon Apr 27 19:10:34 UTC 2026","passed","Mon Apr 27 19:10:34 UTC 2026","","Server Unit Tests","Server Unit Tests GET /api/colors/:name returns 404 for a non-existent color",""
"","7","Server Integration Tests (Testcontainers) GET /api/colors/:name should return 404 for a non-existent color","","Mon Apr 27 19:10:25 UTC 2026","passed","Mon Apr 27 19:10:25 UTC 2026","","Server Integration Tests (Testcontainers)","Server Integration Tests (Testcontainers) GET /api/colors/:name should return 404 for a non-existent color",""
"","0","Utility Functions rgbToHex value 16 does not pad","","Mon Apr 27 19:10:54 UTC 2026","passed","Mon Apr 27 19:10:54 UTC 2026","","Utility Functions","Utility Functions rgbToHex value 16 does not pad",""
"","36","Frontend Unit Tests App Component handleColorClick shows error alert on fetch failure","","Mon Apr 27 19:10:54 UTC 2026","passed","Mon Apr 27 19:10:54 UTC 2026","","Frontend Unit Tests","Frontend Unit Tests App Component handleColorClick shows error alert on fetch failure",""
"","50","Server Integration Tests (Testcontainers) GET /api/colors should retrieve all seeded colors","","Mon Apr 27 19:10:25 UTC 2026","passed","Mon Apr 27 19:10:25 UTC 2026","","Server Integration Tests (Testcontainers)","Server Integration Tests (Testcontainers) GET /api/colors should retrieve all seeded colors",""
"","30","Component Tests ColorPicker submit with duplicate name (client-side) shows duplicate error","","Mon Apr 27 19:10:54 UTC 2026","passed","Mon Apr 27 19:10:54 UTC 2026","","Utility Functions","Component Tests ColorPicker submit with duplicate name (client-side) shows duplicate error",""
"","750","handle initial fetch error","Chrome","Mon Apr 27 19:17:21 UTC 2026","passed","Mon Apr 27 19:17:22 UTC 2026","Edge cases and error handling","tests/coverage.spec.ts","",""
"","1","Utility Functions paintWheelPixel writes to the correct index offset in the array","","Mon Apr 27 19:10:54 UTC 2026","passed","Mon Apr 27 19:10:54 UTC 2026","","Utility Functions","Utility Functions paintWheelPixel writes to the correct index offset in the array",""
"","0","Utility Functions paintWheelPixel anti-aliases near-edge pixel: dist=r-0.5 gives alpha=127","","Mon Apr 27 19:10:54 UTC 2026","passed","Mon Apr 27 19:10:54 UTC 2026","","Utility Functions","Utility Functions paintWheelPixel anti-aliases near-edge pixel: dist=r-0.5 gives alpha=127",""
"","42","Frontend Unit Tests App Component add color 429 rate limit shows specific message","","Mon Apr 27 19:10:54 UTC 2026","passed","Mon Apr 27 19:10:54 UTC 2026","","Frontend Unit Tests","Frontend Unit Tests App Component add color 429 rate limit shows specific message",""
"","9","Frontend Unit Tests App Component shows error alert when initial fetch fails","","Mon Apr 27 19:10:54 UTC 2026","passed","Mon Apr 27 19:10:54 UTC 2026","","Frontend Unit Tests","Frontend Unit Tests App Component shows error alert when initial fetch fails",""
"","5","Server Integration Tests (Testcontainers) DELETE /api/colors/:name should return 400 for invalid name format","","Mon Apr 27 19:10:25 UTC 2026","passed","Mon Apr 27 19:10:25 UTC 2026","","Server Integration Tests (Testcontainers)","Server Integration Tests (Testcontainers) DELETE /api/colors/:name should return 400 for invalid name format",""
"","109","should delete an existing color","Chrome","Mon Apr 27 19:26:10 UTC 2026","passed","Mon Apr 27 19:26:10 UTC 2026","Backend API Integration > DELETE /api/colors/:name","tests/api.spec.ts","",""
"","1039","Example #2","BDD","Mon Apr 27 19:17:47 UTC 2026","passed","Mon Apr 27 19:17:48 UTC 2026","Home Page Background Color > Change background color","","",""
"","1242","shows client-side validation error for invalid name chars","Chrome","Mon Apr 27 19:26:15 UTC 2026","passed","Mon Apr 27 19:26:16 UTC 2026","Color Management — Add & Delete","tests/color-management.spec.ts","",""
"","9","Server Integration Tests (Testcontainers) seedDatabase should be idempotent — calling twice always yields exactly 3 colors","","Mon Apr 27 19:10:25 UTC 2026","passed","Mon Apr 27 19:10:25 UTC 2026","","Server Integration Tests (Testcontainers)","Server Integration Tests (Testcontainers) seedDatabase should be idempotent — calling twice always yields exactly 3 colors",""
"","1059","should display all core elements and handle button interaction","Chrome","Mon Apr 27 19:19:45 UTC 2026","passed","Mon Apr 27 19:19:46 UTC 2026","Responsive Design – iPhone SE (375×667)","","",""
"","4","Frontend Unit Tests i18n Configuration should be initialized with correct settings","","Mon Apr 27 19:10:56 UTC 2026","passed","Mon Apr 27 19:10:56 UTC 2026","","Frontend Unit Tests","Frontend Unit Tests i18n Configuration should be initialized with correct settings",""
"","11","Component Tests ColorPicker wheel cursor moves to (220,110) after right-edge click (hue=0, sat=1)","","Mon Apr 27 19:10:54 UTC 2026","passed","Mon Apr 27 19:10:54 UTC 2026","","Utility Functions","Component Tests ColorPicker wheel cursor moves to (220,110) after right-edge click (hue=0, sat=1)",""
"","5100","should load the application and verify core functionality across browsers","WebKit","Mon Apr 27 19:17:54 UTC 2026","passed","Mon Apr 27 19:17:59 UTC 2026","Cross-Browser Core Functionality","","",""
"","688","verify language switcher changes document language","Chrome","Mon Apr 27 19:17:21 UTC 2026","passed","Mon Apr 27 19:17:22 UTC 2026","","tests/coverage.spec.ts","",""
"","15","POST with javascript: URI in name is rejected (400)","Chrome","Mon Apr 27 19:17:12 UTC 2026","passed","Mon Apr 27 19:17:12 UTC 2026","Security > XSS Prevention","tests/security.spec.ts","",""
"","18","Frontend Unit Tests App Component labelFor falls back to color name for unknown/custom color","","Mon Apr 27 19:10:54 UTC 2026","passed","Mon Apr 27 19:10:54 UTC 2026","","Frontend Unit Tests","Frontend Unit Tests App Component labelFor falls back to color name for unknown/custom color",""
"","5","Server Unit Tests Error Handling DELETE /api/colors/:name returns 500 when database fails","","Mon Apr 27 19:10:34 UTC 2026","passed","Mon Apr 27 19:10:34 UTC 2026","","Server Unit Tests","Server Unit Tests Error Handling DELETE /api/colors/:name returns 500 when database fails",""
"","615","Example #1","BDD","Mon Apr 27 19:17:48 UTC 2026","passed","Mon Apr 27 19:17:49 UTC 2026","Language Switching > Switch language and verify translated UI labels","","",""
"","5","Server Unit Tests POST /api/colors returns 400 for name with whitespace","","Mon Apr 27 19:10:34 UTC 2026","passed","Mon Apr 27 19:10:34 UTC 2026","","Server Unit Tests","Server Unit Tests POST /api/colors returns 400 for name with whitespace",""
"","32","Frontend Unit Tests App Component confirm dialog Escape key closes it","","Mon Apr 27 19:10:54 UTC 2026","passed","Mon Apr 27 19:10:54 UTC 2026","","Frontend Unit Tests","Frontend Unit Tests App Component confirm dialog Escape key closes it",""
"","6","Frontend Unit Tests App Component language selector change calls i18n and updates html lang","","Mon Apr 27 19:10:54 UTC 2026","passed","Mon Apr 27 19:10:54 UTC 2026","","Frontend Unit Tests","Frontend Unit Tests App Component language selector change calls i18n and updates html lang",""
"","6","Server Unit Tests GET /api/colors/:name returns 400 for invalid name in path (regex check)","","Mon Apr 27 19:10:34 UTC 2026","passed","Mon Apr 27 19:10:34 UTC 2026","","Server Unit Tests","Server Unit Tests GET /api/colors/:name returns 400 for invalid name in path (regex check)",""
"","45","Frontend Unit Tests App Component confirm dialog cancel button closes it","","Mon Apr 27 19:10:54 UTC 2026","passed","Mon Apr 27 19:10:54 UTC 2026","","Frontend Unit Tests","Frontend Unit Tests App Component confirm dialog cancel button closes it",""
"","0","Utility Functions rgbToHsl black [0,0,0] → h=0, s=0, l=0","","Mon Apr 27 19:10:54 UTC 2026","passed","Mon Apr 27 19:10:54 UTC 2026","","Utility Functions","Utility Functions rgbToHsl black [0,0,0] → h=0, s=0, l=0",""
"","4","Server Unit Tests Surviving Mutants & Edge Cases Swagger Metadata & OpenAPI has exact info metadata","","Mon Apr 27 19:10:34 UTC 2026","passed","Mon Apr 27 19:10:34 UTC 2026","","Server Unit Tests","Server Unit Tests Surviving Mutants & Edge Cases Swagger Metadata & OpenAPI has exact info metadata",""
"","23","Component Tests ColorPicker submit with invalid chars shows validation error","","Mon Apr 27 19:10:54 UTC 2026","passed","Mon Apr 27 19:10:54 UTC 2026","","Utility Functions","Component Tests ColorPicker submit with invalid chars shows validation error",""
"","0","Utility Functions readableOn returns #111 for light-grey (L≈0.60, above 0.179 threshold)","","Mon Apr 27 19:10:54 UTC 2026","passed","Mon Apr 27 19:10:54 UTC 2026","","Utility Functions","Utility Functions readableOn returns #111 for light-grey (L≈0.60, above 0.179 threshold)",""
"","0","Utility Functions readableOn returns #111 for white (very light, L=1)","","Mon Apr 27 19:10:54 UTC 2026","passed","Mon Apr 27 19:10:54 UTC 2026","","Utility Functions","Utility Functions readableOn returns #111 for white (very light, L=1)",""
"","4","Server Unit Tests DELETE /api/colors/:name returns 400 for invalid name in path (regex check)","","Mon Apr 27 19:10:34 UTC 2026","passed","Mon Apr 27 19:10:34 UTC 2026","","Server Unit Tests","Server Unit Tests DELETE /api/colors/:name returns 400 for invalid name in path (regex check)",""
"","7","Server Unit Tests Surviving Mutants & Edge Cases Regex & Validation hex regex kills mutants by testing boundaries and formats","","Mon Apr 27 19:10:34 UTC 2026","passed","Mon Apr 27 19:10:34 UTC 2026","","Server Unit Tests","Server Unit Tests Surviving Mutants & Edge Cases Regex & Validation hex regex kills mutants by testing boundaries and formats",""
"","1","homepage initial state","Chrome","Mon Apr 27 19:19:46 UTC 2026","skipped","Mon Apr 27 19:19:46 UTC 2026","Percy Visual Regression – Production > Percy – tablet (768×1024)","","",""
"","5","Server Unit Tests Error Handling GET /api/colors returns 500 when database fails","","Mon Apr 27 19:10:34 UTC 2026","passed","Mon Apr 27 19:10:34 UTC 2026","","Server Unit Tests","Server Unit Tests Error Handling GET /api/colors returns 500 when database fails",""
"","22","Component Tests ColorPicker mousemove after mouseup does NOT update color (dragging stopped)","","Mon Apr 27 19:10:54 UTC 2026","passed","Mon Apr 27 19:10:54 UTC 2026","","Utility Functions","Component Tests ColorPicker mousemove after mouseup does NOT update color (dragging stopped)",""
"","2519","should not have any automatically detectable accessibility issues","Chrome","Mon Apr 27 19:23:00 UTC 2026","passed","Mon Apr 27 19:23:03 UTC 2026","Accessibility Tests","tests/a11y.spec.ts","",""
"","0","Utility Functions hslToRgb lightness=0 gives black","","Mon Apr 27 19:10:54 UTC 2026","passed","Mon Apr 27 19:10:54 UTC 2026","","Utility Functions","Utility Functions hslToRgb lightness=0 gives black",""
"","0","Utility Functions hslToRgb lightness clamped: l=1.5 gives white","","Mon Apr 27 19:10:54 UTC 2026","passed","Mon Apr 27 19:10:54 UTC 2026","","Utility Functions","Utility Functions hslToRgb lightness clamped: l=1.5 gives white",""
"","4","Server Unit Tests PUT /api/colors/:name returns 400 for extra unknown fields (strict schema)","","Mon Apr 27 19:10:34 UTC 2026","passed","Mon Apr 27 19:10:34 UTC 2026","","Server Unit Tests","Server Unit Tests PUT /api/colors/:name returns 400 for extra unknown fields (strict schema)",""
"","5","Server Unit Tests Middleware JSON error middleware passes non-syntax errors to next()","","Mon Apr 27 19:10:34 UTC 2026","passed","Mon Apr 27 19:10:34 UTC 2026","","Server Unit Tests","Server Unit Tests Middleware JSON error middleware passes non-syntax errors to next()",""
"","21","POST with script tag in name is rejected (400)","Chrome","Mon Apr 27 19:17:12 UTC 2026","passed","Mon Apr 27 19:17:12 UTC 2026","Security > XSS Prevention","tests/security.spec.ts","",""
"","1025","Cancel button closes the picker","Chrome","Mon Apr 27 19:26:12 UTC 2026","passed","Mon Apr 27 19:26:13 UTC 2026","Color Management — Add & Delete","tests/color-management.spec.ts","",""
"","4","Server Unit Tests POST /api/colors returns 400 for invalid hex format (no hash)","","Mon Apr 27 19:10:34 UTC 2026","passed","Mon Apr 27 19:10:34 UTC 2026","","Server Unit Tests","Server Unit Tests POST /api/colors returns 400 for invalid hex format (no hash)",""
"","12","should reject missing hex","Chrome","Mon Apr 27 19:23:11 UTC 2026","passed","Mon Apr 27 19:23:11 UTC 2026","Backend API Integration > POST /api/colors Schema Validation","tests/api.spec.ts","",""
"","8","Server Unit Tests GET /api/colors/:name returns Yellow color correctly","","Mon Apr 27 19:10:34 UTC 2026","passed","Mon Apr 27 19:10:34 UTC 2026","","Server Unit Tests","Server Unit Tests GET /api/colors/:name returns Yellow color correctly",""
"","22","Component Tests ColorPicker mousedown outside circle clamps sat to 1","","Mon Apr 27 19:10:54 UTC 2026","passed","Mon Apr 27 19:10:54 UTC 2026","","Utility Functions","Component Tests ColorPicker mousedown outside circle clamps sat to 1",""
"","45","Frontend Unit Tests App Component delete API error shows error alert without closing dialog","","Mon Apr 27 19:10:54 UTC 2026","passed","Mon Apr 27 19:10:54 UTC 2026","","Frontend Unit Tests","Frontend Unit Tests App Component delete API error shows error alert without closing dialog",""
"","6","Component Tests ConfirmDialog backdrop click calls onCancel when not busy","","Mon Apr 27 19:10:54 UTC 2026","passed","Mon Apr 27 19:10:54 UTC 2026","","Component Tests","Component Tests ConfirmDialog backdrop click calls onCancel when not busy",""
"","48","Frontend Unit Tests App Component handleColorClick encodes color name in URL","","Mon Apr 27 19:10:54 UTC 2026","passed","Mon Apr 27 19:10:54 UTC 2026","","Frontend Unit Tests","Frontend Unit Tests App Component handleColorClick encodes color name in URL",""
"","13","Component Tests ColorPicker Add color button shows ""Saving…"" when saving=true","","Mon Apr 27 19:10:54 UTC 2026","passed","Mon Apr 27 19:10:54 UTC 2026","","Utility Functions","Component Tests ColorPicker Add color button shows ""Saving…"" when saving=true",""
"","7","Server Unit Tests Surviving Mutants & Edge Cases Allowed Methods kills mutants in allowedMethods object","","Mon Apr 27 19:10:34 UTC 2026","passed","Mon Apr 27 19:10:34 UTC 2026","","Server Unit Tests","Server Unit Tests Surviving Mutants & Edge Cases Allowed Methods kills mutants in allowedMethods object",""
"","11","Component Tests ColorPicker typing blue hex updates internal state (b is max branch)","","Mon Apr 27 19:10:54 UTC 2026","passed","Mon Apr 27 19:10:54 UTC 2026","","Utility Functions","Component Tests ColorPicker typing blue hex updates internal state (b is max branch)",""
"","58","POST with HTML tag in name is rejected (400)","Chrome","Mon Apr 27 19:17:12 UTC 2026","passed","Mon Apr 27 19:17:12 UTC 2026","Security > XSS Prevention","tests/security.spec.ts","",""
"","43","Frontend Unit Tests App Component deleting a non-active color keeps the current background","","Mon Apr 27 19:10:54 UTC 2026","passed","Mon Apr 27 19:10:54 UTC 2026","","Frontend Unit Tests","Frontend Unit Tests App Component deleting a non-active color keeps the current background",""
"","2050","should load the application and verify core functionality across browsers","Firefox","Mon Apr 27 19:17:52 UTC 2026","passed","Mon Apr 27 19:17:54 UTC 2026","Cross-Browser Core Functionality","","",""
"","20","Component Tests ColorPicker close (×) button calls onCancel","","Mon Apr 27 19:10:54 UTC 2026","passed","Mon Apr 27 19:10:54 UTC 2026","","Utility Functions","Component Tests ColorPicker close (×) button calls onCancel",""
"","5","Server Unit Tests OpenAPI endpoints serves the OpenAPI JSON spec with exact metadata","","Mon Apr 27 19:10:34 UTC 2026","passed","Mon Apr 27 19:10:34 UTC 2026","","Server Unit Tests","Server Unit Tests OpenAPI endpoints serves the OpenAPI JSON spec with exact metadata",""
"","0","Utility Functions rgbToHsl light red (#ff8080): l>0.5, s computed via (2-max-min) branch","","Mon Apr 27 19:10:54 UTC 2026","passed","Mon Apr 27 19:10:54 UTC 2026","","Utility Functions","Utility Functions rgbToHsl light red (#ff8080): l>0.5, s computed via (2-max-min) branch",""
"","1085","verify Red ( #e74c3c ) is applied as the background color","Chrome","Mon Apr 27 19:17:18 UTC 2026","passed","Mon Apr 27 19:17:19 UTC 2026","Background color tests","tests/coverage.spec.ts","",""
"","75","Frontend Unit Tests App Component picker onCancel does nothing when saving=true","","Mon Apr 27 19:10:54 UTC 2026","passed","Mon Apr 27 19:10:54 UTC 2026","","Frontend Unit Tests","Frontend Unit Tests App Component picker onCancel does nothing when saving=true",""
"","7846","should meet the accessibility threshold using Google Lighthouse","Chrome","Mon Apr 27 19:23:05 UTC 2026","passed","Mon Apr 27 19:23:13 UTC 2026","Accessibility Tests","tests/a11y.spec.ts","",""
"","0","Utility Functions readableOn returns #111 for turquoise (L≈0.39, black gives better contrast)","","Mon Apr 27 19:10:54 UTC 2026","passed","Mon Apr 27 19:10:54 UTC 2026","","Utility Functions","Utility Functions readableOn returns #111 for turquoise (L≈0.39, black gives better contrast)",""
"","18","Component Tests ColorPicker touch start on canvas sets hex to #ff0000 at right edge","","Mon Apr 27 19:10:54 UTC 2026","passed","Mon Apr 27 19:10:54 UTC 2026","","Utility Functions","Component Tests ColorPicker touch start on canvas sets hex to #ff0000 at right edge",""
"","4","Server Unit Tests Surviving Mutants & Edge Cases Swagger JSDoc Integration kills apis array mutants by verifying JSDoc content is present","","Mon Apr 27 19:10:34 UTC 2026","passed","Mon Apr 27 19:10:34 UTC 2026","","Server Unit Tests","Server Unit Tests Surviving Mutants & Edge Cases Swagger JSDoc Integration kills apis array mutants by verifying JSDoc content is present",""
"","0","Utility Functions hexToRgb is case-insensitive","","Mon Apr 27 19:10:54 UTC 2026","passed","Mon Apr 27 19:10:54 UTC 2026","","Utility Functions","Utility Functions hexToRgb is case-insensitive",""
"","23","Server Integration Tests (Testcontainers) End-to-end CRUD workflow should create, read, update, and delete a color in sequence","","Mon Apr 27 19:10:25 UTC 2026","passed","Mon Apr 27 19:10:25 UTC 2026","","Server Integration Tests (Testcontainers)","Server Integration Tests (Testcontainers) End-to-end CRUD workflow should create, read, update, and delete a color in sequence",""
"","5","Component Tests ConfirmDialog Enter key does NOT call onConfirm when busy","","Mon Apr 27 19:10:54 UTC 2026","passed","Mon Apr 27 19:10:54 UTC 2026","","Component Tests","Component Tests ConfirmDialog Enter key does NOT call onConfirm when busy",""
"","472","should load the application and verify core functionality across browsers","Chrome","Mon Apr 27 19:17:56 UTC 2026","passed","Mon Apr 27 19:17:56 UTC 2026","Cross-Browser Core Functionality","","",""
"","30","Component Tests ColorPicker typing in name input clears name error","","Mon Apr 27 19:10:54 UTC 2026","passed","Mon Apr 27 19:10:54 UTC 2026","","Utility Functions","Component Tests ColorPicker typing in name input clears name error",""
"","1221","homepage should match snapshot","Chrome","Mon Apr 27 19:19:42 UTC 2026","passed","Mon Apr 27 19:19:43 UTC 2026","Visual Regression – desktop-xl (1920×1080)","","",""
"","1128","cancel in confirm dialog closes it without deleting","Chrome","Mon Apr 27 19:26:17 UTC 2026","passed","Mon Apr 27 19:26:18 UTC 2026","Color Management — Add & Delete","tests/color-management.spec.ts","",""
"","4","Server Unit Tests Middleware does not include X-Powered-By header","","Mon Apr 27 19:10:34 UTC 2026","passed","Mon Apr 27 19:10:34 UTC 2026","","Server Unit Tests","Server Unit Tests Middleware does not include X-Powered-By header",""
"","4","Server Unit Tests POST /api/colors returns 400 for invalid hex format (too short)","","Mon Apr 27 19:10:34 UTC 2026","passed","Mon Apr 27 19:10:34 UTC 2026","","Server Unit Tests","Server Unit Tests POST /api/colors returns 400 for invalid hex format (too short)",""
"","97","Frontend Unit Tests App Component confirm dialog cancel does nothing when deleting=true","","Mon Apr 27 19:10:54 UTC 2026","passed","Mon Apr 27 19:10:54 UTC 2026","","Frontend Unit Tests","Frontend Unit Tests App Component confirm dialog cancel does nothing when deleting=true",""
"","27","Component Tests ColorPicker submit is blocked when hex input has an error","","Mon Apr 27 19:10:54 UTC 2026","passed","Mon Apr 27 19:10:54 UTC 2026","","Utility Functions","Component Tests ColorPicker submit is blocked when hex input has an error",""
"","1","Utility Functions readableOn returns #111 for an invalid/empty hex string (null rgb fallback)","","Mon Apr 27 19:10:54 UTC 2026","passed","Mon Apr 27 19:10:54 UTC 2026","","Utility Functions","Utility Functions readableOn returns #111 for an invalid/empty hex string (null rgb fallback)",""
"","57","Frontend Unit Tests App Component add color success closes picker and shows new chip","","Mon Apr 27 19:10:54 UTC 2026","passed","Mon Apr 27 19:10:54 UTC 2026","","Frontend Unit Tests","Frontend Unit Tests App Component add color success closes picker and shows new chip",""
"","2494","should maintain accessibility after state change (color update)","Chrome","Mon Apr 27 19:23:00 UTC 2026","passed","Mon Apr 27 19:23:03 UTC 2026","Accessibility Tests","tests/a11y.spec.ts","",""
"","1440","color names rendered in the UI do not trigger script execution","Chrome","Mon Apr 27 19:17:12 UTC 2026","passed","Mon Apr 27 19:17:13 UTC 2026","Security > XSS Prevention","tests/security.spec.ts","",""
"","4","Server Unit Tests PUT /api/colors/:name returns 400 for invalid name in path (regex check)","","Mon Apr 27 19:10:34 UTC 2026","passed","Mon Apr 27 19:10:34 UTC 2026","","Server Unit Tests","Server Unit Tests PUT /api/colors/:name returns 400 for invalid name in path (regex check)",""
"","18","Component Tests ColorPicker Cancel button is disabled when saving=true","","Mon Apr 27 19:10:54 UTC 2026","passed","Mon Apr 27 19:10:54 UTC 2026","","Utility Functions","Component Tests ColorPicker Cancel button is disabled when saving=true",""
"","4","Server Unit Tests Error Handling seedDatabase logs error when database fails","","Mon Apr 27 19:10:34 UTC 2026","passed","Mon Apr 27 19:10:34 UTC 2026","","Server Unit Tests","Server Unit Tests Error Handling seedDatabase logs error when database fails",""
"","0","Utility Functions hexToRgb parses a standard #RRGGBB hex","","Mon Apr 27 19:10:54 UTC 2026","passed","Mon Apr 27 19:10:54 UTC 2026","","Utility Functions","Utility Functions hexToRgb parses a standard #RRGGBB hex",""
"","63","GET /api/colors/Turquoise should return the correct hex code","Chrome","Mon Apr 27 19:23:11 UTC 2026","passed","Mon Apr 27 19:23:11 UTC 2026","Backend API Integration","tests/api.spec.ts","",""
"","10","Server Integration Tests (Testcontainers) POST /api/colors should return 400 when hex is missing","","Mon Apr 27 19:10:25 UTC 2026","passed","Mon Apr 27 19:10:25 UTC 2026","","Server Integration Tests (Testcontainers)","Server Integration Tests (Testcontainers) POST /api/colors should return 400 when hex is missing",""
"","0","Utility Functions hslToRgb hue=270 (violet) → [128,0,255]","","Mon Apr 27 19:10:54 UTC 2026","passed","Mon Apr 27 19:10:54 UTC 2026","","Utility Functions","Utility Functions hslToRgb hue=270 (violet) → [128,0,255]",""
"","13","Frontend Unit Tests i18n Configuration should have defined resources for en, es, el","","Mon Apr 27 19:10:56 UTC 2026","passed","Mon Apr 27 19:10:56 UTC 2026","","Frontend Unit Tests","Frontend Unit Tests i18n Configuration should have defined resources for en, es, el",""
"","8","malformed JSON body returns 400","Chrome","Mon Apr 27 19:17:14 UTC 2026","passed","Mon Apr 27 19:17:14 UTC 2026","Security > Input Validation","tests/security.spec.ts","",""
"","5","Server Unit Tests DELETE /api/colors/:name cannot delete the same color twice","","Mon Apr 27 19:10:34 UTC 2026","passed","Mon Apr 27 19:10:34 UTC 2026","","Server Unit Tests","Server Unit Tests DELETE /api/colors/:name cannot delete the same color twice",""
"Performance Test: UI Performance Test
File: ui-performance.spec.ts
Total Iterations: 1
Max VUs: 1

HTTP Request Duration:
- Avg: 2.28ms
- P(95): 2.28ms
- Max: 2.28ms

Full metrics attached in the results.","33069","UI Performance Test","Performance","Mon Apr 27 19:20:39 UTC 2026","passed","Mon Apr 27 19:21:12 UTC 2026","ui-performance.spec.ts","UI Performance Test","",""
"","3","Server Unit Tests PUT /api/colors/:name returns 400 when no fields are provided (empty body)","","Mon Apr 27 19:10:34 UTC 2026","passed","Mon Apr 27 19:10:34 UTC 2026","","Server Unit Tests","Server Unit Tests PUT /api/colors/:name returns 400 when no fields are provided (empty body)",""
"","10","Component Tests ColorPicker wheel cursor is at (110,110) at center (sat=0)","","Mon Apr 27 19:10:54 UTC 2026","passed","Mon Apr 27 19:10:54 UTC 2026","","Utility Functions","Component Tests ColorPicker wheel cursor is at (110,110) at center (sat=0)",""
"","263","Server Unit Tests Surviving Mutants & Edge Cases Port Fallback reflects process.env.PORT in Swagger servers","","Mon Apr 27 19:10:34 UTC 2026","passed","Mon Apr 27 19:10:34 UTC 2026","","Server Unit Tests","Server Unit Tests Surviving Mutants & Edge Cases Port Fallback reflects process.env.PORT in Swagger servers",""
"Performance Test: API Performance Test
File: api-performance.spec.ts
Total Iterations: 1
Max VUs: 1

HTTP Request Duration:
- Avg: 7.65ms
- P(95): 13.85ms
- Max: 14.45ms

Full metrics attached in the results.","2379","API Performance Test","Performance","Mon Apr 27 19:21:32 UTC 2026","passed","Mon Apr 27 19:21:35 UTC 2026","api-performance.spec.ts","API Performance Test","",""
"","926","verify Red ( #e74c3c ) is applied as the background color","Chrome","Mon Apr 27 19:17:28 UTC 2026","passed","Mon Apr 27 19:17:29 UTC 2026","POM Refactored: Background color tests","tests/pom-refactored.spec.ts","",""
"","5","Server Unit Tests Middleware JSON error middleware ignores SyntaxError without body","","Mon Apr 27 19:10:34 UTC 2026","passed","Mon Apr 27 19:10:34 UTC 2026","","Server Unit Tests","Server Unit Tests Middleware JSON error middleware ignores SyntaxError without body",""
"","6","Server Unit Tests 405 Method Not Allowed does not return 405 for allowed POST method on /api/colors","","Mon Apr 27 19:10:34 UTC 2026","passed","Mon Apr 27 19:10:34 UTC 2026","","Server Unit Tests","Server Unit Tests 405 Method Not Allowed does not return 405 for allowed POST method on /api/colors",""
"","1489","successfully adds a new color and shows its chip","Chrome","Mon Apr 27 19:26:13 UTC 2026","passed","Mon Apr 27 19:26:15 UTC 2026","Color Management — Add & Delete","tests/color-management.spec.ts","",""
"","99","Frontend Unit Tests App Component handleColorClick does nothing when data is null","","Mon Apr 27 19:10:54 UTC 2026","passed","Mon Apr 27 19:10:54 UTC 2026","","Frontend Unit Tests","Frontend Unit Tests App Component handleColorClick does nothing when data is null",""
"","4","Server Unit Tests PUT /api/colors/:name returns 400 for invalid name with special characters","","Mon Apr 27 19:10:34 UTC 2026","passed","Mon Apr 27 19:10:34 UTC 2026","","Server Unit Tests","Server Unit Tests PUT /api/colors/:name returns 400 for invalid name with special characters",""
"","12","should return 404 when updating non-existent color","Chrome","Mon Apr 27 19:23:12 UTC 2026","passed","Mon Apr 27 19:23:12 UTC 2026","Backend API Integration > PUT /api/colors/:name Schema Validation","tests/api.spec.ts","",""
"","4","Server Unit Tests Surviving Mutants & Edge Cases Swagger Metadata & OpenAPI has exact API info","","Mon Apr 27 19:10:34 UTC 2026","passed","Mon Apr 27 19:10:34 UTC 2026","","Server Unit Tests","Server Unit Tests Surviving Mutants & Edge Cases Swagger Metadata & OpenAPI has exact API info",""
"","10","Server Integration Tests (Testcontainers) GET /api/colors/:name should return correct data for Red","","Mon Apr 27 19:10:25 UTC 2026","passed","Mon Apr 27 19:10:25 UTC 2026","","Server Integration Tests (Testcontainers)","Server Integration Tests (Testcontainers) GET /api/colors/:name should return correct data for Red",""
"","10","Server Integration Tests (Testcontainers) GET /api/colors/:name should return correct data for Turquoise","","Mon Apr 27 19:10:25 UTC 2026","passed","Mon Apr 27 19:10:25 UTC 2026","","Server Integration Tests (Testcontainers)","Server Integration Tests (Testcontainers) GET /api/colors/:name should return correct data for Turquoise",""
"","0","homepage after color change","Chrome","Mon Apr 27 19:19:46 UTC 2026","skipped","Mon Apr 27 19:19:46 UTC 2026","Percy Visual Regression – Production > Percy – mobile (375×667)","","",""
"","1387","shows 409 duplicate error from server inside the picker","Chrome","Mon Apr 27 19:26:15 UTC 2026","passed","Mon Apr 27 19:26:16 UTC 2026","Color Management — Add & Delete","tests/color-management.spec.ts","",""
"","5","Server Unit Tests Surviving Mutants & Edge Cases Logs seedDatabase logs success message","","Mon Apr 27 19:10:34 UTC 2026","passed","Mon Apr 27 19:10:34 UTC 2026","","Server Unit Tests","Server Unit Tests Surviving Mutants & Edge Cases Logs seedDatabase logs success message",""
"","10","Server Unit Tests PUT /api/colors/:name updates the hex of an existing color","","Mon Apr 27 19:10:34 UTC 2026","passed","Mon Apr 27 19:10:34 UTC 2026","","Server Unit Tests","Server Unit Tests PUT /api/colors/:name updates the hex of an existing color",""
"","5","Server Unit Tests Surviving Mutants & Edge Cases Regex & Validation Zod required_error messages are correct","","Mon Apr 27 19:10:34 UTC 2026","passed","Mon Apr 27 19:10:34 UTC 2026","","Server Unit Tests","Server Unit Tests Surviving Mutants & Edge Cases Regex & Validation Zod required_error messages are correct",""
"","867","homepage should match snapshot","Chrome","Mon Apr 27 19:19:44 UTC 2026","passed","Mon Apr 27 19:19:45 UTC 2026","Visual Regression – iphone-landscape (667×375)","","",""
"","9","Server Unit Tests GET /api/colors returns JSON content type","","Mon Apr 27 19:10:34 UTC 2026","passed","Mon Apr 27 19:10:34 UTC 2026","","Server Unit Tests","Server Unit Tests GET /api/colors returns JSON content type",""
"","871","homepage should match snapshot","Chrome","Mon Apr 27 19:19:43 UTC 2026","passed","Mon Apr 27 19:19:44 UTC 2026","Visual Regression – tablet (768×1024)","","",""
"","42","Frontend Unit Tests App Component existingNames passed to ColorPicker matches current color list","","Mon Apr 27 19:10:54 UTC 2026","passed","Mon Apr 27 19:10:54 UTC 2026","","Frontend Unit Tests","Frontend Unit Tests App Component existingNames passed to ColorPicker matches current color list",""
"","3","Component Tests ConfirmDialog Enter key calls onConfirm when not busy","","Mon Apr 27 19:10:54 UTC 2026","passed","Mon Apr 27 19:10:54 UTC 2026","","Component Tests","Component Tests ConfirmDialog Enter key calls onConfirm when not busy",""
"","7","Server Integration Tests (Testcontainers) GET /api/colors/:name should not expose _id or __v fields","","Mon Apr 27 19:10:25 UTC 2026","passed","Mon Apr 27 19:10:25 UTC 2026","","Server Integration Tests (Testcontainers)","Server Integration Tests (Testcontainers) GET /api/colors/:name should not expose _id or __v fields",""
"","36","Frontend Unit Tests App Component initial background is first color hex","","Mon Apr 27 19:10:54 UTC 2026","passed","Mon Apr 27 19:10:54 UTC 2026","","Frontend Unit Tests","Frontend Unit Tests App Component initial background is first color hex",""
"","32","Component Tests ColorPicker cancel button calls onCancel","","Mon Apr 27 19:10:54 UTC 2026","passed","Mon Apr 27 19:10:54 UTC 2026","","Utility Functions","Component Tests ColorPicker cancel button calls onCancel",""
"","20","Frontend Unit Tests App Component text color on light background is dark","","Mon Apr 27 19:10:54 UTC 2026","passed","Mon Apr 27 19:10:54 UTC 2026","","Frontend Unit Tests","Frontend Unit Tests App Component text color on light background is dark",""
"","2","Server Unit Tests Surviving Mutants & Edge Cases Mongoose Schema Strictness kills empty schema mutant by checking schema paths","","Mon Apr 27 19:10:34 UTC 2026","passed","Mon Apr 27 19:10:34 UTC 2026","","Server Unit Tests","Server Unit Tests Surviving Mutants & Edge Cases Mongoose Schema Strictness kills empty schema mutant by checking schema paths",""
"","29","Frontend Unit Tests App Component picker × button closes the modal","","Mon Apr 27 19:10:54 UTC 2026","passed","Mon Apr 27 19:10:54 UTC 2026","","Frontend Unit Tests","Frontend Unit Tests App Component picker × button closes the modal",""
"","4","Server Unit Tests Surviving Mutants & Edge Cases PUT logic kills refine mutant by sending empty body","","Mon Apr 27 19:10:34 UTC 2026","passed","Mon Apr 27 19:10:34 UTC 2026","","Server Unit Tests","Server Unit Tests Surviving Mutants & Edge Cases PUT logic kills refine mutant by sending empty body",""
"","9","Server Unit Tests DELETE /api/colors/:name deletes an existing color and returns success message","","Mon Apr 27 19:10:34 UTC 2026","passed","Mon Apr 27 19:10:34 UTC 2026","","Server Unit Tests","Server Unit Tests DELETE /api/colors/:name deletes an existing color and returns success message",""
"","9","unknown extra fields in POST body are rejected (400)","Chrome","Mon Apr 27 19:17:14 UTC 2026","passed","Mon Apr 27 19:17:14 UTC 2026","Security > Input Validation","tests/security.spec.ts","",""
"","17","Server Unit Tests GET /api/colors returns an empty array when no colors exist","","Mon Apr 27 19:10:34 UTC 2026","passed","Mon Apr 27 19:10:34 UTC 2026","","Server Unit Tests","Server Unit Tests GET /api/colors returns an empty array when no colors exist",""
"","55","Frontend Unit Tests App Component successful delete removes the color chip","","Mon Apr 27 19:10:54 UTC 2026","passed","Mon Apr 27 19:10:54 UTC 2026","","Frontend Unit Tests","Frontend Unit Tests App Component successful delete removes the color chip",""
"","30","Component Tests ConfirmDialog confirm button calls onConfirm","","Mon Apr 27 19:10:54 UTC 2026","passed","Mon Apr 27 19:10:54 UTC 2026","","Component Tests","Component Tests ConfirmDialog confirm button calls onConfirm",""
"","3","Server Unit Tests 405 Method Not Allowed returns 405 for PATCH on /api/colors/:name","","Mon Apr 27 19:10:34 UTC 2026","passed","Mon Apr 27 19:10:34 UTC 2026","","Server Unit Tests","Server Unit Tests 405 Method Not Allowed returns 405 for PATCH on /api/colors/:name",""
"","3","Server Unit Tests PUT /api/colors/:name returns 400 for invalid hex on update","","Mon Apr 27 19:10:34 UTC 2026","passed","Mon Apr 27 19:10:34 UTC 2026","","Server Unit Tests","Server Unit Tests PUT /api/colors/:name returns 400 for invalid hex on update",""
"","0","Utility Functions rgbToHsl r max with g<b (#ff0040) → h near 345","","Mon Apr 27 19:10:54 UTC 2026","passed","Mon Apr 27 19:10:54 UTC 2026","","Utility Functions","Utility Functions rgbToHsl r max with g<b (#ff0040) → h near 345",""
"","1306","deleting the active color switches background to the first remaining","Chrome","Mon Apr 27 19:26:18 UTC 2026","passed","Mon Apr 27 19:26:19 UTC 2026","Color Management — Add & Delete","tests/color-management.spec.ts","",""
"","1","Utility Functions hslToRgb saturation clamped: s=1.5 treated as s=1","","Mon Apr 27 19:10:54 UTC 2026","passed","Mon Apr 27 19:10:54 UTC 2026","","Utility Functions","Utility Functions hslToRgb saturation clamped: s=1.5 treated as s=1",""
"","19","Component Tests ColorPicker valid submit calls onConfirm with trimmed name and current hex","","Mon Apr 27 19:10:54 UTC 2026","passed","Mon Apr 27 19:10:54 UTC 2026","","Utility Functions","Component Tests ColorPicker valid submit calls onConfirm with trimmed name and current hex",""
"","4","Server Unit Tests Surviving Mutants & Edge Cases PUT logic kills hex regex mutant in PUT","","Mon Apr 27 19:10:34 UTC 2026","passed","Mon Apr 27 19:10:34 UTC 2026","","Server Unit Tests","Server Unit Tests Surviving Mutants & Edge Cases PUT logic kills hex regex mutant in PUT",""
"","0","Utility Functions hslToRgb hue=60 (yellow) → [255,255,0]","","Mon Apr 27 19:10:54 UTC 2026","passed","Mon Apr 27 19:10:54 UTC 2026","","Utility Functions","Utility Functions hslToRgb hue=60 (yellow) → [255,255,0]",""
"","6","Server Unit Tests PUT /api/colors/:name does not change name when updating only hex","","Mon Apr 27 19:10:34 UTC 2026","passed","Mon Apr 27 19:10:34 UTC 2026","","Server Unit Tests","Server Unit Tests PUT /api/colors/:name does not change name when updating only hex",""
"","11","Server Integration Tests (Testcontainers) Concurrent writes should handle parallel GETs without errors","","Mon Apr 27 19:10:25 UTC 2026","passed","Mon Apr 27 19:10:25 UTC 2026","","Server Integration Tests (Testcontainers)","Server Integration Tests (Testcontainers) Concurrent writes should handle parallel GETs without errors",""
"","5","Frontend Unit Tests App Component colors.length === 0 shows loading text","","Mon Apr 27 19:10:54 UTC 2026","passed","Mon Apr 27 19:10:54 UTC 2026","","Frontend Unit Tests","Frontend Unit Tests App Component colors.length === 0 shows loading text",""
"","26","Frontend Unit Tests App Component shows add-color button even when colors are empty","","Mon Apr 27 19:10:54 UTC 2026","passed","Mon Apr 27 19:10:54 UTC 2026","","Frontend Unit Tests","Frontend Unit Tests App Component shows add-color button even when colors are empty",""
"","0","mobile color picker workflow","Chrome","Mon Apr 27 19:19:46 UTC 2026","skipped","Mon Apr 27 19:19:46 UTC 2026","Percy Visual Regression – Production > Percy – Mobile Interactions","","",""
"","10","Server Integration Tests (Testcontainers) seedDatabase should always restore the three default seed colors","","Mon Apr 27 19:10:25 UTC 2026","passed","Mon Apr 27 19:10:25 UTC 2026","","Server Integration Tests (Testcontainers)","Server Integration Tests (Testcontainers) seedDatabase should always restore the three default seed colors",""
"","40","Server Unit Tests GET /api/colors returns all seeded colors with correct names and hex values","","Mon Apr 27 19:10:34 UTC 2026","passed","Mon Apr 27 19:10:34 UTC 2026","","Server Unit Tests","Server Unit Tests GET /api/colors returns all seeded colors with correct names and hex values",""
"","1","Utility Functions readableOn returns #111 for mid-grey (L≈0.35, black gives better contrast)","","Mon Apr 27 19:10:54 UTC 2026","passed","Mon Apr 27 19:10:54 UTC 2026","","Utility Functions","Utility Functions readableOn returns #111 for mid-grey (L≈0.35, black gives better contrast)",""
"","4","Server Unit Tests Middleware returns 413 for payload too large","","Mon Apr 27 19:10:34 UTC 2026","passed","Mon Apr 27 19:10:34 UTC 2026","","Server Unit Tests","Server Unit Tests Middleware returns 413 for payload too large",""
"","29","Component Tests ColorPicker lightness slider change updates the preview","","Mon Apr 27 19:10:54 UTC 2026","passed","Mon Apr 27 19:10:54 UTC 2026","","Utility Functions","Component Tests ColorPicker lightness slider change updates the preview",""
"","8","Server Integration Tests (Testcontainers) GET /api/colors/:name should return correct data for Yellow","","Mon Apr 27 19:10:25 UTC 2026","passed","Mon Apr 27 19:10:25 UTC 2026","","Server Integration Tests (Testcontainers)","Server Integration Tests (Testcontainers) GET /api/colors/:name should return correct data for Yellow",""
"","1203","GET /api/colors/{name}","","","passed","","","schemathesis","",""
"","41","Frontend Unit Tests App Component add color 400 without data.error falls back to generic message","","Mon Apr 27 19:10:54 UTC 2026","passed","Mon Apr 27 19:10:54 UTC 2026","","Frontend Unit Tests","Frontend Unit Tests App Component add color 400 without data.error falls back to generic message",""
"","30","Frontend Unit Tests App Component add color sends POST with correct method, headers, and body","","Mon Apr 27 19:10:54 UTC 2026","passed","Mon Apr 27 19:10:54 UTC 2026","","Frontend Unit Tests","Frontend Unit Tests App Component add color sends POST with correct method, headers, and body",""
"","29","Server Unit Tests POST /api/colors creates a new color and returns 201 with correct body","","Mon Apr 27 19:10:34 UTC 2026","passed","Mon Apr 27 19:10:34 UTC 2026","","Server Unit Tests","Server Unit Tests POST /api/colors creates a new color and returns 201 with correct body",""
"","5","PUT /openapi.json returns 405","Chrome","Mon Apr 27 19:17:14 UTC 2026","passed","Mon Apr 27 19:17:14 UTC 2026","Security > HTTP Method Restrictions","tests/security.spec.ts","",""
"","1","Utility Functions rgbToHex converts arbitrary color","","Mon Apr 27 19:10:54 UTC 2026","passed","Mon Apr 27 19:10:54 UTC 2026","","Utility Functions","Utility Functions rgbToHex converts arbitrary color",""
"","8","Server Integration Tests (Testcontainers) DELETE /api/colors/:name should delete a color and confirm removal from the real database","","Mon Apr 27 19:10:25 UTC 2026","passed","Mon Apr 27 19:10:25 UTC 2026","","Server Integration Tests (Testcontainers)","Server Integration Tests (Testcontainers) DELETE /api/colors/:name should delete a color and confirm removal from the real database",""
"","41","should create a new color with valid schema","Chrome","Mon Apr 27 19:23:11 UTC 2026","passed","Mon Apr 27 19:23:11 UTC 2026","Backend API Integration > POST /api/colors Schema Validation","tests/api.spec.ts","",""
"","4","Utility Functions rgbToHsl pure red → h=0, s=1, l=0.5","","Mon Apr 27 19:10:54 UTC 2026","passed","Mon Apr 27 19:10:54 UTC 2026","","Utility Functions","Utility Functions rgbToHsl pure red → h=0, s=1, l=0.5",""
"","34","Server Unit Tests Surviving Mutants & Edge Cases Strict Path & Method Validation kills allowedMethods mutants by exhaustive testing","","Mon Apr 27 19:10:34 UTC 2026","passed","Mon Apr 27 19:10:34 UTC 2026","","Server Unit Tests","Server Unit Tests Surviving Mutants & Edge Cases Strict Path & Method Validation kills allowedMethods mutants by exhaustive testing",""
"","8","Server Integration Tests (Testcontainers) POST /api/colors should not expose _id or __v in the creation response","","Mon Apr 27 19:10:25 UTC 2026","passed","Mon Apr 27 19:10:25 UTC 2026","","Server Integration Tests (Testcontainers)","Server Integration Tests (Testcontainers) POST /api/colors should not expose _id or __v in the creation response",""
"","11","NoSQL $where operator in name is rejected (400)","Chrome","Mon Apr 27 19:17:14 UTC 2026","passed","Mon Apr 27 19:17:14 UTC 2026","Security > Injection Prevention","tests/security.spec.ts","",""
"","0","Utility Functions hslToRgb lightness=1 gives white","","Mon Apr 27 19:10:54 UTC 2026","passed","Mon Apr 27 19:10:54 UTC 2026","","Utility Functions","Utility Functions hslToRgb lightness=1 gives white",""
"","56","Component Tests ColorPicker editing name does NOT call onClearError when no serverError","","Mon Apr 27 19:10:54 UTC 2026","passed","Mon Apr 27 19:10:54 UTC 2026","","Utility Functions","Component Tests ColorPicker editing name does NOT call onClearError when no serverError",""
"","7","Server Integration Tests (Testcontainers) GET /api/colors/:name should return 400 for invalid name format","","Mon Apr 27 19:10:25 UTC 2026","passed","Mon Apr 27 19:10:25 UTC 2026","","Server Integration Tests (Testcontainers)","Server Integration Tests (Testcontainers) GET /api/colors/:name should return 400 for invalid name format",""
"","15","Component Tests ColorPicker typing a valid hex clears the hex error and updates preview","","Mon Apr 27 19:10:54 UTC 2026","passed","Mon Apr 27 19:10:54 UTC 2026","","Utility Functions","Component Tests ColorPicker typing a valid hex clears the hex error and updates preview",""
"","34","Frontend Unit Tests App Component clicking Add color button opens picker modal","","Mon Apr 27 19:10:54 UTC 2026","passed","Mon Apr 27 19:10:54 UTC 2026","","Frontend Unit Tests","Frontend Unit Tests App Component clicking Add color button opens picker modal",""
"","1","Utility Functions paintWheelPixel anti-aliases the outermost ring: dist=r gives alpha=0","","Mon Apr 27 19:10:54 UTC 2026","passed","Mon Apr 27 19:10:54 UTC 2026","","Utility Functions","Utility Functions paintWheelPixel anti-aliases the outermost ring: dist=r gives alpha=0",""
"","24","Server Unit Tests Surviving Mutants & Edge Cases Regex & Validation STRICT_NAME_REGEX kills mutants by testing multiple spaces and pluses in the middle","","Mon Apr 27 19:10:34 UTC 2026","passed","Mon Apr 27 19:10:34 UTC 2026","","Server Unit Tests","Server Unit Tests Surviving Mutants & Edge Cases Regex & Validation STRICT_NAME_REGEX kills mutants by testing multiple spaces and pluses in the middle",""
"","0","Frontend Unit Tests i18n Configuration should have translation keys in resources","","Mon Apr 27 19:10:56 UTC 2026","passed","Mon Apr 27 19:10:56 UTC 2026","","Frontend Unit Tests","Frontend Unit Tests i18n Configuration should have translation keys in resources",""
"","5","Server Unit Tests POST /api/colors accepts names with alphanumeric characters and spaces","","Mon Apr 27 19:10:34 UTC 2026","passed","Mon Apr 27 19:10:34 UTC 2026","","Server Unit Tests","Server Unit Tests POST /api/colors accepts names with alphanumeric characters and spaces",""
"","8","Server Unit Tests 405 Method Not Allowed returns 405 for POST, PUT, DELETE on /api-docs","","Mon Apr 27 19:10:34 UTC 2026","passed","Mon Apr 27 19:10:34 UTC 2026","","Server Unit Tests","Server Unit Tests 405 Method Not Allowed returns 405 for POST, PUT, DELETE on /api-docs",""
"","4","Server Unit Tests PUT /api/colors/:name returns 404 for a non-existent color","","Mon Apr 27 19:10:34 UTC 2026","passed","Mon Apr 27 19:10:34 UTC 2026","","Server Unit Tests","Server Unit Tests PUT /api/colors/:name returns 404 for a non-existent color",""
"","680","should gracefully handle a color not found in the database","Chrome","Mon Apr 27 19:17:27 UTC 2026","passed","Mon Apr 27 19:17:28 UTC 2026","Network Mocking & Interception","tests/network-mocking.spec.ts","",""
"","947","DELETE /api/colors/{name}","","","passed","","","schemathesis","",""
"","23","Component Tests ColorPicker mousedown at right-center (hue=0) sets hex to #ff0000","","Mon Apr 27 19:10:54 UTC 2026","passed","Mon Apr 27 19:10:54 UTC 2026","","Utility Functions","Component Tests ColorPicker mousedown at right-center (hue=0) sets hex to #ff0000",""
"","30","should return 409 for duplicate color creation","Chrome","Mon Apr 27 19:23:11 UTC 2026","passed","Mon Apr 27 19:23:11 UTC 2026","Backend API Integration > POST /api/colors Schema Validation","tests/api.spec.ts","",""
"","0","Utility Functions hslToRgb hue just below 60 is in sector 0, not sector 1","","Mon Apr 27 19:10:54 UTC 2026","passed","Mon Apr 27 19:10:54 UTC 2026","","Utility Functions","Utility Functions hslToRgb hue just below 60 is in sector 0, not sector 1",""
"","8","Server Integration Tests (Testcontainers) DELETE /api/colors/:name should return 404 on a second delete of the same color","","Mon Apr 27 19:10:25 UTC 2026","passed","Mon Apr 27 19:10:25 UTC 2026","","Server Integration Tests (Testcontainers)","Server Integration Tests (Testcontainers) DELETE /api/colors/:name should return 404 on a second delete of the same color",""
"","47","Frontend Unit Tests App Component renders title, logo, and calls initial fetch","","Mon Apr 27 19:10:54 UTC 2026","passed","Mon Apr 27 19:10:54 UTC 2026","","Frontend Unit Tests","Frontend Unit Tests App Component renders title, logo, and calls initial fetch",""
"","4","Server Integration Tests (Testcontainers) PUT /api/colors/:name should return 400 for invalid name in URL path","","Mon Apr 27 19:10:25 UTC 2026","passed","Mon Apr 27 19:10:25 UTC 2026","","Server Integration Tests (Testcontainers)","Server Integration Tests (Testcontainers) PUT /api/colors/:name should return 400 for invalid name in URL path",""
"","8","NoSQL operator in GET path param is rejected (400 or 404)","Chrome","Mon Apr 27 19:17:14 UTC 2026","passed","Mon Apr 27 19:17:14 UTC 2026","Security > Injection Prevention","tests/security.spec.ts","",""
"","1108","changing color to Red should reflect in UI and DOM","Chrome","Mon Apr 27 19:17:23 UTC 2026","passed","Mon Apr 27 19:17:24 UTC 2026","Data-Driven Testing","tests/data-driven.spec.ts","",""
"","704","should handle color click network failure gracefully","Chrome","Mon Apr 27 19:17:25 UTC 2026","passed","Mon Apr 27 19:17:26 UTC 2026","UI Error Handling Coverage","tests/error-handling.spec.ts","",""
"","90","Frontend Unit Tests App Component clicking a color chip makes it active","","Mon Apr 27 19:10:54 UTC 2026","passed","Mon Apr 27 19:10:54 UTC 2026","","Frontend Unit Tests","Frontend Unit Tests App Component clicking a color chip makes it active",""
"","727","changing color to Turquoise should reflect in UI and DOM","Chrome","Mon Apr 27 19:17:23 UTC 2026","passed","Mon Apr 27 19:17:24 UTC 2026","Data-Driven Testing","tests/data-driven.spec.ts","",""
"","21","Component Tests ConfirmDialog cancel button calls onCancel","","Mon Apr 27 19:10:54 UTC 2026","passed","Mon Apr 27 19:10:54 UTC 2026","","Component Tests","Component Tests ConfirmDialog cancel button calls onCancel",""
"","35","Frontend Unit Tests App Component active chip has is-active CSS class","","Mon Apr 27 19:10:54 UTC 2026","passed","Mon Apr 27 19:10:54 UTC 2026","","Frontend Unit Tests","Frontend Unit Tests App Component active chip has is-active CSS class",""
"","1031","should display colors that do not exist in the database","Chrome","Mon Apr 27 19:17:26 UTC 2026","passed","Mon Apr 27 19:17:27 UTC 2026","Network Mocking & Interception","tests/network-mocking.spec.ts","",""
"","46","Frontend Unit Tests App Component delete network error shows error alert","","Mon Apr 27 19:10:54 UTC 2026","passed","Mon Apr 27 19:10:54 UTC 2026","","Frontend Unit Tests","Frontend Unit Tests App Component delete network error shows error alert",""
"","0","Utility Functions hslToRgb saturation clamped: s=-0.5 treated as s=0","","Mon Apr 27 19:10:54 UTC 2026","passed","Mon Apr 27 19:10:54 UTC 2026","","Utility Functions","Utility Functions hslToRgb saturation clamped: s=-0.5 treated as s=0",""
"","1008","clicking a chip makes it active","Chrome","Mon Apr 27 19:26:11 UTC 2026","passed","Mon Apr 27 19:26:12 UTC 2026","Color Management — Add & Delete","tests/color-management.spec.ts","",""
"","1","homepage after color change","Chrome","Mon Apr 27 19:19:46 UTC 2026","skipped","Mon Apr 27 19:19:46 UTC 2026","Percy Visual Regression – Production > Percy – desktop-xl (1920×1080)","","",""
"","5","Frontend Unit Tests App Component initial default background before fetch resolves","","Mon Apr 27 19:10:54 UTC 2026","passed","Mon Apr 27 19:10:54 UTC 2026","","Frontend Unit Tests","Frontend Unit Tests App Component initial default background before fetch resolves",""
"","12","Server Integration Tests (Testcontainers) PUT /api/colors/:name should update the hex of an existing color and persist it in the real database","","Mon Apr 27 19:10:25 UTC 2026","passed","Mon Apr 27 19:10:25 UTC 2026","","Server Integration Tests (Testcontainers)","Server Integration Tests (Testcontainers) PUT /api/colors/:name should update the hex of an existing color and persist it in the real database",""
"","11","NoSQL injection object in name is rejected (400)","Chrome","Mon Apr 27 19:17:14 UTC 2026","passed","Mon Apr 27 19:17:14 UTC 2026","Security > Injection Prevention","tests/security.spec.ts","",""
"","39","Frontend Unit Tests App Component add color network error shows network error message","","Mon Apr 27 19:10:54 UTC 2026","passed","Mon Apr 27 19:10:54 UTC 2026","","Frontend Unit Tests","Frontend Unit Tests App Component add color network error shows network error message",""
"","64","Frontend Unit Tests App Component confirm button shows ""Deleting…"" label while delete is in-flight","","Mon Apr 27 19:10:54 UTC 2026","passed","Mon Apr 27 19:10:54 UTC 2026","","Frontend Unit Tests","Frontend Unit Tests App Component confirm button shows ""Deleting…"" label while delete is in-flight",""
"","7","Server Integration Tests (Testcontainers) POST /api/colors should return 400 when extra fields are provided","","Mon Apr 27 19:10:25 UTC 2026","passed","Mon Apr 27 19:10:25 UTC 2026","","Server Integration Tests (Testcontainers)","Server Integration Tests (Testcontainers) POST /api/colors should return 400 when extra fields are provided",""
"","9","Server Unit Tests Surviving Mutants & Edge Cases PUT logic kills name/hex conditional mutants by providing only one field","","Mon Apr 27 19:10:34 UTC 2026","passed","Mon Apr 27 19:10:34 UTC 2026","","Server Unit Tests","Server Unit Tests Surviving Mutants & Edge Cases PUT logic kills name/hex conditional mutants by providing only one field",""
"","16","Server Integration Tests (Testcontainers) seedDatabase should clear custom colors when re-seeded","","Mon Apr 27 19:10:25 UTC 2026","passed","Mon Apr 27 19:10:25 UTC 2026","","Server Integration Tests (Testcontainers)","Server Integration Tests (Testcontainers) seedDatabase should clear custom colors when re-seeded",""
"","5","Server Unit Tests Middleware returns 400 for malformed JSON body","","Mon Apr 27 19:10:34 UTC 2026","passed","Mon Apr 27 19:10:34 UTC 2026","","Server Unit Tests","Server Unit Tests Middleware returns 400 for malformed JSON body",""
"","6","Component Tests ConfirmDialog dialog has correct ARIA attributes","","Mon Apr 27 19:10:54 UTC 2026","passed","Mon Apr 27 19:10:54 UTC 2026","","Component Tests","Component Tests ConfirmDialog dialog has correct ARIA attributes",""
"","4","Server Unit Tests Error Handling GET /api/colors/:name returns 500 when database fails","","Mon Apr 27 19:10:34 UTC 2026","passed","Mon Apr 27 19:10:34 UTC 2026","","Server Unit Tests","Server Unit Tests Error Handling GET /api/colors/:name returns 500 when database fails",""
"","2","Utility Functions hslToRgb hue=0 (red) → [255,0,0]","","Mon Apr 27 19:10:54 UTC 2026","passed","Mon Apr 27 19:10:54 UTC 2026","","Utility Functions","Utility Functions hslToRgb hue=0 (red) → [255,0,0]",""
"","0","Utility Functions hslToRgb hue=240 (blue) → [0,0,255]","","Mon Apr 27 19:10:54 UTC 2026","passed","Mon Apr 27 19:10:54 UTC 2026","","Utility Functions","Utility Functions hslToRgb hue=240 (blue) → [0,0,255]",""
"","1","Utility Functions hexToRgb parses hex without the leading #","","Mon Apr 27 19:10:54 UTC 2026","passed","Mon Apr 27 19:10:54 UTC 2026","","Utility Functions","Utility Functions hexToRgb parses hex without the leading #",""
"","67","Frontend Unit Tests App Component handles null data from initial fetch gracefully","","Mon Apr 27 19:10:54 UTC 2026","passed","Mon Apr 27 19:10:54 UTC 2026","","Frontend Unit Tests","Frontend Unit Tests App Component handles null data from initial fetch gracefully",""
"","42","Frontend Unit Tests App Component add color 501 also triggers server error message (>= 500)","","Mon Apr 27 19:10:54 UTC 2026","passed","Mon Apr 27 19:10:54 UTC 2026","","Frontend Unit Tests","Frontend Unit Tests App Component add color 501 also triggers server error message (>= 500)",""
"","5","Server Unit Tests Middleware includes CORS headers","","Mon Apr 27 19:10:34 UTC 2026","passed","Mon Apr 27 19:10:34 UTC 2026","","Server Unit Tests","Server Unit Tests Middleware includes CORS headers",""
"","1023","close (×) button closes the picker","Chrome","Mon Apr 27 19:26:12 UTC 2026","passed","Mon Apr 27 19:26:13 UTC 2026","Color Management — Add & Delete","tests/color-management.spec.ts","",""
"","7","POST /api-docs returns 405","Chrome","Mon Apr 27 19:17:14 UTC 2026","passed","Mon Apr 27 19:17:14 UTC 2026","Security > HTTP Method Restrictions","tests/security.spec.ts","",""
"","1","Frontend Unit Tests i18n Configuration should handle language change correctly","","Mon Apr 27 19:10:56 UTC 2026","passed","Mon Apr 27 19:10:56 UTC 2026","","Frontend Unit Tests","Frontend Unit Tests i18n Configuration should handle language change correctly",""
"","0","Utility Functions readableOn returns #111 for a pale/pastel colour (high luminance)","","Mon Apr 27 19:10:54 UTC 2026","passed","Mon Apr 27 19:10:54 UTC 2026","","Utility Functions","Utility Functions readableOn returns #111 for a pale/pastel colour (high luminance)",""
"","12","should reject empty name","Chrome","Mon Apr 27 19:23:11 UTC 2026","passed","Mon Apr 27 19:23:11 UTC 2026","Backend API Integration > POST /api/colors Schema Validation","tests/api.spec.ts","",""
"","60","Frontend Unit Tests App Component fetches and displays color chips with swatch and delete button","","Mon Apr 27 19:10:54 UTC 2026","passed","Mon Apr 27 19:10:54 UTC 2026","","Frontend Unit Tests","Frontend Unit Tests App Component fetches and displays color chips with swatch and delete button",""
"","24","Server Integration Tests (Testcontainers) POST /api/colors should create a new color and persist it in the real database","","Mon Apr 27 19:10:25 UTC 2026","passed","Mon Apr 27 19:10:25 UTC 2026","","Server Integration Tests (Testcontainers)","Server Integration Tests (Testcontainers) POST /api/colors should create a new color and persist it in the real database",""
"","8","Server Unit Tests GET /api/colors/:name returns Turquoise color correctly","","Mon Apr 27 19:10:34 UTC 2026","passed","Mon Apr 27 19:10:34 UTC 2026","","Server Unit Tests","Server Unit Tests GET /api/colors/:name returns Turquoise color correctly",""
"","6","Server Integration Tests (Testcontainers) Method Not Allowed should return 405 for PATCH /api/colors/:name","","Mon Apr 27 19:10:25 UTC 2026","passed","Mon Apr 27 19:10:25 UTC 2026","","Server Integration Tests (Testcontainers)","Server Integration Tests (Testcontainers) Method Not Allowed should return 405 for PATCH /api/colors/:name",""
"","22","Server Unit Tests Surviving Mutants & Edge Cases Regex & Validation STRICT_NAME_REGEX is strict on forbidden special characters in the middle","","Mon Apr 27 19:10:34 UTC 2026","passed","Mon Apr 27 19:10:34 UTC 2026","","Server Unit Tests","Server Unit Tests Surviving Mutants & Edge Cases Regex & Validation STRICT_NAME_REGEX is strict on forbidden special characters in the middle",""
"","5","Component Tests ColorPicker serverError banner is absent when serverError is null","","Mon Apr 27 19:10:54 UTC 2026","passed","Mon Apr 27 19:10:54 UTC 2026","","Utility Functions","Component Tests ColorPicker serverError banner is absent when serverError is null",""
"","5","Server Unit Tests PUT /api/colors/:name updates both name and hex simultaneously","","Mon Apr 27 19:10:34 UTC 2026","passed","Mon Apr 27 19:10:34 UTC 2026","","Server Unit Tests","Server Unit Tests PUT /api/colors/:name updates both name and hex simultaneously",""
"","532","check Turquoise ( #1abc9c) is the default background color.","Chrome","Mon Apr 27 19:26:19 UTC 2026","passed","Mon Apr 27 19:26:20 UTC 2026","","tests/coverage.spec.ts","",""
"","11","Server Unit Tests GET /api/colors does not expose _id or __v fields","","Mon Apr 27 19:10:34 UTC 2026","passed","Mon Apr 27 19:10:34 UTC 2026","","Server Unit Tests","Server Unit Tests GET /api/colors does not expose _id or __v fields",""
"","23","Component Tests ColorPicker hex input updates hue/sat via rgbToHsl (green → hue≈120)","","Mon Apr 27 19:10:54 UTC 2026","passed","Mon Apr 27 19:10:54 UTC 2026","","Utility Functions","Component Tests ColorPicker hex input updates hue/sat via rgbToHsl (green → hue≈120)",""
"","1","Utility Functions hslToRgb hue=90 (chartreuse) → [128,255,0]","","Mon Apr 27 19:10:54 UTC 2026","passed","Mon Apr 27 19:10:54 UTC 2026","","Utility Functions","Utility Functions hslToRgb hue=90 (chartreuse) → [128,255,0]",""
"","1","Utility Functions hslToRgb hue=30 (orange) → [255,128,0]","","Mon Apr 27 19:10:54 UTC 2026","passed","Mon Apr 27 19:10:54 UTC 2026","","Utility Functions","Utility Functions hslToRgb hue=30 (orange) → [255,128,0]",""
"","1142","verify Yellow ( #f1c40f ) is applied as the background color","Chrome","Mon Apr 27 19:17:18 UTC 2026","passed","Mon Apr 27 19:17:19 UTC 2026","Background color tests","tests/coverage.spec.ts","",""
"","969","should display all core elements and handle button interaction","Chrome","Mon Apr 27 19:19:45 UTC 2026","passed","Mon Apr 27 19:19:46 UTC 2026","Responsive Design – iPhone landscape (667×375)","","",""
"","7","empty body on POST returns 400","Chrome","Mon Apr 27 19:17:14 UTC 2026","passed","Mon Apr 27 19:17:14 UTC 2026","Security > Input Validation","tests/security.spec.ts","",""
"","61","Frontend Unit Tests App Component delete sends DELETE request with correct method","","Mon Apr 27 19:10:54 UTC 2026","passed","Mon Apr 27 19:10:54 UTC 2026","","Frontend Unit Tests","Frontend Unit Tests App Component delete sends DELETE request with correct method",""
"","46","Frontend Unit Tests App Component handleColorClick shows error on non-2xx response","","Mon Apr 27 19:10:54 UTC 2026","passed","Mon Apr 27 19:10:54 UTC 2026","","Frontend Unit Tests","Frontend Unit Tests App Component handleColorClick shows error on non-2xx response",""
"","8","Server Unit Tests Error Handling PUT /api/colors/:name returns 500 when database fails","","Mon Apr 27 19:10:34 UTC 2026","passed","Mon Apr 27 19:10:34 UTC 2026","","Server Unit Tests","Server Unit Tests Error Handling PUT /api/colors/:name returns 500 when database fails",""
"","61","should return 404 for non-existent color deletion","Chrome","Mon Apr 27 19:26:10 UTC 2026","passed","Mon Apr 27 19:26:10 UTC 2026","Backend API Integration > DELETE /api/colors/:name","tests/api.spec.ts","",""
"","21","Component Tests ColorPicker touchend stops dragging (touchmove after touchend is ignored)","","Mon Apr 27 19:10:54 UTC 2026","passed","Mon Apr 27 19:10:54 UTC 2026","","Utility Functions","Component Tests ColorPicker touchend stops dragging (touchmove after touchend is ignored)",""
"","1","Utility Functions hslToRgb low lightness l=0.25 → [128,0,0]","","Mon Apr 27 19:10:54 UTC 2026","passed","Mon Apr 27 19:10:54 UTC 2026","","Utility Functions","Utility Functions hslToRgb low lightness l=0.25 → [128,0,0]",""
"","4","Server Unit Tests POST /api/colors returns 400 for extra unknown fields (strict schema)","","Mon Apr 27 19:10:34 UTC 2026","passed","Mon Apr 27 19:10:34 UTC 2026","","Server Unit Tests","Server Unit Tests POST /api/colors returns 400 for extra unknown fields (strict schema)",""
"","0","Utility Functions paintWheelPixel paints grey at center (dx=0, dy=0, dist=0, sat=0)","","Mon Apr 27 19:10:54 UTC 2026","passed","Mon Apr 27 19:10:54 UTC 2026","","Utility Functions","Utility Functions paintWheelPixel paints grey at center (dx=0, dy=0, dist=0, sat=0)",""
"","488","verify Turquoise ( #1abc9c ) is applied as the background color","Chrome","Mon Apr 27 19:26:20 UTC 2026","passed","Mon Apr 27 19:26:20 UTC 2026","Background color tests","tests/coverage.spec.ts","",""
"","15","should reject omitting both name and hex on update","Chrome","Mon Apr 27 19:23:12 UTC 2026","passed","Mon Apr 27 19:23:12 UTC 2026","Backend API Integration > PUT /api/colors/:name Schema Validation","tests/api.spec.ts","",""
"","11","Server Unit Tests PUT /api/colors/:name updates the name of an existing color and preserves hex","","Mon Apr 27 19:10:34 UTC 2026","passed","Mon Apr 27 19:10:34 UTC 2026","","Server Unit Tests","Server Unit Tests PUT /api/colors/:name updates the name of an existing color and preserves hex",""
"","1108","Example #3","BDD","Mon Apr 27 19:17:47 UTC 2026","passed","Mon Apr 27 19:17:48 UTC 2026","Home Page Background Color > Change background color","","",""
"","3","Server Unit Tests Surviving Mutants & Edge Cases OpenAPI Content-Type has application/json content-type","","Mon Apr 27 19:10:34 UTC 2026","passed","Mon Apr 27 19:10:34 UTC 2026","","Server Unit Tests","Server Unit Tests Surviving Mutants & Edge Cases OpenAPI Content-Type has application/json content-type",""
"","0","Utility Functions hslToRgb lightness clamped: l=-0.5 gives black","","Mon Apr 27 19:10:54 UTC 2026","passed","Mon Apr 27 19:10:54 UTC 2026","","Utility Functions","Utility Functions hslToRgb lightness clamped: l=-0.5 gives black",""
"","10","should reject invalid hex format on update","Chrome","Mon Apr 27 19:23:12 UTC 2026","passed","Mon Apr 27 19:23:12 UTC 2026","Backend API Integration > PUT /api/colors/:name Schema Validation","tests/api.spec.ts","",""
"","22","Frontend Unit Tests App Component labelFor returns translation for known color (Turquoise)","","Mon Apr 27 19:10:54 UTC 2026","passed","Mon Apr 27 19:10:54 UTC 2026","","Frontend Unit Tests","Frontend Unit Tests App Component labelFor returns translation for known color (Turquoise)",""
"","635","handle initial fetch with empty data","Chrome","Mon Apr 27 19:17:22 UTC 2026","passed","Mon Apr 27 19:17:22 UTC 2026","Edge cases and error handling","tests/coverage.spec.ts","",""
"","643","handle color response missing hex property","Chrome","Mon Apr 27 19:17:22 UTC 2026","passed","Mon Apr 27 19:17:23 UTC 2026","Edge cases and error handling","tests/coverage.spec.ts","",""
"","32","should update a color with valid schema","Chrome","Mon Apr 27 19:23:12 UTC 2026","passed","Mon Apr 27 19:23:12 UTC 2026","Backend API Integration > PUT /api/colors/:name Schema Validation","tests/api.spec.ts","",""
"","31","Frontend Unit Tests App Component clicking chip-x opens confirm dialog with color name and swatch","","Mon Apr 27 19:10:54 UTC 2026","passed","Mon Apr 27 19:10:54 UTC 2026","","Frontend Unit Tests","Frontend Unit Tests App Component clicking chip-x opens confirm dialog with color name and swatch",""
"","13","Server Integration Tests (Testcontainers) PUT /api/colors/:name should rename a color and make old name return 404","","Mon Apr 27 19:10:25 UTC 2026","passed","Mon Apr 27 19:10:25 UTC 2026","","Server Integration Tests (Testcontainers)","Server Integration Tests (Testcontainers) PUT /api/colors/:name should rename a color and make old name return 404",""
"","4","Frontend Unit Tests App Component current color span tracks hex value","","Mon Apr 27 19:10:54 UTC 2026","passed","Mon Apr 27 19:10:54 UTC 2026","","Frontend Unit Tests","Frontend Unit Tests App Component current color span tracks hex value",""
"","66","Frontend Unit Tests App Component handles non-array initial fetch response gracefully","","Mon Apr 27 19:10:54 UTC 2026","passed","Mon Apr 27 19:10:54 UTC 2026","","Frontend Unit Tests","Frontend Unit Tests App Component handles non-array initial fetch response gracefully",""
"","9","Frontend Unit Tests App Component shows error alert when initial fetch returns non-2xx","","Mon Apr 27 19:10:54 UTC 2026","passed","Mon Apr 27 19:10:54 UTC 2026","","Frontend Unit Tests","Frontend Unit Tests App Component shows error alert when initial fetch returns non-2xx",""
"","0","Utility Functions paintWheelPixel paints red at right edge (dx=r, dy=0, hue=0)","","Mon Apr 27 19:10:54 UTC 2026","passed","Mon Apr 27 19:10:54 UTC 2026","","Utility Functions","Utility Functions paintWheelPixel paints red at right edge (dx=r, dy=0, hue=0)",""
"","66","Frontend Unit Tests App Component handles empty array from initial fetch gracefully","","Mon Apr 27 19:10:54 UTC 2026","passed","Mon Apr 27 19:10:54 UTC 2026","","Frontend Unit Tests","Frontend Unit Tests App Component handles empty array from initial fetch gracefully",""
"","4","Server Unit Tests Surviving Mutants & Edge Cases Mongoose Schema & Persistence kills empty schema mutant by verifying field persistence","","Mon Apr 27 19:10:34 UTC 2026","passed","Mon Apr 27 19:10:34 UTC 2026","","Server Unit Tests","Server Unit Tests Surviving Mutants & Edge Cases Mongoose Schema & Persistence kills empty schema mutant by verifying field persistence",""
"","0","Utility Functions hexToRgb returns null for invalid input","","Mon Apr 27 19:10:54 UTC 2026","passed","Mon Apr 27 19:10:54 UTC 2026","","Utility Functions","Utility Functions hexToRgb returns null for invalid input",""
"","67","Frontend Unit Tests App Component useEffect runs only once on mount","","Mon Apr 27 19:10:54 UTC 2026","passed","Mon Apr 27 19:10:54 UTC 2026","","Frontend Unit Tests","Frontend Unit Tests App Component useEffect runs only once on mount",""
"","286","Server Unit Tests Surviving Mutants & Edge Cases Infrastructure uses MONGO_URI from environment if available","","Mon Apr 27 19:10:34 UTC 2026","passed","Mon Apr 27 19:10:34 UTC 2026","","Server Unit Tests","Server Unit Tests Surviving Mutants & Edge Cases Infrastructure uses MONGO_URI from environment if available",""
"","15","GET /api/colors/Red should return the correct hex code","Chrome","Mon Apr 27 19:23:11 UTC 2026","passed","Mon Apr 27 19:23:11 UTC 2026","Backend API Integration","tests/api.spec.ts","",""
"","77","Frontend Unit Tests App Component deleting is false again after a failed delete (finally block)","","Mon Apr 27 19:10:54 UTC 2026","passed","Mon Apr 27 19:10:54 UTC 2026","","Frontend Unit Tests","Frontend Unit Tests App Component deleting is false again after a failed delete (finally block)",""
"","11","Component Tests ColorPicker typing an invalid hex shows ""Use format #RRGGBB"" error","","Mon Apr 27 19:10:54 UTC 2026","passed","Mon Apr 27 19:10:54 UTC 2026","","Utility Functions","Component Tests ColorPicker typing an invalid hex shows ""Use format #RRGGBB"" error",""
"","11","Component Tests ConfirmDialog swatch div has the correct background color","","Mon Apr 27 19:10:54 UTC 2026","passed","Mon Apr 27 19:10:54 UTC 2026","","Component Tests","Component Tests ConfirmDialog swatch div has the correct background color",""
"","6","Server Unit Tests POST /api/colors accepts names with the + character","","Mon Apr 27 19:10:34 UTC 2026","passed","Mon Apr 27 19:10:34 UTC 2026","","Server Unit Tests","Server Unit Tests POST /api/colors accepts names with the + character",""
"","650","chip-x click opens confirm dialog with color name","Chrome","Mon Apr 27 19:26:16 UTC 2026","passed","Mon Apr 27 19:26:17 UTC 2026","Color Management — Add & Delete","tests/color-management.spec.ts","",""
"","864","should create dynamic random color via API and verify through UI","Chrome","Mon Apr 27 19:17:12 UTC 2026","passed","Mon Apr 27 19:17:13 UTC 2026","Random Data Testing with faker.js","tests/random-data.spec.ts","",""
"","16","Component Tests ColorPicker mousemove without prior mousedown (not dragging) does not change color","","Mon Apr 27 19:10:54 UTC 2026","passed","Mon Apr 27 19:10:54 UTC 2026","","Utility Functions","Component Tests ColorPicker mousemove without prior mousedown (not dragging) does not change color",""
"","0","Utility Functions rgbToHex output is lowercase","","Mon Apr 27 19:10:54 UTC 2026","passed","Mon Apr 27 19:10:54 UTC 2026","","Utility Functions","Utility Functions rgbToHex output is lowercase",""
"","0","Utility Functions hslToRgb high lightness l=0.75 → [255,128,128]","","Mon Apr 27 19:10:54 UTC 2026","passed","Mon Apr 27 19:10:54 UTC 2026","","Utility Functions","Utility Functions hslToRgb high lightness l=0.75 → [255,128,128]",""
"","4","Server Unit Tests Middleware handles non-JSON content type gracefully on POST","","Mon Apr 27 19:10:34 UTC 2026","passed","Mon Apr 27 19:10:34 UTC 2026","","Server Unit Tests","Server Unit Tests Middleware handles non-JSON content type gracefully on POST",""
"","13","GET /api/colors/:name should return 404 for non-existent color","Chrome","Mon Apr 27 19:23:11 UTC 2026","passed","Mon Apr 27 19:23:11 UTC 2026","Backend API Integration","tests/api.spec.ts","",""
"","1","Utility Functions rgbToHsl dark red (#800000): l<0.5, s=1 (l<=0.5 saturation branch)","","Mon Apr 27 19:10:54 UTC 2026","passed","Mon Apr 27 19:10:54 UTC 2026","","Utility Functions","Utility Functions rgbToHsl dark red (#800000): l<0.5, s=1 (l<=0.5 saturation branch)",""
"","4","Server Unit Tests DELETE /api/colors/:name returns 404 for a non-existent color","","Mon Apr 27 19:10:34 UTC 2026","passed","Mon Apr 27 19:10:34 UTC 2026","","Server Unit Tests","Server Unit Tests DELETE /api/colors/:name returns 404 for a non-existent color",""
"","0","homepage initial state","Chrome","Mon Apr 27 19:19:46 UTC 2026","skipped","Mon Apr 27 19:19:46 UTC 2026","Percy Visual Regression – Production > Percy – desktop (1280×720)","","",""
"","13","Server Unit Tests Error Handling POST /api/colors returns 500 when database fails (create)","","Mon Apr 27 19:10:34 UTC 2026","passed","Mon Apr 27 19:10:34 UTC 2026","","Server Unit Tests","Server Unit Tests Error Handling POST /api/colors returns 500 when database fails (create)",""
"","5","Server Unit Tests POST /api/colors returns 400 when hex is missing","","Mon Apr 27 19:10:34 UTC 2026","passed","Mon Apr 27 19:10:34 UTC 2026","","Server Unit Tests","Server Unit Tests POST /api/colors returns 400 when hex is missing",""
"","7","Component Tests ConfirmDialog clicking the card itself does NOT call onCancel","","Mon Apr 27 19:10:54 UTC 2026","passed","Mon Apr 27 19:10:54 UTC 2026","","Component Tests","Component Tests ConfirmDialog clicking the card itself does NOT call onCancel",""
"","0","Utility Functions hslToRgb hue=150 (spring green) → [0,255,128]","","Mon Apr 27 19:10:54 UTC 2026","passed","Mon Apr 27 19:10:54 UTC 2026","","Utility Functions","Utility Functions hslToRgb hue=150 (spring green) → [0,255,128]",""
"","5","Server Integration Tests (Testcontainers) PUT /api/colors/:name should return 400 when update body is empty","","Mon Apr 27 19:10:25 UTC 2026","passed","Mon Apr 27 19:10:25 UTC 2026","","Server Integration Tests (Testcontainers)","Server Integration Tests (Testcontainers) PUT /api/colors/:name should return 400 when update body is empty",""
"","7","array body on POST returns 400","Chrome","Mon Apr 27 19:17:14 UTC 2026","passed","Mon Apr 27 19:17:14 UTC 2026","Security > Input Validation","tests/security.spec.ts","",""
"","0","Utility Functions hslToRgb hue=120 (green) → [0,255,0]","","Mon Apr 27 19:10:54 UTC 2026","passed","Mon Apr 27 19:10:54 UTC 2026","","Utility Functions","Utility Functions hslToRgb hue=120 (green) → [0,255,0]",""
"","9","Server Unit Tests Error Handling POST /api/colors returns 500 when database fails (findOne)","","Mon Apr 27 19:10:34 UTC 2026","passed","Mon Apr 27 19:10:34 UTC 2026","","Server Unit Tests","Server Unit Tests Error Handling POST /api/colors returns 500 when database fails (findOne)",""
"","10","Server Unit Tests seedDatabase clears existing colors and re-seeds with 3 defaults","","Mon Apr 27 19:10:34 UTC 2026","passed","Mon Apr 27 19:10:34 UTC 2026","","Server Unit Tests","Server Unit Tests seedDatabase clears existing colors and re-seeds with 3 defaults",""
"","0","homepage after color change","Chrome","Mon Apr 27 19:19:46 UTC 2026","skipped","Mon Apr 27 19:19:46 UTC 2026","Percy Visual Regression – Production > Percy – tablet (768×1024)","","",""
"","19","Component Tests ColorPicker mousedown at bottom-center (hue=90) sets hex to #80ff00","","Mon Apr 27 19:10:54 UTC 2026","passed","Mon Apr 27 19:10:54 UTC 2026","","Utility Functions","Component Tests ColorPicker mousedown at bottom-center (hue=90) sets hex to #80ff00",""
"","52","Frontend Unit Tests App Component header color attribute changes after clicking a chip","","Mon Apr 27 19:10:54 UTC 2026","passed","Mon Apr 27 19:10:54 UTC 2026","","Frontend Unit Tests","Frontend Unit Tests App Component header color attribute changes after clicking a chip",""
"","20","Component Tests ColorPicker duplicate check is case-insensitive","","Mon Apr 27 19:10:54 UTC 2026","passed","Mon Apr 27 19:10:54 UTC 2026","","Utility Functions","Component Tests ColorPicker duplicate check is case-insensitive",""
"","51","Frontend Unit Tests App Component saving is false again after a failed add (finally block)","","Mon Apr 27 19:10:54 UTC 2026","passed","Mon Apr 27 19:10:54 UTC 2026","","Frontend Unit Tests","Frontend Unit Tests App Component saving is false again after a failed add (finally block)",""
"","11","Server Unit Tests Surviving Mutants & Edge Cases Strict Path & Method Validation kills mutants that change route paths to empty string","","Mon Apr 27 19:10:34 UTC 2026","passed","Mon Apr 27 19:10:34 UTC 2026","","Server Unit Tests","Server Unit Tests Surviving Mutants & Edge Cases Strict Path & Method Validation kills mutants that change route paths to empty string",""
"","5","Server Integration Tests (Testcontainers) PUT /api/colors/:name should return 400 for invalid hex format on update","","Mon Apr 27 19:10:25 UTC 2026","passed","Mon Apr 27 19:10:25 UTC 2026","","Server Integration Tests (Testcontainers)","Server Integration Tests (Testcontainers) PUT /api/colors/:name should return 400 for invalid hex format on update",""
"","1","Utility Functions rgbToHsl b max (#0040ff) → h in (180,300)","","Mon Apr 27 19:10:54 UTC 2026","passed","Mon Apr 27 19:10:54 UTC 2026","","Utility Functions","Utility Functions rgbToHsl b max (#0040ff) → h in (180,300)",""
"","4","Server Unit Tests Middleware JSON error middleware ignores SyntaxError with status != 400","","Mon Apr 27 19:10:34 UTC 2026","passed","Mon Apr 27 19:10:34 UTC 2026","","Server Unit Tests","Server Unit Tests Middleware JSON error middleware ignores SyntaxError with status != 400",""
"","0","Utility Functions paintWheelPixel wraps negative angle: dy<0 gives angle+360 (hue=270 → violet)","","Mon Apr 27 19:10:54 UTC 2026","passed","Mon Apr 27 19:10:54 UTC 2026","","Utility Functions","Utility Functions paintWheelPixel wraps negative angle: dy<0 gives angle+360 (hue=270 → violet)",""
"","1011","homepage should match snapshot","Chrome","Mon Apr 27 19:19:42 UTC 2026","passed","Mon Apr 27 19:19:43 UTC 2026","Visual Regression – desktop (1280×720)","","",""
"","6","Server Unit Tests Surviving Mutants & Edge Cases Rate Limiting & Security kills mutants by verifying x-ratelimit headers","","Mon Apr 27 19:10:34 UTC 2026","passed","Mon Apr 27 19:10:34 UTC 2026","","Server Unit Tests","Server Unit Tests Surviving Mutants & Edge Cases Rate Limiting & Security kills mutants by verifying x-ratelimit headers",""
"","0","homepage initial state","Chrome","Mon Apr 27 19:19:46 UTC 2026","skipped","Mon Apr 27 19:19:46 UTC 2026","Percy Visual Regression – Production > Percy – mobile (375×667)","","",""
"","0","Utility Functions rgbToHsl g max with b>r (#00ff80) → h near 150","","Mon Apr 27 19:10:54 UTC 2026","passed","Mon Apr 27 19:10:54 UTC 2026","","Utility Functions","Utility Functions rgbToHsl g max with b>r (#00ff80) → h near 150",""
"","1","Utility Functions rgbToHsl r max, g>0, b=0 → h in (0,60)","","Mon Apr 27 19:10:54 UTC 2026","passed","Mon Apr 27 19:10:54 UTC 2026","","Utility Functions","Utility Functions rgbToHsl r max, g>0, b=0 → h in (0,60)",""
"","1","Utility Functions hslToRgb hue=300 (magenta) → [255,0,255]","","Mon Apr 27 19:10:54 UTC 2026","passed","Mon Apr 27 19:10:54 UTC 2026","","Utility Functions","Utility Functions hslToRgb hue=300 (magenta) → [255,0,255]",""
"","11","Server Integration Tests (Testcontainers) GET /api/colors should not expose _id or __v fields","","Mon Apr 27 19:10:25 UTC 2026","passed","Mon Apr 27 19:10:25 UTC 2026","","Server Integration Tests (Testcontainers)","Server Integration Tests (Testcontainers) GET /api/colors should not expose _id or __v fields",""
"","34","Component Tests ConfirmDialog both buttons are disabled when busy=true","","Mon Apr 27 19:10:54 UTC 2026","passed","Mon Apr 27 19:10:54 UTC 2026","","Component Tests","Component Tests ConfirmDialog both buttons are disabled when busy=true",""
"","20","Frontend Unit Tests App Component text color on dark background is white","","Mon Apr 27 19:10:54 UTC 2026","passed","Mon Apr 27 19:10:54 UTC 2026","","Frontend Unit Tests","Frontend Unit Tests App Component text color on dark background is white",""
"","46","Frontend Unit Tests App Component deleting the active color switches background to the first remaining","","Mon Apr 27 19:10:54 UTC 2026","passed","Mon Apr 27 19:10:54 UTC 2026","","Frontend Unit Tests","Frontend Unit Tests App Component deleting the active color switches background to the first remaining",""
"","6","PATCH /api/colors/:name returns 405","Chrome","Mon Apr 27 19:17:14 UTC 2026","passed","Mon Apr 27 19:17:14 UTC 2026","Security > HTTP Method Restrictions","tests/security.spec.ts","",""
"","950","verify Yellow ( #f1c40f ) is applied as the background color","Chrome","Mon Apr 27 19:17:28 UTC 2026","passed","Mon Apr 27 19:17:29 UTC 2026","POM Refactored: Background color tests","tests/pom-refactored.spec.ts","",""
"","4","Server Unit Tests OpenAPI endpoints has exact application/json content-type","","Mon Apr 27 19:10:34 UTC 2026","passed","Mon Apr 27 19:10:34 UTC 2026","","Server Unit Tests","Server Unit Tests OpenAPI endpoints has exact application/json content-type",""
"","13","Server Integration Tests (Testcontainers) GET /api/colors should return an empty array after all colors are deleted","","Mon Apr 27 19:10:25 UTC 2026","passed","Mon Apr 27 19:10:25 UTC 2026","","Server Integration Tests (Testcontainers)","Server Integration Tests (Testcontainers) GET /api/colors should return an empty array after all colors are deleted",""
"","1075","should create color via API and verify through UI","Chrome","Mon Apr 27 19:17:26 UTC 2026","passed","Mon Apr 27 19:17:27 UTC 2026","Hybrid E2E Testing","tests/hybrid.spec.ts","",""
"","7","Component Tests ColorPicker falls back to window resize listener when ResizeObserver is not available","","Mon Apr 27 19:10:54 UTC 2026","passed","Mon Apr 27 19:10:54 UTC 2026","","Utility Functions","Component Tests ColorPicker falls back to window resize listener when ResizeObserver is not available",""
"","36","Frontend Unit Tests App Component deleting the last color sets activeName to null","","Mon Apr 27 19:10:54 UTC 2026","passed","Mon Apr 27 19:10:54 UTC 2026","","Frontend Unit Tests","Frontend Unit Tests App Component deleting the last color sets activeName to null",""
"","16","GET /api/colors should return all colors","Chrome","Mon Apr 27 19:23:11 UTC 2026","passed","Mon Apr 27 19:23:11 UTC 2026","Backend API Integration","tests/api.spec.ts","",""
"","4","Server Unit Tests 405 Method Not Allowed sets the Allow header on /api/colors with correct methods","","Mon Apr 27 19:10:34 UTC 2026","passed","Mon Apr 27 19:10:34 UTC 2026","","Server Unit Tests","Server Unit Tests 405 Method Not Allowed sets the Allow header on /api/colors with correct methods",""
"","20","Server Integration Tests (Testcontainers) Concurrent writes should handle simultaneous POSTs with the same name — exactly one succeeds","","Mon Apr 27 19:10:25 UTC 2026","passed","Mon Apr 27 19:10:25 UTC 2026","","Server Integration Tests (Testcontainers)","Server Integration Tests (Testcontainers) Concurrent writes should handle simultaneous POSTs with the same name — exactly one succeeds",""
"","8","Server Unit Tests POST /api/colors returns 400 for name with only spaces","","Mon Apr 27 19:10:34 UTC 2026","passed","Mon Apr 27 19:10:34 UTC 2026","","Server Unit Tests","Server Unit Tests POST /api/colors returns 400 for name with only spaces",""
"","1","Utility Functions rgbToHex converts pure blue","","Mon Apr 27 19:10:54 UTC 2026","passed","Mon Apr 27 19:10:54 UTC 2026","","Utility Functions","Utility Functions rgbToHex converts pure blue",""
"","0","Utility Functions rgbToHsl round-trip hslToRgb→rgbToHsl preserves hue for all sectors","","Mon Apr 27 19:10:54 UTC 2026","passed","Mon Apr 27 19:10:54 UTC 2026","","Utility Functions","Utility Functions rgbToHsl round-trip hslToRgb→rgbToHsl preserves hue for all sectors",""
"","30","Component Tests ColorPicker lightness slider max value (100) gives white","","Mon Apr 27 19:10:54 UTC 2026","passed","Mon Apr 27 19:10:54 UTC 2026","","Utility Functions","Component Tests ColorPicker lightness slider max value (100) gives white",""
"","674","should show loading state when API returns empty colors","Chrome","Mon Apr 27 19:17:25 UTC 2026","passed","Mon Apr 27 19:17:26 UTC 2026","UI Error Handling Coverage","tests/error-handling.spec.ts","",""
"","5","Server Unit Tests POST /api/colors applies the createColorLimiter rate limit headers","","Mon Apr 27 19:10:34 UTC 2026","passed","Mon Apr 27 19:10:34 UTC 2026","","Server Unit Tests","Server Unit Tests POST /api/colors applies the createColorLimiter rate limit headers",""
"","42","Frontend Unit Tests App Component add color 400 shows data.error message","","Mon Apr 27 19:10:54 UTC 2026","passed","Mon Apr 27 19:10:54 UTC 2026","","Frontend Unit Tests","Frontend Unit Tests App Component add color 400 shows data.error message",""
"","0","Utility Functions rgbToHsl pure blue → h=240, s=1, l=0.5","","Mon Apr 27 19:10:54 UTC 2026","passed","Mon Apr 27 19:10:54 UTC 2026","","Utility Functions","Utility Functions rgbToHsl pure blue → h=240, s=1, l=0.5",""
"","7","Component Tests ConfirmDialog Escape key calls onCancel when not busy","","Mon Apr 27 19:10:54 UTC 2026","passed","Mon Apr 27 19:10:54 UTC 2026","","Component Tests","Component Tests ConfirmDialog Escape key calls onCancel when not busy",""
"","8","Component Tests ColorPicker displays serverError prop in an alert banner","","Mon Apr 27 19:10:54 UTC 2026","passed","Mon Apr 27 19:10:54 UTC 2026","","Utility Functions","Component Tests ColorPicker displays serverError prop in an alert banner",""
"","40","Frontend Unit Tests App Component learn react link has correct text","","Mon Apr 27 19:10:54 UTC 2026","passed","Mon Apr 27 19:10:54 UTC 2026","","Frontend Unit Tests","Frontend Unit Tests App Component learn react link has correct text",""
"","3","Server Unit Tests Surviving Mutants & Edge Cases Swagger Metadata & OpenAPI has exact server metadata","","Mon Apr 27 19:10:34 UTC 2026","passed","Mon Apr 27 19:10:34 UTC 2026","","Server Unit Tests","Server Unit Tests Surviving Mutants & Edge Cases Swagger Metadata & OpenAPI has exact server metadata",""
"","631","Example #2","BDD","Mon Apr 27 19:17:48 UTC 2026","passed","Mon Apr 27 19:17:49 UTC 2026","Language Switching > Switch language and verify translated UI labels","","",""
"","6","DELETE /api/colors (collection) returns 405","Chrome","Mon Apr 27 19:17:14 UTC 2026","passed","Mon Apr 27 19:17:14 UTC 2026","Security > HTTP Method Restrictions","tests/security.spec.ts","",""
"","9","Server Integration Tests (Testcontainers) PUT /api/colors/:name should update both name and hex simultaneously","","Mon Apr 27 19:10:25 UTC 2026","passed","Mon Apr 27 19:10:25 UTC 2026","","Server Integration Tests (Testcontainers)","Server Integration Tests (Testcontainers) PUT /api/colors/:name should update both name and hex simultaneously",""
"","692","clicking ""+ Add color"" opens the picker modal","Chrome","Mon Apr 27 19:26:11 UTC 2026","passed","Mon Apr 27 19:26:12 UTC 2026","Color Management — Add & Delete","tests/color-management.spec.ts","",""
"","2","Component Tests ConfirmDialog title is rendered in the element with id confirm-title","","Mon Apr 27 19:10:54 UTC 2026","passed","Mon Apr 27 19:10:54 UTC 2026","","Component Tests","Component Tests ConfirmDialog title is rendered in the element with id confirm-title",""
"","8","X-Powered-By header is not exposed","Chrome","Mon Apr 27 19:17:14 UTC 2026","passed","Mon Apr 27 19:17:14 UTC 2026","Security > Security Headers","tests/security.spec.ts","",""
"","19","Component Tests ColorPicker submit with empty name shows ""Name is required"" error","","Mon Apr 27 19:10:54 UTC 2026","passed","Mon Apr 27 19:10:54 UTC 2026","","Utility Functions","Component Tests ColorPicker submit with empty name shows ""Name is required"" error",""
"","4","Server Unit Tests 405 Method Not Allowed does not return 405 for allowed DELETE method on /api/colors/:name","","Mon Apr 27 19:10:34 UTC 2026","passed","Mon Apr 27 19:10:34 UTC 2026","","Server Unit Tests","Server Unit Tests 405 Method Not Allowed does not return 405 for allowed DELETE method on /api/colors/:name",""
"","42","Frontend Unit Tests App Component add color 500 shows server error message","","Mon Apr 27 19:10:54 UTC 2026","passed","Mon Apr 27 19:10:54 UTC 2026","","Frontend Unit Tests","Frontend Unit Tests App Component add color 500 shows server error message",""
"","5","Server Unit Tests PUT /api/colors/:name returns 400 for invalid current name format in URL","","Mon Apr 27 19:10:34 UTC 2026","passed","Mon Apr 27 19:10:34 UTC 2026","","Server Unit Tests","Server Unit Tests PUT /api/colors/:name returns 400 for invalid current name format in URL",""
"","1942","should maintain accessibility in es language and verify resilient locators","Chrome","Mon Apr 27 19:23:07 UTC 2026","passed","Mon Apr 27 19:23:09 UTC 2026","i18n Accessibility Tests","tests/a11y.spec.ts","",""
"","40","Frontend Unit Tests App Component picker cancel button closes the modal","","Mon Apr 27 19:10:54 UTC 2026","passed","Mon Apr 27 19:10:54 UTC 2026","","Frontend Unit Tests","Frontend Unit Tests App Component picker cancel button closes the modal",""
"","8","Server Unit Tests POST /api/colors accepts single alphanumeric characters as names","","Mon Apr 27 19:10:34 UTC 2026","passed","Mon Apr 27 19:10:34 UTC 2026","","Server Unit Tests","Server Unit Tests POST /api/colors accepts single alphanumeric characters as names",""
"","7","error responses return JSON, not HTML (no info leakage)","Chrome","Mon Apr 27 19:17:14 UTC 2026","passed","Mon Apr 27 19:17:14 UTC 2026","Security > Security Headers","tests/security.spec.ts","",""
"","3","Server Unit Tests 405 Method Not Allowed sets the Allow header on /api/colors/:name with correct methods","","Mon Apr 27 19:10:34 UTC 2026","passed","Mon Apr 27 19:10:34 UTC 2026","","Server Unit Tests","Server Unit Tests 405 Method Not Allowed sets the Allow header on /api/colors/:name with correct methods",""
"","724","homepage should match snapshot","Chrome","Mon Apr 27 19:19:43 UTC 2026","passed","Mon Apr 27 19:19:44 UTC 2026","Visual Regression – iphone-se (375×667)","","",""
"","717","Background stays unchanged when fetching a specific color fails","BDD","Mon Apr 27 19:17:46 UTC 2026","passed","Mon Apr 27 19:17:47 UTC 2026","API Error Handling","","",""
"","1","homepage after color change","Chrome","Mon Apr 27 19:19:46 UTC 2026","skipped","Mon Apr 27 19:19:46 UTC 2026","Percy Visual Regression – Production > Percy – desktop (1280×720)","","",""
"","555","should handle fetch colors network failure gracefully","Chrome","Mon Apr 27 19:17:24 UTC 2026","passed","Mon Apr 27 19:17:25 UTC 2026","UI Error Handling Coverage","tests/error-handling.spec.ts","",""
"","715","shows a chip for each color with a swatch, name, and delete button","Chrome","Mon Apr 27 19:26:10 UTC 2026","passed","Mon Apr 27 19:26:11 UTC 2026","Color Management — Add & Delete","tests/color-management.spec.ts","",""
"","23","Frontend Unit Tests App Component colors.length > 0 does NOT show loading text","","Mon Apr 27 19:10:54 UTC 2026","passed","Mon Apr 27 19:10:54 UTC 2026","","Frontend Unit Tests","Frontend Unit Tests App Component colors.length > 0 does NOT show loading text",""
"","14","Server Integration Tests (Testcontainers) POST /api/colors should return 409 when creating a duplicate color name","","Mon Apr 27 19:10:25 UTC 2026","passed","Mon Apr 27 19:10:25 UTC 2026","","Server Integration Tests (Testcontainers)","Server Integration Tests (Testcontainers) POST /api/colors should return 409 when creating a duplicate color name",""
"","26","Frontend Unit Tests App Component link color is light (#cfe8ff) on dark background","","Mon Apr 27 19:10:54 UTC 2026","passed","Mon Apr 27 19:10:54 UTC 2026","","Frontend Unit Tests","Frontend Unit Tests App Component link color is light (#cfe8ff) on dark background",""
"","614","Color button remains functional after switching language","BDD","Mon Apr 27 19:17:49 UTC 2026","passed","Mon Apr 27 19:17:50 UTC 2026","Language Switching","","",""
"","3","Frontend Unit Tests i18n Configuration should translate keys correctly","","Mon Apr 27 19:10:56 UTC 2026","passed","Mon Apr 27 19:10:56 UTC 2026","","Frontend Unit Tests","Frontend Unit Tests i18n Configuration should translate keys correctly",""
"","7","Server Integration Tests (Testcontainers) Method Not Allowed should return 405 for PATCH /api/colors","","Mon Apr 27 19:10:25 UTC 2026","passed","Mon Apr 27 19:10:25 UTC 2026","","Server Integration Tests (Testcontainers)","Server Integration Tests (Testcontainers) Method Not Allowed should return 405 for PATCH /api/colors",""
"","727","Example #1","BDD","Mon Apr 27 19:17:46 UTC 2026","passed","Mon Apr 27 19:17:47 UTC 2026","Home Page Background Color > Change background color","","",""
"","4","Component Tests ConfirmDialog backdrop click does NOT call onCancel when busy","","Mon Apr 27 19:10:54 UTC 2026","passed","Mon Apr 27 19:10:54 UTC 2026","","Component Tests","Component Tests ConfirmDialog backdrop click does NOT call onCancel when busy",""
"","10","should reject invalid hex format","Chrome","Mon Apr 27 19:23:12 UTC 2026","passed","Mon Apr 27 19:23:12 UTC 2026","Backend API Integration > POST /api/colors Schema Validation","tests/api.spec.ts","",""
"","0","Utility Functions rgbToHex value 15 pads to 0f","","Mon Apr 27 19:10:54 UTC 2026","passed","Mon Apr 27 19:10:54 UTC 2026","","Utility Functions","Utility Functions rgbToHex value 15 pads to 0f",""
"","16","GET /api/colors/Yellow should return the correct hex code","Chrome","Mon Apr 27 19:23:11 UTC 2026","passed","Mon Apr 27 19:23:11 UTC 2026","Backend API Integration","tests/api.spec.ts","",""
"","2107","PUT /api/colors/{name}","","","passed","","","schemathesis","",""
"","290","Server Unit Tests Surviving Mutants & Edge Cases Infrastructure uses default MONGO_URI when process.env.MONGO_URI is missing","","Mon Apr 27 19:10:34 UTC 2026","passed","Mon Apr 27 19:10:34 UTC 2026","","Server Unit Tests","Server Unit Tests Surviving Mutants & Edge Cases Infrastructure uses default MONGO_URI when process.env.MONGO_URI is missing",""
"","625","Show loading state when the API returns an empty colors list","BDD","Mon Apr 27 19:17:44 UTC 2026","passed","Mon Apr 27 19:17:45 UTC 2026","API Error Handling","","",""
"","1","Utility Functions hslToRgb hue=180 (cyan) → [0,255,255]","","Mon Apr 27 19:10:54 UTC 2026","passed","Mon Apr 27 19:10:54 UTC 2026","","Utility Functions","Utility Functions hslToRgb hue=180 (cyan) → [0,255,255]",""
"","23","Component Tests ColorPicker mousedown at top-center (hue=270) sets hex to #8000ff","","Mon Apr 27 19:10:54 UTC 2026","passed","Mon Apr 27 19:10:54 UTC 2026","","Utility Functions","Component Tests ColorPicker mousedown at top-center (hue=270) sets hex to #8000ff",""
"","12","should reject updating with empty name","Chrome","Mon Apr 27 19:23:12 UTC 2026","passed","Mon Apr 27 19:23:12 UTC 2026","Backend API Integration > PUT /api/colors/:name Schema Validation","tests/api.spec.ts","",""
"","9","Component Tests ConfirmDialog cancelLabel prop is reflected in the button text","","Mon Apr 27 19:10:54 UTC 2026","passed","Mon Apr 27 19:10:54 UTC 2026","","Component Tests","Component Tests ConfirmDialog cancelLabel prop is reflected in the button text",""
"","1","Utility Functions rgbToHsl mid-grey [128,128,128] → s=0","","Mon Apr 27 19:10:54 UTC 2026","passed","Mon Apr 27 19:10:54 UTC 2026","","Utility Functions","Utility Functions rgbToHsl mid-grey [128,128,128] → s=0",""
"","24","Component Tests ColorPicker lightness slider min value (0) gives black","","Mon Apr 27 19:10:54 UTC 2026","passed","Mon Apr 27 19:10:54 UTC 2026","","Utility Functions","Component Tests ColorPicker lightness slider min value (0) gives black",""
"","39","Frontend Unit Tests App Component add color 409 fallback message when data.error is absent","","Mon Apr 27 19:10:54 UTC 2026","passed","Mon Apr 27 19:10:54 UTC 2026","","Frontend Unit Tests","Frontend Unit Tests App Component add color 409 fallback message when data.error is absent",""
"","0","Frontend Unit Tests i18n Configuration interpolation should not escape value","","Mon Apr 27 19:10:56 UTC 2026","passed","Mon Apr 27 19:10:56 UTC 2026","","Frontend Unit Tests","Frontend Unit Tests i18n Configuration interpolation should not escape value",""
"","1","Utility Functions readableOn returns #fff for black (very dark, L≈0)","","Mon Apr 27 19:10:54 UTC 2026","passed","Mon Apr 27 19:10:54 UTC 2026","","Utility Functions","Utility Functions readableOn returns #fff for black (very dark, L≈0)",""
"","21","Component Tests ColorPicker mousedown at left-center (hue=180) sets hex to #00ffff","","Mon Apr 27 19:10:54 UTC 2026","passed","Mon Apr 27 19:10:54 UTC 2026","","Utility Functions","Component Tests ColorPicker mousedown at left-center (hue=180) sets hex to #00ffff",""
"","4","Server Unit Tests OpenAPI endpoints spec includes component schemas","","Mon Apr 27 19:10:34 UTC 2026","passed","Mon Apr 27 19:10:34 UTC 2026","","Server Unit Tests","Server Unit Tests OpenAPI endpoints spec includes component schemas",""
"","0","Utility Functions rgbToHex converts pure red","","Mon Apr 27 19:10:54 UTC 2026","passed","Mon Apr 27 19:10:54 UTC 2026","","Utility Functions","Utility Functions rgbToHex converts pure red",""
"","7","Server Unit Tests Surviving Mutants & Edge Cases Rate Limiting & Security kills mutants by verifying x-powered-by is removed","","Mon Apr 27 19:10:34 UTC 2026","passed","Mon Apr 27 19:10:34 UTC 2026","","Server Unit Tests","Server Unit Tests Surviving Mutants & Edge Cases Rate Limiting & Security kills mutants by verifying x-powered-by is removed",""
"","1094","shows client-side ""Name is required"" when submitting empty name","Chrome","Mon Apr 27 19:26:14 UTC 2026","passed","Mon Apr 27 19:26:15 UTC 2026","Color Management — Add & Delete","tests/color-management.spec.ts","",""
"","487","should handle missing image gracefully by showing alt text","Chrome","Mon Apr 27 19:17:26 UTC 2026","passed","Mon Apr 27 19:17:26 UTC 2026","Network Mocking & Interception","tests/network-mocking.spec.ts","",""
"","9","Server Integration Tests (Testcontainers) POST /api/colors should accept a color name containing spaces","","Mon Apr 27 19:10:25 UTC 2026","passed","Mon Apr 27 19:10:25 UTC 2026","","Server Integration Tests (Testcontainers)","Server Integration Tests (Testcontainers) POST /api/colors should accept a color name containing spaces",""
"","626","Show error message when the initial colors fetch fails","BDD","Mon Apr 27 19:17:44 UTC 2026","passed","Mon Apr 27 19:17:45 UTC 2026","API Error Handling","","",""
"","7","Server Unit Tests 405 Method Not Allowed returns 405 for POST, PUT, DELETE on /openapi.json","","Mon Apr 27 19:10:34 UTC 2026","passed","Mon Apr 27 19:10:34 UTC 2026","","Server Unit Tests","Server Unit Tests 405 Method Not Allowed returns 405 for POST, PUT, DELETE on /openapi.json",""
"","634","first color chip is active on load (aria-pressed=true)","Chrome","Mon Apr 27 19:26:10 UTC 2026","passed","Mon Apr 27 19:26:11 UTC 2026","Color Management — Add & Delete","tests/color-management.spec.ts","",""
"","131","Component Tests ConfirmDialog renders title, body, and both buttons","","Mon Apr 27 19:10:54 UTC 2026","passed","Mon Apr 27 19:10:54 UTC 2026","","Component Tests","Component Tests ConfirmDialog renders title, body, and both buttons",""
"","12","Component Tests ColorPicker Enter key on name input triggers submit","","Mon Apr 27 19:10:54 UTC 2026","passed","Mon Apr 27 19:10:54 UTC 2026","","Utility Functions","Component Tests ColorPicker Enter key on name input triggers submit",""
"","0","Utility Functions readableOn returns #fff for a very dark blue","","Mon Apr 27 19:10:54 UTC 2026","passed","Mon Apr 27 19:10:54 UTC 2026","","Utility Functions","Utility Functions readableOn returns #fff for a very dark blue",""
"","0","Utility Functions hslToRgb hue=210 (azure) → [0,128,255]","","Mon Apr 27 19:10:54 UTC 2026","passed","Mon Apr 27 19:10:54 UTC 2026","","Utility Functions","Utility Functions hslToRgb hue=210 (azure) → [0,128,255]",""
"","288","Server Unit Tests Surviving Mutants & Edge Cases Port Fallback uses default PORT 5001 when process.env.PORT is missing","","Mon Apr 27 19:10:34 UTC 2026","passed","Mon Apr 27 19:10:34 UTC 2026","","Server Unit Tests","Server Unit Tests Surviving Mutants & Edge Cases Port Fallback uses default PORT 5001 when process.env.PORT is missing",""
"","6","Server Integration Tests (Testcontainers) POST /api/colors should return 400 for invalid hex format (missing #)","","Mon Apr 27 19:10:25 UTC 2026","passed","Mon Apr 27 19:10:25 UTC 2026","","Server Integration Tests (Testcontainers)","Server Integration Tests (Testcontainers) POST /api/colors should return 400 for invalid hex format (missing #)",""
"","1350","POST /api/colors","","","passed","","","schemathesis","",""
"","0","Utility Functions rgbToHsl white [255,255,255] → h=0, s=0, l=1","","Mon Apr 27 19:10:54 UTC 2026","passed","Mon Apr 27 19:10:54 UTC 2026","","Utility Functions","Utility Functions rgbToHsl white [255,255,255] → h=0, s=0, l=1",""
"","8","Component Tests ColorPicker clicking inside the card does NOT call onCancel","","Mon Apr 27 19:10:54 UTC 2026","passed","Mon Apr 27 19:10:54 UTC 2026","","Utility Functions","Component Tests ColorPicker clicking inside the card does NOT call onCancel",""
"","0","Utility Functions rgbToHex converts pure green","","Mon Apr 27 19:10:54 UTC 2026","passed","Mon Apr 27 19:10:54 UTC 2026","","Utility Functions","Utility Functions rgbToHex converts pure green",""
"","0","homepage initial state","Chrome","Mon Apr 27 19:19:46 UTC 2026","skipped","Mon Apr 27 19:19:46 UTC 2026","Percy Visual Regression – Production > Percy – desktop-xl (1920×1080)","","",""
"","49","Frontend Unit Tests App Component handleColorClick clears previous error on new successful click","","Mon Apr 27 19:10:54 UTC 2026","passed","Mon Apr 27 19:10:54 UTC 2026","","Frontend Unit Tests","Frontend Unit Tests App Component handleColorClick clears previous error on new successful click",""
"","1","Utility Functions paintWheelPixel sets alpha to 0 when dist > r (outside circle)","","Mon Apr 27 19:10:54 UTC 2026","passed","Mon Apr 27 19:10:54 UTC 2026","","Utility Functions","Utility Functions paintWheelPixel sets alpha to 0 when dist > r (outside circle)",""
"","10","Component Tests ColorPicker clicking the backdrop calls onCancel","","Mon Apr 27 19:10:54 UTC 2026","passed","Mon Apr 27 19:10:54 UTC 2026","","Utility Functions","Component Tests ColorPicker clicking the backdrop calls onCancel",""
"","10","Server Integration Tests (Testcontainers) POST /api/colors should accept a single alphanumeric character as a name","","Mon Apr 27 19:10:25 UTC 2026","passed","Mon Apr 27 19:10:25 UTC 2026","","Server Integration Tests (Testcontainers)","Server Integration Tests (Testcontainers) POST /api/colors should accept a single alphanumeric character as a name",""
"","2364","should maintain accessibility in en language and verify resilient locators","Chrome","Mon Apr 27 19:23:05 UTC 2026","passed","Mon Apr 27 19:23:07 UTC 2026","i18n Accessibility Tests","tests/a11y.spec.ts","",""
"","5","Server Unit Tests POST /api/colors returns 400 when name is missing","","Mon Apr 27 19:10:34 UTC 2026","passed","Mon Apr 27 19:10:34 UTC 2026","","Server Unit Tests","Server Unit Tests POST /api/colors returns 400 when name is missing",""
"","818","clicking the backdrop closes the picker","Chrome","Mon Apr 27 19:26:13 UTC 2026","passed","Mon Apr 27 19:26:14 UTC 2026","Color Management — Add & Delete","tests/color-management.spec.ts","",""
"","3","Server Unit Tests Surviving Mutants & Edge Cases Swagger Metadata & OpenAPI has exact application/json content-type","","Mon Apr 27 19:10:34 UTC 2026","passed","Mon Apr 27 19:10:34 UTC 2026","","Server Unit Tests","Server Unit Tests Surviving Mutants & Edge Cases Swagger Metadata & OpenAPI has exact application/json content-type",""
"","595","Escape key closes the confirm dialog","Chrome","Mon Apr 27 19:26:17 UTC 2026","passed","Mon Apr 27 19:26:18 UTC 2026","Color Management — Add & Delete","tests/color-management.spec.ts","",""
"","11","Server Unit Tests GET /api/colors/:name returns a single color by name with correct fields","","Mon Apr 27 19:10:34 UTC 2026","passed","Mon Apr 27 19:10:34 UTC 2026","","Server Unit Tests","Server Unit Tests GET /api/colors/:name returns a single color by name with correct fields",""
