"DESCRIPTION","DURATION IN MS","NAME","PARENT SUITE","START TIME","STATUS","STOP TIME","SUB SUITE","SUITE","TEST CLASS","TEST METHOD"
"","4","Server Unit Tests Middleware returns 413 for payload too large","","2026-09-09","passed","2026-09-09","","Server Unit Tests","Server Unit Tests Middleware returns 413 for payload too large",""
"","14","Server Integration Tests (Testcontainers) GET /api/colors should not expose _id or __v fields","","2026-09-09","passed","2026-09-09","","Server Integration Tests (Testcontainers)","Server Integration Tests (Testcontainers) GET /api/colors should not expose _id or __v fields",""
"","39","Frontend Unit Tests App Component initial background is first color hex","","2026-09-09","passed","2026-09-09","","Frontend Unit Tests","Frontend Unit Tests App Component initial background is first color hex",""
"","23","Server Unit Tests POST /api/colors creates a new color and returns 201 with correct body","","2026-09-09","passed","2026-09-09","","Server Unit Tests","Server Unit Tests POST /api/colors creates a new color and returns 201 with correct body",""
"","11","Server Unit Tests GET /api/colors/:name returns 404 for a non-existent color","","2026-09-09","passed","2026-09-09","","Server Unit Tests","Server Unit Tests GET /api/colors/:name returns 404 for a non-existent color",""
"","1","Utility Functions paintWheelPixel writes to the correct index offset in the array","","2026-09-09","passed","2026-09-09","","Utility Functions","Utility Functions paintWheelPixel writes to the correct index offset in the array",""
"","12","Server Integration Tests (Testcontainers) seedDatabase should always restore the three default seed colors","","2026-09-09","passed","2026-09-09","","Server Integration Tests (Testcontainers)","Server Integration Tests (Testcontainers) seedDatabase should always restore the three default seed colors",""
"","8","Frontend Unit Tests App Component initial default background before fetch resolves","","2026-09-09","passed","2026-09-09","","Frontend Unit Tests","Frontend Unit Tests App Component initial default background before fetch resolves",""
"","0","Utility Functions readableOn returns #111 for an invalid/empty hex string (null rgb fallback)","","2026-09-09","passed","2026-09-09","","Utility Functions","Utility Functions readableOn returns #111 for an invalid/empty hex string (null rgb fallback)",""
"","1921","homepage should match snapshot","Chrome","2026-09-09","passed","2026-09-09","Visual Regression – desktop (1280×720)","","",""
"","995","chip-x click opens confirm dialog with color name","Chrome","2026-09-09","passed","2026-09-09","Color Management — Add & Delete","","",""
"","48","Component Tests ColorPicker mousemove while dragging updates hex (dragging.current=true kills mutation)","","2026-09-09","passed","2026-09-09","","Utility Functions","Component Tests ColorPicker mousemove while dragging updates hex (dragging.current=true kills mutation)",""
"","13","Component Tests ColorPicker typing an invalid hex shows ""Use format #RRGGBB"" error","","2026-09-09","passed","2026-09-09","","Utility Functions","Component Tests ColorPicker typing an invalid hex shows ""Use format #RRGGBB"" error",""
"","0","Utility Functions paintWheelPixel paints grey at center (dx=0, dy=0, dist=0, sat=0)","","2026-09-09","passed","2026-09-09","","Utility Functions","Utility Functions paintWheelPixel paints grey at center (dx=0, dy=0, dist=0, sat=0)",""
"","1172","clicking a chip makes it active","Chrome","2026-09-09","passed","2026-09-09","Color Management — Add & Delete","","",""
"","1","homepage initial state","Chrome","2026-09-09","skipped","2026-09-09","Percy Visual Regression – Production > Percy – desktop-xl (1920×1080)","","",""
"","9","Component Tests ConfirmDialog dialog has correct ARIA attributes","","2026-09-09","passed","2026-09-09","","Component Tests","Component Tests ConfirmDialog dialog has correct ARIA attributes",""
"","1261","verify Red ( #e74c3c ) is applied as the background color","Chrome","2026-09-09","passed","2026-09-09","POM Refactored: Background color tests","","",""
"","1","Utility Functions rgbToHsl round-trip hslToRgb→rgbToHsl preserves hue for all sectors","","2026-09-09","passed","2026-09-09","","Utility Functions","Utility Functions rgbToHsl round-trip hslToRgb→rgbToHsl preserves hue for all sectors",""
"","7","Utility Functions rgbToHsl r max with g<b (#ff0040) → h near 345","","2026-09-09","passed","2026-09-09","","Utility Functions","Utility Functions rgbToHsl r max with g<b (#ff0040) → h near 345",""
"","23","Frontend Unit Tests App Component colors.length > 0 does NOT show loading text","","2026-09-09","passed","2026-09-09","","Frontend Unit Tests","Frontend Unit Tests App Component colors.length > 0 does NOT show loading text",""
"","455","should delete an existing color","Chrome","2026-09-09","passed","2026-09-09","Backend API Integration > DELETE /api/colors/:name","","",""
"","5","Server Unit Tests Surviving Mutants & Edge Cases Regex & Validation Zod required_error messages are correct","","2026-09-09","passed","2026-09-09","","Server Unit Tests","Server Unit Tests Surviving Mutants & Edge Cases Regex & Validation Zod required_error messages are correct",""
"","0","Utility Functions hslToRgb lightness clamped: l=1.5 gives white","","2026-09-09","passed","2026-09-09","","Utility Functions","Utility Functions hslToRgb lightness clamped: l=1.5 gives white",""
"","40","Server Unit Tests GET /api/colors returns all seeded colors with correct names and hex values","","2026-09-09","passed","2026-09-09","","Server Unit Tests","Server Unit Tests GET /api/colors returns all seeded colors with correct names and hex values",""
"","3","Server Unit Tests 405 Method Not Allowed returns 405 for PATCH on /api/colors","","2026-09-09","passed","2026-09-09","","Server Unit Tests","Server Unit Tests 405 Method Not Allowed returns 405 for PATCH on /api/colors",""
"","931","should display all core elements and handle button interaction","Chrome","2026-09-09","passed","2026-09-09","Responsive Design – iPhone landscape (667×375)","","",""
"","6","Server Unit Tests GET /api/colors/:name returns Yellow color correctly","","2026-09-09","passed","2026-09-09","","Server Unit Tests","Server Unit Tests GET /api/colors/:name returns Yellow color correctly",""
"","18","Server Integration Tests (Testcontainers) seedDatabase should clear custom colors when re-seeded","","2026-09-09","passed","2026-09-09","","Server Integration Tests (Testcontainers)","Server Integration Tests (Testcontainers) seedDatabase should clear custom colors when re-seeded",""
"","389","Server Unit Tests Surviving Mutants & Edge Cases Infrastructure uses default MONGO_URI when process.env.MONGO_URI is missing","","2026-09-09","passed","2026-09-09","","Server Unit Tests","Server Unit Tests Surviving Mutants & Edge Cases Infrastructure uses default MONGO_URI when process.env.MONGO_URI is missing",""
"","4","Server Unit Tests Middleware does not include X-Powered-By header","","2026-09-09","passed","2026-09-09","","Server Unit Tests","Server Unit Tests Middleware does not include X-Powered-By header",""
"","53","Frontend Unit Tests App Component handleColorClick shows error alert on fetch failure","","2026-09-09","passed","2026-09-09","","Frontend Unit Tests","Frontend Unit Tests App Component handleColorClick shows error alert on fetch failure",""
"","0","Utility Functions rgbToHsl b max (#0040ff) → h in (180,300)","","2026-09-09","passed","2026-09-09","","Utility Functions","Utility Functions rgbToHsl b max (#0040ff) → h in (180,300)",""
"","3","Server Unit Tests Surviving Mutants & Edge Cases Swagger JSDoc Integration kills apis array mutants by verifying JSDoc content is present","","2026-09-09","passed","2026-09-09","","Server Unit Tests","Server Unit Tests Surviving Mutants & Edge Cases Swagger JSDoc Integration kills apis array mutants by verifying JSDoc content is present",""
"","62","Frontend Unit Tests App Component confirm dialog cancel button closes it","","2026-09-09","passed","2026-09-09","","Frontend Unit Tests","Frontend Unit Tests App Component confirm dialog cancel button closes it",""
"","1116","should handle color click network failure gracefully","Chrome","2026-09-09","passed","2026-09-09","UI Error Handling Coverage","","",""
"","2405","should load the application and verify core functionality across browsers","Firefox","2026-09-09","passed","2026-09-09","Cross-Browser Core Functionality","","",""
"","1","Utility Functions rgbToHsl black [0,0,0] → h=0, s=0, l=0","","2026-09-09","passed","2026-09-09","","Utility Functions","Utility Functions rgbToHsl black [0,0,0] → h=0, s=0, l=0",""
"","5","Server Unit Tests POST /api/reseed returns 401 when token is incorrect","","2026-09-09","passed","2026-09-09","","Server Unit Tests","Server Unit Tests POST /api/reseed returns 401 when token is incorrect",""
"","4","Server Unit Tests POST /api/colors returns 400 for invalid hex format (too short)","","2026-09-09","passed","2026-09-09","","Server Unit Tests","Server Unit Tests POST /api/colors returns 400 for invalid hex format (too short)",""
"","793","Example #2","BDD","2026-09-09","passed","2026-09-09","Language Switching > Switch language and verify translated UI labels","","",""
"","2817","POST /api/colors","","","passed","","","schemathesis","",""
"","311","Server Unit Tests Surviving Mutants & Edge Cases Port Fallback uses default PORT 5001 when process.env.PORT is missing","","2026-09-09","passed","2026-09-09","","Server Unit Tests","Server Unit Tests Surviving Mutants & Edge Cases Port Fallback uses default PORT 5001 when process.env.PORT is missing",""
"","15","Component Tests ColorPicker typing a valid hex without # prefix is accepted","","2026-09-09","passed","2026-09-09","","Utility Functions","Component Tests ColorPicker typing a valid hex without # prefix is accepted",""
"","1","Frontend Unit Tests i18n Configuration should have defined resources for en, es, el","","2026-09-09","passed","2026-09-09","","Frontend Unit Tests","Frontend Unit Tests i18n Configuration should have defined resources for en, es, el",""
"Performance Test: API Performance Test
File: api-performance.spec.ts
Total Iterations: 1
Max VUs: 1

HTTP Request Duration:
- Avg: 5.68ms
- P(95): 14.59ms
- Max: 17.20ms

Full metrics attached in the results.","1658","API Performance Test","Performance","2026-09-09","passed","2026-09-09","api-performance.spec.ts","API Performance Test","",""
"","4","Server Unit Tests POST /api/reseed returns 401 when Bearer scheme prefix is missing","","2026-09-09","passed","2026-09-09","","Server Unit Tests","Server Unit Tests POST /api/reseed returns 401 when Bearer scheme prefix is missing",""
"","41","Frontend Unit Tests App Component clicking chip-x opens confirm dialog with color name and swatch","","2026-09-09","passed","2026-09-09","","Frontend Unit Tests","Frontend Unit Tests App Component clicking chip-x opens confirm dialog with color name and swatch",""
"","1957","should create color via API and verify through UI","Chrome","2026-09-09","passed","2026-09-09","Hybrid E2E Testing","","",""
"","1190","handle initial fetch with empty data","Chrome","2026-09-09","passed","2026-09-09","Edge cases and error handling","","",""
"","5","Server Unit Tests OpenAPI endpoints serves Swagger UI as HTML","","2026-09-09","passed","2026-09-09","","Server Unit Tests","Server Unit Tests OpenAPI endpoints serves Swagger UI as HTML",""
"","1036","verify language switcher changes document language","Chrome","2026-09-09","passed","2026-09-09","","","",""
"","0","Utility Functions hslToRgb hue=330 (rose) → [255,0,128]","","2026-09-09","passed","2026-09-09","","Utility Functions","Utility Functions hslToRgb hue=330 (rose) → [255,0,128]",""
"","962","Show loading state when the API returns an empty colors list","BDD","2026-09-09","passed","2026-09-09","API Error Handling","","",""
"","4","Server Unit Tests Error Handling PUT /api/colors/:name returns 409 when database throws duplicate key error (code 11000) on save","","2026-09-09","passed","2026-09-09","","Server Unit Tests","Server Unit Tests Error Handling PUT /api/colors/:name returns 409 when database throws duplicate key error (code 11000) on save",""
"","1192","handle initial fetch error","Chrome","2026-09-09","passed","2026-09-09","Edge cases and error handling","","",""
"","4","Server Unit Tests Middleware JSON error middleware ignores SyntaxError without body","","2026-09-09","passed","2026-09-09","","Server Unit Tests","Server Unit Tests Middleware JSON error middleware ignores SyntaxError without body",""
"","50","Frontend Unit Tests App Component add color 429 rate limit shows specific message","","2026-09-09","passed","2026-09-09","","Frontend Unit Tests","Frontend Unit Tests App Component add color 429 rate limit shows specific message",""
"","6","Server Unit Tests 405 Method Not Allowed does not return 405 for allowed POST method on /api/colors","","2026-09-09","passed","2026-09-09","","Server Unit Tests","Server Unit Tests 405 Method Not Allowed does not return 405 for allowed POST method on /api/colors",""
"","4","Server Unit Tests POST /api/colors returns 400 for invalid hex format (no hash)","","2026-09-09","passed","2026-09-09","","Server Unit Tests","Server Unit Tests POST /api/colors returns 400 for invalid hex format (no hash)",""
"","8","Server Unit Tests Surviving Mutants & Edge Cases Regex & Validation STRICT_NAME_REGEX kills mutants by testing multiple spaces in the middle and rejecting pluses","","2026-09-09","passed","2026-09-09","","Server Unit Tests","Server Unit Tests Surviving Mutants & Edge Cases Regex & Validation STRICT_NAME_REGEX kills mutants by testing multiple spaces in the middle and rejecting pluses",""
"","11","Component Tests ConfirmDialog swatch div has the correct background color","","2026-09-09","passed","2026-09-09","","Component Tests","Component Tests ConfirmDialog swatch div has the correct background color",""
"","10","Server Integration Tests (Testcontainers) seedDatabase should be idempotent — calling twice always yields exactly 3 colors","","2026-09-09","passed","2026-09-09","","Server Integration Tests (Testcontainers)","Server Integration Tests (Testcontainers) seedDatabase should be idempotent — calling twice always yields exactly 3 colors",""
"","10","Server Unit Tests GET /api/colors returns an empty array when no colors exist","","2026-09-09","passed","2026-09-09","","Server Unit Tests","Server Unit Tests GET /api/colors returns an empty array when no colors exist",""
"","71","Frontend Unit Tests App Component delete sends DELETE request with correct method","","2026-09-09","passed","2026-09-09","","Frontend Unit Tests","Frontend Unit Tests App Component delete sends DELETE request with correct method",""
"","65","PATCH /api/colors returns 405","Chrome","2026-09-09","passed","2026-09-09","Security > HTTP Method Restrictions","","",""
"","1","Utility Functions hslToRgb hue=240 (blue) → [0,0,255]","","2026-09-09","passed","2026-09-09","","Utility Functions","Utility Functions hslToRgb hue=240 (blue) → [0,0,255]",""
"","78","should reject empty name","Chrome","2026-09-09","passed","2026-09-09","Backend API Integration > POST /api/colors Schema Validation","","",""
"","4","Component Tests ConfirmDialog title is rendered in the element with id confirm-title","","2026-09-09","passed","2026-09-09","","Component Tests","Component Tests ConfirmDialog title is rendered in the element with id confirm-title",""
"","23","Frontend Unit Tests App Component text color on dark background is white","","2026-09-09","passed","2026-09-09","","Frontend Unit Tests","Frontend Unit Tests App Component text color on dark background is white",""
"","1173","check Turquoise ( #1abc9c) is the default background color.","Chrome","2026-09-09","passed","2026-09-09","","","",""
"","11","Server Unit Tests POST /api/reseed returns 200 and reseeds the database with a valid token","","2026-09-09","passed","2026-09-09","","Server Unit Tests","Server Unit Tests POST /api/reseed returns 200 and reseeds the database with a valid token",""
"","1203","should create dynamic random color via API and verify through UI","Chrome","2026-09-09","passed","2026-09-09","Random Data Testing with faker.js","","",""
"","11","Server Integration Tests (Testcontainers) POST /api/colors should return 409 when creating a duplicate color name","","2026-09-09","passed","2026-09-09","","Server Integration Tests (Testcontainers)","Server Integration Tests (Testcontainers) POST /api/colors should return 409 when creating a duplicate color name",""
"","3","Server Unit Tests OpenAPI endpoints spec includes component schemas","","2026-09-09","passed","2026-09-09","","Server Unit Tests","Server Unit Tests OpenAPI endpoints spec includes component schemas",""
"","27","Frontend Unit Tests App Component shows add-color button even when colors are empty","","2026-09-09","passed","2026-09-09","","Frontend Unit Tests","Frontend Unit Tests App Component shows add-color button even when colors are empty",""
"","1","Utility Functions hslToRgb hue=210 (azure) → [0,128,255]","","2026-09-09","passed","2026-09-09","","Utility Functions","Utility Functions hslToRgb hue=210 (azure) → [0,128,255]",""
"","782","first color chip is active on load (aria-pressed=true)","Chrome","2026-09-09","passed","2026-09-09","Color Management — Add & Delete","","",""
"","83","DELETE /api/colors (collection) returns 405","Chrome","2026-09-09","passed","2026-09-09","Security > HTTP Method Restrictions","","",""
"","0","Utility Functions paintWheelPixel anti-aliases the outermost ring: dist=r gives alpha=0","","2026-09-09","passed","2026-09-09","","Utility Functions","Utility Functions paintWheelPixel anti-aliases the outermost ring: dist=r gives alpha=0",""
"","81","POST with script tag in name is rejected (400)","Chrome","2026-09-09","passed","2026-09-09","Security > XSS Prevention","","",""
"","22","Server Integration Tests (Testcontainers) POST /api/colors should create a new color and persist it in the real database","","2026-09-09","passed","2026-09-09","","Server Integration Tests (Testcontainers)","Server Integration Tests (Testcontainers) POST /api/colors should create a new color and persist it in the real database",""
"","12","Component Tests ColorPicker Enter key on name input triggers submit","","2026-09-09","passed","2026-09-09","","Utility Functions","Component Tests ColorPicker Enter key on name input triggers submit",""
"","5","Component Tests ConfirmDialog Escape key does NOT call onCancel when busy","","2026-09-09","passed","2026-09-09","","Component Tests","Component Tests ConfirmDialog Escape key does NOT call onCancel when busy",""
"","30","Component Tests ColorPicker valid submit calls onConfirm with trimmed name and current hex","","2026-09-09","passed","2026-09-09","","Utility Functions","Component Tests ColorPicker valid submit calls onConfirm with trimmed name and current hex",""
"","54","Frontend Unit Tests App Component handleColorClick shows error on non-2xx response","","2026-09-09","passed","2026-09-09","","Frontend Unit Tests","Frontend Unit Tests App Component handleColorClick shows error on non-2xx response",""
"","23","Component Tests ConfirmDialog cancel button calls onCancel","","2026-09-09","passed","2026-09-09","","Component Tests","Component Tests ConfirmDialog cancel button calls onCancel",""
"","1192","handle color response missing hex property","Chrome","2026-09-09","passed","2026-09-09","Edge cases and error handling","","",""
"","2","Frontend Unit Tests i18n Configuration should have translation keys in resources","","2026-09-09","passed","2026-09-09","","Frontend Unit Tests","Frontend Unit Tests i18n Configuration should have translation keys in resources",""
"","3","Server Unit Tests 405 Method Not Allowed sets the Allow header on /api/colors with correct methods","","2026-09-09","passed","2026-09-09","","Server Unit Tests","Server Unit Tests 405 Method Not Allowed sets the Allow header on /api/colors with correct methods",""
"","4","Server Unit Tests DELETE /api/colors/:name returns 404 for a non-existent color","","2026-09-09","passed","2026-09-09","","Server Unit Tests","Server Unit Tests DELETE /api/colors/:name returns 404 for a non-existent color",""
"","0","Utility Functions rgbToHsl pure red → h=0, s=1, l=0.5","","2026-09-09","passed","2026-09-09","","Utility Functions","Utility Functions rgbToHsl pure red → h=0, s=1, l=0.5",""
"","62","should reject missing name","Chrome","2026-09-09","passed","2026-09-09","Backend API Integration > POST /api/colors Schema Validation","","",""
"","6","Server Unit Tests DELETE /api/colors/:name cannot delete the same color twice","","2026-09-09","passed","2026-09-09","","Server Unit Tests","Server Unit Tests DELETE /api/colors/:name cannot delete the same color twice",""
"","12","Frontend Unit Tests App Component shows error alert when initial fetch returns non-2xx","","2026-09-09","passed","2026-09-09","","Frontend Unit Tests","Frontend Unit Tests App Component shows error alert when initial fetch returns non-2xx",""
"","31","Frontend Unit Tests App Component text color on light background is dark","","2026-09-09","passed","2026-09-09","","Frontend Unit Tests","Frontend Unit Tests App Component text color on light background is dark",""
"","1480","changing color to Red should reflect in UI and DOM","Chrome","2026-09-09","passed","2026-09-09","Data-Driven Testing","","",""
"","0","homepage after color change","Chrome","2026-09-09","skipped","2026-09-09","Percy Visual Regression – Production > Percy – mobile (375×667)","","",""
"","1388","shows client-side validation error for invalid name chars","Chrome","2026-09-09","passed","2026-09-09","Color Management — Add & Delete","","",""
"","54","Frontend Unit Tests App Component first loaded color is active (aria-pressed=true)","","2026-09-09","passed","2026-09-09","","Frontend Unit Tests","Frontend Unit Tests App Component first loaded color is active (aria-pressed=true)",""
"","197","GET /api/colors should return all colors","Chrome","2026-09-09","passed","2026-09-09","Backend API Integration","","",""
"","0","homepage after color change","Chrome","2026-09-09","skipped","2026-09-09","Percy Visual Regression – Production > Percy – desktop-xl (1920×1080)","","",""
"","49","Frontend Unit Tests App Component add color 500 shows server error message","","2026-09-09","passed","2026-09-09","","Frontend Unit Tests","Frontend Unit Tests App Component add color 500 shows server error message",""
"","6","Frontend Unit Tests App Component language selector change calls i18n and updates html lang","","2026-09-09","passed","2026-09-09","","Frontend Unit Tests","Frontend Unit Tests App Component language selector change calls i18n and updates html lang",""
"","176","GET /api/colors should return colors sorted alphabetically by name","Chrome","2026-09-09","passed","2026-09-09","Backend API Integration","","",""
"","8","Server Integration Tests (Testcontainers) POST /api/colors should accept a single alphanumeric character as a name","","2026-09-09","passed","2026-09-09","","Server Integration Tests (Testcontainers)","Server Integration Tests (Testcontainers) POST /api/colors should accept a single alphanumeric character as a name",""
"","116","Frontend Unit Tests App Component handleColorClick does nothing when data has no hex","","2026-09-09","passed","2026-09-09","","Frontend Unit Tests","Frontend Unit Tests App Component handleColorClick does nothing when data has no hex",""
"","78","Frontend Unit Tests App Component picker onCancel does nothing when saving=true","","2026-09-09","passed","2026-09-09","","Frontend Unit Tests","Frontend Unit Tests App Component picker onCancel does nothing when saving=true",""
"","68","Frontend Unit Tests App Component handles null data from initial fetch gracefully","","2026-09-09","passed","2026-09-09","","Frontend Unit Tests","Frontend Unit Tests App Component handles null data from initial fetch gracefully",""
"","1","Utility Functions hslToRgb hue=59 stays in sector 0","","2026-09-09","passed","2026-09-09","","Utility Functions","Utility Functions hslToRgb hue=59 stays in sector 0",""
"","6","Server Integration Tests (Testcontainers) GET /api/colors/:name should return 400 for invalid name format","","2026-09-09","passed","2026-09-09","","Server Integration Tests (Testcontainers)","Server Integration Tests (Testcontainers) GET /api/colors/:name should return 400 for invalid name format",""
"","40","Component Tests ColorPicker cancel button calls onCancel","","2026-09-09","passed","2026-09-09","","Utility Functions","Component Tests ColorPicker cancel button calls onCancel",""
"","10","Component Tests ColorPicker Escape listener is removed after unmount","","2026-09-09","passed","2026-09-09","","Utility Functions","Component Tests ColorPicker Escape listener is removed after unmount",""
"","1","Utility Functions paintWheelPixel wraps negative angle: dy<0 gives angle+360 (hue=270 → violet)","","2026-09-09","passed","2026-09-09","","Utility Functions","Utility Functions paintWheelPixel wraps negative angle: dy<0 gives angle+360 (hue=270 → violet)",""
"","1","Utility Functions rgbToHsl dark red (#800000): l<0.5, s=1 (l<=0.5 saturation branch)","","2026-09-09","passed","2026-09-09","","Utility Functions","Utility Functions rgbToHsl dark red (#800000): l<0.5, s=1 (l<=0.5 saturation branch)",""
"","26","Frontend Unit Tests App Component link color is light (#cfe8ff) on dark background","","2026-09-09","passed","2026-09-09","","Frontend Unit Tests","Frontend Unit Tests App Component link color is light (#cfe8ff) on dark background",""
"","1173","shows client-side ""Name is required"" when submitting empty name","Chrome","2026-09-09","passed","2026-09-09","Color Management — Add & Delete","","",""
"","193","GET /api/colors/Red should return the correct hex code","Chrome","2026-09-09","passed","2026-09-09","Backend API Integration","","",""
"","9","Server Unit Tests Error Handling POST /api/colors returns 500 when database fails (create)","","2026-09-09","passed","2026-09-09","","Server Unit Tests","Server Unit Tests Error Handling POST /api/colors returns 500 when database fails (create)",""
"","4","Server Unit Tests POST /api/reseed returns 405 for GET on /api/reseed","","2026-09-09","passed","2026-09-09","","Server Unit Tests","Server Unit Tests POST /api/reseed returns 405 for GET on /api/reseed",""
"","114","PATCH /api/colors/:name returns 405","Chrome","2026-09-09","passed","2026-09-09","Security > HTTP Method Restrictions","","",""
"","12","Component Tests ColorPicker non-Enter key on name input does not trigger submit","","2026-09-09","passed","2026-09-09","","Utility Functions","Component Tests ColorPicker non-Enter key on name input does not trigger submit",""
"","1","Utility Functions hslToRgb hue=120 (green) → [0,255,0]","","2026-09-09","passed","2026-09-09","","Utility Functions","Utility Functions hslToRgb hue=120 (green) → [0,255,0]",""
"","7","Server Integration Tests (Testcontainers) GET /api/colors/:name should return correct data for Red","","2026-09-09","passed","2026-09-09","","Server Integration Tests (Testcontainers)","Server Integration Tests (Testcontainers) GET /api/colors/:name should return correct data for Red",""
"","0","Utility Functions paintWheelPixel paints red at right edge (dx=r, dy=0, hue=0)","","2026-09-09","passed","2026-09-09","","Utility Functions","Utility Functions paintWheelPixel paints red at right edge (dx=r, dy=0, hue=0)",""
"","58","Frontend Unit Tests App Component add color 400 without data.error falls back to generic message","","2026-09-09","passed","2026-09-09","","Frontend Unit Tests","Frontend Unit Tests App Component add color 400 without data.error falls back to generic message",""
"","10","Server Unit Tests Surviving Mutants & Edge Cases Regex & Validation STRICT_NAME_REGEX is strict on forbidden special characters in the middle","","2026-09-09","passed","2026-09-09","","Server Unit Tests","Server Unit Tests Surviving Mutants & Edge Cases Regex & Validation STRICT_NAME_REGEX is strict on forbidden special characters in the middle",""
"","909","should handle fetch colors network failure gracefully","Chrome","2026-09-09","passed","2026-09-09","UI Error Handling Coverage","","",""
"","31","Component Tests ColorPicker lightness slider change updates the preview","","2026-09-09","passed","2026-09-09","","Utility Functions","Component Tests ColorPicker lightness slider change updates the preview",""
"","117","NoSQL operator in GET path param is rejected (400 or 404)","Chrome","2026-09-09","passed","2026-09-09","Security > Injection Prevention","","",""
"","15","Component Tests ColorPicker typing red with g<b hex updates internal state","","2026-09-09","passed","2026-09-09","","Utility Functions","Component Tests ColorPicker typing red with g<b hex updates internal state",""
"","29","Server Unit Tests Surviving Mutants & Edge Cases Strict Path & Method Validation kills allowedMethods mutants by exhaustive testing","","2026-09-09","passed","2026-09-09","","Server Unit Tests","Server Unit Tests Surviving Mutants & Edge Cases Strict Path & Method Validation kills allowedMethods mutants by exhaustive testing",""
"","6","Component Tests ColorPicker falls back to window resize listener when ResizeObserver is not available","","2026-09-09","passed","2026-09-09","","Utility Functions","Component Tests ColorPicker falls back to window resize listener when ResizeObserver is not available",""
"","60","Frontend Unit Tests App Component deleting the active color switches background to the first remaining","","2026-09-09","passed","2026-09-09","","Frontend Unit Tests","Frontend Unit Tests App Component deleting the active color switches background to the first remaining",""
"","1","Utility Functions hexToRgb returns null for invalid input","","2026-09-09","passed","2026-09-09","","Utility Functions","Utility Functions hexToRgb returns null for invalid input",""
"","1","Utility Functions paintWheelPixel anti-aliases near-edge pixel: dist=r-0.5 gives alpha=127","","2026-09-09","passed","2026-09-09","","Utility Functions","Utility Functions paintWheelPixel anti-aliases near-edge pixel: dist=r-0.5 gives alpha=127",""
"","9","Frontend Unit Tests i18n Configuration should be initialized with correct settings","","2026-09-09","passed","2026-09-09","","Frontend Unit Tests","Frontend Unit Tests i18n Configuration should be initialized with correct settings",""
"","5","Server Integration Tests (Testcontainers) PUT /api/colors/:name should return 400 for invalid name in URL path","","2026-09-09","passed","2026-09-09","","Server Integration Tests (Testcontainers)","Server Integration Tests (Testcontainers) PUT /api/colors/:name should return 400 for invalid name in URL path",""
"","15","Component Tests ColorPicker Add color button shows ""Saving…"" when saving=true","","2026-09-09","passed","2026-09-09","","Utility Functions","Component Tests ColorPicker Add color button shows ""Saving…"" when saving=true",""
"","19","Component Tests ColorPicker renders the color wheel canvas","","2026-09-09","passed","2026-09-09","","Utility Functions","Component Tests ColorPicker renders the color wheel canvas",""
"","43","Component Tests ConfirmDialog both buttons are disabled when busy=true","","2026-09-09","passed","2026-09-09","","Component Tests","Component Tests ConfirmDialog both buttons are disabled when busy=true",""
"","1","Utility Functions hslToRgb saturation=0 gives pure grey [128,128,128]","","2026-09-09","passed","2026-09-09","","Utility Functions","Utility Functions hslToRgb saturation=0 gives pure grey [128,128,128]",""
"","14","Component Tests ColorPicker typing blue hex updates internal state (b is max branch)","","2026-09-09","passed","2026-09-09","","Utility Functions","Component Tests ColorPicker typing blue hex updates internal state (b is max branch)",""
"","3","Server Unit Tests POST /api/colors returns 400 for name with only spaces","","2026-09-09","passed","2026-09-09","","Server Unit Tests","Server Unit Tests POST /api/colors returns 400 for name with only spaces",""
"","77","Frontend Unit Tests App Component confirm button shows ""Deleting…"" label while delete is in-flight","","2026-09-09","passed","2026-09-09","","Frontend Unit Tests","Frontend Unit Tests App Component confirm button shows ""Deleting…"" label while delete is in-flight",""
"","59","should reject updating with empty name","Chrome","2026-09-09","passed","2026-09-09","Backend API Integration > PUT /api/colors/:name Schema Validation","","",""
"","50","GET /api/colors/{name}","","","passed","","","schemathesis","",""
"","68","Frontend Unit Tests App Component fetches and displays color chips with swatch and delete button","","2026-09-09","passed","2026-09-09","","Frontend Unit Tests","Frontend Unit Tests App Component fetches and displays color chips with swatch and delete button",""
"","0","Utility Functions rgbToHsl g max with b>r (#00ff80) → h near 150","","2026-09-09","passed","2026-09-09","","Utility Functions","Utility Functions rgbToHsl g max with b>r (#00ff80) → h near 150",""
"","32","Frontend Unit Tests App Component labelFor returns translation for known color (Turquoise)","","2026-09-09","passed","2026-09-09","","Frontend Unit Tests","Frontend Unit Tests App Component labelFor returns translation for known color (Turquoise)",""
"","5","Server Unit Tests 405 Method Not Allowed does not return 405 for allowed GET method on /api/colors/:name","","2026-09-09","passed","2026-09-09","","Server Unit Tests","Server Unit Tests 405 Method Not Allowed does not return 405 for allowed GET method on /api/colors/:name",""
"","1043","clicking the backdrop closes the picker","Chrome","2026-09-09","passed","2026-09-09","Color Management — Add & Delete","","",""
"","1465","changing color to Turquoise should reflect in UI and DOM","Chrome","2026-09-09","passed","2026-09-09","Data-Driven Testing","","",""
"","8","Server Integration Tests (Testcontainers) POST /api/colors should accept a color name containing spaces","","2026-09-09","passed","2026-09-09","","Server Integration Tests (Testcontainers)","Server Integration Tests (Testcontainers) POST /api/colors should accept a color name containing spaces",""
"","8","Server Integration Tests (Testcontainers) POST /api/reseed should return 405 for GET on /api/reseed","","2026-09-09","passed","2026-09-09","","Server Integration Tests (Testcontainers)","Server Integration Tests (Testcontainers) POST /api/reseed should return 405 for GET on /api/reseed",""
"","143","should reject missing hex","Chrome","2026-09-09","passed","2026-09-09","Backend API Integration > POST /api/colors Schema Validation","","",""
"","5","Server Integration Tests (Testcontainers) PUT /api/colors/:name should return 400 when update body is empty","","2026-09-09","passed","2026-09-09","","Server Integration Tests (Testcontainers)","Server Integration Tests (Testcontainers) PUT /api/colors/:name should return 400 when update body is empty",""
"","4","Utility Functions hslToRgb lightness=0 gives black","","2026-09-09","passed","2026-09-09","","Utility Functions","Utility Functions hslToRgb lightness=0 gives black",""
"","3","Server Unit Tests Middleware handles non-JSON content type gracefully on POST","","2026-09-09","passed","2026-09-09","","Server Unit Tests","Server Unit Tests Middleware handles non-JSON content type gracefully on POST",""
"","63","Frontend Unit Tests App Component header color attribute changes after clicking a chip","","2026-09-09","passed","2026-09-09","","Frontend Unit Tests","Frontend Unit Tests App Component header color attribute changes after clicking a chip",""
"","2539","should maintain accessibility in en language and verify resilient locators","Chrome","2026-09-09","passed","2026-09-09","i18n Accessibility Tests","","",""
"","30","Component Tests ConfirmDialog cancelLabel prop is reflected in the button text","","2026-09-09","passed","2026-09-09","","Component Tests","Component Tests ConfirmDialog cancelLabel prop is reflected in the button text",""
"","9","Component Tests ColorPicker editing name input calls onClearError to clear server error","","2026-09-09","passed","2026-09-09","","Utility Functions","Component Tests ColorPicker editing name input calls onClearError to clear server error",""
"","32","Component Tests ColorPicker submit with empty name shows ""Name is required"" error","","2026-09-09","passed","2026-09-09","","Utility Functions","Component Tests ColorPicker submit with empty name shows ""Name is required"" error",""
"","50","Frontend Unit Tests App Component renders title, logo, and calls initial fetch","","2026-09-09","passed","2026-09-09","","Frontend Unit Tests","Frontend Unit Tests App Component renders title, logo, and calls initial fetch",""
"","131","POST with javascript: URI in name is rejected (400)","Chrome","2026-09-09","passed","2026-09-09","Security > XSS Prevention","","",""
"","1204","homepage should match snapshot","Chrome","2026-09-09","passed","2026-09-09","Visual Regression – tablet (768×1024)","","",""
"","7","Server Unit Tests 405 Method Not Allowed does not return 405 for allowed PUT method on /api/colors/:name","","2026-09-09","passed","2026-09-09","","Server Unit Tests","Server Unit Tests 405 Method Not Allowed does not return 405 for allowed PUT method on /api/colors/:name",""
"","133","empty body on POST returns 400","Chrome","2026-09-09","passed","2026-09-09","Security > Input Validation","","",""
"","0","Utility Functions hslToRgb hue=90 (chartreuse) → [128,255,0]","","2026-09-09","passed","2026-09-09","","Utility Functions","Utility Functions hslToRgb hue=90 (chartreuse) → [128,255,0]",""
"","9","Server Unit Tests DELETE /api/colors/:name deletes an existing color and returns success message","","2026-09-09","passed","2026-09-09","","Server Unit Tests","Server Unit Tests DELETE /api/colors/:name deletes an existing color and returns success message",""
"","2173","deleting the active color switches background to the first remaining","Chrome","2026-09-09","passed","2026-09-09","Color Management — Add & Delete","","",""
"","5","Server Integration Tests (Testcontainers) Method Not Allowed should return 405 for PATCH /api/colors","","2026-09-09","passed","2026-09-09","","Server Integration Tests (Testcontainers)","Server Integration Tests (Testcontainers) Method Not Allowed should return 405 for PATCH /api/colors",""
"","27","Component Tests ColorPicker mousedown at right-center (hue=0) sets hex to #ff0000","","2026-09-09","passed","2026-09-09","","Utility Functions","Component Tests ColorPicker mousedown at right-center (hue=0) sets hex to #ff0000",""
"","645","should handle missing image gracefully by showing alt text","Chrome","2026-09-09","passed","2026-09-09","Network Mocking & Interception","","",""
"","15","Component Tests ColorPicker clicking the backdrop calls onCancel","","2026-09-09","passed","2026-09-09","","Utility Functions","Component Tests ColorPicker clicking the backdrop calls onCancel",""
"","1276","should display all core elements and handle button interaction","Chrome","2026-09-09","passed","2026-09-09","Responsive Design – iPhone SE (375×667)","","",""
"","4","Server Unit Tests Surviving Mutants & Edge Cases OpenAPI Content-Type has application/json content-type","","2026-09-09","passed","2026-09-09","","Server Unit Tests","Server Unit Tests Surviving Mutants & Edge Cases OpenAPI Content-Type has application/json content-type",""
"","8","Server Unit Tests GET /api/colors returns colors sorted alphabetically by name","","2026-09-09","passed","2026-09-09","","Server Unit Tests","Server Unit Tests GET /api/colors returns colors sorted alphabetically by name",""
"","58","Component Tests ColorPicker editing name does NOT call onClearError when no serverError","","2026-09-09","passed","2026-09-09","","Utility Functions","Component Tests ColorPicker editing name does NOT call onClearError when no serverError",""
"","70","Frontend Unit Tests App Component successful delete removes the color chip","","2026-09-09","passed","2026-09-09","","Frontend Unit Tests","Frontend Unit Tests App Component successful delete removes the color chip",""
"","1","Utility Functions rgbToHsl r max, g>0, b=0 → h in (0,60)","","2026-09-09","passed","2026-09-09","","Utility Functions","Utility Functions rgbToHsl r max, g>0, b=0 → h in (0,60)",""
"","60","Frontend Unit Tests App Component handleColorClick encodes color name in URL","","2026-09-09","passed","2026-09-09","","Frontend Unit Tests","Frontend Unit Tests App Component handleColorClick encodes color name in URL",""
"","336","Server Unit Tests Surviving Mutants & Edge Cases Port Fallback reflects process.env.PORT in Swagger servers","","2026-09-09","passed","2026-09-09","","Server Unit Tests","Server Unit Tests Surviving Mutants & Edge Cases Port Fallback reflects process.env.PORT in Swagger servers",""
"","219","GET /api/colors/Turquoise should return the correct hex code","Chrome","2026-09-09","passed","2026-09-09","Backend API Integration","","",""
"","4","Server Unit Tests Surviving Mutants & Edge Cases Swagger Metadata & OpenAPI has exact server metadata","","2026-09-09","passed","2026-09-09","","Server Unit Tests","Server Unit Tests Surviving Mutants & Edge Cases Swagger Metadata & OpenAPI has exact server metadata",""
"","89","oversized payload is rejected (413)","Chrome","2026-09-09","passed","2026-09-09","Security > Input Validation","","",""
"","66","Frontend Unit Tests App Component useEffect runs only once on mount","","2026-09-09","passed","2026-09-09","","Frontend Unit Tests","Frontend Unit Tests App Component useEffect runs only once on mount",""
"","4","Server Unit Tests POST /api/colors returns 400 for name with whitespace","","2026-09-09","passed","2026-09-09","","Server Unit Tests","Server Unit Tests POST /api/colors returns 400 for name with whitespace",""
"","1044","should gracefully handle a color not found in the database","Chrome","2026-09-09","passed","2026-09-09","Network Mocking & Interception","","",""
"","1","Utility Functions hslToRgb hue=30 (orange) → [255,128,0]","","2026-09-09","passed","2026-09-09","","Utility Functions","Utility Functions hslToRgb hue=30 (orange) → [255,128,0]",""
"","12","Server Unit Tests PUT /api/colors/:name updates the hex of an existing color","","2026-09-09","passed","2026-09-09","","Server Unit Tests","Server Unit Tests PUT /api/colors/:name updates the hex of an existing color",""
"","5","Server Integration Tests (Testcontainers) POST /api/reseed should return 401 when token is invalid","","2026-09-09","passed","2026-09-09","","Server Integration Tests (Testcontainers)","Server Integration Tests (Testcontainers) POST /api/reseed should return 401 when token is invalid",""
"","4","Server Unit Tests Surviving Mutants & Edge Cases Mongoose Schema & Persistence kills empty schema mutant by verifying field persistence","","2026-09-09","passed","2026-09-09","","Server Unit Tests","Server Unit Tests Surviving Mutants & Edge Cases Mongoose Schema & Persistence kills empty schema mutant by verifying field persistence",""
"","43","Frontend Unit Tests App Component active chip has is-active CSS class","","2026-09-09","passed","2026-09-09","","Frontend Unit Tests","Frontend Unit Tests App Component active chip has is-active CSS class",""
"","3","Server Unit Tests POST /api/colors returns 400 for extra unknown fields (strict schema)","","2026-09-09","passed","2026-09-09","","Server Unit Tests","Server Unit Tests POST /api/colors returns 400 for extra unknown fields (strict schema)",""
"","8","Server Unit Tests GET /api/colors/:name returns a single color by name with correct fields","","2026-09-09","passed","2026-09-09","","Server Unit Tests","Server Unit Tests GET /api/colors/:name returns a single color by name with correct fields",""
"","1","Utility Functions rgbToHsl pure green → h=120, s=1, l=0.5","","2026-09-09","passed","2026-09-09","","Utility Functions","Utility Functions rgbToHsl pure green → h=120, s=1, l=0.5",""
"","1474","verify Turquoise ( #1abc9c ) is applied as the background color","Chrome","2026-09-09","passed","2026-09-09","POM Refactored: Background color tests","","",""
"","1","Utility Functions rgbToHex converts pure blue","","2026-09-09","passed","2026-09-09","","Utility Functions","Utility Functions rgbToHex converts pure blue",""
"","5","Frontend Unit Tests i18n Configuration should translate keys correctly","","2026-09-09","passed","2026-09-09","","Frontend Unit Tests","Frontend Unit Tests i18n Configuration should translate keys correctly",""
"","0","Utility Functions hslToRgb lightness=1 gives white","","2026-09-09","passed","2026-09-09","","Utility Functions","Utility Functions hslToRgb lightness=1 gives white",""
"","14","Component Tests ColorPicker Cancel button is disabled when saving=true","","2026-09-09","passed","2026-09-09","","Utility Functions","Component Tests ColorPicker Cancel button is disabled when saving=true",""
"","8","Component Tests ColorPicker pressing a non-Escape key does not call onCancel","","2026-09-09","passed","2026-09-09","","Utility Functions","Component Tests ColorPicker pressing a non-Escape key does not call onCancel",""
"","0","Utility Functions readableOn returns #111 for turquoise (L≈0.39, black gives better contrast)","","2026-09-09","passed","2026-09-09","","Utility Functions","Utility Functions readableOn returns #111 for turquoise (L≈0.39, black gives better contrast)",""
"","52","Frontend Unit Tests App Component add color 501 also triggers server error message (>= 500)","","2026-09-09","passed","2026-09-09","","Frontend Unit Tests","Frontend Unit Tests App Component add color 501 also triggers server error message (>= 500)",""
"","45","Component Tests ConfirmDialog confirm button calls onConfirm","","2026-09-09","passed","2026-09-09","","Component Tests","Component Tests ConfirmDialog confirm button calls onConfirm",""
"","4","Component Tests ConfirmDialog Enter key calls onConfirm when not busy","","2026-09-09","passed","2026-09-09","","Component Tests","Component Tests ConfirmDialog Enter key calls onConfirm when not busy",""
"","0","Utility Functions hslToRgb hue just below 60 is in sector 0, not sector 1","","2026-09-09","passed","2026-09-09","","Utility Functions","Utility Functions hslToRgb hue just below 60 is in sector 0, not sector 1",""
"","5","Frontend Unit Tests App Component current color span tracks hex value","","2026-09-09","passed","2026-09-09","","Frontend Unit Tests","Frontend Unit Tests App Component current color span tracks hex value",""
"","680","shows a chip for each color with a swatch, name, and delete button","Chrome","2026-09-09","passed","2026-09-09","Color Management — Add & Delete","","",""
"","68","malformed JSON body returns 400","Chrome","2026-09-09","passed","2026-09-09","Security > Input Validation","","",""
"","21","Component Tests ColorPicker mousemove without prior mousedown (not dragging) does not change color","","2026-09-09","passed","2026-09-09","","Utility Functions","Component Tests ColorPicker mousemove without prior mousedown (not dragging) does not change color",""
"","5","Component Tests ConfirmDialog backdrop click does NOT call onCancel when busy","","2026-09-09","passed","2026-09-09","","Component Tests","Component Tests ConfirmDialog backdrop click does NOT call onCancel when busy",""
"","0","homepage after color change","Chrome","2026-09-09","skipped","2026-09-09","Percy Visual Regression – Production > Percy – desktop (1280×720)","","",""
"","11","Server Unit Tests GET /api/colors does not expose _id or __v fields","","2026-09-09","passed","2026-09-09","","Server Unit Tests","Server Unit Tests GET /api/colors does not expose _id or __v fields",""
"","1","Utility Functions hexToRgb parses hex without the leading #","","2026-09-09","passed","2026-09-09","","Utility Functions","Utility Functions hexToRgb parses hex without the leading #",""
"","56","Frontend Unit Tests App Component learn react link has correct text","","2026-09-09","passed","2026-09-09","","Frontend Unit Tests","Frontend Unit Tests App Component learn react link has correct text",""
"","7","Server Unit Tests Surviving Mutants & Edge Cases Regex & Validation hex regex kills mutants by testing boundaries and formats","","2026-09-09","passed","2026-09-09","","Server Unit Tests","Server Unit Tests Surviving Mutants & Edge Cases Regex & Validation hex regex kills mutants by testing boundaries and formats",""
"","0","Utility Functions rgbToHex pads single-digit hex values with leading zero","","2026-09-09","passed","2026-09-09","","Utility Functions","Utility Functions rgbToHex pads single-digit hex values with leading zero",""
"","0","Utility Functions hslToRgb low lightness l=0.25 → [128,0,0]","","2026-09-09","passed","2026-09-09","","Utility Functions","Utility Functions hslToRgb low lightness l=0.25 → [128,0,0]",""
"","8","Server Integration Tests (Testcontainers) GET /api/colors/:name should return correct data for Yellow","","2026-09-09","passed","2026-09-09","","Server Integration Tests (Testcontainers)","Server Integration Tests (Testcontainers) GET /api/colors/:name should return correct data for Yellow",""
"","5","Server Unit Tests Surviving Mutants & Edge Cases Rate Limiting & Security kills mutants by verifying x-ratelimit headers","","2026-09-09","passed","2026-09-09","","Server Unit Tests","Server Unit Tests Surviving Mutants & Edge Cases Rate Limiting & Security kills mutants by verifying x-ratelimit headers",""
"","267","Component Tests ColorPicker renders the modal with title, hex preview, name and hex inputs","","2026-09-09","passed","2026-09-09","","Utility Functions","Component Tests ColorPicker renders the modal with title, hex preview, name and hex inputs",""
"","8","Server Unit Tests 405 Method Not Allowed returns 405 for POST, PUT, DELETE on /api-docs","","2026-09-09","passed","2026-09-09","","Server Unit Tests","Server Unit Tests 405 Method Not Allowed returns 405 for POST, PUT, DELETE on /api-docs",""
"","1183","delete API error shows alert banner","Chrome","2026-09-09","passed","2026-09-09","Color Management — Add & Delete","","",""
"","6","Server Integration Tests (Testcontainers) PUT /api/colors/:name should return 400 for invalid hex format on update","","2026-09-09","passed","2026-09-09","","Server Integration Tests (Testcontainers)","Server Integration Tests (Testcontainers) PUT /api/colors/:name should return 400 for invalid hex format on update",""
"","4","Server Unit Tests PUT /api/colors/:name returns 404 for a non-existent color","","2026-09-09","passed","2026-09-09","","Server Unit Tests","Server Unit Tests PUT /api/colors/:name returns 404 for a non-existent color",""
"","0","homepage after color change","Chrome","2026-09-09","skipped","2026-09-09","Percy Visual Regression – Production > Percy – tablet (768×1024)","","",""
"","131","array body on POST returns 400","Chrome","2026-09-09","passed","2026-09-09","Security > Input Validation","","",""
"","0","Utility Functions rgbToHex converts pure green","","2026-09-09","passed","2026-09-09","","Utility Functions","Utility Functions rgbToHex converts pure green",""
"","164","should return 404 when updating non-existent color","Chrome","2026-09-09","passed","2026-09-09","Backend API Integration > PUT /api/colors/:name Schema Validation","","",""
"","3","Server Unit Tests PUT /api/colors/:name returns 400 for invalid current name format in URL","","2026-09-09","passed","2026-09-09","","Server Unit Tests","Server Unit Tests PUT /api/colors/:name returns 400 for invalid current name format in URL",""
"","0","Utility Functions readableOn returns #111 for a pale/pastel colour (high luminance)","","2026-09-09","passed","2026-09-09","","Utility Functions","Utility Functions readableOn returns #111 for a pale/pastel colour (high luminance)",""
"","156","GET /api/colors/:name should return 404 for non-existent color","Chrome","2026-09-09","passed","2026-09-09","Backend API Integration","","",""
"","6","Component Tests ConfirmDialog Escape key calls onCancel when not busy","","2026-09-09","passed","2026-09-09","","Component Tests","Component Tests ConfirmDialog Escape key calls onCancel when not busy",""
"","0","Utility Functions readableOn returns #111 for light-grey (L≈0.60, above 0.179 threshold)","","2026-09-09","passed","2026-09-09","","Utility Functions","Utility Functions readableOn returns #111 for light-grey (L≈0.60, above 0.179 threshold)",""
"","1","Utility Functions rgbToHsl pure blue → h=240, s=1, l=0.5","","2026-09-09","passed","2026-09-09","","Utility Functions","Utility Functions rgbToHsl pure blue → h=240, s=1, l=0.5",""
"","9","Server Unit Tests Error Handling PUT /api/colors/:name returns 500 when database fails","","2026-09-09","passed","2026-09-09","","Server Unit Tests","Server Unit Tests Error Handling PUT /api/colors/:name returns 500 when database fails",""
"","30","Component Tests ColorPicker mousedown at bottom-center (hue=90) sets hex to #80ff00","","2026-09-09","passed","2026-09-09","","Utility Functions","Component Tests ColorPicker mousedown at bottom-center (hue=90) sets hex to #80ff00",""
"","9","Server Integration Tests (Testcontainers) DELETE /api/colors/:name should return 404 on a second delete of the same color","","2026-09-09","passed","2026-09-09","","Server Integration Tests (Testcontainers)","Server Integration Tests (Testcontainers) DELETE /api/colors/:name should return 404 on a second delete of the same color",""
"","33","Component Tests ColorPicker submit with invalid chars shows validation error","","2026-09-09","passed","2026-09-09","","Utility Functions","Component Tests ColorPicker submit with invalid chars shows validation error",""
"","12","Server Integration Tests (Testcontainers) PUT /api/colors/:name should rename a color and make old name return 404","","2026-09-09","passed","2026-09-09","","Server Integration Tests (Testcontainers)","Server Integration Tests (Testcontainers) PUT /api/colors/:name should rename a color and make old name return 404",""
"","1620","shows 409 duplicate error from server inside the picker","Chrome","2026-09-09","passed","2026-09-09","Color Management — Add & Delete","","",""
"","1246","verify Turquoise ( #1abc9c ) is applied as the background color","Chrome","2026-09-09","passed","2026-09-09","Background color tests","","",""
"","0","Utility Functions hslToRgb saturation clamped: s=-0.5 treated as s=0","","2026-09-09","passed","2026-09-09","","Utility Functions","Utility Functions hslToRgb saturation clamped: s=-0.5 treated as s=0",""
"","5","Server Integration Tests (Testcontainers) POST /api/colors should return 400 for invalid hex format (missing #)","","2026-09-09","passed","2026-09-09","","Server Integration Tests (Testcontainers)","Server Integration Tests (Testcontainers) POST /api/colors should return 400 for invalid hex format (missing #)",""
"","0","Utility Functions hexToRgb parses a standard #RRGGBB hex","","2026-09-09","passed","2026-09-09","","Utility Functions","Utility Functions hexToRgb parses a standard #RRGGBB hex",""
"","28","Component Tests ConfirmDialog confirmLabel prop is reflected in the button text","","2026-09-09","passed","2026-09-09","","Component Tests","Component Tests ConfirmDialog confirmLabel prop is reflected in the button text",""
"","4","Server Unit Tests OpenAPI endpoints serves the OpenAPI JSON spec with exact metadata","","2026-09-09","passed","2026-09-09","","Server Unit Tests","Server Unit Tests OpenAPI endpoints serves the OpenAPI JSON spec with exact metadata",""
"","28","Component Tests ColorPicker mousemove after mouseup does NOT update color (dragging stopped)","","2026-09-09","passed","2026-09-09","","Utility Functions","Component Tests ColorPicker mousemove after mouseup does NOT update color (dragging stopped)",""
"","7","Server Integration Tests (Testcontainers) GET /api/colors/:name should not expose _id or __v fields","","2026-09-09","passed","2026-09-09","","Server Integration Tests (Testcontainers)","Server Integration Tests (Testcontainers) GET /api/colors/:name should not expose _id or __v fields",""
"","19","Server Integration Tests (Testcontainers) POST /api/reseed should reseed the database to the three default colors with a valid token","","2026-09-09","passed","2026-09-09","","Server Integration Tests (Testcontainers)","Server Integration Tests (Testcontainers) POST /api/reseed should reseed the database to the three default colors with a valid token",""
"","1394","should display all core elements and handle button interaction","Chrome","2026-09-09","passed","2026-09-09","Responsive Design – tablet (768×1024)","","",""
"","3","Server Unit Tests Error Handling GET /api/colors/:name returns 500 when database fails","","2026-09-09","passed","2026-09-09","","Server Unit Tests","Server Unit Tests Error Handling GET /api/colors/:name returns 500 when database fails",""
"","21","Component Tests ConfirmDialog clicking the card itself does NOT call onCancel","","2026-09-09","passed","2026-09-09","","Component Tests","Component Tests ConfirmDialog clicking the card itself does NOT call onCancel",""
"","1384","shows server-error message on 500 inside the picker","Chrome","2026-09-09","passed","2026-09-09","Color Management — Add & Delete","","",""
"","5498","should maintain accessibility after state change (color update)","Chrome","2026-09-09","passed","2026-09-09","Accessibility Tests","","",""
"","994","Background stays unchanged when fetching a specific color fails","BDD","2026-09-09","passed","2026-09-09","API Error Handling","","",""
"","3","Utility Functions rgbToHsl white [255,255,255] → h=0, s=0, l=1","","2026-09-09","passed","2026-09-09","","Utility Functions","Utility Functions rgbToHsl white [255,255,255] → h=0, s=0, l=1",""
"","10","Server Integration Tests (Testcontainers) GET /api/colors should return colors sorted alphabetically by name","","2026-09-09","passed","2026-09-09","","Server Integration Tests (Testcontainers)","Server Integration Tests (Testcontainers) GET /api/colors should return colors sorted alphabetically by name",""
"","2226","should maintain accessibility in el language and verify resilient locators","Chrome","2026-09-09","passed","2026-09-09","i18n Accessibility Tests","","",""
"","104","Frontend Unit Tests App Component handleColorClick does nothing when data is null","","2026-09-09","passed","2026-09-09","","Frontend Unit Tests","Frontend Unit Tests App Component handleColorClick does nothing when data is null",""
"","28","Component Tests ColorPicker lightness slider max value (100) gives white","","2026-09-09","passed","2026-09-09","","Utility Functions","Component Tests ColorPicker lightness slider max value (100) gives white",""
"","67","Frontend Unit Tests App Component handleColorClick clears previous error on new successful click","","2026-09-09","passed","2026-09-09","","Frontend Unit Tests","Frontend Unit Tests App Component handleColorClick clears previous error on new successful click",""
"","70","POST /api-docs returns 405","Chrome","2026-09-09","passed","2026-09-09","Security > HTTP Method Restrictions","","",""
"","5","Server Unit Tests GET /api/colors/:name returns 400 for invalid name in path (regex check)","","2026-09-09","passed","2026-09-09","","Server Unit Tests","Server Unit Tests GET /api/colors/:name returns 400 for invalid name in path (regex check)",""
"","0","Utility Functions readableOn returns #fff for black (very dark, L≈0)","","2026-09-09","passed","2026-09-09","","Utility Functions","Utility Functions readableOn returns #fff for black (very dark, L≈0)",""
"","1","Utility Functions rgbToHsl mid-grey [128,128,128] → s=0","","2026-09-09","passed","2026-09-09","","Utility Functions","Utility Functions rgbToHsl mid-grey [128,128,128] → s=0",""
"","3","Server Unit Tests Surviving Mutants & Edge Cases Swagger Metadata & OpenAPI has exact API info","","2026-09-09","passed","2026-09-09","","Server Unit Tests","Server Unit Tests Surviving Mutants & Edge Cases Swagger Metadata & OpenAPI has exact API info",""
"","3","Server Unit Tests OpenAPI endpoints has exact application/json content-type","","2026-09-09","passed","2026-09-09","","Server Unit Tests","Server Unit Tests OpenAPI endpoints has exact application/json content-type",""
"","3573","PUT /api/colors/{name}","","","passed","","","schemathesis","",""
"","165","GET /api/colors/Yellow should return the correct hex code","Chrome","2026-09-09","passed","2026-09-09","Backend API Integration","","",""
"","0","mobile color picker workflow","Chrome","2026-09-09","skipped","2026-09-09","Percy Visual Regression – Production > Percy – Mobile Interactions","","",""
"","961","homepage should match snapshot","Chrome","2026-09-09","passed","2026-09-09","Visual Regression – iphone-se (375×667)","","",""
"","5","Component Tests ColorPicker serverError banner is absent when serverError is null","","2026-09-09","passed","2026-09-09","","Utility Functions","Component Tests ColorPicker serverError banner is absent when serverError is null",""
"","20","Server Integration Tests (Testcontainers) Concurrent writes should handle simultaneous POSTs with the same name — exactly one succeeds","","2026-09-09","passed","2026-09-09","","Server Integration Tests (Testcontainers)","Server Integration Tests (Testcontainers) Concurrent writes should handle simultaneous POSTs with the same name — exactly one succeeds",""
"","1505","color names rendered in the UI do not trigger script execution","Chrome","2026-09-09","passed","2026-09-09","Security > XSS Prevention","","",""
"","4","Server Unit Tests POST /api/colors returns 400 when hex is missing","","2026-09-09","passed","2026-09-09","","Server Unit Tests","Server Unit Tests POST /api/colors returns 400 when hex is missing",""
"","3","Utility Functions hslToRgb hue=0 (red) → [255,0,0]","","2026-09-09","passed","2026-09-09","","Utility Functions","Utility Functions hslToRgb hue=0 (red) → [255,0,0]",""
"","2","Server Unit Tests Surviving Mutants & Edge Cases Mongoose Schema Strictness kills empty schema mutant by checking schema paths","","2026-09-09","passed","2026-09-09","","Server Unit Tests","Server Unit Tests Surviving Mutants & Edge Cases Mongoose Schema Strictness kills empty schema mutant by checking schema paths",""
"","10","Server Integration Tests (Testcontainers) POST /api/reseed should not modify the database when token is invalid","","2026-09-09","passed","2026-09-09","","Server Integration Tests (Testcontainers)","Server Integration Tests (Testcontainers) POST /api/reseed should not modify the database when token is invalid",""
"","0","Utility Functions hslToRgb hue=270 (violet) → [128,0,255]","","2026-09-09","passed","2026-09-09","","Utility Functions","Utility Functions hslToRgb hue=270 (violet) → [128,0,255]",""
"","27","Component Tests ColorPicker typing in name input clears name error","","2026-09-09","passed","2026-09-09","","Utility Functions","Component Tests ColorPicker typing in name input clears name error",""
"","1","Utility Functions hslToRgb hue=300 (magenta) → [255,0,255]","","2026-09-09","passed","2026-09-09","","Utility Functions","Utility Functions hslToRgb hue=300 (magenta) → [255,0,255]",""
"","1000","homepage should match snapshot","Chrome","2026-09-09","passed","2026-09-09","Visual Regression – iphone-landscape (667×375)","","",""
"","33","Component Tests ColorPicker lightness slider min value (0) gives black","","2026-09-09","passed","2026-09-09","","Utility Functions","Component Tests ColorPicker lightness slider min value (0) gives black",""
"","8","Server Integration Tests (Testcontainers) GET /api/colors/:name should return 404 for a non-existent color","","2026-09-09","passed","2026-09-09","","Server Integration Tests (Testcontainers)","Server Integration Tests (Testcontainers) GET /api/colors/:name should return 404 for a non-existent color",""
"","4","Server Unit Tests Error Handling DELETE /api/colors/:name returns 500 when database fails","","2026-09-09","passed","2026-09-09","","Server Unit Tests","Server Unit Tests Error Handling DELETE /api/colors/:name returns 500 when database fails",""
"","5","Component Tests ConfirmDialog Enter key does NOT call onConfirm when busy","","2026-09-09","passed","2026-09-09","","Component Tests","Component Tests ConfirmDialog Enter key does NOT call onConfirm when busy",""
"","5","Server Unit Tests POST /api/colors accepts names with alphanumeric characters and spaces","","2026-09-09","passed","2026-09-09","","Server Unit Tests","Server Unit Tests POST /api/colors accepts names with alphanumeric characters and spaces",""
"","40","Frontend Unit Tests App Component add color 409 conflict shows picker error (data.error message)","","2026-09-09","passed","2026-09-09","","Frontend Unit Tests","Frontend Unit Tests App Component add color 409 conflict shows picker error (data.error message)",""
"","7030","should load the application and verify core functionality across browsers","WebKit","2026-09-09","passed","2026-09-09","Cross-Browser Core Functionality","","",""
"","1","Utility Functions hslToRgb hue=60 (yellow) → [255,255,0]","","2026-09-09","passed","2026-09-09","","Utility Functions","Utility Functions hslToRgb hue=60 (yellow) → [255,255,0]",""
"","1274","should load the application and verify core functionality across browsers","Chrome","2026-09-09","passed","2026-09-09","Cross-Browser Core Functionality","","",""
"","40","Frontend Unit Tests App Component add color sends POST with correct method, headers, and body","","2026-09-09","passed","2026-09-09","","Frontend Unit Tests","Frontend Unit Tests App Component add color sends POST with correct method, headers, and body",""
"","23","Frontend Unit Tests App Component labelFor falls back to color name for unknown/custom color","","2026-09-09","passed","2026-09-09","","Frontend Unit Tests","Frontend Unit Tests App Component labelFor falls back to color name for unknown/custom color",""
"","1409","Cancel button closes the picker","Chrome","2026-09-09","passed","2026-09-09","Color Management — Add & Delete","","",""
"","1","Utility Functions hslToRgb lightness clamped: l=-0.5 gives black","","2026-09-09","passed","2026-09-09","","Utility Functions","Utility Functions hslToRgb lightness clamped: l=-0.5 gives black",""
"","3","Server Unit Tests 405 Method Not Allowed sets the Allow header on /api/colors/:name with correct methods","","2026-09-09","passed","2026-09-09","","Server Unit Tests","Server Unit Tests 405 Method Not Allowed sets the Allow header on /api/colors/:name with correct methods",""
"","6","Server Unit Tests PUT /api/colors/:name does not change name when updating only hex","","2026-09-09","passed","2026-09-09","","Server Unit Tests","Server Unit Tests PUT /api/colors/:name does not change name when updating only hex",""
"","2560","should maintain accessibility in es language and verify resilient locators","Chrome","2026-09-09","passed","2026-09-09","i18n Accessibility Tests","","",""
"","6","Server Integration Tests (Testcontainers) POST /api/colors should return 400 when name is missing","","2026-09-09","passed","2026-09-09","","Server Integration Tests (Testcontainers)","Server Integration Tests (Testcontainers) POST /api/colors should return 400 when name is missing",""
"","10","Server Unit Tests Surviving Mutants & Edge Cases Regex & Validation STRICT_NAME_REGEX kills mutants on optionality and length","","2026-09-09","passed","2026-09-09","","Server Unit Tests","Server Unit Tests Surviving Mutants & Edge Cases Regex & Validation STRICT_NAME_REGEX kills mutants on optionality and length",""
"","2","Utility Functions rgbToHsl light red (#ff8080): l>0.5, s computed via (2-max-min) branch","","2026-09-09","passed","2026-09-09","","Utility Functions","Utility Functions rgbToHsl light red (#ff8080): l>0.5, s computed via (2-max-min) branch",""
"","0","Utility Functions rgbToHex value 16 does not pad","","2026-09-09","passed","2026-09-09","","Utility Functions","Utility Functions rgbToHex value 16 does not pad",""
"","4","Server Unit Tests POST /api/colors rejects names with the + character (+ encodes as space in URLs, causing lookup mismatches)","","2026-09-09","passed","2026-09-09","","Server Unit Tests","Server Unit Tests POST /api/colors rejects names with the + character (+ encodes as space in URLs, causing lookup mismatches)",""
"","1","homepage initial state","Chrome","2026-09-09","skipped","2026-09-09","Percy Visual Regression – Production > Percy – mobile (375×667)","","",""
"","8","Server Integration Tests (Testcontainers) DELETE /api/colors/:name should delete a color and confirm removal from the real database","","2026-09-09","passed","2026-09-09","","Server Integration Tests (Testcontainers)","Server Integration Tests (Testcontainers) DELETE /api/colors/:name should delete a color and confirm removal from the real database",""
"","0","Utility Functions hslToRgb hue=360 wraps to hue=0 → [255,0,0]","","2026-09-09","passed","2026-09-09","","Utility Functions","Utility Functions hslToRgb hue=360 wraps to hue=0 → [255,0,0]",""
"","4","Server Unit Tests Surviving Mutants & Edge Cases Logs seedDatabase logs success message","","2026-09-09","passed","2026-09-09","","Server Unit Tests","Server Unit Tests Surviving Mutants & Edge Cases Logs seedDatabase logs success message",""
"","3","Server Unit Tests Surviving Mutants & Edge Cases PUT logic kills hex regex mutant in PUT","","2026-09-09","passed","2026-09-09","","Server Unit Tests","Server Unit Tests Surviving Mutants & Edge Cases PUT logic kills hex regex mutant in PUT",""
"","77","POST with HTML tag in name is rejected (400)","Chrome","2026-09-09","passed","2026-09-09","Security > XSS Prevention","","",""
"","5","Server Integration Tests (Testcontainers) POST /api/colors should return 400 when hex is missing","","2026-09-09","passed","2026-09-09","","Server Integration Tests (Testcontainers)","Server Integration Tests (Testcontainers) POST /api/colors should return 400 when hex is missing",""
"","8","Server Unit Tests POST /api/colors accepts single alphanumeric characters as names","","2026-09-09","passed","2026-09-09","","Server Unit Tests","Server Unit Tests POST /api/colors accepts single alphanumeric characters as names",""
"","66","Frontend Unit Tests App Component handles non-array initial fetch response gracefully","","2026-09-09","passed","2026-09-09","","Frontend Unit Tests","Frontend Unit Tests App Component handles non-array initial fetch response gracefully",""
"","44","Frontend Unit Tests App Component confirm dialog Escape key closes it","","2026-09-09","passed","2026-09-09","","Frontend Unit Tests","Frontend Unit Tests App Component confirm dialog Escape key closes it",""
"","5","Server Unit Tests POST /api/colors returns 400 for name with special characters","","2026-09-09","passed","2026-09-09","","Server Unit Tests","Server Unit Tests POST /api/colors returns 400 for name with special characters",""
"","84","error responses return JSON, not HTML (no info leakage)","Chrome","2026-09-09","passed","2026-09-09","Security > Security Headers","","",""
"","610","should return 409 for duplicate color creation","Chrome","2026-09-09","passed","2026-09-09","Backend API Integration > POST /api/colors Schema Validation","","",""
"","24","Component Tests ColorPicker touch start on canvas sets hex to #ff0000 at right edge","","2026-09-09","passed","2026-09-09","","Utility Functions","Component Tests ColorPicker touch start on canvas sets hex to #ff0000 at right edge",""
"","0","Utility Functions hslToRgb saturation clamped: s=1.5 treated as s=1","","2026-09-09","passed","2026-09-09","","Utility Functions","Utility Functions hslToRgb saturation clamped: s=1.5 treated as s=1",""
"","144","should return 404 for non-existent color deletion","Chrome","2026-09-09","passed","2026-09-09","Backend API Integration > DELETE /api/colors/:name","","",""
"","5","Server Unit Tests POST /api/colors applies the createColorLimiter rate limit headers","","2026-09-09","passed","2026-09-09","","Server Unit Tests","Server Unit Tests POST /api/colors applies the createColorLimiter rate limit headers",""
"","11","Server Integration Tests (Testcontainers) PUT /api/colors/:name should update both name and hex simultaneously","","2026-09-09","passed","2026-09-09","","Server Integration Tests (Testcontainers)","Server Integration Tests (Testcontainers) PUT /api/colors/:name should update both name and hex simultaneously",""
"","1167","cancel in confirm dialog closes it without deleting","Chrome","2026-09-09","passed","2026-09-09","Color Management — Add & Delete","","",""
"","8","Server Integration Tests (Testcontainers) GET /api/colors/:name should be case-sensitive (lowercase name returns 404)","","2026-09-09","passed","2026-09-09","","Server Integration Tests (Testcontainers)","Server Integration Tests (Testcontainers) GET /api/colors/:name should be case-sensitive (lowercase name returns 404)",""
"","62","Frontend Unit Tests App Component delete API error shows error alert without closing dialog","","2026-09-09","passed","2026-09-09","","Frontend Unit Tests","Frontend Unit Tests App Component delete API error shows error alert without closing dialog",""
"","12","Frontend Unit Tests App Component shows loading text when colors array is empty","","2026-09-09","passed","2026-09-09","","Frontend Unit Tests","Frontend Unit Tests App Component shows loading text when colors array is empty",""
"","5542","should not have any automatically detectable accessibility issues","Chrome","2026-09-09","passed","2026-09-09","Accessibility Tests","","",""
"","4","Server Unit Tests POST /api/reseed returns 401 when RESEED_API_TOKEN is not configured","","2026-09-09","passed","2026-09-09","","Server Unit Tests","Server Unit Tests POST /api/reseed returns 401 when RESEED_API_TOKEN is not configured",""
"","1","Utility Functions hslToRgb negative hue wraps: hue=-120 = hue=240","","2026-09-09","passed","2026-09-09","","Utility Functions","Utility Functions hslToRgb negative hue wraps: hue=-120 = hue=240",""
"","10","Component Tests ColorPicker backdrop dismiss button is aria-hidden and not in tab order","","2026-09-09","passed","2026-09-09","","Utility Functions","Component Tests ColorPicker backdrop dismiss button is aria-hidden and not in tab order",""
"","68","NoSQL $where operator in name is rejected (400)","Chrome","2026-09-09","passed","2026-09-09","Security > Injection Prevention","","",""
"","8","Server Integration Tests (Testcontainers) PUT /api/colors/:name should return 404 when updating a non-existent color","","2026-09-09","passed","2026-09-09","","Server Integration Tests (Testcontainers)","Server Integration Tests (Testcontainers) PUT /api/colors/:name should return 404 when updating a non-existent color",""
"","7","Server Unit Tests GET /api/colors returns JSON content type","","2026-09-09","passed","2026-09-09","","Server Unit Tests","Server Unit Tests GET /api/colors returns JSON content type",""
"","4","Server Unit Tests PUT /api/colors/:name returns 400 for invalid hex on update","","2026-09-09","passed","2026-09-09","","Server Unit Tests","Server Unit Tests PUT /api/colors/:name returns 400 for invalid hex on update",""
"","3","Server Unit Tests DELETE /api/colors/:name returns 400 for invalid name in path (regex check)","","2026-09-09","passed","2026-09-09","","Server Unit Tests","Server Unit Tests DELETE /api/colors/:name returns 400 for invalid name in path (regex check)",""
"","40","Server Integration Tests (Testcontainers) GET /api/colors should retrieve all seeded colors","","2026-09-09","passed","2026-09-09","","Server Integration Tests (Testcontainers)","Server Integration Tests (Testcontainers) GET /api/colors should retrieve all seeded colors",""
"","8614","should meet the accessibility threshold using Google Lighthouse","Chrome","2026-09-09","passed","2026-09-09","Accessibility Tests","","",""
"","73","Frontend Unit Tests App Component add color success closes picker and shows new chip","","2026-09-09","passed","2026-09-09","","Frontend Unit Tests","Frontend Unit Tests App Component add color success closes picker and shows new chip",""
"","5","Server Unit Tests 405 Method Not Allowed does not return 405 for allowed GET method on /api/colors","","2026-09-09","passed","2026-09-09","","Server Unit Tests","Server Unit Tests 405 Method Not Allowed does not return 405 for allowed GET method on /api/colors",""
"","1128","close (×) button closes the picker","Chrome","2026-09-09","passed","2026-09-09","Color Management — Add & Delete","","",""
"","6","Server Integration Tests (Testcontainers) POST /api/colors should return 400 when extra fields are provided","","2026-09-09","passed","2026-09-09","","Server Integration Tests (Testcontainers)","Server Integration Tests (Testcontainers) POST /api/colors should return 400 when extra fields are provided",""
"","6","Server Integration Tests (Testcontainers) DELETE /api/colors/:name should return 400 for invalid name format","","2026-09-09","passed","2026-09-09","","Server Integration Tests (Testcontainers)","Server Integration Tests (Testcontainers) DELETE /api/colors/:name should return 400 for invalid name format",""
"","1688","successfully adds a new color and shows its chip","Chrome","2026-09-09","passed","2026-09-09","Color Management — Add & Delete","","",""
"","6","Server Unit Tests PUT /api/colors/:name updates both name and hex simultaneously","","2026-09-09","passed","2026-09-09","","Server Unit Tests","Server Unit Tests PUT /api/colors/:name updates both name and hex simultaneously",""
"","6","Server Unit Tests GET /api/colors/:name is case-sensitive","","2026-09-09","passed","2026-09-09","","Server Unit Tests","Server Unit Tests GET /api/colors/:name is case-sensitive",""
"","10","Server Integration Tests (Testcontainers) GET /api/colors/:name should return correct data for Turquoise","","2026-09-09","passed","2026-09-09","","Server Integration Tests (Testcontainers)","Server Integration Tests (Testcontainers) GET /api/colors/:name should return correct data for Turquoise",""
"","6","Server Integration Tests (Testcontainers) POST /api/reseed should return 401 when Authorization header is missing","","2026-09-09","passed","2026-09-09","","Server Integration Tests (Testcontainers)","Server Integration Tests (Testcontainers) POST /api/reseed should return 401 when Authorization header is missing",""
"","40","Component Tests ColorPicker submit is blocked when hex input has an error","","2026-09-09","passed","2026-09-09","","Utility Functions","Component Tests ColorPicker submit is blocked when hex input has an error",""
"","11","Component Tests ColorPicker displays serverError prop in an alert banner","","2026-09-09","passed","2026-09-09","","Utility Functions","Component Tests ColorPicker displays serverError prop in an alert banner",""
"","10","Component Tests ColorPicker wheel cursor is at (110,110) at center (sat=0)","","2026-09-09","passed","2026-09-09","","Utility Functions","Component Tests ColorPicker wheel cursor is at (110,110) at center (sat=0)",""
"","27","Component Tests ColorPicker mousedown at left-center (hue=180) sets hex to #00ffff","","2026-09-09","passed","2026-09-09","","Utility Functions","Component Tests ColorPicker mousedown at left-center (hue=180) sets hex to #00ffff",""
"","6","Component Tests ConfirmDialog backdrop click calls onCancel when not busy","","2026-09-09","passed","2026-09-09","","Component Tests","Component Tests ConfirmDialog backdrop click calls onCancel when not busy",""
"","1220","changing color to Yellow should reflect in UI and DOM","Chrome","2026-09-09","passed","2026-09-09","Data-Driven Testing","","",""
"","0","Utility Functions readableOn returns #fff for a very dark blue","","2026-09-09","passed","2026-09-09","","Utility Functions","Utility Functions readableOn returns #fff for a very dark blue",""
"","550","POST /api/reseed","","","passed","","","schemathesis","",""
"","1363","verify Red ( #e74c3c ) is applied as the background color","Chrome","2026-09-09","passed","2026-09-09","Background color tests","","",""
"","927","Example #3","BDD","2026-09-09","passed","2026-09-09","Home Page Background Color > Change background color","","",""
"","12","Server Unit Tests Surviving Mutants & Edge Cases Strict Path & Method Validation kills mutants that change route paths to empty string","","2026-09-09","passed","2026-09-09","","Server Unit Tests","Server Unit Tests Surviving Mutants & Edge Cases Strict Path & Method Validation kills mutants that change route paths to empty string",""
"","124","should reject invalid hex format on update","Chrome","2026-09-09","passed","2026-09-09","Backend API Integration > PUT /api/colors/:name Schema Validation","","",""
"","147","SQL injection characters in name are rejected (400)","Chrome","2026-09-09","passed","2026-09-09","Security > Injection Prevention","","",""
"","49","Frontend Unit Tests App Component add color 409 fallback message when data.error is absent","","2026-09-09","passed","2026-09-09","","Frontend Unit Tests","Frontend Unit Tests App Component add color 409 fallback message when data.error is absent",""
"","4","Server Unit Tests POST /api/reseed returns 500 when seedDatabase throws","","2026-09-09","passed","2026-09-09","","Server Unit Tests","Server Unit Tests POST /api/reseed returns 500 when seedDatabase throws",""
"","19","Component Tests ColorPicker typing a valid hex clears the hex error and updates preview","","2026-09-09","passed","2026-09-09","","Utility Functions","Component Tests ColorPicker typing a valid hex clears the hex error and updates preview",""
"","172","Component Tests ConfirmDialog renders title, body, and both buttons","","2026-09-09","passed","2026-09-09","","Component Tests","Component Tests ConfirmDialog renders title, body, and both buttons",""
"","1046","should display colors that do not exist in the database","Chrome","2026-09-09","passed","2026-09-09","Network Mocking & Interception","","",""
"","5","Server Integration Tests (Testcontainers) Method Not Allowed should return 405 for PATCH /api/colors/:name","","2026-09-09","passed","2026-09-09","","Server Integration Tests (Testcontainers)","Server Integration Tests (Testcontainers) Method Not Allowed should return 405 for PATCH /api/colors/:name",""
"","11","Component Tests ColorPicker pressing Escape calls onCancel","","2026-09-09","passed","2026-09-09","","Utility Functions","Component Tests ColorPicker pressing Escape calls onCancel",""
"","17","Server Integration Tests (Testcontainers) POST /api/reseed should be idempotent — calling reseed twice always yields exactly 3 colors","","2026-09-09","passed","2026-09-09","","Server Integration Tests (Testcontainers)","Server Integration Tests (Testcontainers) POST /api/reseed should be idempotent — calling reseed twice always yields exactly 3 colors",""
"","4","Server Unit Tests 405 Method Not Allowed returns 405 for PATCH on /api/colors/:name","","2026-09-09","passed","2026-09-09","","Server Unit Tests","Server Unit Tests 405 Method Not Allowed returns 405 for PATCH on /api/colors/:name",""
"","24","Component Tests ColorPicker touchmove while dragging updates hex","","2026-09-09","passed","2026-09-09","","Utility Functions","Component Tests ColorPicker touchmove while dragging updates hex",""
"","51","Frontend Unit Tests App Component deleting the last color sets activeName to null","","2026-09-09","passed","2026-09-09","","Frontend Unit Tests","Frontend Unit Tests App Component deleting the last color sets activeName to null",""
"","12","Server Integration Tests (Testcontainers) PUT /api/colors/:name should update the hex of an existing color and persist it in the real database","","2026-09-09","passed","2026-09-09","","Server Integration Tests (Testcontainers)","Server Integration Tests (Testcontainers) PUT /api/colors/:name should update the hex of an existing color and persist it in the real database",""
"","11","Server Integration Tests (Testcontainers) Concurrent writes should handle parallel GETs without errors","","2026-09-09","passed","2026-09-09","","Server Integration Tests (Testcontainers)","Server Integration Tests (Testcontainers) Concurrent writes should handle parallel GETs without errors",""
"","0","Utility Functions hslToRgb high lightness l=0.75 → [255,128,128]","","2026-09-09","passed","2026-09-09","","Utility Functions","Utility Functions hslToRgb high lightness l=0.75 → [255,128,128]",""
"","5","Server Unit Tests 405 Method Not Allowed does not return 405 for allowed DELETE method on /api/colors/:name","","2026-09-09","passed","2026-09-09","","Server Unit Tests","Server Unit Tests 405 Method Not Allowed does not return 405 for allowed DELETE method on /api/colors/:name",""
"","5","Server Unit Tests POST /api/reseed returns 405 for PUT on /api/reseed","","2026-09-09","passed","2026-09-09","","Server Unit Tests","Server Unit Tests POST /api/reseed returns 405 for PUT on /api/reseed",""
"","5","Server Unit Tests Middleware JSON error middleware passes non-syntax errors to next()","","2026-09-09","passed","2026-09-09","","Server Unit Tests","Server Unit Tests Middleware JSON error middleware passes non-syntax errors to next()",""
"","25","Component Tests ColorPicker close (×) button calls onCancel","","2026-09-09","passed","2026-09-09","","Utility Functions","Component Tests ColorPicker close (×) button calls onCancel",""
"","28","Component Tests ColorPicker submit with duplicate name (client-side) shows duplicate error","","2026-09-09","passed","2026-09-09","","Utility Functions","Component Tests ColorPicker submit with duplicate name (client-side) shows duplicate error",""
"","3","Server Unit Tests POST /api/reseed returns 401 when Authorization header is missing","","2026-09-09","passed","2026-09-09","","Server Unit Tests","Server Unit Tests POST /api/reseed returns 401 when Authorization header is missing",""
"","6","Server Unit Tests Surviving Mutants & Edge Cases Allowed Methods kills mutants in allowedMethods object","","2026-09-09","passed","2026-09-09","","Server Unit Tests","Server Unit Tests Surviving Mutants & Edge Cases Allowed Methods kills mutants in allowedMethods object",""
"","23","Component Tests ColorPicker mousedown outside circle clamps sat to 1","","2026-09-09","passed","2026-09-09","","Utility Functions","Component Tests ColorPicker mousedown outside circle clamps sat to 1",""
"","950","should show loading state when API returns empty colors","Chrome","2026-09-09","passed","2026-09-09","UI Error Handling Coverage","","",""
"","12","Server Integration Tests (Testcontainers) GET /api/colors should return an empty array after all colors are deleted","","2026-09-09","passed","2026-09-09","","Server Integration Tests (Testcontainers)","Server Integration Tests (Testcontainers) GET /api/colors should return an empty array after all colors are deleted",""
"","1","Utility Functions paintWheelPixel sets alpha to 0 when dist > r (outside circle)","","2026-09-09","passed","2026-09-09","","Utility Functions","Utility Functions paintWheelPixel sets alpha to 0 when dist > r (outside circle)",""
"","12","Server Unit Tests Error Handling POST /api/colors returns 500 when database fails (findOne)","","2026-09-09","passed","2026-09-09","","Server Unit Tests","Server Unit Tests Error Handling POST /api/colors returns 500 when database fails (findOne)",""
"","1347","verify Yellow ( #f1c40f ) is applied as the background color","Chrome","2026-09-09","passed","2026-09-09","Background color tests","","",""
"","3","Server Unit Tests POST /api/colors returns 400 for completely empty body","","2026-09-09","passed","2026-09-09","","Server Unit Tests","Server Unit Tests POST /api/colors returns 400 for completely empty body",""
"","20","Server Integration Tests (Testcontainers) End-to-end CRUD workflow should create, read, update, and delete a color in sequence","","2026-09-09","passed","2026-09-09","","Server Integration Tests (Testcontainers)","Server Integration Tests (Testcontainers) End-to-end CRUD workflow should create, read, update, and delete a color in sequence",""
"","8","Component Tests ColorPicker clicking inside the card does NOT call onCancel","","2026-09-09","passed","2026-09-09","","Utility Functions","Component Tests ColorPicker clicking inside the card does NOT call onCancel",""
"","46","Frontend Unit Tests App Component existingNames passed to ColorPicker matches current color list","","2026-09-09","passed","2026-09-09","","Frontend Unit Tests","Frontend Unit Tests App Component existingNames passed to ColorPicker matches current color list",""
"","6","Server Unit Tests Surviving Mutants & Edge Cases Rate Limiting & Security kills mutants by verifying x-powered-by is removed","","2026-09-09","passed","2026-09-09","","Server Unit Tests","Server Unit Tests Surviving Mutants & Edge Cases Rate Limiting & Security kills mutants by verifying x-powered-by is removed",""
"","9","Server Integration Tests (Testcontainers) POST /api/colors should not expose _id or __v in the creation response","","2026-09-09","passed","2026-09-09","","Server Integration Tests (Testcontainers)","Server Integration Tests (Testcontainers) POST /api/colors should not expose _id or __v in the creation response",""
"","79","unknown extra fields in POST body are rejected (400)","Chrome","2026-09-09","passed","2026-09-09","Security > Input Validation","","",""
"","2","Frontend Unit Tests i18n Configuration should handle language change correctly","","2026-09-09","passed","2026-09-09","","Frontend Unit Tests","Frontend Unit Tests i18n Configuration should handle language change correctly",""
"","5","Server Unit Tests Error Handling POST /api/colors returns 409 when database throws duplicate key error (code 11000)","","2026-09-09","passed","2026-09-09","","Server Unit Tests","Server Unit Tests Error Handling POST /api/colors returns 409 when database throws duplicate key error (code 11000)",""
"","1","Utility Functions rgbToHex converts pure red","","2026-09-09","passed","2026-09-09","","Utility Functions","Utility Functions rgbToHex converts pure red",""
"","8","Server Unit Tests 405 Method Not Allowed returns 405 for POST, PUT, DELETE on /openapi.json","","2026-09-09","passed","2026-09-09","","Server Unit Tests","Server Unit Tests 405 Method Not Allowed returns 405 for POST, PUT, DELETE on /openapi.json",""
"","65","NoSQL injection object in name is rejected (400)","Chrome","2026-09-09","passed","2026-09-09","Security > Injection Prevention","","",""
"","41","Frontend Unit Tests App Component picker cancel button closes the modal","","2026-09-09","passed","2026-09-09","","Frontend Unit Tests","Frontend Unit Tests App Component picker cancel button closes the modal",""
"","894","clicking ""+ Add color"" opens the picker modal","Chrome","2026-09-09","passed","2026-09-09","Color Management — Add & Delete","","",""
"","35","Component Tests ColorPicker hex input updates hue/sat via rgbToHsl (green → hue≈120)","","2026-09-09","passed","2026-09-09","","Utility Functions","Component Tests ColorPicker hex input updates hue/sat via rgbToHsl (green → hue≈120)",""
"","1207","successful delete removes the chip","Chrome","2026-09-09","passed","2026-09-09","Color Management — Add & Delete","","",""
"","1","Utility Functions readableOn returns #111 for white (very light, L=1)","","2026-09-09","passed","2026-09-09","","Utility Functions","Utility Functions readableOn returns #111 for white (very light, L=1)",""
"","51","Frontend Unit Tests App Component add color network error shows network error message","","2026-09-09","passed","2026-09-09","","Frontend Unit Tests","Frontend Unit Tests App Component add color network error shows network error message",""
"","4","Server Unit Tests Middleware returns 400 for malformed JSON body","","2026-09-09","passed","2026-09-09","","Server Unit Tests","Server Unit Tests Middleware returns 400 for malformed JSON body",""
"","4","Server Unit Tests PUT /api/colors/:name returns 400 for invalid name with special characters","","2026-09-09","passed","2026-09-09","","Server Unit Tests","Server Unit Tests PUT /api/colors/:name returns 400 for invalid name with special characters",""
"","2035","homepage should match snapshot","Chrome","2026-09-09","passed","2026-09-09","Visual Regression – desktop-xl (1920×1080)","","",""
"","4","Server Unit Tests PUT /api/colors/:name returns 400 for extra unknown fields (strict schema)","","2026-09-09","passed","2026-09-09","","Server Unit Tests","Server Unit Tests PUT /api/colors/:name returns 400 for extra unknown fields (strict schema)",""
"","35","Frontend Unit Tests App Component picker × button closes the modal","","2026-09-09","passed","2026-09-09","","Frontend Unit Tests","Frontend Unit Tests App Component picker × button closes the modal",""
"","12","Server Unit Tests Surviving Mutants & Edge Cases Regex & Validation STRICT_NAME_REGEX kills mutants on start/end/middle characters","","2026-09-09","passed","2026-09-09","","Server Unit Tests","Server Unit Tests Surviving Mutants & Edge Cases Regex & Validation STRICT_NAME_REGEX kills mutants on start/end/middle characters",""
"","0","Utility Functions rgbToHex value 15 pads to 0f","","2026-09-09","passed","2026-09-09","","Utility Functions","Utility Functions rgbToHex value 15 pads to 0f",""
"","0","Utility Functions hslToRgb hue=180 (cyan) → [0,255,255]","","2026-09-09","passed","2026-09-09","","Utility Functions","Utility Functions hslToRgb hue=180 (cyan) → [0,255,255]",""
"","12","GET /api/colors","","","passed","","","schemathesis","",""
"","1","Utility Functions rgbToHex converts arbitrary color","","2026-09-09","passed","2026-09-09","","Utility Functions","Utility Functions rgbToHex converts arbitrary color",""
"","110","Frontend Unit Tests App Component confirm dialog cancel does nothing when deleting=true","","2026-09-09","passed","2026-09-09","","Frontend Unit Tests","Frontend Unit Tests App Component confirm dialog cancel does nothing when deleting=true",""
"","5","Server Unit Tests POST /api/colors returns 400 when name is missing","","2026-09-09","passed","2026-09-09","","Server Unit Tests","Server Unit Tests POST /api/colors returns 400 when name is missing",""
"","9","Server Unit Tests seedDatabase clears existing colors and re-seeds with 3 defaults","","2026-09-09","passed","2026-09-09","","Server Unit Tests","Server Unit Tests seedDatabase clears existing colors and re-seeds with 3 defaults",""
"","0","Utility Functions hslToRgb hue=150 (spring green) → [0,255,128]","","2026-09-09","passed","2026-09-09","","Utility Functions","Utility Functions hslToRgb hue=150 (spring green) → [0,255,128]",""
"","4","Server Unit Tests PUT /api/colors/:name returns 400 for invalid name in path (regex check)","","2026-09-09","passed","2026-09-09","","Server Unit Tests","Server Unit Tests PUT /api/colors/:name returns 400 for invalid name in path (regex check)",""
"","1374","verify Yellow ( #f1c40f ) is applied as the background color","Chrome","2026-09-09","passed","2026-09-09","POM Refactored: Background color tests","","",""
"","787","Escape key closes the confirm dialog","Chrome","2026-09-09","passed","2026-09-09","Color Management — Add & Delete","","",""
"","54","Frontend Unit Tests App Component add color 400 shows data.error message","","2026-09-09","passed","2026-09-09","","Frontend Unit Tests","Frontend Unit Tests App Component add color 400 shows data.error message",""
"","32","Component Tests ColorPicker duplicate check is case-insensitive","","2026-09-09","passed","2026-09-09","","Utility Functions","Component Tests ColorPicker duplicate check is case-insensitive",""
"","0","Frontend Unit Tests i18n Configuration interpolation should not escape value","","2026-09-09","passed","2026-09-09","","Frontend Unit Tests","Frontend Unit Tests i18n Configuration interpolation should not escape value",""
"","4","Server Unit Tests Surviving Mutants & Edge Cases PUT logic kills refine mutant by sending empty body","","2026-09-09","passed","2026-09-09","","Server Unit Tests","Server Unit Tests Surviving Mutants & Edge Cases PUT logic kills refine mutant by sending empty body",""
"","158","X-Powered-By header is not exposed","Chrome","2026-09-09","passed","2026-09-09","Security > Security Headers","","",""
"","4","Server Unit Tests Middleware JSON error middleware ignores SyntaxError with status != 400","","2026-09-09","passed","2026-09-09","","Server Unit Tests","Server Unit Tests Middleware JSON error middleware ignores SyntaxError with status != 400",""
"","9","Component Tests ColorPicker wheel cursor moves to (220,110) after right-edge click (hue=0, sat=1)","","2026-09-09","passed","2026-09-09","","Utility Functions","Component Tests ColorPicker wheel cursor moves to (220,110) after right-edge click (hue=0, sat=1)",""
"","742","Example #3","BDD","2026-09-09","passed","2026-09-09","Language Switching > Switch language and verify translated UI labels","","",""
"","45","DELETE /api/colors/{name}","","","passed","","","schemathesis","",""
"","8","Frontend Unit Tests App Component colors.length === 0 shows loading text","","2026-09-09","passed","2026-09-09","","Frontend Unit Tests","Frontend Unit Tests App Component colors.length === 0 shows loading text",""
"","110","should reject omitting both name and hex on update","Chrome","2026-09-09","passed","2026-09-09","Backend API Integration > PUT /api/colors/:name Schema Validation","","",""
"","64","Frontend Unit Tests App Component saving is false again after a failed add (finally block)","","2026-09-09","passed","2026-09-09","","Frontend Unit Tests","Frontend Unit Tests App Component saving is false again after a failed add (finally block)",""
"","0","Utility Functions rgbToHex output is lowercase","","2026-09-09","passed","2026-09-09","","Utility Functions","Utility Functions rgbToHex output is lowercase",""
"","5","Server Unit Tests POST /api/colors returns 409 for a duplicate color name with descriptive error","","2026-09-09","passed","2026-09-09","","Server Unit Tests","Server Unit Tests POST /api/colors returns 409 for a duplicate color name with descriptive error",""
"","72","PUT /openapi.json returns 405","Chrome","2026-09-09","passed","2026-09-09","Security > HTTP Method Restrictions","","",""
"","848","Color button remains functional after switching language","BDD","2026-09-09","passed","2026-09-09","Language Switching","","",""
"","0","homepage initial state","Chrome","2026-09-09","skipped","2026-09-09","Percy Visual Regression – Production > Percy – tablet (768×1024)","","",""
"","120","Frontend Unit Tests App Component clicking a color chip makes it active","","2026-09-09","passed","2026-09-09","","Frontend Unit Tests","Frontend Unit Tests App Component clicking a color chip makes it active",""
"","38","Frontend Unit Tests App Component clicking Add color button opens picker modal","","2026-09-09","passed","2026-09-09","","Frontend Unit Tests","Frontend Unit Tests App Component clicking Add color button opens picker modal",""
"","855","Example #2","BDD","2026-09-09","passed","2026-09-09","Home Page Background Color > Change background color","","",""
"","954","Show error message when the initial colors fetch fails","BDD","2026-09-09","passed","2026-09-09","API Error Handling","","",""
"","340","Server Unit Tests Surviving Mutants & Edge Cases Infrastructure uses MONGO_URI from environment if available","","2026-09-09","passed","2026-09-09","","Server Unit Tests","Server Unit Tests Surviving Mutants & Edge Cases Infrastructure uses MONGO_URI from environment if available",""
"","69","Frontend Unit Tests App Component handles empty array from initial fetch gracefully","","2026-09-09","passed","2026-09-09","","Frontend Unit Tests","Frontend Unit Tests App Component handles empty array from initial fetch gracefully",""
"","26","Component Tests ColorPicker touchend stops dragging (touchmove after touchend is ignored)","","2026-09-09","passed","2026-09-09","","Utility Functions","Component Tests ColorPicker touchend stops dragging (touchmove after touchend is ignored)",""
"","4","Server Unit Tests Surviving Mutants & Edge Cases Swagger Metadata & OpenAPI has exact application/json content-type","","2026-09-09","passed","2026-09-09","","Server Unit Tests","Server Unit Tests Surviving Mutants & Edge Cases Swagger Metadata & OpenAPI has exact application/json content-type",""
"","4","Server Unit Tests Middleware includes CORS headers","","2026-09-09","passed","2026-09-09","","Server Unit Tests","Server Unit Tests Middleware includes CORS headers",""
"","1161","handle color selection fetch error","Chrome","2026-09-09","passed","2026-09-09","Edge cases and error handling","","",""
"","33","Frontend Unit Tests App Component link color is dark (#003366) on light background","","2026-09-09","passed","2026-09-09","","Frontend Unit Tests","Frontend Unit Tests App Component link color is dark (#003366) on light background",""
"","0","Utility Functions hexToRgb is case-insensitive","","2026-09-09","passed","2026-09-09","","Utility Functions","Utility Functions hexToRgb is case-insensitive",""
"","1","Utility Functions readableOn returns #111 for mid-grey (L≈0.35, black gives better contrast)","","2026-09-09","passed","2026-09-09","","Utility Functions","Utility Functions readableOn returns #111 for mid-grey (L≈0.35, black gives better contrast)",""
"","3","Server Unit Tests Error Handling seedDatabase logs error and re-throws when database fails","","2026-09-09","passed","2026-09-09","","Server Unit Tests","Server Unit Tests Error Handling seedDatabase logs error and re-throws when database fails",""
"","674","should update a color with valid schema","Chrome","2026-09-09","passed","2026-09-09","Backend API Integration > PUT /api/colors/:name Schema Validation","","",""
"","60","Frontend Unit Tests App Component deleting a non-active color keeps the current background","","2026-09-09","passed","2026-09-09","","Frontend Unit Tests","Frontend Unit Tests App Component deleting a non-active color keeps the current background",""
"","449","should create a new color with valid schema","Chrome","2026-09-09","passed","2026-09-09","Backend API Integration > POST /api/colors Schema Validation","","",""
"","28","Component Tests ColorPicker mousedown at top-center (hue=270) sets hex to #8000ff","","2026-09-09","passed","2026-09-09","","Utility Functions","Component Tests ColorPicker mousedown at top-center (hue=270) sets hex to #8000ff",""
"","99","Frontend Unit Tests App Component deleting is false again after a failed delete (finally block)","","2026-09-09","passed","2026-09-09","","Frontend Unit Tests","Frontend Unit Tests App Component deleting is false again after a failed delete (finally block)",""
"","704","Example #1","BDD","2026-09-09","passed","2026-09-09","Language Switching > Switch language and verify translated UI labels","","",""
"","4","Server Unit Tests Error Handling GET /api/colors returns 500 when database fails","","2026-09-09","passed","2026-09-09","","Server Unit Tests","Server Unit Tests Error Handling GET /api/colors returns 500 when database fails",""
"","64","Frontend Unit Tests App Component delete network error shows error alert","","2026-09-09","passed","2026-09-09","","Frontend Unit Tests","Frontend Unit Tests App Component delete network error shows error alert",""
"Performance Test: UI Performance Test
File: ui-performance.spec.ts
Total Iterations: 1
Max VUs: 1

HTTP Request Duration:
- Avg: 2.45ms
- P(95): 2.45ms
- Max: 2.45ms

Full metrics attached in the results.","35038","UI Performance Test","Performance","2026-09-09","passed","2026-09-09","ui-performance.spec.ts","UI Performance Test","",""
"","7","Server Unit Tests GET /api/colors/:name returns Turquoise color correctly","","2026-09-09","passed","2026-09-09","","Server Unit Tests","Server Unit Tests GET /api/colors/:name returns Turquoise color correctly",""
"","8","Server Unit Tests Surviving Mutants & Edge Cases PUT logic kills name/hex conditional mutants by providing only one field","","2026-09-09","passed","2026-09-09","","Server Unit Tests","Server Unit Tests Surviving Mutants & Edge Cases PUT logic kills name/hex conditional mutants by providing only one field",""
"","63","should reject invalid hex format","Chrome","2026-09-09","passed","2026-09-09","Backend API Integration > POST /api/colors Schema Validation","","",""
"","11","Frontend Unit Tests App Component shows error alert when initial fetch fails","","2026-09-09","passed","2026-09-09","","Frontend Unit Tests","Frontend Unit Tests App Component shows error alert when initial fetch fails",""
"","4","Server Unit Tests PUT /api/colors/:name returns 400 when no fields are provided (empty body)","","2026-09-09","passed","2026-09-09","","Server Unit Tests","Server Unit Tests PUT /api/colors/:name returns 400 when no fields are provided (empty body)",""
"","0","homepage initial state","Chrome","2026-09-09","skipped","2026-09-09","Percy Visual Regression – Production > Percy – desktop (1280×720)","","",""
"","1186","Example #1","BDD","2026-09-09","passed","2026-09-09","Home Page Background Color > Change background color","","",""
"","10","Server Unit Tests PUT /api/colors/:name updates the name of an existing color and preserves hex","","2026-09-09","passed","2026-09-09","","Server Unit Tests","Server Unit Tests PUT /api/colors/:name updates the name of an existing color and preserves hex",""
"","3","Server Unit Tests Surviving Mutants & Edge Cases Swagger Metadata & OpenAPI has exact info metadata","","2026-09-09","passed","2026-09-09","","Server Unit Tests","Server Unit Tests Surviving Mutants & Edge Cases Swagger Metadata & OpenAPI has exact info metadata",""
