"DESCRIPTION","DURATION IN MS","NAME","PARENT SUITE","START TIME","STATUS","STOP TIME","SUB SUITE","SUITE","TEST CLASS","TEST METHOD"
"","1","Utility Functions readableOn returns #111 for a pale/pastel colour (high luminance)","","Sun May 31 00:38:13 UTC 2026","passed","Sun May 31 00:38:13 UTC 2026","","Utility Functions","Utility Functions readableOn returns #111 for a pale/pastel colour (high luminance)",""
"","43","Frontend Unit Tests App Component add color 400 shows data.error message","","Sun May 31 00:38:13 UTC 2026","passed","Sun May 31 00:38:13 UTC 2026","","Frontend Unit Tests","Frontend Unit Tests App Component add color 400 shows data.error message",""
"","5","Server Unit Tests Surviving Mutants & Edge Cases Regex & Validation Zod required_error messages are correct","","Sun May 31 00:37:53 UTC 2026","passed","Sun May 31 00:37:53 UTC 2026","","Server Unit Tests","Server Unit Tests Surviving Mutants & Edge Cases Regex & Validation Zod required_error messages are correct",""
"","13","Component Tests ColorPicker Cancel button is disabled when saving=true","","Sun May 31 00:38:13 UTC 2026","passed","Sun May 31 00:38:13 UTC 2026","","Utility Functions","Component Tests ColorPicker Cancel button is disabled when saving=true",""
"","1","Utility Functions hslToRgb lightness=1 gives white","","Sun May 31 00:38:13 UTC 2026","passed","Sun May 31 00:38:13 UTC 2026","","Utility Functions","Utility Functions hslToRgb lightness=1 gives white",""
"","24","Server Integration Tests (Testcontainers) Concurrent writes should handle simultaneous POSTs with the same name — exactly one succeeds","","Sun May 31 00:38:00 UTC 2026","passed","Sun May 31 00:38:00 UTC 2026","","Server Integration Tests (Testcontainers)","Server Integration Tests (Testcontainers) Concurrent writes should handle simultaneous POSTs with the same name — exactly one succeeds",""
"","8","Frontend Unit Tests App Component colors.length === 0 shows loading text","","Sun May 31 00:38:13 UTC 2026","passed","Sun May 31 00:38:13 UTC 2026","","Frontend Unit Tests","Frontend Unit Tests App Component colors.length === 0 shows loading text",""
"","22","Frontend Unit Tests App Component labelFor returns translation for known color (Turquoise)","","Sun May 31 00:38:13 UTC 2026","passed","Sun May 31 00:38:13 UTC 2026","","Frontend Unit Tests","Frontend Unit Tests App Component labelFor returns translation for known color (Turquoise)",""
"","23","Frontend Unit Tests App Component text color on dark background is white","","Sun May 31 00:38:13 UTC 2026","passed","Sun May 31 00:38:13 UTC 2026","","Frontend Unit Tests","Frontend Unit Tests App Component text color on dark background is white",""
"","9","Server Unit Tests GET /api/colors/:name returns 404 for a non-existent color","","Sun May 31 00:37:53 UTC 2026","passed","Sun May 31 00:37:53 UTC 2026","","Server Unit Tests","Server Unit Tests GET /api/colors/:name returns 404 for a non-existent color",""
"","42","Frontend Unit Tests App Component initial background is first color hex","","Sun May 31 00:38:13 UTC 2026","passed","Sun May 31 00:38:13 UTC 2026","","Frontend Unit Tests","Frontend Unit Tests App Component initial background is first color hex",""
"","659","Show loading state when the API returns an empty colors list","BDD","Sun May 31 00:42:13 UTC 2026","passed","Sun May 31 00:42:14 UTC 2026","API Error Handling","","",""
"","24","GET /api/colors/:name should return 404 for non-existent color","Chrome","Sun May 31 00:42:09 UTC 2026","passed","Sun May 31 00:42:09 UTC 2026","Backend API Integration","","",""
"","4","Server Unit Tests Middleware does not include X-Powered-By header","","Sun May 31 00:37:53 UTC 2026","passed","Sun May 31 00:37:53 UTC 2026","","Server Unit Tests","Server Unit Tests Middleware does not include X-Powered-By header",""
"","12","Component Tests ColorPicker renders the color wheel canvas","","Sun May 31 00:38:13 UTC 2026","passed","Sun May 31 00:38:13 UTC 2026","","Utility Functions","Component Tests ColorPicker renders the color wheel canvas",""
"","33","Component Tests ColorPicker mousedown at right-center (hue=0) sets hex to #ff0000","","Sun May 31 00:38:13 UTC 2026","passed","Sun May 31 00:38:13 UTC 2026","","Utility Functions","Component Tests ColorPicker mousedown at right-center (hue=0) sets hex to #ff0000",""
"","0","Utility Functions paintWheelPixel sets alpha to 0 when dist > r (outside circle)","","Sun May 31 00:38:13 UTC 2026","passed","Sun May 31 00:38:13 UTC 2026","","Utility Functions","Utility Functions paintWheelPixel sets alpha to 0 when dist > r (outside circle)",""
"","0","Utility Functions hslToRgb hue=90 (chartreuse) → [128,255,0]","","Sun May 31 00:38:13 UTC 2026","passed","Sun May 31 00:38:13 UTC 2026","","Utility Functions","Utility Functions hslToRgb hue=90 (chartreuse) → [128,255,0]",""
"","9","Server Integration Tests (Testcontainers) GET /api/colors should return colors sorted alphabetically by name","","Sun May 31 00:38:00 UTC 2026","passed","Sun May 31 00:38:00 UTC 2026","","Server Integration Tests (Testcontainers)","Server Integration Tests (Testcontainers) GET /api/colors should return colors sorted alphabetically by name",""
"","0","Utility Functions rgbToHsl pure blue → h=240, s=1, l=0.5","","Sun May 31 00:38:13 UTC 2026","passed","Sun May 31 00:38:13 UTC 2026","","Utility Functions","Utility Functions rgbToHsl pure blue → h=240, s=1, l=0.5",""
"","14","Component Tests ConfirmDialog cancelLabel prop is reflected in the button text","","Sun May 31 00:38:13 UTC 2026","passed","Sun May 31 00:38:13 UTC 2026","","Component Tests","Component Tests ConfirmDialog cancelLabel prop is reflected in the button text",""
"","3","Server Unit Tests PUT /api/colors/:name returns 400 for invalid current name format in URL","","Sun May 31 00:37:53 UTC 2026","passed","Sun May 31 00:37:53 UTC 2026","","Server Unit Tests","Server Unit Tests PUT /api/colors/:name returns 400 for invalid current name format in URL",""
"","10","Component Tests ColorPicker pressing a non-Escape key does not call onCancel","","Sun May 31 00:38:13 UTC 2026","passed","Sun May 31 00:38:13 UTC 2026","","Utility Functions","Component Tests ColorPicker pressing a non-Escape key does not call onCancel",""
"","29","Component Tests ColorPicker close (×) button calls onCancel","","Sun May 31 00:38:13 UTC 2026","passed","Sun May 31 00:38:13 UTC 2026","","Utility Functions","Component Tests ColorPicker close (×) button calls onCancel",""
"","1188","Cancel button closes the picker","Chrome","Sun May 31 00:42:10 UTC 2026","passed","Sun May 31 00:42:11 UTC 2026","Color Management — Add & Delete","tests/color-management.spec.ts","",""
"","10","Server Unit Tests GET /api/colors does not expose _id or __v fields","","Sun May 31 00:37:53 UTC 2026","passed","Sun May 31 00:37:53 UTC 2026","","Server Unit Tests","Server Unit Tests GET /api/colors does not expose _id or __v fields",""
"","10","Component Tests ConfirmDialog dialog has correct ARIA attributes","","Sun May 31 00:38:13 UTC 2026","passed","Sun May 31 00:38:13 UTC 2026","","Component Tests","Component Tests ConfirmDialog dialog has correct ARIA attributes",""
"","9","unknown extra fields in POST body are rejected (400)","Chrome","Sun May 31 00:41:59 UTC 2026","passed","Sun May 31 00:41:59 UTC 2026","Security > Input Validation","tests/security.spec.ts","",""
"","5","Server Unit Tests POST /api/colors accepts names with alphanumeric characters and spaces","","Sun May 31 00:37:53 UTC 2026","passed","Sun May 31 00:37:53 UTC 2026","","Server Unit Tests","Server Unit Tests POST /api/colors accepts names with alphanumeric characters and spaces",""
"","2007","should maintain accessibility in es language and verify resilient locators","Chrome","Sun May 31 00:42:03 UTC 2026","passed","Sun May 31 00:42:05 UTC 2026","i18n Accessibility Tests","tests/a11y.spec.ts","",""
"","29","Frontend Unit Tests App Component picker × button closes the modal","","Sun May 31 00:38:13 UTC 2026","passed","Sun May 31 00:38:13 UTC 2026","","Frontend Unit Tests","Frontend Unit Tests App Component picker × button closes the modal",""
"","8","POST /api-docs returns 405","Chrome","Sun May 31 00:42:00 UTC 2026","passed","Sun May 31 00:42:00 UTC 2026","Security > HTTP Method Restrictions","tests/security.spec.ts","",""
"","4","Component Tests ConfirmDialog Escape key does NOT call onCancel when busy","","Sun May 31 00:38:13 UTC 2026","passed","Sun May 31 00:38:13 UTC 2026","","Component Tests","Component Tests ConfirmDialog Escape key does NOT call onCancel when busy",""
"","5","Frontend Unit Tests App Component initial default background before fetch resolves","","Sun May 31 00:38:13 UTC 2026","passed","Sun May 31 00:38:13 UTC 2026","","Frontend Unit Tests","Frontend Unit Tests App Component initial default background before fetch resolves",""
"","5","Server Unit Tests Error Handling GET /api/colors/:name returns 500 when database fails","","Sun May 31 00:37:53 UTC 2026","passed","Sun May 31 00:37:53 UTC 2026","","Server Unit Tests","Server Unit Tests Error Handling GET /api/colors/:name returns 500 when database fails",""
"","7","Server Integration Tests (Testcontainers) POST /api/colors should accept a color name containing spaces","","Sun May 31 00:38:00 UTC 2026","passed","Sun May 31 00:38:00 UTC 2026","","Server Integration Tests (Testcontainers)","Server Integration Tests (Testcontainers) POST /api/colors should accept a color name containing spaces",""
"","767","Example #2","BDD","Sun May 31 00:42:16 UTC 2026","passed","Sun May 31 00:42:17 UTC 2026","Language Switching > Switch language and verify translated UI labels","","",""
"","61","Frontend Unit Tests App Component fetches and displays color chips with swatch and delete button","","Sun May 31 00:38:13 UTC 2026","passed","Sun May 31 00:38:13 UTC 2026","","Frontend Unit Tests","Frontend Unit Tests App Component fetches and displays color chips with swatch and delete button",""
"","1","Utility Functions hslToRgb hue=270 (violet) → [128,0,255]","","Sun May 31 00:38:13 UTC 2026","passed","Sun May 31 00:38:13 UTC 2026","","Utility Functions","Utility Functions hslToRgb hue=270 (violet) → [128,0,255]",""
"","4","Server Unit Tests POST /api/colors returns 400 when hex is missing","","Sun May 31 00:37:53 UTC 2026","passed","Sun May 31 00:37:53 UTC 2026","","Server Unit Tests","Server Unit Tests POST /api/colors returns 400 when hex is missing",""
"","3","Server Unit Tests DELETE /api/colors/:name returns 400 for invalid name in path (regex check)","","Sun May 31 00:37:53 UTC 2026","passed","Sun May 31 00:37:53 UTC 2026","","Server Unit Tests","Server Unit Tests DELETE /api/colors/:name returns 400 for invalid name in path (regex check)",""
"","38","Frontend Unit Tests App Component existingNames passed to ColorPicker matches current color list","","Sun May 31 00:38:13 UTC 2026","passed","Sun May 31 00:38:13 UTC 2026","","Frontend Unit Tests","Frontend Unit Tests App Component existingNames passed to ColorPicker matches current color list",""
"","4","Server Unit Tests Surviving Mutants & Edge Cases Logs seedDatabase logs success message","","Sun May 31 00:37:53 UTC 2026","passed","Sun May 31 00:37:53 UTC 2026","","Server Unit Tests","Server Unit Tests Surviving Mutants & Edge Cases Logs seedDatabase logs success message",""
"","4","Server Unit Tests PUT /api/colors/:name returns 400 for invalid name with special characters","","Sun May 31 00:37:53 UTC 2026","passed","Sun May 31 00:37:53 UTC 2026","","Server Unit Tests","Server Unit Tests PUT /api/colors/:name returns 400 for invalid name with special characters",""
"","3","Server Unit Tests PUT /api/colors/:name returns 400 for invalid name in path (regex check)","","Sun May 31 00:37:53 UTC 2026","passed","Sun May 31 00:37:53 UTC 2026","","Server Unit Tests","Server Unit Tests PUT /api/colors/:name returns 400 for invalid name in path (regex check)",""
"","0","Utility Functions hslToRgb saturation=0 gives pure grey [128,128,128]","","Sun May 31 00:38:13 UTC 2026","passed","Sun May 31 00:38:13 UTC 2026","","Utility Functions","Utility Functions hslToRgb saturation=0 gives pure grey [128,128,128]",""
"","4","Frontend Unit Tests i18n Configuration should translate keys correctly","","Sun May 31 00:38:15 UTC 2026","passed","Sun May 31 00:38:15 UTC 2026","","Frontend Unit Tests","Frontend Unit Tests i18n Configuration should translate keys correctly",""
"","1","Utility Functions hslToRgb lightness=0 gives black","","Sun May 31 00:38:13 UTC 2026","passed","Sun May 31 00:38:13 UTC 2026","","Utility Functions","Utility Functions hslToRgb lightness=0 gives black",""
"","0","Utility Functions hexToRgb parses hex without the leading #","","Sun May 31 00:38:13 UTC 2026","passed","Sun May 31 00:38:13 UTC 2026","","Utility Functions","Utility Functions hexToRgb parses hex without the leading #",""
"","0","Utility Functions rgbToHex pads single-digit hex values with leading zero","","Sun May 31 00:38:13 UTC 2026","passed","Sun May 31 00:38:13 UTC 2026","","Utility Functions","Utility Functions rgbToHex pads single-digit hex values with leading zero",""
"","25","Component Tests ColorPicker typing in name input clears name error","","Sun May 31 00:38:13 UTC 2026","passed","Sun May 31 00:38:13 UTC 2026","","Utility Functions","Component Tests ColorPicker typing in name input clears name error",""
"","1","Utility Functions hslToRgb hue=59 stays in sector 0","","Sun May 31 00:38:13 UTC 2026","passed","Sun May 31 00:38:13 UTC 2026","","Utility Functions","Utility Functions hslToRgb hue=59 stays in sector 0",""
"","3","Server Unit Tests Surviving Mutants & Edge Cases Swagger JSDoc Integration kills apis array mutants by verifying JSDoc content is present","","Sun May 31 00:37:53 UTC 2026","passed","Sun May 31 00:37:53 UTC 2026","","Server Unit Tests","Server Unit Tests Surviving Mutants & Edge Cases Swagger JSDoc Integration kills apis array mutants by verifying JSDoc content is present",""
"","3","Server Unit Tests Surviving Mutants & Edge Cases Mongoose Schema Strictness kills empty schema mutant by checking schema paths","","Sun May 31 00:37:53 UTC 2026","passed","Sun May 31 00:37:53 UTC 2026","","Server Unit Tests","Server Unit Tests Surviving Mutants & Edge Cases Mongoose Schema Strictness kills empty schema mutant by checking schema paths",""
"","0","Utility Functions paintWheelPixel anti-aliases near-edge pixel: dist=r-0.5 gives alpha=127","","Sun May 31 00:38:13 UTC 2026","passed","Sun May 31 00:38:13 UTC 2026","","Utility Functions","Utility Functions paintWheelPixel anti-aliases near-edge pixel: dist=r-0.5 gives alpha=127",""
"","26","Component Tests ColorPicker lightness slider change updates the preview","","Sun May 31 00:38:13 UTC 2026","passed","Sun May 31 00:38:13 UTC 2026","","Utility Functions","Component Tests ColorPicker lightness slider change updates the preview",""
"","31","GET /api/colors/Yellow should return the correct hex code","Chrome","Sun May 31 00:42:09 UTC 2026","passed","Sun May 31 00:42:09 UTC 2026","Backend API Integration","","",""
"","4","Server Unit Tests POST /api/colors returns 400 for extra unknown fields (strict schema)","","Sun May 31 00:37:53 UTC 2026","passed","Sun May 31 00:37:53 UTC 2026","","Server Unit Tests","Server Unit Tests POST /api/colors returns 400 for extra unknown fields (strict schema)",""
"","0","Utility Functions readableOn returns #111 for mid-grey (L≈0.35, black gives better contrast)","","Sun May 31 00:38:13 UTC 2026","passed","Sun May 31 00:38:13 UTC 2026","","Utility Functions","Utility Functions readableOn returns #111 for mid-grey (L≈0.35, black gives better contrast)",""
"","51","Frontend Unit Tests App Component delete network error shows error alert","","Sun May 31 00:38:13 UTC 2026","passed","Sun May 31 00:38:13 UTC 2026","","Frontend Unit Tests","Frontend Unit Tests App Component delete network error shows error alert",""
"","11","Frontend Unit Tests App Component shows error alert when initial fetch returns non-2xx","","Sun May 31 00:38:13 UTC 2026","passed","Sun May 31 00:38:13 UTC 2026","","Frontend Unit Tests","Frontend Unit Tests App Component shows error alert when initial fetch returns non-2xx",""
"","0","Utility Functions hslToRgb hue=300 (magenta) → [255,0,255]","","Sun May 31 00:38:13 UTC 2026","passed","Sun May 31 00:38:13 UTC 2026","","Utility Functions","Utility Functions hslToRgb hue=300 (magenta) → [255,0,255]",""
"","4","Server Unit Tests POST /api/reseed returns 405 for PUT on /api/reseed","","Sun May 31 00:37:53 UTC 2026","passed","Sun May 31 00:37:53 UTC 2026","","Server Unit Tests","Server Unit Tests POST /api/reseed returns 405 for PUT on /api/reseed",""
"","1922","deleting the active color switches background to the first remaining","Chrome","Sun May 31 00:42:17 UTC 2026","passed","Sun May 31 00:42:18 UTC 2026","Color Management — Add & Delete","tests/color-management.spec.ts","",""
"","0","homepage initial state","Chrome","Sun May 31 00:44:35 UTC 2026","skipped","Sun May 31 00:44:35 UTC 2026","Percy Visual Regression – Production > Percy – mobile (375×667)","","",""
"","2424","should maintain accessibility in en language and verify resilient locators","Chrome","Sun May 31 00:42:01 UTC 2026","passed","Sun May 31 00:42:03 UTC 2026","i18n Accessibility Tests","tests/a11y.spec.ts","",""
"","4","Server Unit Tests POST /api/colors returns 400 for invalid hex format (no hash)","","Sun May 31 00:37:53 UTC 2026","passed","Sun May 31 00:37:53 UTC 2026","","Server Unit Tests","Server Unit Tests POST /api/colors returns 400 for invalid hex format (no hash)",""
"","12","Server Integration Tests (Testcontainers) POST /api/colors should return 409 when creating a duplicate color name","","Sun May 31 00:38:00 UTC 2026","passed","Sun May 31 00:38:00 UTC 2026","","Server Integration Tests (Testcontainers)","Server Integration Tests (Testcontainers) POST /api/colors should return 409 when creating a duplicate color name",""
"","17","POST with javascript: URI in name is rejected (400)","Chrome","Sun May 31 00:41:57 UTC 2026","passed","Sun May 31 00:41:57 UTC 2026","Security > XSS Prevention","tests/security.spec.ts","",""
"","5","Server Unit Tests POST /api/colors applies the createColorLimiter rate limit headers","","Sun May 31 00:37:53 UTC 2026","passed","Sun May 31 00:37:53 UTC 2026","","Server Unit Tests","Server Unit Tests POST /api/colors applies the createColorLimiter rate limit headers",""
"","1","Utility Functions readableOn returns #fff for a very dark blue","","Sun May 31 00:38:13 UTC 2026","passed","Sun May 31 00:38:13 UTC 2026","","Utility Functions","Utility Functions readableOn returns #fff for a very dark blue",""
"","12","should return 404 for non-existent color deletion","Chrome","Sun May 31 00:42:10 UTC 2026","passed","Sun May 31 00:42:10 UTC 2026","Backend API Integration > DELETE /api/colors/:name","","",""
"","9","Component Tests ConfirmDialog Escape key calls onCancel when not busy","","Sun May 31 00:38:13 UTC 2026","passed","Sun May 31 00:38:13 UTC 2026","","Component Tests","Component Tests ConfirmDialog Escape key calls onCancel when not busy",""
"","4","Server Unit Tests POST /api/reseed returns 500 when seedDatabase throws","","Sun May 31 00:37:53 UTC 2026","passed","Sun May 31 00:37:53 UTC 2026","","Server Unit Tests","Server Unit Tests POST /api/reseed returns 500 when seedDatabase throws",""
"","4","Server Unit Tests PUT /api/colors/:name returns 400 for extra unknown fields (strict schema)","","Sun May 31 00:37:53 UTC 2026","passed","Sun May 31 00:37:53 UTC 2026","","Server Unit Tests","Server Unit Tests PUT /api/colors/:name returns 400 for extra unknown fields (strict schema)",""
"","27","Component Tests ColorPicker mousemove while dragging updates hex (dragging.current=true kills mutation)","","Sun May 31 00:38:13 UTC 2026","passed","Sun May 31 00:38:13 UTC 2026","","Utility Functions","Component Tests ColorPicker mousemove while dragging updates hex (dragging.current=true kills mutation)",""
"","114","Frontend Unit Tests App Component handleColorClick does nothing when data has no hex","","Sun May 31 00:38:13 UTC 2026","passed","Sun May 31 00:38:13 UTC 2026","","Frontend Unit Tests","Frontend Unit Tests App Component handleColorClick does nothing when data has no hex",""
"","48","should return 409 for duplicate color creation","Chrome","Sun May 31 00:42:09 UTC 2026","passed","Sun May 31 00:42:09 UTC 2026","Backend API Integration > POST /api/colors Schema Validation","","",""
"","15","Component Tests ColorPicker typing an invalid hex shows ""Use format #RRGGBB"" error","","Sun May 31 00:38:13 UTC 2026","passed","Sun May 31 00:38:13 UTC 2026","","Utility Functions","Component Tests ColorPicker typing an invalid hex shows ""Use format #RRGGBB"" error",""
"","704","Example #1","BDD","Sun May 31 00:42:16 UTC 2026","passed","Sun May 31 00:42:16 UTC 2026","Language Switching > Switch language and verify translated UI labels","","",""
"","48","Frontend Unit Tests App Component confirm dialog cancel button closes it","","Sun May 31 00:38:13 UTC 2026","passed","Sun May 31 00:38:13 UTC 2026","","Frontend Unit Tests","Frontend Unit Tests App Component confirm dialog cancel button closes it",""
"","64","GET /api/colors/Turquoise should return the correct hex code","Chrome","Sun May 31 00:42:09 UTC 2026","passed","Sun May 31 00:42:09 UTC 2026","Backend API Integration","","",""
"","13","Server Integration Tests (Testcontainers) GET /api/colors should return an empty array after all colors are deleted","","Sun May 31 00:38:00 UTC 2026","passed","Sun May 31 00:38:00 UTC 2026","","Server Integration Tests (Testcontainers)","Server Integration Tests (Testcontainers) GET /api/colors should return an empty array after all colors are deleted",""
"","38","Component Tests ColorPicker cancel button calls onCancel","","Sun May 31 00:38:13 UTC 2026","passed","Sun May 31 00:38:13 UTC 2026","","Utility Functions","Component Tests ColorPicker cancel button calls onCancel",""
"","33","Frontend Unit Tests App Component active chip has is-active CSS class","","Sun May 31 00:38:13 UTC 2026","passed","Sun May 31 00:38:13 UTC 2026","","Frontend Unit Tests","Frontend Unit Tests App Component active chip has is-active CSS class",""
"","1","Utility Functions hslToRgb hue=330 (rose) → [255,0,128]","","Sun May 31 00:38:13 UTC 2026","passed","Sun May 31 00:38:13 UTC 2026","","Utility Functions","Utility Functions hslToRgb hue=330 (rose) → [255,0,128]",""
"","0","Frontend Unit Tests i18n Configuration interpolation should not escape value","","Sun May 31 00:38:15 UTC 2026","passed","Sun May 31 00:38:15 UTC 2026","","Frontend Unit Tests","Frontend Unit Tests i18n Configuration interpolation should not escape value",""
"","0","Utility Functions readableOn returns #111 for turquoise (L≈0.39, black gives better contrast)","","Sun May 31 00:38:13 UTC 2026","passed","Sun May 31 00:38:13 UTC 2026","","Utility Functions","Utility Functions readableOn returns #111 for turquoise (L≈0.39, black gives better contrast)",""
"","10","Frontend Unit Tests App Component shows error alert when initial fetch fails","","Sun May 31 00:38:13 UTC 2026","passed","Sun May 31 00:38:13 UTC 2026","","Frontend Unit Tests","Frontend Unit Tests App Component shows error alert when initial fetch fails",""
"","9","Component Tests ColorPicker falls back to window resize listener when ResizeObserver is not available","","Sun May 31 00:38:13 UTC 2026","passed","Sun May 31 00:38:13 UTC 2026","","Utility Functions","Component Tests ColorPicker falls back to window resize listener when ResizeObserver is not available",""
"","13","Server Integration Tests (Testcontainers) PUT /api/colors/:name should rename a color and make old name return 404","","Sun May 31 00:38:00 UTC 2026","passed","Sun May 31 00:38:00 UTC 2026","","Server Integration Tests (Testcontainers)","Server Integration Tests (Testcontainers) PUT /api/colors/:name should rename a color and make old name return 404",""
"","4","Server Unit Tests PUT /api/colors/:name returns 400 for invalid hex on update","","Sun May 31 00:37:53 UTC 2026","passed","Sun May 31 00:37:53 UTC 2026","","Server Unit Tests","Server Unit Tests PUT /api/colors/:name returns 400 for invalid hex on update",""
"","0","Frontend Unit Tests i18n Configuration should have translation keys in resources","","Sun May 31 00:38:15 UTC 2026","passed","Sun May 31 00:38:15 UTC 2026","","Frontend Unit Tests","Frontend Unit Tests i18n Configuration should have translation keys in resources",""
"","10","Component Tests ColorPicker Escape listener is removed after unmount","","Sun May 31 00:38:13 UTC 2026","passed","Sun May 31 00:38:13 UTC 2026","","Utility Functions","Component Tests ColorPicker Escape listener is removed after unmount",""
"","1014","homepage should match snapshot","Chrome","Sun May 31 00:44:32 UTC 2026","passed","Sun May 31 00:44:33 UTC 2026","Visual Regression – tablet (768×1024)","","",""
"","28","Component Tests ColorPicker submit with empty name shows ""Name is required"" error","","Sun May 31 00:38:13 UTC 2026","passed","Sun May 31 00:38:13 UTC 2026","","Utility Functions","Component Tests ColorPicker submit with empty name shows ""Name is required"" error",""
"","14","Component Tests ColorPicker typing red with g<b hex updates internal state","","Sun May 31 00:38:13 UTC 2026","passed","Sun May 31 00:38:13 UTC 2026","","Utility Functions","Component Tests ColorPicker typing red with g<b hex updates internal state",""
"","0","homepage after color change","Chrome","Sun May 31 00:44:35 UTC 2026","skipped","Sun May 31 00:44:35 UTC 2026","Percy Visual Regression – Production > Percy – tablet (768×1024)","","",""
"","15","Utility Functions rgbToHsl b max (#0040ff) → h in (180,300)","","Sun May 31 00:38:13 UTC 2026","passed","Sun May 31 00:38:13 UTC 2026","","Utility Functions","Utility Functions rgbToHsl b max (#0040ff) → h in (180,300)",""
"","7","empty body on POST returns 400","Chrome","Sun May 31 00:41:59 UTC 2026","passed","Sun May 31 00:41:59 UTC 2026","Security > Input Validation","tests/security.spec.ts","",""
"","5","Server Integration Tests (Testcontainers) Method Not Allowed should return 405 for PATCH /api/colors","","Sun May 31 00:38:00 UTC 2026","passed","Sun May 31 00:38:00 UTC 2026","","Server Integration Tests (Testcontainers)","Server Integration Tests (Testcontainers) Method Not Allowed should return 405 for PATCH /api/colors",""
"","7","Component Tests ConfirmDialog backdrop click calls onCancel when not busy","","Sun May 31 00:38:13 UTC 2026","passed","Sun May 31 00:38:13 UTC 2026","","Component Tests","Component Tests ConfirmDialog backdrop click calls onCancel when not busy",""
"","811","Example #3","BDD","Sun May 31 00:42:15 UTC 2026","passed","Sun May 31 00:42:16 UTC 2026","Home Page Background Color > Change background color","","",""
"","6","PUT /openapi.json returns 405","Chrome","Sun May 31 00:42:00 UTC 2026","passed","Sun May 31 00:42:00 UTC 2026","Security > HTTP Method Restrictions","tests/security.spec.ts","",""
"","10","Server Unit Tests GET /api/colors returns an empty array when no colors exist","","Sun May 31 00:37:53 UTC 2026","passed","Sun May 31 00:37:53 UTC 2026","","Server Unit Tests","Server Unit Tests GET /api/colors returns an empty array when no colors exist",""
"","32","Frontend Unit Tests App Component picker cancel button closes the modal","","Sun May 31 00:38:13 UTC 2026","passed","Sun May 31 00:38:13 UTC 2026","","Frontend Unit Tests","Frontend Unit Tests App Component picker cancel button closes the modal",""
"","25","Component Tests ColorPicker mousedown at bottom-center (hue=90) sets hex to #80ff00","","Sun May 31 00:38:13 UTC 2026","passed","Sun May 31 00:38:13 UTC 2026","","Utility Functions","Component Tests ColorPicker mousedown at bottom-center (hue=90) sets hex to #80ff00",""
"","1","Utility Functions rgbToHex converts pure red","","Sun May 31 00:38:13 UTC 2026","passed","Sun May 31 00:38:13 UTC 2026","","Utility Functions","Utility Functions rgbToHex converts pure red",""
"","4","Server Unit Tests POST /api/colors returns 400 for name with whitespace","","Sun May 31 00:37:53 UTC 2026","passed","Sun May 31 00:37:53 UTC 2026","","Server Unit Tests","Server Unit Tests POST /api/colors returns 400 for name with whitespace",""
"","61","Component Tests ColorPicker editing name does NOT call onClearError when no serverError","","Sun May 31 00:38:13 UTC 2026","passed","Sun May 31 00:38:13 UTC 2026","","Utility Functions","Component Tests ColorPicker editing name does NOT call onClearError when no serverError",""
"","95","Frontend Unit Tests App Component clicking a color chip makes it active","","Sun May 31 00:38:13 UTC 2026","passed","Sun May 31 00:38:13 UTC 2026","","Frontend Unit Tests","Frontend Unit Tests App Component clicking a color chip makes it active",""
"","1885","should load the application and verify core functionality across browsers","Firefox","Sun May 31 00:42:20 UTC 2026","passed","Sun May 31 00:42:22 UTC 2026","Cross-Browser Core Functionality","","",""
"","31","Frontend Unit Tests App Component clicking Add color button opens picker modal","","Sun May 31 00:38:13 UTC 2026","passed","Sun May 31 00:38:13 UTC 2026","","Frontend Unit Tests","Frontend Unit Tests App Component clicking Add color button opens picker modal",""
"","299","Server Unit Tests Surviving Mutants & Edge Cases Infrastructure uses default MONGO_URI when process.env.MONGO_URI is missing","","Sun May 31 00:37:53 UTC 2026","passed","Sun May 31 00:37:53 UTC 2026","","Server Unit Tests","Server Unit Tests Surviving Mutants & Edge Cases Infrastructure uses default MONGO_URI when process.env.MONGO_URI is missing",""
"","1154","successful delete removes the chip","Chrome","Sun May 31 00:42:17 UTC 2026","passed","Sun May 31 00:42:18 UTC 2026","Color Management — Add & Delete","tests/color-management.spec.ts","",""
"","22","Component Tests ColorPicker touch start on canvas sets hex to #ff0000 at right edge","","Sun May 31 00:38:13 UTC 2026","passed","Sun May 31 00:38:13 UTC 2026","","Utility Functions","Component Tests ColorPicker touch start on canvas sets hex to #ff0000 at right edge",""
"","13","oversized payload is rejected (413)","Chrome","Sun May 31 00:41:59 UTC 2026","passed","Sun May 31 00:41:59 UTC 2026","Security > Input Validation","tests/security.spec.ts","",""
"","3","Server Unit Tests POST /api/reseed returns 401 when token is incorrect","","Sun May 31 00:37:53 UTC 2026","passed","Sun May 31 00:37:53 UTC 2026","","Server Unit Tests","Server Unit Tests POST /api/reseed returns 401 when token is incorrect",""
"","25","Component Tests ColorPicker lightness slider min value (0) gives black","","Sun May 31 00:38:13 UTC 2026","passed","Sun May 31 00:38:13 UTC 2026","","Utility Functions","Component Tests ColorPicker lightness slider min value (0) gives black",""
"","20","Frontend Unit Tests App Component colors.length > 0 does NOT show loading text","","Sun May 31 00:38:13 UTC 2026","passed","Sun May 31 00:38:13 UTC 2026","","Frontend Unit Tests","Frontend Unit Tests App Component colors.length > 0 does NOT show loading text",""
"","49","Frontend Unit Tests App Component handleColorClick shows error on non-2xx response","","Sun May 31 00:38:13 UTC 2026","passed","Sun May 31 00:38:13 UTC 2026","","Frontend Unit Tests","Frontend Unit Tests App Component handleColorClick shows error on non-2xx response",""
"","5","Server Unit Tests 405 Method Not Allowed does not return 405 for allowed GET method on /api/colors","","Sun May 31 00:37:53 UTC 2026","passed","Sun May 31 00:37:53 UTC 2026","","Server Unit Tests","Server Unit Tests 405 Method Not Allowed does not return 405 for allowed GET method on /api/colors",""
"","3857","POST /api/reseed","","","passed","","","schemathesis","",""
"","759","should create dynamic random color via API and verify through UI","Chrome","Sun May 31 00:41:57 UTC 2026","passed","Sun May 31 00:41:58 UTC 2026","Random Data Testing with faker.js","tests/random-data.spec.ts","",""
"","55","POST with HTML tag in name is rejected (400)","Chrome","Sun May 31 00:41:57 UTC 2026","passed","Sun May 31 00:41:57 UTC 2026","Security > XSS Prevention","tests/security.spec.ts","",""
"","5","Server Unit Tests DELETE /api/colors/:name returns 404 for a non-existent color","","Sun May 31 00:37:53 UTC 2026","passed","Sun May 31 00:37:53 UTC 2026","","Server Unit Tests","Server Unit Tests DELETE /api/colors/:name returns 404 for a non-existent color",""
"","25","Component Tests ColorPicker mousedown at top-center (hue=270) sets hex to #8000ff","","Sun May 31 00:38:13 UTC 2026","passed","Sun May 31 00:38:13 UTC 2026","","Utility Functions","Component Tests ColorPicker mousedown at top-center (hue=270) sets hex to #8000ff",""
"","5","Server Unit Tests DELETE /api/colors/:name cannot delete the same color twice","","Sun May 31 00:37:53 UTC 2026","passed","Sun May 31 00:37:53 UTC 2026","","Server Unit Tests","Server Unit Tests DELETE /api/colors/:name cannot delete the same color twice",""
"","13","Server Integration Tests (Testcontainers) PUT /api/colors/:name should update the hex of an existing color and persist it in the real database","","Sun May 31 00:38:00 UTC 2026","passed","Sun May 31 00:38:00 UTC 2026","","Server Integration Tests (Testcontainers)","Server Integration Tests (Testcontainers) PUT /api/colors/:name should update the hex of an existing color and persist it in the real database",""
"","11","Server Integration Tests (Testcontainers) GET /api/colors should not expose _id or __v fields","","Sun May 31 00:38:00 UTC 2026","passed","Sun May 31 00:38:00 UTC 2026","","Server Integration Tests (Testcontainers)","Server Integration Tests (Testcontainers) GET /api/colors should not expose _id or __v fields",""
"","6","Server Integration Tests (Testcontainers) POST /api/colors should return 400 when extra fields are provided","","Sun May 31 00:38:00 UTC 2026","passed","Sun May 31 00:38:00 UTC 2026","","Server Integration Tests (Testcontainers)","Server Integration Tests (Testcontainers) POST /api/colors should return 400 when extra fields are provided",""
"","6","Server Unit Tests 405 Method Not Allowed does not return 405 for allowed PUT method on /api/colors/:name","","Sun May 31 00:37:53 UTC 2026","passed","Sun May 31 00:37:53 UTC 2026","","Server Unit Tests","Server Unit Tests 405 Method Not Allowed does not return 405 for allowed PUT method on /api/colors/:name",""
"","7","Server Integration Tests (Testcontainers) GET /api/colors/:name should return correct data for Yellow","","Sun May 31 00:38:00 UTC 2026","passed","Sun May 31 00:38:00 UTC 2026","","Server Integration Tests (Testcontainers)","Server Integration Tests (Testcontainers) GET /api/colors/:name should return correct data for Yellow",""
"","1705","successfully adds a new color and shows its chip","Chrome","Sun May 31 00:42:11 UTC 2026","passed","Sun May 31 00:42:13 UTC 2026","Color Management — Add & Delete","tests/color-management.spec.ts","",""
"","11","Server Integration Tests (Testcontainers) Concurrent writes should handle parallel GETs without errors","","Sun May 31 00:38:00 UTC 2026","passed","Sun May 31 00:38:00 UTC 2026","","Server Integration Tests (Testcontainers)","Server Integration Tests (Testcontainers) Concurrent writes should handle parallel GETs without errors",""
"Performance Test: UI Performance Test
File: ui-performance.spec.ts
Total Iterations: 1
Max VUs: 1

HTTP Request Duration:
- Avg: 3.39ms
- P(95): 3.39ms
- Max: 3.39ms

Full metrics attached in the results.","38347","UI Performance Test","Performance","Sun May 31 00:40:39 UTC 2026","passed","Sun May 31 00:41:18 UTC 2026","ui-performance.spec.ts","UI Performance Test","",""
"","9","Server Unit Tests Surviving Mutants & Edge Cases Allowed Methods kills mutants in allowedMethods object","","Sun May 31 00:37:53 UTC 2026","passed","Sun May 31 00:37:53 UTC 2026","","Server Unit Tests","Server Unit Tests Surviving Mutants & Edge Cases Allowed Methods kills mutants in allowedMethods object",""
"","1","Utility Functions hexToRgb returns null for invalid input","","Sun May 31 00:38:13 UTC 2026","passed","Sun May 31 00:38:13 UTC 2026","","Utility Functions","Utility Functions hexToRgb returns null for invalid input",""
"","6","Server Integration Tests (Testcontainers) POST /api/reseed should return 401 when Authorization header is missing","","Sun May 31 00:38:00 UTC 2026","passed","Sun May 31 00:38:00 UTC 2026","","Server Integration Tests (Testcontainers)","Server Integration Tests (Testcontainers) POST /api/reseed should return 401 when Authorization header is missing",""
"","16","Frontend Unit Tests App Component labelFor falls back to color name for unknown/custom color","","Sun May 31 00:38:13 UTC 2026","passed","Sun May 31 00:38:13 UTC 2026","","Frontend Unit Tests","Frontend Unit Tests App Component labelFor falls back to color name for unknown/custom color",""
"","5","Server Unit Tests POST /api/colors returns 409 for a duplicate color name with descriptive error","","Sun May 31 00:37:53 UTC 2026","passed","Sun May 31 00:37:53 UTC 2026","","Server Unit Tests","Server Unit Tests POST /api/colors returns 409 for a duplicate color name with descriptive error",""
"","23","GET /api/colors should return colors sorted alphabetically by name","Chrome","Sun May 31 00:42:09 UTC 2026","passed","Sun May 31 00:42:09 UTC 2026","Backend API Integration","","",""
"","35","Component Tests ConfirmDialog confirm button calls onConfirm","","Sun May 31 00:38:13 UTC 2026","passed","Sun May 31 00:38:13 UTC 2026","","Component Tests","Component Tests ConfirmDialog confirm button calls onConfirm",""
"Performance Test: API Performance Test
File: api-performance.spec.ts
Total Iterations: 1
Max VUs: 1

HTTP Request Duration:
- Avg: 5.83ms
- P(95): 13.35ms
- Max: 15.52ms

Full metrics attached in the results.","2673","API Performance Test","Performance","Sun May 31 00:39:28 UTC 2026","passed","Sun May 31 00:39:31 UTC 2026","api-performance.spec.ts","API Performance Test","",""
"","0","Utility Functions hslToRgb lightness clamped: l=1.5 gives white","","Sun May 31 00:38:13 UTC 2026","passed","Sun May 31 00:38:13 UTC 2026","","Utility Functions","Utility Functions hslToRgb lightness clamped: l=1.5 gives white",""
"","4","Server Unit Tests POST /api/colors rejects names with the + character (+ encodes as space in URLs, causing lookup mismatches)","","Sun May 31 00:37:53 UTC 2026","passed","Sun May 31 00:37:53 UTC 2026","","Server Unit Tests","Server Unit Tests POST /api/colors rejects names with the + character (+ encodes as space in URLs, causing lookup mismatches)",""
"","10","Server Integration Tests (Testcontainers) GET /api/colors/:name should not expose _id or __v fields","","Sun May 31 00:38:00 UTC 2026","passed","Sun May 31 00:38:00 UTC 2026","","Server Integration Tests (Testcontainers)","Server Integration Tests (Testcontainers) GET /api/colors/:name should not expose _id or __v fields",""
"","3","Utility Functions hslToRgb hue=0 (red) → [255,0,0]","","Sun May 31 00:38:13 UTC 2026","passed","Sun May 31 00:38:13 UTC 2026","","Utility Functions","Utility Functions hslToRgb hue=0 (red) → [255,0,0]",""
"","52","Frontend Unit Tests App Component renders title, logo, and calls initial fetch","","Sun May 31 00:38:13 UTC 2026","passed","Sun May 31 00:38:13 UTC 2026","","Frontend Unit Tests","Frontend Unit Tests App Component renders title, logo, and calls initial fetch",""
"","52","Frontend Unit Tests App Component saving is false again after a failed add (finally block)","","Sun May 31 00:38:13 UTC 2026","passed","Sun May 31 00:38:13 UTC 2026","","Frontend Unit Tests","Frontend Unit Tests App Component saving is false again after a failed add (finally block)",""
"","1019","clicking the backdrop closes the picker","Chrome","Sun May 31 00:42:11 UTC 2026","passed","Sun May 31 00:42:12 UTC 2026","Color Management — Add & Delete","tests/color-management.spec.ts","",""
"","8","Component Tests ConfirmDialog clicking the card itself does NOT call onCancel","","Sun May 31 00:38:13 UTC 2026","passed","Sun May 31 00:38:13 UTC 2026","","Component Tests","Component Tests ConfirmDialog clicking the card itself does NOT call onCancel",""
"","5","Server Unit Tests Middleware returns 413 for payload too large","","Sun May 31 00:37:53 UTC 2026","passed","Sun May 31 00:37:53 UTC 2026","","Server Unit Tests","Server Unit Tests Middleware returns 413 for payload too large",""
"","28","Server Unit Tests Surviving Mutants & Edge Cases Strict Path & Method Validation kills allowedMethods mutants by exhaustive testing","","Sun May 31 00:37:53 UTC 2026","passed","Sun May 31 00:37:53 UTC 2026","","Server Unit Tests","Server Unit Tests Surviving Mutants & Edge Cases Strict Path & Method Validation kills allowedMethods mutants by exhaustive testing",""
"","277","Server Unit Tests Surviving Mutants & Edge Cases Port Fallback uses default PORT 5001 when process.env.PORT is missing","","Sun May 31 00:37:53 UTC 2026","passed","Sun May 31 00:37:53 UTC 2026","","Server Unit Tests","Server Unit Tests Surviving Mutants & Edge Cases Port Fallback uses default PORT 5001 when process.env.PORT is missing",""
"","38","should create a new color with valid schema","Chrome","Sun May 31 00:42:09 UTC 2026","passed","Sun May 31 00:42:09 UTC 2026","Backend API Integration > POST /api/colors Schema Validation","","",""
"","5","Server Unit Tests 405 Method Not Allowed does not return 405 for allowed GET method on /api/colors/:name","","Sun May 31 00:37:53 UTC 2026","passed","Sun May 31 00:37:53 UTC 2026","","Server Unit Tests","Server Unit Tests 405 Method Not Allowed does not return 405 for allowed GET method on /api/colors/:name",""
"","16","POST with script tag in name is rejected (400)","Chrome","Sun May 31 00:41:57 UTC 2026","passed","Sun May 31 00:41:57 UTC 2026","Security > XSS Prevention","tests/security.spec.ts","",""
"","0","Utility Functions rgbToHex value 15 pads to 0f","","Sun May 31 00:38:13 UTC 2026","passed","Sun May 31 00:38:13 UTC 2026","","Utility Functions","Utility Functions rgbToHex value 15 pads to 0f",""
"","5","Server Integration Tests (Testcontainers) PUT /api/colors/:name should return 400 for invalid name in URL path","","Sun May 31 00:38:00 UTC 2026","passed","Sun May 31 00:38:00 UTC 2026","","Server Integration Tests (Testcontainers)","Server Integration Tests (Testcontainers) PUT /api/colors/:name should return 400 for invalid name in URL path",""
"","1","Frontend Unit Tests i18n Configuration should have defined resources for en, es, el","","Sun May 31 00:38:15 UTC 2026","passed","Sun May 31 00:38:15 UTC 2026","","Frontend Unit Tests","Frontend Unit Tests i18n Configuration should have defined resources for en, es, el",""
"","4","Server Unit Tests POST /api/reseed returns 405 for GET on /api/reseed","","Sun May 31 00:37:53 UTC 2026","passed","Sun May 31 00:37:53 UTC 2026","","Server Unit Tests","Server Unit Tests POST /api/reseed returns 405 for GET on /api/reseed",""
"","26","Component Tests ConfirmDialog cancel button calls onCancel","","Sun May 31 00:38:13 UTC 2026","passed","Sun May 31 00:38:13 UTC 2026","","Component Tests","Component Tests ConfirmDialog cancel button calls onCancel",""
"","42","Frontend Unit Tests App Component add color network error shows network error message","","Sun May 31 00:38:13 UTC 2026","passed","Sun May 31 00:38:13 UTC 2026","","Frontend Unit Tests","Frontend Unit Tests App Component add color network error shows network error message",""
"","3","Server Unit Tests POST /api/reseed returns 401 when Authorization header is missing","","Sun May 31 00:37:53 UTC 2026","passed","Sun May 31 00:37:53 UTC 2026","","Server Unit Tests","Server Unit Tests POST /api/reseed returns 401 when Authorization header is missing",""
"","23","Component Tests ColorPicker valid submit calls onConfirm with trimmed name and current hex","","Sun May 31 00:38:13 UTC 2026","passed","Sun May 31 00:38:13 UTC 2026","","Utility Functions","Component Tests ColorPicker valid submit calls onConfirm with trimmed name and current hex",""
"","4","Component Tests ConfirmDialog Enter key does NOT call onConfirm when busy","","Sun May 31 00:38:13 UTC 2026","passed","Sun May 31 00:38:13 UTC 2026","","Component Tests","Component Tests ConfirmDialog Enter key does NOT call onConfirm when busy",""
"","3","Server Unit Tests POST /api/reseed returns 401 when RESEED_API_TOKEN is not configured","","Sun May 31 00:37:53 UTC 2026","passed","Sun May 31 00:37:53 UTC 2026","","Server Unit Tests","Server Unit Tests POST /api/reseed returns 401 when RESEED_API_TOKEN is not configured",""
"","0","homepage after color change","Chrome","Sun May 31 00:44:35 UTC 2026","skipped","Sun May 31 00:44:35 UTC 2026","Percy Visual Regression – Production > Percy – mobile (375×667)","","",""
"","2410","should maintain accessibility after state change (color update)","Chrome","Sun May 31 00:41:57 UTC 2026","passed","Sun May 31 00:41:59 UTC 2026","Accessibility Tests","tests/a11y.spec.ts","",""
"","0","Utility Functions hslToRgb hue=360 wraps to hue=0 → [255,0,0]","","Sun May 31 00:38:13 UTC 2026","passed","Sun May 31 00:38:13 UTC 2026","","Utility Functions","Utility Functions hslToRgb hue=360 wraps to hue=0 → [255,0,0]",""
"","1083","Color button remains functional after switching language","BDD","Sun May 31 00:42:17 UTC 2026","passed","Sun May 31 00:42:18 UTC 2026","Language Switching","","",""
"","27","Frontend Unit Tests App Component shows add-color button even when colors are empty","","Sun May 31 00:38:13 UTC 2026","passed","Sun May 31 00:38:13 UTC 2026","","Frontend Unit Tests","Frontend Unit Tests App Component shows add-color button even when colors are empty",""
"","701","Background stays unchanged when fetching a specific color fails","BDD","Sun May 31 00:42:14 UTC 2026","passed","Sun May 31 00:42:15 UTC 2026","API Error Handling","","",""
"","6","Server Unit Tests Surviving Mutants & Edge Cases Rate Limiting & Security kills mutants by verifying x-powered-by is removed","","Sun May 31 00:37:53 UTC 2026","passed","Sun May 31 00:37:53 UTC 2026","","Server Unit Tests","Server Unit Tests Surviving Mutants & Edge Cases Rate Limiting & Security kills mutants by verifying x-powered-by is removed",""
"","738","Escape key closes the confirm dialog","Chrome","Sun May 31 00:42:16 UTC 2026","passed","Sun May 31 00:42:16 UTC 2026","Color Management — Add & Delete","tests/color-management.spec.ts","",""
"","7","Server Integration Tests (Testcontainers) GET /api/colors/:name should return 400 for invalid name format","","Sun May 31 00:38:00 UTC 2026","passed","Sun May 31 00:38:00 UTC 2026","","Server Integration Tests (Testcontainers)","Server Integration Tests (Testcontainers) GET /api/colors/:name should return 400 for invalid name format",""
"","5","Server Integration Tests (Testcontainers) DELETE /api/colors/:name should return 400 for invalid name format","","Sun May 31 00:38:00 UTC 2026","passed","Sun May 31 00:38:00 UTC 2026","","Server Integration Tests (Testcontainers)","Server Integration Tests (Testcontainers) DELETE /api/colors/:name should return 400 for invalid name format",""
"","22","Component Tests ColorPicker submit with duplicate name (client-side) shows duplicate error","","Sun May 31 00:38:13 UTC 2026","passed","Sun May 31 00:38:13 UTC 2026","","Utility Functions","Component Tests ColorPicker submit with duplicate name (client-side) shows duplicate error",""
"","4","Server Unit Tests OpenAPI endpoints serves the OpenAPI JSON spec with exact metadata","","Sun May 31 00:37:53 UTC 2026","passed","Sun May 31 00:37:53 UTC 2026","","Server Unit Tests","Server Unit Tests OpenAPI endpoints serves the OpenAPI JSON spec with exact metadata",""
"","29","Component Tests ColorPicker mousedown at left-center (hue=180) sets hex to #00ffff","","Sun May 31 00:38:13 UTC 2026","passed","Sun May 31 00:38:13 UTC 2026","","Utility Functions","Component Tests ColorPicker mousedown at left-center (hue=180) sets hex to #00ffff",""
"","0","Utility Functions hslToRgb low lightness l=0.25 → [128,0,0]","","Sun May 31 00:38:13 UTC 2026","passed","Sun May 31 00:38:13 UTC 2026","","Utility Functions","Utility Functions hslToRgb low lightness l=0.25 → [128,0,0]",""
"","40","Frontend Unit Tests App Component confirm dialog Escape key closes it","","Sun May 31 00:38:13 UTC 2026","passed","Sun May 31 00:38:13 UTC 2026","","Frontend Unit Tests","Frontend Unit Tests App Component confirm dialog Escape key closes it",""
"","64","Frontend Unit Tests App Component picker onCancel does nothing when saving=true","","Sun May 31 00:38:13 UTC 2026","passed","Sun May 31 00:38:13 UTC 2026","","Frontend Unit Tests","Frontend Unit Tests App Component picker onCancel does nothing when saving=true",""
"","71","GET /api/colors/{name}","","","passed","","","schemathesis","",""
"","845","Example #1","BDD","Sun May 31 00:42:14 UTC 2026","passed","Sun May 31 00:42:15 UTC 2026","Home Page Background Color > Change background color","","",""
"","4","Server Unit Tests OpenAPI endpoints has exact application/json content-type","","Sun May 31 00:37:53 UTC 2026","passed","Sun May 31 00:37:53 UTC 2026","","Server Unit Tests","Server Unit Tests OpenAPI endpoints has exact application/json content-type",""
"","44","Frontend Unit Tests App Component first loaded color is active (aria-pressed=true)","","Sun May 31 00:38:13 UTC 2026","passed","Sun May 31 00:38:13 UTC 2026","","Frontend Unit Tests","Frontend Unit Tests App Component first loaded color is active (aria-pressed=true)",""
"","6","Server Integration Tests (Testcontainers) POST /api/colors should return 400 when name is missing","","Sun May 31 00:38:00 UTC 2026","passed","Sun May 31 00:38:00 UTC 2026","","Server Integration Tests (Testcontainers)","Server Integration Tests (Testcontainers) POST /api/colors should return 400 when name is missing",""
"","7","array body on POST returns 400","Chrome","Sun May 31 00:41:59 UTC 2026","passed","Sun May 31 00:41:59 UTC 2026","Security > Input Validation","tests/security.spec.ts","",""
"","1","Utility Functions rgbToHsl round-trip hslToRgb→rgbToHsl preserves hue for all sectors","","Sun May 31 00:38:13 UTC 2026","passed","Sun May 31 00:38:13 UTC 2026","","Utility Functions","Utility Functions rgbToHsl round-trip hslToRgb→rgbToHsl preserves hue for all sectors",""
"","0","homepage after color change","Chrome","Sun May 31 00:44:35 UTC 2026","skipped","Sun May 31 00:44:35 UTC 2026","Percy Visual Regression – Production > Percy – desktop (1280×720)","","",""
"","4","Component Tests ConfirmDialog title is rendered in the element with id confirm-title","","Sun May 31 00:38:13 UTC 2026","passed","Sun May 31 00:38:13 UTC 2026","","Component Tests","Component Tests ConfirmDialog title is rendered in the element with id confirm-title",""
"","1","Utility Functions paintWheelPixel wraps negative angle: dy<0 gives angle+360 (hue=270 → violet)","","Sun May 31 00:38:13 UTC 2026","passed","Sun May 31 00:38:13 UTC 2026","","Utility Functions","Utility Functions paintWheelPixel wraps negative angle: dy<0 gives angle+360 (hue=270 → violet)",""
"","7","error responses return JSON, not HTML (no info leakage)","Chrome","Sun May 31 00:41:59 UTC 2026","passed","Sun May 31 00:41:59 UTC 2026","Security > Security Headers","tests/security.spec.ts","",""
"","9","should reject omitting both name and hex on update","Chrome","Sun May 31 00:42:10 UTC 2026","passed","Sun May 31 00:42:10 UTC 2026","Backend API Integration > PUT /api/colors/:name Schema Validation","","",""
"","1","Utility Functions hslToRgb high lightness l=0.75 → [255,128,128]","","Sun May 31 00:38:13 UTC 2026","passed","Sun May 31 00:38:13 UTC 2026","","Utility Functions","Utility Functions hslToRgb high lightness l=0.75 → [255,128,128]",""
"","46","Frontend Unit Tests App Component deleting a non-active color keeps the current background","","Sun May 31 00:38:13 UTC 2026","passed","Sun May 31 00:38:13 UTC 2026","","Frontend Unit Tests","Frontend Unit Tests App Component deleting a non-active color keeps the current background",""
"","3","Server Unit Tests PUT /api/colors/:name returns 400 when no fields are provided (empty body)","","Sun May 31 00:37:53 UTC 2026","passed","Sun May 31 00:37:53 UTC 2026","","Server Unit Tests","Server Unit Tests PUT /api/colors/:name returns 400 when no fields are provided (empty body)",""
"","8","Server Integration Tests (Testcontainers) GET /api/colors/:name should return correct data for Red","","Sun May 31 00:38:00 UTC 2026","passed","Sun May 31 00:38:00 UTC 2026","","Server Integration Tests (Testcontainers)","Server Integration Tests (Testcontainers) GET /api/colors/:name should return correct data for Red",""
"","45","Frontend Unit Tests App Component learn react link has correct text","","Sun May 31 00:38:13 UTC 2026","passed","Sun May 31 00:38:13 UTC 2026","","Frontend Unit Tests","Frontend Unit Tests App Component learn react link has correct text",""
"","120","Frontend Unit Tests App Component handleColorClick does nothing when data is null","","Sun May 31 00:38:13 UTC 2026","passed","Sun May 31 00:38:13 UTC 2026","","Frontend Unit Tests","Frontend Unit Tests App Component handleColorClick does nothing when data is null",""
"","17","Server Integration Tests (Testcontainers) seedDatabase should clear custom colors when re-seeded","","Sun May 31 00:38:00 UTC 2026","passed","Sun May 31 00:38:00 UTC 2026","","Server Integration Tests (Testcontainers)","Server Integration Tests (Testcontainers) seedDatabase should clear custom colors when re-seeded",""
"","1353","should display all core elements and handle button interaction","Chrome","Sun May 31 00:44:33 UTC 2026","passed","Sun May 31 00:44:35 UTC 2026","Responsive Design – tablet (768×1024)","","",""
"","6","Server Unit Tests Surviving Mutants & Edge Cases Rate Limiting & Security kills mutants by verifying x-ratelimit headers","","Sun May 31 00:37:53 UTC 2026","passed","Sun May 31 00:37:53 UTC 2026","","Server Unit Tests","Server Unit Tests Surviving Mutants & Edge Cases Rate Limiting & Security kills mutants by verifying x-ratelimit headers",""
"","9","Server Integration Tests (Testcontainers) POST /api/reseed should return 405 for GET on /api/reseed","","Sun May 31 00:38:00 UTC 2026","passed","Sun May 31 00:38:00 UTC 2026","","Server Integration Tests (Testcontainers)","Server Integration Tests (Testcontainers) POST /api/reseed should return 405 for GET on /api/reseed",""
"","5","Server Unit Tests POST /api/colors returns 400 for completely empty body","","Sun May 31 00:37:53 UTC 2026","passed","Sun May 31 00:37:53 UTC 2026","","Server Unit Tests","Server Unit Tests POST /api/colors returns 400 for completely empty body",""
"","1145","shows server-error message on 500 inside the picker","Chrome","Sun May 31 00:42:14 UTC 2026","passed","Sun May 31 00:42:15 UTC 2026","Color Management — Add & Delete","tests/color-management.spec.ts","",""
"","6","Component Tests ColorPicker serverError banner is absent when serverError is null","","Sun May 31 00:38:13 UTC 2026","passed","Sun May 31 00:38:13 UTC 2026","","Utility Functions","Component Tests ColorPicker serverError banner is absent when serverError is null",""
"","0","Utility Functions rgbToHex output is lowercase","","Sun May 31 00:38:13 UTC 2026","passed","Sun May 31 00:38:13 UTC 2026","","Utility Functions","Utility Functions rgbToHex output is lowercase",""
"","5","Server Unit Tests POST /api/colors returns 400 when name is missing","","Sun May 31 00:37:53 UTC 2026","passed","Sun May 31 00:37:53 UTC 2026","","Server Unit Tests","Server Unit Tests POST /api/colors returns 400 when name is missing",""
"","10","Server Integration Tests (Testcontainers) seedDatabase should be idempotent — calling twice always yields exactly 3 colors","","Sun May 31 00:38:00 UTC 2026","passed","Sun May 31 00:38:00 UTC 2026","","Server Integration Tests (Testcontainers)","Server Integration Tests (Testcontainers) seedDatabase should be idempotent — calling twice always yields exactly 3 colors",""
"","3","Server Unit Tests 405 Method Not Allowed returns 405 for PATCH on /api/colors","","Sun May 31 00:37:53 UTC 2026","passed","Sun May 31 00:37:53 UTC 2026","","Server Unit Tests","Server Unit Tests 405 Method Not Allowed returns 405 for PATCH on /api/colors",""
"","22","Component Tests ColorPicker touchmove while dragging updates hex","","Sun May 31 00:38:13 UTC 2026","passed","Sun May 31 00:38:13 UTC 2026","","Utility Functions","Component Tests ColorPicker touchmove while dragging updates hex",""
"","1","Utility Functions rgbToHsl pure red → h=0, s=1, l=0.5","","Sun May 31 00:38:13 UTC 2026","passed","Sun May 31 00:38:13 UTC 2026","","Utility Functions","Utility Functions rgbToHsl pure red → h=0, s=1, l=0.5",""
"","0","Utility Functions hslToRgb hue=120 (green) → [0,255,0]","","Sun May 31 00:38:13 UTC 2026","passed","Sun May 31 00:38:13 UTC 2026","","Utility Functions","Utility Functions hslToRgb hue=120 (green) → [0,255,0]",""
"","1","Utility Functions hslToRgb lightness clamped: l=-0.5 gives black","","Sun May 31 00:38:13 UTC 2026","passed","Sun May 31 00:38:13 UTC 2026","","Utility Functions","Utility Functions hslToRgb lightness clamped: l=-0.5 gives black",""
"","0","Utility Functions hslToRgb hue=240 (blue) → [0,0,255]","","Sun May 31 00:38:13 UTC 2026","passed","Sun May 31 00:38:13 UTC 2026","","Utility Functions","Utility Functions hslToRgb hue=240 (blue) → [0,0,255]",""
"","39","Server Unit Tests GET /api/colors returns all seeded colors with correct names and hex values","","Sun May 31 00:37:53 UTC 2026","passed","Sun May 31 00:37:53 UTC 2026","","Server Unit Tests","Server Unit Tests GET /api/colors returns all seeded colors with correct names and hex values",""
"","0","homepage initial state","Chrome","Sun May 31 00:44:35 UTC 2026","skipped","Sun May 31 00:44:35 UTC 2026","Percy Visual Regression – Production > Percy – tablet (768×1024)","","",""
"","8147","should meet the accessibility threshold using Google Lighthouse","Chrome","Sun May 31 00:42:01 UTC 2026","passed","Sun May 31 00:42:09 UTC 2026","Accessibility Tests","tests/a11y.spec.ts","",""
"","44","Frontend Unit Tests App Component add color 409 fallback message when data.error is absent","","Sun May 31 00:38:13 UTC 2026","passed","Sun May 31 00:38:13 UTC 2026","","Frontend Unit Tests","Frontend Unit Tests App Component add color 409 fallback message when data.error is absent",""
"","0","mobile color picker workflow","Chrome","Sun May 31 00:44:35 UTC 2026","skipped","Sun May 31 00:44:35 UTC 2026","Percy Visual Regression – Production > Percy – Mobile Interactions","","",""
"","5","Server Unit Tests PUT /api/colors/:name returns 404 for a non-existent color","","Sun May 31 00:37:53 UTC 2026","passed","Sun May 31 00:37:53 UTC 2026","","Server Unit Tests","Server Unit Tests PUT /api/colors/:name returns 404 for a non-existent color",""
"","9","Component Tests ColorPicker wheel cursor is at (110,110) at center (sat=0)","","Sun May 31 00:38:13 UTC 2026","passed","Sun May 31 00:38:13 UTC 2026","","Utility Functions","Component Tests ColorPicker wheel cursor is at (110,110) at center (sat=0)",""
"","13","Component Tests ColorPicker Add color button shows ""Saving…"" when saving=true","","Sun May 31 00:38:13 UTC 2026","passed","Sun May 31 00:38:13 UTC 2026","","Utility Functions","Component Tests ColorPicker Add color button shows ""Saving…"" when saving=true",""
"","41","should update a color with valid schema","Chrome","Sun May 31 00:42:10 UTC 2026","passed","Sun May 31 00:42:10 UTC 2026","Backend API Integration > PUT /api/colors/:name Schema Validation","","",""
"","47","Frontend Unit Tests App Component add color 429 rate limit shows specific message","","Sun May 31 00:38:13 UTC 2026","passed","Sun May 31 00:38:13 UTC 2026","","Frontend Unit Tests","Frontend Unit Tests App Component add color 429 rate limit shows specific message",""
"","4","Server Unit Tests GET /api/colors/:name returns 400 for invalid name in path (regex check)","","Sun May 31 00:37:53 UTC 2026","passed","Sun May 31 00:37:53 UTC 2026","","Server Unit Tests","Server Unit Tests GET /api/colors/:name returns 400 for invalid name in path (regex check)",""
"","8","X-Powered-By header is not exposed","Chrome","Sun May 31 00:41:59 UTC 2026","passed","Sun May 31 00:41:59 UTC 2026","Security > Security Headers","tests/security.spec.ts","",""
"","0","Utility Functions readableOn returns #fff for black (very dark, L≈0)","","Sun May 31 00:38:13 UTC 2026","passed","Sun May 31 00:38:13 UTC 2026","","Utility Functions","Utility Functions readableOn returns #fff for black (very dark, L≈0)",""
"","10","Server Unit Tests POST /api/reseed returns 200 and reseeds the database with a valid token","","Sun May 31 00:37:53 UTC 2026","passed","Sun May 31 00:37:53 UTC 2026","","Server Unit Tests","Server Unit Tests POST /api/reseed returns 200 and reseeds the database with a valid token",""
"","3","Server Unit Tests Error Handling seedDatabase logs error and re-throws when database fails","","Sun May 31 00:37:53 UTC 2026","passed","Sun May 31 00:37:53 UTC 2026","","Server Unit Tests","Server Unit Tests Error Handling seedDatabase logs error and re-throws when database fails",""
"","0","Utility Functions rgbToHsl white [255,255,255] → h=0, s=0, l=1","","Sun May 31 00:38:13 UTC 2026","passed","Sun May 31 00:38:13 UTC 2026","","Utility Functions","Utility Functions rgbToHsl white [255,255,255] → h=0, s=0, l=1",""
"","22","Frontend Unit Tests App Component link color is light (#cfe8ff) on dark background","","Sun May 31 00:38:13 UTC 2026","passed","Sun May 31 00:38:13 UTC 2026","","Frontend Unit Tests","Frontend Unit Tests App Component link color is light (#cfe8ff) on dark background",""
"","23","Server Unit Tests POST /api/colors creates a new color and returns 201 with correct body","","Sun May 31 00:37:53 UTC 2026","passed","Sun May 31 00:37:53 UTC 2026","","Server Unit Tests","Server Unit Tests POST /api/colors creates a new color and returns 201 with correct body",""
"","66","Frontend Unit Tests App Component handles non-array initial fetch response gracefully","","Sun May 31 00:38:13 UTC 2026","passed","Sun May 31 00:38:13 UTC 2026","","Frontend Unit Tests","Frontend Unit Tests App Component handles non-array initial fetch response gracefully",""
"","4","Server Unit Tests Middleware includes CORS headers","","Sun May 31 00:37:53 UTC 2026","passed","Sun May 31 00:37:53 UTC 2026","","Server Unit Tests","Server Unit Tests Middleware includes CORS headers",""
"","294","Server Unit Tests Surviving Mutants & Edge Cases Infrastructure uses MONGO_URI from environment if available","","Sun May 31 00:37:53 UTC 2026","passed","Sun May 31 00:37:53 UTC 2026","","Server Unit Tests","Server Unit Tests Surviving Mutants & Edge Cases Infrastructure uses MONGO_URI from environment if available",""
"","6","Server Integration Tests (Testcontainers) POST /api/colors should return 400 when hex is missing","","Sun May 31 00:38:00 UTC 2026","passed","Sun May 31 00:38:00 UTC 2026","","Server Integration Tests (Testcontainers)","Server Integration Tests (Testcontainers) POST /api/colors should return 400 when hex is missing",""
"","0","Utility Functions rgbToHsl r max, g>0, b=0 → h in (0,60)","","Sun May 31 00:38:13 UTC 2026","passed","Sun May 31 00:38:13 UTC 2026","","Utility Functions","Utility Functions rgbToHsl r max, g>0, b=0 → h in (0,60)",""
"","33","Frontend Unit Tests App Component add color sends POST with correct method, headers, and body","","Sun May 31 00:38:13 UTC 2026","passed","Sun May 31 00:38:13 UTC 2026","","Frontend Unit Tests","Frontend Unit Tests App Component add color sends POST with correct method, headers, and body",""
"","12","Server Unit Tests GET /api/colors returns JSON content type","","Sun May 31 00:37:53 UTC 2026","passed","Sun May 31 00:37:53 UTC 2026","","Server Unit Tests","Server Unit Tests GET /api/colors returns JSON content type",""
"","10","Server Integration Tests (Testcontainers) POST /api/colors should return 400 for invalid hex format (missing #)","","Sun May 31 00:38:00 UTC 2026","passed","Sun May 31 00:38:00 UTC 2026","","Server Integration Tests (Testcontainers)","Server Integration Tests (Testcontainers) POST /api/colors should return 400 for invalid hex format (missing #)",""
"","17","Server Unit Tests Surviving Mutants & Edge Cases Regex & Validation STRICT_NAME_REGEX kills mutants on start/end/middle characters","","Sun May 31 00:37:53 UTC 2026","passed","Sun May 31 00:37:53 UTC 2026","","Server Unit Tests","Server Unit Tests Surviving Mutants & Edge Cases Regex & Validation STRICT_NAME_REGEX kills mutants on start/end/middle characters",""
"","27","GET /api/colors should return all colors","Chrome","Sun May 31 00:42:09 UTC 2026","passed","Sun May 31 00:42:09 UTC 2026","Backend API Integration","","",""
"","4","Server Unit Tests Surviving Mutants & Edge Cases Swagger Metadata & OpenAPI has exact info metadata","","Sun May 31 00:37:53 UTC 2026","passed","Sun May 31 00:37:53 UTC 2026","","Server Unit Tests","Server Unit Tests Surviving Mutants & Edge Cases Swagger Metadata & OpenAPI has exact info metadata",""
"","13","Component Tests ConfirmDialog swatch div has the correct background color","","Sun May 31 00:38:13 UTC 2026","passed","Sun May 31 00:38:13 UTC 2026","","Component Tests","Component Tests ConfirmDialog swatch div has the correct background color",""
"","1","homepage initial state","Chrome","Sun May 31 00:44:35 UTC 2026","skipped","Sun May 31 00:44:35 UTC 2026","Percy Visual Regression – Production > Percy – desktop-xl (1920×1080)","","",""
"","0","Utility Functions rgbToHex converts arbitrary color","","Sun May 31 00:38:13 UTC 2026","passed","Sun May 31 00:38:13 UTC 2026","","Utility Functions","Utility Functions rgbToHex converts arbitrary color",""
"","8","Component Tests ColorPicker pressing Escape calls onCancel","","Sun May 31 00:38:13 UTC 2026","passed","Sun May 31 00:38:13 UTC 2026","","Utility Functions","Component Tests ColorPicker pressing Escape calls onCancel",""
"","90","Frontend Unit Tests App Component confirm dialog cancel does nothing when deleting=true","","Sun May 31 00:38:13 UTC 2026","passed","Sun May 31 00:38:13 UTC 2026","","Frontend Unit Tests","Frontend Unit Tests App Component confirm dialog cancel does nothing when deleting=true",""
"","1","Utility Functions hslToRgb hue just below 60 is in sector 0, not sector 1","","Sun May 31 00:38:13 UTC 2026","passed","Sun May 31 00:38:13 UTC 2026","","Utility Functions","Utility Functions hslToRgb hue just below 60 is in sector 0, not sector 1",""
"","59","Frontend Unit Tests App Component handleColorClick encodes color name in URL","","Sun May 31 00:38:13 UTC 2026","passed","Sun May 31 00:38:13 UTC 2026","","Frontend Unit Tests","Frontend Unit Tests App Component handleColorClick encodes color name in URL",""
"","1094","cancel in confirm dialog closes it without deleting","Chrome","Sun May 31 00:42:15 UTC 2026","passed","Sun May 31 00:42:16 UTC 2026","Color Management — Add & Delete","tests/color-management.spec.ts","",""
"","0","homepage after color change","Chrome","Sun May 31 00:44:35 UTC 2026","skipped","Sun May 31 00:44:35 UTC 2026","Percy Visual Regression – Production > Percy – desktop-xl (1920×1080)","","",""
"","0","Utility Functions readableOn returns #111 for light-grey (L≈0.60, above 0.179 threshold)","","Sun May 31 00:38:13 UTC 2026","passed","Sun May 31 00:38:13 UTC 2026","","Utility Functions","Utility Functions readableOn returns #111 for light-grey (L≈0.60, above 0.179 threshold)",""
"","1141","shows 409 duplicate error from server inside the picker","Chrome","Sun May 31 00:42:14 UTC 2026","passed","Sun May 31 00:42:15 UTC 2026","Color Management — Add & Delete","tests/color-management.spec.ts","",""
"","53","Frontend Unit Tests App Component handleColorClick shows error alert on fetch failure","","Sun May 31 00:38:13 UTC 2026","passed","Sun May 31 00:38:13 UTC 2026","","Frontend Unit Tests","Frontend Unit Tests App Component handleColorClick shows error alert on fetch failure",""
"","9","Server Unit Tests GET /api/colors/:name returns a single color by name with correct fields","","Sun May 31 00:37:53 UTC 2026","passed","Sun May 31 00:37:53 UTC 2026","","Server Unit Tests","Server Unit Tests GET /api/colors/:name returns a single color by name with correct fields",""
"","8","Server Integration Tests (Testcontainers) GET /api/colors/:name should be case-sensitive (lowercase name returns 404)","","Sun May 31 00:38:00 UTC 2026","passed","Sun May 31 00:38:00 UTC 2026","","Server Integration Tests (Testcontainers)","Server Integration Tests (Testcontainers) GET /api/colors/:name should be case-sensitive (lowercase name returns 404)",""
"","12","Component Tests ColorPicker Enter key on name input triggers submit","","Sun May 31 00:38:13 UTC 2026","passed","Sun May 31 00:38:13 UTC 2026","","Utility Functions","Component Tests ColorPicker Enter key on name input triggers submit",""
"","5","Server Unit Tests POST /api/colors returns 400 for invalid hex format (too short)","","Sun May 31 00:37:53 UTC 2026","passed","Sun May 31 00:37:53 UTC 2026","","Server Unit Tests","Server Unit Tests POST /api/colors returns 400 for invalid hex format (too short)",""
"","10","Server Integration Tests (Testcontainers) seedDatabase should always restore the three default seed colors","","Sun May 31 00:38:00 UTC 2026","passed","Sun May 31 00:38:00 UTC 2026","","Server Integration Tests (Testcontainers)","Server Integration Tests (Testcontainers) seedDatabase should always restore the three default seed colors",""
"","5","Server Unit Tests 405 Method Not Allowed does not return 405 for allowed POST method on /api/colors","","Sun May 31 00:37:53 UTC 2026","passed","Sun May 31 00:37:53 UTC 2026","","Server Unit Tests","Server Unit Tests 405 Method Not Allowed does not return 405 for allowed POST method on /api/colors",""
"","0","Utility Functions hslToRgb hue=30 (orange) → [255,128,0]","","Sun May 31 00:38:13 UTC 2026","passed","Sun May 31 00:38:13 UTC 2026","","Utility Functions","Utility Functions hslToRgb hue=30 (orange) → [255,128,0]",""
"","5","Server Unit Tests GET /api/colors/:name returns Turquoise color correctly","","Sun May 31 00:37:53 UTC 2026","passed","Sun May 31 00:37:53 UTC 2026","","Server Unit Tests","Server Unit Tests GET /api/colors/:name returns Turquoise color correctly",""
"","12","Component Tests ColorPicker editing name input calls onClearError to clear server error","","Sun May 31 00:38:13 UTC 2026","passed","Sun May 31 00:38:13 UTC 2026","","Utility Functions","Component Tests ColorPicker editing name input calls onClearError to clear server error",""
"","856","homepage should match snapshot","Chrome","Sun May 31 00:44:32 UTC 2026","passed","Sun May 31 00:44:33 UTC 2026","Visual Regression – iphone-se (375×667)","","",""
"","8","NoSQL $where operator in name is rejected (400)","Chrome","Sun May 31 00:41:59 UTC 2026","passed","Sun May 31 00:41:59 UTC 2026","Security > Injection Prevention","tests/security.spec.ts","",""
"","9","Server Integration Tests (Testcontainers) DELETE /api/colors/:name should delete a color and confirm removal from the real database","","Sun May 31 00:38:00 UTC 2026","passed","Sun May 31 00:38:00 UTC 2026","","Server Integration Tests (Testcontainers)","Server Integration Tests (Testcontainers) DELETE /api/colors/:name should delete a color and confirm removal from the real database",""
"","4","Server Unit Tests POST /api/colors returns 400 for name with special characters","","Sun May 31 00:37:53 UTC 2026","passed","Sun May 31 00:37:53 UTC 2026","","Server Unit Tests","Server Unit Tests POST /api/colors returns 400 for name with special characters",""
"","822","Example #2","BDD","Sun May 31 00:42:15 UTC 2026","passed","Sun May 31 00:42:16 UTC 2026","Home Page Background Color > Change background color","","",""
"","0","Utility Functions rgbToHex converts pure green","","Sun May 31 00:38:13 UTC 2026","passed","Sun May 31 00:38:13 UTC 2026","","Utility Functions","Utility Functions rgbToHex converts pure green",""
"","493","should load the application and verify core functionality across browsers","Chrome","Sun May 31 00:42:23 UTC 2026","passed","Sun May 31 00:42:24 UTC 2026","Cross-Browser Core Functionality","","",""
"","50","Frontend Unit Tests App Component deleting the active color switches background to the first remaining","","Sun May 31 00:38:13 UTC 2026","passed","Sun May 31 00:38:13 UTC 2026","","Frontend Unit Tests","Frontend Unit Tests App Component deleting the active color switches background to the first remaining",""
"","17","should reject invalid hex format on update","Chrome","Sun May 31 00:42:10 UTC 2026","passed","Sun May 31 00:42:10 UTC 2026","Backend API Integration > PUT /api/colors/:name Schema Validation","","",""
"","49","Frontend Unit Tests App Component delete API error shows error alert without closing dialog","","Sun May 31 00:38:13 UTC 2026","passed","Sun May 31 00:38:13 UTC 2026","","Frontend Unit Tests","Frontend Unit Tests App Component delete API error shows error alert without closing dialog",""
"","1392","shows client-side ""Name is required"" when submitting empty name","Chrome","Sun May 31 00:42:12 UTC 2026","passed","Sun May 31 00:42:14 UTC 2026","Color Management — Add & Delete","tests/color-management.spec.ts","",""
"","1445","homepage should match snapshot","Chrome","Sun May 31 00:44:31 UTC 2026","passed","Sun May 31 00:44:32 UTC 2026","Visual Regression – desktop-xl (1920×1080)","","",""
"","15","Component Tests ColorPicker typing a valid hex without # prefix is accepted","","Sun May 31 00:38:13 UTC 2026","passed","Sun May 31 00:38:13 UTC 2026","","Utility Functions","Component Tests ColorPicker typing a valid hex without # prefix is accepted",""
"","747","Example #3","BDD","Sun May 31 00:42:16 UTC 2026","passed","Sun May 31 00:42:17 UTC 2026","Language Switching > Switch language and verify translated UI labels","","",""
"","8","Component Tests ColorPicker clicking inside the card does NOT call onCancel","","Sun May 31 00:38:13 UTC 2026","passed","Sun May 31 00:38:13 UTC 2026","","Utility Functions","Component Tests ColorPicker clicking inside the card does NOT call onCancel",""
"","0","Utility Functions readableOn returns #111 for an invalid/empty hex string (null rgb fallback)","","Sun May 31 00:38:13 UTC 2026","passed","Sun May 31 00:38:13 UTC 2026","","Utility Functions","Utility Functions readableOn returns #111 for an invalid/empty hex string (null rgb fallback)",""
"","27","Component Tests ConfirmDialog both buttons are disabled when busy=true","","Sun May 31 00:38:13 UTC 2026","passed","Sun May 31 00:38:13 UTC 2026","","Component Tests","Component Tests ConfirmDialog both buttons are disabled when busy=true",""
"","17","Component Tests ConfirmDialog confirmLabel prop is reflected in the button text","","Sun May 31 00:38:13 UTC 2026","passed","Sun May 31 00:38:13 UTC 2026","","Component Tests","Component Tests ConfirmDialog confirmLabel prop is reflected in the button text",""
"","14","Server Unit Tests Error Handling POST /api/colors returns 500 when database fails (findOne)","","Sun May 31 00:37:53 UTC 2026","passed","Sun May 31 00:37:53 UTC 2026","","Server Unit Tests","Server Unit Tests Error Handling POST /api/colors returns 500 when database fails (findOne)",""
"","43","Frontend Unit Tests App Component add color 400 without data.error falls back to generic message","","Sun May 31 00:38:13 UTC 2026","passed","Sun May 31 00:38:13 UTC 2026","","Frontend Unit Tests","Frontend Unit Tests App Component add color 400 without data.error falls back to generic message",""
"","1","Utility Functions paintWheelPixel paints grey at center (dx=0, dy=0, dist=0, sat=0)","","Sun May 31 00:38:13 UTC 2026","passed","Sun May 31 00:38:13 UTC 2026","","Utility Functions","Utility Functions paintWheelPixel paints grey at center (dx=0, dy=0, dist=0, sat=0)",""
"","3","Server Unit Tests Error Handling DELETE /api/colors/:name returns 500 when database fails","","Sun May 31 00:37:53 UTC 2026","passed","Sun May 31 00:37:53 UTC 2026","","Server Unit Tests","Server Unit Tests Error Handling DELETE /api/colors/:name returns 500 when database fails",""
"","5","Server Unit Tests Surviving Mutants & Edge Cases OpenAPI Content-Type has application/json content-type","","Sun May 31 00:37:53 UTC 2026","passed","Sun May 31 00:37:53 UTC 2026","","Server Unit Tests","Server Unit Tests Surviving Mutants & Edge Cases OpenAPI Content-Type has application/json content-type",""
"","16","Server Integration Tests (Testcontainers) POST /api/reseed should be idempotent — calling reseed twice always yields exactly 3 colors","","Sun May 31 00:38:00 UTC 2026","passed","Sun May 31 00:38:00 UTC 2026","","Server Integration Tests (Testcontainers)","Server Integration Tests (Testcontainers) POST /api/reseed should be idempotent — calling reseed twice always yields exactly 3 colors",""
"","2","Component Tests ConfirmDialog Enter key calls onConfirm when not busy","","Sun May 31 00:38:13 UTC 2026","passed","Sun May 31 00:38:13 UTC 2026","","Component Tests","Component Tests ConfirmDialog Enter key calls onConfirm when not busy",""
"","10","Server Integration Tests (Testcontainers) DELETE /api/colors/:name should return 404 on a second delete of the same color","","Sun May 31 00:38:00 UTC 2026","passed","Sun May 31 00:38:00 UTC 2026","","Server Integration Tests (Testcontainers)","Server Integration Tests (Testcontainers) DELETE /api/colors/:name should return 404 on a second delete of the same color",""
"","7","Server Unit Tests Surviving Mutants & Edge Cases Regex & Validation hex regex kills mutants by testing boundaries and formats","","Sun May 31 00:37:53 UTC 2026","passed","Sun May 31 00:37:53 UTC 2026","","Server Unit Tests","Server Unit Tests Surviving Mutants & Edge Cases Regex & Validation hex regex kills mutants by testing boundaries and formats",""
"","7","NoSQL operator in GET path param is rejected (400 or 404)","Chrome","Sun May 31 00:41:59 UTC 2026","passed","Sun May 31 00:41:59 UTC 2026","Security > Injection Prevention","tests/security.spec.ts","",""
"","9","Server Integration Tests (Testcontainers) PUT /api/colors/:name should update both name and hex simultaneously","","Sun May 31 00:38:00 UTC 2026","passed","Sun May 31 00:38:00 UTC 2026","","Server Integration Tests (Testcontainers)","Server Integration Tests (Testcontainers) PUT /api/colors/:name should update both name and hex simultaneously",""
"","6","PATCH /api/colors returns 405","Chrome","Sun May 31 00:41:59 UTC 2026","passed","Sun May 31 00:41:59 UTC 2026","Security > HTTP Method Restrictions","tests/security.spec.ts","",""
"","12","should return 404 when updating non-existent color","Chrome","Sun May 31 00:42:10 UTC 2026","passed","Sun May 31 00:42:10 UTC 2026","Backend API Integration > PUT /api/colors/:name Schema Validation","","",""
"","24","Component Tests ColorPicker duplicate check is case-insensitive","","Sun May 31 00:38:13 UTC 2026","passed","Sun May 31 00:38:13 UTC 2026","","Utility Functions","Component Tests ColorPicker duplicate check is case-insensitive",""
"","10","Server Integration Tests (Testcontainers) POST /api/colors should not expose _id or __v in the creation response","","Sun May 31 00:38:00 UTC 2026","passed","Sun May 31 00:38:00 UTC 2026","","Server Integration Tests (Testcontainers)","Server Integration Tests (Testcontainers) POST /api/colors should not expose _id or __v in the creation response",""
"","851","homepage should match snapshot","Chrome","Sun May 31 00:44:33 UTC 2026","passed","Sun May 31 00:44:34 UTC 2026","Visual Regression – iphone-landscape (667×375)","","",""
"","248","Component Tests ColorPicker renders the modal with title, hex preview, name and hex inputs","","Sun May 31 00:38:13 UTC 2026","passed","Sun May 31 00:38:13 UTC 2026","","Utility Functions","Component Tests ColorPicker renders the modal with title, hex preview, name and hex inputs",""
"","9","Server Integration Tests (Testcontainers) POST /api/reseed should not modify the database when token is invalid","","Sun May 31 00:38:00 UTC 2026","passed","Sun May 31 00:38:00 UTC 2026","","Server Integration Tests (Testcontainers)","Server Integration Tests (Testcontainers) POST /api/reseed should not modify the database when token is invalid",""
"","0","Utility Functions paintWheelPixel writes to the correct index offset in the array","","Sun May 31 00:38:13 UTC 2026","passed","Sun May 31 00:38:13 UTC 2026","","Utility Functions","Utility Functions paintWheelPixel writes to the correct index offset in the array",""
"","756","shows a chip for each color with a swatch, name, and delete button","Chrome","Sun May 31 00:42:08 UTC 2026","passed","Sun May 31 00:42:09 UTC 2026","Color Management — Add & Delete","tests/color-management.spec.ts","",""
"","3","Server Unit Tests 405 Method Not Allowed sets the Allow header on /api/colors/:name with correct methods","","Sun May 31 00:37:53 UTC 2026","passed","Sun May 31 00:37:53 UTC 2026","","Server Unit Tests","Server Unit Tests 405 Method Not Allowed sets the Allow header on /api/colors/:name with correct methods",""
"","23","Server Unit Tests Surviving Mutants & Edge Cases Regex & Validation STRICT_NAME_REGEX kills mutants on optionality and length","","Sun May 31 00:37:53 UTC 2026","passed","Sun May 31 00:37:53 UTC 2026","","Server Unit Tests","Server Unit Tests Surviving Mutants & Edge Cases Regex & Validation STRICT_NAME_REGEX kills mutants on optionality and length",""
"","13","should reject invalid hex format","Chrome","Sun May 31 00:42:10 UTC 2026","passed","Sun May 31 00:42:10 UTC 2026","Backend API Integration > POST /api/colors Schema Validation","","",""
"","1648","should maintain accessibility in el language and verify resilient locators","Chrome","Sun May 31 00:42:05 UTC 2026","passed","Sun May 31 00:42:07 UTC 2026","i18n Accessibility Tests","tests/a11y.spec.ts","",""
"","4","Server Unit Tests 405 Method Not Allowed sets the Allow header on /api/colors with correct methods","","Sun May 31 00:37:53 UTC 2026","passed","Sun May 31 00:37:53 UTC 2026","","Server Unit Tests","Server Unit Tests 405 Method Not Allowed sets the Allow header on /api/colors with correct methods",""
"","54","Frontend Unit Tests App Component successful delete removes the color chip","","Sun May 31 00:38:13 UTC 2026","passed","Sun May 31 00:38:13 UTC 2026","","Frontend Unit Tests","Frontend Unit Tests App Component successful delete removes the color chip",""
"","12","NoSQL injection object in name is rejected (400)","Chrome","Sun May 31 00:41:59 UTC 2026","passed","Sun May 31 00:41:59 UTC 2026","Security > Injection Prevention","tests/security.spec.ts","",""
"","3","Server Unit Tests Surviving Mutants & Edge Cases Swagger Metadata & OpenAPI has exact application/json content-type","","Sun May 31 00:37:53 UTC 2026","passed","Sun May 31 00:37:53 UTC 2026","","Server Unit Tests","Server Unit Tests Surviving Mutants & Edge Cases Swagger Metadata & OpenAPI has exact application/json content-type",""
"","4","Server Unit Tests Surviving Mutants & Edge Cases Swagger Metadata & OpenAPI has exact server metadata","","Sun May 31 00:37:53 UTC 2026","passed","Sun May 31 00:37:53 UTC 2026","","Server Unit Tests","Server Unit Tests Surviving Mutants & Edge Cases Swagger Metadata & OpenAPI has exact server metadata",""
"","20","Frontend Unit Tests App Component text color on light background is dark","","Sun May 31 00:38:13 UTC 2026","passed","Sun May 31 00:38:13 UTC 2026","","Frontend Unit Tests","Frontend Unit Tests App Component text color on light background is dark",""
"","1","Utility Functions hexToRgb parses a standard #RRGGBB hex","","Sun May 31 00:38:13 UTC 2026","passed","Sun May 31 00:38:13 UTC 2026","","Utility Functions","Utility Functions hexToRgb parses a standard #RRGGBB hex",""
"","23","Component Tests ColorPicker submit with invalid chars shows validation error","","Sun May 31 00:38:13 UTC 2026","passed","Sun May 31 00:38:13 UTC 2026","","Utility Functions","Component Tests ColorPicker submit with invalid chars shows validation error",""
"","5096","should load the application and verify core functionality across browsers","WebKit","Sun May 31 00:42:22 UTC 2026","passed","Sun May 31 00:42:27 UTC 2026","Cross-Browser Core Functionality","","",""
"","5","Server Integration Tests (Testcontainers) PUT /api/colors/:name should return 400 when update body is empty","","Sun May 31 00:38:00 UTC 2026","passed","Sun May 31 00:38:00 UTC 2026","","Server Integration Tests (Testcontainers)","Server Integration Tests (Testcontainers) PUT /api/colors/:name should return 400 when update body is empty",""
"","0","Utility Functions rgbToHsl g max with b>r (#00ff80) → h near 150","","Sun May 31 00:38:13 UTC 2026","passed","Sun May 31 00:38:13 UTC 2026","","Utility Functions","Utility Functions rgbToHsl g max with b>r (#00ff80) → h near 150",""
"","60","DELETE /api/colors/{name}","","","passed","","","schemathesis","",""
"","0","Utility Functions rgbToHsl dark red (#800000): l<0.5, s=1 (l<=0.5 saturation branch)","","Sun May 31 00:38:13 UTC 2026","passed","Sun May 31 00:38:13 UTC 2026","","Utility Functions","Utility Functions rgbToHsl dark red (#800000): l<0.5, s=1 (l<=0.5 saturation branch)",""
"","9","Component Tests ColorPicker clicking the backdrop calls onCancel","","Sun May 31 00:38:13 UTC 2026","passed","Sun May 31 00:38:13 UTC 2026","","Utility Functions","Component Tests ColorPicker clicking the backdrop calls onCancel",""
"","0","Utility Functions hslToRgb hue=180 (cyan) → [0,255,255]","","Sun May 31 00:38:13 UTC 2026","passed","Sun May 31 00:38:13 UTC 2026","","Utility Functions","Utility Functions hslToRgb hue=180 (cyan) → [0,255,255]",""
"","1265","POST /api/colors","","","passed","","","schemathesis","",""
"","19","GET /api/colors","","","passed","","","schemathesis","",""
"","33","Frontend Unit Tests App Component clicking chip-x opens confirm dialog with color name and swatch","","Sun May 31 00:38:13 UTC 2026","passed","Sun May 31 00:38:13 UTC 2026","","Frontend Unit Tests","Frontend Unit Tests App Component clicking chip-x opens confirm dialog with color name and swatch",""
"","11","Component Tests ColorPicker wheel cursor moves to (220,110) after right-edge click (hue=0, sat=1)","","Sun May 31 00:38:13 UTC 2026","passed","Sun May 31 00:38:13 UTC 2026","","Utility Functions","Component Tests ColorPicker wheel cursor moves to (220,110) after right-edge click (hue=0, sat=1)",""
"","60","Frontend Unit Tests App Component handleColorClick clears previous error on new successful click","","Sun May 31 00:38:13 UTC 2026","passed","Sun May 31 00:38:13 UTC 2026","","Frontend Unit Tests","Frontend Unit Tests App Component handleColorClick clears previous error on new successful click",""
"","5","Server Unit Tests OpenAPI endpoints serves Swagger UI as HTML","","Sun May 31 00:37:53 UTC 2026","passed","Sun May 31 00:37:53 UTC 2026","","Server Unit Tests","Server Unit Tests OpenAPI endpoints serves Swagger UI as HTML",""
"","1","Frontend Unit Tests i18n Configuration should be initialized with correct settings","","Sun May 31 00:38:15 UTC 2026","passed","Sun May 31 00:38:15 UTC 2026","","Frontend Unit Tests","Frontend Unit Tests i18n Configuration should be initialized with correct settings",""
"","5","Server Integration Tests (Testcontainers) POST /api/reseed should return 401 when token is invalid","","Sun May 31 00:38:00 UTC 2026","passed","Sun May 31 00:38:00 UTC 2026","","Server Integration Tests (Testcontainers)","Server Integration Tests (Testcontainers) POST /api/reseed should return 401 when token is invalid",""
"","7","Server Unit Tests GET /api/colors returns colors sorted alphabetically by name","","Sun May 31 00:37:53 UTC 2026","passed","Sun May 31 00:37:53 UTC 2026","","Server Unit Tests","Server Unit Tests GET /api/colors returns colors sorted alphabetically by name",""
"","3","Server Unit Tests 405 Method Not Allowed returns 405 for PATCH on /api/colors/:name","","Sun May 31 00:37:53 UTC 2026","passed","Sun May 31 00:37:53 UTC 2026","","Server Unit Tests","Server Unit Tests 405 Method Not Allowed returns 405 for PATCH on /api/colors/:name",""
"","46","Server Integration Tests (Testcontainers) GET /api/colors should retrieve all seeded colors","","Sun May 31 00:38:00 UTC 2026","passed","Sun May 31 00:38:00 UTC 2026","","Server Integration Tests (Testcontainers)","Server Integration Tests (Testcontainers) GET /api/colors should retrieve all seeded colors",""
"","67","Frontend Unit Tests App Component useEffect runs only once on mount","","Sun May 31 00:38:13 UTC 2026","passed","Sun May 31 00:38:13 UTC 2026","","Frontend Unit Tests","Frontend Unit Tests App Component useEffect runs only once on mount",""
"","18","Component Tests ColorPicker mousedown outside circle clamps sat to 1","","Sun May 31 00:38:13 UTC 2026","passed","Sun May 31 00:38:13 UTC 2026","","Utility Functions","Component Tests ColorPicker mousedown outside circle clamps sat to 1",""
"","9","Server Unit Tests PUT /api/colors/:name updates the name of an existing color and preserves hex","","Sun May 31 00:37:53 UTC 2026","passed","Sun May 31 00:37:53 UTC 2026","","Server Unit Tests","Server Unit Tests PUT /api/colors/:name updates the name of an existing color and preserves hex",""
"","4","Server Unit Tests Surviving Mutants & Edge Cases Mongoose Schema & Persistence kills empty schema mutant by verifying field persistence","","Sun May 31 00:37:53 UTC 2026","passed","Sun May 31 00:37:53 UTC 2026","","Server Unit Tests","Server Unit Tests Surviving Mutants & Edge Cases Mongoose Schema & Persistence kills empty schema mutant by verifying field persistence",""
"","4","Server Unit Tests POST /api/colors returns 400 for name with only spaces","","Sun May 31 00:37:53 UTC 2026","passed","Sun May 31 00:37:53 UTC 2026","","Server Unit Tests","Server Unit Tests POST /api/colors returns 400 for name with only spaces",""
"","4","Server Unit Tests Middleware handles non-JSON content type gracefully on POST","","Sun May 31 00:37:53 UTC 2026","passed","Sun May 31 00:37:53 UTC 2026","","Server Unit Tests","Server Unit Tests Middleware handles non-JSON content type gracefully on POST",""
"","12","should reject updating with empty name","Chrome","Sun May 31 00:42:10 UTC 2026","passed","Sun May 31 00:42:10 UTC 2026","Backend API Integration > PUT /api/colors/:name Schema Validation","","",""
"","784","clicking ""+ Add color"" opens the picker modal","Chrome","Sun May 31 00:42:09 UTC 2026","passed","Sun May 31 00:42:10 UTC 2026","Color Management — Add & Delete","tests/color-management.spec.ts","",""
"","19","should reject missing hex","Chrome","Sun May 31 00:42:10 UTC 2026","passed","Sun May 31 00:42:10 UTC 2026","Backend API Integration > POST /api/colors Schema Validation","","",""
"","1378","color names rendered in the UI do not trigger script execution","Chrome","Sun May 31 00:41:57 UTC 2026","passed","Sun May 31 00:41:58 UTC 2026","Security > XSS Prevention","tests/security.spec.ts","",""
"","0","Utility Functions hslToRgb hue=210 (azure) → [0,128,255]","","Sun May 31 00:38:13 UTC 2026","passed","Sun May 31 00:38:13 UTC 2026","","Utility Functions","Utility Functions hslToRgb hue=210 (azure) → [0,128,255]",""
"","7","DELETE /api/colors (collection) returns 405","Chrome","Sun May 31 00:41:59 UTC 2026","passed","Sun May 31 00:41:59 UTC 2026","Security > HTTP Method Restrictions","tests/security.spec.ts","",""
"","8","Server Unit Tests DELETE /api/colors/:name deletes an existing color and returns success message","","Sun May 31 00:37:53 UTC 2026","passed","Sun May 31 00:37:53 UTC 2026","","Server Unit Tests","Server Unit Tests DELETE /api/colors/:name deletes an existing color and returns success message",""
"","21","Server Integration Tests (Testcontainers) End-to-end CRUD workflow should create, read, update, and delete a color in sequence","","Sun May 31 00:38:00 UTC 2026","passed","Sun May 31 00:38:00 UTC 2026","","Server Integration Tests (Testcontainers)","Server Integration Tests (Testcontainers) End-to-end CRUD workflow should create, read, update, and delete a color in sequence",""
"","9","Server Unit Tests POST /api/colors accepts single alphanumeric characters as names","","Sun May 31 00:37:53 UTC 2026","passed","Sun May 31 00:37:53 UTC 2026","","Server Unit Tests","Server Unit Tests POST /api/colors accepts single alphanumeric characters as names",""
"","2311","should not have any automatically detectable accessibility issues","Chrome","Sun May 31 00:41:57 UTC 2026","passed","Sun May 31 00:41:59 UTC 2026","Accessibility Tests","tests/a11y.spec.ts","",""
"","895","should display all core elements and handle button interaction","Chrome","Sun May 31 00:44:35 UTC 2026","passed","Sun May 31 00:44:36 UTC 2026","Responsive Design – iPhone landscape (667×375)","","",""
"","11","Component Tests ColorPicker typing blue hex updates internal state (b is max branch)","","Sun May 31 00:38:13 UTC 2026","passed","Sun May 31 00:38:13 UTC 2026","","Utility Functions","Component Tests ColorPicker typing blue hex updates internal state (b is max branch)",""
"","5","Server Unit Tests Middleware JSON error middleware passes non-syntax errors to next()","","Sun May 31 00:37:53 UTC 2026","passed","Sun May 31 00:37:53 UTC 2026","","Server Unit Tests","Server Unit Tests Middleware JSON error middleware passes non-syntax errors to next()",""
"","5","Server Unit Tests Error Handling PUT /api/colors/:name returns 409 when database throws duplicate key error (code 11000) on save","","Sun May 31 00:37:53 UTC 2026","passed","Sun May 31 00:37:53 UTC 2026","","Server Unit Tests","Server Unit Tests Error Handling PUT /api/colors/:name returns 409 when database throws duplicate key error (code 11000) on save",""
"","1","Utility Functions rgbToHsl pure green → h=120, s=1, l=0.5","","Sun May 31 00:38:13 UTC 2026","passed","Sun May 31 00:38:13 UTC 2026","","Utility Functions","Utility Functions rgbToHsl pure green → h=120, s=1, l=0.5",""
"","3","Server Unit Tests OpenAPI endpoints spec includes component schemas","","Sun May 31 00:37:53 UTC 2026","passed","Sun May 31 00:37:53 UTC 2026","","Server Unit Tests","Server Unit Tests OpenAPI endpoints spec includes component schemas",""
"","7","Server Unit Tests Surviving Mutants & Edge Cases PUT logic kills name/hex conditional mutants by providing only one field","","Sun May 31 00:37:53 UTC 2026","passed","Sun May 31 00:37:53 UTC 2026","","Server Unit Tests","Server Unit Tests Surviving Mutants & Edge Cases PUT logic kills name/hex conditional mutants by providing only one field",""
"","4","Server Unit Tests Middleware JSON error middleware ignores SyntaxError without body","","Sun May 31 00:37:53 UTC 2026","passed","Sun May 31 00:37:53 UTC 2026","","Server Unit Tests","Server Unit Tests Middleware JSON error middleware ignores SyntaxError without body",""
"","10","Component Tests ColorPicker non-Enter key on name input does not trigger submit","","Sun May 31 00:38:13 UTC 2026","passed","Sun May 31 00:38:13 UTC 2026","","Utility Functions","Component Tests ColorPicker non-Enter key on name input does not trigger submit",""
"","65","GET /api/colors/Red should return the correct hex code","Chrome","Sun May 31 00:42:09 UTC 2026","passed","Sun May 31 00:42:09 UTC 2026","Backend API Integration","","",""
"","24","Server Integration Tests (Testcontainers) POST /api/colors should create a new color and persist it in the real database","","Sun May 31 00:38:00 UTC 2026","passed","Sun May 31 00:38:00 UTC 2026","","Server Integration Tests (Testcontainers)","Server Integration Tests (Testcontainers) POST /api/colors should create a new color and persist it in the real database",""
"","721","chip-x click opens confirm dialog with color name","Chrome","Sun May 31 00:42:15 UTC 2026","passed","Sun May 31 00:42:16 UTC 2026","Color Management — Add & Delete","tests/color-management.spec.ts","",""
"","6","Server Unit Tests Error Handling POST /api/colors returns 409 when database throws duplicate key error (code 11000)","","Sun May 31 00:37:53 UTC 2026","passed","Sun May 31 00:37:53 UTC 2026","","Server Unit Tests","Server Unit Tests Error Handling POST /api/colors returns 409 when database throws duplicate key error (code 11000)",""
"","1","Utility Functions hslToRgb hue=60 (yellow) → [255,255,0]","","Sun May 31 00:38:13 UTC 2026","passed","Sun May 31 00:38:13 UTC 2026","","Utility Functions","Utility Functions hslToRgb hue=60 (yellow) → [255,255,0]",""
"","8","Server Unit Tests seedDatabase clears existing colors and re-seeds with 3 defaults","","Sun May 31 00:37:53 UTC 2026","passed","Sun May 31 00:37:53 UTC 2026","","Server Unit Tests","Server Unit Tests seedDatabase clears existing colors and re-seeds with 3 defaults",""
"","11","Server Unit Tests Surviving Mutants & Edge Cases Regex & Validation STRICT_NAME_REGEX is strict on forbidden special characters in the middle","","Sun May 31 00:37:53 UTC 2026","passed","Sun May 31 00:37:53 UTC 2026","","Server Unit Tests","Server Unit Tests Surviving Mutants & Edge Cases Regex & Validation STRICT_NAME_REGEX is strict on forbidden special characters in the middle",""
"","20","should delete an existing color","Chrome","Sun May 31 00:42:10 UTC 2026","passed","Sun May 31 00:42:10 UTC 2026","Backend API Integration > DELETE /api/colors/:name","","",""
"","58","Frontend Unit Tests App Component delete sends DELETE request with correct method","","Sun May 31 00:38:13 UTC 2026","passed","Sun May 31 00:38:13 UTC 2026","","Frontend Unit Tests","Frontend Unit Tests App Component delete sends DELETE request with correct method",""
"","272","Server Unit Tests Surviving Mutants & Edge Cases Port Fallback reflects process.env.PORT in Swagger servers","","Sun May 31 00:37:53 UTC 2026","passed","Sun May 31 00:37:53 UTC 2026","","Server Unit Tests","Server Unit Tests Surviving Mutants & Edge Cases Port Fallback reflects process.env.PORT in Swagger servers",""
"","1","Utility Functions hslToRgb hue=150 (spring green) → [0,255,128]","","Sun May 31 00:38:13 UTC 2026","passed","Sun May 31 00:38:13 UTC 2026","","Utility Functions","Utility Functions hslToRgb hue=150 (spring green) → [0,255,128]",""
"","9","Server Integration Tests (Testcontainers) GET /api/colors/:name should return 404 for a non-existent color","","Sun May 31 00:38:00 UTC 2026","passed","Sun May 31 00:38:00 UTC 2026","","Server Integration Tests (Testcontainers)","Server Integration Tests (Testcontainers) GET /api/colors/:name should return 404 for a non-existent color",""
"","9","Component Tests ColorPicker displays serverError prop in an alert banner","","Sun May 31 00:38:13 UTC 2026","passed","Sun May 31 00:38:13 UTC 2026","","Utility Functions","Component Tests ColorPicker displays serverError prop in an alert banner",""
"","40","Frontend Unit Tests App Component add color 500 shows server error message","","Sun May 31 00:38:13 UTC 2026","passed","Sun May 31 00:38:13 UTC 2026","","Frontend Unit Tests","Frontend Unit Tests App Component add color 500 shows server error message",""
"","8","Server Unit Tests 405 Method Not Allowed returns 405 for POST, PUT, DELETE on /api-docs","","Sun May 31 00:37:53 UTC 2026","passed","Sun May 31 00:37:53 UTC 2026","","Server Unit Tests","Server Unit Tests 405 Method Not Allowed returns 405 for POST, PUT, DELETE on /api-docs",""
"","10","Server Unit Tests Surviving Mutants & Edge Cases Strict Path & Method Validation kills mutants that change route paths to empty string","","Sun May 31 00:37:53 UTC 2026","passed","Sun May 31 00:37:53 UTC 2026","","Server Unit Tests","Server Unit Tests Surviving Mutants & Edge Cases Strict Path & Method Validation kills mutants that change route paths to empty string",""
"","6","Server Unit Tests PUT /api/colors/:name does not change name when updating only hex","","Sun May 31 00:37:53 UTC 2026","passed","Sun May 31 00:37:53 UTC 2026","","Server Unit Tests","Server Unit Tests PUT /api/colors/:name does not change name when updating only hex",""
"","31","Component Tests ColorPicker hex input updates hue/sat via rgbToHsl (green → hue≈120)","","Sun May 31 00:38:13 UTC 2026","passed","Sun May 31 00:38:13 UTC 2026","","Utility Functions","Component Tests ColorPicker hex input updates hue/sat via rgbToHsl (green → hue≈120)",""
"","6","Server Integration Tests (Testcontainers) PUT /api/colors/:name should return 400 for invalid hex format on update","","Sun May 31 00:38:00 UTC 2026","passed","Sun May 31 00:38:00 UTC 2026","","Server Integration Tests (Testcontainers)","Server Integration Tests (Testcontainers) PUT /api/colors/:name should return 400 for invalid hex format on update",""
"","192","Component Tests ConfirmDialog renders title, body, and both buttons","","Sun May 31 00:38:13 UTC 2026","passed","Sun May 31 00:38:13 UTC 2026","","Component Tests","Component Tests ConfirmDialog renders title, body, and both buttons",""
"","8","Server Unit Tests Error Handling PUT /api/colors/:name returns 500 when database fails","","Sun May 31 00:37:53 UTC 2026","passed","Sun May 31 00:37:53 UTC 2026","","Server Unit Tests","Server Unit Tests Error Handling PUT /api/colors/:name returns 500 when database fails",""
"","9","Server Integration Tests (Testcontainers) POST /api/colors should accept a single alphanumeric character as a name","","Sun May 31 00:38:00 UTC 2026","passed","Sun May 31 00:38:00 UTC 2026","","Server Integration Tests (Testcontainers)","Server Integration Tests (Testcontainers) POST /api/colors should accept a single alphanumeric character as a name",""
"","38","Frontend Unit Tests App Component deleting the last color sets activeName to null","","Sun May 31 00:38:13 UTC 2026","passed","Sun May 31 00:38:13 UTC 2026","","Frontend Unit Tests","Frontend Unit Tests App Component deleting the last color sets activeName to null",""
"","44","Frontend Unit Tests App Component add color 501 also triggers server error message (>= 500)","","Sun May 31 00:38:13 UTC 2026","passed","Sun May 31 00:38:13 UTC 2026","","Frontend Unit Tests","Frontend Unit Tests App Component add color 501 also triggers server error message (>= 500)",""
"","1","Frontend Unit Tests i18n Configuration should handle language change correctly","","Sun May 31 00:38:15 UTC 2026","passed","Sun May 31 00:38:15 UTC 2026","","Frontend Unit Tests","Frontend Unit Tests i18n Configuration should handle language change correctly",""
"","28","Component Tests ColorPicker submit is blocked when hex input has an error","","Sun May 31 00:38:13 UTC 2026","passed","Sun May 31 00:38:13 UTC 2026","","Utility Functions","Component Tests ColorPicker submit is blocked when hex input has an error",""
"","0","Utility Functions hslToRgb negative hue wraps: hue=-120 = hue=240","","Sun May 31 00:38:13 UTC 2026","passed","Sun May 31 00:38:13 UTC 2026","","Utility Functions","Utility Functions hslToRgb negative hue wraps: hue=-120 = hue=240",""
"","674","Show error message when the initial colors fetch fails","BDD","Sun May 31 00:42:13 UTC 2026","passed","Sun May 31 00:42:14 UTC 2026","API Error Handling","","",""
"","4","Server Unit Tests POST /api/reseed returns 401 when Bearer scheme prefix is missing","","Sun May 31 00:37:53 UTC 2026","passed","Sun May 31 00:37:53 UTC 2026","","Server Unit Tests","Server Unit Tests POST /api/reseed returns 401 when Bearer scheme prefix is missing",""
"","6","Server Integration Tests (Testcontainers) Method Not Allowed should return 405 for PATCH /api/colors/:name","","Sun May 31 00:38:00 UTC 2026","passed","Sun May 31 00:38:00 UTC 2026","","Server Integration Tests (Testcontainers)","Server Integration Tests (Testcontainers) Method Not Allowed should return 405 for PATCH /api/colors/:name",""
"","1","Utility Functions paintWheelPixel paints red at right edge (dx=r, dy=0, hue=0)","","Sun May 31 00:38:13 UTC 2026","passed","Sun May 31 00:38:13 UTC 2026","","Utility Functions","Utility Functions paintWheelPixel paints red at right edge (dx=r, dy=0, hue=0)",""
"","12","Server Unit Tests Surviving Mutants & Edge Cases Regex & Validation STRICT_NAME_REGEX kills mutants by testing multiple spaces in the middle and rejecting pluses","","Sun May 31 00:37:53 UTC 2026","passed","Sun May 31 00:37:53 UTC 2026","","Server Unit Tests","Server Unit Tests Surviving Mutants & Edge Cases Regex & Validation STRICT_NAME_REGEX kills mutants by testing multiple spaces in the middle and rejecting pluses",""
"","16","should reject missing name","Chrome","Sun May 31 00:42:09 UTC 2026","passed","Sun May 31 00:42:10 UTC 2026","Backend API Integration > POST /api/colors Schema Validation","","",""
"","50","Frontend Unit Tests App Component header color attribute changes after clicking a chip","","Sun May 31 00:38:13 UTC 2026","passed","Sun May 31 00:38:13 UTC 2026","","Frontend Unit Tests","Frontend Unit Tests App Component header color attribute changes after clicking a chip",""
"","0","homepage initial state","Chrome","Sun May 31 00:44:35 UTC 2026","skipped","Sun May 31 00:44:35 UTC 2026","Percy Visual Regression – Production > Percy – desktop (1280×720)","","",""
"","13","malformed JSON body returns 400","Chrome","Sun May 31 00:41:59 UTC 2026","passed","Sun May 31 00:41:59 UTC 2026","Security > Input Validation","tests/security.spec.ts","",""
"","6","Frontend Unit Tests App Component language selector change calls i18n and updates html lang","","Sun May 31 00:38:13 UTC 2026","passed","Sun May 31 00:38:13 UTC 2026","","Frontend Unit Tests","Frontend Unit Tests App Component language selector change calls i18n and updates html lang",""
"","11","SQL injection characters in name are rejected (400)","Chrome","Sun May 31 00:41:59 UTC 2026","passed","Sun May 31 00:41:59 UTC 2026","Security > Injection Prevention","tests/security.spec.ts","",""
"","4","Server Unit Tests Middleware returns 400 for malformed JSON body","","Sun May 31 00:37:53 UTC 2026","passed","Sun May 31 00:37:53 UTC 2026","","Server Unit Tests","Server Unit Tests Middleware returns 400 for malformed JSON body",""
"","0","Utility Functions rgbToHsl black [0,0,0] → h=0, s=0, l=0","","Sun May 31 00:38:13 UTC 2026","passed","Sun May 31 00:38:13 UTC 2026","","Utility Functions","Utility Functions rgbToHsl black [0,0,0] → h=0, s=0, l=0",""
"","19","Component Tests ColorPicker typing a valid hex clears the hex error and updates preview","","Sun May 31 00:38:13 UTC 2026","passed","Sun May 31 00:38:13 UTC 2026","","Utility Functions","Component Tests ColorPicker typing a valid hex clears the hex error and updates preview",""
"","1185","should display all core elements and handle button interaction","Chrome","Sun May 31 00:44:34 UTC 2026","passed","Sun May 31 00:44:35 UTC 2026","Responsive Design – iPhone SE (375×667)","","",""
"","5","Server Unit Tests Error Handling GET /api/colors returns 500 when database fails","","Sun May 31 00:37:53 UTC 2026","passed","Sun May 31 00:37:53 UTC 2026","","Server Unit Tests","Server Unit Tests Error Handling GET /api/colors returns 500 when database fails",""
"","1","Utility Functions hslToRgb saturation clamped: s=-0.5 treated as s=0","","Sun May 31 00:38:13 UTC 2026","passed","Sun May 31 00:38:13 UTC 2026","","Utility Functions","Utility Functions hslToRgb saturation clamped: s=-0.5 treated as s=0",""
"","9","Frontend Unit Tests App Component shows loading text when colors array is empty","","Sun May 31 00:38:13 UTC 2026","passed","Sun May 31 00:38:13 UTC 2026","","Frontend Unit Tests","Frontend Unit Tests App Component shows loading text when colors array is empty",""
"","1017","shows client-side validation error for invalid name chars","Chrome","Sun May 31 00:42:13 UTC 2026","passed","Sun May 31 00:42:14 UTC 2026","Color Management — Add & Delete","tests/color-management.spec.ts","",""
"","1","Utility Functions rgbToHsl light red (#ff8080): l>0.5, s computed via (2-max-min) branch","","Sun May 31 00:38:13 UTC 2026","passed","Sun May 31 00:38:13 UTC 2026","","Utility Functions","Utility Functions rgbToHsl light red (#ff8080): l>0.5, s computed via (2-max-min) branch",""
"","6","Server Unit Tests 405 Method Not Allowed returns 405 for POST, PUT, DELETE on /openapi.json","","Sun May 31 00:37:53 UTC 2026","passed","Sun May 31 00:37:53 UTC 2026","","Server Unit Tests","Server Unit Tests 405 Method Not Allowed returns 405 for POST, PUT, DELETE on /openapi.json",""
"","747","first color chip is active on load (aria-pressed=true)","Chrome","Sun May 31 00:42:08 UTC 2026","passed","Sun May 31 00:42:09 UTC 2026","Color Management — Add & Delete","tests/color-management.spec.ts","",""
"","625","check Turquoise ( #1abc9c) is the default background color.","Chrome","Sun May 31 00:42:18 UTC 2026","passed","Sun May 31 00:42:19 UTC 2026","","tests/coverage.spec.ts","",""
"","11","Server Integration Tests (Testcontainers) GET /api/colors/:name should return correct data for Turquoise","","Sun May 31 00:38:00 UTC 2026","passed","Sun May 31 00:38:00 UTC 2026","","Server Integration Tests (Testcontainers)","Server Integration Tests (Testcontainers) GET /api/colors/:name should return correct data for Turquoise",""
"","7","Frontend Unit Tests App Component current color span tracks hex value","","Sun May 31 00:38:13 UTC 2026","passed","Sun May 31 00:38:13 UTC 2026","","Frontend Unit Tests","Frontend Unit Tests App Component current color span tracks hex value",""
"","63","Frontend Unit Tests App Component confirm button shows ""Deleting…"" label while delete is in-flight","","Sun May 31 00:38:13 UTC 2026","passed","Sun May 31 00:38:13 UTC 2026","","Frontend Unit Tests","Frontend Unit Tests App Component confirm button shows ""Deleting…"" label while delete is in-flight",""
"","22","Component Tests ColorPicker lightness slider max value (100) gives white","","Sun May 31 00:38:13 UTC 2026","passed","Sun May 31 00:38:13 UTC 2026","","Utility Functions","Component Tests ColorPicker lightness slider max value (100) gives white",""
"","26","Component Tests ColorPicker mousemove without prior mousedown (not dragging) does not change color","","Sun May 31 00:38:13 UTC 2026","passed","Sun May 31 00:38:13 UTC 2026","","Utility Functions","Component Tests ColorPicker mousemove without prior mousedown (not dragging) does not change color",""
"","29","Component Tests ColorPicker touchend stops dragging (touchmove after touchend is ignored)","","Sun May 31 00:38:13 UTC 2026","passed","Sun May 31 00:38:13 UTC 2026","","Utility Functions","Component Tests ColorPicker touchend stops dragging (touchmove after touchend is ignored)",""
"","6","Server Integration Tests (Testcontainers) PUT /api/colors/:name should return 404 when updating a non-existent color","","Sun May 31 00:38:00 UTC 2026","passed","Sun May 31 00:38:00 UTC 2026","","Server Integration Tests (Testcontainers)","Server Integration Tests (Testcontainers) PUT /api/colors/:name should return 404 when updating a non-existent color",""
"","1170","close (×) button closes the picker","Chrome","Sun May 31 00:42:10 UTC 2026","passed","Sun May 31 00:42:11 UTC 2026","Color Management — Add & Delete","tests/color-management.spec.ts","",""
"","35","Frontend Unit Tests App Component add color 409 conflict shows picker error (data.error message)","","Sun May 31 00:38:13 UTC 2026","passed","Sun May 31 00:38:13 UTC 2026","","Frontend Unit Tests","Frontend Unit Tests App Component add color 409 conflict shows picker error (data.error message)",""
"","5","Server Unit Tests PUT /api/colors/:name updates both name and hex simultaneously","","Sun May 31 00:37:53 UTC 2026","passed","Sun May 31 00:37:53 UTC 2026","","Server Unit Tests","Server Unit Tests PUT /api/colors/:name updates both name and hex simultaneously",""
"","31","Component Tests ColorPicker mousemove after mouseup does NOT update color (dragging stopped)","","Sun May 31 00:38:13 UTC 2026","passed","Sun May 31 00:38:13 UTC 2026","","Utility Functions","Component Tests ColorPicker mousemove after mouseup does NOT update color (dragging stopped)",""
"","9","Server Unit Tests PUT /api/colors/:name updates the hex of an existing color","","Sun May 31 00:37:53 UTC 2026","passed","Sun May 31 00:37:53 UTC 2026","","Server Unit Tests","Server Unit Tests PUT /api/colors/:name updates the hex of an existing color",""
"","3","Server Unit Tests Surviving Mutants & Edge Cases PUT logic kills hex regex mutant in PUT","","Sun May 31 00:37:53 UTC 2026","passed","Sun May 31 00:37:53 UTC 2026","","Server Unit Tests","Server Unit Tests Surviving Mutants & Edge Cases PUT logic kills hex regex mutant in PUT",""
"","60","Frontend Unit Tests App Component add color success closes picker and shows new chip","","Sun May 31 00:38:13 UTC 2026","passed","Sun May 31 00:38:13 UTC 2026","","Frontend Unit Tests","Frontend Unit Tests App Component add color success closes picker and shows new chip",""
"","2885","PUT /api/colors/{name}","","","passed","","","schemathesis","",""
"","0","Utility Functions hexToRgb is case-insensitive","","Sun May 31 00:38:13 UTC 2026","passed","Sun May 31 00:38:13 UTC 2026","","Utility Functions","Utility Functions hexToRgb is case-insensitive",""
"","1","Utility Functions rgbToHsl mid-grey [128,128,128] → s=0","","Sun May 31 00:38:13 UTC 2026","passed","Sun May 31 00:38:13 UTC 2026","","Utility Functions","Utility Functions rgbToHsl mid-grey [128,128,128] → s=0",""
"","1308","homepage should match snapshot","Chrome","Sun May 31 00:44:31 UTC 2026","passed","Sun May 31 00:44:32 UTC 2026","Visual Regression – desktop (1280×720)","","",""
"","78","Frontend Unit Tests App Component deleting is false again after a failed delete (finally block)","","Sun May 31 00:38:13 UTC 2026","passed","Sun May 31 00:38:13 UTC 2026","","Frontend Unit Tests","Frontend Unit Tests App Component deleting is false again after a failed delete (finally block)",""
"","4","Server Unit Tests Middleware JSON error middleware ignores SyntaxError with status != 400","","Sun May 31 00:37:53 UTC 2026","passed","Sun May 31 00:37:53 UTC 2026","","Server Unit Tests","Server Unit Tests Middleware JSON error middleware ignores SyntaxError with status != 400",""
"","0","Utility Functions rgbToHsl r max with g<b (#ff0040) → h near 345","","Sun May 31 00:38:13 UTC 2026","passed","Sun May 31 00:38:13 UTC 2026","","Utility Functions","Utility Functions rgbToHsl r max with g<b (#ff0040) → h near 345",""
"","6","Server Unit Tests GET /api/colors/:name returns Yellow color correctly","","Sun May 31 00:37:53 UTC 2026","passed","Sun May 31 00:37:53 UTC 2026","","Server Unit Tests","Server Unit Tests GET /api/colors/:name returns Yellow color correctly",""
"","67","Frontend Unit Tests App Component handles null data from initial fetch gracefully","","Sun May 31 00:38:13 UTC 2026","passed","Sun May 31 00:38:13 UTC 2026","","Frontend Unit Tests","Frontend Unit Tests App Component handles null data from initial fetch gracefully",""
"","5","Component Tests ConfirmDialog backdrop click does NOT call onCancel when busy","","Sun May 31 00:38:13 UTC 2026","passed","Sun May 31 00:38:13 UTC 2026","","Component Tests","Component Tests ConfirmDialog backdrop click does NOT call onCancel when busy",""
"","18","Server Integration Tests (Testcontainers) POST /api/reseed should reseed the database to the three default colors with a valid token","","Sun May 31 00:38:00 UTC 2026","passed","Sun May 31 00:38:00 UTC 2026","","Server Integration Tests (Testcontainers)","Server Integration Tests (Testcontainers) POST /api/reseed should reseed the database to the three default colors with a valid token",""
"","1263","delete API error shows alert banner","Chrome","Sun May 31 00:42:18 UTC 2026","passed","Sun May 31 00:42:19 UTC 2026","Color Management — Add & Delete","tests/color-management.spec.ts","",""
"","9","Server Unit Tests Error Handling POST /api/colors returns 500 when database fails (create)","","Sun May 31 00:37:53 UTC 2026","passed","Sun May 31 00:37:53 UTC 2026","","Server Unit Tests","Server Unit Tests Error Handling POST /api/colors returns 500 when database fails (create)",""
"","3","Server Unit Tests Surviving Mutants & Edge Cases PUT logic kills refine mutant by sending empty body","","Sun May 31 00:37:53 UTC 2026","passed","Sun May 31 00:37:53 UTC 2026","","Server Unit Tests","Server Unit Tests Surviving Mutants & Edge Cases PUT logic kills refine mutant by sending empty body",""
"","7","PATCH /api/colors/:name returns 405","Chrome","Sun May 31 00:41:59 UTC 2026","passed","Sun May 31 00:42:00 UTC 2026","Security > HTTP Method Restrictions","tests/security.spec.ts","",""
"","4","Server Unit Tests 405 Method Not Allowed does not return 405 for allowed DELETE method on /api/colors/:name","","Sun May 31 00:37:53 UTC 2026","passed","Sun May 31 00:37:53 UTC 2026","","Server Unit Tests","Server Unit Tests 405 Method Not Allowed does not return 405 for allowed DELETE method on /api/colors/:name",""
"","0","Utility Functions paintWheelPixel anti-aliases the outermost ring: dist=r gives alpha=0","","Sun May 31 00:38:13 UTC 2026","passed","Sun May 31 00:38:13 UTC 2026","","Utility Functions","Utility Functions paintWheelPixel anti-aliases the outermost ring: dist=r gives alpha=0",""
"","8","Component Tests ColorPicker backdrop dismiss button is aria-hidden and not in tab order","","Sun May 31 00:38:13 UTC 2026","passed","Sun May 31 00:38:13 UTC 2026","","Utility Functions","Component Tests ColorPicker backdrop dismiss button is aria-hidden and not in tab order",""
"","1","Utility Functions readableOn returns #111 for white (very light, L=1)","","Sun May 31 00:38:13 UTC 2026","passed","Sun May 31 00:38:13 UTC 2026","","Utility Functions","Utility Functions readableOn returns #111 for white (very light, L=1)",""
"","67","Frontend Unit Tests App Component handles empty array from initial fetch gracefully","","Sun May 31 00:38:13 UTC 2026","passed","Sun May 31 00:38:13 UTC 2026","","Frontend Unit Tests","Frontend Unit Tests App Component handles empty array from initial fetch gracefully",""
"","1","Utility Functions rgbToHex converts pure blue","","Sun May 31 00:38:13 UTC 2026","passed","Sun May 31 00:38:13 UTC 2026","","Utility Functions","Utility Functions rgbToHex converts pure blue",""
"","4","Server Unit Tests Surviving Mutants & Edge Cases Swagger Metadata & OpenAPI has exact API info","","Sun May 31 00:37:53 UTC 2026","passed","Sun May 31 00:37:53 UTC 2026","","Server Unit Tests","Server Unit Tests Surviving Mutants & Edge Cases Swagger Metadata & OpenAPI has exact API info",""
"","13","should reject empty name","Chrome","Sun May 31 00:42:10 UTC 2026","passed","Sun May 31 00:42:10 UTC 2026","Backend API Integration > POST /api/colors Schema Validation","","",""
"","903","clicking a chip makes it active","Chrome","Sun May 31 00:42:09 UTC 2026","passed","Sun May 31 00:42:10 UTC 2026","Color Management — Add & Delete","tests/color-management.spec.ts","",""
"","24","Frontend Unit Tests App Component link color is dark (#003366) on light background","","Sun May 31 00:38:13 UTC 2026","passed","Sun May 31 00:38:13 UTC 2026","","Frontend Unit Tests","Frontend Unit Tests App Component link color is dark (#003366) on light background",""
"","7","Server Unit Tests GET /api/colors/:name is case-sensitive","","Sun May 31 00:37:53 UTC 2026","passed","Sun May 31 00:37:53 UTC 2026","","Server Unit Tests","Server Unit Tests GET /api/colors/:name is case-sensitive",""
"","1","Utility Functions rgbToHex value 16 does not pad","","Sun May 31 00:38:13 UTC 2026","passed","Sun May 31 00:38:13 UTC 2026","","Utility Functions","Utility Functions rgbToHex value 16 does not pad",""
"","0","Utility Functions hslToRgb saturation clamped: s=1.5 treated as s=1","","Sun May 31 00:38:13 UTC 2026","passed","Sun May 31 00:38:13 UTC 2026","","Utility Functions","Utility Functions hslToRgb saturation clamped: s=1.5 treated as s=1",""
