"DESCRIPTION","DURATION IN MS","NAME","PARENT SUITE","START TIME","STATUS","STOP TIME","SUB SUITE","SUITE","TEST CLASS","TEST METHOD"
"","18","Component Tests ColorPicker valid submit calls onConfirm with trimmed name and current hex","","Thu May 21 08:44:06 UTC 2026","passed","Thu May 21 08:44:06 UTC 2026","","Utility Functions","Component Tests ColorPicker valid submit calls onConfirm with trimmed name and current hex",""
"","837","clicking the backdrop closes the picker","Chrome","Thu May 21 08:50:13 UTC 2026","passed","Thu May 21 08:50:14 UTC 2026","Color Management — Add & Delete","tests/color-management.spec.ts","",""
"","1","Utility Functions rgbToHsl r max, g>0, b=0 → h in (0,60)","","Thu May 21 08:44:06 UTC 2026","passed","Thu May 21 08:44:06 UTC 2026","","Utility Functions","Utility Functions rgbToHsl r max, g>0, b=0 → h in (0,60)",""
"","28","Component Tests ConfirmDialog both buttons are disabled when busy=true","","Thu May 21 08:44:06 UTC 2026","passed","Thu May 21 08:44:06 UTC 2026","","Component Tests","Component Tests ConfirmDialog both buttons are disabled when busy=true",""
"","737","Background stays unchanged when fetching a specific color fails","BDD","Thu May 21 08:50:04 UTC 2026","passed","Thu May 21 08:50:05 UTC 2026","API Error Handling","","",""
"","0","homepage after color change","Chrome","Thu May 21 08:53:17 UTC 2026","skipped","Thu May 21 08:53:17 UTC 2026","Percy Visual Regression – Production > Percy – mobile (375×667)","","",""
"","11","Frontend Unit Tests App Component shows error alert when initial fetch returns non-2xx","","Thu May 21 08:44:06 UTC 2026","passed","Thu May 21 08:44:06 UTC 2026","","Frontend Unit Tests","Frontend Unit Tests App Component shows error alert when initial fetch returns non-2xx",""
"","711","handle initial fetch error","Chrome","Thu May 21 08:50:19 UTC 2026","passed","Thu May 21 08:50:20 UTC 2026","Edge cases and error handling","tests/coverage.spec.ts","",""
"","13","oversized payload is rejected (413)","Chrome","Thu May 21 08:51:11 UTC 2026","passed","Thu May 21 08:51:11 UTC 2026","Security > Input Validation","tests/security.spec.ts","",""
"","21","Frontend Unit Tests App Component text color on dark background is white","","Thu May 21 08:44:06 UTC 2026","passed","Thu May 21 08:44:06 UTC 2026","","Frontend Unit Tests","Frontend Unit Tests App Component text color on dark background is white",""
"","4","Server Unit Tests GET /api/colors/:name returns 400 for invalid name in path (regex check)","","Thu May 21 08:45:38 UTC 2026","passed","Thu May 21 08:45:38 UTC 2026","","Server Unit Tests","Server Unit Tests GET /api/colors/:name returns 400 for invalid name in path (regex check)",""
"","2702","PUT /api/colors/{name}","","","passed","","","schemathesis","",""
"","1","Utility Functions hslToRgb hue=59 stays in sector 0","","Thu May 21 08:44:06 UTC 2026","passed","Thu May 21 08:44:06 UTC 2026","","Utility Functions","Utility Functions hslToRgb hue=59 stays in sector 0",""
"","21","Component Tests ColorPicker typing in name input clears name error","","Thu May 21 08:44:06 UTC 2026","passed","Thu May 21 08:44:06 UTC 2026","","Utility Functions","Component Tests ColorPicker typing in name input clears name error",""
"","25","Frontend Unit Tests App Component link color is dark (#003366) on light background","","Thu May 21 08:44:06 UTC 2026","passed","Thu May 21 08:44:06 UTC 2026","","Frontend Unit Tests","Frontend Unit Tests App Component link color is dark (#003366) on light background",""
"","38","Frontend Unit Tests App Component add color 500 shows server error message","","Thu May 21 08:44:06 UTC 2026","passed","Thu May 21 08:44:06 UTC 2026","","Frontend Unit Tests","Frontend Unit Tests App Component add color 500 shows server error message",""
"","61","Frontend Unit Tests App Component picker onCancel does nothing when saving=true","","Thu May 21 08:44:06 UTC 2026","passed","Thu May 21 08:44:06 UTC 2026","","Frontend Unit Tests","Frontend Unit Tests App Component picker onCancel does nothing when saving=true",""
"","4","Server Unit Tests PUT /api/colors/:name returns 400 when no fields are provided (empty body)","","Thu May 21 08:45:38 UTC 2026","passed","Thu May 21 08:45:38 UTC 2026","","Server Unit Tests","Server Unit Tests PUT /api/colors/:name returns 400 when no fields are provided (empty body)",""
"","8","Server Integration Tests (Testcontainers) PUT /api/colors/:name should return 400 for invalid hex format on update","","Thu May 21 08:45:37 UTC 2026","passed","Thu May 21 08:45:37 UTC 2026","","Server Integration Tests (Testcontainers)","Server Integration Tests (Testcontainers) PUT /api/colors/:name should return 400 for invalid hex format on update",""
"","11","Server Unit Tests Error Handling POST /api/colors returns 500 when database fails (create)","","Thu May 21 08:45:38 UTC 2026","passed","Thu May 21 08:45:38 UTC 2026","","Server Unit Tests","Server Unit Tests Error Handling POST /api/colors returns 500 when database fails (create)",""
"","556","should handle missing image gracefully by showing alt text","Chrome","Thu May 21 08:50:24 UTC 2026","passed","Thu May 21 08:50:24 UTC 2026","Network Mocking & Interception","tests/network-mocking.spec.ts","",""
"","7","Server Unit Tests GET /api/colors returns colors sorted alphabetically by name","","Thu May 21 08:45:38 UTC 2026","passed","Thu May 21 08:45:38 UTC 2026","","Server Unit Tests","Server Unit Tests GET /api/colors returns colors sorted alphabetically by name",""
"","4","Server Unit Tests Surviving Mutants & Edge Cases Swagger Metadata & OpenAPI has exact info metadata","","Thu May 21 08:45:38 UTC 2026","passed","Thu May 21 08:45:38 UTC 2026","","Server Unit Tests","Server Unit Tests Surviving Mutants & Edge Cases Swagger Metadata & OpenAPI has exact info metadata",""
"","12","GET /api/colors should return all colors","Chrome","Thu May 21 08:50:43 UTC 2026","passed","Thu May 21 08:50:43 UTC 2026","Backend API Integration","tests/api.spec.ts","",""
"","28","Frontend Unit Tests App Component clicking Add color button opens picker modal","","Thu May 21 08:44:06 UTC 2026","passed","Thu May 21 08:44:06 UTC 2026","","Frontend Unit Tests","Frontend Unit Tests App Component clicking Add color button opens picker modal",""
"","7","Server Unit Tests GET /api/colors/:name returns 404 for a non-existent color","","Thu May 21 08:45:38 UTC 2026","passed","Thu May 21 08:45:38 UTC 2026","","Server Unit Tests","Server Unit Tests GET /api/colors/:name returns 404 for a non-existent color",""
"","11","NoSQL $where operator in name is rejected (400)","Chrome","Thu May 21 08:51:11 UTC 2026","passed","Thu May 21 08:51:11 UTC 2026","Security > Injection Prevention","tests/security.spec.ts","",""
"","12","Server Integration Tests (Testcontainers) GET /api/colors/:name should return correct data for Turquoise","","Thu May 21 08:45:37 UTC 2026","passed","Thu May 21 08:45:37 UTC 2026","","Server Integration Tests (Testcontainers)","Server Integration Tests (Testcontainers) GET /api/colors/:name should return correct data for Turquoise",""
"","65","Frontend Unit Tests App Component handles non-array initial fetch response gracefully","","Thu May 21 08:44:06 UTC 2026","passed","Thu May 21 08:44:06 UTC 2026","","Frontend Unit Tests","Frontend Unit Tests App Component handles non-array initial fetch response gracefully",""
"","46","Frontend Unit Tests App Component delete API error shows error alert without closing dialog","","Thu May 21 08:44:06 UTC 2026","passed","Thu May 21 08:44:06 UTC 2026","","Frontend Unit Tests","Frontend Unit Tests App Component delete API error shows error alert without closing dialog",""
"","519","should show loading state when API returns empty colors","Chrome","Thu May 21 08:50:23 UTC 2026","passed","Thu May 21 08:50:24 UTC 2026","UI Error Handling Coverage","tests/error-handling.spec.ts","",""
"","325","Server Unit Tests Surviving Mutants & Edge Cases Infrastructure uses default MONGO_URI when process.env.MONGO_URI is missing","","Thu May 21 08:45:38 UTC 2026","passed","Thu May 21 08:45:38 UTC 2026","","Server Unit Tests","Server Unit Tests Surviving Mutants & Edge Cases Infrastructure uses default MONGO_URI when process.env.MONGO_URI is missing",""
"","33","Component Tests ConfirmDialog confirm button calls onConfirm","","Thu May 21 08:44:06 UTC 2026","passed","Thu May 21 08:44:06 UTC 2026","","Component Tests","Component Tests ConfirmDialog confirm button calls onConfirm",""
"","5","PUT /openapi.json returns 405","Chrome","Thu May 21 08:51:12 UTC 2026","passed","Thu May 21 08:51:12 UTC 2026","Security > HTTP Method Restrictions","tests/security.spec.ts","",""
"","23","Frontend Unit Tests App Component shows add-color button even when colors are empty","","Thu May 21 08:44:06 UTC 2026","passed","Thu May 21 08:44:06 UTC 2026","","Frontend Unit Tests","Frontend Unit Tests App Component shows add-color button even when colors are empty",""
"","18","Component Tests ColorPicker mousemove after mouseup does NOT update color (dragging stopped)","","Thu May 21 08:44:06 UTC 2026","passed","Thu May 21 08:44:06 UTC 2026","","Utility Functions","Component Tests ColorPicker mousemove after mouseup does NOT update color (dragging stopped)",""
"","34","Component Tests ColorPicker mousedown at top-center (hue=270) sets hex to #8000ff","","Thu May 21 08:44:06 UTC 2026","passed","Thu May 21 08:44:06 UTC 2026","","Utility Functions","Component Tests ColorPicker mousedown at top-center (hue=270) sets hex to #8000ff",""
"","6","Server Integration Tests (Testcontainers) Method Not Allowed should return 405 for PATCH /api/colors","","Thu May 21 08:45:37 UTC 2026","passed","Thu May 21 08:45:37 UTC 2026","","Server Integration Tests (Testcontainers)","Server Integration Tests (Testcontainers) Method Not Allowed should return 405 for PATCH /api/colors",""
"","20","Component Tests ColorPicker mousedown at left-center (hue=180) sets hex to #00ffff","","Thu May 21 08:44:06 UTC 2026","passed","Thu May 21 08:44:06 UTC 2026","","Utility Functions","Component Tests ColorPicker mousedown at left-center (hue=180) sets hex to #00ffff",""
"","0","Utility Functions hslToRgb hue=270 (violet) → [128,0,255]","","Thu May 21 08:44:06 UTC 2026","passed","Thu May 21 08:44:06 UTC 2026","","Utility Functions","Utility Functions hslToRgb hue=270 (violet) → [128,0,255]",""
"","39","Frontend Unit Tests App Component add color 501 also triggers server error message (>= 500)","","Thu May 21 08:44:06 UTC 2026","passed","Thu May 21 08:44:06 UTC 2026","","Frontend Unit Tests","Frontend Unit Tests App Component add color 501 also triggers server error message (>= 500)",""
"","1","Utility Functions rgbToHsl pure red → h=0, s=1, l=0.5","","Thu May 21 08:44:06 UTC 2026","passed","Thu May 21 08:44:06 UTC 2026","","Utility Functions","Utility Functions rgbToHsl pure red → h=0, s=1, l=0.5",""
"","10","Server Unit Tests Error Handling PUT /api/colors/:name returns 500 when database fails","","Thu May 21 08:45:38 UTC 2026","passed","Thu May 21 08:45:38 UTC 2026","","Server Unit Tests","Server Unit Tests Error Handling PUT /api/colors/:name returns 500 when database fails",""
"","52","Frontend Unit Tests App Component fetches and displays color chips with swatch and delete button","","Thu May 21 08:44:06 UTC 2026","passed","Thu May 21 08:44:06 UTC 2026","","Frontend Unit Tests","Frontend Unit Tests App Component fetches and displays color chips with swatch and delete button",""
"","10","Server Unit Tests Error Handling POST /api/colors returns 500 when database fails (findOne)","","Thu May 21 08:45:38 UTC 2026","passed","Thu May 21 08:45:38 UTC 2026","","Server Unit Tests","Server Unit Tests Error Handling POST /api/colors returns 500 when database fails (findOne)",""
"","28","Component Tests ColorPicker close (×) button calls onCancel","","Thu May 21 08:44:06 UTC 2026","passed","Thu May 21 08:44:06 UTC 2026","","Utility Functions","Component Tests ColorPicker close (×) button calls onCancel",""
"","36","Frontend Unit Tests App Component add color 409 fallback message when data.error is absent","","Thu May 21 08:44:06 UTC 2026","passed","Thu May 21 08:44:06 UTC 2026","","Frontend Unit Tests","Frontend Unit Tests App Component add color 409 fallback message when data.error is absent",""
"","619","Show loading state when the API returns an empty colors list","BDD","Thu May 21 08:50:03 UTC 2026","passed","Thu May 21 08:50:03 UTC 2026","API Error Handling","","",""
"","64","Frontend Unit Tests App Component handles null data from initial fetch gracefully","","Thu May 21 08:44:06 UTC 2026","passed","Thu May 21 08:44:06 UTC 2026","","Frontend Unit Tests","Frontend Unit Tests App Component handles null data from initial fetch gracefully",""
"","29","Component Tests ColorPicker submit with duplicate name (client-side) shows duplicate error","","Thu May 21 08:44:06 UTC 2026","passed","Thu May 21 08:44:06 UTC 2026","","Utility Functions","Component Tests ColorPicker submit with duplicate name (client-side) shows duplicate error",""
"","6","Server Integration Tests (Testcontainers) POST /api/colors should return 400 when name is missing","","Thu May 21 08:45:37 UTC 2026","passed","Thu May 21 08:45:37 UTC 2026","","Server Integration Tests (Testcontainers)","Server Integration Tests (Testcontainers) POST /api/colors should return 400 when name is missing",""
"","1","Utility Functions rgbToHsl pure blue → h=240, s=1, l=0.5","","Thu May 21 08:44:06 UTC 2026","passed","Thu May 21 08:44:06 UTC 2026","","Utility Functions","Utility Functions rgbToHsl pure blue → h=240, s=1, l=0.5",""
"","8","Frontend Unit Tests App Component shows error alert when initial fetch fails","","Thu May 21 08:44:06 UTC 2026","passed","Thu May 21 08:44:06 UTC 2026","","Frontend Unit Tests","Frontend Unit Tests App Component shows error alert when initial fetch fails",""
"","1304","color names rendered in the UI do not trigger script execution","Chrome","Thu May 21 08:51:09 UTC 2026","passed","Thu May 21 08:51:11 UTC 2026","Security > XSS Prevention","tests/security.spec.ts","",""
"","4","Server Unit Tests POST /api/colors returns 400 when name is missing","","Thu May 21 08:45:38 UTC 2026","passed","Thu May 21 08:45:38 UTC 2026","","Server Unit Tests","Server Unit Tests POST /api/colors returns 400 when name is missing",""
"","10","Component Tests ColorPicker renders the color wheel canvas","","Thu May 21 08:44:06 UTC 2026","passed","Thu May 21 08:44:06 UTC 2026","","Utility Functions","Component Tests ColorPicker renders the color wheel canvas",""
"","2475","should maintain accessibility after state change (color update)","Chrome","Thu May 21 08:50:32 UTC 2026","passed","Thu May 21 08:50:35 UTC 2026","Accessibility Tests","tests/a11y.spec.ts","",""
"","1","Utility Functions rgbToHex pads single-digit hex values with leading zero","","Thu May 21 08:44:06 UTC 2026","passed","Thu May 21 08:44:06 UTC 2026","","Utility Functions","Utility Functions rgbToHex pads single-digit hex values with leading zero",""
"","43","Frontend Unit Tests App Component header color attribute changes after clicking a chip","","Thu May 21 08:44:06 UTC 2026","passed","Thu May 21 08:44:06 UTC 2026","","Frontend Unit Tests","Frontend Unit Tests App Component header color attribute changes after clicking a chip",""
"","3","Server Unit Tests PUT /api/colors/:name returns 400 for invalid current name format in URL","","Thu May 21 08:45:38 UTC 2026","passed","Thu May 21 08:45:38 UTC 2026","","Server Unit Tests","Server Unit Tests PUT /api/colors/:name returns 400 for invalid current name format in URL",""
"","16","Component Tests ColorPicker mousemove without prior mousedown (not dragging) does not change color","","Thu May 21 08:44:06 UTC 2026","passed","Thu May 21 08:44:06 UTC 2026","","Utility Functions","Component Tests ColorPicker mousemove without prior mousedown (not dragging) does not change color",""
"","11","Component Tests ConfirmDialog swatch div has the correct background color","","Thu May 21 08:44:06 UTC 2026","passed","Thu May 21 08:44:06 UTC 2026","","Component Tests","Component Tests ConfirmDialog swatch div has the correct background color",""
"","6","Server Integration Tests (Testcontainers) PUT /api/colors/:name should return 404 when updating a non-existent color","","Thu May 21 08:45:37 UTC 2026","passed","Thu May 21 08:45:37 UTC 2026","","Server Integration Tests (Testcontainers)","Server Integration Tests (Testcontainers) PUT /api/colors/:name should return 404 when updating a non-existent color",""
"","2","Utility Functions hslToRgb hue=0 (red) → [255,0,0]","","Thu May 21 08:44:06 UTC 2026","passed","Thu May 21 08:44:06 UTC 2026","","Utility Functions","Utility Functions hslToRgb hue=0 (red) → [255,0,0]",""
"","0","homepage initial state","Chrome","Thu May 21 08:53:17 UTC 2026","skipped","Thu May 21 08:53:17 UTC 2026","Percy Visual Regression – Production > Percy – mobile (375×667)","","",""
"","1044","verify Yellow ( #f1c40f ) is applied as the background color","Chrome","Thu May 21 08:50:18 UTC 2026","passed","Thu May 21 08:50:19 UTC 2026","Background color tests","tests/coverage.spec.ts","",""
"","8","Server Integration Tests (Testcontainers) GET /api/colors/:name should return correct data for Red","","Thu May 21 08:45:37 UTC 2026","passed","Thu May 21 08:45:37 UTC 2026","","Server Integration Tests (Testcontainers)","Server Integration Tests (Testcontainers) GET /api/colors/:name should return correct data for Red",""
"","745","should load the application and verify core functionality across browsers","Chrome","Thu May 21 08:50:21 UTC 2026","passed","Thu May 21 08:50:21 UTC 2026","Cross-Browser Core Functionality","tests/cross-browser.spec.ts","",""
"","8","Server Integration Tests (Testcontainers) GET /api/colors/:name should not expose _id or __v fields","","Thu May 21 08:45:37 UTC 2026","passed","Thu May 21 08:45:37 UTC 2026","","Server Integration Tests (Testcontainers)","Server Integration Tests (Testcontainers) GET /api/colors/:name should not expose _id or __v fields",""
"","987","Cancel button closes the picker","Chrome","Thu May 21 08:50:12 UTC 2026","passed","Thu May 21 08:50:13 UTC 2026","Color Management — Add & Delete","tests/color-management.spec.ts","",""
"","0","Utility Functions paintWheelPixel anti-aliases the outermost ring: dist=r gives alpha=0","","Thu May 21 08:44:06 UTC 2026","passed","Thu May 21 08:44:06 UTC 2026","","Utility Functions","Utility Functions paintWheelPixel anti-aliases the outermost ring: dist=r gives alpha=0",""
"","656","check Turquoise ( #1abc9c) is the default background color.","Chrome","Thu May 21 08:50:20 UTC 2026","passed","Thu May 21 08:50:20 UTC 2026","","tests/coverage.spec.ts","",""
"","4","Server Unit Tests Surviving Mutants & Edge Cases Swagger Metadata & OpenAPI has exact API info","","Thu May 21 08:45:38 UTC 2026","passed","Thu May 21 08:45:38 UTC 2026","","Server Unit Tests","Server Unit Tests Surviving Mutants & Edge Cases Swagger Metadata & OpenAPI has exact API info",""
"","45","Frontend Unit Tests App Component saving is false again after a failed add (finally block)","","Thu May 21 08:44:06 UTC 2026","passed","Thu May 21 08:44:06 UTC 2026","","Frontend Unit Tests","Frontend Unit Tests App Component saving is false again after a failed add (finally block)",""
"","11","Server Integration Tests (Testcontainers) seedDatabase should be idempotent — calling twice always yields exactly 3 colors","","Thu May 21 08:45:37 UTC 2026","passed","Thu May 21 08:45:37 UTC 2026","","Server Integration Tests (Testcontainers)","Server Integration Tests (Testcontainers) seedDatabase should be idempotent — calling twice always yields exactly 3 colors",""
"","1","Frontend Unit Tests i18n Configuration should be initialized with correct settings","","Thu May 21 08:44:08 UTC 2026","passed","Thu May 21 08:44:08 UTC 2026","","Frontend Unit Tests","Frontend Unit Tests i18n Configuration should be initialized with correct settings",""
"","12","GET /api/colors should return colors sorted alphabetically by name","Chrome","Thu May 21 08:50:43 UTC 2026","passed","Thu May 21 08:50:43 UTC 2026","Backend API Integration","tests/api.spec.ts","",""
"","17","Frontend Unit Tests App Component labelFor falls back to color name for unknown/custom color","","Thu May 21 08:44:06 UTC 2026","passed","Thu May 21 08:44:06 UTC 2026","","Frontend Unit Tests","Frontend Unit Tests App Component labelFor falls back to color name for unknown/custom color",""
"","567","should create dynamic random color via API and verify through UI","Chrome","Thu May 21 08:51:09 UTC 2026","passed","Thu May 21 08:51:10 UTC 2026","Random Data Testing with faker.js","tests/random-data.spec.ts","",""
"","5","Server Unit Tests 405 Method Not Allowed does not return 405 for allowed GET method on /api/colors","","Thu May 21 08:45:38 UTC 2026","passed","Thu May 21 08:45:38 UTC 2026","","Server Unit Tests","Server Unit Tests 405 Method Not Allowed does not return 405 for allowed GET method on /api/colors",""
"","8","Server Unit Tests POST /api/colors accepts single alphanumeric characters as names","","Thu May 21 08:45:38 UTC 2026","passed","Thu May 21 08:45:38 UTC 2026","","Server Unit Tests","Server Unit Tests POST /api/colors accepts single alphanumeric characters as names",""
"","10","Server Integration Tests (Testcontainers) POST /api/colors should accept a single alphanumeric character as a name","","Thu May 21 08:45:37 UTC 2026","passed","Thu May 21 08:45:37 UTC 2026","","Server Integration Tests (Testcontainers)","Server Integration Tests (Testcontainers) POST /api/colors should accept a single alphanumeric character as a name",""
"","0","Utility Functions hslToRgb hue=150 (spring green) → [0,255,128]","","Thu May 21 08:44:06 UTC 2026","passed","Thu May 21 08:44:06 UTC 2026","","Utility Functions","Utility Functions hslToRgb hue=150 (spring green) → [0,255,128]",""
"","11","Server Unit Tests Surviving Mutants & Edge Cases Regex & Validation STRICT_NAME_REGEX kills mutants on optionality and length","","Thu May 21 08:45:38 UTC 2026","passed","Thu May 21 08:45:38 UTC 2026","","Server Unit Tests","Server Unit Tests Surviving Mutants & Edge Cases Regex & Validation STRICT_NAME_REGEX kills mutants on optionality and length",""
"","8","Server Unit Tests Surviving Mutants & Edge Cases Regex & Validation hex regex kills mutants by testing boundaries and formats","","Thu May 21 08:45:38 UTC 2026","passed","Thu May 21 08:45:38 UTC 2026","","Server Unit Tests","Server Unit Tests Surviving Mutants & Edge Cases Regex & Validation hex regex kills mutants by testing boundaries and formats",""
"","7","PATCH /api/colors/:name returns 405","Chrome","Thu May 21 08:51:12 UTC 2026","passed","Thu May 21 08:51:12 UTC 2026","Security > HTTP Method Restrictions","tests/security.spec.ts","",""
"","6","Server Unit Tests Surviving Mutants & Edge Cases Rate Limiting & Security kills mutants by verifying x-powered-by is removed","","Thu May 21 08:45:38 UTC 2026","passed","Thu May 21 08:45:38 UTC 2026","","Server Unit Tests","Server Unit Tests Surviving Mutants & Edge Cases Rate Limiting & Security kills mutants by verifying x-powered-by is removed",""
"","2545","should maintain accessibility in en language and verify resilient locators","Chrome","Thu May 21 08:50:36 UTC 2026","passed","Thu May 21 08:50:38 UTC 2026","i18n Accessibility Tests","tests/a11y.spec.ts","",""
"","8","Server Unit Tests GET /api/colors returns an empty array when no colors exist","","Thu May 21 08:45:38 UTC 2026","passed","Thu May 21 08:45:38 UTC 2026","","Server Unit Tests","Server Unit Tests GET /api/colors returns an empty array when no colors exist",""
"","3","Server Unit Tests 405 Method Not Allowed returns 405 for PATCH on /api/colors/:name","","Thu May 21 08:45:38 UTC 2026","passed","Thu May 21 08:45:38 UTC 2026","","Server Unit Tests","Server Unit Tests 405 Method Not Allowed returns 405 for PATCH on /api/colors/:name",""
"","880","verify Yellow ( #f1c40f ) is applied as the background color","Chrome","Thu May 21 08:50:26 UTC 2026","passed","Thu May 21 08:50:27 UTC 2026","POM Refactored: Background color tests","tests/pom-refactored.spec.ts","",""
"","1521","homepage should match snapshot","Chrome","Thu May 21 08:53:12 UTC 2026","passed","Thu May 21 08:53:14 UTC 2026","Visual Regression – desktop-xl (1920×1080)","","",""
"","658","Example #3","BDD","Thu May 21 08:50:07 UTC 2026","passed","Thu May 21 08:50:07 UTC 2026","Language Switching > Switch language and verify translated UI labels","","",""
"","0","homepage initial state","Chrome","Thu May 21 08:53:17 UTC 2026","skipped","Thu May 21 08:53:17 UTC 2026","Percy Visual Regression – Production > Percy – desktop-xl (1920×1080)","","",""
"","4","Server Unit Tests PUT /api/colors/:name returns 400 for invalid name with special characters","","Thu May 21 08:45:38 UTC 2026","passed","Thu May 21 08:45:38 UTC 2026","","Server Unit Tests","Server Unit Tests PUT /api/colors/:name returns 400 for invalid name with special characters",""
"","219","Component Tests ColorPicker renders the modal with title, hex preview, name and hex inputs","","Thu May 21 08:44:06 UTC 2026","passed","Thu May 21 08:44:06 UTC 2026","","Utility Functions","Component Tests ColorPicker renders the modal with title, hex preview, name and hex inputs",""
"","10","Server Unit Tests GET /api/colors does not expose _id or __v fields","","Thu May 21 08:45:38 UTC 2026","passed","Thu May 21 08:45:38 UTC 2026","","Server Unit Tests","Server Unit Tests GET /api/colors does not expose _id or __v fields",""
"","4","Server Unit Tests POST /api/colors returns 400 for name with whitespace","","Thu May 21 08:45:38 UTC 2026","passed","Thu May 21 08:45:38 UTC 2026","","Server Unit Tests","Server Unit Tests POST /api/colors returns 400 for name with whitespace",""
"","77","Frontend Unit Tests App Component deleting is false again after a failed delete (finally block)","","Thu May 21 08:44:06 UTC 2026","passed","Thu May 21 08:44:06 UTC 2026","","Frontend Unit Tests","Frontend Unit Tests App Component deleting is false again after a failed delete (finally block)",""
"","611","Escape key closes the confirm dialog","Chrome","Thu May 21 08:50:18 UTC 2026","passed","Thu May 21 08:50:18 UTC 2026","Color Management — Add & Delete","tests/color-management.spec.ts","",""
"","4","Server Unit Tests Surviving Mutants & Edge Cases PUT logic kills refine mutant by sending empty body","","Thu May 21 08:45:38 UTC 2026","passed","Thu May 21 08:45:38 UTC 2026","","Server Unit Tests","Server Unit Tests Surviving Mutants & Edge Cases PUT logic kills refine mutant by sending empty body",""
"","1190","shows client-side validation error for invalid name chars","Chrome","Thu May 21 08:50:15 UTC 2026","passed","Thu May 21 08:50:16 UTC 2026","Color Management — Add & Delete","tests/color-management.spec.ts","",""
"","41","Frontend Unit Tests App Component learn react link has correct text","","Thu May 21 08:44:06 UTC 2026","passed","Thu May 21 08:44:06 UTC 2026","","Frontend Unit Tests","Frontend Unit Tests App Component learn react link has correct text",""
"","3","Server Unit Tests Middleware handles non-JSON content type gracefully on POST","","Thu May 21 08:45:38 UTC 2026","passed","Thu May 21 08:45:38 UTC 2026","","Server Unit Tests","Server Unit Tests Middleware handles non-JSON content type gracefully on POST",""
"","4","Server Unit Tests 405 Method Not Allowed does not return 405 for allowed DELETE method on /api/colors/:name","","Thu May 21 08:45:38 UTC 2026","passed","Thu May 21 08:45:38 UTC 2026","","Server Unit Tests","Server Unit Tests 405 Method Not Allowed does not return 405 for allowed DELETE method on /api/colors/:name",""
"","7","Component Tests ConfirmDialog dialog has correct ARIA attributes","","Thu May 21 08:44:06 UTC 2026","passed","Thu May 21 08:44:06 UTC 2026","","Component Tests","Component Tests ConfirmDialog dialog has correct ARIA attributes",""
"","1248","should display all core elements and handle button interaction","Chrome","Thu May 21 08:53:15 UTC 2026","passed","Thu May 21 08:53:16 UTC 2026","Responsive Design – tablet (768×1024)","","",""
"","0","Utility Functions rgbToHsl white [255,255,255] → h=0, s=0, l=1","","Thu May 21 08:44:06 UTC 2026","passed","Thu May 21 08:44:06 UTC 2026","","Utility Functions","Utility Functions rgbToHsl white [255,255,255] → h=0, s=0, l=1",""
"","37","Frontend Unit Tests App Component add color 429 rate limit shows specific message","","Thu May 21 08:44:06 UTC 2026","passed","Thu May 21 08:44:06 UTC 2026","","Frontend Unit Tests","Frontend Unit Tests App Component add color 429 rate limit shows specific message",""
"","1","Utility Functions hslToRgb hue=60 (yellow) → [255,255,0]","","Thu May 21 08:44:06 UTC 2026","passed","Thu May 21 08:44:06 UTC 2026","","Utility Functions","Utility Functions hslToRgb hue=60 (yellow) → [255,255,0]",""
"","5","Server Unit Tests PUT /api/colors/:name updates both name and hex simultaneously","","Thu May 21 08:45:38 UTC 2026","passed","Thu May 21 08:45:38 UTC 2026","","Server Unit Tests","Server Unit Tests PUT /api/colors/:name updates both name and hex simultaneously",""
"","120","Frontend Unit Tests App Component handleColorClick does nothing when data has no hex","","Thu May 21 08:44:06 UTC 2026","passed","Thu May 21 08:44:06 UTC 2026","","Frontend Unit Tests","Frontend Unit Tests App Component handleColorClick does nothing when data has no hex",""
"","5","Server Unit Tests Middleware returns 413 for payload too large","","Thu May 21 08:45:38 UTC 2026","passed","Thu May 21 08:45:38 UTC 2026","","Server Unit Tests","Server Unit Tests Middleware returns 413 for payload too large",""
"","4","Server Unit Tests Surviving Mutants & Edge Cases Mongoose Schema & Persistence kills empty schema mutant by verifying field persistence","","Thu May 21 08:45:38 UTC 2026","passed","Thu May 21 08:45:38 UTC 2026","","Server Unit Tests","Server Unit Tests Surviving Mutants & Edge Cases Mongoose Schema & Persistence kills empty schema mutant by verifying field persistence",""
"","2457","should not have any automatically detectable accessibility issues","Chrome","Thu May 21 08:50:32 UTC 2026","passed","Thu May 21 08:50:35 UTC 2026","Accessibility Tests","tests/a11y.spec.ts","",""
"","10","Component Tests ColorPicker wheel cursor moves to (220,110) after right-edge click (hue=0, sat=1)","","Thu May 21 08:44:06 UTC 2026","passed","Thu May 21 08:44:06 UTC 2026","","Utility Functions","Component Tests ColorPicker wheel cursor moves to (220,110) after right-edge click (hue=0, sat=1)",""
"","30","Frontend Unit Tests App Component picker cancel button closes the modal","","Thu May 21 08:44:06 UTC 2026","passed","Thu May 21 08:44:06 UTC 2026","","Frontend Unit Tests","Frontend Unit Tests App Component picker cancel button closes the modal",""
"","8","Server Integration Tests (Testcontainers) GET /api/colors/:name should be case-sensitive (lowercase name returns 404)","","Thu May 21 08:45:37 UTC 2026","passed","Thu May 21 08:45:37 UTC 2026","","Server Integration Tests (Testcontainers)","Server Integration Tests (Testcontainers) GET /api/colors/:name should be case-sensitive (lowercase name returns 404)",""
"","20","GET /api/colors","","","passed","","","schemathesis","",""
"","0","Utility Functions rgbToHex value 15 pads to 0f","","Thu May 21 08:44:06 UTC 2026","passed","Thu May 21 08:44:06 UTC 2026","","Utility Functions","Utility Functions rgbToHex value 15 pads to 0f",""
"","55","Frontend Unit Tests App Component successful delete removes the color chip","","Thu May 21 08:44:06 UTC 2026","passed","Thu May 21 08:44:06 UTC 2026","","Frontend Unit Tests","Frontend Unit Tests App Component successful delete removes the color chip",""
"","11","Server Unit Tests PUT /api/colors/:name updates the hex of an existing color","","Thu May 21 08:45:38 UTC 2026","passed","Thu May 21 08:45:38 UTC 2026","","Server Unit Tests","Server Unit Tests PUT /api/colors/:name updates the hex of an existing color",""
"","0","Utility Functions hslToRgb hue just below 60 is in sector 0, not sector 1","","Thu May 21 08:44:06 UTC 2026","passed","Thu May 21 08:44:06 UTC 2026","","Utility Functions","Utility Functions hslToRgb hue just below 60 is in sector 0, not sector 1",""
"","1002","verify Red ( #e74c3c ) is applied as the background color","Chrome","Thu May 21 08:50:26 UTC 2026","passed","Thu May 21 08:50:27 UTC 2026","POM Refactored: Background color tests","tests/pom-refactored.spec.ts","",""
"","29","Component Tests ColorPicker hex input updates hue/sat via rgbToHsl (green → hue≈120)","","Thu May 21 08:44:06 UTC 2026","passed","Thu May 21 08:44:06 UTC 2026","","Utility Functions","Component Tests ColorPicker hex input updates hue/sat via rgbToHsl (green → hue≈120)",""
"","0","Utility Functions readableOn returns #111 for light-grey (L≈0.60, above 0.179 threshold)","","Thu May 21 08:44:06 UTC 2026","passed","Thu May 21 08:44:06 UTC 2026","","Utility Functions","Utility Functions readableOn returns #111 for light-grey (L≈0.60, above 0.179 threshold)",""
"","867","verify Red ( #e74c3c ) is applied as the background color","Chrome","Thu May 21 08:50:16 UTC 2026","passed","Thu May 21 08:50:17 UTC 2026","Background color tests","tests/coverage.spec.ts","",""
"","541","Color button remains functional after switching language","BDD","Thu May 21 08:50:07 UTC 2026","passed","Thu May 21 08:50:08 UTC 2026","Language Switching","","",""
"","320","Server Unit Tests Surviving Mutants & Edge Cases Infrastructure uses MONGO_URI from environment if available","","Thu May 21 08:45:38 UTC 2026","passed","Thu May 21 08:45:38 UTC 2026","","Server Unit Tests","Server Unit Tests Surviving Mutants & Edge Cases Infrastructure uses MONGO_URI from environment if available",""
"","1792","should load the application and verify core functionality across browsers","Firefox","Thu May 21 08:50:10 UTC 2026","passed","Thu May 21 08:50:12 UTC 2026","Cross-Browser Core Functionality","","",""
"","1","Utility Functions rgbToHsl mid-grey [128,128,128] → s=0","","Thu May 21 08:44:06 UTC 2026","passed","Thu May 21 08:44:06 UTC 2026","","Utility Functions","Utility Functions rgbToHsl mid-grey [128,128,128] → s=0",""
"","1","Utility Functions hexToRgb is case-insensitive","","Thu May 21 08:44:06 UTC 2026","passed","Thu May 21 08:44:06 UTC 2026","","Utility Functions","Utility Functions hexToRgb is case-insensitive",""
"","5","Server Unit Tests Error Handling POST /api/colors returns 409 when database throws duplicate key error (code 11000)","","Thu May 21 08:45:38 UTC 2026","passed","Thu May 21 08:45:38 UTC 2026","","Server Unit Tests","Server Unit Tests Error Handling POST /api/colors returns 409 when database throws duplicate key error (code 11000)",""
"","0","Utility Functions hslToRgb lightness clamped: l=1.5 gives white","","Thu May 21 08:44:06 UTC 2026","passed","Thu May 21 08:44:06 UTC 2026","","Utility Functions","Utility Functions hslToRgb lightness clamped: l=1.5 gives white",""
"","43","Frontend Unit Tests App Component initial background is first color hex","","Thu May 21 08:44:06 UTC 2026","passed","Thu May 21 08:44:06 UTC 2026","","Frontend Unit Tests","Frontend Unit Tests App Component initial background is first color hex",""
"","0","Utility Functions rgbToHsl light red (#ff8080): l>0.5, s computed via (2-max-min) branch","","Thu May 21 08:44:06 UTC 2026","passed","Thu May 21 08:44:06 UTC 2026","","Utility Functions","Utility Functions rgbToHsl light red (#ff8080): l>0.5, s computed via (2-max-min) branch",""
"","4","Component Tests ColorPicker serverError banner is absent when serverError is null","","Thu May 21 08:44:06 UTC 2026","passed","Thu May 21 08:44:06 UTC 2026","","Utility Functions","Component Tests ColorPicker serverError banner is absent when serverError is null",""
"","85","Frontend Unit Tests App Component clicking a color chip makes it active","","Thu May 21 08:44:06 UTC 2026","passed","Thu May 21 08:44:06 UTC 2026","","Frontend Unit Tests","Frontend Unit Tests App Component clicking a color chip makes it active",""
"","7","Server Integration Tests (Testcontainers) GET /api/colors/:name should return correct data for Yellow","","Thu May 21 08:45:37 UTC 2026","passed","Thu May 21 08:45:37 UTC 2026","","Server Integration Tests (Testcontainers)","Server Integration Tests (Testcontainers) GET /api/colors/:name should return correct data for Yellow",""
"","1","Utility Functions rgbToHsl b max (#0040ff) → h in (180,300)","","Thu May 21 08:44:06 UTC 2026","passed","Thu May 21 08:44:06 UTC 2026","","Utility Functions","Utility Functions rgbToHsl b max (#0040ff) → h in (180,300)",""
"","18","Component Tests ColorPicker touch start on canvas sets hex to #ff0000 at right edge","","Thu May 21 08:44:06 UTC 2026","passed","Thu May 21 08:44:06 UTC 2026","","Utility Functions","Component Tests ColorPicker touch start on canvas sets hex to #ff0000 at right edge",""
"","481","should handle fetch colors network failure gracefully","Chrome","Thu May 21 08:50:23 UTC 2026","passed","Thu May 21 08:50:23 UTC 2026","UI Error Handling Coverage","tests/error-handling.spec.ts","",""
"","892","cancel in confirm dialog closes it without deleting","Chrome","Thu May 21 08:50:17 UTC 2026","passed","Thu May 21 08:50:18 UTC 2026","Color Management — Add & Delete","tests/color-management.spec.ts","",""
"","6","Server Unit Tests GET /api/colors/:name is case-sensitive","","Thu May 21 08:45:38 UTC 2026","passed","Thu May 21 08:45:38 UTC 2026","","Server Unit Tests","Server Unit Tests GET /api/colors/:name is case-sensitive",""
"","579","chip-x click opens confirm dialog with color name","Chrome","Thu May 21 08:50:17 UTC 2026","passed","Thu May 21 08:50:17 UTC 2026","Color Management — Add & Delete","tests/color-management.spec.ts","",""
"","25","Component Tests ColorPicker touchmove while dragging updates hex","","Thu May 21 08:44:06 UTC 2026","passed","Thu May 21 08:44:06 UTC 2026","","Utility Functions","Component Tests ColorPicker touchmove while dragging updates hex",""
"","1","Utility Functions hslToRgb saturation=0 gives pure grey [128,128,128]","","Thu May 21 08:44:06 UTC 2026","passed","Thu May 21 08:44:06 UTC 2026","","Utility Functions","Utility Functions hslToRgb saturation=0 gives pure grey [128,128,128]",""
"","0","homepage after color change","Chrome","Thu May 21 08:53:17 UTC 2026","skipped","Thu May 21 08:53:17 UTC 2026","Percy Visual Regression – Production > Percy – desktop-xl (1920×1080)","","",""
"","22","Component Tests ColorPicker submit is blocked when hex input has an error","","Thu May 21 08:44:06 UTC 2026","passed","Thu May 21 08:44:06 UTC 2026","","Utility Functions","Component Tests ColorPicker submit is blocked when hex input has an error",""
"","1116","Example #1","BDD","Thu May 21 08:50:04 UTC 2026","passed","Thu May 21 08:50:05 UTC 2026","Home Page Background Color > Change background color","","",""
"","4","Server Unit Tests Error Handling DELETE /api/colors/:name returns 500 when database fails","","Thu May 21 08:45:38 UTC 2026","passed","Thu May 21 08:45:38 UTC 2026","","Server Unit Tests","Server Unit Tests Error Handling DELETE /api/colors/:name returns 500 when database fails",""
"","1","Utility Functions readableOn returns #111 for white (very light, L=1)","","Thu May 21 08:44:06 UTC 2026","passed","Thu May 21 08:44:06 UTC 2026","","Utility Functions","Utility Functions readableOn returns #111 for white (very light, L=1)",""
"","994","close (×) button closes the picker","Chrome","Thu May 21 08:50:13 UTC 2026","passed","Thu May 21 08:50:14 UTC 2026","Color Management — Add & Delete","tests/color-management.spec.ts","",""
"","0","Utility Functions hslToRgb high lightness l=0.75 → [255,128,128]","","Thu May 21 08:44:06 UTC 2026","passed","Thu May 21 08:44:06 UTC 2026","","Utility Functions","Utility Functions hslToRgb high lightness l=0.75 → [255,128,128]",""
"","56","DELETE /api/colors/{name}","","","passed","","","schemathesis","",""
"","4","Server Unit Tests POST /api/colors returns 400 for name with only spaces","","Thu May 21 08:45:38 UTC 2026","passed","Thu May 21 08:45:38 UTC 2026","","Server Unit Tests","Server Unit Tests POST /api/colors returns 400 for name with only spaces",""
"","47","Frontend Unit Tests App Component deleting the active color switches background to the first remaining","","Thu May 21 08:44:06 UTC 2026","passed","Thu May 21 08:44:06 UTC 2026","","Frontend Unit Tests","Frontend Unit Tests App Component deleting the active color switches background to the first remaining",""
"","11","should reject missing name","Chrome","Thu May 21 08:50:43 UTC 2026","passed","Thu May 21 08:50:43 UTC 2026","Backend API Integration > POST /api/colors Schema Validation","tests/api.spec.ts","",""
"","116","should delete an existing color","Chrome","Thu May 21 08:50:10 UTC 2026","passed","Thu May 21 08:50:10 UTC 2026","Backend API Integration > DELETE /api/colors/:name","tests/api.spec.ts","",""
"","32","Frontend Unit Tests App Component add color 409 conflict shows picker error (data.error message)","","Thu May 21 08:44:06 UTC 2026","passed","Thu May 21 08:44:06 UTC 2026","","Frontend Unit Tests","Frontend Unit Tests App Component add color 409 conflict shows picker error (data.error message)",""
"","54","Frontend Unit Tests App Component add color success closes picker and shows new chip","","Thu May 21 08:44:06 UTC 2026","passed","Thu May 21 08:44:06 UTC 2026","","Frontend Unit Tests","Frontend Unit Tests App Component add color success closes picker and shows new chip",""
"","5","Server Unit Tests 405 Method Not Allowed does not return 405 for allowed POST method on /api/colors","","Thu May 21 08:45:38 UTC 2026","passed","Thu May 21 08:45:38 UTC 2026","","Server Unit Tests","Server Unit Tests 405 Method Not Allowed does not return 405 for allowed POST method on /api/colors",""
"","10","Server Integration Tests (Testcontainers) GET /api/colors/:name should return 404 for a non-existent color","","Thu May 21 08:45:37 UTC 2026","passed","Thu May 21 08:45:37 UTC 2026","","Server Integration Tests (Testcontainers)","Server Integration Tests (Testcontainers) GET /api/colors/:name should return 404 for a non-existent color",""
"","11","should reject empty name","Chrome","Thu May 21 08:50:43 UTC 2026","passed","Thu May 21 08:50:43 UTC 2026","Backend API Integration > POST /api/colors Schema Validation","tests/api.spec.ts","",""
"","3","Server Unit Tests PUT /api/colors/:name returns 400 for extra unknown fields (strict schema)","","Thu May 21 08:45:38 UTC 2026","passed","Thu May 21 08:45:38 UTC 2026","","Server Unit Tests","Server Unit Tests PUT /api/colors/:name returns 400 for extra unknown fields (strict schema)",""
"","1376","homepage should match snapshot","Chrome","Thu May 21 08:53:12 UTC 2026","passed","Thu May 21 08:53:14 UTC 2026","Visual Regression – desktop (1280×720)","","",""
"","949","clicking a chip makes it active","Chrome","Thu May 21 08:50:12 UTC 2026","passed","Thu May 21 08:50:13 UTC 2026","Color Management — Add & Delete","tests/color-management.spec.ts","",""
"","11","should reject missing hex","Chrome","Thu May 21 08:50:43 UTC 2026","passed","Thu May 21 08:50:43 UTC 2026","Backend API Integration > POST /api/colors Schema Validation","tests/api.spec.ts","",""
"","43","should create a new color with valid schema","Chrome","Thu May 21 08:50:43 UTC 2026","passed","Thu May 21 08:50:43 UTC 2026","Backend API Integration > POST /api/colors Schema Validation","tests/api.spec.ts","",""
"","4","Server Unit Tests PUT /api/colors/:name returns 400 for invalid name in path (regex check)","","Thu May 21 08:45:38 UTC 2026","passed","Thu May 21 08:45:38 UTC 2026","","Server Unit Tests","Server Unit Tests PUT /api/colors/:name returns 400 for invalid name in path (regex check)",""
"","26","Frontend Unit Tests App Component picker × button closes the modal","","Thu May 21 08:44:06 UTC 2026","passed","Thu May 21 08:44:06 UTC 2026","","Frontend Unit Tests","Frontend Unit Tests App Component picker × button closes the modal",""
"","5","Server Unit Tests OpenAPI endpoints serves Swagger UI as HTML","","Thu May 21 08:45:38 UTC 2026","passed","Thu May 21 08:45:38 UTC 2026","","Server Unit Tests","Server Unit Tests OpenAPI endpoints serves Swagger UI as HTML",""
"","21","Server Integration Tests (Testcontainers) POST /api/colors should create a new color and persist it in the real database","","Thu May 21 08:45:37 UTC 2026","passed","Thu May 21 08:45:37 UTC 2026","","Server Integration Tests (Testcontainers)","Server Integration Tests (Testcontainers) POST /api/colors should create a new color and persist it in the real database",""
"","7","Component Tests ColorPicker falls back to window resize listener when ResizeObserver is not available","","Thu May 21 08:44:06 UTC 2026","passed","Thu May 21 08:44:06 UTC 2026","","Utility Functions","Component Tests ColorPicker falls back to window resize listener when ResizeObserver is not available",""
"","0","Frontend Unit Tests i18n Configuration should have translation keys in resources","","Thu May 21 08:44:08 UTC 2026","passed","Thu May 21 08:44:08 UTC 2026","","Frontend Unit Tests","Frontend Unit Tests i18n Configuration should have translation keys in resources",""
"","0","Utility Functions rgbToHex output is lowercase","","Thu May 21 08:44:06 UTC 2026","passed","Thu May 21 08:44:06 UTC 2026","","Utility Functions","Utility Functions rgbToHex output is lowercase",""
"","8","Server Integration Tests (Testcontainers) POST /api/colors should return 400 when extra fields are provided","","Thu May 21 08:45:37 UTC 2026","passed","Thu May 21 08:45:37 UTC 2026","","Server Integration Tests (Testcontainers)","Server Integration Tests (Testcontainers) POST /api/colors should return 400 when extra fields are provided",""
"","6","Server Unit Tests Middleware JSON error middleware passes non-syntax errors to next()","","Thu May 21 08:45:38 UTC 2026","passed","Thu May 21 08:45:38 UTC 2026","","Server Unit Tests","Server Unit Tests Middleware JSON error middleware passes non-syntax errors to next()",""
"","0","Frontend Unit Tests i18n Configuration should have defined resources for en, es, el","","Thu May 21 08:44:08 UTC 2026","passed","Thu May 21 08:44:08 UTC 2026","","Frontend Unit Tests","Frontend Unit Tests i18n Configuration should have defined resources for en, es, el",""
"","7","NoSQL operator in GET path param is rejected (400 or 404)","Chrome","Thu May 21 08:51:11 UTC 2026","passed","Thu May 21 08:51:11 UTC 2026","Security > Injection Prevention","tests/security.spec.ts","",""
"","4","Server Unit Tests POST /api/colors returns 400 for completely empty body","","Thu May 21 08:45:38 UTC 2026","passed","Thu May 21 08:45:38 UTC 2026","","Server Unit Tests","Server Unit Tests POST /api/colors returns 400 for completely empty body",""
"","18","Frontend Unit Tests App Component text color on light background is dark","","Thu May 21 08:44:06 UTC 2026","passed","Thu May 21 08:44:06 UTC 2026","","Frontend Unit Tests","Frontend Unit Tests App Component text color on light background is dark",""
"","8","Utility Functions rgbToHsl pure green → h=120, s=1, l=0.5","","Thu May 21 08:44:06 UTC 2026","passed","Thu May 21 08:44:06 UTC 2026","","Utility Functions","Utility Functions rgbToHsl pure green → h=120, s=1, l=0.5",""
"","4","Server Unit Tests Surviving Mutants & Edge Cases PUT logic kills hex regex mutant in PUT","","Thu May 21 08:45:38 UTC 2026","passed","Thu May 21 08:45:38 UTC 2026","","Server Unit Tests","Server Unit Tests Surviving Mutants & Edge Cases PUT logic kills hex regex mutant in PUT",""
"","7","error responses return JSON, not HTML (no info leakage)","Chrome","Thu May 21 08:51:12 UTC 2026","passed","Thu May 21 08:51:12 UTC 2026","Security > Security Headers","tests/security.spec.ts","",""
"","6","Server Unit Tests PUT /api/colors/:name does not change name when updating only hex","","Thu May 21 08:45:38 UTC 2026","passed","Thu May 21 08:45:38 UTC 2026","","Server Unit Tests","Server Unit Tests PUT /api/colors/:name does not change name when updating only hex",""
"","7","Component Tests ColorPicker editing name input calls onClearError to clear server error","","Thu May 21 08:44:06 UTC 2026","passed","Thu May 21 08:44:06 UTC 2026","","Utility Functions","Component Tests ColorPicker editing name input calls onClearError to clear server error",""
"","0","Utility Functions paintWheelPixel paints red at right edge (dx=r, dy=0, hue=0)","","Thu May 21 08:44:06 UTC 2026","passed","Thu May 21 08:44:06 UTC 2026","","Utility Functions","Utility Functions paintWheelPixel paints red at right edge (dx=r, dy=0, hue=0)",""
"","0","Utility Functions hslToRgb hue=330 (rose) → [255,0,128]","","Thu May 21 08:44:06 UTC 2026","passed","Thu May 21 08:44:06 UTC 2026","","Utility Functions","Utility Functions hslToRgb hue=330 (rose) → [255,0,128]",""
"","99","Frontend Unit Tests App Component handleColorClick does nothing when data is null","","Thu May 21 08:44:06 UTC 2026","passed","Thu May 21 08:44:06 UTC 2026","","Frontend Unit Tests","Frontend Unit Tests App Component handleColorClick does nothing when data is null",""
"","6","Server Unit Tests Error Handling PUT /api/colors/:name returns 409 when database throws duplicate key error (code 11000) on save","","Thu May 21 08:45:38 UTC 2026","passed","Thu May 21 08:45:38 UTC 2026","","Server Unit Tests","Server Unit Tests Error Handling PUT /api/colors/:name returns 409 when database throws duplicate key error (code 11000) on save",""
"","3","Server Unit Tests PUT /api/colors/:name returns 400 for invalid hex on update","","Thu May 21 08:45:38 UTC 2026","passed","Thu May 21 08:45:38 UTC 2026","","Server Unit Tests","Server Unit Tests PUT /api/colors/:name returns 400 for invalid hex on update",""
"","637","should gracefully handle a color not found in the database","Chrome","Thu May 21 08:50:25 UTC 2026","passed","Thu May 21 08:50:26 UTC 2026","Network Mocking & Interception","tests/network-mocking.spec.ts","",""
"","0","Utility Functions hslToRgb hue=120 (green) → [0,255,0]","","Thu May 21 08:44:06 UTC 2026","passed","Thu May 21 08:44:06 UTC 2026","","Utility Functions","Utility Functions hslToRgb hue=120 (green) → [0,255,0]",""
"","0","Utility Functions readableOn returns #fff for a very dark blue","","Thu May 21 08:44:06 UTC 2026","passed","Thu May 21 08:44:06 UTC 2026","","Utility Functions","Utility Functions readableOn returns #fff for a very dark blue",""
"","9","Server Unit Tests seedDatabase clears existing colors and re-seeds with 3 defaults","","Thu May 21 08:45:38 UTC 2026","passed","Thu May 21 08:45:38 UTC 2026","","Server Unit Tests","Server Unit Tests seedDatabase clears existing colors and re-seeds with 3 defaults",""
"","1250","POST /api/colors","","","passed","","","schemathesis","",""
"","64","Frontend Unit Tests App Component useEffect runs only once on mount","","Thu May 21 08:44:06 UTC 2026","passed","Thu May 21 08:44:06 UTC 2026","","Frontend Unit Tests","Frontend Unit Tests App Component useEffect runs only once on mount",""
"","0","Utility Functions hslToRgb low lightness l=0.25 → [128,0,0]","","Thu May 21 08:44:06 UTC 2026","passed","Thu May 21 08:44:06 UTC 2026","","Utility Functions","Utility Functions hslToRgb low lightness l=0.25 → [128,0,0]",""
"","44","Frontend Unit Tests App Component confirm dialog cancel button closes it","","Thu May 21 08:44:06 UTC 2026","passed","Thu May 21 08:44:06 UTC 2026","","Frontend Unit Tests","Frontend Unit Tests App Component confirm dialog cancel button closes it",""
"","18","Server Integration Tests (Testcontainers) seedDatabase should clear custom colors when re-seeded","","Thu May 21 08:45:37 UTC 2026","passed","Thu May 21 08:45:37 UTC 2026","","Server Integration Tests (Testcontainers)","Server Integration Tests (Testcontainers) seedDatabase should clear custom colors when re-seeded",""
"","1","Utility Functions hslToRgb hue=360 wraps to hue=0 → [255,0,0]","","Thu May 21 08:44:06 UTC 2026","passed","Thu May 21 08:44:06 UTC 2026","","Utility Functions","Utility Functions hslToRgb hue=360 wraps to hue=0 → [255,0,0]",""
"","11","Frontend Unit Tests App Component shows loading text when colors array is empty","","Thu May 21 08:44:06 UTC 2026","passed","Thu May 21 08:44:06 UTC 2026","","Frontend Unit Tests","Frontend Unit Tests App Component shows loading text when colors array is empty",""
"","8","unknown extra fields in POST body are rejected (400)","Chrome","Thu May 21 08:51:11 UTC 2026","passed","Thu May 21 08:51:11 UTC 2026","Security > Input Validation","tests/security.spec.ts","",""
"","7","POST /api-docs returns 405","Chrome","Thu May 21 08:51:12 UTC 2026","passed","Thu May 21 08:51:12 UTC 2026","Security > HTTP Method Restrictions","tests/security.spec.ts","",""
"","0","Utility Functions rgbToHex converts arbitrary color","","Thu May 21 08:44:06 UTC 2026","passed","Thu May 21 08:44:06 UTC 2026","","Utility Functions","Utility Functions rgbToHex converts arbitrary color",""
"","7","PATCH /api/colors returns 405","Chrome","Thu May 21 08:51:12 UTC 2026","passed","Thu May 21 08:51:12 UTC 2026","Security > HTTP Method Restrictions","tests/security.spec.ts","",""
"","38","Frontend Unit Tests App Component active chip has is-active CSS class","","Thu May 21 08:44:06 UTC 2026","passed","Thu May 21 08:44:06 UTC 2026","","Frontend Unit Tests","Frontend Unit Tests App Component active chip has is-active CSS class",""
"","5","Server Unit Tests POST /api/colors returns 400 when hex is missing","","Thu May 21 08:45:38 UTC 2026","passed","Thu May 21 08:45:38 UTC 2026","","Server Unit Tests","Server Unit Tests POST /api/colors returns 400 when hex is missing",""
"","26","Component Tests ColorPicker mousedown outside circle clamps sat to 1","","Thu May 21 08:44:06 UTC 2026","passed","Thu May 21 08:44:06 UTC 2026","","Utility Functions","Component Tests ColorPicker mousedown outside circle clamps sat to 1",""
"","8","X-Powered-By header is not exposed","Chrome","Thu May 21 08:51:11 UTC 2026","passed","Thu May 21 08:51:12 UTC 2026","Security > Security Headers","tests/security.spec.ts","",""
"","13","Server Integration Tests (Testcontainers) PUT /api/colors/:name should update the hex of an existing color and persist it in the real database","","Thu May 21 08:45:37 UTC 2026","passed","Thu May 21 08:45:37 UTC 2026","","Server Integration Tests (Testcontainers)","Server Integration Tests (Testcontainers) PUT /api/colors/:name should update the hex of an existing color and persist it in the real database",""
"","11","should reject invalid hex format","Chrome","Thu May 21 08:50:43 UTC 2026","passed","Thu May 21 08:50:43 UTC 2026","Backend API Integration > POST /api/colors Schema Validation","tests/api.spec.ts","",""
"","3","Server Unit Tests OpenAPI endpoints has exact application/json content-type","","Thu May 21 08:45:38 UTC 2026","passed","Thu May 21 08:45:38 UTC 2026","","Server Unit Tests","Server Unit Tests OpenAPI endpoints has exact application/json content-type",""
"","9","Server Integration Tests (Testcontainers) POST /api/colors should accept a color name containing spaces","","Thu May 21 08:45:37 UTC 2026","passed","Thu May 21 08:45:37 UTC 2026","","Server Integration Tests (Testcontainers)","Server Integration Tests (Testcontainers) POST /api/colors should accept a color name containing spaces",""
"","6","Server Unit Tests POST /api/colors accepts names with alphanumeric characters and spaces","","Thu May 21 08:45:38 UTC 2026","passed","Thu May 21 08:45:38 UTC 2026","","Server Unit Tests","Server Unit Tests POST /api/colors accepts names with alphanumeric characters and spaces",""
"","6","Server Integration Tests (Testcontainers) Method Not Allowed should return 405 for PATCH /api/colors/:name","","Thu May 21 08:45:37 UTC 2026","passed","Thu May 21 08:45:37 UTC 2026","","Server Integration Tests (Testcontainers)","Server Integration Tests (Testcontainers) Method Not Allowed should return 405 for PATCH /api/colors/:name",""
"","0","Utility Functions paintWheelPixel sets alpha to 0 when dist > r (outside circle)","","Thu May 21 08:44:06 UTC 2026","passed","Thu May 21 08:44:06 UTC 2026","","Utility Functions","Utility Functions paintWheelPixel sets alpha to 0 when dist > r (outside circle)",""
"","1","Utility Functions rgbToHsl r max with g<b (#ff0040) → h near 345","","Thu May 21 08:44:06 UTC 2026","passed","Thu May 21 08:44:06 UTC 2026","","Utility Functions","Utility Functions rgbToHsl r max with g<b (#ff0040) → h near 345",""
"","743","handle initial fetch with empty data","Chrome","Thu May 21 08:50:19 UTC 2026","passed","Thu May 21 08:50:20 UTC 2026","Edge cases and error handling","tests/coverage.spec.ts","",""
"","8","Server Integration Tests (Testcontainers) POST /api/colors should return 400 for invalid hex format (missing #)","","Thu May 21 08:45:37 UTC 2026","passed","Thu May 21 08:45:37 UTC 2026","","Server Integration Tests (Testcontainers)","Server Integration Tests (Testcontainers) POST /api/colors should return 400 for invalid hex format (missing #)",""
"","4","Server Unit Tests PUT /api/colors/:name returns 404 for a non-existent color","","Thu May 21 08:45:38 UTC 2026","passed","Thu May 21 08:45:38 UTC 2026","","Server Unit Tests","Server Unit Tests PUT /api/colors/:name returns 404 for a non-existent color",""
"","862","Example #2","BDD","Thu May 21 08:50:05 UTC 2026","passed","Thu May 21 08:50:06 UTC 2026","Home Page Background Color > Change background color","","",""
"","6","Server Unit Tests 405 Method Not Allowed returns 405 for POST, PUT, DELETE on /openapi.json","","Thu May 21 08:45:38 UTC 2026","passed","Thu May 21 08:45:38 UTC 2026","","Server Unit Tests","Server Unit Tests 405 Method Not Allowed returns 405 for POST, PUT, DELETE on /openapi.json",""
"","4","Component Tests ConfirmDialog Escape key does NOT call onCancel when busy","","Thu May 21 08:44:06 UTC 2026","passed","Thu May 21 08:44:06 UTC 2026","","Component Tests","Component Tests ConfirmDialog Escape key does NOT call onCancel when busy",""
"","5","Server Unit Tests Error Handling GET /api/colors returns 500 when database fails","","Thu May 21 08:45:38 UTC 2026","passed","Thu May 21 08:45:38 UTC 2026","","Server Unit Tests","Server Unit Tests Error Handling GET /api/colors returns 500 when database fails",""
"","9","Server Integration Tests (Testcontainers) DELETE /api/colors/:name should return 404 on a second delete of the same color","","Thu May 21 08:45:37 UTC 2026","passed","Thu May 21 08:45:37 UTC 2026","","Server Integration Tests (Testcontainers)","Server Integration Tests (Testcontainers) DELETE /api/colors/:name should return 404 on a second delete of the same color",""
"","4","Server Unit Tests OpenAPI endpoints spec includes component schemas","","Thu May 21 08:45:38 UTC 2026","passed","Thu May 21 08:45:38 UTC 2026","","Server Unit Tests","Server Unit Tests OpenAPI endpoints spec includes component schemas",""
"","5","Server Unit Tests POST /api/colors applies the createColorLimiter rate limit headers","","Thu May 21 08:45:38 UTC 2026","passed","Thu May 21 08:45:38 UTC 2026","","Server Unit Tests","Server Unit Tests POST /api/colors applies the createColorLimiter rate limit headers",""
"","44","Frontend Unit Tests App Component deleting a non-active color keeps the current background","","Thu May 21 08:44:06 UTC 2026","passed","Thu May 21 08:44:06 UTC 2026","","Frontend Unit Tests","Frontend Unit Tests App Component deleting a non-active color keeps the current background",""
"","0","Utility Functions hexToRgb parses hex without the leading #","","Thu May 21 08:44:06 UTC 2026","passed","Thu May 21 08:44:06 UTC 2026","","Utility Functions","Utility Functions hexToRgb parses hex without the leading #",""
"","6","Server Unit Tests Middleware includes CORS headers","","Thu May 21 08:45:38 UTC 2026","passed","Thu May 21 08:45:38 UTC 2026","","Server Unit Tests","Server Unit Tests Middleware includes CORS headers",""
"","2","Server Unit Tests Surviving Mutants & Edge Cases Mongoose Schema Strictness kills empty schema mutant by checking schema paths","","Thu May 21 08:45:38 UTC 2026","passed","Thu May 21 08:45:38 UTC 2026","","Server Unit Tests","Server Unit Tests Surviving Mutants & Edge Cases Mongoose Schema Strictness kills empty schema mutant by checking schema paths",""
"","149","Component Tests ConfirmDialog renders title, body, and both buttons","","Thu May 21 08:44:06 UTC 2026","passed","Thu May 21 08:44:06 UTC 2026","","Component Tests","Component Tests ConfirmDialog renders title, body, and both buttons",""
"","30","Server Unit Tests Surviving Mutants & Edge Cases Strict Path & Method Validation kills allowedMethods mutants by exhaustive testing","","Thu May 21 08:45:38 UTC 2026","passed","Thu May 21 08:45:38 UTC 2026","","Server Unit Tests","Server Unit Tests Surviving Mutants & Edge Cases Strict Path & Method Validation kills allowedMethods mutants by exhaustive testing",""
"","0","Utility Functions hslToRgb hue=300 (magenta) → [255,0,255]","","Thu May 21 08:44:06 UTC 2026","passed","Thu May 21 08:44:06 UTC 2026","","Utility Functions","Utility Functions hslToRgb hue=300 (magenta) → [255,0,255]",""
"","1036","shows client-side ""Name is required"" when submitting empty name","Chrome","Thu May 21 08:50:14 UTC 2026","passed","Thu May 21 08:50:15 UTC 2026","Color Management — Add & Delete","tests/color-management.spec.ts","",""
"","6","Server Unit Tests 405 Method Not Allowed returns 405 for POST, PUT, DELETE on /api-docs","","Thu May 21 08:45:38 UTC 2026","passed","Thu May 21 08:45:38 UTC 2026","","Server Unit Tests","Server Unit Tests 405 Method Not Allowed returns 405 for POST, PUT, DELETE on /api-docs",""
"","1942","should maintain accessibility in es language and verify resilient locators","Chrome","Thu May 21 08:50:38 UTC 2026","passed","Thu May 21 08:50:40 UTC 2026","i18n Accessibility Tests","tests/a11y.spec.ts","",""
"","61","GET /api/colors/Red should return the correct hex code","Chrome","Thu May 21 08:50:42 UTC 2026","passed","Thu May 21 08:50:43 UTC 2026","Backend API Integration","tests/api.spec.ts","",""
"","1100","successful delete removes the chip","Chrome","Thu May 21 08:50:18 UTC 2026","passed","Thu May 21 08:50:19 UTC 2026","Color Management — Add & Delete","tests/color-management.spec.ts","",""
"","23","Frontend Unit Tests App Component labelFor returns translation for known color (Turquoise)","","Thu May 21 08:44:06 UTC 2026","passed","Thu May 21 08:44:06 UTC 2026","","Frontend Unit Tests","Frontend Unit Tests App Component labelFor returns translation for known color (Turquoise)",""
"","22","should return 404 for non-existent color deletion","Chrome","Thu May 21 08:50:10 UTC 2026","passed","Thu May 21 08:50:10 UTC 2026","Backend API Integration > DELETE /api/colors/:name","tests/api.spec.ts","",""
"","7","Server Unit Tests Surviving Mutants & Edge Cases Regex & Validation Zod required_error messages are correct","","Thu May 21 08:45:38 UTC 2026","passed","Thu May 21 08:45:38 UTC 2026","","Server Unit Tests","Server Unit Tests Surviving Mutants & Edge Cases Regex & Validation Zod required_error messages are correct",""
"","15","Component Tests ColorPicker typing a valid hex without # prefix is accepted","","Thu May 21 08:44:06 UTC 2026","passed","Thu May 21 08:44:06 UTC 2026","","Utility Functions","Component Tests ColorPicker typing a valid hex without # prefix is accepted",""
"","649","first color chip is active on load (aria-pressed=true)","Chrome","Thu May 21 08:50:10 UTC 2026","passed","Thu May 21 08:50:11 UTC 2026","Color Management — Add & Delete","tests/color-management.spec.ts","",""
"","58","GET /api/colors/{name}","","","passed","","","schemathesis","",""
"","8","Component Tests ColorPicker displays serverError prop in an alert banner","","Thu May 21 08:44:06 UTC 2026","passed","Thu May 21 08:44:06 UTC 2026","","Utility Functions","Component Tests ColorPicker displays serverError prop in an alert banner",""
"","13","POST with javascript: URI in name is rejected (400)","Chrome","Thu May 21 08:51:09 UTC 2026","passed","Thu May 21 08:51:09 UTC 2026","Security > XSS Prevention","tests/security.spec.ts","",""
"","55","Frontend Unit Tests App Component delete sends DELETE request with correct method","","Thu May 21 08:44:06 UTC 2026","passed","Thu May 21 08:44:06 UTC 2026","","Frontend Unit Tests","Frontend Unit Tests App Component delete sends DELETE request with correct method",""
"","685","clicking ""+ Add color"" opens the picker modal","Chrome","Thu May 21 08:50:12 UTC 2026","passed","Thu May 21 08:50:12 UTC 2026","Color Management — Add & Delete","tests/color-management.spec.ts","",""
"","1","Utility Functions hslToRgb hue=240 (blue) → [0,0,255]","","Thu May 21 08:44:06 UTC 2026","passed","Thu May 21 08:44:06 UTC 2026","","Utility Functions","Utility Functions hslToRgb hue=240 (blue) → [0,0,255]",""
"","4","Server Unit Tests POST /api/colors rejects names with the + character (+ encodes as space in URLs, causing lookup mismatches)","","Thu May 21 08:45:38 UTC 2026","passed","Thu May 21 08:45:38 UTC 2026","","Server Unit Tests","Server Unit Tests POST /api/colors rejects names with the + character (+ encodes as space in URLs, causing lookup mismatches)",""
"","9","should reject omitting both name and hex on update","Chrome","Thu May 21 08:50:43 UTC 2026","passed","Thu May 21 08:50:43 UTC 2026","Backend API Integration > PUT /api/colors/:name Schema Validation","tests/api.spec.ts","",""
"","19","Component Tests ColorPicker Cancel button is disabled when saving=true","","Thu May 21 08:44:06 UTC 2026","passed","Thu May 21 08:44:06 UTC 2026","","Utility Functions","Component Tests ColorPicker Cancel button is disabled when saving=true",""
"","1434","deleting the active color switches background to the first remaining","Chrome","Thu May 21 08:50:18 UTC 2026","passed","Thu May 21 08:50:20 UTC 2026","Color Management — Add & Delete","tests/color-management.spec.ts","",""
"","38","Frontend Unit Tests App Component add color 400 without data.error falls back to generic message","","Thu May 21 08:44:06 UTC 2026","passed","Thu May 21 08:44:06 UTC 2026","","Frontend Unit Tests","Frontend Unit Tests App Component add color 400 without data.error falls back to generic message",""
"","6","Frontend Unit Tests App Component initial default background before fetch resolves","","Thu May 21 08:44:06 UTC 2026","passed","Thu May 21 08:44:06 UTC 2026","","Frontend Unit Tests","Frontend Unit Tests App Component initial default background before fetch resolves",""
"","24","Component Tests ConfirmDialog cancel button calls onCancel","","Thu May 21 08:44:06 UTC 2026","passed","Thu May 21 08:44:06 UTC 2026","","Component Tests","Component Tests ConfirmDialog cancel button calls onCancel",""
"","6","Server Integration Tests (Testcontainers) PUT /api/colors/:name should return 400 for invalid name in URL path","","Thu May 21 08:45:37 UTC 2026","passed","Thu May 21 08:45:37 UTC 2026","","Server Integration Tests (Testcontainers)","Server Integration Tests (Testcontainers) PUT /api/colors/:name should return 400 for invalid name in URL path",""
"","0","Utility Functions rgbToHsl black [0,0,0] → h=0, s=0, l=0","","Thu May 21 08:44:06 UTC 2026","passed","Thu May 21 08:44:06 UTC 2026","","Utility Functions","Utility Functions rgbToHsl black [0,0,0] → h=0, s=0, l=0",""
"","3","Server Unit Tests DELETE /api/colors/:name returns 400 for invalid name in path (regex check)","","Thu May 21 08:45:38 UTC 2026","passed","Thu May 21 08:45:38 UTC 2026","","Server Unit Tests","Server Unit Tests DELETE /api/colors/:name returns 400 for invalid name in path (regex check)",""
"","5","Server Unit Tests Middleware JSON error middleware ignores SyntaxError with status != 400","","Thu May 21 08:45:38 UTC 2026","passed","Thu May 21 08:45:38 UTC 2026","","Server Unit Tests","Server Unit Tests Middleware JSON error middleware ignores SyntaxError with status != 400",""
"","9","Server Integration Tests (Testcontainers) DELETE /api/colors/:name should delete a color and confirm removal from the real database","","Thu May 21 08:45:37 UTC 2026","passed","Thu May 21 08:45:37 UTC 2026","","Server Integration Tests (Testcontainers)","Server Integration Tests (Testcontainers) DELETE /api/colors/:name should delete a color and confirm removal from the real database",""
"","7","empty body on POST returns 400","Chrome","Thu May 21 08:51:11 UTC 2026","passed","Thu May 21 08:51:11 UTC 2026","Security > Input Validation","tests/security.spec.ts","",""
"","20","Component Tests ColorPicker lightness slider min value (0) gives black","","Thu May 21 08:44:06 UTC 2026","passed","Thu May 21 08:44:06 UTC 2026","","Utility Functions","Component Tests ColorPicker lightness slider min value (0) gives black",""
"","626","should handle color click network failure gracefully","Chrome","Thu May 21 08:50:23 UTC 2026","passed","Thu May 21 08:50:23 UTC 2026","UI Error Handling Coverage","tests/error-handling.spec.ts","",""
"","13","GET /api/colors/Yellow should return the correct hex code","Chrome","Thu May 21 08:50:43 UTC 2026","passed","Thu May 21 08:50:43 UTC 2026","Backend API Integration","tests/api.spec.ts","",""
"","8058","should meet the accessibility threshold using Google Lighthouse","Chrome","Thu May 21 08:50:36 UTC 2026","passed","Thu May 21 08:50:44 UTC 2026","Accessibility Tests","tests/a11y.spec.ts","",""
"Performance Test: API Performance Test
File: api-performance.spec.ts
Total Iterations: 1
Max VUs: 1

HTTP Request Duration:
- Avg: 6.62ms
- P(95): 15.87ms
- Max: 18.46ms

Full metrics attached in the results.","1270","API Performance Test","Performance","Thu May 21 08:46:58 UTC 2026","passed","Thu May 21 08:46:59 UTC 2026","api-performance.spec.ts","API Performance Test","",""
"","61","Server Unit Tests GET /api/colors returns all seeded colors with correct names and hex values","","Thu May 21 08:45:38 UTC 2026","passed","Thu May 21 08:45:38 UTC 2026","","Server Unit Tests","Server Unit Tests GET /api/colors returns all seeded colors with correct names and hex values",""
"","7","Server Unit Tests GET /api/colors returns JSON content type","","Thu May 21 08:45:38 UTC 2026","passed","Thu May 21 08:45:38 UTC 2026","","Server Unit Tests","Server Unit Tests GET /api/colors returns JSON content type",""
"","6","Server Integration Tests (Testcontainers) POST /api/colors should return 400 when hex is missing","","Thu May 21 08:45:37 UTC 2026","passed","Thu May 21 08:45:37 UTC 2026","","Server Integration Tests (Testcontainers)","Server Integration Tests (Testcontainers) POST /api/colors should return 400 when hex is missing",""
"","21","Component Tests ColorPicker duplicate check is case-insensitive","","Thu May 21 08:44:06 UTC 2026","passed","Thu May 21 08:44:06 UTC 2026","","Utility Functions","Component Tests ColorPicker duplicate check is case-insensitive",""
"","12","Server Integration Tests (Testcontainers) POST /api/colors should return 409 when creating a duplicate color name","","Thu May 21 08:45:37 UTC 2026","passed","Thu May 21 08:45:37 UTC 2026","","Server Integration Tests (Testcontainers)","Server Integration Tests (Testcontainers) POST /api/colors should return 409 when creating a duplicate color name",""
"","7","DELETE /api/colors (collection) returns 405","Chrome","Thu May 21 08:51:12 UTC 2026","passed","Thu May 21 08:51:12 UTC 2026","Security > HTTP Method Restrictions","tests/security.spec.ts","",""
"","822","homepage should match snapshot","Chrome","Thu May 21 08:53:15 UTC 2026","passed","Thu May 21 08:53:16 UTC 2026","Visual Regression – iphone-landscape (667×375)","","",""
"","0","Utility Functions paintWheelPixel paints grey at center (dx=0, dy=0, dist=0, sat=0)","","Thu May 21 08:44:06 UTC 2026","passed","Thu May 21 08:44:06 UTC 2026","","Utility Functions","Utility Functions paintWheelPixel paints grey at center (dx=0, dy=0, dist=0, sat=0)",""
"","0","Utility Functions hslToRgb hue=180 (cyan) → [0,255,255]","","Thu May 21 08:44:06 UTC 2026","passed","Thu May 21 08:44:06 UTC 2026","","Utility Functions","Utility Functions hslToRgb hue=180 (cyan) → [0,255,255]",""
"","0","Utility Functions paintWheelPixel anti-aliases near-edge pixel: dist=r-0.5 gives alpha=127","","Thu May 21 08:44:06 UTC 2026","passed","Thu May 21 08:44:06 UTC 2026","","Utility Functions","Utility Functions paintWheelPixel anti-aliases near-edge pixel: dist=r-0.5 gives alpha=127",""
"","1136","delete API error shows alert banner","Chrome","Thu May 21 08:50:19 UTC 2026","passed","Thu May 21 08:50:20 UTC 2026","Color Management — Add & Delete","tests/color-management.spec.ts","",""
"","7","Server Unit Tests Surviving Mutants & Edge Cases Rate Limiting & Security kills mutants by verifying x-ratelimit headers","","Thu May 21 08:45:38 UTC 2026","passed","Thu May 21 08:45:38 UTC 2026","","Server Unit Tests","Server Unit Tests Surviving Mutants & Edge Cases Rate Limiting & Security kills mutants by verifying x-ratelimit headers",""
"","0","mobile color picker workflow","Chrome","Thu May 21 08:53:17 UTC 2026","skipped","Thu May 21 08:53:17 UTC 2026","Percy Visual Regression – Production > Percy – Mobile Interactions","","",""
"","15","Server Unit Tests Surviving Mutants & Edge Cases Regex & Validation STRICT_NAME_REGEX kills mutants on start/end/middle characters","","Thu May 21 08:45:38 UTC 2026","passed","Thu May 21 08:45:38 UTC 2026","","Server Unit Tests","Server Unit Tests Surviving Mutants & Edge Cases Regex & Validation STRICT_NAME_REGEX kills mutants on start/end/middle characters",""
"","743","handle color response missing hex property","Chrome","Thu May 21 08:50:20 UTC 2026","passed","Thu May 21 08:50:21 UTC 2026","Edge cases and error handling","tests/coverage.spec.ts","",""
"","12","Server Unit Tests Surviving Mutants & Edge Cases Strict Path & Method Validation kills mutants that change route paths to empty string","","Thu May 21 08:45:38 UTC 2026","passed","Thu May 21 08:45:38 UTC 2026","","Server Unit Tests","Server Unit Tests Surviving Mutants & Edge Cases Strict Path & Method Validation kills mutants that change route paths to empty string",""
"","0","homepage after color change","Chrome","Thu May 21 08:53:17 UTC 2026","skipped","Thu May 21 08:53:17 UTC 2026","Percy Visual Regression – Production > Percy – tablet (768×1024)","","",""
"","57","Component Tests ColorPicker editing name does NOT call onClearError when no serverError","","Thu May 21 08:44:06 UTC 2026","passed","Thu May 21 08:44:06 UTC 2026","","Utility Functions","Component Tests ColorPicker editing name does NOT call onClearError when no serverError",""
"","0","homepage initial state","Chrome","Thu May 21 08:53:17 UTC 2026","skipped","Thu May 21 08:53:17 UTC 2026","Percy Visual Regression – Production > Percy – tablet (768×1024)","","",""
"","6","Server Unit Tests GET /api/colors/:name returns Yellow color correctly","","Thu May 21 08:45:38 UTC 2026","passed","Thu May 21 08:45:38 UTC 2026","","Server Unit Tests","Server Unit Tests GET /api/colors/:name returns Yellow color correctly",""
"","7","malformed JSON body returns 400","Chrome","Thu May 21 08:51:11 UTC 2026","passed","Thu May 21 08:51:11 UTC 2026","Security > Input Validation","tests/security.spec.ts","",""
"","5","Server Unit Tests POST /api/colors returns 400 for name with special characters","","Thu May 21 08:45:38 UTC 2026","passed","Thu May 21 08:45:38 UTC 2026","","Server Unit Tests","Server Unit Tests POST /api/colors returns 400 for name with special characters",""
"","0","Utility Functions rgbToHex converts pure red","","Thu May 21 08:44:06 UTC 2026","passed","Thu May 21 08:44:06 UTC 2026","","Utility Functions","Utility Functions rgbToHex converts pure red",""
"","9","Server Unit Tests Surviving Mutants & Edge Cases Regex & Validation STRICT_NAME_REGEX kills mutants by testing multiple spaces in the middle and rejecting pluses","","Thu May 21 08:45:38 UTC 2026","passed","Thu May 21 08:45:38 UTC 2026","","Server Unit Tests","Server Unit Tests Surviving Mutants & Edge Cases Regex & Validation STRICT_NAME_REGEX kills mutants by testing multiple spaces in the middle and rejecting pluses",""
"","20","Server Unit Tests POST /api/colors creates a new color and returns 201 with correct body","","Thu May 21 08:45:38 UTC 2026","passed","Thu May 21 08:45:38 UTC 2026","","Server Unit Tests","Server Unit Tests POST /api/colors creates a new color and returns 201 with correct body",""
"","9","Component Tests ConfirmDialog Enter key does NOT call onConfirm when busy","","Thu May 21 08:44:06 UTC 2026","passed","Thu May 21 08:44:06 UTC 2026","","Component Tests","Component Tests ConfirmDialog Enter key does NOT call onConfirm when busy",""
"","3","Frontend Unit Tests i18n Configuration should translate keys correctly","","Thu May 21 08:44:08 UTC 2026","passed","Thu May 21 08:44:08 UTC 2026","","Frontend Unit Tests","Frontend Unit Tests i18n Configuration should translate keys correctly",""
"","598","Show error message when the initial colors fetch fails","BDD","Thu May 21 08:50:03 UTC 2026","passed","Thu May 21 08:50:03 UTC 2026","API Error Handling","","",""
"","6","Server Integration Tests (Testcontainers) GET /api/colors/:name should return 400 for invalid name format","","Thu May 21 08:45:37 UTC 2026","passed","Thu May 21 08:45:37 UTC 2026","","Server Integration Tests (Testcontainers)","Server Integration Tests (Testcontainers) GET /api/colors/:name should return 400 for invalid name format",""
"","1128","should create color via API and verify through UI","Chrome","Thu May 21 08:50:24 UTC 2026","passed","Thu May 21 08:50:25 UTC 2026","Hybrid E2E Testing","tests/hybrid.spec.ts","",""
"","301","Server Unit Tests Surviving Mutants & Edge Cases Port Fallback reflects process.env.PORT in Swagger servers","","Thu May 21 08:45:38 UTC 2026","passed","Thu May 21 08:45:38 UTC 2026","","Server Unit Tests","Server Unit Tests Surviving Mutants & Edge Cases Port Fallback reflects process.env.PORT in Swagger servers",""
"","0","Frontend Unit Tests i18n Configuration interpolation should not escape value","","Thu May 21 08:44:08 UTC 2026","passed","Thu May 21 08:44:08 UTC 2026","","Frontend Unit Tests","Frontend Unit Tests i18n Configuration interpolation should not escape value",""
"","14","Component Tests ColorPicker Add color button shows ""Saving…"" when saving=true","","Thu May 21 08:44:06 UTC 2026","passed","Thu May 21 08:44:06 UTC 2026","","Utility Functions","Component Tests ColorPicker Add color button shows ""Saving…"" when saving=true",""
"","0","Utility Functions hslToRgb lightness=1 gives white","","Thu May 21 08:44:06 UTC 2026","passed","Thu May 21 08:44:06 UTC 2026","","Utility Functions","Utility Functions hslToRgb lightness=1 gives white",""
"","3","Component Tests ConfirmDialog Enter key calls onConfirm when not busy","","Thu May 21 08:44:06 UTC 2026","passed","Thu May 21 08:44:06 UTC 2026","","Component Tests","Component Tests ConfirmDialog Enter key calls onConfirm when not busy",""
"","24","Component Tests ColorPicker submit with invalid chars shows validation error","","Thu May 21 08:44:06 UTC 2026","passed","Thu May 21 08:44:06 UTC 2026","","Utility Functions","Component Tests ColorPicker submit with invalid chars shows validation error",""
"","340","Server Unit Tests Surviving Mutants & Edge Cases Port Fallback uses default PORT 5001 when process.env.PORT is missing","","Thu May 21 08:45:38 UTC 2026","passed","Thu May 21 08:45:38 UTC 2026","","Server Unit Tests","Server Unit Tests Surviving Mutants & Edge Cases Port Fallback uses default PORT 5001 when process.env.PORT is missing",""
"","4","Server Unit Tests POST /api/colors returns 400 for invalid hex format (too short)","","Thu May 21 08:45:38 UTC 2026","passed","Thu May 21 08:45:38 UTC 2026","","Server Unit Tests","Server Unit Tests POST /api/colors returns 400 for invalid hex format (too short)",""
"","14","Component Tests ColorPicker typing blue hex updates internal state (b is max branch)","","Thu May 21 08:44:06 UTC 2026","passed","Thu May 21 08:44:06 UTC 2026","","Utility Functions","Component Tests ColorPicker typing blue hex updates internal state (b is max branch)",""
"","29","should update a color with valid schema","Chrome","Thu May 21 08:50:43 UTC 2026","passed","Thu May 21 08:50:43 UTC 2026","Backend API Integration > PUT /api/colors/:name Schema Validation","tests/api.spec.ts","",""
"","6","Server Unit Tests DELETE /api/colors/:name cannot delete the same color twice","","Thu May 21 08:45:38 UTC 2026","passed","Thu May 21 08:45:38 UTC 2026","","Server Unit Tests","Server Unit Tests DELETE /api/colors/:name cannot delete the same color twice",""
"","3","Server Unit Tests 405 Method Not Allowed sets the Allow header on /api/colors/:name with correct methods","","Thu May 21 08:45:38 UTC 2026","passed","Thu May 21 08:45:38 UTC 2026","","Server Unit Tests","Server Unit Tests 405 Method Not Allowed sets the Allow header on /api/colors/:name with correct methods",""
"","29","Frontend Unit Tests App Component add color sends POST with correct method, headers, and body","","Thu May 21 08:44:06 UTC 2026","passed","Thu May 21 08:44:06 UTC 2026","","Frontend Unit Tests","Frontend Unit Tests App Component add color sends POST with correct method, headers, and body",""
"","0","homepage initial state","Chrome","Thu May 21 08:53:17 UTC 2026","skipped","Thu May 21 08:53:17 UTC 2026","Percy Visual Regression – Production > Percy – desktop (1280×720)","","",""
"","4","Server Unit Tests Surviving Mutants & Edge Cases Swagger Metadata & OpenAPI has exact application/json content-type","","Thu May 21 08:45:38 UTC 2026","passed","Thu May 21 08:45:38 UTC 2026","","Server Unit Tests","Server Unit Tests Surviving Mutants & Edge Cases Swagger Metadata & OpenAPI has exact application/json content-type",""
"","22","Server Integration Tests (Testcontainers) Concurrent writes should handle simultaneous POSTs with the same name — exactly one succeeds","","Thu May 21 08:45:37 UTC 2026","passed","Thu May 21 08:45:37 UTC 2026","","Server Integration Tests (Testcontainers)","Server Integration Tests (Testcontainers) Concurrent writes should handle simultaneous POSTs with the same name — exactly one succeeds",""
"","10","Server Integration Tests (Testcontainers) seedDatabase should always restore the three default seed colors","","Thu May 21 08:45:37 UTC 2026","passed","Thu May 21 08:45:37 UTC 2026","","Server Integration Tests (Testcontainers)","Server Integration Tests (Testcontainers) seedDatabase should always restore the three default seed colors",""
"","10","Server Unit Tests PUT /api/colors/:name updates the name of an existing color and preserves hex","","Thu May 21 08:45:38 UTC 2026","passed","Thu May 21 08:45:38 UTC 2026","","Server Unit Tests","Server Unit Tests PUT /api/colors/:name updates the name of an existing color and preserves hex",""
"","25","Server Integration Tests (Testcontainers) End-to-end CRUD workflow should create, read, update, and delete a color in sequence","","Thu May 21 08:45:37 UTC 2026","passed","Thu May 21 08:45:37 UTC 2026","","Server Integration Tests (Testcontainers)","Server Integration Tests (Testcontainers) End-to-end CRUD workflow should create, read, update, and delete a color in sequence",""
"","9","Component Tests ColorPicker typing an invalid hex shows ""Use format #RRGGBB"" error","","Thu May 21 08:44:06 UTC 2026","passed","Thu May 21 08:44:06 UTC 2026","","Utility Functions","Component Tests ColorPicker typing an invalid hex shows ""Use format #RRGGBB"" error",""
"","25","Component Tests ColorPicker lightness slider max value (100) gives white","","Thu May 21 08:44:06 UTC 2026","passed","Thu May 21 08:44:06 UTC 2026","","Utility Functions","Component Tests ColorPicker lightness slider max value (100) gives white",""
"","0","Utility Functions readableOn returns #111 for turquoise (L≈0.39, black gives better contrast)","","Thu May 21 08:44:06 UTC 2026","passed","Thu May 21 08:44:06 UTC 2026","","Utility Functions","Utility Functions readableOn returns #111 for turquoise (L≈0.39, black gives better contrast)",""
"","24","Component Tests ColorPicker submit with empty name shows ""Name is required"" error","","Thu May 21 08:44:06 UTC 2026","passed","Thu May 21 08:44:06 UTC 2026","","Utility Functions","Component Tests ColorPicker submit with empty name shows ""Name is required"" error",""
"","23","Component Tests ColorPicker mousedown at bottom-center (hue=90) sets hex to #80ff00","","Thu May 21 08:44:06 UTC 2026","passed","Thu May 21 08:44:06 UTC 2026","","Utility Functions","Component Tests ColorPicker mousedown at bottom-center (hue=90) sets hex to #80ff00",""
"","1","Utility Functions readableOn returns #111 for a pale/pastel colour (high luminance)","","Thu May 21 08:44:06 UTC 2026","passed","Thu May 21 08:44:06 UTC 2026","","Utility Functions","Utility Functions readableOn returns #111 for a pale/pastel colour (high luminance)",""
"","7249","should load the application and verify core functionality across browsers","WebKit","Thu May 21 08:50:12 UTC 2026","passed","Thu May 21 08:50:19 UTC 2026","Cross-Browser Core Functionality","","",""
"","12","Server Integration Tests (Testcontainers) GET /api/colors should not expose _id or __v fields","","Thu May 21 08:45:37 UTC 2026","passed","Thu May 21 08:45:37 UTC 2026","","Server Integration Tests (Testcontainers)","Server Integration Tests (Testcontainers) GET /api/colors should not expose _id or __v fields",""
"","5","Server Unit Tests DELETE /api/colors/:name returns 404 for a non-existent color","","Thu May 21 08:45:38 UTC 2026","passed","Thu May 21 08:45:38 UTC 2026","","Server Unit Tests","Server Unit Tests DELETE /api/colors/:name returns 404 for a non-existent color",""
"","13","Component Tests ColorPicker Enter key on name input triggers submit","","Thu May 21 08:44:06 UTC 2026","passed","Thu May 21 08:44:06 UTC 2026","","Utility Functions","Component Tests ColorPicker Enter key on name input triggers submit",""
"","11","Server Integration Tests (Testcontainers) GET /api/colors should return colors sorted alphabetically by name","","Thu May 21 08:45:37 UTC 2026","passed","Thu May 21 08:45:37 UTC 2026","","Server Integration Tests (Testcontainers)","Server Integration Tests (Testcontainers) GET /api/colors should return colors sorted alphabetically by name",""
"","0","Utility Functions rgbToHex value 16 does not pad","","Thu May 21 08:44:06 UTC 2026","passed","Thu May 21 08:44:06 UTC 2026","","Utility Functions","Utility Functions rgbToHex value 16 does not pad",""
"","15","Component Tests ColorPicker typing a valid hex clears the hex error and updates preview","","Thu May 21 08:44:06 UTC 2026","passed","Thu May 21 08:44:06 UTC 2026","","Utility Functions","Component Tests ColorPicker typing a valid hex clears the hex error and updates preview",""
"","1197","verify Turquoise ( #1abc9c ) is applied as the background color","Chrome","Thu May 21 08:50:16 UTC 2026","passed","Thu May 21 08:50:17 UTC 2026","Background color tests","tests/coverage.spec.ts","",""
"","36","Frontend Unit Tests App Component deleting the last color sets activeName to null","","Thu May 21 08:44:06 UTC 2026","passed","Thu May 21 08:44:06 UTC 2026","","Frontend Unit Tests","Frontend Unit Tests App Component deleting the last color sets activeName to null",""
"","0","Utility Functions hslToRgb hue=90 (chartreuse) → [128,255,0]","","Thu May 21 08:44:06 UTC 2026","passed","Thu May 21 08:44:06 UTC 2026","","Utility Functions","Utility Functions hslToRgb hue=90 (chartreuse) → [128,255,0]",""
"","8","SQL injection characters in name are rejected (400)","Chrome","Thu May 21 08:51:11 UTC 2026","passed","Thu May 21 08:51:11 UTC 2026","Security > Injection Prevention","tests/security.spec.ts","",""
"","4","Server Unit Tests 405 Method Not Allowed sets the Allow header on /api/colors with correct methods","","Thu May 21 08:45:38 UTC 2026","passed","Thu May 21 08:45:38 UTC 2026","","Server Unit Tests","Server Unit Tests 405 Method Not Allowed sets the Allow header on /api/colors with correct methods",""
"","0","Utility Functions hslToRgb lightness clamped: l=-0.5 gives black","","Thu May 21 08:44:06 UTC 2026","passed","Thu May 21 08:44:06 UTC 2026","","Utility Functions","Utility Functions hslToRgb lightness clamped: l=-0.5 gives black",""
"","9","should reject invalid hex format on update","Chrome","Thu May 21 08:50:43 UTC 2026","passed","Thu May 21 08:50:43 UTC 2026","Backend API Integration > PUT /api/colors/:name Schema Validation","tests/api.spec.ts","",""
"","4","Server Unit Tests Surviving Mutants & Edge Cases Logs seedDatabase logs success message","","Thu May 21 08:45:38 UTC 2026","passed","Thu May 21 08:45:38 UTC 2026","","Server Unit Tests","Server Unit Tests Surviving Mutants & Edge Cases Logs seedDatabase logs success message",""
"","1537","successfully adds a new color and shows its chip","Chrome","Thu May 21 08:50:14 UTC 2026","passed","Thu May 21 08:50:15 UTC 2026","Color Management — Add & Delete","tests/color-management.spec.ts","",""
"","536","Example #1","BDD","Thu May 21 08:50:06 UTC 2026","passed","Thu May 21 08:50:07 UTC 2026","Language Switching > Switch language and verify translated UI labels","","",""
"","41","Frontend Unit Tests App Component add color 400 shows data.error message","","Thu May 21 08:44:06 UTC 2026","passed","Thu May 21 08:44:06 UTC 2026","","Frontend Unit Tests","Frontend Unit Tests App Component add color 400 shows data.error message",""
"","1099","should display all core elements and handle button interaction","Chrome","Thu May 21 08:53:16 UTC 2026","passed","Thu May 21 08:53:17 UTC 2026","Responsive Design – iPhone SE (375×667)","","",""
"","29","Frontend Unit Tests App Component clicking chip-x opens confirm dialog with color name and swatch","","Thu May 21 08:44:06 UTC 2026","passed","Thu May 21 08:44:06 UTC 2026","","Frontend Unit Tests","Frontend Unit Tests App Component clicking chip-x opens confirm dialog with color name and swatch",""
"","0","Utility Functions hslToRgb negative hue wraps: hue=-120 = hue=240","","Thu May 21 08:44:06 UTC 2026","passed","Thu May 21 08:44:06 UTC 2026","","Utility Functions","Utility Functions hslToRgb negative hue wraps: hue=-120 = hue=240",""
"","64","should return 404 when updating non-existent color","Chrome","Thu May 21 08:50:10 UTC 2026","passed","Thu May 21 08:50:10 UTC 2026","Backend API Integration > PUT /api/colors/:name Schema Validation","tests/api.spec.ts","",""
"","589","Example #2","BDD","Thu May 21 08:50:07 UTC 2026","passed","Thu May 21 08:50:07 UTC 2026","Language Switching > Switch language and verify translated UI labels","","",""
"","19","Component Tests ColorPicker touchend stops dragging (touchmove after touchend is ignored)","","Thu May 21 08:44:06 UTC 2026","passed","Thu May 21 08:44:06 UTC 2026","","Utility Functions","Component Tests ColorPicker touchend stops dragging (touchmove after touchend is ignored)",""
"","3","Component Tests ConfirmDialog title is rendered in the element with id confirm-title","","Thu May 21 08:44:06 UTC 2026","passed","Thu May 21 08:44:06 UTC 2026","","Component Tests","Component Tests ConfirmDialog title is rendered in the element with id confirm-title",""
"","13","Component Tests ConfirmDialog backdrop click does NOT call onCancel when busy","","Thu May 21 08:44:06 UTC 2026","passed","Thu May 21 08:44:06 UTC 2026","","Component Tests","Component Tests ConfirmDialog backdrop click does NOT call onCancel when busy",""
"","15","Server Integration Tests (Testcontainers) GET /api/colors should return an empty array after all colors are deleted","","Thu May 21 08:45:37 UTC 2026","passed","Thu May 21 08:45:37 UTC 2026","","Server Integration Tests (Testcontainers)","Server Integration Tests (Testcontainers) GET /api/colors should return an empty array after all colors are deleted",""
"","1","Utility Functions hexToRgb parses a standard #RRGGBB hex","","Thu May 21 08:44:06 UTC 2026","passed","Thu May 21 08:44:06 UTC 2026","","Utility Functions","Utility Functions hexToRgb parses a standard #RRGGBB hex",""
"","5","Server Unit Tests 405 Method Not Allowed does not return 405 for allowed GET method on /api/colors/:name","","Thu May 21 08:45:38 UTC 2026","passed","Thu May 21 08:45:38 UTC 2026","","Server Unit Tests","Server Unit Tests 405 Method Not Allowed does not return 405 for allowed GET method on /api/colors/:name",""
"","0","homepage after color change","Chrome","Thu May 21 08:53:17 UTC 2026","skipped","Thu May 21 08:53:17 UTC 2026","Percy Visual Regression – Production > Percy – desktop (1280×720)","","",""
"","1","Utility Functions readableOn returns #111 for an invalid/empty hex string (null rgb fallback)","","Thu May 21 08:44:06 UTC 2026","passed","Thu May 21 08:44:06 UTC 2026","","Utility Functions","Utility Functions readableOn returns #111 for an invalid/empty hex string (null rgb fallback)",""
"","17","Component Tests ConfirmDialog confirmLabel prop is reflected in the button text","","Thu May 21 08:44:06 UTC 2026","passed","Thu May 21 08:44:06 UTC 2026","","Component Tests","Component Tests ConfirmDialog confirmLabel prop is reflected in the button text",""
"","6","Frontend Unit Tests App Component colors.length === 0 shows loading text","","Thu May 21 08:44:06 UTC 2026","passed","Thu May 21 08:44:06 UTC 2026","","Frontend Unit Tests","Frontend Unit Tests App Component colors.length === 0 shows loading text",""
"","1315","shows server-error message on 500 inside the picker","Chrome","Thu May 21 08:50:16 UTC 2026","passed","Thu May 21 08:50:18 UTC 2026","Color Management — Add & Delete","tests/color-management.spec.ts","",""
"","8","Component Tests ConfirmDialog clicking the card itself does NOT call onCancel","","Thu May 21 08:44:06 UTC 2026","passed","Thu May 21 08:44:06 UTC 2026","","Component Tests","Component Tests ConfirmDialog clicking the card itself does NOT call onCancel",""
"","45","Frontend Unit Tests App Component delete network error shows error alert","","Thu May 21 08:44:06 UTC 2026","passed","Thu May 21 08:44:06 UTC 2026","","Frontend Unit Tests","Frontend Unit Tests App Component delete network error shows error alert",""
"","0","Utility Functions readableOn returns #fff for black (very dark, L≈0)","","Thu May 21 08:44:06 UTC 2026","passed","Thu May 21 08:44:06 UTC 2026","","Utility Functions","Utility Functions readableOn returns #fff for black (very dark, L≈0)",""
"","36","Frontend Unit Tests App Component handleColorClick encodes color name in URL","","Thu May 21 08:44:06 UTC 2026","passed","Thu May 21 08:44:06 UTC 2026","","Frontend Unit Tests","Frontend Unit Tests App Component handleColorClick encodes color name in URL",""
"","0","Utility Functions rgbToHex converts pure blue","","Thu May 21 08:44:06 UTC 2026","passed","Thu May 21 08:44:06 UTC 2026","","Utility Functions","Utility Functions rgbToHex converts pure blue",""
"","4","Server Unit Tests OpenAPI endpoints serves the OpenAPI JSON spec with exact metadata","","Thu May 21 08:45:38 UTC 2026","passed","Thu May 21 08:45:38 UTC 2026","","Server Unit Tests","Server Unit Tests OpenAPI endpoints serves the OpenAPI JSON spec with exact metadata",""
"","9","Server Integration Tests (Testcontainers) POST /api/colors should not expose _id or __v in the creation response","","Thu May 21 08:45:37 UTC 2026","passed","Thu May 21 08:45:37 UTC 2026","","Server Integration Tests (Testcontainers)","Server Integration Tests (Testcontainers) POST /api/colors should not expose _id or __v in the creation response",""
"","22","Frontend Unit Tests App Component colors.length > 0 does NOT show loading text","","Thu May 21 08:44:06 UTC 2026","passed","Thu May 21 08:44:06 UTC 2026","","Frontend Unit Tests","Frontend Unit Tests App Component colors.length > 0 does NOT show loading text",""
"","0","Utility Functions rgbToHsl g max with b>r (#00ff80) → h near 150","","Thu May 21 08:44:06 UTC 2026","passed","Thu May 21 08:44:06 UTC 2026","","Utility Functions","Utility Functions rgbToHsl g max with b>r (#00ff80) → h near 150",""
"","10","Server Unit Tests Surviving Mutants & Edge Cases Allowed Methods kills mutants in allowedMethods object","","Thu May 21 08:45:38 UTC 2026","passed","Thu May 21 08:45:38 UTC 2026","","Server Unit Tests","Server Unit Tests Surviving Mutants & Edge Cases Allowed Methods kills mutants in allowedMethods object",""
"","22","Component Tests ColorPicker mousedown at right-center (hue=0) sets hex to #ff0000","","Thu May 21 08:44:06 UTC 2026","passed","Thu May 21 08:44:06 UTC 2026","","Utility Functions","Component Tests ColorPicker mousedown at right-center (hue=0) sets hex to #ff0000",""
"","39","Frontend Unit Tests App Component first loaded color is active (aria-pressed=true)","","Thu May 21 08:44:06 UTC 2026","passed","Thu May 21 08:44:06 UTC 2026","","Frontend Unit Tests","Frontend Unit Tests App Component first loaded color is active (aria-pressed=true)",""
"","11","GET /api/colors/:name should return 404 for non-existent color","Chrome","Thu May 21 08:50:43 UTC 2026","passed","Thu May 21 08:50:43 UTC 2026","Backend API Integration","tests/api.spec.ts","",""
"","1","Utility Functions hslToRgb hue=210 (azure) → [0,128,255]","","Thu May 21 08:44:06 UTC 2026","passed","Thu May 21 08:44:06 UTC 2026","","Utility Functions","Utility Functions hslToRgb hue=210 (azure) → [0,128,255]",""
"","1002","homepage should match snapshot","Chrome","Thu May 21 08:53:14 UTC 2026","passed","Thu May 21 08:53:15 UTC 2026","Visual Regression – tablet (768×1024)","","",""
"","4","Server Unit Tests Surviving Mutants & Edge Cases Swagger JSDoc Integration kills apis array mutants by verifying JSDoc content is present","","Thu May 21 08:45:38 UTC 2026","passed","Thu May 21 08:45:38 UTC 2026","","Server Unit Tests","Server Unit Tests Surviving Mutants & Edge Cases Swagger JSDoc Integration kills apis array mutants by verifying JSDoc content is present",""
"","23","should return 409 for duplicate color creation","Chrome","Thu May 21 08:50:43 UTC 2026","passed","Thu May 21 08:50:43 UTC 2026","Backend API Integration > POST /api/colors Schema Validation","tests/api.spec.ts","",""
"","1099","Example #3","BDD","Thu May 21 08:50:05 UTC 2026","passed","Thu May 21 08:50:07 UTC 2026","Home Page Background Color > Change background color","","",""
"","30","Component Tests ColorPicker cancel button calls onCancel","","Thu May 21 08:44:06 UTC 2026","passed","Thu May 21 08:44:06 UTC 2026","","Utility Functions","Component Tests ColorPicker cancel button calls onCancel",""
"","1","Utility Functions rgbToHsl round-trip hslToRgb→rgbToHsl preserves hue for all sectors","","Thu May 21 08:44:06 UTC 2026","passed","Thu May 21 08:44:06 UTC 2026","","Utility Functions","Utility Functions rgbToHsl round-trip hslToRgb→rgbToHsl preserves hue for all sectors",""
"","1","Utility Functions hslToRgb hue=30 (orange) → [255,128,0]","","Thu May 21 08:44:06 UTC 2026","passed","Thu May 21 08:44:06 UTC 2026","","Utility Functions","Utility Functions hslToRgb hue=30 (orange) → [255,128,0]",""
"","67","Frontend Unit Tests App Component handles empty array from initial fetch gracefully","","Thu May 21 08:44:06 UTC 2026","passed","Thu May 21 08:44:06 UTC 2026","","Frontend Unit Tests","Frontend Unit Tests App Component handles empty array from initial fetch gracefully",""
"","5","Server Integration Tests (Testcontainers) DELETE /api/colors/:name should return 400 for invalid name format","","Thu May 21 08:45:37 UTC 2026","passed","Thu May 21 08:45:37 UTC 2026","","Server Integration Tests (Testcontainers)","Server Integration Tests (Testcontainers) DELETE /api/colors/:name should return 400 for invalid name format",""
"","5","Server Unit Tests 405 Method Not Allowed does not return 405 for allowed PUT method on /api/colors/:name","","Thu May 21 08:45:38 UTC 2026","passed","Thu May 21 08:45:38 UTC 2026","","Server Unit Tests","Server Unit Tests 405 Method Not Allowed does not return 405 for allowed PUT method on /api/colors/:name",""
"","0","Utility Functions paintWheelPixel writes to the correct index offset in the array","","Thu May 21 08:44:06 UTC 2026","passed","Thu May 21 08:44:06 UTC 2026","","Utility Functions","Utility Functions paintWheelPixel writes to the correct index offset in the array",""
"","11","should reject updating with empty name","Chrome","Thu May 21 08:50:43 UTC 2026","passed","Thu May 21 08:50:43 UTC 2026","Backend API Integration > PUT /api/colors/:name Schema Validation","tests/api.spec.ts","",""
"","1063","changing color to Red should reflect in UI and DOM","Chrome","Thu May 21 08:50:21 UTC 2026","passed","Thu May 21 08:50:23 UTC 2026","Data-Driven Testing","tests/data-driven.spec.ts","",""
"","8","Component Tests ColorPicker clicking the backdrop calls onCancel","","Thu May 21 08:44:06 UTC 2026","passed","Thu May 21 08:44:06 UTC 2026","","Utility Functions","Component Tests ColorPicker clicking the backdrop calls onCancel",""
"","8","Server Unit Tests GET /api/colors/:name returns a single color by name with correct fields","","Thu May 21 08:45:38 UTC 2026","passed","Thu May 21 08:45:38 UTC 2026","","Server Unit Tests","Server Unit Tests GET /api/colors/:name returns a single color by name with correct fields",""
"","998","changing color to Yellow should reflect in UI and DOM","Chrome","Thu May 21 08:50:22 UTC 2026","passed","Thu May 21 08:50:23 UTC 2026","Data-Driven Testing","tests/data-driven.spec.ts","",""
"","4","Server Unit Tests Surviving Mutants & Edge Cases OpenAPI Content-Type has application/json content-type","","Thu May 21 08:45:38 UTC 2026","passed","Thu May 21 08:45:38 UTC 2026","","Server Unit Tests","Server Unit Tests Surviving Mutants & Edge Cases OpenAPI Content-Type has application/json content-type",""
"","17","Server Integration Tests (Testcontainers) PUT /api/colors/:name should rename a color and make old name return 404","","Thu May 21 08:45:37 UTC 2026","passed","Thu May 21 08:45:37 UTC 2026","","Server Integration Tests (Testcontainers)","Server Integration Tests (Testcontainers) PUT /api/colors/:name should rename a color and make old name return 404",""
"","4","Frontend Unit Tests App Component current color span tracks hex value","","Thu May 21 08:44:06 UTC 2026","passed","Thu May 21 08:44:06 UTC 2026","","Frontend Unit Tests","Frontend Unit Tests App Component current color span tracks hex value",""
"","9","Utility Functions readableOn returns #111 for mid-grey (L≈0.35, black gives better contrast)","","Thu May 21 08:44:06 UTC 2026","passed","Thu May 21 08:44:06 UTC 2026","","Utility Functions","Utility Functions readableOn returns #111 for mid-grey (L≈0.35, black gives better contrast)",""
"","37","Frontend Unit Tests App Component add color network error shows network error message","","Thu May 21 08:44:06 UTC 2026","passed","Thu May 21 08:44:06 UTC 2026","","Frontend Unit Tests","Frontend Unit Tests App Component add color network error shows network error message",""
"","21","Component Tests ColorPicker lightness slider change updates the preview","","Thu May 21 08:44:06 UTC 2026","passed","Thu May 21 08:44:06 UTC 2026","","Utility Functions","Component Tests ColorPicker lightness slider change updates the preview",""
"","9","Component Tests ColorPicker wheel cursor is at (110,110) at center (sat=0)","","Thu May 21 08:44:06 UTC 2026","passed","Thu May 21 08:44:06 UTC 2026","","Utility Functions","Component Tests ColorPicker wheel cursor is at (110,110) at center (sat=0)",""
"","2","Frontend Unit Tests i18n Configuration should handle language change correctly","","Thu May 21 08:44:08 UTC 2026","passed","Thu May 21 08:44:08 UTC 2026","","Frontend Unit Tests","Frontend Unit Tests i18n Configuration should handle language change correctly",""
"","812","verify Turquoise ( #1abc9c ) is applied as the background color","Chrome","Thu May 21 08:50:25 UTC 2026","passed","Thu May 21 08:50:26 UTC 2026","POM Refactored: Background color tests","tests/pom-refactored.spec.ts","",""
"","13","Server Integration Tests (Testcontainers) Concurrent writes should handle parallel GETs without errors","","Thu May 21 08:45:37 UTC 2026","passed","Thu May 21 08:45:37 UTC 2026","","Server Integration Tests (Testcontainers)","Server Integration Tests (Testcontainers) Concurrent writes should handle parallel GETs without errors",""
"","902","should display all core elements and handle button interaction","Chrome","Thu May 21 08:53:16 UTC 2026","passed","Thu May 21 08:53:17 UTC 2026","Responsive Design – iPhone landscape (667×375)","","",""
"","926","changing color to Turquoise should reflect in UI and DOM","Chrome","Thu May 21 08:50:21 UTC 2026","passed","Thu May 21 08:50:22 UTC 2026","Data-Driven Testing","tests/data-driven.spec.ts","",""
"","1","Utility Functions paintWheelPixel wraps negative angle: dy<0 gives angle+360 (hue=270 → violet)","","Thu May 21 08:44:06 UTC 2026","passed","Thu May 21 08:44:06 UTC 2026","","Utility Functions","Utility Functions paintWheelPixel wraps negative angle: dy<0 gives angle+360 (hue=270 → violet)",""
"","11","Utility Functions rgbToHsl dark red (#800000): l<0.5, s=1 (l<=0.5 saturation branch)","","Thu May 21 08:44:06 UTC 2026","passed","Thu May 21 08:44:06 UTC 2026","","Utility Functions","Utility Functions rgbToHsl dark red (#800000): l<0.5, s=1 (l<=0.5 saturation branch)",""
"","5","Server Unit Tests POST /api/colors returns 409 for a duplicate color name with descriptive error","","Thu May 21 08:45:38 UTC 2026","passed","Thu May 21 08:45:38 UTC 2026","","Server Unit Tests","Server Unit Tests POST /api/colors returns 409 for a duplicate color name with descriptive error",""
"","57","Frontend Unit Tests App Component confirm button shows ""Deleting…"" label while delete is in-flight","","Thu May 21 08:44:06 UTC 2026","passed","Thu May 21 08:44:06 UTC 2026","","Frontend Unit Tests","Frontend Unit Tests App Component confirm button shows ""Deleting…"" label while delete is in-flight",""
"","613","verify language switcher changes document language","Chrome","Thu May 21 08:50:19 UTC 2026","passed","Thu May 21 08:50:19 UTC 2026","","tests/coverage.spec.ts","",""
"","8","Component Tests ColorPicker non-Enter key on name input does not trigger submit","","Thu May 21 08:44:06 UTC 2026","passed","Thu May 21 08:44:06 UTC 2026","","Utility Functions","Component Tests ColorPicker non-Enter key on name input does not trigger submit",""
"","875","homepage should match snapshot","Chrome","Thu May 21 08:53:14 UTC 2026","passed","Thu May 21 08:53:15 UTC 2026","Visual Regression – iphone-se (375×667)","","",""
"","10","Server Unit Tests Surviving Mutants & Edge Cases Regex & Validation STRICT_NAME_REGEX is strict on forbidden special characters in the middle","","Thu May 21 08:45:38 UTC 2026","passed","Thu May 21 08:45:38 UTC 2026","","Server Unit Tests","Server Unit Tests Surviving Mutants & Edge Cases Regex & Validation STRICT_NAME_REGEX is strict on forbidden special characters in the middle",""
"","1","Utility Functions hslToRgb saturation clamped: s=-0.5 treated as s=0","","Thu May 21 08:44:06 UTC 2026","passed","Thu May 21 08:44:06 UTC 2026","","Utility Functions","Utility Functions hslToRgb saturation clamped: s=-0.5 treated as s=0",""
"","35","Frontend Unit Tests App Component existingNames passed to ColorPicker matches current color list","","Thu May 21 08:44:06 UTC 2026","passed","Thu May 21 08:44:06 UTC 2026","","Frontend Unit Tests","Frontend Unit Tests App Component existingNames passed to ColorPicker matches current color list",""
"","4","Server Unit Tests Error Handling GET /api/colors/:name returns 500 when database fails","","Thu May 21 08:45:38 UTC 2026","passed","Thu May 21 08:45:38 UTC 2026","","Server Unit Tests","Server Unit Tests Error Handling GET /api/colors/:name returns 500 when database fails",""
"","18","POST with script tag in name is rejected (400)","Chrome","Thu May 21 08:51:09 UTC 2026","passed","Thu May 21 08:51:09 UTC 2026","Security > XSS Prevention","tests/security.spec.ts","",""
"","0","Utility Functions rgbToHex converts pure green","","Thu May 21 08:44:06 UTC 2026","passed","Thu May 21 08:44:06 UTC 2026","","Utility Functions","Utility Functions rgbToHex converts pure green",""
"","27","Component Tests ColorPicker mousemove while dragging updates hex (dragging.current=true kills mutation)","","Thu May 21 08:44:06 UTC 2026","passed","Thu May 21 08:44:06 UTC 2026","","Utility Functions","Component Tests ColorPicker mousemove while dragging updates hex (dragging.current=true kills mutation)",""
"","675","shows a chip for each color with a swatch, name, and delete button","Chrome","Thu May 21 08:50:10 UTC 2026","passed","Thu May 21 08:50:11 UTC 2026","Color Management — Add & Delete","tests/color-management.spec.ts","",""
"","7","array body on POST returns 400","Chrome","Thu May 21 08:51:11 UTC 2026","passed","Thu May 21 08:51:11 UTC 2026","Security > Input Validation","tests/security.spec.ts","",""
"","31","GET /api/colors/Turquoise should return the correct hex code","Chrome","Thu May 21 08:50:42 UTC 2026","passed","Thu May 21 08:50:42 UTC 2026","Backend API Integration","tests/api.spec.ts","",""
"","5","Server Integration Tests (Testcontainers) PUT /api/colors/:name should return 400 when update body is empty","","Thu May 21 08:45:37 UTC 2026","passed","Thu May 21 08:45:37 UTC 2026","","Server Integration Tests (Testcontainers)","Server Integration Tests (Testcontainers) PUT /api/colors/:name should return 400 when update body is empty",""
"","6","Server Unit Tests GET /api/colors/:name returns Turquoise color correctly","","Thu May 21 08:45:38 UTC 2026","passed","Thu May 21 08:45:38 UTC 2026","","Server Unit Tests","Server Unit Tests GET /api/colors/:name returns Turquoise color correctly",""
"","14","Component Tests ConfirmDialog cancelLabel prop is reflected in the button text","","Thu May 21 08:44:06 UTC 2026","passed","Thu May 21 08:44:06 UTC 2026","","Component Tests","Component Tests ConfirmDialog cancelLabel prop is reflected in the button text",""
"","38","Frontend Unit Tests App Component handleColorClick shows error alert on fetch failure","","Thu May 21 08:44:06 UTC 2026","passed","Thu May 21 08:44:06 UTC 2026","","Frontend Unit Tests","Frontend Unit Tests App Component handleColorClick shows error alert on fetch failure",""
"","4","Server Unit Tests Surviving Mutants & Edge Cases Swagger Metadata & OpenAPI has exact server metadata","","Thu May 21 08:45:38 UTC 2026","passed","Thu May 21 08:45:38 UTC 2026","","Server Unit Tests","Server Unit Tests Surviving Mutants & Edge Cases Swagger Metadata & OpenAPI has exact server metadata",""
"","5","Component Tests ConfirmDialog Escape key calls onCancel when not busy","","Thu May 21 08:44:06 UTC 2026","passed","Thu May 21 08:44:06 UTC 2026","","Component Tests","Component Tests ConfirmDialog Escape key calls onCancel when not busy",""
"","1","Utility Functions hslToRgb lightness=0 gives black","","Thu May 21 08:44:06 UTC 2026","passed","Thu May 21 08:44:06 UTC 2026","","Utility Functions","Utility Functions hslToRgb lightness=0 gives black",""
"","9","Server Unit Tests Surviving Mutants & Edge Cases PUT logic kills name/hex conditional mutants by providing only one field","","Thu May 21 08:45:38 UTC 2026","passed","Thu May 21 08:45:38 UTC 2026","","Server Unit Tests","Server Unit Tests Surviving Mutants & Edge Cases PUT logic kills name/hex conditional mutants by providing only one field",""
"","15","Component Tests ColorPicker typing red with g<b hex updates internal state","","Thu May 21 08:44:06 UTC 2026","passed","Thu May 21 08:44:06 UTC 2026","","Utility Functions","Component Tests ColorPicker typing red with g<b hex updates internal state",""
"","1","Utility Functions hexToRgb returns null for invalid input","","Thu May 21 08:44:06 UTC 2026","passed","Thu May 21 08:44:06 UTC 2026","","Utility Functions","Utility Functions hexToRgb returns null for invalid input",""
"","1305","shows 409 duplicate error from server inside the picker","Chrome","Thu May 21 08:50:15 UTC 2026","passed","Thu May 21 08:50:17 UTC 2026","Color Management — Add & Delete","tests/color-management.spec.ts","",""
"","20","Frontend Unit Tests App Component link color is light (#cfe8ff) on dark background","","Thu May 21 08:44:06 UTC 2026","passed","Thu May 21 08:44:06 UTC 2026","","Frontend Unit Tests","Frontend Unit Tests App Component link color is light (#cfe8ff) on dark background",""
"","5","Server Unit Tests Middleware returns 400 for malformed JSON body","","Thu May 21 08:45:38 UTC 2026","passed","Thu May 21 08:45:38 UTC 2026","","Server Unit Tests","Server Unit Tests Middleware returns 400 for malformed JSON body",""
"","4","Server Unit Tests Middleware JSON error middleware ignores SyntaxError without body","","Thu May 21 08:45:38 UTC 2026","passed","Thu May 21 08:45:38 UTC 2026","","Server Unit Tests","Server Unit Tests Middleware JSON error middleware ignores SyntaxError without body",""
"","29","Frontend Unit Tests App Component confirm dialog Escape key closes it","","Thu May 21 08:44:06 UTC 2026","passed","Thu May 21 08:44:06 UTC 2026","","Frontend Unit Tests","Frontend Unit Tests App Component confirm dialog Escape key closes it",""
"","6","Frontend Unit Tests App Component language selector change calls i18n and updates html lang","","Thu May 21 08:44:06 UTC 2026","passed","Thu May 21 08:44:06 UTC 2026","","Frontend Unit Tests","Frontend Unit Tests App Component language selector change calls i18n and updates html lang",""
"","9","Component Tests ColorPicker clicking inside the card does NOT call onCancel","","Thu May 21 08:44:06 UTC 2026","passed","Thu May 21 08:44:06 UTC 2026","","Utility Functions","Component Tests ColorPicker clicking inside the card does NOT call onCancel",""
"","86","Frontend Unit Tests App Component confirm dialog cancel does nothing when deleting=true","","Thu May 21 08:44:06 UTC 2026","passed","Thu May 21 08:44:06 UTC 2026","","Frontend Unit Tests","Frontend Unit Tests App Component confirm dialog cancel does nothing when deleting=true",""
"","50","Frontend Unit Tests App Component renders title, logo, and calls initial fetch","","Thu May 21 08:44:06 UTC 2026","passed","Thu May 21 08:44:06 UTC 2026","","Frontend Unit Tests","Frontend Unit Tests App Component renders title, logo, and calls initial fetch",""
"","924","should display colors that do not exist in the database","Chrome","Thu May 21 08:50:24 UTC 2026","passed","Thu May 21 08:50:25 UTC 2026","Network Mocking & Interception","tests/network-mocking.spec.ts","",""
"","10","Server Integration Tests (Testcontainers) PUT /api/colors/:name should update both name and hex simultaneously","","Thu May 21 08:45:37 UTC 2026","passed","Thu May 21 08:45:37 UTC 2026","","Server Integration Tests (Testcontainers)","Server Integration Tests (Testcontainers) PUT /api/colors/:name should update both name and hex simultaneously",""
"","4","Server Unit Tests POST /api/colors returns 400 for extra unknown fields (strict schema)","","Thu May 21 08:45:38 UTC 2026","passed","Thu May 21 08:45:38 UTC 2026","","Server Unit Tests","Server Unit Tests POST /api/colors returns 400 for extra unknown fields (strict schema)",""
"Performance Test: UI Performance Test
File: ui-performance.spec.ts
Total Iterations: 1
Max VUs: 1

HTTP Request Duration:
- Avg: 3.27ms
- P(95): 3.27ms
- Max: 3.27ms

Full metrics attached in the results.","36396","UI Performance Test","Performance","Thu May 21 08:48:27 UTC 2026","passed","Thu May 21 08:49:04 UTC 2026","ui-performance.spec.ts","UI Performance Test","",""
"","0","Utility Functions hslToRgb saturation clamped: s=1.5 treated as s=1","","Thu May 21 08:44:06 UTC 2026","passed","Thu May 21 08:44:06 UTC 2026","","Utility Functions","Utility Functions hslToRgb saturation clamped: s=1.5 treated as s=1",""
"","4","Server Unit Tests Middleware does not include X-Powered-By header","","Thu May 21 08:45:38 UTC 2026","passed","Thu May 21 08:45:38 UTC 2026","","Server Unit Tests","Server Unit Tests Middleware does not include X-Powered-By header",""
"","44","Server Integration Tests (Testcontainers) GET /api/colors should retrieve all seeded colors","","Thu May 21 08:45:37 UTC 2026","passed","Thu May 21 08:45:37 UTC 2026","","Server Integration Tests (Testcontainers)","Server Integration Tests (Testcontainers) GET /api/colors should retrieve all seeded colors",""
"","53","POST with HTML tag in name is rejected (400)","Chrome","Thu May 21 08:51:09 UTC 2026","passed","Thu May 21 08:51:09 UTC 2026","Security > XSS Prevention","tests/security.spec.ts","",""
"","54","Frontend Unit Tests App Component handleColorClick clears previous error on new successful click","","Thu May 21 08:44:06 UTC 2026","passed","Thu May 21 08:44:06 UTC 2026","","Frontend Unit Tests","Frontend Unit Tests App Component handleColorClick clears previous error on new successful click",""
"","43","Frontend Unit Tests App Component handleColorClick shows error on non-2xx response","","Thu May 21 08:44:06 UTC 2026","passed","Thu May 21 08:44:06 UTC 2026","","Frontend Unit Tests","Frontend Unit Tests App Component handleColorClick shows error on non-2xx response",""
"","7","Component Tests ConfirmDialog backdrop click calls onCancel when not busy","","Thu May 21 08:44:06 UTC 2026","passed","Thu May 21 08:44:06 UTC 2026","","Component Tests","Component Tests ConfirmDialog backdrop click calls onCancel when not busy",""
"","4","Server Unit Tests 405 Method Not Allowed returns 405 for PATCH on /api/colors","","Thu May 21 08:45:38 UTC 2026","passed","Thu May 21 08:45:38 UTC 2026","","Server Unit Tests","Server Unit Tests 405 Method Not Allowed returns 405 for PATCH on /api/colors",""
"","683","handle color selection fetch error","Chrome","Thu May 21 08:50:20 UTC 2026","passed","Thu May 21 08:50:21 UTC 2026","Edge cases and error handling","tests/coverage.spec.ts","",""
"","4","Server Unit Tests POST /api/colors returns 400 for invalid hex format (no hash)","","Thu May 21 08:45:38 UTC 2026","passed","Thu May 21 08:45:38 UTC 2026","","Server Unit Tests","Server Unit Tests POST /api/colors returns 400 for invalid hex format (no hash)",""
"","10","Server Unit Tests DELETE /api/colors/:name deletes an existing color and returns success message","","Thu May 21 08:45:38 UTC 2026","passed","Thu May 21 08:45:38 UTC 2026","","Server Unit Tests","Server Unit Tests DELETE /api/colors/:name deletes an existing color and returns success message",""
"","9","NoSQL injection object in name is rejected (400)","Chrome","Thu May 21 08:51:11 UTC 2026","passed","Thu May 21 08:51:11 UTC 2026","Security > Injection Prevention","tests/security.spec.ts","",""
"","3","Server Unit Tests Error Handling seedDatabase logs error when database fails","","Thu May 21 08:45:38 UTC 2026","passed","Thu May 21 08:45:38 UTC 2026","","Server Unit Tests","Server Unit Tests Error Handling seedDatabase logs error when database fails",""
"","1749","should maintain accessibility in el language and verify resilient locators","Chrome","Thu May 21 08:50:40 UTC 2026","passed","Thu May 21 08:50:42 UTC 2026","i18n Accessibility Tests","tests/a11y.spec.ts","",""
