"DESCRIPTION","DURATION IN MS","NAME","PARENT SUITE","START TIME","STATUS","STOP TIME","SUB SUITE","SUITE","TEST CLASS","TEST METHOD"
"","6","POST /api-docs returns 405","Chrome","Wed May 13 23:24:42 UTC 2026","passed","Wed May 13 23:24:42 UTC 2026","Security > HTTP Method Restrictions","tests/security.spec.ts","",""
"","34","Frontend Unit Tests App Component initial background is first color hex","","Wed May 13 23:18:55 UTC 2026","passed","Wed May 13 23:18:55 UTC 2026","","Frontend Unit Tests","Frontend Unit Tests App Component initial background is first color hex",""
"","187","DELETE /api/colors/{name}","","","passed","","","schemathesis","",""
"","1012","changing color to Yellow should reflect in UI and DOM","Chrome","Wed May 13 23:24:36 UTC 2026","passed","Wed May 13 23:24:37 UTC 2026","Data-Driven Testing","tests/data-driven.spec.ts","",""
"","8","Server Unit Tests Surviving Mutants & Edge Cases Allowed Methods kills mutants in allowedMethods object","","Wed May 13 23:20:13 UTC 2026","passed","Wed May 13 23:20:13 UTC 2026","","Server Unit Tests","Server Unit Tests Surviving Mutants & Edge Cases Allowed Methods kills mutants in allowedMethods object",""
"","7","Server Integration Tests (Testcontainers) PUT /api/colors/:name should return 400 for invalid hex format on update","","Wed May 13 23:20:00 UTC 2026","passed","Wed May 13 23:20:00 UTC 2026","","Server Integration Tests (Testcontainers)","Server Integration Tests (Testcontainers) PUT /api/colors/:name should return 400 for invalid hex format on update",""
"","19","GET /api/colors should return all colors","Chrome","Wed May 13 23:28:52 UTC 2026","passed","Wed May 13 23:28:52 UTC 2026","Backend API Integration","tests/api.spec.ts","",""
"","23","Server Integration Tests (Testcontainers) Concurrent writes should handle simultaneous POSTs with the same name — exactly one succeeds","","Wed May 13 23:20:00 UTC 2026","passed","Wed May 13 23:20:00 UTC 2026","","Server Integration Tests (Testcontainers)","Server Integration Tests (Testcontainers) Concurrent writes should handle simultaneous POSTs with the same name — exactly one succeeds",""
"","727","chip-x click opens confirm dialog with color name","Chrome","Wed May 13 23:24:40 UTC 2026","passed","Wed May 13 23:24:40 UTC 2026","Color Management — Add & Delete","tests/color-management.spec.ts","",""
"","1","Frontend Unit Tests i18n Configuration interpolation should not escape value","","Wed May 13 23:18:57 UTC 2026","passed","Wed May 13 23:18:57 UTC 2026","","Frontend Unit Tests","Frontend Unit Tests i18n Configuration interpolation should not escape value",""
"","8","NoSQL operator in GET path param is rejected (400 or 404)","Chrome","Wed May 13 23:24:42 UTC 2026","passed","Wed May 13 23:24:42 UTC 2026","Security > Injection Prevention","tests/security.spec.ts","",""
"","4","Component Tests ConfirmDialog Enter key calls onConfirm when not busy","","Wed May 13 23:18:55 UTC 2026","passed","Wed May 13 23:18:55 UTC 2026","","Component Tests","Component Tests ConfirmDialog Enter key calls onConfirm when not busy",""
"","6","Component Tests ConfirmDialog backdrop click calls onCancel when not busy","","Wed May 13 23:18:55 UTC 2026","passed","Wed May 13 23:18:55 UTC 2026","","Component Tests","Component Tests ConfirmDialog backdrop click calls onCancel when not busy",""
"","4","Server Unit Tests 405 Method Not Allowed returns 405 for PATCH on /api/colors/:name","","Wed May 13 23:20:13 UTC 2026","passed","Wed May 13 23:20:13 UTC 2026","","Server Unit Tests","Server Unit Tests 405 Method Not Allowed returns 405 for PATCH on /api/colors/:name",""
"","24","Component Tests ColorPicker submit with invalid chars shows validation error","","Wed May 13 23:18:55 UTC 2026","passed","Wed May 13 23:18:55 UTC 2026","","Utility Functions","Component Tests ColorPicker submit with invalid chars shows validation error",""
"","4","Server Unit Tests PUT /api/colors/:name returns 400 for extra unknown fields (strict schema)","","Wed May 13 23:20:13 UTC 2026","passed","Wed May 13 23:20:13 UTC 2026","","Server Unit Tests","Server Unit Tests PUT /api/colors/:name returns 400 for extra unknown fields (strict schema)",""
"","1","Utility Functions rgbToHsl pure blue → h=240, s=1, l=0.5","","Wed May 13 23:18:55 UTC 2026","passed","Wed May 13 23:18:55 UTC 2026","","Utility Functions","Utility Functions rgbToHsl pure blue → h=240, s=1, l=0.5",""
"","7","Server Integration Tests (Testcontainers) PUT /api/colors/:name should return 404 when updating a non-existent color","","Wed May 13 23:20:00 UTC 2026","passed","Wed May 13 23:20:00 UTC 2026","","Server Integration Tests (Testcontainers)","Server Integration Tests (Testcontainers) PUT /api/colors/:name should return 404 when updating a non-existent color",""
"","77","Frontend Unit Tests App Component deleting is false again after a failed delete (finally block)","","Wed May 13 23:18:55 UTC 2026","passed","Wed May 13 23:18:55 UTC 2026","","Frontend Unit Tests","Frontend Unit Tests App Component deleting is false again after a failed delete (finally block)",""
"","647","first color chip is active on load (aria-pressed=true)","Chrome","Wed May 13 23:24:34 UTC 2026","passed","Wed May 13 23:24:34 UTC 2026","Color Management — Add & Delete","tests/color-management.spec.ts","",""
"","28","should update a color with valid schema","Chrome","Wed May 13 23:28:52 UTC 2026","passed","Wed May 13 23:28:52 UTC 2026","Backend API Integration > PUT /api/colors/:name Schema Validation","tests/api.spec.ts","",""
"","997","homepage should match snapshot","Chrome","Wed May 13 23:27:39 UTC 2026","passed","Wed May 13 23:27:40 UTC 2026","Visual Regression – iphone-landscape (667×375)","","",""
"","5","Component Tests ConfirmDialog Enter key does NOT call onConfirm when busy","","Wed May 13 23:18:55 UTC 2026","passed","Wed May 13 23:18:55 UTC 2026","","Component Tests","Component Tests ConfirmDialog Enter key does NOT call onConfirm when busy",""
"","1396","shows 409 duplicate error from server inside the picker","Chrome","Wed May 13 23:24:38 UTC 2026","passed","Wed May 13 23:24:40 UTC 2026","Color Management — Add & Delete","tests/color-management.spec.ts","",""
"","67","Frontend Unit Tests App Component useEffect runs only once on mount","","Wed May 13 23:18:55 UTC 2026","passed","Wed May 13 23:18:55 UTC 2026","","Frontend Unit Tests","Frontend Unit Tests App Component useEffect runs only once on mount",""
"","31","Frontend Unit Tests App Component confirm dialog Escape key closes it","","Wed May 13 23:18:55 UTC 2026","passed","Wed May 13 23:18:55 UTC 2026","","Frontend Unit Tests","Frontend Unit Tests App Component confirm dialog Escape key closes it",""
"","20","Component Tests ColorPicker lightness slider min value (0) gives black","","Wed May 13 23:18:55 UTC 2026","passed","Wed May 13 23:18:55 UTC 2026","","Utility Functions","Component Tests ColorPicker lightness slider min value (0) gives black",""
"","967","verify Red ( #e74c3c ) is applied as the background color","Chrome","Wed May 13 23:24:40 UTC 2026","passed","Wed May 13 23:24:41 UTC 2026","POM Refactored: Background color tests","tests/pom-refactored.spec.ts","",""
"","0","Utility Functions rgbToHsl g max with b>r (#00ff80) → h near 150","","Wed May 13 23:18:55 UTC 2026","passed","Wed May 13 23:18:55 UTC 2026","","Utility Functions","Utility Functions rgbToHsl g max with b>r (#00ff80) → h near 150",""
"","48","Frontend Unit Tests App Component delete API error shows error alert without closing dialog","","Wed May 13 23:18:55 UTC 2026","passed","Wed May 13 23:18:55 UTC 2026","","Frontend Unit Tests","Frontend Unit Tests App Component delete API error shows error alert without closing dialog",""
"","1","Utility Functions rgbToHex converts pure green","","Wed May 13 23:18:55 UTC 2026","passed","Wed May 13 23:18:55 UTC 2026","","Utility Functions","Utility Functions rgbToHex converts pure green",""
"","27","Frontend Unit Tests App Component picker × button closes the modal","","Wed May 13 23:18:55 UTC 2026","passed","Wed May 13 23:18:55 UTC 2026","","Frontend Unit Tests","Frontend Unit Tests App Component picker × button closes the modal",""
"","5","Component Tests ConfirmDialog backdrop click does NOT call onCancel when busy","","Wed May 13 23:18:55 UTC 2026","passed","Wed May 13 23:18:55 UTC 2026","","Component Tests","Component Tests ConfirmDialog backdrop click does NOT call onCancel when busy",""
"","57","Frontend Unit Tests App Component add color success closes picker and shows new chip","","Wed May 13 23:18:55 UTC 2026","passed","Wed May 13 23:18:55 UTC 2026","","Frontend Unit Tests","Frontend Unit Tests App Component add color success closes picker and shows new chip",""
"","626","Escape key closes the confirm dialog","Chrome","Wed May 13 23:24:41 UTC 2026","passed","Wed May 13 23:24:41 UTC 2026","Color Management — Add & Delete","tests/color-management.spec.ts","",""
"","1936","deleting the active color switches background to the first remaining","Chrome","Wed May 13 23:24:42 UTC 2026","passed","Wed May 13 23:24:44 UTC 2026","Color Management — Add & Delete","tests/color-management.spec.ts","",""
"","64","Frontend Unit Tests App Component fetches and displays color chips with swatch and delete button","","Wed May 13 23:18:55 UTC 2026","passed","Wed May 13 23:18:55 UTC 2026","","Frontend Unit Tests","Frontend Unit Tests App Component fetches and displays color chips with swatch and delete button",""
"","9","Server Unit Tests Surviving Mutants & Edge Cases Regex & Validation hex regex kills mutants by testing boundaries and formats","","Wed May 13 23:20:13 UTC 2026","passed","Wed May 13 23:20:13 UTC 2026","","Server Unit Tests","Server Unit Tests Surviving Mutants & Edge Cases Regex & Validation hex regex kills mutants by testing boundaries and formats",""
"","1","Utility Functions paintWheelPixel wraps negative angle: dy<0 gives angle+360 (hue=270 → violet)","","Wed May 13 23:18:55 UTC 2026","passed","Wed May 13 23:18:55 UTC 2026","","Utility Functions","Utility Functions paintWheelPixel wraps negative angle: dy<0 gives angle+360 (hue=270 → violet)",""
"","1","Utility Functions readableOn returns #111 for light-grey (L≈0.60, above 0.179 threshold)","","Wed May 13 23:18:55 UTC 2026","passed","Wed May 13 23:18:55 UTC 2026","","Utility Functions","Utility Functions readableOn returns #111 for light-grey (L≈0.60, above 0.179 threshold)",""
"","57","Component Tests ColorPicker editing name does NOT call onClearError when no serverError","","Wed May 13 23:18:55 UTC 2026","passed","Wed May 13 23:18:55 UTC 2026","","Utility Functions","Component Tests ColorPicker editing name does NOT call onClearError when no serverError",""
"","9","Server Unit Tests Error Handling PUT /api/colors/:name returns 500 when database fails","","Wed May 13 23:20:13 UTC 2026","passed","Wed May 13 23:20:13 UTC 2026","","Server Unit Tests","Server Unit Tests Error Handling PUT /api/colors/:name returns 500 when database fails",""
"Performance Test: UI Performance Test
File: ui-performance.spec.ts
Total Iterations: 1
Max VUs: 1

HTTP Request Duration:
- Avg: 2.95ms
- P(95): 2.95ms
- Max: 2.95ms

Full metrics attached in the results.","33377","UI Performance Test","Performance","Wed May 13 23:22:48 UTC 2026","passed","Wed May 13 23:23:22 UTC 2026","ui-performance.spec.ts","UI Performance Test","",""
"","10","should reject empty name","Chrome","Wed May 13 23:28:52 UTC 2026","passed","Wed May 13 23:28:52 UTC 2026","Backend API Integration > POST /api/colors Schema Validation","tests/api.spec.ts","",""
"","1060","delete API error shows alert banner","Chrome","Wed May 13 23:24:43 UTC 2026","passed","Wed May 13 23:24:44 UTC 2026","Color Management — Add & Delete","tests/color-management.spec.ts","",""
"","8","Server Unit Tests DELETE /api/colors/:name cannot delete the same color twice","","Wed May 13 23:20:13 UTC 2026","passed","Wed May 13 23:20:13 UTC 2026","","Server Unit Tests","Server Unit Tests DELETE /api/colors/:name cannot delete the same color twice",""
"","0","Utility Functions hslToRgb hue=60 (yellow) → [255,255,0]","","Wed May 13 23:18:55 UTC 2026","passed","Wed May 13 23:18:55 UTC 2026","","Utility Functions","Utility Functions hslToRgb hue=60 (yellow) → [255,255,0]",""
"","5","Server Unit Tests Middleware does not include X-Powered-By header","","Wed May 13 23:20:13 UTC 2026","passed","Wed May 13 23:20:13 UTC 2026","","Server Unit Tests","Server Unit Tests Middleware does not include X-Powered-By header",""
"","12","Server Integration Tests (Testcontainers) POST /api/colors should not expose _id or __v in the creation response","","Wed May 13 23:20:00 UTC 2026","passed","Wed May 13 23:20:00 UTC 2026","","Server Integration Tests (Testcontainers)","Server Integration Tests (Testcontainers) POST /api/colors should not expose _id or __v in the creation response",""
"","8","Server Unit Tests GET /api/colors/:name returns a single color by name with correct fields","","Wed May 13 23:20:13 UTC 2026","passed","Wed May 13 23:20:13 UTC 2026","","Server Unit Tests","Server Unit Tests GET /api/colors/:name returns a single color by name with correct fields",""
"","28","Frontend Unit Tests App Component labelFor returns translation for known color (Turquoise)","","Wed May 13 23:18:55 UTC 2026","passed","Wed May 13 23:18:55 UTC 2026","","Frontend Unit Tests","Frontend Unit Tests App Component labelFor returns translation for known color (Turquoise)",""
"","0","Utility Functions readableOn returns #111 for mid-grey (L≈0.35, black gives better contrast)","","Wed May 13 23:18:55 UTC 2026","passed","Wed May 13 23:18:55 UTC 2026","","Utility Functions","Utility Functions readableOn returns #111 for mid-grey (L≈0.35, black gives better contrast)",""
"","25","Component Tests ColorPicker touchmove while dragging updates hex","","Wed May 13 23:18:55 UTC 2026","passed","Wed May 13 23:18:55 UTC 2026","","Utility Functions","Component Tests ColorPicker touchmove while dragging updates hex",""
"","25","Component Tests ColorPicker mousemove while dragging updates hex (dragging.current=true kills mutation)","","Wed May 13 23:18:55 UTC 2026","passed","Wed May 13 23:18:55 UTC 2026","","Utility Functions","Component Tests ColorPicker mousemove while dragging updates hex (dragging.current=true kills mutation)",""
"","10","Component Tests ColorPicker wheel cursor is at (110,110) at center (sat=0)","","Wed May 13 23:18:55 UTC 2026","passed","Wed May 13 23:18:55 UTC 2026","","Utility Functions","Component Tests ColorPicker wheel cursor is at (110,110) at center (sat=0)",""
"","2327","should maintain accessibility in en language and verify resilient locators","Chrome","Wed May 13 23:28:45 UTC 2026","passed","Wed May 13 23:28:47 UTC 2026","i18n Accessibility Tests","tests/a11y.spec.ts","",""
"","6","Server Unit Tests POST /api/colors returns 400 for completely empty body","","Wed May 13 23:20:13 UTC 2026","passed","Wed May 13 23:20:13 UTC 2026","","Server Unit Tests","Server Unit Tests POST /api/colors returns 400 for completely empty body",""
"","1020","Cancel button closes the picker","Chrome","Wed May 13 23:24:35 UTC 2026","passed","Wed May 13 23:24:36 UTC 2026","Color Management — Add & Delete","tests/color-management.spec.ts","",""
"","1520","successfully adds a new color and shows its chip","Chrome","Wed May 13 23:24:37 UTC 2026","passed","Wed May 13 23:24:38 UTC 2026","Color Management — Add & Delete","tests/color-management.spec.ts","",""
"","5","Server Unit Tests Surviving Mutants & Edge Cases Swagger JSDoc Integration kills apis array mutants by verifying JSDoc content is present","","Wed May 13 23:20:13 UTC 2026","passed","Wed May 13 23:20:13 UTC 2026","","Server Unit Tests","Server Unit Tests Surviving Mutants & Edge Cases Swagger JSDoc Integration kills apis array mutants by verifying JSDoc content is present",""
"","67","Frontend Unit Tests App Component handles null data from initial fetch gracefully","","Wed May 13 23:18:55 UTC 2026","passed","Wed May 13 23:18:55 UTC 2026","","Frontend Unit Tests","Frontend Unit Tests App Component handles null data from initial fetch gracefully",""
"","20","Component Tests ColorPicker touch start on canvas sets hex to #ff0000 at right edge","","Wed May 13 23:18:55 UTC 2026","passed","Wed May 13 23:18:55 UTC 2026","","Utility Functions","Component Tests ColorPicker touch start on canvas sets hex to #ff0000 at right edge",""
"","12","Server Integration Tests (Testcontainers) GET /api/colors should not expose _id or __v fields","","Wed May 13 23:20:00 UTC 2026","passed","Wed May 13 23:20:00 UTC 2026","","Server Integration Tests (Testcontainers)","Server Integration Tests (Testcontainers) GET /api/colors should not expose _id or __v fields",""
"","48","Frontend Unit Tests App Component delete network error shows error alert","","Wed May 13 23:18:55 UTC 2026","passed","Wed May 13 23:18:55 UTC 2026","","Frontend Unit Tests","Frontend Unit Tests App Component delete network error shows error alert",""
"","24","Component Tests ColorPicker submit is blocked when hex input has an error","","Wed May 13 23:18:55 UTC 2026","passed","Wed May 13 23:18:55 UTC 2026","","Utility Functions","Component Tests ColorPicker submit is blocked when hex input has an error",""
"","1053","GET /api/colors/{name}","","","passed","","","schemathesis","",""
"","8","Component Tests ColorPicker displays serverError prop in an alert banner","","Wed May 13 23:18:55 UTC 2026","passed","Wed May 13 23:18:55 UTC 2026","","Utility Functions","Component Tests ColorPicker displays serverError prop in an alert banner",""
"","0","Utility Functions hslToRgb hue=270 (violet) → [128,0,255]","","Wed May 13 23:18:55 UTC 2026","passed","Wed May 13 23:18:55 UTC 2026","","Utility Functions","Utility Functions hslToRgb hue=270 (violet) → [128,0,255]",""
"","0","Utility Functions hslToRgb saturation clamped: s=1.5 treated as s=1","","Wed May 13 23:18:55 UTC 2026","passed","Wed May 13 23:18:55 UTC 2026","","Utility Functions","Utility Functions hslToRgb saturation clamped: s=1.5 treated as s=1",""
"","23","Frontend Unit Tests App Component shows add-color button even when colors are empty","","Wed May 13 23:18:55 UTC 2026","passed","Wed May 13 23:18:55 UTC 2026","","Frontend Unit Tests","Frontend Unit Tests App Component shows add-color button even when colors are empty",""
"","11","should reject missing name","Chrome","Wed May 13 23:28:52 UTC 2026","passed","Wed May 13 23:28:52 UTC 2026","Backend API Integration > POST /api/colors Schema Validation","tests/api.spec.ts","",""
"","3","Server Unit Tests Surviving Mutants & Edge Cases Swagger Metadata & OpenAPI has exact application/json content-type","","Wed May 13 23:20:13 UTC 2026","passed","Wed May 13 23:20:13 UTC 2026","","Server Unit Tests","Server Unit Tests Surviving Mutants & Edge Cases Swagger Metadata & OpenAPI has exact application/json content-type",""
"","11","Server Unit Tests POST /api/colors returns 400 when name is missing","","Wed May 13 23:20:13 UTC 2026","passed","Wed May 13 23:20:13 UTC 2026","","Server Unit Tests","Server Unit Tests POST /api/colors returns 400 when name is missing",""
"","314","Server Unit Tests Surviving Mutants & Edge Cases Port Fallback uses default PORT 5001 when process.env.PORT is missing","","Wed May 13 23:20:13 UTC 2026","passed","Wed May 13 23:20:13 UTC 2026","","Server Unit Tests","Server Unit Tests Surviving Mutants & Edge Cases Port Fallback uses default PORT 5001 when process.env.PORT is missing",""
"","11","Server Unit Tests PUT /api/colors/:name updates the name of an existing color and preserves hex","","Wed May 13 23:20:13 UTC 2026","passed","Wed May 13 23:20:13 UTC 2026","","Server Unit Tests","Server Unit Tests PUT /api/colors/:name updates the name of an existing color and preserves hex",""
"","8","malformed JSON body returns 400","Chrome","Wed May 13 23:24:42 UTC 2026","passed","Wed May 13 23:24:42 UTC 2026","Security > Input Validation","tests/security.spec.ts","",""
"","","[HIGH] CVE-2026-44728","","","failed","","","package-lock.json","@babel/plugin-transform-modules-systemjs-7.16.7",""
"Performance Test: API Performance Test
File: api-performance.spec.ts
Total Iterations: 1
Max VUs: 1

HTTP Request Duration:
- Avg: 6.64ms
- P(95): 16.86ms
- Max: 19.97ms

Full metrics attached in the results.","2560","API Performance Test","Performance","Wed May 13 23:21:23 UTC 2026","passed","Wed May 13 23:21:26 UTC 2026","api-performance.spec.ts","API Performance Test","",""
"","13","GET /api/colors should return colors sorted alphabetically by name","Chrome","Wed May 13 23:28:52 UTC 2026","passed","Wed May 13 23:28:52 UTC 2026","Backend API Integration","tests/api.spec.ts","",""
"","4","Server Unit Tests Error Handling GET /api/colors/:name returns 500 when database fails","","Wed May 13 23:20:13 UTC 2026","passed","Wed May 13 23:20:13 UTC 2026","","Server Unit Tests","Server Unit Tests Error Handling GET /api/colors/:name returns 500 when database fails",""
"","33","Frontend Unit Tests App Component active chip has is-active CSS class","","Wed May 13 23:18:55 UTC 2026","passed","Wed May 13 23:18:55 UTC 2026","","Frontend Unit Tests","Frontend Unit Tests App Component active chip has is-active CSS class",""
"","1915","should maintain accessibility in es language and verify resilient locators","Chrome","Wed May 13 23:28:48 UTC 2026","passed","Wed May 13 23:28:49 UTC 2026","i18n Accessibility Tests","tests/a11y.spec.ts","",""
"","7","Server Integration Tests (Testcontainers) GET /api/colors/:name should return correct data for Yellow","","Wed May 13 23:20:00 UTC 2026","passed","Wed May 13 23:20:00 UTC 2026","","Server Integration Tests (Testcontainers)","Server Integration Tests (Testcontainers) GET /api/colors/:name should return correct data for Yellow",""
"","1","Utility Functions rgbToHex converts pure red","","Wed May 13 23:18:55 UTC 2026","passed","Wed May 13 23:18:55 UTC 2026","","Utility Functions","Utility Functions rgbToHex converts pure red",""
"","1","Frontend Unit Tests i18n Configuration should be initialized with correct settings","","Wed May 13 23:18:57 UTC 2026","passed","Wed May 13 23:18:57 UTC 2026","","Frontend Unit Tests","Frontend Unit Tests i18n Configuration should be initialized with correct settings",""
"","10","Server Unit Tests Error Handling POST /api/colors returns 500 when database fails (findOne)","","Wed May 13 23:20:13 UTC 2026","passed","Wed May 13 23:20:13 UTC 2026","","Server Unit Tests","Server Unit Tests Error Handling POST /api/colors returns 500 when database fails (findOne)",""
"","5","Server Unit Tests Error Handling POST /api/colors returns 409 when database throws duplicate key error (code 11000)","","Wed May 13 23:20:13 UTC 2026","passed","Wed May 13 23:20:13 UTC 2026","","Server Unit Tests","Server Unit Tests Error Handling POST /api/colors returns 409 when database throws duplicate key error (code 11000)",""
"","9","Server Integration Tests (Testcontainers) DELETE /api/colors/:name should delete a color and confirm removal from the real database","","Wed May 13 23:20:00 UTC 2026","passed","Wed May 13 23:20:00 UTC 2026","","Server Integration Tests (Testcontainers)","Server Integration Tests (Testcontainers) DELETE /api/colors/:name should delete a color and confirm removal from the real database",""
"","2","Utility Functions rgbToHsl mid-grey [128,128,128] → s=0","","Wed May 13 23:18:55 UTC 2026","passed","Wed May 13 23:18:55 UTC 2026","","Utility Functions","Utility Functions rgbToHsl mid-grey [128,128,128] → s=0",""
"","6","Server Unit Tests GET /api/colors/:name returns 400 for invalid name in path (regex check)","","Wed May 13 23:20:13 UTC 2026","passed","Wed May 13 23:20:13 UTC 2026","","Server Unit Tests","Server Unit Tests GET /api/colors/:name returns 400 for invalid name in path (regex check)",""
"","646","handle color selection fetch error","Chrome","Wed May 13 23:24:35 UTC 2026","passed","Wed May 13 23:24:36 UTC 2026","Edge cases and error handling","tests/coverage.spec.ts","",""
"","18","Component Tests ColorPicker mousemove without prior mousedown (not dragging) does not change color","","Wed May 13 23:18:55 UTC 2026","passed","Wed May 13 23:18:55 UTC 2026","","Utility Functions","Component Tests ColorPicker mousemove without prior mousedown (not dragging) does not change color",""
"","7","Server Integration Tests (Testcontainers) GET /api/colors/:name should not expose _id or __v fields","","Wed May 13 23:20:00 UTC 2026","passed","Wed May 13 23:20:00 UTC 2026","","Server Integration Tests (Testcontainers)","Server Integration Tests (Testcontainers) GET /api/colors/:name should not expose _id or __v fields",""
"","21","Server Integration Tests (Testcontainers) POST /api/colors should create a new color and persist it in the real database","","Wed May 13 23:20:00 UTC 2026","passed","Wed May 13 23:20:00 UTC 2026","","Server Integration Tests (Testcontainers)","Server Integration Tests (Testcontainers) POST /api/colors should create a new color and persist it in the real database",""
"","5","Server Unit Tests 405 Method Not Allowed does not return 405 for allowed PUT method on /api/colors/:name","","Wed May 13 23:20:13 UTC 2026","passed","Wed May 13 23:20:13 UTC 2026","","Server Unit Tests","Server Unit Tests 405 Method Not Allowed does not return 405 for allowed PUT method on /api/colors/:name",""
"","671","handle initial fetch with empty data","Chrome","Wed May 13 23:24:34 UTC 2026","passed","Wed May 13 23:24:35 UTC 2026","Edge cases and error handling","tests/coverage.spec.ts","",""
"","5","Server Unit Tests Surviving Mutants & Edge Cases Mongoose Schema & Persistence kills empty schema mutant by verifying field persistence","","Wed May 13 23:20:13 UTC 2026","passed","Wed May 13 23:20:13 UTC 2026","","Server Unit Tests","Server Unit Tests Surviving Mutants & Edge Cases Mongoose Schema & Persistence kills empty schema mutant by verifying field persistence",""
"","26","Component Tests ConfirmDialog confirm button calls onConfirm","","Wed May 13 23:18:55 UTC 2026","passed","Wed May 13 23:18:55 UTC 2026","","Component Tests","Component Tests ConfirmDialog confirm button calls onConfirm",""
"","1","Utility Functions hslToRgb hue=59 stays in sector 0","","Wed May 13 23:18:55 UTC 2026","passed","Wed May 13 23:18:55 UTC 2026","","Utility Functions","Utility Functions hslToRgb hue=59 stays in sector 0",""
"","66","Frontend Unit Tests App Component handles empty array from initial fetch gracefully","","Wed May 13 23:18:55 UTC 2026","passed","Wed May 13 23:18:55 UTC 2026","","Frontend Unit Tests","Frontend Unit Tests App Component handles empty array from initial fetch gracefully",""
"","1","Utility Functions hslToRgb lightness=1 gives white","","Wed May 13 23:18:55 UTC 2026","passed","Wed May 13 23:18:55 UTC 2026","","Utility Functions","Utility Functions hslToRgb lightness=1 gives white",""
"","0","homepage after color change","Chrome","Wed May 13 23:27:41 UTC 2026","skipped","Wed May 13 23:27:41 UTC 2026","Percy Visual Regression – Production > Percy – tablet (768×1024)","","",""
"","1","homepage initial state","Chrome","Wed May 13 23:27:41 UTC 2026","skipped","Wed May 13 23:27:41 UTC 2026","Percy Visual Regression – Production > Percy – tablet (768×1024)","","",""
"","10","Component Tests ColorPicker clicking the backdrop calls onCancel","","Wed May 13 23:18:55 UTC 2026","passed","Wed May 13 23:18:55 UTC 2026","","Utility Functions","Component Tests ColorPicker clicking the backdrop calls onCancel",""
"","17","Component Tests ColorPicker valid submit calls onConfirm with trimmed name and current hex","","Wed May 13 23:18:55 UTC 2026","passed","Wed May 13 23:18:55 UTC 2026","","Utility Functions","Component Tests ColorPicker valid submit calls onConfirm with trimmed name and current hex",""
"","0","Utility Functions rgbToHex value 16 does not pad","","Wed May 13 23:18:55 UTC 2026","passed","Wed May 13 23:18:55 UTC 2026","","Utility Functions","Utility Functions rgbToHex value 16 does not pad",""
"","4","Server Unit Tests 405 Method Not Allowed sets the Allow header on /api/colors/:name with correct methods","","Wed May 13 23:20:13 UTC 2026","passed","Wed May 13 23:20:13 UTC 2026","","Server Unit Tests","Server Unit Tests 405 Method Not Allowed sets the Allow header on /api/colors/:name with correct methods",""
"","1309","homepage should match snapshot","Chrome","Wed May 13 23:27:36 UTC 2026","passed","Wed May 13 23:27:38 UTC 2026","Visual Regression – desktop (1280×720)","","",""
"","45","Server Integration Tests (Testcontainers) GET /api/colors should retrieve all seeded colors","","Wed May 13 23:20:00 UTC 2026","passed","Wed May 13 23:20:00 UTC 2026","","Server Integration Tests (Testcontainers)","Server Integration Tests (Testcontainers) GET /api/colors should retrieve all seeded colors",""
"","0","homepage initial state","Chrome","Wed May 13 23:27:41 UTC 2026","skipped","Wed May 13 23:27:41 UTC 2026","Percy Visual Regression – Production > Percy – mobile (375×667)","","",""
"","967","verify Red ( #e74c3c ) is applied as the background color","Chrome","Wed May 13 23:24:32 UTC 2026","passed","Wed May 13 23:24:33 UTC 2026","Background color tests","tests/coverage.spec.ts","",""
"","0","Utility Functions paintWheelPixel writes to the correct index offset in the array","","Wed May 13 23:18:55 UTC 2026","passed","Wed May 13 23:18:55 UTC 2026","","Utility Functions","Utility Functions paintWheelPixel writes to the correct index offset in the array",""
"","0","Utility Functions readableOn returns #111 for a pale/pastel colour (high luminance)","","Wed May 13 23:18:55 UTC 2026","passed","Wed May 13 23:18:55 UTC 2026","","Utility Functions","Utility Functions readableOn returns #111 for a pale/pastel colour (high luminance)",""
"","11","should reject updating with empty name","Chrome","Wed May 13 23:28:52 UTC 2026","passed","Wed May 13 23:28:52 UTC 2026","Backend API Integration > PUT /api/colors/:name Schema Validation","tests/api.spec.ts","",""
"","531","should handle fetch colors network failure gracefully","Chrome","Wed May 13 23:24:37 UTC 2026","passed","Wed May 13 23:24:38 UTC 2026","UI Error Handling Coverage","tests/error-handling.spec.ts","",""
"","4","Component Tests ConfirmDialog Escape key does NOT call onCancel when busy","","Wed May 13 23:18:55 UTC 2026","passed","Wed May 13 23:18:55 UTC 2026","","Component Tests","Component Tests ConfirmDialog Escape key does NOT call onCancel when busy",""
"","8","empty body on POST returns 400","Chrome","Wed May 13 23:24:42 UTC 2026","passed","Wed May 13 23:24:42 UTC 2026","Security > Input Validation","tests/security.spec.ts","",""
"","4","Server Unit Tests OpenAPI endpoints has exact application/json content-type","","Wed May 13 23:20:13 UTC 2026","passed","Wed May 13 23:20:13 UTC 2026","","Server Unit Tests","Server Unit Tests OpenAPI endpoints has exact application/json content-type",""
"","9","Server Unit Tests Surviving Mutants & Edge Cases Regex & Validation STRICT_NAME_REGEX is strict on forbidden special characters in the middle","","Wed May 13 23:20:13 UTC 2026","passed","Wed May 13 23:20:13 UTC 2026","","Server Unit Tests","Server Unit Tests Surviving Mutants & Edge Cases Regex & Validation STRICT_NAME_REGEX is strict on forbidden special characters in the middle",""
"","11","Server Unit Tests GET /api/colors does not expose _id or __v fields","","Wed May 13 23:20:13 UTC 2026","passed","Wed May 13 23:20:13 UTC 2026","","Server Unit Tests","Server Unit Tests GET /api/colors does not expose _id or __v fields",""
"","22","Component Tests ColorPicker touchend stops dragging (touchmove after touchend is ignored)","","Wed May 13 23:18:55 UTC 2026","passed","Wed May 13 23:18:55 UTC 2026","","Utility Functions","Component Tests ColorPicker touchend stops dragging (touchmove after touchend is ignored)",""
"","0","Utility Functions paintWheelPixel sets alpha to 0 when dist > r (outside circle)","","Wed May 13 23:18:55 UTC 2026","passed","Wed May 13 23:18:55 UTC 2026","","Utility Functions","Utility Functions paintWheelPixel sets alpha to 0 when dist > r (outside circle)",""
"","6","PATCH /api/colors/:name returns 405","Chrome","Wed May 13 23:24:42 UTC 2026","passed","Wed May 13 23:24:42 UTC 2026","Security > HTTP Method Restrictions","tests/security.spec.ts","",""
"","9","Server Integration Tests (Testcontainers) POST /api/colors should accept a single alphanumeric character as a name","","Wed May 13 23:20:00 UTC 2026","passed","Wed May 13 23:20:00 UTC 2026","","Server Integration Tests (Testcontainers)","Server Integration Tests (Testcontainers) POST /api/colors should accept a single alphanumeric character as a name",""
"","1197","verify Turquoise ( #1abc9c ) is applied as the background color","Chrome","Wed May 13 23:24:32 UTC 2026","passed","Wed May 13 23:24:33 UTC 2026","Background color tests","tests/coverage.spec.ts","",""
"","13","Server Unit Tests Surviving Mutants & Edge Cases PUT logic kills name/hex conditional mutants by providing only one field","","Wed May 13 23:20:13 UTC 2026","passed","Wed May 13 23:20:13 UTC 2026","","Server Unit Tests","Server Unit Tests Surviving Mutants & Edge Cases PUT logic kills name/hex conditional mutants by providing only one field",""
"","1118","shows client-side ""Name is required"" when submitting empty name","Chrome","Wed May 13 23:24:37 UTC 2026","passed","Wed May 13 23:24:38 UTC 2026","Color Management — Add & Delete","tests/color-management.spec.ts","",""
"","32","Server Unit Tests Surviving Mutants & Edge Cases Strict Path & Method Validation kills allowedMethods mutants by exhaustive testing","","Wed May 13 23:20:13 UTC 2026","passed","Wed May 13 23:20:13 UTC 2026","","Server Unit Tests","Server Unit Tests Surviving Mutants & Edge Cases Strict Path & Method Validation kills allowedMethods mutants by exhaustive testing",""
"","614","should handle missing image gracefully by showing alt text","Chrome","Wed May 13 23:24:39 UTC 2026","passed","Wed May 13 23:24:39 UTC 2026","Network Mocking & Interception","tests/network-mocking.spec.ts","",""
"","0","Utility Functions paintWheelPixel anti-aliases the outermost ring: dist=r gives alpha=0","","Wed May 13 23:18:55 UTC 2026","passed","Wed May 13 23:18:55 UTC 2026","","Utility Functions","Utility Functions paintWheelPixel anti-aliases the outermost ring: dist=r gives alpha=0",""
"","1262","shows client-side validation error for invalid name chars","Chrome","Wed May 13 23:24:38 UTC 2026","passed","Wed May 13 23:24:39 UTC 2026","Color Management — Add & Delete","tests/color-management.spec.ts","",""
"","0","Utility Functions rgbToHex converts arbitrary color","","Wed May 13 23:18:55 UTC 2026","passed","Wed May 13 23:18:55 UTC 2026","","Utility Functions","Utility Functions rgbToHex converts arbitrary color",""
"","1","Utility Functions rgbToHsl r max with g<b (#ff0040) → h near 345","","Wed May 13 23:18:55 UTC 2026","passed","Wed May 13 23:18:55 UTC 2026","","Utility Functions","Utility Functions rgbToHsl r max with g<b (#ff0040) → h near 345",""
"","13","should return 404 when updating non-existent color","Chrome","Wed May 13 23:25:09 UTC 2026","passed","Wed May 13 23:25:09 UTC 2026","Backend API Integration > PUT /api/colors/:name Schema Validation","","",""
"","5","Server Unit Tests Middleware JSON error middleware ignores SyntaxError without body","","Wed May 13 23:20:13 UTC 2026","passed","Wed May 13 23:20:13 UTC 2026","","Server Unit Tests","Server Unit Tests Middleware JSON error middleware ignores SyntaxError without body",""
"","5","Server Unit Tests POST /api/colors returns 400 for invalid hex format (too short)","","Wed May 13 23:20:13 UTC 2026","passed","Wed May 13 23:20:13 UTC 2026","","Server Unit Tests","Server Unit Tests POST /api/colors returns 400 for invalid hex format (too short)",""
"","48","Frontend Unit Tests App Component header color attribute changes after clicking a chip","","Wed May 13 23:18:55 UTC 2026","passed","Wed May 13 23:18:55 UTC 2026","","Frontend Unit Tests","Frontend Unit Tests App Component header color attribute changes after clicking a chip",""
"","946","verify Turquoise ( #1abc9c ) is applied as the background color","Chrome","Wed May 13 23:24:40 UTC 2026","passed","Wed May 13 23:24:41 UTC 2026","POM Refactored: Background color tests","tests/pom-refactored.spec.ts","",""
"","6","Server Unit Tests POST /api/colors accepts names with alphanumeric characters and spaces","","Wed May 13 23:20:13 UTC 2026","passed","Wed May 13 23:20:13 UTC 2026","","Server Unit Tests","Server Unit Tests POST /api/colors accepts names with alphanumeric characters and spaces",""
"","27","Component Tests ColorPicker lightness slider max value (100) gives white","","Wed May 13 23:18:55 UTC 2026","passed","Wed May 13 23:18:55 UTC 2026","","Utility Functions","Component Tests ColorPicker lightness slider max value (100) gives white",""
"","5","Utility Functions rgbToHsl pure green → h=120, s=1, l=0.5","","Wed May 13 23:18:55 UTC 2026","passed","Wed May 13 23:18:55 UTC 2026","","Utility Functions","Utility Functions rgbToHsl pure green → h=120, s=1, l=0.5",""
"","994","Example #1","BDD","Wed May 13 23:25:14 UTC 2026","passed","Wed May 13 23:25:15 UTC 2026","Home Page Background Color > Change background color","","",""
"","908","should create color via API and verify through UI","Chrome","Wed May 13 23:24:39 UTC 2026","passed","Wed May 13 23:24:40 UTC 2026","Hybrid E2E Testing","tests/hybrid.spec.ts","",""
"","14","Server Unit Tests GET /api/colors returns JSON content type","","Wed May 13 23:20:13 UTC 2026","passed","Wed May 13 23:20:13 UTC 2026","","Server Unit Tests","Server Unit Tests GET /api/colors returns JSON content type",""
"","5","Server Unit Tests Error Handling PUT /api/colors/:name returns 409 when database throws duplicate key error (code 11000) on save","","Wed May 13 23:20:13 UTC 2026","passed","Wed May 13 23:20:13 UTC 2026","","Server Unit Tests","Server Unit Tests Error Handling PUT /api/colors/:name returns 409 when database throws duplicate key error (code 11000) on save",""
"","65","Frontend Unit Tests App Component handles non-array initial fetch response gracefully","","Wed May 13 23:18:55 UTC 2026","passed","Wed May 13 23:18:55 UTC 2026","","Frontend Unit Tests","Frontend Unit Tests App Component handles non-array initial fetch response gracefully",""
"","75","POST with HTML tag in name is rejected (400)","Chrome","Wed May 13 23:24:39 UTC 2026","passed","Wed May 13 23:24:39 UTC 2026","Security > XSS Prevention","tests/security.spec.ts","",""
"","45","Frontend Unit Tests App Component add color 400 without data.error falls back to generic message","","Wed May 13 23:18:55 UTC 2026","passed","Wed May 13 23:18:55 UTC 2026","","Frontend Unit Tests","Frontend Unit Tests App Component add color 400 without data.error falls back to generic message",""
"","4","Server Unit Tests Surviving Mutants & Edge Cases Swagger Metadata & OpenAPI has exact server metadata","","Wed May 13 23:20:13 UTC 2026","passed","Wed May 13 23:20:13 UTC 2026","","Server Unit Tests","Server Unit Tests Surviving Mutants & Edge Cases Swagger Metadata & OpenAPI has exact server metadata",""
"","4","Frontend Unit Tests App Component current color span tracks hex value","","Wed May 13 23:18:55 UTC 2026","passed","Wed May 13 23:18:55 UTC 2026","","Frontend Unit Tests","Frontend Unit Tests App Component current color span tracks hex value",""
"","990","verify Yellow ( #f1c40f ) is applied as the background color","Chrome","Wed May 13 23:24:33 UTC 2026","passed","Wed May 13 23:24:34 UTC 2026","Background color tests","tests/coverage.spec.ts","",""
"","13","Component Tests ColorPicker Enter key on name input triggers submit","","Wed May 13 23:18:55 UTC 2026","passed","Wed May 13 23:18:55 UTC 2026","","Utility Functions","Component Tests ColorPicker Enter key on name input triggers submit",""
"","5","Server Unit Tests 405 Method Not Allowed does not return 405 for allowed GET method on /api/colors/:name","","Wed May 13 23:20:13 UTC 2026","passed","Wed May 13 23:20:13 UTC 2026","","Server Unit Tests","Server Unit Tests 405 Method Not Allowed does not return 405 for allowed GET method on /api/colors/:name",""
"","9","Server Unit Tests Surviving Mutants & Edge Cases Regex & Validation STRICT_NAME_REGEX kills mutants by testing multiple spaces in the middle and rejecting pluses","","Wed May 13 23:20:13 UTC 2026","passed","Wed May 13 23:20:13 UTC 2026","","Server Unit Tests","Server Unit Tests Surviving Mutants & Edge Cases Regex & Validation STRICT_NAME_REGEX kills mutants by testing multiple spaces in the middle and rejecting pluses",""
"","38","Frontend Unit Tests App Component add color network error shows network error message","","Wed May 13 23:18:55 UTC 2026","passed","Wed May 13 23:18:55 UTC 2026","","Frontend Unit Tests","Frontend Unit Tests App Component add color network error shows network error message",""
"","25","Component Tests ColorPicker submit with empty name shows ""Name is required"" error","","Wed May 13 23:18:55 UTC 2026","passed","Wed May 13 23:18:55 UTC 2026","","Utility Functions","Component Tests ColorPicker submit with empty name shows ""Name is required"" error",""
"","6","Server Integration Tests (Testcontainers) POST /api/colors should return 400 when extra fields are provided","","Wed May 13 23:20:00 UTC 2026","passed","Wed May 13 23:20:00 UTC 2026","","Server Integration Tests (Testcontainers)","Server Integration Tests (Testcontainers) POST /api/colors should return 400 when extra fields are provided",""
"","0","Utility Functions hexToRgb is case-insensitive","","Wed May 13 23:18:55 UTC 2026","passed","Wed May 13 23:18:55 UTC 2026","","Utility Functions","Utility Functions hexToRgb is case-insensitive",""
"","26","Frontend Unit Tests App Component link color is dark (#003366) on light background","","Wed May 13 23:18:55 UTC 2026","passed","Wed May 13 23:18:55 UTC 2026","","Frontend Unit Tests","Frontend Unit Tests App Component link color is dark (#003366) on light background",""
"","5","Server Unit Tests POST /api/colors returns 400 for invalid hex format (no hash)","","Wed May 13 23:20:13 UTC 2026","passed","Wed May 13 23:20:13 UTC 2026","","Server Unit Tests","Server Unit Tests POST /api/colors returns 400 for invalid hex format (no hash)",""
"","55","Frontend Unit Tests App Component successful delete removes the color chip","","Wed May 13 23:18:55 UTC 2026","passed","Wed May 13 23:18:55 UTC 2026","","Frontend Unit Tests","Frontend Unit Tests App Component successful delete removes the color chip",""
"","1","Utility Functions hslToRgb lightness clamped: l=-0.5 gives black","","Wed May 13 23:18:55 UTC 2026","passed","Wed May 13 23:18:55 UTC 2026","","Utility Functions","Utility Functions hslToRgb lightness clamped: l=-0.5 gives black",""
"","4","Server Unit Tests PUT /api/colors/:name returns 400 for invalid name with special characters","","Wed May 13 23:20:13 UTC 2026","passed","Wed May 13 23:20:13 UTC 2026","","Server Unit Tests","Server Unit Tests PUT /api/colors/:name returns 400 for invalid name with special characters",""
"","6","Server Integration Tests (Testcontainers) PUT /api/colors/:name should return 400 for invalid name in URL path","","Wed May 13 23:20:00 UTC 2026","passed","Wed May 13 23:20:00 UTC 2026","","Server Integration Tests (Testcontainers)","Server Integration Tests (Testcontainers) PUT /api/colors/:name should return 400 for invalid name in URL path",""
"","8","Server Unit Tests POST /api/colors accepts single alphanumeric characters as names","","Wed May 13 23:20:13 UTC 2026","passed","Wed May 13 23:20:13 UTC 2026","","Server Unit Tests","Server Unit Tests POST /api/colors accepts single alphanumeric characters as names",""
"","0","Utility Functions hslToRgb hue=90 (chartreuse) → [128,255,0]","","Wed May 13 23:18:55 UTC 2026","passed","Wed May 13 23:18:55 UTC 2026","","Utility Functions","Utility Functions hslToRgb hue=90 (chartreuse) → [128,255,0]",""
"","7","Component Tests ConfirmDialog dialog has correct ARIA attributes","","Wed May 13 23:18:55 UTC 2026","passed","Wed May 13 23:18:55 UTC 2026","","Component Tests","Component Tests ConfirmDialog dialog has correct ARIA attributes",""
"","857","Example #2","BDD","Wed May 13 23:25:15 UTC 2026","passed","Wed May 13 23:25:16 UTC 2026","Home Page Background Color > Change background color","","",""
"","8","Server Unit Tests GET /api/colors returns colors sorted alphabetically by name","","Wed May 13 23:20:13 UTC 2026","passed","Wed May 13 23:20:13 UTC 2026","","Server Unit Tests","Server Unit Tests GET /api/colors returns colors sorted alphabetically by name",""
"","5","Server Unit Tests PUT /api/colors/:name returns 400 when no fields are provided (empty body)","","Wed May 13 23:20:13 UTC 2026","passed","Wed May 13 23:20:13 UTC 2026","","Server Unit Tests","Server Unit Tests PUT /api/colors/:name returns 400 when no fields are provided (empty body)",""
"","23","Component Tests ColorPicker typing in name input clears name error","","Wed May 13 23:18:55 UTC 2026","passed","Wed May 13 23:18:55 UTC 2026","","Utility Functions","Component Tests ColorPicker typing in name input clears name error",""
"","19","Server Integration Tests (Testcontainers) GET /api/colors should return colors sorted alphabetically by name","","Wed May 13 23:20:00 UTC 2026","passed","Wed May 13 23:20:00 UTC 2026","","Server Integration Tests (Testcontainers)","Server Integration Tests (Testcontainers) GET /api/colors should return colors sorted alphabetically by name",""
"","8","Server Unit Tests seedDatabase clears existing colors and re-seeds with 3 defaults","","Wed May 13 23:20:13 UTC 2026","passed","Wed May 13 23:20:13 UTC 2026","","Server Unit Tests","Server Unit Tests seedDatabase clears existing colors and re-seeds with 3 defaults",""
"","22","Component Tests ColorPicker mousedown at right-center (hue=0) sets hex to #ff0000","","Wed May 13 23:18:55 UTC 2026","passed","Wed May 13 23:18:55 UTC 2026","","Utility Functions","Component Tests ColorPicker mousedown at right-center (hue=0) sets hex to #ff0000",""
"","101","Frontend Unit Tests App Component handleColorClick does nothing when data is null","","Wed May 13 23:18:55 UTC 2026","passed","Wed May 13 23:18:55 UTC 2026","","Frontend Unit Tests","Frontend Unit Tests App Component handleColorClick does nothing when data is null",""
"","65","Frontend Unit Tests App Component picker onCancel does nothing when saving=true","","Wed May 13 23:18:55 UTC 2026","passed","Wed May 13 23:18:55 UTC 2026","","Frontend Unit Tests","Frontend Unit Tests App Component picker onCancel does nothing when saving=true",""
"","12","Server Unit Tests Surviving Mutants & Edge Cases Strict Path & Method Validation kills mutants that change route paths to empty string","","Wed May 13 23:20:13 UTC 2026","passed","Wed May 13 23:20:13 UTC 2026","","Server Unit Tests","Server Unit Tests Surviving Mutants & Edge Cases Strict Path & Method Validation kills mutants that change route paths to empty string",""
"","5","Server Unit Tests Error Handling GET /api/colors returns 500 when database fails","","Wed May 13 23:20:13 UTC 2026","passed","Wed May 13 23:20:13 UTC 2026","","Server Unit Tests","Server Unit Tests Error Handling GET /api/colors returns 500 when database fails",""
"","5","Server Unit Tests POST /api/colors rejects names with the + character (+ encodes as space in URLs, causing lookup mismatches)","","Wed May 13 23:20:13 UTC 2026","passed","Wed May 13 23:20:13 UTC 2026","","Server Unit Tests","Server Unit Tests POST /api/colors rejects names with the + character (+ encodes as space in URLs, causing lookup mismatches)",""
"","47","Frontend Unit Tests App Component handleColorClick encodes color name in URL","","Wed May 13 23:18:55 UTC 2026","passed","Wed May 13 23:18:55 UTC 2026","","Frontend Unit Tests","Frontend Unit Tests App Component handleColorClick encodes color name in URL",""
"","42","Frontend Unit Tests App Component handleColorClick shows error alert on fetch failure","","Wed May 13 23:18:55 UTC 2026","passed","Wed May 13 23:18:55 UTC 2026","","Frontend Unit Tests","Frontend Unit Tests App Component handleColorClick shows error alert on fetch failure",""
"","7","array body on POST returns 400","Chrome","Wed May 13 23:24:42 UTC 2026","passed","Wed May 13 23:24:42 UTC 2026","Security > Input Validation","tests/security.spec.ts","",""
"","9","SQL injection characters in name are rejected (400)","Chrome","Wed May 13 23:24:42 UTC 2026","passed","Wed May 13 23:24:42 UTC 2026","Security > Injection Prevention","tests/security.spec.ts","",""
"","1","Utility Functions rgbToHex value 15 pads to 0f","","Wed May 13 23:18:55 UTC 2026","passed","Wed May 13 23:18:55 UTC 2026","","Utility Functions","Utility Functions rgbToHex value 15 pads to 0f",""
"","655","Example #1","BDD","Wed May 13 23:25:16 UTC 2026","passed","Wed May 13 23:25:16 UTC 2026","Language Switching > Switch language and verify translated UI labels","","",""
"","645","handle initial fetch error","Chrome","Wed May 13 23:24:34 UTC 2026","passed","Wed May 13 23:24:35 UTC 2026","Edge cases and error handling","tests/coverage.spec.ts","",""
"","340","Server Unit Tests Surviving Mutants & Edge Cases Infrastructure uses MONGO_URI from environment if available","","Wed May 13 23:20:13 UTC 2026","passed","Wed May 13 23:20:13 UTC 2026","","Server Unit Tests","Server Unit Tests Surviving Mutants & Edge Cases Infrastructure uses MONGO_URI from environment if available",""
"","4","Server Unit Tests PUT /api/colors/:name returns 400 for invalid hex on update","","Wed May 13 23:20:13 UTC 2026","passed","Wed May 13 23:20:13 UTC 2026","","Server Unit Tests","Server Unit Tests PUT /api/colors/:name returns 400 for invalid hex on update",""
"","0","Utility Functions hslToRgb hue=180 (cyan) → [0,255,255]","","Wed May 13 23:18:55 UTC 2026","passed","Wed May 13 23:18:55 UTC 2026","","Utility Functions","Utility Functions hslToRgb hue=180 (cyan) → [0,255,255]",""
"","30","Component Tests ColorPicker cancel button calls onCancel","","Wed May 13 23:18:55 UTC 2026","passed","Wed May 13 23:18:55 UTC 2026","","Utility Functions","Component Tests ColorPicker cancel button calls onCancel",""
"","811","should handle color click network failure gracefully","Chrome","Wed May 13 23:24:38 UTC 2026","passed","Wed May 13 23:24:38 UTC 2026","UI Error Handling Coverage","tests/error-handling.spec.ts","",""
"","46","Frontend Unit Tests App Component learn react link has correct text","","Wed May 13 23:18:55 UTC 2026","passed","Wed May 13 23:18:55 UTC 2026","","Frontend Unit Tests","Frontend Unit Tests App Component learn react link has correct text",""
"","7","Server Unit Tests GET /api/colors/:name returns 404 for a non-existent color","","Wed May 13 23:20:13 UTC 2026","passed","Wed May 13 23:20:13 UTC 2026","","Server Unit Tests","Server Unit Tests GET /api/colors/:name returns 404 for a non-existent color",""
"","39","Server Unit Tests GET /api/colors returns all seeded colors with correct names and hex values","","Wed May 13 23:20:13 UTC 2026","passed","Wed May 13 23:20:13 UTC 2026","","Server Unit Tests","Server Unit Tests GET /api/colors returns all seeded colors with correct names and hex values",""
"","1","Utility Functions hslToRgb hue=120 (green) → [0,255,0]","","Wed May 13 23:18:55 UTC 2026","passed","Wed May 13 23:18:55 UTC 2026","","Utility Functions","Utility Functions hslToRgb hue=120 (green) → [0,255,0]",""
"","5","PUT /openapi.json returns 405","Chrome","Wed May 13 23:24:42 UTC 2026","passed","Wed May 13 23:24:42 UTC 2026","Security > HTTP Method Restrictions","tests/security.spec.ts","",""
"","7","Server Integration Tests (Testcontainers) POST /api/colors should return 400 when name is missing","","Wed May 13 23:20:00 UTC 2026","passed","Wed May 13 23:20:00 UTC 2026","","Server Integration Tests (Testcontainers)","Server Integration Tests (Testcontainers) POST /api/colors should return 400 when name is missing",""
"","19","Component Tests ColorPicker Cancel button is disabled when saving=true","","Wed May 13 23:18:55 UTC 2026","passed","Wed May 13 23:18:55 UTC 2026","","Utility Functions","Component Tests ColorPicker Cancel button is disabled when saving=true",""
"","3","Server Unit Tests OpenAPI endpoints spec includes component schemas","","Wed May 13 23:20:13 UTC 2026","passed","Wed May 13 23:20:13 UTC 2026","","Server Unit Tests","Server Unit Tests OpenAPI endpoints spec includes component schemas",""
"","5","Server Unit Tests Middleware includes CORS headers","","Wed May 13 23:20:13 UTC 2026","passed","Wed May 13 23:20:13 UTC 2026","","Server Unit Tests","Server Unit Tests Middleware includes CORS headers",""
"","5","Frontend Unit Tests App Component initial default background before fetch resolves","","Wed May 13 23:18:55 UTC 2026","passed","Wed May 13 23:18:55 UTC 2026","","Frontend Unit Tests","Frontend Unit Tests App Component initial default background before fetch resolves",""
"","1","Utility Functions readableOn returns #111 for turquoise (L≈0.39, black gives better contrast)","","Wed May 13 23:18:55 UTC 2026","passed","Wed May 13 23:18:55 UTC 2026","","Utility Functions","Utility Functions readableOn returns #111 for turquoise (L≈0.39, black gives better contrast)",""
"","6","Server Unit Tests Middleware JSON error middleware passes non-syntax errors to next()","","Wed May 13 23:20:13 UTC 2026","passed","Wed May 13 23:20:13 UTC 2026","","Server Unit Tests","Server Unit Tests Middleware JSON error middleware passes non-syntax errors to next()",""
"","22","Server Unit Tests POST /api/colors creates a new color and returns 201 with correct body","","Wed May 13 23:20:13 UTC 2026","passed","Wed May 13 23:20:13 UTC 2026","","Server Unit Tests","Server Unit Tests POST /api/colors creates a new color and returns 201 with correct body",""
"","15","Component Tests ColorPicker typing blue hex updates internal state (b is max branch)","","Wed May 13 23:18:55 UTC 2026","passed","Wed May 13 23:18:55 UTC 2026","","Utility Functions","Component Tests ColorPicker typing blue hex updates internal state (b is max branch)",""
"","1662","should maintain accessibility in el language and verify resilient locators","Chrome","Wed May 13 23:28:49 UTC 2026","passed","Wed May 13 23:28:51 UTC 2026","i18n Accessibility Tests","tests/a11y.spec.ts","",""
"","58","Frontend Unit Tests App Component delete sends DELETE request with correct method","","Wed May 13 23:18:55 UTC 2026","passed","Wed May 13 23:18:55 UTC 2026","","Frontend Unit Tests","Frontend Unit Tests App Component delete sends DELETE request with correct method",""
"","33","Frontend Unit Tests App Component add color 409 conflict shows picker error (data.error message)","","Wed May 13 23:18:55 UTC 2026","passed","Wed May 13 23:18:55 UTC 2026","","Frontend Unit Tests","Frontend Unit Tests App Component add color 409 conflict shows picker error (data.error message)",""
"","6","Server Unit Tests PUT /api/colors/:name updates both name and hex simultaneously","","Wed May 13 23:20:13 UTC 2026","passed","Wed May 13 23:20:13 UTC 2026","","Server Unit Tests","Server Unit Tests PUT /api/colors/:name updates both name and hex simultaneously",""
"","4","Frontend Unit Tests i18n Configuration should handle language change correctly","","Wed May 13 23:18:57 UTC 2026","passed","Wed May 13 23:18:57 UTC 2026","","Frontend Unit Tests","Frontend Unit Tests i18n Configuration should handle language change correctly",""
"","3","Server Unit Tests 405 Method Not Allowed sets the Allow header on /api/colors with correct methods","","Wed May 13 23:20:13 UTC 2026","passed","Wed May 13 23:20:13 UTC 2026","","Server Unit Tests","Server Unit Tests 405 Method Not Allowed sets the Allow header on /api/colors with correct methods",""
"","851","clicking the backdrop closes the picker","Chrome","Wed May 13 23:24:36 UTC 2026","passed","Wed May 13 23:24:37 UTC 2026","Color Management — Add & Delete","tests/color-management.spec.ts","",""
"","16","Component Tests ColorPicker typing a valid hex clears the hex error and updates preview","","Wed May 13 23:18:55 UTC 2026","passed","Wed May 13 23:18:55 UTC 2026","","Utility Functions","Component Tests ColorPicker typing a valid hex clears the hex error and updates preview",""
"","46","Frontend Unit Tests App Component confirm dialog cancel button closes it","","Wed May 13 23:18:55 UTC 2026","passed","Wed May 13 23:18:55 UTC 2026","","Frontend Unit Tests","Frontend Unit Tests App Component confirm dialog cancel button closes it",""
"","824","verify Yellow ( #f1c40f ) is applied as the background color","Chrome","Wed May 13 23:24:41 UTC 2026","passed","Wed May 13 23:24:42 UTC 2026","POM Refactored: Background color tests","tests/pom-refactored.spec.ts","",""
"","1","Utility Functions hslToRgb hue=300 (magenta) → [255,0,255]","","Wed May 13 23:18:55 UTC 2026","passed","Wed May 13 23:18:55 UTC 2026","","Utility Functions","Utility Functions hslToRgb hue=300 (magenta) → [255,0,255]",""
"","42","Frontend Unit Tests App Component add color 501 also triggers server error message (>= 500)","","Wed May 13 23:18:55 UTC 2026","passed","Wed May 13 23:18:55 UTC 2026","","Frontend Unit Tests","Frontend Unit Tests App Component add color 501 also triggers server error message (>= 500)",""
"","4","Server Unit Tests 405 Method Not Allowed does not return 405 for allowed DELETE method on /api/colors/:name","","Wed May 13 23:20:13 UTC 2026","passed","Wed May 13 23:20:13 UTC 2026","","Server Unit Tests","Server Unit Tests 405 Method Not Allowed does not return 405 for allowed DELETE method on /api/colors/:name",""
"","1","Utility Functions paintWheelPixel paints red at right edge (dx=r, dy=0, hue=0)","","Wed May 13 23:18:55 UTC 2026","passed","Wed May 13 23:18:55 UTC 2026","","Utility Functions","Utility Functions paintWheelPixel paints red at right edge (dx=r, dy=0, hue=0)",""
"","5","Server Unit Tests POST /api/colors returns 400 for name with only spaces","","Wed May 13 23:20:13 UTC 2026","passed","Wed May 13 23:20:13 UTC 2026","","Server Unit Tests","Server Unit Tests POST /api/colors returns 400 for name with only spaces",""
"","84","Frontend Unit Tests App Component confirm dialog cancel does nothing when deleting=true","","Wed May 13 23:18:55 UTC 2026","passed","Wed May 13 23:18:55 UTC 2026","","Frontend Unit Tests","Frontend Unit Tests App Component confirm dialog cancel does nothing when deleting=true",""
"","0","Utility Functions readableOn returns #fff for a very dark blue","","Wed May 13 23:18:55 UTC 2026","passed","Wed May 13 23:18:55 UTC 2026","","Utility Functions","Utility Functions readableOn returns #fff for a very dark blue",""
"","661","Example #2","BDD","Wed May 13 23:25:16 UTC 2026","passed","Wed May 13 23:25:17 UTC 2026","Language Switching > Switch language and verify translated UI labels","","",""
"","947","changing color to Red should reflect in UI and DOM","Chrome","Wed May 13 23:24:36 UTC 2026","passed","Wed May 13 23:24:37 UTC 2026","Data-Driven Testing","tests/data-driven.spec.ts","",""
"","5","Server Unit Tests GET /api/colors/:name is case-sensitive","","Wed May 13 23:20:13 UTC 2026","passed","Wed May 13 23:20:13 UTC 2026","","Server Unit Tests","Server Unit Tests GET /api/colors/:name is case-sensitive",""
"","737","shows a chip for each color with a swatch, name, and delete button","Chrome","Wed May 13 23:24:34 UTC 2026","passed","Wed May 13 23:24:34 UTC 2026","Color Management — Add & Delete","tests/color-management.spec.ts","",""
"","12","GET /api/colors/:name should return 404 for non-existent color","Chrome","Wed May 13 23:28:52 UTC 2026","passed","Wed May 13 23:28:52 UTC 2026","Backend API Integration","tests/api.spec.ts","",""
"","45","Frontend Unit Tests App Component deleting a non-active color keeps the current background","","Wed May 13 23:18:55 UTC 2026","passed","Wed May 13 23:18:55 UTC 2026","","Frontend Unit Tests","Frontend Unit Tests App Component deleting a non-active color keeps the current background",""
"","3","Utility Functions hslToRgb hue=0 (red) → [255,0,0]","","Wed May 13 23:18:55 UTC 2026","passed","Wed May 13 23:18:55 UTC 2026","","Utility Functions","Utility Functions hslToRgb hue=0 (red) → [255,0,0]",""
"","6","Server Unit Tests GET /api/colors/:name returns Turquoise color correctly","","Wed May 13 23:20:13 UTC 2026","passed","Wed May 13 23:20:13 UTC 2026","","Server Unit Tests","Server Unit Tests GET /api/colors/:name returns Turquoise color correctly",""
"","4","Server Unit Tests Surviving Mutants & Edge Cases PUT logic kills hex regex mutant in PUT","","Wed May 13 23:20:13 UTC 2026","passed","Wed May 13 23:20:13 UTC 2026","","Server Unit Tests","Server Unit Tests Surviving Mutants & Edge Cases PUT logic kills hex regex mutant in PUT",""
"","0","Utility Functions hslToRgb saturation clamped: s=-0.5 treated as s=0","","Wed May 13 23:18:55 UTC 2026","passed","Wed May 13 23:18:55 UTC 2026","","Utility Functions","Utility Functions hslToRgb saturation clamped: s=-0.5 treated as s=0",""
"","6","Server Unit Tests 405 Method Not Allowed does not return 405 for allowed POST method on /api/colors","","Wed May 13 23:20:13 UTC 2026","passed","Wed May 13 23:20:13 UTC 2026","","Server Unit Tests","Server Unit Tests 405 Method Not Allowed does not return 405 for allowed POST method on /api/colors",""
"","7","error responses return JSON, not HTML (no info leakage)","Chrome","Wed May 13 23:24:42 UTC 2026","passed","Wed May 13 23:24:42 UTC 2026","Security > Security Headers","tests/security.spec.ts","",""
"","3","Server Unit Tests Surviving Mutants & Edge Cases Swagger Metadata & OpenAPI has exact info metadata","","Wed May 13 23:20:13 UTC 2026","passed","Wed May 13 23:20:13 UTC 2026","","Server Unit Tests","Server Unit Tests Surviving Mutants & Edge Cases Swagger Metadata & OpenAPI has exact info metadata",""
"","7","Server Integration Tests (Testcontainers) GET /api/colors/:name should be case-sensitive (lowercase name returns 404)","","Wed May 13 23:20:00 UTC 2026","passed","Wed May 13 23:20:00 UTC 2026","","Server Integration Tests (Testcontainers)","Server Integration Tests (Testcontainers) GET /api/colors/:name should be case-sensitive (lowercase name returns 404)",""
"","6","DELETE /api/colors (collection) returns 405","Chrome","Wed May 13 23:24:42 UTC 2026","passed","Wed May 13 23:24:42 UTC 2026","Security > HTTP Method Restrictions","tests/security.spec.ts","",""
"","29","POST with script tag in name is rejected (400)","Chrome","Wed May 13 23:24:39 UTC 2026","passed","Wed May 13 23:24:39 UTC 2026","Security > XSS Prevention","tests/security.spec.ts","",""
"","6","Frontend Unit Tests App Component colors.length === 0 shows loading text","","Wed May 13 23:18:55 UTC 2026","passed","Wed May 13 23:18:55 UTC 2026","","Frontend Unit Tests","Frontend Unit Tests App Component colors.length === 0 shows loading text",""
"","11","NoSQL $where operator in name is rejected (400)","Chrome","Wed May 13 23:24:42 UTC 2026","passed","Wed May 13 23:24:42 UTC 2026","Security > Injection Prevention","tests/security.spec.ts","",""
"","","[HIGH] CVE-2026-6322","","","failed","","","Node.js","fast-uri-3.1.0",""
"","0","Utility Functions rgbToHsl black [0,0,0] → h=0, s=0, l=0","","Wed May 13 23:18:55 UTC 2026","passed","Wed May 13 23:18:55 UTC 2026","","Utility Functions","Utility Functions rgbToHsl black [0,0,0] → h=0, s=0, l=0",""
"","663","Example #3","BDD","Wed May 13 23:25:16 UTC 2026","passed","Wed May 13 23:25:17 UTC 2026","Language Switching > Switch language and verify translated UI labels","","",""
"","6","Server Unit Tests 405 Method Not Allowed returns 405 for POST, PUT, DELETE on /api-docs","","Wed May 13 23:20:13 UTC 2026","passed","Wed May 13 23:20:13 UTC 2026","","Server Unit Tests","Server Unit Tests 405 Method Not Allowed returns 405 for POST, PUT, DELETE on /api-docs",""
"","19","Component Tests ColorPicker typing a valid hex without # prefix is accepted","","Wed May 13 23:18:55 UTC 2026","passed","Wed May 13 23:18:55 UTC 2026","","Utility Functions","Component Tests ColorPicker typing a valid hex without # prefix is accepted",""
"","0","Utility Functions hslToRgb high lightness l=0.75 → [255,128,128]","","Wed May 13 23:18:55 UTC 2026","passed","Wed May 13 23:18:55 UTC 2026","","Utility Functions","Utility Functions hslToRgb high lightness l=0.75 → [255,128,128]",""
"","9","Server Unit Tests Error Handling POST /api/colors returns 500 when database fails (create)","","Wed May 13 23:20:13 UTC 2026","passed","Wed May 13 23:20:13 UTC 2026","","Server Unit Tests","Server Unit Tests Error Handling POST /api/colors returns 500 when database fails (create)",""
"","25","Component Tests ColorPicker mousedown at left-center (hue=180) sets hex to #00ffff","","Wed May 13 23:18:55 UTC 2026","passed","Wed May 13 23:18:55 UTC 2026","","Utility Functions","Component Tests ColorPicker mousedown at left-center (hue=180) sets hex to #00ffff",""
"","5","Server Unit Tests POST /api/colors applies the createColorLimiter rate limit headers","","Wed May 13 23:20:13 UTC 2026","passed","Wed May 13 23:20:13 UTC 2026","","Server Unit Tests","Server Unit Tests POST /api/colors applies the createColorLimiter rate limit headers",""
"","1116","Example #3","BDD","Wed May 13 23:25:15 UTC 2026","passed","Wed May 13 23:25:16 UTC 2026","Home Page Background Color > Change background color","","",""
"","23","should delete an existing color","Chrome","Wed May 13 23:25:09 UTC 2026","passed","Wed May 13 23:25:09 UTC 2026","Backend API Integration > DELETE /api/colors/:name","","",""
"","6","Server Integration Tests (Testcontainers) POST /api/colors should return 400 for invalid hex format (missing #)","","Wed May 13 23:20:00 UTC 2026","passed","Wed May 13 23:20:00 UTC 2026","","Server Integration Tests (Testcontainers)","Server Integration Tests (Testcontainers) POST /api/colors should return 400 for invalid hex format (missing #)",""
"","32","Frontend Unit Tests App Component clicking chip-x opens confirm dialog with color name and swatch","","Wed May 13 23:18:55 UTC 2026","passed","Wed May 13 23:18:55 UTC 2026","","Frontend Unit Tests","Frontend Unit Tests App Component clicking chip-x opens confirm dialog with color name and swatch",""
"","51","Frontend Unit Tests App Component deleting the active color switches background to the first remaining","","Wed May 13 23:18:55 UTC 2026","passed","Wed May 13 23:18:55 UTC 2026","","Frontend Unit Tests","Frontend Unit Tests App Component deleting the active color switches background to the first remaining",""
"","660","should load the application and verify core functionality across browsers","Chrome","Wed May 13 23:25:24 UTC 2026","passed","Wed May 13 23:25:25 UTC 2026","Cross-Browser Core Functionality","","",""
"","1029","close (×) button closes the picker","Chrome","Wed May 13 23:24:35 UTC 2026","passed","Wed May 13 23:24:36 UTC 2026","Color Management — Add & Delete","tests/color-management.spec.ts","",""
"","4","Server Unit Tests OpenAPI endpoints serves the OpenAPI JSON spec with exact metadata","","Wed May 13 23:20:13 UTC 2026","passed","Wed May 13 23:20:13 UTC 2026","","Server Unit Tests","Server Unit Tests OpenAPI endpoints serves the OpenAPI JSON spec with exact metadata",""
"","1","Utility Functions hslToRgb lightness=0 gives black","","Wed May 13 23:18:55 UTC 2026","passed","Wed May 13 23:18:55 UTC 2026","","Utility Functions","Utility Functions hslToRgb lightness=0 gives black",""
"","0","Utility Functions hslToRgb hue=150 (spring green) → [0,255,128]","","Wed May 13 23:18:55 UTC 2026","passed","Wed May 13 23:18:55 UTC 2026","","Utility Functions","Utility Functions hslToRgb hue=150 (spring green) → [0,255,128]",""
"","696","Show error message when the initial colors fetch fails","BDD","Wed May 13 23:25:13 UTC 2026","passed","Wed May 13 23:25:13 UTC 2026","API Error Handling","","",""
"","1","homepage after color change","Chrome","Wed May 13 23:27:41 UTC 2026","skipped","Wed May 13 23:27:41 UTC 2026","Percy Visual Regression – Production > Percy – desktop (1280×720)","","",""
"","11","Server Integration Tests (Testcontainers) PUT /api/colors/:name should update both name and hex simultaneously","","Wed May 13 23:20:00 UTC 2026","passed","Wed May 13 23:20:00 UTC 2026","","Server Integration Tests (Testcontainers)","Server Integration Tests (Testcontainers) PUT /api/colors/:name should update both name and hex simultaneously",""
"","40","Frontend Unit Tests App Component add color 429 rate limit shows specific message","","Wed May 13 23:18:55 UTC 2026","passed","Wed May 13 23:18:55 UTC 2026","","Frontend Unit Tests","Frontend Unit Tests App Component add color 429 rate limit shows specific message",""
"","951","homepage should match snapshot","Chrome","Wed May 13 23:27:38 UTC 2026","passed","Wed May 13 23:27:39 UTC 2026","Visual Regression – iphone-se (375×667)","","",""
"","21","Component Tests ColorPicker mousemove after mouseup does NOT update color (dragging stopped)","","Wed May 13 23:18:55 UTC 2026","passed","Wed May 13 23:18:55 UTC 2026","","Utility Functions","Component Tests ColorPicker mousemove after mouseup does NOT update color (dragging stopped)",""
"","22","Server Integration Tests (Testcontainers) GET /api/colors should return an empty array after all colors are deleted","","Wed May 13 23:20:00 UTC 2026","passed","Wed May 13 23:20:00 UTC 2026","","Server Integration Tests (Testcontainers)","Server Integration Tests (Testcontainers) GET /api/colors should return an empty array after all colors are deleted",""
"","5","Server Unit Tests Middleware returns 400 for malformed JSON body","","Wed May 13 23:20:13 UTC 2026","passed","Wed May 13 23:20:13 UTC 2026","","Server Unit Tests","Server Unit Tests Middleware returns 400 for malformed JSON body",""
"","0","Utility Functions hslToRgb hue=330 (rose) → [255,0,128]","","Wed May 13 23:18:55 UTC 2026","passed","Wed May 13 23:18:55 UTC 2026","","Utility Functions","Utility Functions hslToRgb hue=330 (rose) → [255,0,128]",""
"","0","homepage after color change","Chrome","Wed May 13 23:27:41 UTC 2026","skipped","Wed May 13 23:27:41 UTC 2026","Percy Visual Regression – Production > Percy – desktop-xl (1920×1080)","","",""
"","180","Component Tests ColorPicker renders the modal with title, hex preview, name and hex inputs","","Wed May 13 23:18:55 UTC 2026","passed","Wed May 13 23:18:55 UTC 2026","","Utility Functions","Component Tests ColorPicker renders the modal with title, hex preview, name and hex inputs",""
"","24","Server Integration Tests (Testcontainers) End-to-end CRUD workflow should create, read, update, and delete a color in sequence","","Wed May 13 23:20:00 UTC 2026","passed","Wed May 13 23:20:00 UTC 2026","","Server Integration Tests (Testcontainers)","Server Integration Tests (Testcontainers) End-to-end CRUD workflow should create, read, update, and delete a color in sequence",""
"","0","Utility Functions rgbToHex converts pure blue","","Wed May 13 23:18:55 UTC 2026","passed","Wed May 13 23:18:55 UTC 2026","","Utility Functions","Utility Functions rgbToHex converts pure blue",""
"","6","Server Integration Tests (Testcontainers) Method Not Allowed should return 405 for PATCH /api/colors","","Wed May 13 23:20:00 UTC 2026","passed","Wed May 13 23:20:00 UTC 2026","","Server Integration Tests (Testcontainers)","Server Integration Tests (Testcontainers) Method Not Allowed should return 405 for PATCH /api/colors",""
"","13","oversized payload is rejected (413)","Chrome","Wed May 13 23:24:42 UTC 2026","passed","Wed May 13 23:24:42 UTC 2026","Security > Input Validation","tests/security.spec.ts","",""
"","10","Component Tests ColorPicker editing name input calls onClearError to clear server error","","Wed May 13 23:18:55 UTC 2026","passed","Wed May 13 23:18:55 UTC 2026","","Utility Functions","Component Tests ColorPicker editing name input calls onClearError to clear server error",""
"","6","Server Unit Tests POST /api/colors returns 400 when hex is missing","","Wed May 13 23:20:13 UTC 2026","passed","Wed May 13 23:20:13 UTC 2026","","Server Unit Tests","Server Unit Tests POST /api/colors returns 400 when hex is missing",""
"","0","Utility Functions hslToRgb hue=360 wraps to hue=0 → [255,0,0]","","Wed May 13 23:18:55 UTC 2026","passed","Wed May 13 23:18:55 UTC 2026","","Utility Functions","Utility Functions hslToRgb hue=360 wraps to hue=0 → [255,0,0]",""
"","16","Server Unit Tests Surviving Mutants & Edge Cases Regex & Validation STRICT_NAME_REGEX kills mutants on start/end/middle characters","","Wed May 13 23:20:13 UTC 2026","passed","Wed May 13 23:20:13 UTC 2026","","Server Unit Tests","Server Unit Tests Surviving Mutants & Edge Cases Regex & Validation STRICT_NAME_REGEX kills mutants on start/end/middle characters",""
"","1","Utility Functions hslToRgb hue=30 (orange) → [255,128,0]","","Wed May 13 23:18:55 UTC 2026","passed","Wed May 13 23:18:55 UTC 2026","","Utility Functions","Utility Functions hslToRgb hue=30 (orange) → [255,128,0]",""
"","0","Utility Functions rgbToHsl white [255,255,255] → h=0, s=0, l=1","","Wed May 13 23:18:55 UTC 2026","passed","Wed May 13 23:18:55 UTC 2026","","Utility Functions","Utility Functions rgbToHsl white [255,255,255] → h=0, s=0, l=1",""
"","1070","should display all core elements and handle button interaction","Chrome","Wed May 13 23:27:40 UTC 2026","passed","Wed May 13 23:27:41 UTC 2026","Responsive Design – iPhone SE (375×667)","","",""
"","5","Component Tests ColorPicker serverError banner is absent when serverError is null","","Wed May 13 23:18:55 UTC 2026","passed","Wed May 13 23:18:55 UTC 2026","","Utility Functions","Component Tests ColorPicker serverError banner is absent when serverError is null",""
"","667","handle color response missing hex property","Chrome","Wed May 13 23:24:35 UTC 2026","passed","Wed May 13 23:24:36 UTC 2026","Edge cases and error handling","tests/coverage.spec.ts","",""
"","16","Frontend Unit Tests App Component labelFor falls back to color name for unknown/custom color","","Wed May 13 23:18:55 UTC 2026","passed","Wed May 13 23:18:55 UTC 2026","","Frontend Unit Tests","Frontend Unit Tests App Component labelFor falls back to color name for unknown/custom color",""
"","9","Component Tests ColorPicker non-Enter key on name input does not trigger submit","","Wed May 13 23:18:55 UTC 2026","passed","Wed May 13 23:18:55 UTC 2026","","Utility Functions","Component Tests ColorPicker non-Enter key on name input does not trigger submit",""
"","1","Utility Functions rgbToHsl round-trip hslToRgb→rgbToHsl preserves hue for all sectors","","Wed May 13 23:18:55 UTC 2026","passed","Wed May 13 23:18:55 UTC 2026","","Utility Functions","Utility Functions rgbToHsl round-trip hslToRgb→rgbToHsl preserves hue for all sectors",""
"","0","Utility Functions rgbToHsl b max (#0040ff) → h in (180,300)","","Wed May 13 23:18:55 UTC 2026","passed","Wed May 13 23:18:55 UTC 2026","","Utility Functions","Utility Functions rgbToHsl b max (#0040ff) → h in (180,300)",""
"","2","Frontend Unit Tests i18n Configuration should have defined resources for en, es, el","","Wed May 13 23:18:57 UTC 2026","passed","Wed May 13 23:18:57 UTC 2026","","Frontend Unit Tests","Frontend Unit Tests i18n Configuration should have defined resources for en, es, el",""
"","1","Utility Functions hslToRgb hue just below 60 is in sector 0, not sector 1","","Wed May 13 23:18:55 UTC 2026","passed","Wed May 13 23:18:55 UTC 2026","","Utility Functions","Utility Functions hslToRgb hue just below 60 is in sector 0, not sector 1",""
"","40","Frontend Unit Tests App Component add color 409 fallback message when data.error is absent","","Wed May 13 23:18:55 UTC 2026","passed","Wed May 13 23:18:55 UTC 2026","","Frontend Unit Tests","Frontend Unit Tests App Component add color 409 fallback message when data.error is absent",""
"","4","Server Unit Tests Surviving Mutants & Edge Cases Swagger Metadata & OpenAPI has exact API info","","Wed May 13 23:20:13 UTC 2026","passed","Wed May 13 23:20:13 UTC 2026","","Server Unit Tests","Server Unit Tests Surviving Mutants & Edge Cases Swagger Metadata & OpenAPI has exact API info",""
"","1487","should display all core elements and handle button interaction","Chrome","Wed May 13 23:27:39 UTC 2026","passed","Wed May 13 23:27:40 UTC 2026","Responsive Design – tablet (768×1024)","","",""
"","24","Component Tests ColorPicker close (×) button calls onCancel","","Wed May 13 23:18:55 UTC 2026","passed","Wed May 13 23:18:55 UTC 2026","","Utility Functions","Component Tests ColorPicker close (×) button calls onCancel",""
"","5","Server Unit Tests Middleware returns 413 for payload too large","","Wed May 13 23:20:13 UTC 2026","passed","Wed May 13 23:20:13 UTC 2026","","Server Unit Tests","Server Unit Tests Middleware returns 413 for payload too large",""
"","6","Server Integration Tests (Testcontainers) Method Not Allowed should return 405 for PATCH /api/colors/:name","","Wed May 13 23:20:00 UTC 2026","passed","Wed May 13 23:20:00 UTC 2026","","Server Integration Tests (Testcontainers)","Server Integration Tests (Testcontainers) Method Not Allowed should return 405 for PATCH /api/colors/:name",""
"","12","Component Tests ColorPicker wheel cursor moves to (220,110) after right-edge click (hue=0, sat=1)","","Wed May 13 23:18:55 UTC 2026","passed","Wed May 13 23:18:55 UTC 2026","","Utility Functions","Component Tests ColorPicker wheel cursor moves to (220,110) after right-edge click (hue=0, sat=1)",""
"","21","Server Integration Tests (Testcontainers) seedDatabase should clear custom colors when re-seeded","","Wed May 13 23:20:00 UTC 2026","passed","Wed May 13 23:20:00 UTC 2026","","Server Integration Tests (Testcontainers)","Server Integration Tests (Testcontainers) seedDatabase should clear custom colors when re-seeded",""
"","797","should show loading state when API returns empty colors","Chrome","Wed May 13 23:24:38 UTC 2026","passed","Wed May 13 23:24:39 UTC 2026","UI Error Handling Coverage","tests/error-handling.spec.ts","",""
"","4","Server Unit Tests PUT /api/colors/:name returns 400 for invalid current name format in URL","","Wed May 13 23:20:13 UTC 2026","passed","Wed May 13 23:20:13 UTC 2026","","Server Unit Tests","Server Unit Tests PUT /api/colors/:name returns 400 for invalid current name format in URL",""
"","36","Component Tests ColorPicker mousedown outside circle clamps sat to 1","","Wed May 13 23:18:55 UTC 2026","passed","Wed May 13 23:18:55 UTC 2026","","Utility Functions","Component Tests ColorPicker mousedown outside circle clamps sat to 1",""
"","5","Server Integration Tests (Testcontainers) DELETE /api/colors/:name should return 400 for invalid name format","","Wed May 13 23:20:00 UTC 2026","passed","Wed May 13 23:20:00 UTC 2026","","Server Integration Tests (Testcontainers)","Server Integration Tests (Testcontainers) DELETE /api/colors/:name should return 400 for invalid name format",""
"","10","should reject missing hex","Chrome","Wed May 13 23:28:52 UTC 2026","passed","Wed May 13 23:28:52 UTC 2026","Backend API Integration > POST /api/colors Schema Validation","tests/api.spec.ts","",""
"","4","Server Unit Tests DELETE /api/colors/:name returns 400 for invalid name in path (regex check)","","Wed May 13 23:20:13 UTC 2026","passed","Wed May 13 23:20:13 UTC 2026","","Server Unit Tests","Server Unit Tests DELETE /api/colors/:name returns 400 for invalid name in path (regex check)",""
"","49","Frontend Unit Tests App Component saving is false again after a failed add (finally block)","","Wed May 13 23:18:55 UTC 2026","passed","Wed May 13 23:18:55 UTC 2026","","Frontend Unit Tests","Frontend Unit Tests App Component saving is false again after a failed add (finally block)",""
"","2","Server Unit Tests Surviving Mutants & Edge Cases Mongoose Schema Strictness kills empty schema mutant by checking schema paths","","Wed May 13 23:20:13 UTC 2026","passed","Wed May 13 23:20:13 UTC 2026","","Server Unit Tests","Server Unit Tests Surviving Mutants & Edge Cases Mongoose Schema Strictness kills empty schema mutant by checking schema paths",""
"","1","Utility Functions hslToRgb hue=240 (blue) → [0,0,255]","","Wed May 13 23:18:55 UTC 2026","passed","Wed May 13 23:18:55 UTC 2026","","Utility Functions","Utility Functions hslToRgb hue=240 (blue) → [0,0,255]",""
"","9","Component Tests ConfirmDialog clicking the card itself does NOT call onCancel","","Wed May 13 23:18:55 UTC 2026","passed","Wed May 13 23:18:55 UTC 2026","","Component Tests","Component Tests ConfirmDialog clicking the card itself does NOT call onCancel",""
"","43","Frontend Unit Tests App Component add color 400 shows data.error message","","Wed May 13 23:18:55 UTC 2026","passed","Wed May 13 23:18:55 UTC 2026","","Frontend Unit Tests","Frontend Unit Tests App Component add color 400 shows data.error message",""
"","1","Utility Functions hslToRgb low lightness l=0.25 → [128,0,0]","","Wed May 13 23:18:55 UTC 2026","passed","Wed May 13 23:18:55 UTC 2026","","Utility Functions","Utility Functions hslToRgb low lightness l=0.25 → [128,0,0]",""
"","18","GET /api/colors","","","passed","","","schemathesis","",""
"","1480","homepage should match snapshot","Chrome","Wed May 13 23:27:36 UTC 2026","passed","Wed May 13 23:27:38 UTC 2026","Visual Regression – desktop-xl (1920×1080)","","",""
"","31","Frontend Unit Tests App Component add color sends POST with correct method, headers, and body","","Wed May 13 23:18:55 UTC 2026","passed","Wed May 13 23:18:55 UTC 2026","","Frontend Unit Tests","Frontend Unit Tests App Component add color sends POST with correct method, headers, and body",""
"","688","clicking ""+ Add color"" opens the picker modal","Chrome","Wed May 13 23:24:35 UTC 2026","passed","Wed May 13 23:24:35 UTC 2026","Color Management — Add & Delete","tests/color-management.spec.ts","",""
"","13","POST with javascript: URI in name is rejected (400)","Chrome","Wed May 13 23:24:39 UTC 2026","passed","Wed May 13 23:24:39 UTC 2026","Security > XSS Prevention","tests/security.spec.ts","",""
"","10","Server Unit Tests Surviving Mutants & Edge Cases Rate Limiting & Security kills mutants by verifying x-ratelimit headers","","Wed May 13 23:20:13 UTC 2026","passed","Wed May 13 23:20:13 UTC 2026","","Server Unit Tests","Server Unit Tests Surviving Mutants & Edge Cases Rate Limiting & Security kills mutants by verifying x-ratelimit headers",""
"","0","homepage after color change","Chrome","Wed May 13 23:27:41 UTC 2026","skipped","Wed May 13 23:27:41 UTC 2026","Percy Visual Regression – Production > Percy – mobile (375×667)","","",""
"","7","Server Integration Tests (Testcontainers) POST /api/colors should return 400 when hex is missing","","Wed May 13 23:20:00 UTC 2026","passed","Wed May 13 23:20:00 UTC 2026","","Server Integration Tests (Testcontainers)","Server Integration Tests (Testcontainers) POST /api/colors should return 400 when hex is missing",""
"","23","GET /api/colors/Yellow should return the correct hex code","Chrome","Wed May 13 23:28:51 UTC 2026","passed","Wed May 13 23:28:51 UTC 2026","Backend API Integration","tests/api.spec.ts","",""
"","7937","should meet the accessibility threshold using Google Lighthouse","Chrome","Wed May 13 23:28:45 UTC 2026","passed","Wed May 13 23:28:53 UTC 2026","Accessibility Tests","tests/a11y.spec.ts","",""
"","318","Server Unit Tests Surviving Mutants & Edge Cases Infrastructure uses default MONGO_URI when process.env.MONGO_URI is missing","","Wed May 13 23:20:13 UTC 2026","passed","Wed May 13 23:20:13 UTC 2026","","Server Unit Tests","Server Unit Tests Surviving Mutants & Edge Cases Infrastructure uses default MONGO_URI when process.env.MONGO_URI is missing",""
"","1","Utility Functions hexToRgb parses hex without the leading #","","Wed May 13 23:18:55 UTC 2026","passed","Wed May 13 23:18:55 UTC 2026","","Utility Functions","Utility Functions hexToRgb parses hex without the leading #",""
"","0","Utility Functions rgbToHsl pure red → h=0, s=1, l=0.5","","Wed May 13 23:18:55 UTC 2026","passed","Wed May 13 23:18:55 UTC 2026","","Utility Functions","Utility Functions rgbToHsl pure red → h=0, s=1, l=0.5",""
"","25","Component Tests ColorPicker mousedown at top-center (hue=270) sets hex to #8000ff","","Wed May 13 23:18:55 UTC 2026","passed","Wed May 13 23:18:55 UTC 2026","","Utility Functions","Component Tests ColorPicker mousedown at top-center (hue=270) sets hex to #8000ff",""
"","60","Frontend Unit Tests App Component confirm button shows ""Deleting…"" label while delete is in-flight","","Wed May 13 23:18:55 UTC 2026","passed","Wed May 13 23:18:55 UTC 2026","","Frontend Unit Tests","Frontend Unit Tests App Component confirm button shows ""Deleting…"" label while delete is in-flight",""
"","9","Server Integration Tests (Testcontainers) GET /api/colors/:name should return 404 for a non-existent color","","Wed May 13 23:20:00 UTC 2026","passed","Wed May 13 23:20:00 UTC 2026","","Server Integration Tests (Testcontainers)","Server Integration Tests (Testcontainers) GET /api/colors/:name should return 404 for a non-existent color",""
"","51","Frontend Unit Tests App Component handleColorClick clears previous error on new successful click","","Wed May 13 23:18:55 UTC 2026","passed","Wed May 13 23:18:55 UTC 2026","","Frontend Unit Tests","Frontend Unit Tests App Component handleColorClick clears previous error on new successful click",""
"","5","Server Unit Tests POST /api/colors returns 400 for name with special characters","","Wed May 13 23:20:13 UTC 2026","passed","Wed May 13 23:20:13 UTC 2026","","Server Unit Tests","Server Unit Tests POST /api/colors returns 400 for name with special characters",""
"","1","Utility Functions rgbToHsl light red (#ff8080): l>0.5, s computed via (2-max-min) branch","","Wed May 13 23:18:55 UTC 2026","passed","Wed May 13 23:18:55 UTC 2026","","Utility Functions","Utility Functions rgbToHsl light red (#ff8080): l>0.5, s computed via (2-max-min) branch",""
"","38","should create a new color with valid schema","Chrome","Wed May 13 23:28:52 UTC 2026","passed","Wed May 13 23:28:52 UTC 2026","Backend API Integration > POST /api/colors Schema Validation","tests/api.spec.ts","",""
"","2520","should maintain accessibility after state change (color update)","Chrome","Wed May 13 23:28:42 UTC 2026","passed","Wed May 13 23:28:45 UTC 2026","Accessibility Tests","tests/a11y.spec.ts","",""
"","7","Component Tests ConfirmDialog Escape key calls onCancel when not busy","","Wed May 13 23:18:55 UTC 2026","passed","Wed May 13 23:18:55 UTC 2026","","Component Tests","Component Tests ConfirmDialog Escape key calls onCancel when not busy",""
"","28","Frontend Unit Tests App Component clicking Add color button opens picker modal","","Wed May 13 23:18:55 UTC 2026","passed","Wed May 13 23:18:55 UTC 2026","","Frontend Unit Tests","Frontend Unit Tests App Component clicking Add color button opens picker modal",""
"","1049","should display colors that do not exist in the database","Chrome","Wed May 13 23:24:39 UTC 2026","passed","Wed May 13 23:24:40 UTC 2026","Network Mocking & Interception","tests/network-mocking.spec.ts","",""
"","6","Server Unit Tests 405 Method Not Allowed returns 405 for POST, PUT, DELETE on /openapi.json","","Wed May 13 23:20:13 UTC 2026","passed","Wed May 13 23:20:13 UTC 2026","","Server Unit Tests","Server Unit Tests 405 Method Not Allowed returns 405 for POST, PUT, DELETE on /openapi.json",""
"","0","mobile color picker workflow","Chrome","Wed May 13 23:27:41 UTC 2026","skipped","Wed May 13 23:27:41 UTC 2026","Percy Visual Regression – Production > Percy – Mobile Interactions","","",""
"","0","Utility Functions readableOn returns #111 for an invalid/empty hex string (null rgb fallback)","","Wed May 13 23:18:55 UTC 2026","passed","Wed May 13 23:18:55 UTC 2026","","Utility Functions","Utility Functions readableOn returns #111 for an invalid/empty hex string (null rgb fallback)",""
"","5","Server Unit Tests Middleware JSON error middleware ignores SyntaxError with status != 400","","Wed May 13 23:20:13 UTC 2026","passed","Wed May 13 23:20:13 UTC 2026","","Server Unit Tests","Server Unit Tests Middleware JSON error middleware ignores SyntaxError with status != 400",""
"","48","Frontend Unit Tests App Component renders title, logo, and calls initial fetch","","Wed May 13 23:18:55 UTC 2026","passed","Wed May 13 23:18:55 UTC 2026","","Frontend Unit Tests","Frontend Unit Tests App Component renders title, logo, and calls initial fetch",""
"","9","Frontend Unit Tests App Component shows error alert when initial fetch returns non-2xx","","Wed May 13 23:18:55 UTC 2026","passed","Wed May 13 23:18:55 UTC 2026","","Frontend Unit Tests","Frontend Unit Tests App Component shows error alert when initial fetch returns non-2xx",""
"","22","Frontend Unit Tests App Component link color is light (#cfe8ff) on dark background","","Wed May 13 23:18:55 UTC 2026","passed","Wed May 13 23:18:55 UTC 2026","","Frontend Unit Tests","Frontend Unit Tests App Component link color is light (#cfe8ff) on dark background",""
"","","[HIGH] CVE-2026-6322","","","failed","","","package-lock.json","fast-uri-3.1.0",""
"","670","should gracefully handle a color not found in the database","Chrome","Wed May 13 23:24:40 UTC 2026","passed","Wed May 13 23:24:40 UTC 2026","Network Mocking & Interception","tests/network-mocking.spec.ts","",""
"","6","Server Unit Tests POST /api/colors returns 409 for a duplicate color name with descriptive error","","Wed May 13 23:20:13 UTC 2026","passed","Wed May 13 23:20:13 UTC 2026","","Server Unit Tests","Server Unit Tests POST /api/colors returns 409 for a duplicate color name with descriptive error",""
"","4","Component Tests ConfirmDialog title is rendered in the element with id confirm-title","","Wed May 13 23:18:55 UTC 2026","passed","Wed May 13 23:18:55 UTC 2026","","Component Tests","Component Tests ConfirmDialog title is rendered in the element with id confirm-title",""
"","11","should reject invalid hex format","Chrome","Wed May 13 23:28:52 UTC 2026","passed","Wed May 13 23:28:52 UTC 2026","Backend API Integration > POST /api/colors Schema Validation","tests/api.spec.ts","",""
"","0","Utility Functions hslToRgb saturation=0 gives pure grey [128,128,128]","","Wed May 13 23:18:55 UTC 2026","passed","Wed May 13 23:18:55 UTC 2026","","Utility Functions","Utility Functions hslToRgb saturation=0 gives pure grey [128,128,128]",""
"","8","X-Powered-By header is not exposed","Chrome","Wed May 13 23:24:42 UTC 2026","passed","Wed May 13 23:24:42 UTC 2026","Security > Security Headers","tests/security.spec.ts","",""
"","2390","should not have any automatically detectable accessibility issues","Chrome","Wed May 13 23:28:42 UTC 2026","passed","Wed May 13 23:28:45 UTC 2026","Accessibility Tests","tests/a11y.spec.ts","",""
"","12","Server Integration Tests (Testcontainers) POST /api/colors should return 409 when creating a duplicate color name","","Wed May 13 23:20:00 UTC 2026","passed","Wed May 13 23:20:00 UTC 2026","","Server Integration Tests (Testcontainers)","Server Integration Tests (Testcontainers) POST /api/colors should return 409 when creating a duplicate color name",""
"","43","Frontend Unit Tests App Component add color 500 shows server error message","","Wed May 13 23:18:55 UTC 2026","passed","Wed May 13 23:18:55 UTC 2026","","Frontend Unit Tests","Frontend Unit Tests App Component add color 500 shows server error message",""
"","43","Frontend Unit Tests App Component first loaded color is active (aria-pressed=true)","","Wed May 13 23:18:55 UTC 2026","passed","Wed May 13 23:18:55 UTC 2026","","Frontend Unit Tests","Frontend Unit Tests App Component first loaded color is active (aria-pressed=true)",""
"","29","Frontend Unit Tests App Component picker cancel button closes the modal","","Wed May 13 23:18:55 UTC 2026","passed","Wed May 13 23:18:55 UTC 2026","","Frontend Unit Tests","Frontend Unit Tests App Component picker cancel button closes the modal",""
"","9","Server Integration Tests (Testcontainers) seedDatabase should always restore the three default seed colors","","Wed May 13 23:20:00 UTC 2026","passed","Wed May 13 23:20:00 UTC 2026","","Server Integration Tests (Testcontainers)","Server Integration Tests (Testcontainers) seedDatabase should always restore the three default seed colors",""
"","7","Server Integration Tests (Testcontainers) PUT /api/colors/:name should return 400 when update body is empty","","Wed May 13 23:20:00 UTC 2026","passed","Wed May 13 23:20:00 UTC 2026","","Server Integration Tests (Testcontainers)","Server Integration Tests (Testcontainers) PUT /api/colors/:name should return 400 when update body is empty",""
"","774","should create dynamic random color via API and verify through UI","Chrome","Wed May 13 23:24:39 UTC 2026","passed","Wed May 13 23:24:40 UTC 2026","Random Data Testing with faker.js","tests/random-data.spec.ts","",""
"","32","Component Tests ConfirmDialog cancel button calls onCancel","","Wed May 13 23:18:55 UTC 2026","passed","Wed May 13 23:18:55 UTC 2026","","Component Tests","Component Tests ConfirmDialog cancel button calls onCancel",""
"","5","Server Unit Tests GET /api/colors/:name returns Yellow color correctly","","Wed May 13 23:20:13 UTC 2026","passed","Wed May 13 23:20:13 UTC 2026","","Server Unit Tests","Server Unit Tests GET /api/colors/:name returns Yellow color correctly",""
"","756","Color button remains functional after switching language","BDD","Wed May 13 23:25:17 UTC 2026","passed","Wed May 13 23:25:18 UTC 2026","Language Switching","","",""
"","5","Server Unit Tests Surviving Mutants & Edge Cases OpenAPI Content-Type has application/json content-type","","Wed May 13 23:20:13 UTC 2026","passed","Wed May 13 23:20:13 UTC 2026","","Server Unit Tests","Server Unit Tests Surviving Mutants & Edge Cases OpenAPI Content-Type has application/json content-type",""
"","4","Server Unit Tests OpenAPI endpoints serves Swagger UI as HTML","","Wed May 13 23:20:13 UTC 2026","passed","Wed May 13 23:20:13 UTC 2026","","Server Unit Tests","Server Unit Tests OpenAPI endpoints serves Swagger UI as HTML",""
"","9","Frontend Unit Tests App Component shows error alert when initial fetch fails","","Wed May 13 23:18:55 UTC 2026","passed","Wed May 13 23:18:55 UTC 2026","","Frontend Unit Tests","Frontend Unit Tests App Component shows error alert when initial fetch fails",""
"","7","Frontend Unit Tests i18n Configuration should have translation keys in resources","","Wed May 13 23:18:57 UTC 2026","passed","Wed May 13 23:18:57 UTC 2026","","Frontend Unit Tests","Frontend Unit Tests i18n Configuration should have translation keys in resources",""
"","6","Server Unit Tests Middleware handles non-JSON content type gracefully on POST","","Wed May 13 23:20:13 UTC 2026","passed","Wed May 13 23:20:13 UTC 2026","","Server Unit Tests","Server Unit Tests Middleware handles non-JSON content type gracefully on POST",""
"","3","Server Unit Tests Error Handling seedDatabase logs error when database fails","","Wed May 13 23:20:13 UTC 2026","passed","Wed May 13 23:20:13 UTC 2026","","Server Unit Tests","Server Unit Tests Error Handling seedDatabase logs error when database fails",""
"","0","Utility Functions paintWheelPixel anti-aliases near-edge pixel: dist=r-0.5 gives alpha=127","","Wed May 13 23:18:55 UTC 2026","passed","Wed May 13 23:18:55 UTC 2026","","Utility Functions","Utility Functions paintWheelPixel anti-aliases near-edge pixel: dist=r-0.5 gives alpha=127",""
"","23","Component Tests ColorPicker hex input updates hue/sat via rgbToHsl (green → hue≈120)","","Wed May 13 23:18:55 UTC 2026","passed","Wed May 13 23:18:55 UTC 2026","","Utility Functions","Component Tests ColorPicker hex input updates hue/sat via rgbToHsl (green → hue≈120)",""
"","10","should reject omitting both name and hex on update","Chrome","Wed May 13 23:28:52 UTC 2026","passed","Wed May 13 23:28:52 UTC 2026","Backend API Integration > PUT /api/colors/:name Schema Validation","tests/api.spec.ts","",""
"","13","Server Integration Tests (Testcontainers) Concurrent writes should handle parallel GETs without errors","","Wed May 13 23:20:00 UTC 2026","passed","Wed May 13 23:20:00 UTC 2026","","Server Integration Tests (Testcontainers)","Server Integration Tests (Testcontainers) Concurrent writes should handle parallel GETs without errors",""
"","1","Utility Functions hslToRgb negative hue wraps: hue=-120 = hue=240","","Wed May 13 23:18:55 UTC 2026","passed","Wed May 13 23:18:55 UTC 2026","","Utility Functions","Utility Functions hslToRgb negative hue wraps: hue=-120 = hue=240",""
"","13","Component Tests ConfirmDialog cancelLabel prop is reflected in the button text","","Wed May 13 23:18:55 UTC 2026","passed","Wed May 13 23:18:55 UTC 2026","","Component Tests","Component Tests ConfirmDialog cancelLabel prop is reflected in the button text",""
"","4","Server Unit Tests 405 Method Not Allowed returns 405 for PATCH on /api/colors","","Wed May 13 23:20:13 UTC 2026","passed","Wed May 13 23:20:13 UTC 2026","","Server Unit Tests","Server Unit Tests 405 Method Not Allowed returns 405 for PATCH on /api/colors",""
"","41","Component Tests ConfirmDialog both buttons are disabled when busy=true","","Wed May 13 23:18:55 UTC 2026","passed","Wed May 13 23:18:55 UTC 2026","","Component Tests","Component Tests ConfirmDialog both buttons are disabled when busy=true",""
"","5","Server Unit Tests PUT /api/colors/:name returns 404 for a non-existent color","","Wed May 13 23:20:13 UTC 2026","passed","Wed May 13 23:20:13 UTC 2026","","Server Unit Tests","Server Unit Tests PUT /api/colors/:name returns 404 for a non-existent color",""
"","0","Utility Functions rgbToHsl dark red (#800000): l<0.5, s=1 (l<=0.5 saturation branch)","","Wed May 13 23:18:55 UTC 2026","passed","Wed May 13 23:18:55 UTC 2026","","Utility Functions","Utility Functions rgbToHsl dark red (#800000): l<0.5, s=1 (l<=0.5 saturation branch)",""
"","18","Component Tests ColorPicker typing red with g<b hex updates internal state","","Wed May 13 23:18:55 UTC 2026","passed","Wed May 13 23:18:55 UTC 2026","","Utility Functions","Component Tests ColorPicker typing red with g<b hex updates internal state",""
"","11","Server Unit Tests Surviving Mutants & Edge Cases Regex & Validation STRICT_NAME_REGEX kills mutants on optionality and length","","Wed May 13 23:20:13 UTC 2026","passed","Wed May 13 23:20:13 UTC 2026","","Server Unit Tests","Server Unit Tests Surviving Mutants & Edge Cases Regex & Validation STRICT_NAME_REGEX kills mutants on optionality and length",""
"","38","Frontend Unit Tests App Component deleting the last color sets activeName to null","","Wed May 13 23:18:55 UTC 2026","passed","Wed May 13 23:18:55 UTC 2026","","Frontend Unit Tests","Frontend Unit Tests App Component deleting the last color sets activeName to null",""
"","6","Server Unit Tests Surviving Mutants & Edge Cases Regex & Validation Zod required_error messages are correct","","Wed May 13 23:20:13 UTC 2026","passed","Wed May 13 23:20:13 UTC 2026","","Server Unit Tests","Server Unit Tests Surviving Mutants & Edge Cases Regex & Validation Zod required_error messages are correct",""
"","20","Component Tests ColorPicker Add color button shows ""Saving…"" when saving=true","","Wed May 13 23:18:55 UTC 2026","passed","Wed May 13 23:18:55 UTC 2026","","Utility Functions","Component Tests ColorPicker Add color button shows ""Saving…"" when saving=true",""
"","7","PATCH /api/colors returns 405","Chrome","Wed May 13 23:24:42 UTC 2026","passed","Wed May 13 23:24:42 UTC 2026","Security > HTTP Method Restrictions","tests/security.spec.ts","",""
"","11","Server Integration Tests (Testcontainers) seedDatabase should be idempotent — calling twice always yields exactly 3 colors","","Wed May 13 23:20:00 UTC 2026","passed","Wed May 13 23:20:00 UTC 2026","","Server Integration Tests (Testcontainers)","Server Integration Tests (Testcontainers) seedDatabase should be idempotent — calling twice always yields exactly 3 colors",""
"","9","Server Unit Tests GET /api/colors returns an empty array when no colors exist","","Wed May 13 23:20:13 UTC 2026","passed","Wed May 13 23:20:13 UTC 2026","","Server Unit Tests","Server Unit Tests GET /api/colors returns an empty array when no colors exist",""
"","4","Server Unit Tests Surviving Mutants & Edge Cases Logs seedDatabase logs success message","","Wed May 13 23:20:13 UTC 2026","passed","Wed May 13 23:20:13 UTC 2026","","Server Unit Tests","Server Unit Tests Surviving Mutants & Edge Cases Logs seedDatabase logs success message",""
"","11","Server Unit Tests PUT /api/colors/:name updates the hex of an existing color","","Wed May 13 23:20:13 UTC 2026","passed","Wed May 13 23:20:13 UTC 2026","","Server Unit Tests","Server Unit Tests PUT /api/colors/:name updates the hex of an existing color",""
"","0","Utility Functions rgbToHsl r max, g>0, b=0 → h in (0,60)","","Wed May 13 23:18:55 UTC 2026","passed","Wed May 13 23:18:55 UTC 2026","","Utility Functions","Utility Functions rgbToHsl r max, g>0, b=0 → h in (0,60)",""
"","947","should display all core elements and handle button interaction","Chrome","Wed May 13 23:27:40 UTC 2026","passed","Wed May 13 23:27:41 UTC 2026","Responsive Design – iPhone landscape (667×375)","","",""
"","12","should return 404 for non-existent color deletion","Chrome","Wed May 13 23:25:09 UTC 2026","passed","Wed May 13 23:25:09 UTC 2026","Backend API Integration > DELETE /api/colors/:name","","",""
"","3845","PUT /api/colors/{name}","","","passed","","","schemathesis","",""
"","327","Server Unit Tests Surviving Mutants & Edge Cases Port Fallback reflects process.env.PORT in Swagger servers","","Wed May 13 23:20:13 UTC 2026","passed","Wed May 13 23:20:13 UTC 2026","","Server Unit Tests","Server Unit Tests Surviving Mutants & Edge Cases Port Fallback reflects process.env.PORT in Swagger servers",""
"","1910","should load the application and verify core functionality across browsers","Firefox","Wed May 13 23:25:20 UTC 2026","passed","Wed May 13 23:25:22 UTC 2026","Cross-Browser Core Functionality","","",""
"","39","GET /api/colors/Turquoise should return the correct hex code","Chrome","Wed May 13 23:28:51 UTC 2026","passed","Wed May 13 23:28:51 UTC 2026","Backend API Integration","tests/api.spec.ts","",""
"","","[HIGH] CVE-2026-6321","","","failed","","","package-lock.json","fast-uri-3.1.0",""
"","7","Component Tests ColorPicker falls back to window resize listener when ResizeObserver is not available","","Wed May 13 23:18:55 UTC 2026","passed","Wed May 13 23:18:55 UTC 2026","","Utility Functions","Component Tests ColorPicker falls back to window resize listener when ResizeObserver is not available",""
"","60","Frontend Unit Tests App Component handleColorClick shows error on non-2xx response","","Wed May 13 23:18:55 UTC 2026","passed","Wed May 13 23:18:55 UTC 2026","","Frontend Unit Tests","Frontend Unit Tests App Component handleColorClick shows error on non-2xx response",""
"","20","Frontend Unit Tests App Component text color on light background is dark","","Wed May 13 23:18:55 UTC 2026","passed","Wed May 13 23:18:55 UTC 2026","","Frontend Unit Tests","Frontend Unit Tests App Component text color on light background is dark",""
"","20","Frontend Unit Tests App Component colors.length > 0 does NOT show loading text","","Wed May 13 23:18:55 UTC 2026","passed","Wed May 13 23:18:55 UTC 2026","","Frontend Unit Tests","Frontend Unit Tests App Component colors.length > 0 does NOT show loading text",""
"","0","homepage initial state","Chrome","Wed May 13 23:27:41 UTC 2026","skipped","Wed May 13 23:27:41 UTC 2026","Percy Visual Regression – Production > Percy – desktop-xl (1920×1080)","","",""
"","1","Utility Functions readableOn returns #fff for black (very dark, L≈0)","","Wed May 13 23:18:55 UTC 2026","passed","Wed May 13 23:18:55 UTC 2026","","Utility Functions","Utility Functions readableOn returns #fff for black (very dark, L≈0)",""
"","4","Server Unit Tests POST /api/colors returns 400 for name with whitespace","","Wed May 13 23:20:13 UTC 2026","passed","Wed May 13 23:20:13 UTC 2026","","Server Unit Tests","Server Unit Tests POST /api/colors returns 400 for name with whitespace",""
"","462","check Turquoise ( #1abc9c) is the default background color.","Chrome","Wed May 13 23:24:44 UTC 2026","passed","Wed May 13 23:24:44 UTC 2026","","tests/coverage.spec.ts","",""
"","96","Frontend Unit Tests App Component clicking a color chip makes it active","","Wed May 13 23:18:55 UTC 2026","passed","Wed May 13 23:18:55 UTC 2026","","Frontend Unit Tests","Frontend Unit Tests App Component clicking a color chip makes it active",""
"","3","Frontend Unit Tests i18n Configuration should translate keys correctly","","Wed May 13 23:18:57 UTC 2026","passed","Wed May 13 23:18:57 UTC 2026","","Frontend Unit Tests","Frontend Unit Tests i18n Configuration should translate keys correctly",""
"","18","Component Tests ConfirmDialog confirmLabel prop is reflected in the button text","","Wed May 13 23:18:55 UTC 2026","passed","Wed May 13 23:18:55 UTC 2026","","Component Tests","Component Tests ConfirmDialog confirmLabel prop is reflected in the button text",""
"","9","Server Unit Tests DELETE /api/colors/:name deletes an existing color and returns success message","","Wed May 13 23:20:13 UTC 2026","passed","Wed May 13 23:20:13 UTC 2026","","Server Unit Tests","Server Unit Tests DELETE /api/colors/:name deletes an existing color and returns success message",""
"","5","Frontend Unit Tests App Component language selector change calls i18n and updates html lang","","Wed May 13 23:18:55 UTC 2026","passed","Wed May 13 23:18:55 UTC 2026","","Frontend Unit Tests","Frontend Unit Tests App Component language selector change calls i18n and updates html lang",""
"","9","should reject invalid hex format on update","Chrome","Wed May 13 23:28:52 UTC 2026","passed","Wed May 13 23:28:52 UTC 2026","Backend API Integration > PUT /api/colors/:name Schema Validation","tests/api.spec.ts","",""
"","17","Server Integration Tests (Testcontainers) GET /api/colors/:name should return correct data for Turquoise","","Wed May 13 23:20:00 UTC 2026","passed","Wed May 13 23:20:00 UTC 2026","","Server Integration Tests (Testcontainers)","Server Integration Tests (Testcontainers) GET /api/colors/:name should return correct data for Turquoise",""
"","4","Server Unit Tests DELETE /api/colors/:name returns 404 for a non-existent color","","Wed May 13 23:20:13 UTC 2026","passed","Wed May 13 23:20:13 UTC 2026","","Server Unit Tests","Server Unit Tests DELETE /api/colors/:name returns 404 for a non-existent color",""
"","102","Frontend Unit Tests App Component handleColorClick does nothing when data has no hex","","Wed May 13 23:18:55 UTC 2026","passed","Wed May 13 23:18:55 UTC 2026","","Frontend Unit Tests","Frontend Unit Tests App Component handleColorClick does nothing when data has no hex",""
"","11","NoSQL injection object in name is rejected (400)","Chrome","Wed May 13 23:24:42 UTC 2026","passed","Wed May 13 23:24:42 UTC 2026","Security > Injection Prevention","tests/security.spec.ts","",""
"","1","Utility Functions paintWheelPixel paints grey at center (dx=0, dy=0, dist=0, sat=0)","","Wed May 13 23:18:55 UTC 2026","passed","Wed May 13 23:18:55 UTC 2026","","Utility Functions","Utility Functions paintWheelPixel paints grey at center (dx=0, dy=0, dist=0, sat=0)",""
"","22","Component Tests ColorPicker duplicate check is case-insensitive","","Wed May 13 23:18:55 UTC 2026","passed","Wed May 13 23:18:55 UTC 2026","","Utility Functions","Component Tests ColorPicker duplicate check is case-insensitive",""
"","0","Utility Functions rgbToHex pads single-digit hex values with leading zero","","Wed May 13 23:18:55 UTC 2026","passed","Wed May 13 23:18:55 UTC 2026","","Utility Functions","Utility Functions rgbToHex pads single-digit hex values with leading zero",""
"","16","GET /api/colors/Red should return the correct hex code","Chrome","Wed May 13 23:28:51 UTC 2026","passed","Wed May 13 23:28:51 UTC 2026","Backend API Integration","tests/api.spec.ts","",""
"","10","Server Integration Tests (Testcontainers) GET /api/colors/:name should return correct data for Red","","Wed May 13 23:20:00 UTC 2026","passed","Wed May 13 23:20:00 UTC 2026","","Server Integration Tests (Testcontainers)","Server Integration Tests (Testcontainers) GET /api/colors/:name should return correct data for Red",""
"","26","Component Tests ColorPicker submit with duplicate name (client-side) shows duplicate error","","Wed May 13 23:18:55 UTC 2026","passed","Wed May 13 23:18:55 UTC 2026","","Utility Functions","Component Tests ColorPicker submit with duplicate name (client-side) shows duplicate error",""
"","4","Server Unit Tests PUT /api/colors/:name returns 400 for invalid name in path (regex check)","","Wed May 13 23:20:13 UTC 2026","passed","Wed May 13 23:20:13 UTC 2026","","Server Unit Tests","Server Unit Tests PUT /api/colors/:name returns 400 for invalid name in path (regex check)",""
"","6","Server Unit Tests Surviving Mutants & Edge Cases Rate Limiting & Security kills mutants by verifying x-powered-by is removed","","Wed May 13 23:20:13 UTC 2026","passed","Wed May 13 23:20:13 UTC 2026","","Server Unit Tests","Server Unit Tests Surviving Mutants & Edge Cases Rate Limiting & Security kills mutants by verifying x-powered-by is removed",""
"","1","Utility Functions hexToRgb returns null for invalid input","","Wed May 13 23:18:55 UTC 2026","passed","Wed May 13 23:18:55 UTC 2026","","Utility Functions","Utility Functions hexToRgb returns null for invalid input",""
"","1351","color names rendered in the UI do not trigger script execution","Chrome","Wed May 13 23:24:39 UTC 2026","passed","Wed May 13 23:24:41 UTC 2026","Security > XSS Prevention","tests/security.spec.ts","",""
"","10","Frontend Unit Tests App Component shows loading text when colors array is empty","","Wed May 13 23:18:55 UTC 2026","passed","Wed May 13 23:18:55 UTC 2026","","Frontend Unit Tests","Frontend Unit Tests App Component shows loading text when colors array is empty",""
"","1070","homepage should match snapshot","Chrome","Wed May 13 23:27:38 UTC 2026","passed","Wed May 13 23:27:39 UTC 2026","Visual Regression – tablet (768×1024)","","",""
"","0","Utility Functions rgbToHex output is lowercase","","Wed May 13 23:18:55 UTC 2026","passed","Wed May 13 23:18:55 UTC 2026","","Utility Functions","Utility Functions rgbToHex output is lowercase",""
"","9","Component Tests ConfirmDialog swatch div has the correct background color","","Wed May 13 23:18:55 UTC 2026","passed","Wed May 13 23:18:55 UTC 2026","","Component Tests","Component Tests ConfirmDialog swatch div has the correct background color",""
"","8","Server Integration Tests (Testcontainers) POST /api/colors should accept a color name containing spaces","","Wed May 13 23:20:00 UTC 2026","passed","Wed May 13 23:20:00 UTC 2026","","Server Integration Tests (Testcontainers)","Server Integration Tests (Testcontainers) POST /api/colors should accept a color name containing spaces",""
"","12","Component Tests ColorPicker clicking inside the card does NOT call onCancel","","Wed May 13 23:18:55 UTC 2026","passed","Wed May 13 23:18:55 UTC 2026","","Utility Functions","Component Tests ColorPicker clicking inside the card does NOT call onCancel",""
"","12","Component Tests ColorPicker typing an invalid hex shows ""Use format #RRGGBB"" error","","Wed May 13 23:18:55 UTC 2026","passed","Wed May 13 23:18:55 UTC 2026","","Utility Functions","Component Tests ColorPicker typing an invalid hex shows ""Use format #RRGGBB"" error",""
"","4","Server Unit Tests POST /api/colors returns 400 for extra unknown fields (strict schema)","","Wed May 13 23:20:13 UTC 2026","passed","Wed May 13 23:20:13 UTC 2026","","Server Unit Tests","Server Unit Tests POST /api/colors returns 400 for extra unknown fields (strict schema)",""
"","23","Frontend Unit Tests App Component text color on dark background is white","","Wed May 13 23:18:55 UTC 2026","passed","Wed May 13 23:18:55 UTC 2026","","Frontend Unit Tests","Frontend Unit Tests App Component text color on dark background is white",""
"","5","Server Unit Tests 405 Method Not Allowed does not return 405 for allowed GET method on /api/colors","","Wed May 13 23:20:13 UTC 2026","passed","Wed May 13 23:20:13 UTC 2026","","Server Unit Tests","Server Unit Tests 405 Method Not Allowed does not return 405 for allowed GET method on /api/colors",""
"","11","Component Tests ColorPicker renders the color wheel canvas","","Wed May 13 23:18:55 UTC 2026","passed","Wed May 13 23:18:55 UTC 2026","","Utility Functions","Component Tests ColorPicker renders the color wheel canvas",""
"","0","Utility Functions hslToRgb lightness clamped: l=1.5 gives white","","Wed May 13 23:18:55 UTC 2026","passed","Wed May 13 23:18:55 UTC 2026","","Utility Functions","Utility Functions hslToRgb lightness clamped: l=1.5 gives white",""
"","1","homepage initial state","Chrome","Wed May 13 23:27:41 UTC 2026","skipped","Wed May 13 23:27:41 UTC 2026","Percy Visual Regression – Production > Percy – desktop (1280×720)","","",""
"","0","Utility Functions hexToRgb parses a standard #RRGGBB hex","","Wed May 13 23:18:55 UTC 2026","passed","Wed May 13 23:18:55 UTC 2026","","Utility Functions","Utility Functions hexToRgb parses a standard #RRGGBB hex",""
"","6","Server Integration Tests (Testcontainers) GET /api/colors/:name should return 400 for invalid name format","","Wed May 13 23:20:00 UTC 2026","passed","Wed May 13 23:20:00 UTC 2026","","Server Integration Tests (Testcontainers)","Server Integration Tests (Testcontainers) GET /api/colors/:name should return 400 for invalid name format",""
"","728","changing color to Turquoise should reflect in UI and DOM","Chrome","Wed May 13 23:24:36 UTC 2026","passed","Wed May 13 23:24:36 UTC 2026","Data-Driven Testing","tests/data-driven.spec.ts","",""
"","670","Background stays unchanged when fetching a specific color fails","BDD","Wed May 13 23:25:14 UTC 2026","passed","Wed May 13 23:25:15 UTC 2026","API Error Handling","","",""
"","633","verify language switcher changes document language","Chrome","Wed May 13 23:24:34 UTC 2026","passed","Wed May 13 23:24:34 UTC 2026","","tests/coverage.spec.ts","",""
"","1379","shows server-error message on 500 inside the picker","Chrome","Wed May 13 23:24:39 UTC 2026","passed","Wed May 13 23:24:41 UTC 2026","Color Management — Add & Delete","tests/color-management.spec.ts","",""
"","6","Server Unit Tests PUT /api/colors/:name does not change name when updating only hex","","Wed May 13 23:20:13 UTC 2026","passed","Wed May 13 23:20:13 UTC 2026","","Server Unit Tests","Server Unit Tests PUT /api/colors/:name does not change name when updating only hex",""
"","10","Server Integration Tests (Testcontainers) DELETE /api/colors/:name should return 404 on a second delete of the same color","","Wed May 13 23:20:00 UTC 2026","passed","Wed May 13 23:20:00 UTC 2026","","Server Integration Tests (Testcontainers)","Server Integration Tests (Testcontainers) DELETE /api/colors/:name should return 404 on a second delete of the same color",""
"","15","Server Integration Tests (Testcontainers) PUT /api/colors/:name should rename a color and make old name return 404","","Wed May 13 23:20:00 UTC 2026","passed","Wed May 13 23:20:00 UTC 2026","","Server Integration Tests (Testcontainers)","Server Integration Tests (Testcontainers) PUT /api/colors/:name should rename a color and make old name return 404",""
"","5","Server Unit Tests Surviving Mutants & Edge Cases PUT logic kills refine mutant by sending empty body","","Wed May 13 23:20:13 UTC 2026","passed","Wed May 13 23:20:13 UTC 2026","","Server Unit Tests","Server Unit Tests Surviving Mutants & Edge Cases PUT logic kills refine mutant by sending empty body",""
"","23","should return 409 for duplicate color creation","Chrome","Wed May 13 23:28:52 UTC 2026","passed","Wed May 13 23:28:52 UTC 2026","Backend API Integration > POST /api/colors Schema Validation","tests/api.spec.ts","",""
"","1","Utility Functions hslToRgb hue=210 (azure) → [0,128,255]","","Wed May 13 23:18:55 UTC 2026","passed","Wed May 13 23:18:55 UTC 2026","","Utility Functions","Utility Functions hslToRgb hue=210 (azure) → [0,128,255]",""
"","1837","POST /api/colors","","","passed","","","schemathesis","",""
"","9","unknown extra fields in POST body are rejected (400)","Chrome","Wed May 13 23:24:42 UTC 2026","passed","Wed May 13 23:24:42 UTC 2026","Security > Input Validation","tests/security.spec.ts","",""
"","4531","should load the application and verify core functionality across browsers","WebKit","Wed May 13 23:25:22 UTC 2026","passed","Wed May 13 23:25:27 UTC 2026","Cross-Browser Core Functionality","","",""
"","974","clicking a chip makes it active","Chrome","Wed May 13 23:24:34 UTC 2026","passed","Wed May 13 23:24:35 UTC 2026","Color Management — Add & Delete","tests/color-management.spec.ts","",""
"","","[HIGH] CVE-2026-6321","","","failed","","","Node.js","fast-uri-3.1.0",""
"","1036","cancel in confirm dialog closes it without deleting","Chrome","Wed May 13 23:24:41 UTC 2026","passed","Wed May 13 23:24:42 UTC 2026","Color Management — Add & Delete","tests/color-management.spec.ts","",""
"","659","Show loading state when the API returns an empty colors list","BDD","Wed May 13 23:25:13 UTC 2026","passed","Wed May 13 23:25:13 UTC 2026","API Error Handling","","",""
"","1100","successful delete removes the chip","Chrome","Wed May 13 23:24:41 UTC 2026","passed","Wed May 13 23:24:43 UTC 2026","Color Management — Add & Delete","tests/color-management.spec.ts","",""
"","21","Component Tests ColorPicker mousedown at bottom-center (hue=90) sets hex to #80ff00","","Wed May 13 23:18:55 UTC 2026","passed","Wed May 13 23:18:55 UTC 2026","","Utility Functions","Component Tests ColorPicker mousedown at bottom-center (hue=90) sets hex to #80ff00",""
"","147","Component Tests ConfirmDialog renders title, body, and both buttons","","Wed May 13 23:18:55 UTC 2026","passed","Wed May 13 23:18:55 UTC 2026","","Component Tests","Component Tests ConfirmDialog renders title, body, and both buttons",""
"","0","Utility Functions readableOn returns #111 for white (very light, L=1)","","Wed May 13 23:18:55 UTC 2026","passed","Wed May 13 23:18:55 UTC 2026","","Utility Functions","Utility Functions readableOn returns #111 for white (very light, L=1)",""
"","3","Server Unit Tests Error Handling DELETE /api/colors/:name returns 500 when database fails","","Wed May 13 23:20:13 UTC 2026","passed","Wed May 13 23:20:13 UTC 2026","","Server Unit Tests","Server Unit Tests Error Handling DELETE /api/colors/:name returns 500 when database fails",""
"","12","Server Integration Tests (Testcontainers) PUT /api/colors/:name should update the hex of an existing color and persist it in the real database","","Wed May 13 23:20:00 UTC 2026","passed","Wed May 13 23:20:00 UTC 2026","","Server Integration Tests (Testcontainers)","Server Integration Tests (Testcontainers) PUT /api/colors/:name should update the hex of an existing color and persist it in the real database",""
"","39","Frontend Unit Tests App Component existingNames passed to ColorPicker matches current color list","","Wed May 13 23:18:55 UTC 2026","passed","Wed May 13 23:18:55 UTC 2026","","Frontend Unit Tests","Frontend Unit Tests App Component existingNames passed to ColorPicker matches current color list",""
"","28","Component Tests ColorPicker lightness slider change updates the preview","","Wed May 13 23:18:55 UTC 2026","passed","Wed May 13 23:18:55 UTC 2026","","Utility Functions","Component Tests ColorPicker lightness slider change updates the preview",""
