"DESCRIPTION","DURATION IN MS","NAME","PARENT SUITE","START TIME","STATUS","STOP TIME","SUB SUITE","SUITE","TEST CLASS","TEST METHOD"
"","5","Server Unit Tests DELETE /api/colors/:name returns 404 for a non-existent color","","Fri May 22 11:55:34 UTC 2026","passed","Fri May 22 11:55:34 UTC 2026","","Server Unit Tests","Server Unit Tests DELETE /api/colors/:name returns 404 for a non-existent color",""
"","9","Server Unit Tests POST /api/colors accepts single alphanumeric characters as names","","Fri May 22 11:55:34 UTC 2026","passed","Fri May 22 11:55:34 UTC 2026","","Server Unit Tests","Server Unit Tests POST /api/colors accepts single alphanumeric characters as names",""
"","4","Component Tests ConfirmDialog title is rendered in the element with id confirm-title","","Fri May 22 11:55:18 UTC 2026","passed","Fri May 22 11:55:18 UTC 2026","","Component Tests","Component Tests ConfirmDialog title is rendered in the element with id confirm-title",""
"","8","Server Unit Tests Error Handling PUT /api/colors/:name returns 500 when database fails","","Fri May 22 11:55:34 UTC 2026","passed","Fri May 22 11:55:34 UTC 2026","","Server Unit Tests","Server Unit Tests Error Handling PUT /api/colors/:name returns 500 when database fails",""
"","4","Server Unit Tests PUT /api/colors/:name returns 400 for invalid hex on update","","Fri May 22 11:55:34 UTC 2026","passed","Fri May 22 11:55:34 UTC 2026","","Server Unit Tests","Server Unit Tests PUT /api/colors/:name returns 400 for invalid hex on update",""
"","41","Frontend Unit Tests App Component active chip has is-active CSS class","","Fri May 22 11:55:18 UTC 2026","passed","Fri May 22 11:55:18 UTC 2026","","Frontend Unit Tests","Frontend Unit Tests App Component active chip has is-active CSS class",""
"","5","Component Tests ConfirmDialog Escape key does NOT call onCancel when busy","","Fri May 22 11:55:18 UTC 2026","passed","Fri May 22 11:55:18 UTC 2026","","Component Tests","Component Tests ConfirmDialog Escape key does NOT call onCancel when busy",""
"","236","GET /api/colors/Red should return the correct hex code","Chrome","Fri May 22 12:26:18 UTC 2026","passed","Fri May 22 12:26:18 UTC 2026","Backend API Integration","","",""
"","1","homepage initial state","Chrome","Fri May 22 12:02:20 UTC 2026","skipped","Fri May 22 12:02:20 UTC 2026","Percy Visual Regression – Production > Percy – mobile (375×667)","","",""
"","0","Utility Functions rgbToHsl r max with g<b (#ff0040) → h near 345","","Fri May 22 11:55:18 UTC 2026","passed","Fri May 22 11:55:18 UTC 2026","","Utility Functions","Utility Functions rgbToHsl r max with g<b (#ff0040) → h near 345",""
"","96","Frontend Unit Tests App Component clicking a color chip makes it active","","Fri May 22 11:55:18 UTC 2026","passed","Fri May 22 11:55:18 UTC 2026","","Frontend Unit Tests","Frontend Unit Tests App Component clicking a color chip makes it active",""
"","47","POST with script tag in name is rejected (400)","Chrome","Fri May 22 12:28:20 UTC 2026","passed","Fri May 22 12:28:20 UTC 2026","Security > XSS Prevention","","",""
"","4","Server Unit Tests 405 Method Not Allowed returns 405 for PATCH on /api/colors","","Fri May 22 11:55:34 UTC 2026","passed","Fri May 22 11:55:34 UTC 2026","","Server Unit Tests","Server Unit Tests 405 Method Not Allowed returns 405 for PATCH on /api/colors",""
"","15","Component Tests ColorPicker Enter key on name input triggers submit","","Fri May 22 11:55:18 UTC 2026","passed","Fri May 22 11:55:18 UTC 2026","","Utility Functions","Component Tests ColorPicker Enter key on name input triggers submit",""
"","0","Utility Functions readableOn returns #111 for mid-grey (L≈0.35, black gives better contrast)","","Fri May 22 11:55:18 UTC 2026","passed","Fri May 22 11:55:18 UTC 2026","","Utility Functions","Utility Functions readableOn returns #111 for mid-grey (L≈0.35, black gives better contrast)",""
"","7","Server Unit Tests GET /api/colors returns JSON content type","","Fri May 22 11:55:34 UTC 2026","passed","Fri May 22 11:55:34 UTC 2026","","Server Unit Tests","Server Unit Tests GET /api/colors returns JSON content type",""
"","131","Component Tests ConfirmDialog renders title, body, and both buttons","","Fri May 22 11:55:18 UTC 2026","passed","Fri May 22 11:55:18 UTC 2026","","Component Tests","Component Tests ConfirmDialog renders title, body, and both buttons",""
"","4","Server Unit Tests OpenAPI endpoints spec includes component schemas","","Fri May 22 11:55:34 UTC 2026","passed","Fri May 22 11:55:34 UTC 2026","","Server Unit Tests","Server Unit Tests OpenAPI endpoints spec includes component schemas",""
"","1","Utility Functions rgbToHsl pure green → h=120, s=1, l=0.5","","Fri May 22 11:55:18 UTC 2026","passed","Fri May 22 11:55:18 UTC 2026","","Utility Functions","Utility Functions rgbToHsl pure green → h=120, s=1, l=0.5",""
"","0","Utility Functions hslToRgb high lightness l=0.75 → [255,128,128]","","Fri May 22 11:55:18 UTC 2026","passed","Fri May 22 11:55:18 UTC 2026","","Utility Functions","Utility Functions hslToRgb high lightness l=0.75 → [255,128,128]",""
"","58","GET /api/colors/{name}","","","passed","","","schemathesis","",""
"","567","should return 409 for duplicate color creation","Chrome","Fri May 22 12:26:19 UTC 2026","passed","Fri May 22 12:26:20 UTC 2026","Backend API Integration > POST /api/colors Schema Validation","","",""
"","12","Server Unit Tests Surviving Mutants & Edge Cases Strict Path & Method Validation kills mutants that change route paths to empty string","","Fri May 22 11:55:34 UTC 2026","passed","Fri May 22 11:55:34 UTC 2026","","Server Unit Tests","Server Unit Tests Surviving Mutants & Edge Cases Strict Path & Method Validation kills mutants that change route paths to empty string",""
"","0","Utility Functions hslToRgb hue=150 (spring green) → [0,255,128]","","Fri May 22 11:55:18 UTC 2026","passed","Fri May 22 11:55:18 UTC 2026","","Utility Functions","Utility Functions hslToRgb hue=150 (spring green) → [0,255,128]",""
"","49","should reject invalid hex format","Chrome","Fri May 22 12:26:20 UTC 2026","passed","Fri May 22 12:26:20 UTC 2026","Backend API Integration > POST /api/colors Schema Validation","","",""
"","62","NoSQL operator in GET path param is rejected (400 or 404)","Chrome","Fri May 22 12:28:22 UTC 2026","passed","Fri May 22 12:28:22 UTC 2026","Security > Injection Prevention","","",""
"","6","Server Unit Tests PUT /api/colors/:name does not change name when updating only hex","","Fri May 22 11:55:34 UTC 2026","passed","Fri May 22 11:55:34 UTC 2026","","Server Unit Tests","Server Unit Tests PUT /api/colors/:name does not change name when updating only hex",""
"","890","should display all core elements and handle button interaction","Chrome","Fri May 22 12:02:19 UTC 2026","passed","Fri May 22 12:02:20 UTC 2026","Responsive Design – iPhone landscape (667×375)","","",""
"","167","GET /api/colors should return all colors","Chrome","Fri May 22 12:26:18 UTC 2026","passed","Fri May 22 12:26:19 UTC 2026","Backend API Integration","","",""
"","31","Component Tests ColorPicker cancel button calls onCancel","","Fri May 22 11:55:18 UTC 2026","passed","Fri May 22 11:55:18 UTC 2026","","Utility Functions","Component Tests ColorPicker cancel button calls onCancel",""
"","1295","cancel in confirm dialog closes it without deleting","Chrome","Fri May 22 12:26:30 UTC 2026","passed","Fri May 22 12:26:31 UTC 2026","Color Management — Add & Delete","","",""
"","5","Server Unit Tests POST /api/colors returns 400 when hex is missing","","Fri May 22 11:55:34 UTC 2026","passed","Fri May 22 11:55:34 UTC 2026","","Server Unit Tests","Server Unit Tests POST /api/colors returns 400 when hex is missing",""
"","44","POST /api-docs returns 405","Chrome","Fri May 22 12:28:23 UTC 2026","passed","Fri May 22 12:28:23 UTC 2026","Security > HTTP Method Restrictions","","",""
"","23","Component Tests ColorPicker submit with invalid chars shows validation error","","Fri May 22 11:55:18 UTC 2026","passed","Fri May 22 11:55:18 UTC 2026","","Utility Functions","Component Tests ColorPicker submit with invalid chars shows validation error",""
"","4","Server Unit Tests Surviving Mutants & Edge Cases Swagger Metadata & OpenAPI has exact server metadata","","Fri May 22 11:55:34 UTC 2026","passed","Fri May 22 11:55:34 UTC 2026","","Server Unit Tests","Server Unit Tests Surviving Mutants & Edge Cases Swagger Metadata & OpenAPI has exact server metadata",""
"","0","Utility Functions rgbToHex converts pure blue","","Fri May 22 11:55:18 UTC 2026","passed","Fri May 22 11:55:18 UTC 2026","","Utility Functions","Utility Functions rgbToHex converts pure blue",""
"","1169","verify Yellow ( #f1c40f ) is applied as the background color","Chrome","Fri May 22 12:28:19 UTC 2026","passed","Fri May 22 12:28:20 UTC 2026","POM Refactored: Background color tests","","",""
"","35","Frontend Unit Tests App Component initial background is first color hex","","Fri May 22 11:55:18 UTC 2026","passed","Fri May 22 11:55:18 UTC 2026","","Frontend Unit Tests","Frontend Unit Tests App Component initial background is first color hex",""
"","6","Server Integration Tests (Testcontainers) POST /api/colors should return 400 for invalid hex format (missing #)","","Fri May 22 11:56:08 UTC 2026","passed","Fri May 22 11:56:08 UTC 2026","","Server Integration Tests (Testcontainers)","Server Integration Tests (Testcontainers) POST /api/colors should return 400 for invalid hex format (missing #)",""
"","10","Component Tests ColorPicker renders the color wheel canvas","","Fri May 22 11:55:18 UTC 2026","passed","Fri May 22 11:55:18 UTC 2026","","Utility Functions","Component Tests ColorPicker renders the color wheel canvas",""
"","1","Frontend Unit Tests i18n Configuration should be initialized with correct settings","","Fri May 22 11:55:20 UTC 2026","passed","Fri May 22 11:55:20 UTC 2026","","Frontend Unit Tests","Frontend Unit Tests i18n Configuration should be initialized with correct settings",""
"","24","Component Tests ColorPicker mousemove while dragging updates hex (dragging.current=true kills mutation)","","Fri May 22 11:55:18 UTC 2026","passed","Fri May 22 11:55:18 UTC 2026","","Utility Functions","Component Tests ColorPicker mousemove while dragging updates hex (dragging.current=true kills mutation)",""
"","620","Show error message when the initial colors fetch fails","BDD","Fri May 22 11:59:58 UTC 2026","passed","Fri May 22 11:59:58 UTC 2026","API Error Handling","","",""
"","26","Server Integration Tests (Testcontainers) End-to-end CRUD workflow should create, read, update, and delete a color in sequence","","Fri May 22 11:56:08 UTC 2026","passed","Fri May 22 11:56:08 UTC 2026","","Server Integration Tests (Testcontainers)","Server Integration Tests (Testcontainers) End-to-end CRUD workflow should create, read, update, and delete a color in sequence",""
"","4","Server Unit Tests PUT /api/colors/:name returns 404 for a non-existent color","","Fri May 22 11:55:34 UTC 2026","passed","Fri May 22 11:55:34 UTC 2026","","Server Unit Tests","Server Unit Tests PUT /api/colors/:name returns 404 for a non-existent color",""
"","10","Server Integration Tests (Testcontainers) POST /api/colors should accept a single alphanumeric character as a name","","Fri May 22 11:56:08 UTC 2026","passed","Fri May 22 11:56:08 UTC 2026","","Server Integration Tests (Testcontainers)","Server Integration Tests (Testcontainers) POST /api/colors should accept a single alphanumeric character as a name",""
"","20","Server Integration Tests (Testcontainers) POST /api/colors should create a new color and persist it in the real database","","Fri May 22 11:56:08 UTC 2026","passed","Fri May 22 11:56:08 UTC 2026","","Server Integration Tests (Testcontainers)","Server Integration Tests (Testcontainers) POST /api/colors should create a new color and persist it in the real database",""
"","15","Server Integration Tests (Testcontainers) seedDatabase should always restore the three default seed colors","","Fri May 22 11:56:08 UTC 2026","passed","Fri May 22 11:56:08 UTC 2026","","Server Integration Tests (Testcontainers)","Server Integration Tests (Testcontainers) seedDatabase should always restore the three default seed colors",""
"","8","Component Tests ColorPicker displays serverError prop in an alert banner","","Fri May 22 11:55:18 UTC 2026","passed","Fri May 22 11:55:18 UTC 2026","","Utility Functions","Component Tests ColorPicker displays serverError prop in an alert banner",""
"","1","Frontend Unit Tests i18n Configuration should have translation keys in resources","","Fri May 22 11:55:20 UTC 2026","passed","Fri May 22 11:55:20 UTC 2026","","Frontend Unit Tests","Frontend Unit Tests i18n Configuration should have translation keys in resources",""
"","1","Utility Functions hslToRgb lightness clamped: l=1.5 gives white","","Fri May 22 11:55:18 UTC 2026","passed","Fri May 22 11:55:18 UTC 2026","","Utility Functions","Utility Functions hslToRgb lightness clamped: l=1.5 gives white",""
"","940","should handle missing image gracefully by showing alt text","Chrome","Fri May 22 12:28:16 UTC 2026","passed","Fri May 22 12:28:16 UTC 2026","Network Mocking & Interception","","",""
"","929","chip-x click opens confirm dialog with color name","Chrome","Fri May 22 12:26:29 UTC 2026","passed","Fri May 22 12:26:29 UTC 2026","Color Management — Add & Delete","","",""
"","6","Server Unit Tests POST /api/colors accepts names with alphanumeric characters and spaces","","Fri May 22 11:55:34 UTC 2026","passed","Fri May 22 11:55:34 UTC 2026","","Server Unit Tests","Server Unit Tests POST /api/colors accepts names with alphanumeric characters and spaces",""
"","37","Component Tests ConfirmDialog confirm button calls onConfirm","","Fri May 22 11:55:18 UTC 2026","passed","Fri May 22 11:55:18 UTC 2026","","Component Tests","Component Tests ConfirmDialog confirm button calls onConfirm",""
"","66","Frontend Unit Tests App Component useEffect runs only once on mount","","Fri May 22 11:55:18 UTC 2026","passed","Fri May 22 11:55:18 UTC 2026","","Frontend Unit Tests","Frontend Unit Tests App Component useEffect runs only once on mount",""
"","32","Frontend Unit Tests App Component add color 409 conflict shows picker error (data.error message)","","Fri May 22 11:55:18 UTC 2026","passed","Fri May 22 11:55:18 UTC 2026","","Frontend Unit Tests","Frontend Unit Tests App Component add color 409 conflict shows picker error (data.error message)",""
"","7","Component Tests ConfirmDialog dialog has correct ARIA attributes","","Fri May 22 11:55:18 UTC 2026","passed","Fri May 22 11:55:18 UTC 2026","","Component Tests","Component Tests ConfirmDialog dialog has correct ARIA attributes",""
"","671","should update a color with valid schema","Chrome","Fri May 22 12:26:20 UTC 2026","passed","Fri May 22 12:26:21 UTC 2026","Backend API Integration > PUT /api/colors/:name Schema Validation","","",""
"","66","Frontend Unit Tests App Component handles null data from initial fetch gracefully","","Fri May 22 11:55:18 UTC 2026","passed","Fri May 22 11:55:18 UTC 2026","","Frontend Unit Tests","Frontend Unit Tests App Component handles null data from initial fetch gracefully",""
"","5","Server Unit Tests PUT /api/colors/:name returns 400 for invalid name with special characters","","Fri May 22 11:55:34 UTC 2026","passed","Fri May 22 11:55:34 UTC 2026","","Server Unit Tests","Server Unit Tests PUT /api/colors/:name returns 400 for invalid name with special characters",""
"","1693","successfully adds a new color and shows its chip","Chrome","Fri May 22 12:26:25 UTC 2026","passed","Fri May 22 12:26:27 UTC 2026","Color Management — Add & Delete","","",""
"","605","Show loading state when the API returns an empty colors list","BDD","Fri May 22 11:59:58 UTC 2026","passed","Fri May 22 11:59:58 UTC 2026","API Error Handling","","",""
"","830","should delete an existing color","Chrome","Fri May 22 12:26:21 UTC 2026","passed","Fri May 22 12:26:22 UTC 2026","Backend API Integration > DELETE /api/colors/:name","","",""
"","0","homepage after color change","Chrome","Fri May 22 12:02:20 UTC 2026","skipped","Fri May 22 12:02:20 UTC 2026","Percy Visual Regression – Production > Percy – mobile (375×667)","","",""
"","18","Component Tests ColorPicker mousemove without prior mousedown (not dragging) does not change color","","Fri May 22 11:55:18 UTC 2026","passed","Fri May 22 11:55:18 UTC 2026","","Utility Functions","Component Tests ColorPicker mousemove without prior mousedown (not dragging) does not change color",""
"","0","Utility Functions rgbToHsl dark red (#800000): l<0.5, s=1 (l<=0.5 saturation branch)","","Fri May 22 11:55:18 UTC 2026","passed","Fri May 22 11:55:18 UTC 2026","","Utility Functions","Utility Functions rgbToHsl dark red (#800000): l<0.5, s=1 (l<=0.5 saturation branch)",""
"","25","Component Tests ColorPicker close (×) button calls onCancel","","Fri May 22 11:55:18 UTC 2026","passed","Fri May 22 11:55:18 UTC 2026","","Utility Functions","Component Tests ColorPicker close (×) button calls onCancel",""
"","8","Server Unit Tests 405 Method Not Allowed returns 405 for POST, PUT, DELETE on /api-docs","","Fri May 22 11:55:34 UTC 2026","passed","Fri May 22 11:55:34 UTC 2026","","Server Unit Tests","Server Unit Tests 405 Method Not Allowed returns 405 for POST, PUT, DELETE on /api-docs",""
"","6","Server Unit Tests 405 Method Not Allowed does not return 405 for allowed PUT method on /api/colors/:name","","Fri May 22 11:55:34 UTC 2026","passed","Fri May 22 11:55:34 UTC 2026","","Server Unit Tests","Server Unit Tests 405 Method Not Allowed does not return 405 for allowed PUT method on /api/colors/:name",""
"","972","clicking the backdrop closes the picker","Chrome","Fri May 22 12:26:25 UTC 2026","passed","Fri May 22 12:26:26 UTC 2026","Color Management — Add & Delete","","",""
"","75","Frontend Unit Tests App Component deleting is false again after a failed delete (finally block)","","Fri May 22 11:55:18 UTC 2026","passed","Fri May 22 11:55:18 UTC 2026","","Frontend Unit Tests","Frontend Unit Tests App Component deleting is false again after a failed delete (finally block)",""
"","3","Server Unit Tests Surviving Mutants & Edge Cases Mongoose Schema Strictness kills empty schema mutant by checking schema paths","","Fri May 22 11:55:34 UTC 2026","passed","Fri May 22 11:55:34 UTC 2026","","Server Unit Tests","Server Unit Tests Surviving Mutants & Edge Cases Mongoose Schema Strictness kills empty schema mutant by checking schema paths",""
"","49","DELETE /api/colors (collection) returns 405","Chrome","Fri May 22 12:28:23 UTC 2026","passed","Fri May 22 12:28:23 UTC 2026","Security > HTTP Method Restrictions","","",""
"","5","Server Unit Tests Middleware returns 413 for payload too large","","Fri May 22 11:55:34 UTC 2026","passed","Fri May 22 11:55:34 UTC 2026","","Server Unit Tests","Server Unit Tests Middleware returns 413 for payload too large",""
"","4","Server Unit Tests Middleware JSON error middleware ignores SyntaxError without body","","Fri May 22 11:55:34 UTC 2026","passed","Fri May 22 11:55:34 UTC 2026","","Server Unit Tests","Server Unit Tests Middleware JSON error middleware ignores SyntaxError without body",""
"","1","Utility Functions hslToRgb hue=270 (violet) → [128,0,255]","","Fri May 22 11:55:18 UTC 2026","passed","Fri May 22 11:55:18 UTC 2026","","Utility Functions","Utility Functions hslToRgb hue=270 (violet) → [128,0,255]",""
"","1007","homepage should match snapshot","Chrome","Fri May 22 12:02:17 UTC 2026","passed","Fri May 22 12:02:18 UTC 2026","Visual Regression – iphone-se (375×667)","","",""
"","29","Frontend Unit Tests App Component clicking Add color button opens picker modal","","Fri May 22 11:55:18 UTC 2026","passed","Fri May 22 11:55:18 UTC 2026","","Frontend Unit Tests","Frontend Unit Tests App Component clicking Add color button opens picker modal",""
"","60","unknown extra fields in POST body are rejected (400)","Chrome","Fri May 22 12:28:22 UTC 2026","passed","Fri May 22 12:28:22 UTC 2026","Security > Input Validation","","",""
"","29","Server Unit Tests Surviving Mutants & Edge Cases Strict Path & Method Validation kills allowedMethods mutants by exhaustive testing","","Fri May 22 11:55:34 UTC 2026","passed","Fri May 22 11:55:34 UTC 2026","","Server Unit Tests","Server Unit Tests Surviving Mutants & Edge Cases Strict Path & Method Validation kills allowedMethods mutants by exhaustive testing",""
"","14","Component Tests ColorPicker typing blue hex updates internal state (b is max branch)","","Fri May 22 11:55:18 UTC 2026","passed","Fri May 22 11:55:18 UTC 2026","","Utility Functions","Component Tests ColorPicker typing blue hex updates internal state (b is max branch)",""
"","29","Component Tests ColorPicker lightness slider max value (100) gives white","","Fri May 22 11:55:18 UTC 2026","passed","Fri May 22 11:55:18 UTC 2026","","Utility Functions","Component Tests ColorPicker lightness slider max value (100) gives white",""
"","3","Server Unit Tests Surviving Mutants & Edge Cases Swagger Metadata & OpenAPI has exact API info","","Fri May 22 11:55:34 UTC 2026","passed","Fri May 22 11:55:34 UTC 2026","","Server Unit Tests","Server Unit Tests Surviving Mutants & Edge Cases Swagger Metadata & OpenAPI has exact API info",""
"","30724","verify Turquoise ( #1abc9c ) is applied as the background color","Chrome","Fri May 22 12:27:37 UTC 2026","broken","Fri May 22 12:28:07 UTC 2026","Background color tests","","",""
"","9","Server Integration Tests (Testcontainers) GET /api/colors/:name should return correct data for Red","","Fri May 22 11:56:08 UTC 2026","passed","Fri May 22 11:56:08 UTC 2026","","Server Integration Tests (Testcontainers)","Server Integration Tests (Testcontainers) GET /api/colors/:name should return correct data for Red",""
"","31","Frontend Unit Tests App Component picker cancel button closes the modal","","Fri May 22 11:55:18 UTC 2026","passed","Fri May 22 11:55:18 UTC 2026","","Frontend Unit Tests","Frontend Unit Tests App Component picker cancel button closes the modal",""
"","1","Utility Functions paintWheelPixel paints red at right edge (dx=r, dy=0, hue=0)","","Fri May 22 11:55:18 UTC 2026","passed","Fri May 22 11:55:18 UTC 2026","","Utility Functions","Utility Functions paintWheelPixel paints red at right edge (dx=r, dy=0, hue=0)",""
"","0","Utility Functions paintWheelPixel anti-aliases the outermost ring: dist=r gives alpha=0","","Fri May 22 11:55:18 UTC 2026","passed","Fri May 22 11:55:18 UTC 2026","","Utility Functions","Utility Functions paintWheelPixel anti-aliases the outermost ring: dist=r gives alpha=0",""
"","21","Server Integration Tests (Testcontainers) Concurrent writes should handle simultaneous POSTs with the same name — exactly one succeeds","","Fri May 22 11:56:08 UTC 2026","passed","Fri May 22 11:56:08 UTC 2026","","Server Integration Tests (Testcontainers)","Server Integration Tests (Testcontainers) Concurrent writes should handle simultaneous POSTs with the same name — exactly one succeeds",""
"","0","Utility Functions hslToRgb low lightness l=0.25 → [128,0,0]","","Fri May 22 11:55:18 UTC 2026","passed","Fri May 22 11:55:18 UTC 2026","","Utility Functions","Utility Functions hslToRgb low lightness l=0.25 → [128,0,0]",""
"","25","Frontend Unit Tests App Component link color is dark (#003366) on light background","","Fri May 22 11:55:18 UTC 2026","passed","Fri May 22 11:55:18 UTC 2026","","Frontend Unit Tests","Frontend Unit Tests App Component link color is dark (#003366) on light background",""
"","20","Component Tests ColorPicker lightness slider min value (0) gives black","","Fri May 22 11:55:18 UTC 2026","passed","Fri May 22 11:55:18 UTC 2026","","Utility Functions","Component Tests ColorPicker lightness slider min value (0) gives black",""
"","19","Server Integration Tests (Testcontainers) seedDatabase should clear custom colors when re-seeded","","Fri May 22 11:56:08 UTC 2026","passed","Fri May 22 11:56:08 UTC 2026","","Server Integration Tests (Testcontainers)","Server Integration Tests (Testcontainers) seedDatabase should clear custom colors when re-seeded",""
"","332","Server Unit Tests Surviving Mutants & Edge Cases Infrastructure uses MONGO_URI from environment if available","","Fri May 22 11:55:34 UTC 2026","passed","Fri May 22 11:55:34 UTC 2026","","Server Unit Tests","Server Unit Tests Surviving Mutants & Edge Cases Infrastructure uses MONGO_URI from environment if available",""
"","11","Frontend Unit Tests App Component shows error alert when initial fetch returns non-2xx","","Fri May 22 11:55:18 UTC 2026","passed","Fri May 22 11:55:18 UTC 2026","","Frontend Unit Tests","Frontend Unit Tests App Component shows error alert when initial fetch returns non-2xx",""
"","5","Server Unit Tests Error Handling GET /api/colors returns 500 when database fails","","Fri May 22 11:55:34 UTC 2026","passed","Fri May 22 11:55:34 UTC 2026","","Server Unit Tests","Server Unit Tests Error Handling GET /api/colors returns 500 when database fails",""
"","1230","homepage should match snapshot","Chrome","Fri May 22 12:02:15 UTC 2026","passed","Fri May 22 12:02:17 UTC 2026","Visual Regression – desktop (1280×720)","","",""
"","8","Server Unit Tests 405 Method Not Allowed returns 405 for POST, PUT, DELETE on /openapi.json","","Fri May 22 11:55:34 UTC 2026","passed","Fri May 22 11:55:34 UTC 2026","","Server Unit Tests","Server Unit Tests 405 Method Not Allowed returns 405 for POST, PUT, DELETE on /openapi.json",""
"","5","Server Integration Tests (Testcontainers) PUT /api/colors/:name should return 400 for invalid name in URL path","","Fri May 22 11:56:08 UTC 2026","passed","Fri May 22 11:56:08 UTC 2026","","Server Integration Tests (Testcontainers)","Server Integration Tests (Testcontainers) PUT /api/colors/:name should return 400 for invalid name in URL path",""
"","15","Server Unit Tests Surviving Mutants & Edge Cases Regex & Validation STRICT_NAME_REGEX is strict on forbidden special characters in the middle","","Fri May 22 11:55:34 UTC 2026","passed","Fri May 22 11:55:34 UTC 2026","","Server Unit Tests","Server Unit Tests Surviving Mutants & Edge Cases Regex & Validation STRICT_NAME_REGEX is strict on forbidden special characters in the middle",""
"","6","Server Integration Tests (Testcontainers) POST /api/colors should return 400 when name is missing","","Fri May 22 11:56:08 UTC 2026","passed","Fri May 22 11:56:08 UTC 2026","","Server Integration Tests (Testcontainers)","Server Integration Tests (Testcontainers) POST /api/colors should return 400 when name is missing",""
"","1","Utility Functions hslToRgb negative hue wraps: hue=-120 = hue=240","","Fri May 22 11:55:18 UTC 2026","passed","Fri May 22 11:55:18 UTC 2026","","Utility Functions","Utility Functions hslToRgb negative hue wraps: hue=-120 = hue=240",""
"","1","Utility Functions hslToRgb hue=60 (yellow) → [255,255,0]","","Fri May 22 11:55:18 UTC 2026","passed","Fri May 22 11:55:18 UTC 2026","","Utility Functions","Utility Functions hslToRgb hue=60 (yellow) → [255,255,0]",""
"","725","handle color selection fetch error","Chrome","Fri May 22 12:26:39 UTC 2026","passed","Fri May 22 12:26:40 UTC 2026","Edge cases and error handling","","",""
"","799","homepage should match snapshot","Chrome","Fri May 22 12:02:18 UTC 2026","passed","Fri May 22 12:02:19 UTC 2026","Visual Regression – iphone-landscape (667×375)","","",""
"","4","Server Unit Tests 405 Method Not Allowed sets the Allow header on /api/colors/:name with correct methods","","Fri May 22 11:55:34 UTC 2026","passed","Fri May 22 11:55:34 UTC 2026","","Server Unit Tests","Server Unit Tests 405 Method Not Allowed sets the Allow header on /api/colors/:name with correct methods",""
"","59","NoSQL injection object in name is rejected (400)","Chrome","Fri May 22 12:28:22 UTC 2026","passed","Fri May 22 12:28:22 UTC 2026","Security > Injection Prevention","","",""
"","4","Server Unit Tests Surviving Mutants & Edge Cases Logs seedDatabase logs success message","","Fri May 22 11:55:34 UTC 2026","passed","Fri May 22 11:55:34 UTC 2026","","Server Unit Tests","Server Unit Tests Surviving Mutants & Edge Cases Logs seedDatabase logs success message",""
"","4","Server Unit Tests PUT /api/colors/:name returns 400 for invalid current name format in URL","","Fri May 22 11:55:34 UTC 2026","passed","Fri May 22 11:55:34 UTC 2026","","Server Unit Tests","Server Unit Tests PUT /api/colors/:name returns 400 for invalid current name format in URL",""
"","6","Frontend Unit Tests App Component initial default background before fetch resolves","","Fri May 22 11:55:18 UTC 2026","passed","Fri May 22 11:55:18 UTC 2026","","Frontend Unit Tests","Frontend Unit Tests App Component initial default background before fetch resolves",""
"","67","Frontend Unit Tests App Component handles empty array from initial fetch gracefully","","Fri May 22 11:55:18 UTC 2026","passed","Fri May 22 11:55:18 UTC 2026","","Frontend Unit Tests","Frontend Unit Tests App Component handles empty array from initial fetch gracefully",""
"","0","Utility Functions rgbToHex output is lowercase","","Fri May 22 11:55:18 UTC 2026","passed","Fri May 22 11:55:18 UTC 2026","","Utility Functions","Utility Functions rgbToHex output is lowercase",""
"","40","Frontend Unit Tests App Component add color 500 shows server error message","","Fri May 22 11:55:18 UTC 2026","passed","Fri May 22 11:55:18 UTC 2026","","Frontend Unit Tests","Frontend Unit Tests App Component add color 500 shows server error message",""
"","24","Component Tests ColorPicker valid submit calls onConfirm with trimmed name and current hex","","Fri May 22 11:55:18 UTC 2026","passed","Fri May 22 11:55:18 UTC 2026","","Utility Functions","Component Tests ColorPicker valid submit calls onConfirm with trimmed name and current hex",""
"","43","Frontend Unit Tests App Component add color 400 without data.error falls back to generic message","","Fri May 22 11:55:18 UTC 2026","passed","Fri May 22 11:55:18 UTC 2026","","Frontend Unit Tests","Frontend Unit Tests App Component add color 400 without data.error falls back to generic message",""
"","6","Server Unit Tests Error Handling PUT /api/colors/:name returns 409 when database throws duplicate key error (code 11000) on save","","Fri May 22 11:55:34 UTC 2026","passed","Fri May 22 11:55:34 UTC 2026","","Server Unit Tests","Server Unit Tests Error Handling PUT /api/colors/:name returns 409 when database throws duplicate key error (code 11000) on save",""
"","27","Component Tests ColorPicker hex input updates hue/sat via rgbToHsl (green → hue≈120)","","Fri May 22 11:55:18 UTC 2026","passed","Fri May 22 11:55:18 UTC 2026","","Utility Functions","Component Tests ColorPicker hex input updates hue/sat via rgbToHsl (green → hue≈120)",""
"","101","Frontend Unit Tests App Component handleColorClick does nothing when data has no hex","","Fri May 22 11:55:18 UTC 2026","passed","Fri May 22 11:55:18 UTC 2026","","Frontend Unit Tests","Frontend Unit Tests App Component handleColorClick does nothing when data has no hex",""
"","5","Server Unit Tests OpenAPI endpoints serves Swagger UI as HTML","","Fri May 22 11:55:34 UTC 2026","passed","Fri May 22 11:55:34 UTC 2026","","Server Unit Tests","Server Unit Tests OpenAPI endpoints serves Swagger UI as HTML",""
"","5","Server Unit Tests PUT /api/colors/:name updates both name and hex simultaneously","","Fri May 22 11:55:34 UTC 2026","passed","Fri May 22 11:55:34 UTC 2026","","Server Unit Tests","Server Unit Tests PUT /api/colors/:name updates both name and hex simultaneously",""
"","21","Frontend Unit Tests App Component link color is light (#cfe8ff) on dark background","","Fri May 22 11:55:18 UTC 2026","passed","Fri May 22 11:55:18 UTC 2026","","Frontend Unit Tests","Frontend Unit Tests App Component link color is light (#cfe8ff) on dark background",""
"","1","Utility Functions hexToRgb parses a standard #RRGGBB hex","","Fri May 22 11:55:18 UTC 2026","passed","Fri May 22 11:55:18 UTC 2026","","Utility Functions","Utility Functions hexToRgb parses a standard #RRGGBB hex",""
"","864","Example #1","BDD","Fri May 22 12:00:00 UTC 2026","passed","Fri May 22 12:00:01 UTC 2026","Home Page Background Color > Change background color","","",""
"","845","Example #2","BDD","Fri May 22 12:00:00 UTC 2026","passed","Fri May 22 12:00:01 UTC 2026","Home Page Background Color > Change background color","","",""
"","5","Server Unit Tests POST /api/colors returns 400 when name is missing","","Fri May 22 11:55:34 UTC 2026","passed","Fri May 22 11:55:34 UTC 2026","","Server Unit Tests","Server Unit Tests POST /api/colors returns 400 when name is missing",""
"","626","Example #1","BDD","Fri May 22 12:00:01 UTC 2026","passed","Fri May 22 12:00:02 UTC 2026","Language Switching > Switch language and verify translated UI labels","","",""
"","1288","POST /api/colors","","","passed","","","schemathesis","",""
"","9","Server Unit Tests Surviving Mutants & Edge Cases Regex & Validation STRICT_NAME_REGEX kills mutants by testing multiple spaces in the middle and rejecting pluses","","Fri May 22 11:55:34 UTC 2026","passed","Fri May 22 11:55:34 UTC 2026","","Server Unit Tests","Server Unit Tests Surviving Mutants & Edge Cases Regex & Validation STRICT_NAME_REGEX kills mutants by testing multiple spaces in the middle and rejecting pluses",""
"","20","Server Integration Tests (Testcontainers) PUT /api/colors/:name should update the hex of an existing color and persist it in the real database","","Fri May 22 11:56:08 UTC 2026","passed","Fri May 22 11:56:08 UTC 2026","","Server Integration Tests (Testcontainers)","Server Integration Tests (Testcontainers) PUT /api/colors/:name should update the hex of an existing color and persist it in the real database",""
"","1","Utility Functions hexToRgb returns null for invalid input","","Fri May 22 11:55:18 UTC 2026","passed","Fri May 22 11:55:18 UTC 2026","","Utility Functions","Utility Functions hexToRgb returns null for invalid input",""
"","42","Frontend Unit Tests App Component handleColorClick shows error on non-2xx response","","Fri May 22 11:55:18 UTC 2026","passed","Fri May 22 11:55:18 UTC 2026","","Frontend Unit Tests","Frontend Unit Tests App Component handleColorClick shows error on non-2xx response",""
"","0","Utility Functions hslToRgb hue=300 (magenta) → [255,0,255]","","Fri May 22 11:55:18 UTC 2026","passed","Fri May 22 11:55:18 UTC 2026","","Utility Functions","Utility Functions hslToRgb hue=300 (magenta) → [255,0,255]",""
"","30927","should meet the accessibility threshold using Google Lighthouse","Chrome","Fri May 22 12:24:03 UTC 2026","broken","Fri May 22 12:24:34 UTC 2026","Accessibility Tests","","",""
"","30","Frontend Unit Tests App Component labelFor returns translation for known color (Turquoise)","","Fri May 22 11:55:18 UTC 2026","passed","Fri May 22 11:55:18 UTC 2026","","Frontend Unit Tests","Frontend Unit Tests App Component labelFor returns translation for known color (Turquoise)",""
"","9","Component Tests ColorPicker editing name input calls onClearError to clear server error","","Fri May 22 11:55:18 UTC 2026","passed","Fri May 22 11:55:18 UTC 2026","","Utility Functions","Component Tests ColorPicker editing name input calls onClearError to clear server error",""
"","33","Component Tests ColorPicker mousedown at left-center (hue=180) sets hex to #00ffff","","Fri May 22 11:55:18 UTC 2026","passed","Fri May 22 11:55:18 UTC 2026","","Utility Functions","Component Tests ColorPicker mousedown at left-center (hue=180) sets hex to #00ffff",""
"","3","Server Unit Tests OpenAPI endpoints has exact application/json content-type","","Fri May 22 11:55:34 UTC 2026","passed","Fri May 22 11:55:34 UTC 2026","","Server Unit Tests","Server Unit Tests OpenAPI endpoints has exact application/json content-type",""
"","1","Utility Functions hslToRgb hue=59 stays in sector 0","","Fri May 22 11:55:18 UTC 2026","passed","Fri May 22 11:55:18 UTC 2026","","Utility Functions","Utility Functions hslToRgb hue=59 stays in sector 0",""
"","41","Frontend Unit Tests App Component first loaded color is active (aria-pressed=true)","","Fri May 22 11:55:18 UTC 2026","passed","Fri May 22 11:55:18 UTC 2026","","Frontend Unit Tests","Frontend Unit Tests App Component first loaded color is active (aria-pressed=true)",""
"","12","Frontend Unit Tests App Component shows loading text when colors array is empty","","Fri May 22 11:55:18 UTC 2026","passed","Fri May 22 11:55:18 UTC 2026","","Frontend Unit Tests","Frontend Unit Tests App Component shows loading text when colors array is empty",""
"","207","GET /api/colors/Turquoise should return the correct hex code","Chrome","Fri May 22 12:26:20 UTC 2026","failed","Fri May 22 12:26:20 UTC 2026","Backend API Integration","","",""
"","0","Utility Functions hslToRgb hue=210 (azure) → [0,128,255]","","Fri May 22 11:55:18 UTC 2026","passed","Fri May 22 11:55:18 UTC 2026","","Utility Functions","Utility Functions hslToRgb hue=210 (azure) → [0,128,255]",""
"","31045","should maintain accessibility after state change (color update)","Chrome","Fri May 22 12:22:20 UTC 2026","broken","Fri May 22 12:22:51 UTC 2026","Accessibility Tests","","",""
"","0","Utility Functions hslToRgb hue just below 60 is in sector 0, not sector 1","","Fri May 22 11:55:18 UTC 2026","passed","Fri May 22 11:55:18 UTC 2026","","Utility Functions","Utility Functions hslToRgb hue just below 60 is in sector 0, not sector 1",""
"","1","Utility Functions rgbToHex value 16 does not pad","","Fri May 22 11:55:18 UTC 2026","passed","Fri May 22 11:55:18 UTC 2026","","Utility Functions","Utility Functions rgbToHex value 16 does not pad",""
"","7","Component Tests ConfirmDialog swatch div has the correct background color","","Fri May 22 11:55:18 UTC 2026","passed","Fri May 22 11:55:18 UTC 2026","","Component Tests","Component Tests ConfirmDialog swatch div has the correct background color",""
"","31004","should maintain accessibility in el language and verify resilient locators","Chrome","Fri May 22 12:25:45 UTC 2026","broken","Fri May 22 12:26:16 UTC 2026","i18n Accessibility Tests","","",""
"","0","Utility Functions hslToRgb lightness=0 gives black","","Fri May 22 11:55:18 UTC 2026","passed","Fri May 22 11:55:18 UTC 2026","","Utility Functions","Utility Functions hslToRgb lightness=0 gives black",""
"","53","malformed JSON body returns 400","Chrome","Fri May 22 12:28:22 UTC 2026","passed","Fri May 22 12:28:22 UTC 2026","Security > Input Validation","","",""
"","1776","should create color via API and verify through UI","Chrome","Fri May 22 12:28:14 UTC 2026","passed","Fri May 22 12:28:15 UTC 2026","Hybrid E2E Testing","","",""
"","6","Server Integration Tests (Testcontainers) DELETE /api/colors/:name should return 400 for invalid name format","","Fri May 22 11:56:08 UTC 2026","passed","Fri May 22 11:56:08 UTC 2026","","Server Integration Tests (Testcontainers)","Server Integration Tests (Testcontainers) DELETE /api/colors/:name should return 400 for invalid name format",""
"","42","Frontend Unit Tests App Component learn react link has correct text","","Fri May 22 11:55:18 UTC 2026","passed","Fri May 22 11:55:18 UTC 2026","","Frontend Unit Tests","Frontend Unit Tests App Component learn react link has correct text",""
"","0","homepage after color change","Chrome","Fri May 22 12:02:20 UTC 2026","skipped","Fri May 22 12:02:20 UTC 2026","Percy Visual Regression – Production > Percy – desktop (1280×720)","","",""
"","5","Frontend Unit Tests App Component language selector change calls i18n and updates html lang","","Fri May 22 11:55:18 UTC 2026","passed","Fri May 22 11:55:18 UTC 2026","","Frontend Unit Tests","Frontend Unit Tests App Component language selector change calls i18n and updates html lang",""
"","7","Server Integration Tests (Testcontainers) Method Not Allowed should return 405 for PATCH /api/colors/:name","","Fri May 22 11:56:08 UTC 2026","passed","Fri May 22 11:56:08 UTC 2026","","Server Integration Tests (Testcontainers)","Server Integration Tests (Testcontainers) Method Not Allowed should return 405 for PATCH /api/colors/:name",""
"","607","Example #3","BDD","Fri May 22 12:00:02 UTC 2026","passed","Fri May 22 12:00:03 UTC 2026","Language Switching > Switch language and verify translated UI labels","","",""
"","1","Utility Functions rgbToHsl mid-grey [128,128,128] → s=0","","Fri May 22 11:55:18 UTC 2026","passed","Fri May 22 11:55:18 UTC 2026","","Utility Functions","Utility Functions rgbToHsl mid-grey [128,128,128] → s=0",""
"","30760","changing color to Turquoise should reflect in UI and DOM","Chrome","Fri May 22 12:27:45 UTC 2026","broken","Fri May 22 12:28:16 UTC 2026","Data-Driven Testing","","",""
"","0","Utility Functions rgbToHex value 15 pads to 0f","","Fri May 22 11:55:18 UTC 2026","passed","Fri May 22 11:55:18 UTC 2026","","Utility Functions","Utility Functions rgbToHex value 15 pads to 0f",""
"","648","Example #2","BDD","Fri May 22 12:00:01 UTC 2026","passed","Fri May 22 12:00:02 UTC 2026","Language Switching > Switch language and verify translated UI labels","","",""
"","0","Utility Functions rgbToHex converts pure red","","Fri May 22 11:55:18 UTC 2026","passed","Fri May 22 11:55:18 UTC 2026","","Utility Functions","Utility Functions rgbToHex converts pure red",""
"","0","Utility Functions readableOn returns #fff for black (very dark, L≈0)","","Fri May 22 11:55:18 UTC 2026","passed","Fri May 22 11:55:18 UTC 2026","","Utility Functions","Utility Functions readableOn returns #fff for black (very dark, L≈0)",""
"","9","Server Unit Tests GET /api/colors/:name returns 404 for a non-existent color","","Fri May 22 11:55:34 UTC 2026","passed","Fri May 22 11:55:34 UTC 2026","","Server Unit Tests","Server Unit Tests GET /api/colors/:name returns 404 for a non-existent color",""
"","98","Frontend Unit Tests App Component handleColorClick does nothing when data is null","","Fri May 22 11:55:18 UTC 2026","passed","Fri May 22 11:55:18 UTC 2026","","Frontend Unit Tests","Frontend Unit Tests App Component handleColorClick does nothing when data is null",""
"","1138","homepage should match snapshot","Chrome","Fri May 22 12:02:17 UTC 2026","passed","Fri May 22 12:02:18 UTC 2026","Visual Regression – tablet (768×1024)","","",""
"","5","Server Unit Tests Middleware does not include X-Powered-By header","","Fri May 22 11:55:34 UTC 2026","passed","Fri May 22 11:55:34 UTC 2026","","Server Unit Tests","Server Unit Tests Middleware does not include X-Powered-By header",""
"","79","PATCH /api/colors returns 405","Chrome","Fri May 22 12:28:23 UTC 2026","passed","Fri May 22 12:28:23 UTC 2026","Security > HTTP Method Restrictions","","",""
"","1","Utility Functions rgbToHex converts arbitrary color","","Fri May 22 11:55:18 UTC 2026","passed","Fri May 22 11:55:18 UTC 2026","","Utility Functions","Utility Functions rgbToHex converts arbitrary color",""
"","0","Utility Functions rgbToHsl b max (#0040ff) → h in (180,300)","","Fri May 22 11:55:18 UTC 2026","passed","Fri May 22 11:55:18 UTC 2026","","Utility Functions","Utility Functions rgbToHsl b max (#0040ff) → h in (180,300)",""
"","24","Component Tests ColorPicker submit with empty name shows ""Name is required"" error","","Fri May 22 11:55:18 UTC 2026","passed","Fri May 22 11:55:18 UTC 2026","","Utility Functions","Component Tests ColorPicker submit with empty name shows ""Name is required"" error",""
"","1008","verify Red ( #e74c3c ) is applied as the background color","Chrome","Fri May 22 12:28:19 UTC 2026","passed","Fri May 22 12:28:20 UTC 2026","POM Refactored: Background color tests","","",""
"","12","Component Tests ColorPicker non-Enter key on name input does not trigger submit","","Fri May 22 11:55:18 UTC 2026","passed","Fri May 22 11:55:18 UTC 2026","","Utility Functions","Component Tests ColorPicker non-Enter key on name input does not trigger submit",""
"","12","Component Tests ConfirmDialog Escape key calls onCancel when not busy","","Fri May 22 11:55:18 UTC 2026","passed","Fri May 22 11:55:18 UTC 2026","","Component Tests","Component Tests ConfirmDialog Escape key calls onCancel when not busy",""
"","57","Frontend Unit Tests App Component add color success closes picker and shows new chip","","Fri May 22 11:55:18 UTC 2026","passed","Fri May 22 11:55:18 UTC 2026","","Frontend Unit Tests","Frontend Unit Tests App Component add color success closes picker and shows new chip",""
"","0","Utility Functions readableOn returns #111 for white (very light, L=1)","","Fri May 22 11:55:18 UTC 2026","passed","Fri May 22 11:55:18 UTC 2026","","Utility Functions","Utility Functions readableOn returns #111 for white (very light, L=1)",""
"","5","Server Unit Tests POST /api/colors returns 400 for invalid hex format (too short)","","Fri May 22 11:55:34 UTC 2026","passed","Fri May 22 11:55:34 UTC 2026","","Server Unit Tests","Server Unit Tests POST /api/colors returns 400 for invalid hex format (too short)",""
"","22","GET /api/colors","","","passed","","","schemathesis","",""
"","50","array body on POST returns 400","Chrome","Fri May 22 12:28:22 UTC 2026","passed","Fri May 22 12:28:22 UTC 2026","Security > Input Validation","","",""
"","1","Frontend Unit Tests i18n Configuration should handle language change correctly","","Fri May 22 11:55:20 UTC 2026","passed","Fri May 22 11:55:20 UTC 2026","","Frontend Unit Tests","Frontend Unit Tests i18n Configuration should handle language change correctly",""
"","24","Component Tests ConfirmDialog both buttons are disabled when busy=true","","Fri May 22 11:55:18 UTC 2026","passed","Fri May 22 11:55:18 UTC 2026","","Component Tests","Component Tests ConfirmDialog both buttons are disabled when busy=true",""
"","4","Server Unit Tests POST /api/colors returns 400 for name with whitespace","","Fri May 22 11:55:34 UTC 2026","passed","Fri May 22 11:55:34 UTC 2026","","Server Unit Tests","Server Unit Tests POST /api/colors returns 400 for name with whitespace",""
"","23","Component Tests ColorPicker duplicate check is case-insensitive","","Fri May 22 11:55:18 UTC 2026","passed","Fri May 22 11:55:18 UTC 2026","","Utility Functions","Component Tests ColorPicker duplicate check is case-insensitive",""
"","0","Utility Functions hexToRgb is case-insensitive","","Fri May 22 11:55:18 UTC 2026","passed","Fri May 22 11:55:18 UTC 2026","","Utility Functions","Utility Functions hexToRgb is case-insensitive",""
"","58","Frontend Unit Tests App Component deleting the active color switches background to the first remaining","","Fri May 22 11:55:18 UTC 2026","passed","Fri May 22 11:55:18 UTC 2026","","Frontend Unit Tests","Frontend Unit Tests App Component deleting the active color switches background to the first remaining",""
"","2","Utility Functions hslToRgb hue=0 (red) → [255,0,0]","","Fri May 22 11:55:18 UTC 2026","passed","Fri May 22 11:55:18 UTC 2026","","Utility Functions","Utility Functions hslToRgb hue=0 (red) → [255,0,0]",""
"","3","Server Unit Tests DELETE /api/colors/:name returns 400 for invalid name in path (regex check)","","Fri May 22 11:55:34 UTC 2026","passed","Fri May 22 11:55:34 UTC 2026","","Server Unit Tests","Server Unit Tests DELETE /api/colors/:name returns 400 for invalid name in path (regex check)",""
"","0","Utility Functions paintWheelPixel anti-aliases near-edge pixel: dist=r-0.5 gives alpha=127","","Fri May 22 11:55:18 UTC 2026","passed","Fri May 22 11:55:18 UTC 2026","","Utility Functions","Utility Functions paintWheelPixel anti-aliases near-edge pixel: dist=r-0.5 gives alpha=127",""
"","0","Utility Functions hslToRgb hue=90 (chartreuse) → [128,255,0]","","Fri May 22 11:55:18 UTC 2026","passed","Fri May 22 11:55:18 UTC 2026","","Utility Functions","Utility Functions hslToRgb hue=90 (chartreuse) → [128,255,0]",""
"","407","should create a new color with valid schema","Chrome","Fri May 22 12:26:19 UTC 2026","passed","Fri May 22 12:26:19 UTC 2026","Backend API Integration > POST /api/colors Schema Validation","","",""
"","9","Server Integration Tests (Testcontainers) POST /api/colors should not expose _id or __v in the creation response","","Fri May 22 11:56:08 UTC 2026","passed","Fri May 22 11:56:08 UTC 2026","","Server Integration Tests (Testcontainers)","Server Integration Tests (Testcontainers) POST /api/colors should not expose _id or __v in the creation response",""
"","20","Component Tests ColorPicker mousedown outside circle clamps sat to 1","","Fri May 22 11:55:18 UTC 2026","passed","Fri May 22 11:55:18 UTC 2026","","Utility Functions","Component Tests ColorPicker mousedown outside circle clamps sat to 1",""
"","1164","delete API error shows alert banner","Chrome","Fri May 22 12:26:32 UTC 2026","passed","Fri May 22 12:26:33 UTC 2026","Color Management — Add & Delete","","",""
"","21","Component Tests ColorPicker typing a valid hex clears the hex error and updates preview","","Fri May 22 11:55:18 UTC 2026","passed","Fri May 22 11:55:18 UTC 2026","","Utility Functions","Component Tests ColorPicker typing a valid hex clears the hex error and updates preview",""
"","10","Component Tests ColorPicker wheel cursor moves to (220,110) after right-edge click (hue=0, sat=1)","","Fri May 22 11:55:18 UTC 2026","passed","Fri May 22 11:55:18 UTC 2026","","Utility Functions","Component Tests ColorPicker wheel cursor moves to (220,110) after right-edge click (hue=0, sat=1)",""
"","5","Component Tests ColorPicker serverError banner is absent when serverError is null","","Fri May 22 11:55:18 UTC 2026","passed","Fri May 22 11:55:18 UTC 2026","","Utility Functions","Component Tests ColorPicker serverError banner is absent when serverError is null",""
"","150","POST with HTML tag in name is rejected (400)","Chrome","Fri May 22 12:28:20 UTC 2026","passed","Fri May 22 12:28:20 UTC 2026","Security > XSS Prevention","","",""
"","13","Server Unit Tests Surviving Mutants & Edge Cases Regex & Validation STRICT_NAME_REGEX kills mutants on start/end/middle characters","","Fri May 22 11:55:34 UTC 2026","passed","Fri May 22 11:55:34 UTC 2026","","Server Unit Tests","Server Unit Tests Surviving Mutants & Edge Cases Regex & Validation STRICT_NAME_REGEX kills mutants on start/end/middle characters",""
"","0","Utility Functions rgbToHsl black [0,0,0] → h=0, s=0, l=0","","Fri May 22 11:55:18 UTC 2026","passed","Fri May 22 11:55:18 UTC 2026","","Utility Functions","Utility Functions rgbToHsl black [0,0,0] → h=0, s=0, l=0",""
"","9","Server Unit Tests seedDatabase clears existing colors and re-seeds with 3 defaults","","Fri May 22 11:55:34 UTC 2026","passed","Fri May 22 11:55:34 UTC 2026","","Server Unit Tests","Server Unit Tests seedDatabase clears existing colors and re-seeds with 3 defaults",""
"","22","Frontend Unit Tests App Component colors.length > 0 does NOT show loading text","","Fri May 22 11:55:18 UTC 2026","passed","Fri May 22 11:55:18 UTC 2026","","Frontend Unit Tests","Frontend Unit Tests App Component colors.length > 0 does NOT show loading text",""
"","65","POST with javascript: URI in name is rejected (400)","Chrome","Fri May 22 12:28:20 UTC 2026","passed","Fri May 22 12:28:20 UTC 2026","Security > XSS Prevention","","",""
"","22","Component Tests ColorPicker touchmove while dragging updates hex","","Fri May 22 11:55:18 UTC 2026","passed","Fri May 22 11:55:18 UTC 2026","","Utility Functions","Component Tests ColorPicker touchmove while dragging updates hex",""
"","30","Frontend Unit Tests App Component add color sends POST with correct method, headers, and body","","Fri May 22 11:55:18 UTC 2026","passed","Fri May 22 11:55:18 UTC 2026","","Frontend Unit Tests","Frontend Unit Tests App Component add color sends POST with correct method, headers, and body",""
"","9","Server Unit Tests GET /api/colors/:name returns a single color by name with correct fields","","Fri May 22 11:55:34 UTC 2026","passed","Fri May 22 11:55:34 UTC 2026","","Server Unit Tests","Server Unit Tests GET /api/colors/:name returns a single color by name with correct fields",""
"","810","first color chip is active on load (aria-pressed=true)","Chrome","Fri May 22 12:26:22 UTC 2026","passed","Fri May 22 12:26:23 UTC 2026","Color Management — Add & Delete","","",""
"","3","Server Unit Tests Surviving Mutants & Edge Cases Swagger Metadata & OpenAPI has exact info metadata","","Fri May 22 11:55:34 UTC 2026","passed","Fri May 22 11:55:34 UTC 2026","","Server Unit Tests","Server Unit Tests Surviving Mutants & Edge Cases Swagger Metadata & OpenAPI has exact info metadata",""
"","1","mobile color picker workflow","Chrome","Fri May 22 12:02:20 UTC 2026","skipped","Fri May 22 12:02:20 UTC 2026","Percy Visual Regression – Production > Percy – Mobile Interactions","","",""
"","8","Server Integration Tests (Testcontainers) GET /api/colors/:name should be case-sensitive (lowercase name returns 404)","","Fri May 22 11:56:08 UTC 2026","passed","Fri May 22 11:56:08 UTC 2026","","Server Integration Tests (Testcontainers)","Server Integration Tests (Testcontainers) GET /api/colors/:name should be case-sensitive (lowercase name returns 404)",""
"","0","Utility Functions readableOn returns #111 for turquoise (L≈0.39, black gives better contrast)","","Fri May 22 11:55:18 UTC 2026","passed","Fri May 22 11:55:18 UTC 2026","","Utility Functions","Utility Functions readableOn returns #111 for turquoise (L≈0.39, black gives better contrast)",""
"","42","Frontend Unit Tests App Component add color 501 also triggers server error message (>= 500)","","Fri May 22 11:55:18 UTC 2026","passed","Fri May 22 11:55:18 UTC 2026","","Frontend Unit Tests","Frontend Unit Tests App Component add color 501 also triggers server error message (>= 500)",""
"","777","Escape key closes the confirm dialog","Chrome","Fri May 22 12:26:30 UTC 2026","passed","Fri May 22 12:26:30 UTC 2026","Color Management — Add & Delete","","",""
"","18","Component Tests ConfirmDialog cancel button calls onCancel","","Fri May 22 11:55:18 UTC 2026","passed","Fri May 22 11:55:18 UTC 2026","","Component Tests","Component Tests ConfirmDialog cancel button calls onCancel",""
"","758","Color button remains functional after switching language","BDD","Fri May 22 12:00:02 UTC 2026","passed","Fri May 22 12:00:03 UTC 2026","Language Switching","","",""
"","0","Utility Functions paintWheelPixel wraps negative angle: dy<0 gives angle+360 (hue=270 → violet)","","Fri May 22 11:55:18 UTC 2026","passed","Fri May 22 11:55:18 UTC 2026","","Utility Functions","Utility Functions paintWheelPixel wraps negative angle: dy<0 gives angle+360 (hue=270 → violet)",""
"","3","Component Tests ConfirmDialog Enter key does NOT call onConfirm when busy","","Fri May 22 11:55:18 UTC 2026","passed","Fri May 22 11:55:18 UTC 2026","","Component Tests","Component Tests ConfirmDialog Enter key does NOT call onConfirm when busy",""
"","10","Server Integration Tests (Testcontainers) GET /api/colors should return colors sorted alphabetically by name","","Fri May 22 11:56:08 UTC 2026","passed","Fri May 22 11:56:08 UTC 2026","","Server Integration Tests (Testcontainers)","Server Integration Tests (Testcontainers) GET /api/colors should return colors sorted alphabetically by name",""
"","42","Frontend Unit Tests App Component deleting a non-active color keeps the current background","","Fri May 22 11:55:18 UTC 2026","passed","Fri May 22 11:55:18 UTC 2026","","Frontend Unit Tests","Frontend Unit Tests App Component deleting a non-active color keeps the current background",""
"","8","Server Unit Tests Middleware JSON error middleware passes non-syntax errors to next()","","Fri May 22 11:55:34 UTC 2026","passed","Fri May 22 11:55:34 UTC 2026","","Server Unit Tests","Server Unit Tests Middleware JSON error middleware passes non-syntax errors to next()",""
"","31092","should not have any automatically detectable accessibility issues","Chrome","Fri May 22 12:22:20 UTC 2026","broken","Fri May 22 12:22:52 UTC 2026","Accessibility Tests","","",""
"","45","Frontend Unit Tests App Component delete API error shows error alert without closing dialog","","Fri May 22 11:55:18 UTC 2026","passed","Fri May 22 11:55:18 UTC 2026","","Frontend Unit Tests","Frontend Unit Tests App Component delete API error shows error alert without closing dialog",""
"","896","should display colors that do not exist in the database","Chrome","Fri May 22 12:28:17 UTC 2026","passed","Fri May 22 12:28:17 UTC 2026","Network Mocking & Interception","","",""
"","1","Utility Functions hslToRgb hue=330 (rose) → [255,0,128]","","Fri May 22 11:55:18 UTC 2026","passed","Fri May 22 11:55:18 UTC 2026","","Utility Functions","Utility Functions hslToRgb hue=330 (rose) → [255,0,128]",""
"","0","Utility Functions rgbToHsl r max, g>0, b=0 → h in (0,60)","","Fri May 22 11:55:18 UTC 2026","passed","Fri May 22 11:55:18 UTC 2026","","Utility Functions","Utility Functions rgbToHsl r max, g>0, b=0 → h in (0,60)",""
"","5","Server Unit Tests POST /api/colors rejects names with the + character (+ encodes as space in URLs, causing lookup mismatches)","","Fri May 22 11:55:34 UTC 2026","passed","Fri May 22 11:55:34 UTC 2026","","Server Unit Tests","Server Unit Tests POST /api/colors rejects names with the + character (+ encodes as space in URLs, causing lookup mismatches)",""
"","31","Component Tests ColorPicker submit with duplicate name (client-side) shows duplicate error","","Fri May 22 11:55:18 UTC 2026","passed","Fri May 22 11:55:18 UTC 2026","","Utility Functions","Component Tests ColorPicker submit with duplicate name (client-side) shows duplicate error",""
"","5","Server Unit Tests POST /api/colors applies the createColorLimiter rate limit headers","","Fri May 22 11:55:34 UTC 2026","passed","Fri May 22 11:55:34 UTC 2026","","Server Unit Tests","Server Unit Tests POST /api/colors applies the createColorLimiter rate limit headers",""
"","12","Component Tests ColorPicker typing red with g<b hex updates internal state","","Fri May 22 11:55:18 UTC 2026","passed","Fri May 22 11:55:18 UTC 2026","","Utility Functions","Component Tests ColorPicker typing red with g<b hex updates internal state",""
"","10","Server Unit Tests Surviving Mutants & Edge Cases PUT logic kills name/hex conditional mutants by providing only one field","","Fri May 22 11:55:34 UTC 2026","passed","Fri May 22 11:55:34 UTC 2026","","Server Unit Tests","Server Unit Tests Surviving Mutants & Edge Cases PUT logic kills name/hex conditional mutants by providing only one field",""
"","56","Frontend Unit Tests App Component fetches and displays color chips with swatch and delete button","","Fri May 22 11:55:18 UTC 2026","passed","Fri May 22 11:55:18 UTC 2026","","Frontend Unit Tests","Frontend Unit Tests App Component fetches and displays color chips with swatch and delete button",""
"","10","Server Integration Tests (Testcontainers) GET /api/colors/:name should return correct data for Turquoise","","Fri May 22 11:56:08 UTC 2026","passed","Fri May 22 11:56:08 UTC 2026","","Server Integration Tests (Testcontainers)","Server Integration Tests (Testcontainers) GET /api/colors/:name should return correct data for Turquoise",""
"","46","empty body on POST returns 400","Chrome","Fri May 22 12:28:22 UTC 2026","passed","Fri May 22 12:28:22 UTC 2026","Security > Input Validation","","",""
"","1564","color names rendered in the UI do not trigger script execution","Chrome","Fri May 22 12:28:20 UTC 2026","passed","Fri May 22 12:28:22 UTC 2026","Security > XSS Prevention","","",""
"","185","should return 404 for non-existent color deletion","Chrome","Fri May 22 12:26:22 UTC 2026","passed","Fri May 22 12:26:22 UTC 2026","Backend API Integration > DELETE /api/colors/:name","","",""
"","8","Component Tests ColorPicker clicking the backdrop calls onCancel","","Fri May 22 11:55:18 UTC 2026","passed","Fri May 22 11:55:18 UTC 2026","","Utility Functions","Component Tests ColorPicker clicking the backdrop calls onCancel",""
"","5","Server Unit Tests POST /api/colors returns 400 for invalid hex format (no hash)","","Fri May 22 11:55:34 UTC 2026","passed","Fri May 22 11:55:34 UTC 2026","","Server Unit Tests","Server Unit Tests POST /api/colors returns 400 for invalid hex format (no hash)",""
"","0","homepage after color change","Chrome","Fri May 22 12:02:20 UTC 2026","skipped","Fri May 22 12:02:20 UTC 2026","Percy Visual Regression – Production > Percy – tablet (768×1024)","","",""
"","0","homepage initial state","Chrome","Fri May 22 12:02:20 UTC 2026","skipped","Fri May 22 12:02:20 UTC 2026","Percy Visual Regression – Production > Percy – desktop-xl (1920×1080)","","",""
"","0","Utility Functions hslToRgb hue=30 (orange) → [255,128,0]","","Fri May 22 11:55:18 UTC 2026","passed","Fri May 22 11:55:18 UTC 2026","","Utility Functions","Utility Functions hslToRgb hue=30 (orange) → [255,128,0]",""
"","5","Server Unit Tests POST /api/colors returns 400 for name with only spaces","","Fri May 22 11:55:34 UTC 2026","passed","Fri May 22 11:55:34 UTC 2026","","Server Unit Tests","Server Unit Tests POST /api/colors returns 400 for name with only spaces",""
"","45","Frontend Unit Tests App Component delete network error shows error alert","","Fri May 22 11:55:18 UTC 2026","passed","Fri May 22 11:55:18 UTC 2026","","Frontend Unit Tests","Frontend Unit Tests App Component delete network error shows error alert",""
"","891","Example #3","BDD","Fri May 22 12:00:01 UTC 2026","passed","Fri May 22 12:00:01 UTC 2026","Home Page Background Color > Change background color","","",""
"","13","Component Tests ConfirmDialog cancelLabel prop is reflected in the button text","","Fri May 22 11:55:18 UTC 2026","passed","Fri May 22 11:55:18 UTC 2026","","Component Tests","Component Tests ConfirmDialog cancelLabel prop is reflected in the button text",""
"","4","Server Unit Tests POST /api/colors returns 400 for completely empty body","","Fri May 22 11:55:34 UTC 2026","passed","Fri May 22 11:55:34 UTC 2026","","Server Unit Tests","Server Unit Tests POST /api/colors returns 400 for completely empty body",""
"","11","Server Integration Tests (Testcontainers) Concurrent writes should handle parallel GETs without errors","","Fri May 22 11:56:08 UTC 2026","passed","Fri May 22 11:56:08 UTC 2026","","Server Integration Tests (Testcontainers)","Server Integration Tests (Testcontainers) Concurrent writes should handle parallel GETs without errors",""
"","6","Server Integration Tests (Testcontainers) POST /api/colors should return 400 when hex is missing","","Fri May 22 11:56:08 UTC 2026","passed","Fri May 22 11:56:08 UTC 2026","","Server Integration Tests (Testcontainers)","Server Integration Tests (Testcontainers) POST /api/colors should return 400 when hex is missing",""
"","7","Server Integration Tests (Testcontainers) GET /api/colors/:name should return 400 for invalid name format","","Fri May 22 11:56:08 UTC 2026","passed","Fri May 22 11:56:08 UTC 2026","","Server Integration Tests (Testcontainers)","Server Integration Tests (Testcontainers) GET /api/colors/:name should return 400 for invalid name format",""
"","27","Server Integration Tests (Testcontainers) PUT /api/colors/:name should rename a color and make old name return 404","","Fri May 22 11:56:08 UTC 2026","passed","Fri May 22 11:56:08 UTC 2026","","Server Integration Tests (Testcontainers)","Server Integration Tests (Testcontainers) PUT /api/colors/:name should rename a color and make old name return 404",""
"","51","Frontend Unit Tests App Component handleColorClick clears previous error on new successful click","","Fri May 22 11:55:18 UTC 2026","passed","Fri May 22 11:55:18 UTC 2026","","Frontend Unit Tests","Frontend Unit Tests App Component handleColorClick clears previous error on new successful click",""
"","149","GET /api/colors/:name should return 404 for non-existent color","Chrome","Fri May 22 12:26:19 UTC 2026","passed","Fri May 22 12:26:19 UTC 2026","Backend API Integration","","",""
"","4","Server Unit Tests PUT /api/colors/:name returns 400 for extra unknown fields (strict schema)","","Fri May 22 11:55:34 UTC 2026","passed","Fri May 22 11:55:34 UTC 2026","","Server Unit Tests","Server Unit Tests PUT /api/colors/:name returns 400 for extra unknown fields (strict schema)",""
"","694","handle color response missing hex property","Chrome","Fri May 22 12:26:40 UTC 2026","passed","Fri May 22 12:26:40 UTC 2026","Edge cases and error handling","","",""
"","1146","handle initial fetch error","Chrome","Fri May 22 12:26:37 UTC 2026","passed","Fri May 22 12:26:38 UTC 2026","Edge cases and error handling","","",""
"","624","should show loading state when API returns empty colors","Chrome","Fri May 22 12:28:13 UTC 2026","passed","Fri May 22 12:28:13 UTC 2026","UI Error Handling Coverage","","",""
"","5","Server Unit Tests 405 Method Not Allowed does not return 405 for allowed GET method on /api/colors/:name","","Fri May 22 11:55:34 UTC 2026","passed","Fri May 22 11:55:34 UTC 2026","","Server Unit Tests","Server Unit Tests 405 Method Not Allowed does not return 405 for allowed GET method on /api/colors/:name",""
"","56","Frontend Unit Tests App Component confirm button shows ""Deleting…"" label while delete is in-flight","","Fri May 22 11:55:18 UTC 2026","passed","Fri May 22 11:55:18 UTC 2026","","Frontend Unit Tests","Frontend Unit Tests App Component confirm button shows ""Deleting…"" label while delete is in-flight",""
"","0","Utility Functions rgbToHex pads single-digit hex values with leading zero","","Fri May 22 11:55:18 UTC 2026","passed","Fri May 22 11:55:18 UTC 2026","","Utility Functions","Utility Functions rgbToHex pads single-digit hex values with leading zero",""
"","1043","clicking a chip makes it active","Chrome","Fri May 22 12:26:23 UTC 2026","passed","Fri May 22 12:26:24 UTC 2026","Color Management — Add & Delete","","",""
"","6804","should load the application and verify core functionality across browsers","WebKit","Fri May 22 12:00:08 UTC 2026","passed","Fri May 22 12:00:15 UTC 2026","Cross-Browser Core Functionality","","",""
"","9","Server Unit Tests Error Handling POST /api/colors returns 500 when database fails (findOne)","","Fri May 22 11:55:34 UTC 2026","passed","Fri May 22 11:55:34 UTC 2026","","Server Unit Tests","Server Unit Tests Error Handling POST /api/colors returns 500 when database fails (findOne)",""
"","57","Frontend Unit Tests App Component delete sends DELETE request with correct method","","Fri May 22 11:55:18 UTC 2026","passed","Fri May 22 11:55:18 UTC 2026","","Frontend Unit Tests","Frontend Unit Tests App Component delete sends DELETE request with correct method",""
"","82","oversized payload is rejected (413)","Chrome","Fri May 22 12:28:22 UTC 2026","passed","Fri May 22 12:28:22 UTC 2026","Security > Input Validation","","",""
"","0","Utility Functions hslToRgb hue=240 (blue) → [0,0,255]","","Fri May 22 11:55:18 UTC 2026","passed","Fri May 22 11:55:18 UTC 2026","","Utility Functions","Utility Functions hslToRgb hue=240 (blue) → [0,0,255]",""
"","1177","Cancel button closes the picker","Chrome","Fri May 22 12:26:24 UTC 2026","passed","Fri May 22 12:26:25 UTC 2026","Color Management — Add & Delete","","",""
"","40","Frontend Unit Tests App Component add color 429 rate limit shows specific message","","Fri May 22 11:55:18 UTC 2026","passed","Fri May 22 11:55:18 UTC 2026","","Frontend Unit Tests","Frontend Unit Tests App Component add color 429 rate limit shows specific message",""
"","4","Server Unit Tests 405 Method Not Allowed does not return 405 for allowed DELETE method on /api/colors/:name","","Fri May 22 11:55:34 UTC 2026","passed","Fri May 22 11:55:34 UTC 2026","","Server Unit Tests","Server Unit Tests 405 Method Not Allowed does not return 405 for allowed DELETE method on /api/colors/:name",""
"","43","should reject missing name","Chrome","Fri May 22 12:26:20 UTC 2026","passed","Fri May 22 12:26:20 UTC 2026","Backend API Integration > POST /api/colors Schema Validation","","",""
"","57","DELETE /api/colors/{name}","","","passed","","","schemathesis","",""
"","95","PATCH /api/colors/:name returns 405","Chrome","Fri May 22 12:28:23 UTC 2026","passed","Fri May 22 12:28:23 UTC 2026","Security > HTTP Method Restrictions","","",""
"","8","Server Integration Tests (Testcontainers) GET /api/colors/:name should return correct data for Yellow","","Fri May 22 11:56:08 UTC 2026","passed","Fri May 22 11:56:08 UTC 2026","","Server Integration Tests (Testcontainers)","Server Integration Tests (Testcontainers) GET /api/colors/:name should return correct data for Yellow",""
"","0","Utility Functions hslToRgb saturation=0 gives pure grey [128,128,128]","","Fri May 22 11:55:18 UTC 2026","passed","Fri May 22 11:55:18 UTC 2026","","Utility Functions","Utility Functions hslToRgb saturation=0 gives pure grey [128,128,128]",""
"","12","Server Integration Tests (Testcontainers) GET /api/colors should not expose _id or __v fields","","Fri May 22 11:56:08 UTC 2026","passed","Fri May 22 11:56:08 UTC 2026","","Server Integration Tests (Testcontainers)","Server Integration Tests (Testcontainers) GET /api/colors should not expose _id or __v fields",""
"","4","Server Unit Tests Error Handling seedDatabase logs error when database fails","","Fri May 22 11:55:34 UTC 2026","passed","Fri May 22 11:55:34 UTC 2026","","Server Unit Tests","Server Unit Tests Error Handling seedDatabase logs error when database fails",""
"","135","should return 404 when updating non-existent color","Chrome","Fri May 22 12:26:21 UTC 2026","passed","Fri May 22 12:26:21 UTC 2026","Backend API Integration > PUT /api/colors/:name Schema Validation","","",""
"","66","Frontend Unit Tests App Component handles non-array initial fetch response gracefully","","Fri May 22 11:55:18 UTC 2026","passed","Fri May 22 11:55:18 UTC 2026","","Frontend Unit Tests","Frontend Unit Tests App Component handles non-array initial fetch response gracefully",""
"","6","Server Integration Tests (Testcontainers) PUT /api/colors/:name should return 400 for invalid hex format on update","","Fri May 22 11:56:08 UTC 2026","passed","Fri May 22 11:56:08 UTC 2026","","Server Integration Tests (Testcontainers)","Server Integration Tests (Testcontainers) PUT /api/colors/:name should return 400 for invalid hex format on update",""
"","6","Server Integration Tests (Testcontainers) PUT /api/colors/:name should return 404 when updating a non-existent color","","Fri May 22 11:56:08 UTC 2026","passed","Fri May 22 11:56:08 UTC 2026","","Server Integration Tests (Testcontainers)","Server Integration Tests (Testcontainers) PUT /api/colors/:name should return 404 when updating a non-existent color",""
"","28","Component Tests ColorPicker typing in name input clears name error","","Fri May 22 11:55:18 UTC 2026","passed","Fri May 22 11:55:18 UTC 2026","","Utility Functions","Component Tests ColorPicker typing in name input clears name error",""
"","5","Server Unit Tests POST /api/colors returns 400 for name with special characters","","Fri May 22 11:55:34 UTC 2026","passed","Fri May 22 11:55:34 UTC 2026","","Server Unit Tests","Server Unit Tests POST /api/colors returns 400 for name with special characters",""
"","38","Frontend Unit Tests App Component add color 400 shows data.error message","","Fri May 22 11:55:18 UTC 2026","passed","Fri May 22 11:55:18 UTC 2026","","Frontend Unit Tests","Frontend Unit Tests App Component add color 400 shows data.error message",""
"","0","Utility Functions hslToRgb hue=360 wraps to hue=0 → [255,0,0]","","Fri May 22 11:55:18 UTC 2026","passed","Fri May 22 11:55:18 UTC 2026","","Utility Functions","Utility Functions hslToRgb hue=360 wraps to hue=0 → [255,0,0]",""
"","4","Server Unit Tests Surviving Mutants & Edge Cases PUT logic kills hex regex mutant in PUT","","Fri May 22 11:55:34 UTC 2026","passed","Fri May 22 11:55:34 UTC 2026","","Server Unit Tests","Server Unit Tests Surviving Mutants & Edge Cases PUT logic kills hex regex mutant in PUT",""
"","6","Server Unit Tests GET /api/colors/:name is case-sensitive","","Fri May 22 11:55:34 UTC 2026","passed","Fri May 22 11:55:34 UTC 2026","","Server Unit Tests","Server Unit Tests GET /api/colors/:name is case-sensitive",""
"","1","Utility Functions hslToRgb hue=180 (cyan) → [0,255,255]","","Fri May 22 11:55:18 UTC 2026","passed","Fri May 22 11:55:18 UTC 2026","","Utility Functions","Utility Functions hslToRgb hue=180 (cyan) → [0,255,255]",""
"","30904","should maintain accessibility in en language and verify resilient locators","Chrome","Fri May 22 12:24:03 UTC 2026","broken","Fri May 22 12:24:34 UTC 2026","i18n Accessibility Tests","","",""
"","1193","shows client-side ""Name is required"" when submitting empty name","Chrome","Fri May 22 12:26:26 UTC 2026","passed","Fri May 22 12:26:27 UTC 2026","Color Management — Add & Delete","","",""
"","33","Frontend Unit Tests App Component handleColorClick encodes color name in URL","","Fri May 22 11:55:18 UTC 2026","passed","Fri May 22 11:55:18 UTC 2026","","Frontend Unit Tests","Frontend Unit Tests App Component handleColorClick encodes color name in URL",""
"","56","should reject empty name","Chrome","Fri May 22 12:26:20 UTC 2026","passed","Fri May 22 12:26:20 UTC 2026","Backend API Integration > POST /api/colors Schema Validation","","",""
"","5","Server Unit Tests OpenAPI endpoints serves the OpenAPI JSON spec with exact metadata","","Fri May 22 11:55:34 UTC 2026","passed","Fri May 22 11:55:34 UTC 2026","","Server Unit Tests","Server Unit Tests OpenAPI endpoints serves the OpenAPI JSON spec with exact metadata",""
"","0","homepage initial state","Chrome","Fri May 22 12:02:20 UTC 2026","skipped","Fri May 22 12:02:20 UTC 2026","Percy Visual Regression – Production > Percy – tablet (768×1024)","","",""
"","3","Server Unit Tests Surviving Mutants & Edge Cases Swagger Metadata & OpenAPI has exact application/json content-type","","Fri May 22 11:55:34 UTC 2026","passed","Fri May 22 11:55:34 UTC 2026","","Server Unit Tests","Server Unit Tests Surviving Mutants & Edge Cases Swagger Metadata & OpenAPI has exact application/json content-type",""
"","48","error responses return JSON, not HTML (no info leakage)","Chrome","Fri May 22 12:28:23 UTC 2026","passed","Fri May 22 12:28:23 UTC 2026","Security > Security Headers","","",""
"","10","Server Unit Tests DELETE /api/colors/:name deletes an existing color and returns success message","","Fri May 22 11:55:34 UTC 2026","passed","Fri May 22 11:55:34 UTC 2026","","Server Unit Tests","Server Unit Tests DELETE /api/colors/:name deletes an existing color and returns success message",""
"","10","Component Tests ColorPicker wheel cursor is at (110,110) at center (sat=0)","","Fri May 22 11:55:18 UTC 2026","passed","Fri May 22 11:55:18 UTC 2026","","Utility Functions","Component Tests ColorPicker wheel cursor is at (110,110) at center (sat=0)",""
"","26","Component Tests ColorPicker lightness slider change updates the preview","","Fri May 22 11:55:18 UTC 2026","passed","Fri May 22 11:55:18 UTC 2026","","Utility Functions","Component Tests ColorPicker lightness slider change updates the preview",""
"","8","Server Unit Tests GET /api/colors returns colors sorted alphabetically by name","","Fri May 22 11:55:34 UTC 2026","passed","Fri May 22 11:55:34 UTC 2026","","Server Unit Tests","Server Unit Tests GET /api/colors returns colors sorted alphabetically by name",""
"","306","Server Unit Tests Surviving Mutants & Edge Cases Port Fallback uses default PORT 5001 when process.env.PORT is missing","","Fri May 22 11:55:34 UTC 2026","passed","Fri May 22 11:55:34 UTC 2026","","Server Unit Tests","Server Unit Tests Surviving Mutants & Edge Cases Port Fallback uses default PORT 5001 when process.env.PORT is missing",""
"","57","Frontend Unit Tests App Component header color attribute changes after clicking a chip","","Fri May 22 11:55:18 UTC 2026","passed","Fri May 22 11:55:18 UTC 2026","","Frontend Unit Tests","Frontend Unit Tests App Component header color attribute changes after clicking a chip",""
"","991","clicking ""+ Add color"" opens the picker modal","Chrome","Fri May 22 12:26:23 UTC 2026","passed","Fri May 22 12:26:24 UTC 2026","Color Management — Add & Delete","","",""
"","5","Server Unit Tests Error Handling DELETE /api/colors/:name returns 500 when database fails","","Fri May 22 11:55:34 UTC 2026","passed","Fri May 22 11:55:34 UTC 2026","","Server Unit Tests","Server Unit Tests Error Handling DELETE /api/colors/:name returns 500 when database fails",""
"","16","Frontend Unit Tests App Component labelFor falls back to color name for unknown/custom color","","Fri May 22 11:55:18 UTC 2026","passed","Fri May 22 11:55:18 UTC 2026","","Frontend Unit Tests","Frontend Unit Tests App Component labelFor falls back to color name for unknown/custom color",""
"","4","Frontend Unit Tests i18n Configuration should translate keys correctly","","Fri May 22 11:55:20 UTC 2026","passed","Fri May 22 11:55:20 UTC 2026","","Frontend Unit Tests","Frontend Unit Tests i18n Configuration should translate keys correctly",""
"","1395","homepage should match snapshot","Chrome","Fri May 22 12:02:15 UTC 2026","passed","Fri May 22 12:02:17 UTC 2026","Visual Regression – desktop-xl (1920×1080)","","",""
"","6","Server Unit Tests Surviving Mutants & Edge Cases Rate Limiting & Security kills mutants by verifying x-powered-by is removed","","Fri May 22 11:55:34 UTC 2026","passed","Fri May 22 11:55:34 UTC 2026","","Server Unit Tests","Server Unit Tests Surviving Mutants & Edge Cases Rate Limiting & Security kills mutants by verifying x-powered-by is removed",""
"","21","Component Tests ColorPicker mousemove after mouseup does NOT update color (dragging stopped)","","Fri May 22 11:55:18 UTC 2026","passed","Fri May 22 11:55:18 UTC 2026","","Utility Functions","Component Tests ColorPicker mousemove after mouseup does NOT update color (dragging stopped)",""
"","9","Server Unit Tests Surviving Mutants & Edge Cases Regex & Validation Zod required_error messages are correct","","Fri May 22 11:55:34 UTC 2026","passed","Fri May 22 11:55:34 UTC 2026","","Server Unit Tests","Server Unit Tests Surviving Mutants & Edge Cases Regex & Validation Zod required_error messages are correct",""
"","9","Server Unit Tests Error Handling POST /api/colors returns 500 when database fails (create)","","Fri May 22 11:55:34 UTC 2026","passed","Fri May 22 11:55:34 UTC 2026","","Server Unit Tests","Server Unit Tests Error Handling POST /api/colors returns 500 when database fails (create)",""
"","10","Server Unit Tests Surviving Mutants & Edge Cases Rate Limiting & Security kills mutants by verifying x-ratelimit headers","","Fri May 22 11:55:34 UTC 2026","passed","Fri May 22 11:55:34 UTC 2026","","Server Unit Tests","Server Unit Tests Surviving Mutants & Edge Cases Rate Limiting & Security kills mutants by verifying x-ratelimit headers",""
"","2786","PUT /api/colors/{name}","","","passed","","","schemathesis","",""
"","803","shows a chip for each color with a swatch, name, and delete button","Chrome","Fri May 22 12:26:22 UTC 2026","passed","Fri May 22 12:26:23 UTC 2026","Color Management — Add & Delete","","",""
"","39","Frontend Unit Tests App Component add color 409 fallback message when data.error is absent","","Fri May 22 11:55:18 UTC 2026","passed","Fri May 22 11:55:18 UTC 2026","","Frontend Unit Tests","Frontend Unit Tests App Component add color 409 fallback message when data.error is absent",""
"","60","Component Tests ColorPicker editing name does NOT call onClearError when no serverError","","Fri May 22 11:55:18 UTC 2026","passed","Fri May 22 11:55:18 UTC 2026","","Utility Functions","Component Tests ColorPicker editing name does NOT call onClearError when no serverError",""
"","26","Component Tests ColorPicker submit is blocked when hex input has an error","","Fri May 22 11:55:18 UTC 2026","passed","Fri May 22 11:55:18 UTC 2026","","Utility Functions","Component Tests ColorPicker submit is blocked when hex input has an error",""
"","103","should reject missing hex","Chrome","Fri May 22 12:26:20 UTC 2026","passed","Fri May 22 12:26:20 UTC 2026","Backend API Integration > POST /api/colors Schema Validation","","",""
"","0","Utility Functions rgbToHex converts pure green","","Fri May 22 11:55:18 UTC 2026","passed","Fri May 22 11:55:18 UTC 2026","","Utility Functions","Utility Functions rgbToHex converts pure green",""
"","746","Background stays unchanged when fetching a specific color fails","BDD","Fri May 22 12:00:00 UTC 2026","passed","Fri May 22 12:00:00 UTC 2026","API Error Handling","","",""
"","1367","shows server-error message on 500 inside the picker","Chrome","Fri May 22 12:26:28 UTC 2026","passed","Fri May 22 12:26:30 UTC 2026","Color Management — Add & Delete","","",""
"","0","homepage after color change","Chrome","Fri May 22 12:02:20 UTC 2026","skipped","Fri May 22 12:02:20 UTC 2026","Percy Visual Regression – Production > Percy – desktop-xl (1920×1080)","","",""
"","5","Server Unit Tests 405 Method Not Allowed does not return 405 for allowed GET method on /api/colors","","Fri May 22 11:55:34 UTC 2026","passed","Fri May 22 11:55:34 UTC 2026","","Server Unit Tests","Server Unit Tests 405 Method Not Allowed does not return 405 for allowed GET method on /api/colors",""
"","346","Server Unit Tests Surviving Mutants & Edge Cases Infrastructure uses default MONGO_URI when process.env.MONGO_URI is missing","","Fri May 22 11:55:34 UTC 2026","passed","Fri May 22 11:55:34 UTC 2026","","Server Unit Tests","Server Unit Tests Surviving Mutants & Edge Cases Infrastructure uses default MONGO_URI when process.env.MONGO_URI is missing",""
"","49","Frontend Unit Tests App Component saving is false again after a failed add (finally block)","","Fri May 22 11:55:18 UTC 2026","passed","Fri May 22 11:55:18 UTC 2026","","Frontend Unit Tests","Frontend Unit Tests App Component saving is false again after a failed add (finally block)",""
"","45","Server Integration Tests (Testcontainers) GET /api/colors should retrieve all seeded colors","","Fri May 22 11:56:08 UTC 2026","passed","Fri May 22 11:56:08 UTC 2026","","Server Integration Tests (Testcontainers)","Server Integration Tests (Testcontainers) GET /api/colors should retrieve all seeded colors",""
"","4","Server Unit Tests Surviving Mutants & Edge Cases Mongoose Schema & Persistence kills empty schema mutant by verifying field persistence","","Fri May 22 11:55:34 UTC 2026","passed","Fri May 22 11:55:34 UTC 2026","","Server Unit Tests","Server Unit Tests Surviving Mutants & Edge Cases Mongoose Schema & Persistence kills empty schema mutant by verifying field persistence",""
"","56","SQL injection characters in name are rejected (400)","Chrome","Fri May 22 12:28:22 UTC 2026","passed","Fri May 22 12:28:22 UTC 2026","Security > Injection Prevention","","",""
"","6","Server Unit Tests POST /api/colors returns 409 for a duplicate color name with descriptive error","","Fri May 22 11:55:34 UTC 2026","passed","Fri May 22 11:55:34 UTC 2026","","Server Unit Tests","Server Unit Tests POST /api/colors returns 409 for a duplicate color name with descriptive error",""
"","24","Frontend Unit Tests App Component text color on dark background is white","","Fri May 22 11:55:18 UTC 2026","passed","Fri May 22 11:55:18 UTC 2026","","Frontend Unit Tests","Frontend Unit Tests App Component text color on dark background is white",""
"","1355","changing color to Yellow should reflect in UI and DOM","Chrome","Fri May 22 12:28:10 UTC 2026","passed","Fri May 22 12:28:11 UTC 2026","Data-Driven Testing","","",""
"","136","Component Tests ColorPicker renders the modal with title, hex preview, name and hex inputs","","Fri May 22 11:55:18 UTC 2026","passed","Fri May 22 11:55:18 UTC 2026","","Utility Functions","Component Tests ColorPicker renders the modal with title, hex preview, name and hex inputs",""
"","9","Server Unit Tests GET /api/colors/:name returns Yellow color correctly","","Fri May 22 11:55:34 UTC 2026","passed","Fri May 22 11:55:34 UTC 2026","","Server Unit Tests","Server Unit Tests GET /api/colors/:name returns Yellow color correctly",""
"","42","Frontend Unit Tests App Component renders title, logo, and calls initial fetch","","Fri May 22 11:55:18 UTC 2026","passed","Fri May 22 11:55:18 UTC 2026","","Frontend Unit Tests","Frontend Unit Tests App Component renders title, logo, and calls initial fetch",""
"","4","Server Unit Tests Error Handling GET /api/colors/:name returns 500 when database fails","","Fri May 22 11:55:34 UTC 2026","passed","Fri May 22 11:55:34 UTC 2026","","Server Unit Tests","Server Unit Tests Error Handling GET /api/colors/:name returns 500 when database fails",""
"","25","Component Tests ColorPicker mousedown at right-center (hue=0) sets hex to #ff0000","","Fri May 22 11:55:18 UTC 2026","passed","Fri May 22 11:55:18 UTC 2026","","Utility Functions","Component Tests ColorPicker mousedown at right-center (hue=0) sets hex to #ff0000",""
"","6","Server Unit Tests GET /api/colors/:name returns Turquoise color correctly","","Fri May 22 11:55:34 UTC 2026","passed","Fri May 22 11:55:34 UTC 2026","","Server Unit Tests","Server Unit Tests GET /api/colors/:name returns Turquoise color correctly",""
"","36","Frontend Unit Tests App Component confirm dialog Escape key closes it","","Fri May 22 11:55:18 UTC 2026","passed","Fri May 22 11:55:18 UTC 2026","","Frontend Unit Tests","Frontend Unit Tests App Component confirm dialog Escape key closes it",""
"","663","should handle fetch colors network failure gracefully","Chrome","Fri May 22 12:28:11 UTC 2026","passed","Fri May 22 12:28:12 UTC 2026","UI Error Handling Coverage","","",""
"","8","Server Integration Tests (Testcontainers) POST /api/colors should accept a color name containing spaces","","Fri May 22 11:56:08 UTC 2026","passed","Fri May 22 11:56:08 UTC 2026","","Server Integration Tests (Testcontainers)","Server Integration Tests (Testcontainers) POST /api/colors should accept a color name containing spaces",""
"","18","Server Unit Tests Surviving Mutants & Edge Cases Regex & Validation hex regex kills mutants by testing boundaries and formats","","Fri May 22 11:55:34 UTC 2026","passed","Fri May 22 11:55:34 UTC 2026","","Server Unit Tests","Server Unit Tests Surviving Mutants & Edge Cases Regex & Validation hex regex kills mutants by testing boundaries and formats",""
"","13","Component Tests ColorPicker Add color button shows ""Saving…"" when saving=true","","Fri May 22 11:55:18 UTC 2026","passed","Fri May 22 11:55:18 UTC 2026","","Utility Functions","Component Tests ColorPicker Add color button shows ""Saving…"" when saving=true",""
"","969","should display all core elements and handle button interaction","Chrome","Fri May 22 12:02:19 UTC 2026","passed","Fri May 22 12:02:20 UTC 2026","Responsive Design – iPhone SE (375×667)","","",""
"","21","Frontend Unit Tests App Component shows add-color button even when colors are empty","","Fri May 22 11:55:18 UTC 2026","passed","Fri May 22 11:55:18 UTC 2026","","Frontend Unit Tests","Frontend Unit Tests App Component shows add-color button even when colors are empty",""
"","12","Server Integration Tests (Testcontainers) POST /api/colors should return 409 when creating a duplicate color name","","Fri May 22 11:56:08 UTC 2026","passed","Fri May 22 11:56:08 UTC 2026","","Server Integration Tests (Testcontainers)","Server Integration Tests (Testcontainers) POST /api/colors should return 409 when creating a duplicate color name",""
"","4","Server Unit Tests PUT /api/colors/:name returns 400 for invalid name in path (regex check)","","Fri May 22 11:55:34 UTC 2026","passed","Fri May 22 11:55:34 UTC 2026","","Server Unit Tests","Server Unit Tests PUT /api/colors/:name returns 400 for invalid name in path (regex check)",""
"","0","Utility Functions hslToRgb lightness=1 gives white","","Fri May 22 11:55:18 UTC 2026","passed","Fri May 22 11:55:18 UTC 2026","","Utility Functions","Utility Functions hslToRgb lightness=1 gives white",""
"","7","Server Unit Tests Surviving Mutants & Edge Cases Allowed Methods kills mutants in allowedMethods object","","Fri May 22 11:55:34 UTC 2026","passed","Fri May 22 11:55:34 UTC 2026","","Server Unit Tests","Server Unit Tests Surviving Mutants & Edge Cases Allowed Methods kills mutants in allowedMethods object",""
"","706","verify language switcher changes document language","Chrome","Fri May 22 12:26:36 UTC 2026","passed","Fri May 22 12:26:37 UTC 2026","","","",""
"","49","should reject omitting both name and hex on update","Chrome","Fri May 22 12:26:21 UTC 2026","passed","Fri May 22 12:26:21 UTC 2026","Backend API Integration > PUT /api/colors/:name Schema Validation","","",""
"","148","X-Powered-By header is not exposed","Chrome","Fri May 22 12:28:22 UTC 2026","passed","Fri May 22 12:28:23 UTC 2026","Security > Security Headers","","",""
"","879","handle initial fetch with empty data","Chrome","Fri May 22 12:26:38 UTC 2026","passed","Fri May 22 12:26:39 UTC 2026","Edge cases and error handling","","",""
"","69","Frontend Unit Tests App Component successful delete removes the color chip","","Fri May 22 11:55:18 UTC 2026","passed","Fri May 22 11:55:18 UTC 2026","","Frontend Unit Tests","Frontend Unit Tests App Component successful delete removes the color chip",""
"","9","Component Tests ColorPicker clicking inside the card does NOT call onCancel","","Fri May 22 11:55:18 UTC 2026","passed","Fri May 22 11:55:18 UTC 2026","","Utility Functions","Component Tests ColorPicker clicking inside the card does NOT call onCancel",""
"","11","Server Unit Tests GET /api/colors does not expose _id or __v fields","","Fri May 22 11:55:34 UTC 2026","passed","Fri May 22 11:55:34 UTC 2026","","Server Unit Tests","Server Unit Tests GET /api/colors does not expose _id or __v fields",""
"","4","Server Unit Tests Surviving Mutants & Edge Cases PUT logic kills refine mutant by sending empty body","","Fri May 22 11:55:34 UTC 2026","passed","Fri May 22 11:55:34 UTC 2026","","Server Unit Tests","Server Unit Tests Surviving Mutants & Edge Cases PUT logic kills refine mutant by sending empty body",""
"","1053","verify Red ( #e74c3c ) is applied as the background color","Chrome","Fri May 22 12:26:34 UTC 2026","passed","Fri May 22 12:26:35 UTC 2026","Background color tests","","",""
"","1147","should display all core elements and handle button interaction","Chrome","Fri May 22 12:02:18 UTC 2026","passed","Fri May 22 12:02:19 UTC 2026","Responsive Design – tablet (768×1024)","","",""
"","21","Component Tests ColorPicker mousedown at top-center (hue=270) sets hex to #8000ff","","Fri May 22 11:55:18 UTC 2026","passed","Fri May 22 11:55:18 UTC 2026","","Utility Functions","Component Tests ColorPicker mousedown at top-center (hue=270) sets hex to #8000ff",""
"","1919","should load the application and verify core functionality across browsers","Firefox","Fri May 22 12:00:06 UTC 2026","passed","Fri May 22 12:00:08 UTC 2026","Cross-Browser Core Functionality","","",""
"","1255","close (×) button closes the picker","Chrome","Fri May 22 12:26:24 UTC 2026","passed","Fri May 22 12:26:25 UTC 2026","Color Management — Add & Delete","","",""
"","6","Server Integration Tests (Testcontainers) POST /api/colors should return 400 when extra fields are provided","","Fri May 22 11:56:08 UTC 2026","passed","Fri May 22 11:56:08 UTC 2026","","Server Integration Tests (Testcontainers)","Server Integration Tests (Testcontainers) POST /api/colors should return 400 when extra fields are provided",""
"","5","Server Unit Tests Error Handling POST /api/colors returns 409 when database throws duplicate key error (code 11000)","","Fri May 22 11:55:34 UTC 2026","passed","Fri May 22 11:55:34 UTC 2026","","Server Unit Tests","Server Unit Tests Error Handling POST /api/colors returns 409 when database throws duplicate key error (code 11000)",""
"","10","Server Integration Tests (Testcontainers) GET /api/colors/:name should not expose _id or __v fields","","Fri May 22 11:56:08 UTC 2026","passed","Fri May 22 11:56:08 UTC 2026","","Server Integration Tests (Testcontainers)","Server Integration Tests (Testcontainers) GET /api/colors/:name should not expose _id or __v fields",""
"","0","Utility Functions hslToRgb saturation clamped: s=-0.5 treated as s=0","","Fri May 22 11:55:18 UTC 2026","passed","Fri May 22 11:55:18 UTC 2026","","Utility Functions","Utility Functions hslToRgb saturation clamped: s=-0.5 treated as s=0",""
"","0","Utility Functions paintWheelPixel writes to the correct index offset in the array","","Fri May 22 11:55:18 UTC 2026","passed","Fri May 22 11:55:18 UTC 2026","","Utility Functions","Utility Functions paintWheelPixel writes to the correct index offset in the array",""
"","44","Frontend Unit Tests App Component confirm dialog cancel button closes it","","Fri May 22 11:55:18 UTC 2026","passed","Fri May 22 11:55:18 UTC 2026","","Frontend Unit Tests","Frontend Unit Tests App Component confirm dialog cancel button closes it",""
"","10","Server Integration Tests (Testcontainers) PUT /api/colors/:name should update both name and hex simultaneously","","Fri May 22 11:56:08 UTC 2026","passed","Fri May 22 11:56:08 UTC 2026","","Server Integration Tests (Testcontainers)","Server Integration Tests (Testcontainers) PUT /api/colors/:name should update both name and hex simultaneously",""
"","8","Server Integration Tests (Testcontainers) DELETE /api/colors/:name should delete a color and confirm removal from the real database","","Fri May 22 11:56:08 UTC 2026","passed","Fri May 22 11:56:08 UTC 2026","","Server Integration Tests (Testcontainers)","Server Integration Tests (Testcontainers) DELETE /api/colors/:name should delete a color and confirm removal from the real database",""
"","14","Component Tests ConfirmDialog confirmLabel prop is reflected in the button text","","Fri May 22 11:55:18 UTC 2026","passed","Fri May 22 11:55:18 UTC 2026","","Component Tests","Component Tests ConfirmDialog confirmLabel prop is reflected in the button text",""
"","41","Server Unit Tests GET /api/colors returns all seeded colors with correct names and hex values","","Fri May 22 11:55:34 UTC 2026","passed","Fri May 22 11:55:34 UTC 2026","","Server Unit Tests","Server Unit Tests GET /api/colors returns all seeded colors with correct names and hex values",""
"","25","Frontend Unit Tests App Component picker × button closes the modal","","Fri May 22 11:55:18 UTC 2026","passed","Fri May 22 11:55:18 UTC 2026","","Frontend Unit Tests","Frontend Unit Tests App Component picker × button closes the modal",""
"","5","Server Unit Tests GET /api/colors/:name returns 400 for invalid name in path (regex check)","","Fri May 22 11:55:34 UTC 2026","passed","Fri May 22 11:55:34 UTC 2026","","Server Unit Tests","Server Unit Tests GET /api/colors/:name returns 400 for invalid name in path (regex check)",""
"","21","Component Tests ColorPicker touchend stops dragging (touchmove after touchend is ignored)","","Fri May 22 11:55:18 UTC 2026","passed","Fri May 22 11:55:18 UTC 2026","","Utility Functions","Component Tests ColorPicker touchend stops dragging (touchmove after touchend is ignored)",""
"","36","Frontend Unit Tests App Component existingNames passed to ColorPicker matches current color list","","Fri May 22 11:55:18 UTC 2026","passed","Fri May 22 11:55:18 UTC 2026","","Frontend Unit Tests","Frontend Unit Tests App Component existingNames passed to ColorPicker matches current color list",""
"","150","should reject invalid hex format on update","Chrome","Fri May 22 12:26:21 UTC 2026","passed","Fri May 22 12:26:22 UTC 2026","Backend API Integration > PUT /api/colors/:name Schema Validation","","",""
"","1017","should gracefully handle a color not found in the database","Chrome","Fri May 22 12:28:18 UTC 2026","passed","Fri May 22 12:28:19 UTC 2026","Network Mocking & Interception","","",""
"","14","Component Tests ColorPicker Cancel button is disabled when saving=true","","Fri May 22 11:55:18 UTC 2026","passed","Fri May 22 11:55:18 UTC 2026","","Utility Functions","Component Tests ColorPicker Cancel button is disabled when saving=true",""
"","4","Server Unit Tests Middleware returns 400 for malformed JSON body","","Fri May 22 11:55:34 UTC 2026","passed","Fri May 22 11:55:34 UTC 2026","","Server Unit Tests","Server Unit Tests Middleware returns 400 for malformed JSON body",""
"","1","Utility Functions rgbToHsl light red (#ff8080): l>0.5, s computed via (2-max-min) branch","","Fri May 22 11:55:18 UTC 2026","passed","Fri May 22 11:55:18 UTC 2026","","Utility Functions","Utility Functions rgbToHsl light red (#ff8080): l>0.5, s computed via (2-max-min) branch",""
"","11","Component Tests ColorPicker typing an invalid hex shows ""Use format #RRGGBB"" error","","Fri May 22 11:55:18 UTC 2026","passed","Fri May 22 11:55:18 UTC 2026","","Utility Functions","Component Tests ColorPicker typing an invalid hex shows ""Use format #RRGGBB"" error",""
"","9","Server Integration Tests (Testcontainers) GET /api/colors/:name should return 404 for a non-existent color","","Fri May 22 11:56:08 UTC 2026","passed","Fri May 22 11:56:08 UTC 2026","","Server Integration Tests (Testcontainers)","Server Integration Tests (Testcontainers) GET /api/colors/:name should return 404 for a non-existent color",""
"","8","Component Tests ColorPicker falls back to window resize listener when ResizeObserver is not available","","Fri May 22 11:55:18 UTC 2026","passed","Fri May 22 11:55:18 UTC 2026","","Utility Functions","Component Tests ColorPicker falls back to window resize listener when ResizeObserver is not available",""
"","9","Server Integration Tests (Testcontainers) DELETE /api/colors/:name should return 404 on a second delete of the same color","","Fri May 22 11:56:08 UTC 2026","passed","Fri May 22 11:56:08 UTC 2026","","Server Integration Tests (Testcontainers)","Server Integration Tests (Testcontainers) DELETE /api/colors/:name should return 404 on a second delete of the same color",""
"","1","Frontend Unit Tests i18n Configuration should have defined resources for en, es, el","","Fri May 22 11:55:20 UTC 2026","passed","Fri May 22 11:55:20 UTC 2026","","Frontend Unit Tests","Frontend Unit Tests i18n Configuration should have defined resources for en, es, el",""
"","5","Component Tests ConfirmDialog clicking the card itself does NOT call onCancel","","Fri May 22 11:55:18 UTC 2026","passed","Fri May 22 11:55:18 UTC 2026","","Component Tests","Component Tests ConfirmDialog clicking the card itself does NOT call onCancel",""
"","1154","verify Yellow ( #f1c40f ) is applied as the background color","Chrome","Fri May 22 12:26:35 UTC 2026","passed","Fri May 22 12:26:36 UTC 2026","Background color tests","","",""
"","1381","should create dynamic random color via API and verify through UI","Chrome","Fri May 22 12:28:20 UTC 2026","passed","Fri May 22 12:28:21 UTC 2026","Random Data Testing with faker.js","","",""
"","13","Server Integration Tests (Testcontainers) GET /api/colors should return an empty array after all colors are deleted","","Fri May 22 11:56:08 UTC 2026","passed","Fri May 22 11:56:08 UTC 2026","","Server Integration Tests (Testcontainers)","Server Integration Tests (Testcontainers) GET /api/colors should return an empty array after all colors are deleted",""
"","929","check Turquoise ( #1abc9c) is the default background color.","Chrome","Fri May 22 12:26:33 UTC 2026","passed","Fri May 22 12:26:34 UTC 2026","","","",""
"","4","Server Unit Tests POST /api/colors returns 400 for extra unknown fields (strict schema)","","Fri May 22 11:55:34 UTC 2026","passed","Fri May 22 11:55:34 UTC 2026","","Server Unit Tests","Server Unit Tests POST /api/colors returns 400 for extra unknown fields (strict schema)",""
"","4","Component Tests ConfirmDialog Enter key calls onConfirm when not busy","","Fri May 22 11:55:18 UTC 2026","passed","Fri May 22 11:55:18 UTC 2026","","Component Tests","Component Tests ConfirmDialog Enter key calls onConfirm when not busy",""
"","4","Server Unit Tests 405 Method Not Allowed returns 405 for PATCH on /api/colors/:name","","Fri May 22 11:55:34 UTC 2026","passed","Fri May 22 11:55:34 UTC 2026","","Server Unit Tests","Server Unit Tests 405 Method Not Allowed returns 405 for PATCH on /api/colors/:name",""
"","0","Utility Functions paintWheelPixel sets alpha to 0 when dist > r (outside circle)","","Fri May 22 11:55:18 UTC 2026","passed","Fri May 22 11:55:18 UTC 2026","","Utility Functions","Utility Functions paintWheelPixel sets alpha to 0 when dist > r (outside circle)",""
"","0","Utility Functions rgbToHsl g max with b>r (#00ff80) → h near 150","","Fri May 22 11:55:18 UTC 2026","passed","Fri May 22 11:55:18 UTC 2026","","Utility Functions","Utility Functions rgbToHsl g max with b>r (#00ff80) → h near 150",""
"","297","Server Unit Tests Surviving Mutants & Edge Cases Port Fallback reflects process.env.PORT in Swagger servers","","Fri May 22 11:55:34 UTC 2026","passed","Fri May 22 11:55:34 UTC 2026","","Server Unit Tests","Server Unit Tests Surviving Mutants & Edge Cases Port Fallback reflects process.env.PORT in Swagger servers",""
"","58","Frontend Unit Tests App Component picker onCancel does nothing when saving=true","","Fri May 22 11:55:18 UTC 2026","passed","Fri May 22 11:55:18 UTC 2026","","Frontend Unit Tests","Frontend Unit Tests App Component picker onCancel does nothing when saving=true",""
"","4","Component Tests ConfirmDialog backdrop click does NOT call onCancel when busy","","Fri May 22 11:55:18 UTC 2026","passed","Fri May 22 11:55:18 UTC 2026","","Component Tests","Component Tests ConfirmDialog backdrop click does NOT call onCancel when busy",""
"","876","should handle color click network failure gracefully","Chrome","Fri May 22 12:28:12 UTC 2026","passed","Fri May 22 12:28:13 UTC 2026","UI Error Handling Coverage","","",""
"","55","NoSQL $where operator in name is rejected (400)","Chrome","Fri May 22 12:28:22 UTC 2026","passed","Fri May 22 12:28:22 UTC 2026","Security > Injection Prevention","","",""
"","30899","should maintain accessibility in es language and verify resilient locators","Chrome","Fri May 22 12:25:45 UTC 2026","broken","Fri May 22 12:26:16 UTC 2026","i18n Accessibility Tests","","",""
"","1","Utility Functions readableOn returns #111 for light-grey (L≈0.60, above 0.179 threshold)","","Fri May 22 11:55:18 UTC 2026","passed","Fri May 22 11:55:18 UTC 2026","","Utility Functions","Utility Functions readableOn returns #111 for light-grey (L≈0.60, above 0.179 threshold)",""
"","4","Server Unit Tests Middleware handles non-JSON content type gracefully on POST","","Fri May 22 11:55:34 UTC 2026","passed","Fri May 22 11:55:34 UTC 2026","","Server Unit Tests","Server Unit Tests Middleware handles non-JSON content type gracefully on POST",""
"","6","Server Integration Tests (Testcontainers) Method Not Allowed should return 405 for PATCH /api/colors","","Fri May 22 11:56:08 UTC 2026","passed","Fri May 22 11:56:08 UTC 2026","","Server Integration Tests (Testcontainers)","Server Integration Tests (Testcontainers) Method Not Allowed should return 405 for PATCH /api/colors",""
"","1","Utility Functions hslToRgb saturation clamped: s=1.5 treated as s=1","","Fri May 22 11:55:18 UTC 2026","passed","Fri May 22 11:55:18 UTC 2026","","Utility Functions","Utility Functions hslToRgb saturation clamped: s=1.5 treated as s=1",""
"","18","Component Tests ColorPicker touch start on canvas sets hex to #ff0000 at right edge","","Fri May 22 11:55:18 UTC 2026","passed","Fri May 22 11:55:18 UTC 2026","","Utility Functions","Component Tests ColorPicker touch start on canvas sets hex to #ff0000 at right edge",""
"","0","Utility Functions hexToRgb parses hex without the leading #","","Fri May 22 11:55:18 UTC 2026","passed","Fri May 22 11:55:18 UTC 2026","","Utility Functions","Utility Functions hexToRgb parses hex without the leading #",""
"","2000","deleting the active color switches background to the first remaining","Chrome","Fri May 22 12:26:31 UTC 2026","passed","Fri May 22 12:26:33 UTC 2026","Color Management — Add & Delete","","",""
"","139","GET /api/colors should return colors sorted alphabetically by name","Chrome","Fri May 22 12:26:19 UTC 2026","passed","Fri May 22 12:26:19 UTC 2026","Backend API Integration","","",""
"","4","Component Tests ConfirmDialog backdrop click calls onCancel when not busy","","Fri May 22 11:55:18 UTC 2026","passed","Fri May 22 11:55:18 UTC 2026","","Component Tests","Component Tests ConfirmDialog backdrop click calls onCancel when not busy",""
"","12","Server Unit Tests PUT /api/colors/:name updates the hex of an existing color","","Fri May 22 11:55:34 UTC 2026","passed","Fri May 22 11:55:34 UTC 2026","","Server Unit Tests","Server Unit Tests PUT /api/colors/:name updates the hex of an existing color",""
"","5","Server Unit Tests Middleware includes CORS headers","","Fri May 22 11:55:34 UTC 2026","passed","Fri May 22 11:55:34 UTC 2026","","Server Unit Tests","Server Unit Tests Middleware includes CORS headers",""
"Performance Test: API Performance Test
File: api-performance.spec.ts
Total Iterations: 1
Max VUs: 1

HTTP Request Duration:
- Avg: 5.85ms
- P(95): 13.41ms
- Max: 15.69ms

Full metrics attached in the results.","1904","API Performance Test","Performance","Fri May 22 11:57:34 UTC 2026","passed","Fri May 22 11:57:36 UTC 2026","api-performance.spec.ts","API Performance Test","",""
"","41","Frontend Unit Tests App Component handleColorClick shows error alert on fetch failure","","Fri May 22 11:55:18 UTC 2026","passed","Fri May 22 11:55:18 UTC 2026","","Frontend Unit Tests","Frontend Unit Tests App Component handleColorClick shows error alert on fetch failure",""
"","13","Component Tests ColorPicker typing a valid hex without # prefix is accepted","","Fri May 22 11:55:18 UTC 2026","passed","Fri May 22 11:55:18 UTC 2026","","Utility Functions","Component Tests ColorPicker typing a valid hex without # prefix is accepted",""
"","0","Frontend Unit Tests i18n Configuration interpolation should not escape value","","Fri May 22 11:55:20 UTC 2026","passed","Fri May 22 11:55:20 UTC 2026","","Frontend Unit Tests","Frontend Unit Tests i18n Configuration interpolation should not escape value",""
"","5","Frontend Unit Tests App Component colors.length === 0 shows loading text","","Fri May 22 11:55:18 UTC 2026","passed","Fri May 22 11:55:18 UTC 2026","","Frontend Unit Tests","Frontend Unit Tests App Component colors.length === 0 shows loading text",""
"","10","Server Unit Tests PUT /api/colors/:name updates the name of an existing color and preserves hex","","Fri May 22 11:55:34 UTC 2026","passed","Fri May 22 11:55:34 UTC 2026","","Server Unit Tests","Server Unit Tests PUT /api/colors/:name updates the name of an existing color and preserves hex",""
"","5","Server Unit Tests Middleware JSON error middleware ignores SyntaxError with status != 400","","Fri May 22 11:55:34 UTC 2026","passed","Fri May 22 11:55:34 UTC 2026","","Server Unit Tests","Server Unit Tests Middleware JSON error middleware ignores SyntaxError with status != 400",""
"","23","Server Unit Tests Surviving Mutants & Edge Cases Regex & Validation STRICT_NAME_REGEX kills mutants on optionality and length","","Fri May 22 11:55:34 UTC 2026","passed","Fri May 22 11:55:34 UTC 2026","","Server Unit Tests","Server Unit Tests Surviving Mutants & Edge Cases Regex & Validation STRICT_NAME_REGEX kills mutants on optionality and length",""
"","0","Utility Functions readableOn returns #111 for a pale/pastel colour (high luminance)","","Fri May 22 11:55:18 UTC 2026","passed","Fri May 22 11:55:18 UTC 2026","","Utility Functions","Utility Functions readableOn returns #111 for a pale/pastel colour (high luminance)",""
"","164","GET /api/colors/Yellow should return the correct hex code","Chrome","Fri May 22 12:26:18 UTC 2026","passed","Fri May 22 12:26:18 UTC 2026","Backend API Integration","","",""
"","11","Frontend Unit Tests App Component shows error alert when initial fetch fails","","Fri May 22 11:55:18 UTC 2026","passed","Fri May 22 11:55:18 UTC 2026","","Frontend Unit Tests","Frontend Unit Tests App Component shows error alert when initial fetch fails",""
"","1010","changing color to Red should reflect in UI and DOM","Chrome","Fri May 22 12:28:09 UTC 2026","passed","Fri May 22 12:28:10 UTC 2026","Data-Driven Testing","","",""
"","3","Server Unit Tests Surviving Mutants & Edge Cases OpenAPI Content-Type has application/json content-type","","Fri May 22 11:55:34 UTC 2026","passed","Fri May 22 11:55:34 UTC 2026","","Server Unit Tests","Server Unit Tests Surviving Mutants & Edge Cases OpenAPI Content-Type has application/json content-type",""
"","1","Utility Functions readableOn returns #fff for a very dark blue","","Fri May 22 11:55:18 UTC 2026","passed","Fri May 22 11:55:18 UTC 2026","","Utility Functions","Utility Functions readableOn returns #fff for a very dark blue",""
"","54","should reject updating with empty name","Chrome","Fri May 22 12:26:21 UTC 2026","passed","Fri May 22 12:26:21 UTC 2026","Backend API Integration > PUT /api/colors/:name Schema Validation","","",""
"","5","Server Unit Tests 405 Method Not Allowed does not return 405 for allowed POST method on /api/colors","","Fri May 22 11:55:34 UTC 2026","passed","Fri May 22 11:55:34 UTC 2026","","Server Unit Tests","Server Unit Tests 405 Method Not Allowed does not return 405 for allowed POST method on /api/colors",""
"","1","Utility Functions rgbToHsl pure blue → h=240, s=1, l=0.5","","Fri May 22 11:55:18 UTC 2026","passed","Fri May 22 11:55:18 UTC 2026","","Utility Functions","Utility Functions rgbToHsl pure blue → h=240, s=1, l=0.5",""
"","1165","shows client-side validation error for invalid name chars","Chrome","Fri May 22 12:26:27 UTC 2026","passed","Fri May 22 12:26:28 UTC 2026","Color Management — Add & Delete","","",""
"","38","Frontend Unit Tests App Component add color network error shows network error message","","Fri May 22 11:55:18 UTC 2026","passed","Fri May 22 11:55:18 UTC 2026","","Frontend Unit Tests","Frontend Unit Tests App Component add color network error shows network error message",""
"","1","Utility Functions paintWheelPixel paints grey at center (dx=0, dy=0, dist=0, sat=0)","","Fri May 22 11:55:18 UTC 2026","passed","Fri May 22 11:55:18 UTC 2026","","Utility Functions","Utility Functions paintWheelPixel paints grey at center (dx=0, dy=0, dist=0, sat=0)",""
"","32","Frontend Unit Tests App Component clicking chip-x opens confirm dialog with color name and swatch","","Fri May 22 11:55:18 UTC 2026","passed","Fri May 22 11:55:18 UTC 2026","","Frontend Unit Tests","Frontend Unit Tests App Component clicking chip-x opens confirm dialog with color name and swatch",""
"","26","Component Tests ColorPicker mousedown at bottom-center (hue=90) sets hex to #80ff00","","Fri May 22 11:55:18 UTC 2026","passed","Fri May 22 11:55:18 UTC 2026","","Utility Functions","Component Tests ColorPicker mousedown at bottom-center (hue=90) sets hex to #80ff00",""
"Performance Test: UI Performance Test
File: ui-performance.spec.ts
Total Iterations: 0
Max VUs: 1

HTTP Request Duration:
- Avg: 3.77ms
- P(95): 3.77ms
- Max: 3.77ms

Full metrics attached in the results.","0","UI Performance Test","Performance","Fri May 22 11:59:49 UTC 2026","passed","Fri May 22 11:59:49 UTC 2026","ui-performance.spec.ts","UI Performance Test","",""
"","85","Frontend Unit Tests App Component confirm dialog cancel does nothing when deleting=true","","Fri May 22 11:55:18 UTC 2026","passed","Fri May 22 11:55:18 UTC 2026","","Frontend Unit Tests","Frontend Unit Tests App Component confirm dialog cancel does nothing when deleting=true",""
"","1269","shows 409 duplicate error from server inside the picker","Chrome","Fri May 22 12:26:27 UTC 2026","passed","Fri May 22 12:26:29 UTC 2026","Color Management — Add & Delete","","",""
"","1278","successful delete removes the chip","Chrome","Fri May 22 12:26:30 UTC 2026","passed","Fri May 22 12:26:32 UTC 2026","Color Management — Add & Delete","","",""
"","45","PUT /openapi.json returns 405","Chrome","Fri May 22 12:28:23 UTC 2026","passed","Fri May 22 12:28:23 UTC 2026","Security > HTTP Method Restrictions","","",""
"","4","Server Unit Tests Surviving Mutants & Edge Cases Swagger JSDoc Integration kills apis array mutants by verifying JSDoc content is present","","Fri May 22 11:55:34 UTC 2026","passed","Fri May 22 11:55:34 UTC 2026","","Server Unit Tests","Server Unit Tests Surviving Mutants & Edge Cases Swagger JSDoc Integration kills apis array mutants by verifying JSDoc content is present",""
"","1","Utility Functions hslToRgb hue=120 (green) → [0,255,0]","","Fri May 22 11:55:18 UTC 2026","passed","Fri May 22 11:55:18 UTC 2026","","Utility Functions","Utility Functions hslToRgb hue=120 (green) → [0,255,0]",""
"","1","Utility Functions rgbToHsl round-trip hslToRgb→rgbToHsl preserves hue for all sectors","","Fri May 22 11:55:18 UTC 2026","passed","Fri May 22 11:55:18 UTC 2026","","Utility Functions","Utility Functions rgbToHsl round-trip hslToRgb→rgbToHsl preserves hue for all sectors",""
"","1223","verify Turquoise ( #1abc9c ) is applied as the background color","Chrome","Fri May 22 12:28:17 UTC 2026","passed","Fri May 22 12:28:19 UTC 2026","POM Refactored: Background color tests","","",""
"","0","Utility Functions readableOn returns #111 for an invalid/empty hex string (null rgb fallback)","","Fri May 22 11:55:18 UTC 2026","passed","Fri May 22 11:55:18 UTC 2026","","Utility Functions","Utility Functions readableOn returns #111 for an invalid/empty hex string (null rgb fallback)",""
"","982","should load the application and verify core functionality across browsers","Chrome","Fri May 22 12:26:40 UTC 2026","passed","Fri May 22 12:26:41 UTC 2026","Cross-Browser Core Functionality","","",""
"","5","Server Unit Tests PUT /api/colors/:name returns 400 when no fields are provided (empty body)","","Fri May 22 11:55:34 UTC 2026","passed","Fri May 22 11:55:34 UTC 2026","","Server Unit Tests","Server Unit Tests PUT /api/colors/:name returns 400 when no fields are provided (empty body)",""
"","18","Frontend Unit Tests App Component text color on light background is dark","","Fri May 22 11:55:18 UTC 2026","passed","Fri May 22 11:55:18 UTC 2026","","Frontend Unit Tests","Frontend Unit Tests App Component text color on light background is dark",""
"","25","Server Unit Tests POST /api/colors creates a new color and returns 201 with correct body","","Fri May 22 11:55:34 UTC 2026","passed","Fri May 22 11:55:34 UTC 2026","","Server Unit Tests","Server Unit Tests POST /api/colors creates a new color and returns 201 with correct body",""
"","1","Utility Functions rgbToHsl white [255,255,255] → h=0, s=0, l=1","","Fri May 22 11:55:18 UTC 2026","passed","Fri May 22 11:55:18 UTC 2026","","Utility Functions","Utility Functions rgbToHsl white [255,255,255] → h=0, s=0, l=1",""
"","6","Frontend Unit Tests App Component current color span tracks hex value","","Fri May 22 11:55:18 UTC 2026","passed","Fri May 22 11:55:18 UTC 2026","","Frontend Unit Tests","Frontend Unit Tests App Component current color span tracks hex value",""
"","6","Server Unit Tests DELETE /api/colors/:name cannot delete the same color twice","","Fri May 22 11:55:34 UTC 2026","passed","Fri May 22 11:55:34 UTC 2026","","Server Unit Tests","Server Unit Tests DELETE /api/colors/:name cannot delete the same color twice",""
"","10","Server Integration Tests (Testcontainers) seedDatabase should be idempotent — calling twice always yields exactly 3 colors","","Fri May 22 11:56:08 UTC 2026","passed","Fri May 22 11:56:08 UTC 2026","","Server Integration Tests (Testcontainers)","Server Integration Tests (Testcontainers) seedDatabase should be idempotent — calling twice always yields exactly 3 colors",""
"","0","Utility Functions hslToRgb lightness clamped: l=-0.5 gives black","","Fri May 22 11:55:18 UTC 2026","passed","Fri May 22 11:55:18 UTC 2026","","Utility Functions","Utility Functions hslToRgb lightness clamped: l=-0.5 gives black",""
"","10","Server Unit Tests GET /api/colors returns an empty array when no colors exist","","Fri May 22 11:55:34 UTC 2026","passed","Fri May 22 11:55:34 UTC 2026","","Server Unit Tests","Server Unit Tests GET /api/colors returns an empty array when no colors exist",""
"","4","Server Unit Tests 405 Method Not Allowed sets the Allow header on /api/colors with correct methods","","Fri May 22 11:55:34 UTC 2026","passed","Fri May 22 11:55:34 UTC 2026","","Server Unit Tests","Server Unit Tests 405 Method Not Allowed sets the Allow header on /api/colors with correct methods",""
"","39","Frontend Unit Tests App Component deleting the last color sets activeName to null","","Fri May 22 11:55:18 UTC 2026","passed","Fri May 22 11:55:18 UTC 2026","","Frontend Unit Tests","Frontend Unit Tests App Component deleting the last color sets activeName to null",""
"","6","Server Integration Tests (Testcontainers) PUT /api/colors/:name should return 400 when update body is empty","","Fri May 22 11:56:08 UTC 2026","passed","Fri May 22 11:56:08 UTC 2026","","Server Integration Tests (Testcontainers)","Server Integration Tests (Testcontainers) PUT /api/colors/:name should return 400 when update body is empty",""
"","1","Utility Functions rgbToHsl pure red → h=0, s=1, l=0.5","","Fri May 22 11:55:18 UTC 2026","passed","Fri May 22 11:55:18 UTC 2026","","Utility Functions","Utility Functions rgbToHsl pure red → h=0, s=1, l=0.5",""
"","0","homepage initial state","Chrome","Fri May 22 12:02:20 UTC 2026","skipped","Fri May 22 12:02:20 UTC 2026","Percy Visual Regression – Production > Percy – desktop (1280×720)","","",""
