"DESCRIPTION","DURATION IN MS","NAME","PARENT SUITE","START TIME","STATUS","STOP TIME","SUB SUITE","SUITE","TEST CLASS","TEST METHOD"
"","849","verify Red ( #e74c3c ) is applied as the background color","Chrome","2026-09-05","passed","2026-09-05","Background color tests","tests/coverage.spec.ts","",""
"","192","should reject invalid hex format","bs-safari-ventura","2026-09-05","passed","2026-09-05","Backend API Integration > POST /api/colors Schema Validation","","",""
"","761","verify Turquoise ( #1abc9c ) is applied as the background color","Chrome","2026-09-05","passed","2026-09-05","POM Refactored: Background color tests","tests/pom-refactored.spec.ts","",""
"","9","Server Integration Tests (Testcontainers) POST /api/colors should accept a color name containing spaces","","2026-09-05","passed","2026-09-05","","Server Integration Tests (Testcontainers)","Server Integration Tests (Testcontainers) POST /api/colors should accept a color name containing spaces",""
"","4613","should maintain accessibility in es language and verify resilient locators","bs-safari-ventura","2026-09-05","passed","2026-09-05","i18n Accessibility Tests","","",""
"","387","oversized payload is rejected (413)","bs-pixel-7","2026-09-05","passed","2026-09-05","Security > Input Validation","","",""
"","11","Server Unit Tests GET /api/colors returns an empty array when no colors exist","","2026-09-05","passed","2026-09-05","","Server Unit Tests","Server Unit Tests GET /api/colors returns an empty array when no colors exist",""
"","918","should update a color with valid schema","bs-pixel-7","2026-09-05","passed","2026-09-05","Backend API Integration > PUT /api/colors/:name Schema Validation","","",""
"","6611","should not have any automatically detectable accessibility issues","bs-chrome-win11","2026-09-05","passed","2026-09-05","Accessibility Tests","","",""
"","189","PATCH /api/colors/:name returns 405","bs-firefox-win11","2026-09-05","passed","2026-09-05","Security > HTTP Method Restrictions","","",""
"","2302","should maintain accessibility in el language and verify resilient locators","bs-firefox-win11","2026-09-05","passed","2026-09-05","i18n Accessibility Tests","","",""
"","217","should reject invalid hex format","bs-chrome-win11","2026-09-05","passed","2026-09-05","Backend API Integration > POST /api/colors Schema Validation","","",""
"","3","Server Unit Tests Error Handling DELETE /api/colors/:name returns 500 when database fails","","2026-09-05","passed","2026-09-05","","Server Unit Tests","Server Unit Tests Error Handling DELETE /api/colors/:name returns 500 when database fails",""
"","22","Server Integration Tests (Testcontainers) Concurrent writes should handle simultaneous POSTs with the same name — exactly one succeeds","","2026-09-05","passed","2026-09-05","","Server Integration Tests (Testcontainers)","Server Integration Tests (Testcontainers) Concurrent writes should handle simultaneous POSTs with the same name — exactly one succeeds",""
"","4","Server Unit Tests GET /api/colors/:name returns 400 for invalid name in path (regex check)","","2026-09-05","passed","2026-09-05","","Server Unit Tests","Server Unit Tests GET /api/colors/:name returns 400 for invalid name in path (regex check)",""
"","1065","shows a chip for each color with a swatch, name, and delete button","bs-firefox-win11","2026-09-05","passed","2026-09-05","Color Management — Add & Delete","","",""
"","1200","cancel in confirm dialog closes it without deleting","bs-chrome-win11","2026-09-05","passed","2026-09-05","Color Management — Add & Delete","","",""
"","7","Server Integration Tests (Testcontainers) POST /api/colors should return 400 when extra fields are provided","","2026-09-05","passed","2026-09-05","","Server Integration Tests (Testcontainers)","Server Integration Tests (Testcontainers) POST /api/colors should return 400 when extra fields are provided",""
"","2749","successful delete removes the chip","bs-iphone-15","2026-09-05","passed","2026-09-05","Color Management — Add & Delete","","",""
"","1528","should gracefully handle a color not found in the database","bs-safari-ventura","2026-09-05","passed","2026-09-05","Network Mocking & Interception","","",""
"","192","array body on POST returns 400","bs-chrome-win11","2026-09-05","passed","2026-09-05","Security > Input Validation","","",""
"","2358","verify Turquoise ( #1abc9c ) is applied as the background color","bs-firefox-win11","2026-09-05","passed","2026-09-05","POM Refactored: Background color tests","","",""
"","2629","should create color via API and verify through UI","bs-safari-ventura","2026-09-05","passed","2026-09-05","Hybrid E2E Testing","","",""
"","4","Server Unit Tests POST /api/colors returns 400 for completely empty body","","2026-09-05","passed","2026-09-05","","Server Unit Tests","Server Unit Tests POST /api/colors returns 400 for completely empty body",""
"","5","Server Unit Tests PUT /api/colors/:name updates both name and hex simultaneously","","2026-09-05","passed","2026-09-05","","Server Unit Tests","Server Unit Tests PUT /api/colors/:name updates both name and hex simultaneously",""
"","5","Server Unit Tests 405 Method Not Allowed returns 405 for PATCH on /api/colors/:name","","2026-09-05","passed","2026-09-05","","Server Unit Tests","Server Unit Tests 405 Method Not Allowed returns 405 for PATCH on /api/colors/:name",""
"","192","DELETE /api/colors (collection) returns 405","bs-firefox-win11","2026-09-05","passed","2026-09-05","Security > HTTP Method Restrictions","","",""
"","4885","changing color to Yellow should reflect in UI and DOM","bs-firefox-win11","2026-09-05","passed","2026-09-05","Data-Driven Testing","","",""
"","184","POST with HTML tag in name is rejected (400)","bs-safari-ventura","2026-09-05","passed","2026-09-05","Security > XSS Prevention","","",""
"","1333","verify Yellow ( #f1c40f ) is applied as the background color","bs-pixel-7","2026-09-05","passed","2026-09-05","POM Refactored: Background color tests","","",""
"","864","should handle color click network failure gracefully","bs-pixel-7","2026-09-05","passed","2026-09-05","UI Error Handling Coverage","","",""
"","1949","PUT /api/colors/{name}","","","passed","","","schemathesis","",""
"","4","Server Unit Tests Surviving Mutants & Edge Cases Swagger Metadata & OpenAPI has exact info metadata","","2026-09-05","passed","2026-09-05","","Server Unit Tests","Server Unit Tests Surviving Mutants & Edge Cases Swagger Metadata & OpenAPI has exact info metadata",""
"","304","GET /api/colors/:name should return 404 for non-existent color","bs-firefox-win11","2026-09-05","passed","2026-09-05","Backend API Integration","","",""
"","5","Server Unit Tests 405 Method Not Allowed does not return 405 for allowed POST method on /api/colors","","2026-09-05","passed","2026-09-05","","Server Unit Tests","Server Unit Tests 405 Method Not Allowed does not return 405 for allowed POST method on /api/colors",""
"","1756","should maintain accessibility in el language and verify resilient locators","Chrome","2026-09-05","passed","2026-09-05","i18n Accessibility Tests","tests/a11y.spec.ts","",""
"","1514","verify language switcher changes document language","bs-safari-ventura","2026-09-05","passed","2026-09-05","","","",""
"","190","NoSQL operator in GET path param is rejected (400 or 404)","bs-iphone-15","2026-09-05","passed","2026-09-05","Security > Injection Prevention","","",""
"","833","Escape key closes the confirm dialog","bs-chrome-win11","2026-09-05","passed","2026-09-05","Color Management — Add & Delete","","",""
"","1691","should load the application and verify core functionality across browsers","bs-iphone-15","2026-09-05","passed","2026-09-05","Cross-Browser Core Functionality","","",""
"","328","GET /api/colors should return all colors","bs-chrome-win11","2026-09-05","passed","2026-09-05","Backend API Integration","","",""
"","1324","handle initial fetch error","bs-iphone-15","2026-09-05","passed","2026-09-05","Edge cases and error handling","","",""
"","4","Server Unit Tests Surviving Mutants & Edge Cases Logs seedDatabase logs success message","","2026-09-05","passed","2026-09-05","","Server Unit Tests","Server Unit Tests Surviving Mutants & Edge Cases Logs seedDatabase logs success message",""
"","44","DELETE /api/colors/{name}","","","passed","","","schemathesis","",""
"","3","Server Unit Tests POST /api/reseed returns 405 for PUT on /api/reseed","","2026-09-05","passed","2026-09-05","","Server Unit Tests","Server Unit Tests POST /api/reseed returns 405 for PUT on /api/reseed",""
"","27","should update a color with valid schema","Chrome","2026-09-05","passed","2026-09-05","Backend API Integration > PUT /api/colors/:name Schema Validation","tests/api.spec.ts","",""
"","436","oversized payload is rejected (413)","bs-safari-ventura","2026-09-05","passed","2026-09-05","Security > Input Validation","","",""
"","1509","color names rendered in the UI do not trigger script execution","bs-chrome-win11","2026-09-05","passed","2026-09-05","Security > XSS Prevention","","",""
"","14","GET /api/colors should return all colors","Chrome","2026-09-05","passed","2026-09-05","Backend API Integration","tests/api.spec.ts","",""
"","49","GET /api/colors/{name}","","","passed","","","schemathesis","",""
"","190","PATCH /api/colors returns 405","bs-chrome-win11","2026-09-05","passed","2026-09-05","Security > HTTP Method Restrictions","","",""
"","436","should show loading state when API returns empty colors","Chrome","2026-09-05","passed","2026-09-05","UI Error Handling Coverage","tests/error-handling.spec.ts","",""
"","5","Server Unit Tests Middleware returns 413 for payload too large","","2026-09-05","passed","2026-09-05","","Server Unit Tests","Server Unit Tests Middleware returns 413 for payload too large",""
"","384","oversized payload is rejected (413)","bs-chrome-win11","2026-09-05","passed","2026-09-05","Security > Input Validation","","",""
"","19","Server Integration Tests (Testcontainers) seedDatabase should clear custom colors when re-seeded","","2026-09-05","passed","2026-09-05","","Server Integration Tests (Testcontainers)","Server Integration Tests (Testcontainers) seedDatabase should clear custom colors when re-seeded",""
"","203","PATCH /api/colors/:name returns 405","bs-pixel-7","2026-09-05","passed","2026-09-05","Security > HTTP Method Restrictions","","",""
"","4","Server Unit Tests POST /api/reseed returns 405 for GET on /api/reseed","","2026-09-05","passed","2026-09-05","","Server Unit Tests","Server Unit Tests POST /api/reseed returns 405 for GET on /api/reseed",""
"","885","should handle fetch colors network failure gracefully","bs-firefox-win11","2026-09-05","passed","2026-09-05","UI Error Handling Coverage","","",""
"","1993","changing color to Yellow should reflect in UI and DOM","bs-safari-ventura","2026-09-05","passed","2026-09-05","Data-Driven Testing","","",""
"","1093","should handle fetch colors network failure gracefully","bs-safari-ventura","2026-09-05","passed","2026-09-05","UI Error Handling Coverage","","",""
"","1248","first color chip is active on load (aria-pressed=true)","bs-safari-ventura","2026-09-05","passed","2026-09-05","Color Management — Add & Delete","","",""
"","7","Server Unit Tests DELETE /api/colors/:name cannot delete the same color twice","","2026-09-05","passed","2026-09-05","","Server Unit Tests","Server Unit Tests DELETE /api/colors/:name cannot delete the same color twice",""
"","4","Server Unit Tests POST /api/colors rejects names with the + character (+ encodes as space in URLs, causing lookup mismatches)","","2026-09-05","passed","2026-09-05","","Server Unit Tests","Server Unit Tests POST /api/colors rejects names with the + character (+ encodes as space in URLs, causing lookup mismatches)",""
"","1985","verify Turquoise ( #1abc9c ) is applied as the background color","bs-iphone-15","2026-09-05","passed","2026-09-05","POM Refactored: Background color tests","","",""
"","6","PUT /openapi.json returns 405","Chrome","2026-09-05","passed","2026-09-05","Security > HTTP Method Restrictions","tests/security.spec.ts","",""
"","536","should handle color click network failure gracefully","Chrome","2026-09-05","passed","2026-09-05","UI Error Handling Coverage","tests/error-handling.spec.ts","",""
"","1246","Cancel button closes the picker","bs-pixel-7","2026-09-05","passed","2026-09-05","Color Management — Add & Delete","","",""
"","3351","shows client-side ""Name is required"" when submitting empty name","bs-iphone-15","2026-09-05","passed","2026-09-05","Color Management — Add & Delete","","",""
"","8","Server Integration Tests (Testcontainers) GET /api/colors/:name should return 404 for a non-existent color","","2026-09-05","passed","2026-09-05","","Server Integration Tests (Testcontainers)","Server Integration Tests (Testcontainers) GET /api/colors/:name should return 404 for a non-existent color",""
"","3","Server Unit Tests PUT /api/colors/:name returns 400 for invalid current name format in URL","","2026-09-05","passed","2026-09-05","","Server Unit Tests","Server Unit Tests PUT /api/colors/:name returns 400 for invalid current name format in URL",""
"","1119","clicking a chip makes it active","bs-chrome-win11","2026-09-05","passed","2026-09-05","Color Management — Add & Delete","","",""
"","295","GET /api/colors/Yellow should return the correct hex code","bs-pixel-7","2026-09-05","passed","2026-09-05","Backend API Integration","","",""
"","3852","delete API error shows alert banner","bs-safari-ventura","2026-09-05","passed","2026-09-05","Color Management — Add & Delete","","",""
"","194","unknown extra fields in POST body are rejected (400)","bs-safari-ventura","2026-09-05","passed","2026-09-05","Security > Input Validation","","",""
"","30","GET /api/colors/Turquoise should return the correct hex code","Chrome","2026-09-05","passed","2026-09-05","Backend API Integration","tests/api.spec.ts","",""
"","578","should gracefully handle a color not found in the database","Chrome","2026-09-05","passed","2026-09-05","Network Mocking & Interception","tests/network-mocking.spec.ts","",""
"","903","verify Turquoise ( #1abc9c ) is applied as the background color","Chrome","2026-09-05","passed","2026-09-05","Background color tests","tests/coverage.spec.ts","",""
"","278","X-Powered-By header is not exposed","bs-safari-ventura","2026-09-05","passed","2026-09-05","Security > Security Headers","","",""
"","732","handle initial fetch error","Chrome","2026-09-05","passed","2026-09-05","Edge cases and error handling","tests/coverage.spec.ts","",""
"","1019","clicking ""+ Add color"" opens the picker modal","bs-pixel-7","2026-09-05","passed","2026-09-05","Color Management — Add & Delete","","",""
"","8126","should meet the accessibility threshold using Google Lighthouse","Chrome","2026-09-05","passed","2026-09-05","Accessibility Tests","tests/a11y.spec.ts","",""
"","3","Server Unit Tests Surviving Mutants & Edge Cases OpenAPI Content-Type has application/json content-type","","2026-09-05","passed","2026-09-05","","Server Unit Tests","Server Unit Tests Surviving Mutants & Edge Cases OpenAPI Content-Type has application/json content-type",""
"","924","should create dynamic random color via API and verify through UI","Chrome","2026-09-05","passed","2026-09-05","Random Data Testing with faker.js","tests/random-data.spec.ts","",""
"","4","Server Unit Tests Surviving Mutants & Edge Cases Swagger Metadata & OpenAPI has exact server metadata","","2026-09-05","passed","2026-09-05","","Server Unit Tests","Server Unit Tests Surviving Mutants & Edge Cases Swagger Metadata & OpenAPI has exact server metadata",""
"","308","GET /api/colors/:name should return 404 for non-existent color","bs-iphone-15","2026-09-05","passed","2026-09-05","Backend API Integration","","",""
"","488","should return 404 when updating non-existent color","bs-iphone-15","2026-09-05","passed","2026-09-05","Backend API Integration > PUT /api/colors/:name Schema Validation","","",""
"","13","Server Integration Tests (Testcontainers) GET /api/colors should not expose _id or __v fields","","2026-09-05","passed","2026-09-05","","Server Integration Tests (Testcontainers)","Server Integration Tests (Testcontainers) GET /api/colors should not expose _id or __v fields",""
"","28","Server Unit Tests Surviving Mutants & Edge Cases Strict Path & Method Validation kills allowedMethods mutants by exhaustive testing","","2026-09-05","passed","2026-09-05","","Server Unit Tests","Server Unit Tests Surviving Mutants & Edge Cases Strict Path & Method Validation kills allowedMethods mutants by exhaustive testing",""
"","1","homepage initial state","Chrome","2026-09-05","skipped","2026-09-05","Percy Visual Regression – Production > Percy – desktop-xl (1920×1080)","","",""
"","4","Server Unit Tests PUT /api/colors/:name returns 400 for invalid hex on update","","2026-09-05","passed","2026-09-05","","Server Unit Tests","Server Unit Tests PUT /api/colors/:name returns 400 for invalid hex on update",""
"","5","Server Unit Tests Surviving Mutants & Edge Cases Regex & Validation Zod required_error messages are correct","","2026-09-05","passed","2026-09-05","","Server Unit Tests","Server Unit Tests Surviving Mutants & Edge Cases Regex & Validation Zod required_error messages are correct",""
"","20","Server Integration Tests (Testcontainers) POST /api/colors should create a new color and persist it in the real database","","2026-09-05","passed","2026-09-05","","Server Integration Tests (Testcontainers)","Server Integration Tests (Testcontainers) POST /api/colors should create a new color and persist it in the real database",""
"","10","Server Unit Tests DELETE /api/colors/:name deletes an existing color and returns success message","","2026-09-05","passed","2026-09-05","","Server Unit Tests","Server Unit Tests DELETE /api/colors/:name deletes an existing color and returns success message",""
"","852","handle color response missing hex property","bs-pixel-7","2026-09-05","passed","2026-09-05","Edge cases and error handling","","",""
"","285","GET /api/colors should return colors sorted alphabetically by name","bs-pixel-7","2026-09-05","passed","2026-09-05","Backend API Integration","","",""
"","1571","verify Red ( #e74c3c ) is applied as the background color","bs-firefox-win11","2026-09-05","passed","2026-09-05","POM Refactored: Background color tests","","",""
"","679","should gracefully handle a color not found in the database","bs-pixel-7","2026-09-05","passed","2026-09-05","Network Mocking & Interception","","",""
"","317","homepage should match snapshot","percy","2026-09-05","skipped","2026-09-05","Visual Regression – iphone-se (375×667)","","",""
"","7","Server Integration Tests (Testcontainers) POST /api/colors should return 400 when name is missing","","2026-09-05","passed","2026-09-05","","Server Integration Tests (Testcontainers)","Server Integration Tests (Testcontainers) POST /api/colors should return 400 when name is missing",""
"","2080","should not have any automatically detectable accessibility issues","bs-pixel-7","2026-09-05","passed","2026-09-05","Accessibility Tests","","",""
"Performance Test: UI Performance Test
File: ui-performance.spec.ts
Total Iterations: 53
Max VUs: 1

HTTP Request Duration:
- Avg: 328.83ms
- P(95): 328.83ms
- Max: 328.83ms

Full metrics attached in the results.","737675","UI Performance Test","Performance","2026-09-05","passed","2026-09-05","ui-performance.spec.ts","UI Performance Test","",""
"","1647","Escape key closes the confirm dialog","bs-iphone-15","2026-09-05","passed","2026-09-05","Color Management — Add & Delete","","",""
"","6","Server Unit Tests Surviving Mutants & Edge Cases Regex & Validation hex regex kills mutants by testing boundaries and formats","","2026-09-05","passed","2026-09-05","","Server Unit Tests","Server Unit Tests Surviving Mutants & Edge Cases Regex & Validation hex regex kills mutants by testing boundaries and formats",""
"","1233","shows 409 duplicate error from server inside the picker","bs-chrome-win11","2026-09-05","passed","2026-09-05","Color Management — Add & Delete","","",""
"","1624","handle initial fetch error","bs-firefox-win11","2026-09-05","passed","2026-09-05","Edge cases and error handling","","",""
"","230","POST with HTML tag in name is rejected (400)","bs-iphone-15","2026-09-05","passed","2026-09-05","Security > XSS Prevention","","",""
"","1307","changing color to Yellow should reflect in UI and DOM","bs-pixel-7","2026-09-05","passed","2026-09-05","Data-Driven Testing","","",""
"","1280","changing color to Turquoise should reflect in UI and DOM","bs-pixel-7","2026-09-05","passed","2026-09-05","Data-Driven Testing","","",""
"","1548","handle color selection fetch error","bs-iphone-15","2026-09-05","passed","2026-09-05","Edge cases and error handling","","",""
"","203","NoSQL operator in GET path param is rejected (400 or 404)","bs-pixel-7","2026-09-05","passed","2026-09-05","Security > Injection Prevention","","",""
"","193","SQL injection characters in name are rejected (400)","bs-chrome-win11","2026-09-05","passed","2026-09-05","Security > Injection Prevention","","",""
"","10","Server Unit Tests POST /api/reseed returns 200 and reseeds the database with a valid token","","2026-09-05","passed","2026-09-05","","Server Unit Tests","Server Unit Tests POST /api/reseed returns 200 and reseeds the database with a valid token",""
"","6299","deleting the active color switches background to the first remaining","bs-safari-ventura","2026-09-05","passed","2026-09-05","Color Management — Add & Delete","","",""
"","5","Server Unit Tests POST /api/colors returns 409 for a duplicate color name with descriptive error","","2026-09-05","passed","2026-09-05","","Server Unit Tests","Server Unit Tests POST /api/colors returns 409 for a duplicate color name with descriptive error",""
"","3437","cancel in confirm dialog closes it without deleting","bs-safari-ventura","2026-09-05","passed","2026-09-05","Color Management — Add & Delete","","",""
"Performance Test: API Performance Test
File: api-performance.spec.ts
Total Iterations: 48
Max VUs: 1

HTTP Request Duration:
- Avg: 167.64ms
- P(95): 239.54ms
- Max: 417.44ms

Full metrics attached in the results.","768624","API Performance Test","Performance","2026-09-05","passed","2026-09-05","api-performance.spec.ts","API Performance Test","",""
"","2330","verify Red ( #e74c3c ) is applied as the background color","bs-iphone-15","2026-09-05","passed","2026-09-05","Background color tests","","",""
"","22","oversized payload is rejected (413)","Chrome","2026-09-05","passed","2026-09-05","Security > Input Validation","tests/security.spec.ts","",""
"","3629","homepage after color change","percy","2026-09-05","passed","2026-09-05","Percy Visual Regression – Production > Percy – tablet (768×1024)","","",""
"","11","NoSQL operator in GET path param is rejected (400 or 404)","Chrome","2026-09-05","passed","2026-09-05","Security > Injection Prevention","tests/security.spec.ts","",""
"","587","first color chip is active on load (aria-pressed=true)","Chrome","2026-09-05","passed","2026-09-05","Color Management — Add & Delete","tests/color-management.spec.ts","",""
"","298","GET /api/colors/:name should return 404 for non-existent color","bs-pixel-7","2026-09-05","passed","2026-09-05","Backend API Integration","","",""
"","205","should reject empty name","bs-chrome-win11","2026-09-05","passed","2026-09-05","Backend API Integration > POST /api/colors Schema Validation","","",""
"","72","should return 404 when updating non-existent color","Chrome","2026-09-05","passed","2026-09-05","Backend API Integration > PUT /api/colors/:name Schema Validation","tests/api.spec.ts","",""
"","196","POST /api-docs returns 405","bs-safari-ventura","2026-09-05","passed","2026-09-05","Security > HTTP Method Restrictions","","",""
"","4","Server Unit Tests POST /api/colors returns 400 for extra unknown fields (strict schema)","","2026-09-05","passed","2026-09-05","","Server Unit Tests","Server Unit Tests POST /api/colors returns 400 for extra unknown fields (strict schema)",""
"","7","empty body on POST returns 400","Chrome","2026-09-05","passed","2026-09-05","Security > Input Validation","tests/security.spec.ts","",""
"","715","should gracefully handle a color not found in the database","bs-chrome-win11","2026-09-05","passed","2026-09-05","Network Mocking & Interception","","",""
"","1063","clicking a chip makes it active","bs-pixel-7","2026-09-05","passed","2026-09-05","Color Management — Add & Delete","","",""
"","4253","should maintain accessibility after state change (color update)","bs-firefox-win11","2026-09-05","passed","2026-09-05","Accessibility Tests","","",""
"","332","GET /api/colors/:name should return 404 for non-existent color","bs-safari-ventura","2026-09-05","passed","2026-09-05","Backend API Integration","","",""
"","590","should delete an existing color","bs-pixel-7","2026-09-05","passed","2026-09-05","Backend API Integration > DELETE /api/colors/:name","","",""
"","198","unknown extra fields in POST body are rejected (400)","bs-pixel-7","2026-09-05","passed","2026-09-05","Security > Input Validation","","",""
"","806","chip-x click opens confirm dialog with color name","bs-chrome-win11","2026-09-05","passed","2026-09-05","Color Management — Add & Delete","","",""
"","3702","shows 409 duplicate error from server inside the picker","bs-firefox-win11","2026-09-05","passed","2026-09-05","Color Management — Add & Delete","","",""
"","3","Server Unit Tests 405 Method Not Allowed returns 405 for PATCH on /api/colors","","2026-09-05","passed","2026-09-05","","Server Unit Tests","Server Unit Tests 405 Method Not Allowed returns 405 for PATCH on /api/colors",""
"","3787","should not have any automatically detectable accessibility issues","bs-firefox-win11","2026-09-05","passed","2026-09-05","Accessibility Tests","","",""
"","271","should return 404 for non-existent color deletion","bs-pixel-7","2026-09-05","passed","2026-09-05","Backend API Integration > DELETE /api/colors/:name","","",""
"","291","should return 404 for non-existent color deletion","bs-chrome-win11","2026-09-05","passed","2026-09-05","Backend API Integration > DELETE /api/colors/:name","","",""
"","15","Server Integration Tests (Testcontainers) PUT /api/colors/:name should rename a color and make old name return 404","","2026-09-05","passed","2026-09-05","","Server Integration Tests (Testcontainers)","Server Integration Tests (Testcontainers) PUT /api/colors/:name should rename a color and make old name return 404",""
"","1300","check Turquoise ( #1abc9c) is the default background color.","bs-firefox-win11","2026-09-05","passed","2026-09-05","","","",""
"","467","Example #1","BDD","2026-09-05","passed","2026-09-05","Language Switching > Switch language and verify translated UI labels","","",""
"","189","NoSQL injection object in name is rejected (400)","bs-iphone-15","2026-09-05","passed","2026-09-05","Security > Injection Prevention","","",""
"","188","should reject missing hex","bs-pixel-7","2026-09-05","passed","2026-09-05","Backend API Integration > POST /api/colors Schema Validation","","",""
"","302","GET /api/colors should return colors sorted alphabetically by name","bs-safari-ventura","2026-09-05","passed","2026-09-05","Backend API Integration","","",""
"","3233","cancel in confirm dialog closes it without deleting","bs-firefox-win11","2026-09-05","passed","2026-09-05","Color Management — Add & Delete","","",""
"","967","Cancel button closes the picker","Chrome","2026-09-05","passed","2026-09-05","Color Management — Add & Delete","tests/color-management.spec.ts","",""
"","4134","successfully adds a new color and shows its chip","bs-iphone-15","2026-09-05","passed","2026-09-05","Color Management — Add & Delete","","",""
"","10","Server Integration Tests (Testcontainers) GET /api/colors should return colors sorted alphabetically by name","","2026-09-05","passed","2026-09-05","","Server Integration Tests (Testcontainers)","Server Integration Tests (Testcontainers) GET /api/colors should return colors sorted alphabetically by name",""
"","3","Server Unit Tests POST /api/reseed returns 401 when Bearer scheme prefix is missing","","2026-09-05","passed","2026-09-05","","Server Unit Tests","Server Unit Tests POST /api/reseed returns 401 when Bearer scheme prefix is missing",""
"","827","verify language switcher changes document language","bs-chrome-win11","2026-09-05","passed","2026-09-05","","","",""
"","1164","Cancel button closes the picker","bs-chrome-win11","2026-09-05","passed","2026-09-05","Color Management — Add & Delete","","",""
"","175","should reject invalid hex format on update","bs-pixel-7","2026-09-05","passed","2026-09-05","Backend API Integration > PUT /api/colors/:name Schema Validation","","",""
"","9","Server Unit Tests seedDatabase clears existing colors and re-seeds with 3 defaults","","2026-09-05","passed","2026-09-05","","Server Unit Tests","Server Unit Tests seedDatabase clears existing colors and re-seeds with 3 defaults",""
"","201","should reject omitting both name and hex on update","bs-pixel-7","2026-09-05","passed","2026-09-05","Backend API Integration > PUT /api/colors/:name Schema Validation","","",""
"","1309","verify Red ( #e74c3c ) is applied as the background color","bs-pixel-7","2026-09-05","passed","2026-09-05","Background color tests","","",""
"","12590","should not have any automatically detectable accessibility issues","bs-safari-ventura","2026-09-05","passed","2026-09-05","Accessibility Tests","","",""
"","806","should return 409 for duplicate color creation","bs-safari-ventura","2026-09-05","passed","2026-09-05","Backend API Integration > POST /api/colors Schema Validation","","",""
"","0","homepage after color change","Chrome","2026-09-05","skipped","2026-09-05","Percy Visual Regression – Production > Percy – tablet (768×1024)","","",""
"","185","malformed JSON body returns 400","bs-safari-ventura","2026-09-05","passed","2026-09-05","Security > Input Validation","","",""
"","191","should reject empty name","bs-pixel-7","2026-09-05","passed","2026-09-05","Backend API Integration > POST /api/colors Schema Validation","","",""
"","284","should return 404 for non-existent color deletion","bs-iphone-15","2026-09-05","passed","2026-09-05","Backend API Integration > DELETE /api/colors/:name","","",""
"","5","Server Unit Tests PUT /api/colors/:name does not change name when updating only hex","","2026-09-05","passed","2026-09-05","","Server Unit Tests","Server Unit Tests PUT /api/colors/:name does not change name when updating only hex",""
"","16","NoSQL injection object in name is rejected (400)","Chrome","2026-09-05","passed","2026-09-05","Security > Injection Prevention","tests/security.spec.ts","",""
"","177","NoSQL $where operator in name is rejected (400)","bs-pixel-7","2026-09-05","passed","2026-09-05","Security > Injection Prevention","","",""
"","1692","close (×) button closes the picker","bs-firefox-win11","2026-09-05","passed","2026-09-05","Color Management — Add & Delete","","",""
"","503","Escape key closes the confirm dialog","Chrome","2026-09-05","passed","2026-09-05","Color Management — Add & Delete","tests/color-management.spec.ts","",""
"","16","GET /api/colors/Yellow should return the correct hex code","Chrome","2026-09-05","passed","2026-09-05","Backend API Integration","tests/api.spec.ts","",""
"","4","Server Unit Tests POST /api/colors returns 400 for name with only spaces","","2026-09-05","passed","2026-09-05","","Server Unit Tests","Server Unit Tests POST /api/colors returns 400 for name with only spaces",""
"","1985","color names rendered in the UI do not trigger script execution","bs-safari-ventura","2026-09-05","passed","2026-09-05","Security > XSS Prevention","","",""
"","10","Server Unit Tests PUT /api/colors/:name updates the name of an existing color and preserves hex","","2026-09-05","passed","2026-09-05","","Server Unit Tests","Server Unit Tests PUT /api/colors/:name updates the name of an existing color and preserves hex",""
"","1924","should create color via API and verify through UI","bs-pixel-7","2026-09-05","passed","2026-09-05","Hybrid E2E Testing","","",""
"","651","clicking ""+ Add color"" opens the picker modal","Chrome","2026-09-05","passed","2026-09-05","Color Management — Add & Delete","tests/color-management.spec.ts","",""
"","7","DELETE /api/colors (collection) returns 405","Chrome","2026-09-05","passed","2026-09-05","Security > HTTP Method Restrictions","tests/security.spec.ts","",""
"","509","homepage should match snapshot","percy","2026-09-05","skipped","2026-09-05","Visual Regression – desktop-xl (1920×1080)","","",""
"","616","should create a new color with valid schema","bs-iphone-15","2026-09-05","passed","2026-09-05","Backend API Integration > POST /api/colors Schema Validation","","",""
"","3855","shows server-error message on 500 inside the picker","bs-iphone-15","2026-09-05","passed","2026-09-05","Color Management — Add & Delete","","",""
"","1119","shows client-side validation error for invalid name chars","bs-chrome-win11","2026-09-05","passed","2026-09-05","Color Management — Add & Delete","","",""
"","1521","shows server-error message on 500 inside the picker","bs-firefox-win11","2026-09-05","passed","2026-09-05","Color Management — Add & Delete","","",""
"","195","error responses return JSON, not HTML (no info leakage)","bs-chrome-win11","2026-09-05","passed","2026-09-05","Security > Security Headers","","",""
"","372","Server Unit Tests Surviving Mutants & Edge Cases Infrastructure uses default MONGO_URI when process.env.MONGO_URI is missing","","2026-09-05","passed","2026-09-05","","Server Unit Tests","Server Unit Tests Surviving Mutants & Edge Cases Infrastructure uses default MONGO_URI when process.env.MONGO_URI is missing",""
"","315","Server Unit Tests Surviving Mutants & Edge Cases Port Fallback reflects process.env.PORT in Swagger servers","","2026-09-05","passed","2026-09-05","","Server Unit Tests","Server Unit Tests Surviving Mutants & Edge Cases Port Fallback reflects process.env.PORT in Swagger servers",""
"","1054","first color chip is active on load (aria-pressed=true)","bs-iphone-15","2026-09-05","passed","2026-09-05","Color Management — Add & Delete","","",""
"","29","POST with script tag in name is rejected (400)","Chrome","2026-09-05","passed","2026-09-05","Security > XSS Prevention","tests/security.spec.ts","",""
"","174","SQL injection characters in name are rejected (400)","bs-iphone-15","2026-09-05","passed","2026-09-05","Security > Injection Prevention","","",""
"","1067","should show loading state when API returns empty colors","bs-safari-ventura","2026-09-05","passed","2026-09-05","UI Error Handling Coverage","","",""
"","305","GET /api/colors/Red should return the correct hex code","bs-iphone-15","2026-09-05","passed","2026-09-05","Backend API Integration","","",""
"","41","Server Unit Tests GET /api/colors returns all seeded colors with correct names and hex values","","2026-09-05","passed","2026-09-05","","Server Unit Tests","Server Unit Tests GET /api/colors returns all seeded colors with correct names and hex values",""
"","320","GET /api/colors/Red should return the correct hex code","bs-safari-ventura","2026-09-05","passed","2026-09-05","Backend API Integration","","",""
"","1","homepage after color change","Chrome","2026-09-05","skipped","2026-09-05","Percy Visual Regression – Production > Percy – desktop (1280×720)","","",""
"","4","Server Unit Tests POST /api/colors returns 400 when name is missing","","2026-09-05","passed","2026-09-05","","Server Unit Tests","Server Unit Tests POST /api/colors returns 400 when name is missing",""
"","1127","successful delete removes the chip","bs-pixel-7","2026-09-05","passed","2026-09-05","Color Management — Add & Delete","","",""
"","1476","shows client-side ""Name is required"" when submitting empty name","bs-firefox-win11","2026-09-05","passed","2026-09-05","Color Management — Add & Delete","","",""
"","2236","should create dynamic random color via API and verify through UI","bs-iphone-15","2026-09-05","passed","2026-09-05","Random Data Testing with faker.js","","",""
"","189","error responses return JSON, not HTML (no info leakage)","bs-firefox-win11","2026-09-05","passed","2026-09-05","Security > Security Headers","","",""
"","584","should create a new color with valid schema","bs-safari-ventura","2026-09-05","passed","2026-09-05","Backend API Integration > POST /api/colors Schema Validation","","",""
"","622","should handle fetch colors network failure gracefully","bs-pixel-7","2026-09-05","passed","2026-09-05","UI Error Handling Coverage","","",""
"","2038","should create color via API and verify through UI","bs-chrome-win11","2026-09-05","passed","2026-09-05","Hybrid E2E Testing","","",""
"","551","chip-x click opens confirm dialog with color name","Chrome","2026-09-05","passed","2026-09-05","Color Management — Add & Delete","tests/color-management.spec.ts","",""
"","179","POST with javascript: URI in name is rejected (400)","bs-safari-ventura","2026-09-05","passed","2026-09-05","Security > XSS Prevention","","",""
"","2524","color names rendered in the UI do not trigger script execution","bs-firefox-win11","2026-09-05","passed","2026-09-05","Security > XSS Prevention","","",""
"","887","should update a color with valid schema","bs-iphone-15","2026-09-05","passed","2026-09-05","Backend API Integration > PUT /api/colors/:name Schema Validation","","",""
"","1565","handle initial fetch error","bs-safari-ventura","2026-09-05","passed","2026-09-05","Edge cases and error handling","","",""
"","520","handle color selection fetch error","Chrome","2026-09-05","passed","2026-09-05","Edge cases and error handling","tests/coverage.spec.ts","",""
"","4","Server Unit Tests POST /api/colors returns 400 for name with whitespace","","2026-09-05","passed","2026-09-05","","Server Unit Tests","Server Unit Tests POST /api/colors returns 400 for name with whitespace",""
"","1890","delete API error shows alert banner","bs-firefox-win11","2026-09-05","passed","2026-09-05","Color Management — Add & Delete","","",""
"","4","Server Unit Tests 405 Method Not Allowed sets the Allow header on /api/colors/:name with correct methods","","2026-09-05","passed","2026-09-05","","Server Unit Tests","Server Unit Tests 405 Method Not Allowed sets the Allow header on /api/colors/:name with correct methods",""
"","3","Server Unit Tests POST /api/reseed returns 401 when Authorization header is missing","","2026-09-05","passed","2026-09-05","","Server Unit Tests","Server Unit Tests POST /api/reseed returns 401 when Authorization header is missing",""
"","4","Server Unit Tests Middleware includes CORS headers","","2026-09-05","passed","2026-09-05","","Server Unit Tests","Server Unit Tests Middleware includes CORS headers",""
"","12","Server Unit Tests Surviving Mutants & Edge Cases Regex & Validation STRICT_NAME_REGEX kills mutants on optionality and length","","2026-09-05","passed","2026-09-05","","Server Unit Tests","Server Unit Tests Surviving Mutants & Edge Cases Regex & Validation STRICT_NAME_REGEX kills mutants on optionality and length",""
"","4","Server Unit Tests POST /api/reseed returns 401 when RESEED_API_TOKEN is not configured","","2026-09-05","passed","2026-09-05","","Server Unit Tests","Server Unit Tests POST /api/reseed returns 401 when RESEED_API_TOKEN is not configured",""
"","4128","successfully adds a new color and shows its chip","bs-safari-ventura","2026-09-05","passed","2026-09-05","Color Management — Add & Delete","","",""
"","353","GET /api/colors/Yellow should return the correct hex code","bs-safari-ventura","2026-09-05","passed","2026-09-05","Backend API Integration","","",""
"","1397","handle initial fetch with empty data","bs-firefox-win11","2026-09-05","passed","2026-09-05","Edge cases and error handling","","",""
"","1365","verify Yellow ( #f1c40f ) is applied as the background color","bs-chrome-win11","2026-09-05","passed","2026-09-05","POM Refactored: Background color tests","","",""
"","1508","verify language switcher changes document language","bs-iphone-15","2026-09-05","passed","2026-09-05","","","",""
"","1851","chip-x click opens confirm dialog with color name","bs-safari-ventura","2026-09-05","passed","2026-09-05","Color Management — Add & Delete","","",""
"","179","PUT /openapi.json returns 405","bs-iphone-15","2026-09-05","passed","2026-09-05","Security > HTTP Method Restrictions","","",""
"","359","GET /api/colors/Red should return the correct hex code","bs-chrome-win11","2026-09-05","passed","2026-09-05","Backend API Integration","","",""
"","606","handle initial fetch with empty data","Chrome","2026-09-05","passed","2026-09-05","Edge cases and error handling","tests/coverage.spec.ts","",""
"","4","Server Unit Tests PUT /api/colors/:name returns 400 for invalid name with special characters","","2026-09-05","passed","2026-09-05","","Server Unit Tests","Server Unit Tests PUT /api/colors/:name returns 400 for invalid name with special characters",""
"","3","Server Unit Tests Middleware handles non-JSON content type gracefully on POST","","2026-09-05","passed","2026-09-05","","Server Unit Tests","Server Unit Tests Middleware handles non-JSON content type gracefully on POST",""
"","2083","verify Turquoise ( #1abc9c ) is applied as the background color","bs-safari-ventura","2026-09-05","passed","2026-09-05","POM Refactored: Background color tests","","",""
"","3316","should not have any automatically detectable accessibility issues","bs-iphone-15","2026-09-05","passed","2026-09-05","Accessibility Tests","","",""
"","2494","verify Turquoise ( #1abc9c ) is applied as the background color","bs-safari-ventura","2026-09-05","passed","2026-09-05","Background color tests","","",""
"","1535","verify Turquoise ( #1abc9c ) is applied as the background color","bs-chrome-win11","2026-09-05","passed","2026-09-05","Background color tests","","",""
"","639","should handle fetch colors network failure gracefully","bs-chrome-win11","2026-09-05","passed","2026-09-05","UI Error Handling Coverage","","",""
"","1501","Cancel button closes the picker","bs-firefox-win11","2026-09-05","passed","2026-09-05","Color Management — Add & Delete","","",""
"","3127","deleting the active color switches background to the first remaining","bs-iphone-15","2026-09-05","passed","2026-09-05","Color Management — Add & Delete","","",""
"","6","Server Unit Tests 405 Method Not Allowed returns 405 for POST, PUT, DELETE on /api-docs","","2026-09-05","passed","2026-09-05","","Server Unit Tests","Server Unit Tests 405 Method Not Allowed returns 405 for POST, PUT, DELETE on /api-docs",""
"","274","error responses return JSON, not HTML (no info leakage)","bs-iphone-15","2026-09-05","passed","2026-09-05","Security > Security Headers","","",""
"","2023","changing color to Red should reflect in UI and DOM","bs-iphone-15","2026-09-05","passed","2026-09-05","Data-Driven Testing","","",""
"","1242","close (×) button closes the picker","bs-pixel-7","2026-09-05","passed","2026-09-05","Color Management — Add & Delete","","",""
"","214","malformed JSON body returns 400","bs-pixel-7","2026-09-05","passed","2026-09-05","Security > Input Validation","","",""
"","4","Server Unit Tests Error Handling POST /api/colors returns 409 when database throws duplicate key error (code 11000)","","2026-09-05","passed","2026-09-05","","Server Unit Tests","Server Unit Tests Error Handling POST /api/colors returns 409 when database throws duplicate key error (code 11000)",""
"","2007","changing color to Red should reflect in UI and DOM","bs-safari-ventura","2026-09-05","passed","2026-09-05","Data-Driven Testing","","",""
"","11","Server Integration Tests (Testcontainers) Concurrent writes should handle parallel GETs without errors","","2026-09-05","passed","2026-09-05","","Server Integration Tests (Testcontainers)","Server Integration Tests (Testcontainers) Concurrent writes should handle parallel GETs without errors",""
"","7","Server Integration Tests (Testcontainers) PUT /api/colors/:name should return 400 when update body is empty","","2026-09-05","passed","2026-09-05","","Server Integration Tests (Testcontainers)","Server Integration Tests (Testcontainers) PUT /api/colors/:name should return 400 when update body is empty",""
"","7","Server Unit Tests POST /api/colors applies the createColorLimiter rate limit headers","","2026-09-05","passed","2026-09-05","","Server Unit Tests","Server Unit Tests POST /api/colors applies the createColorLimiter rate limit headers",""
"","5","Server Unit Tests Surviving Mutants & Edge Cases PUT logic kills hex regex mutant in PUT","","2026-09-05","passed","2026-09-05","","Server Unit Tests","Server Unit Tests Surviving Mutants & Edge Cases PUT logic kills hex regex mutant in PUT",""
"","893","should update a color with valid schema","bs-firefox-win11","2026-09-05","passed","2026-09-05","Backend API Integration > PUT /api/colors/:name Schema Validation","","",""
"","2301","should create dynamic random color via API and verify through UI","bs-safari-ventura","2026-09-05","passed","2026-09-05","Random Data Testing with faker.js","","",""
"","191","empty body on POST returns 400","bs-iphone-15","2026-09-05","passed","2026-09-05","Security > Input Validation","","",""
"","5905","close (×) button closes the picker","bs-safari-ventura","2026-09-05","passed","2026-09-05","Color Management — Add & Delete","","",""
"","4","Server Unit Tests Middleware returns 400 for malformed JSON body","","2026-09-05","passed","2026-09-05","","Server Unit Tests","Server Unit Tests Middleware returns 400 for malformed JSON body",""
"","7","Server Unit Tests GET /api/colors/:name returns a single color by name with correct fields","","2026-09-05","passed","2026-09-05","","Server Unit Tests","Server Unit Tests GET /api/colors/:name returns a single color by name with correct fields",""
"","435","Example #3","BDD","2026-09-05","passed","2026-09-05","Language Switching > Switch language and verify translated UI labels","","",""
"","526","should handle missing image gracefully by showing alt text","bs-chrome-win11","2026-09-05","passed","2026-09-05","Network Mocking & Interception","","",""
"","1957","chip-x click opens confirm dialog with color name","bs-iphone-15","2026-09-05","passed","2026-09-05","Color Management — Add & Delete","","",""
"","6","Server Unit Tests 405 Method Not Allowed does not return 405 for allowed PUT method on /api/colors/:name","","2026-09-05","passed","2026-09-05","","Server Unit Tests","Server Unit Tests 405 Method Not Allowed does not return 405 for allowed PUT method on /api/colors/:name",""
"","237","should reject missing name","bs-chrome-win11","2026-09-05","passed","2026-09-05","Backend API Integration > POST /api/colors Schema Validation","","",""
"","1004","should show loading state when API returns empty colors","bs-iphone-15","2026-09-05","passed","2026-09-05","UI Error Handling Coverage","","",""
"","333","GET /api/colors/Turquoise should return the correct hex code","bs-iphone-15","2026-09-05","passed","2026-09-05","Backend API Integration","","",""
"","3","Server Unit Tests PUT /api/colors/:name returns 400 for invalid name in path (regex check)","","2026-09-05","passed","2026-09-05","","Server Unit Tests","Server Unit Tests PUT /api/colors/:name returns 400 for invalid name in path (regex check)",""
"","788","should display all core elements and handle button interaction","percy","2026-09-05","skipped","2026-09-05","Responsive Design – tablet (768×1024)","","",""
"","4","Server Unit Tests OpenAPI endpoints serves the OpenAPI JSON spec with exact metadata","","2026-09-05","passed","2026-09-05","","Server Unit Tests","Server Unit Tests OpenAPI endpoints serves the OpenAPI JSON spec with exact metadata",""
"","9","malformed JSON body returns 400","Chrome","2026-09-05","passed","2026-09-05","Security > Input Validation","tests/security.spec.ts","",""
"","3052","successful delete removes the chip","bs-safari-ventura","2026-09-05","passed","2026-09-05","Color Management — Add & Delete","","",""
"","2146","verify Red ( #e74c3c ) is applied as the background color","bs-safari-ventura","2026-09-05","passed","2026-09-05","POM Refactored: Background color tests","","",""
"","607","should create a new color with valid schema","bs-chrome-win11","2026-09-05","passed","2026-09-05","Backend API Integration > POST /api/colors Schema Validation","","",""
"","5","Server Unit Tests 405 Method Not Allowed does not return 405 for allowed GET method on /api/colors","","2026-09-05","passed","2026-09-05","","Server Unit Tests","Server Unit Tests 405 Method Not Allowed does not return 405 for allowed GET method on /api/colors",""
"","7","Server Unit Tests GET /api/colors/:name returns Turquoise color correctly","","2026-09-05","passed","2026-09-05","","Server Unit Tests","Server Unit Tests GET /api/colors/:name returns Turquoise color correctly",""
"","312","GET /api/colors/Yellow should return the correct hex code","bs-iphone-15","2026-09-05","passed","2026-09-05","Backend API Integration","","",""
"","3542","shows 409 duplicate error from server inside the picker","bs-iphone-15","2026-09-05","passed","2026-09-05","Color Management — Add & Delete","","",""
"","288","GET /api/colors/Red should return the correct hex code","bs-pixel-7","2026-09-05","passed","2026-09-05","Backend API Integration","","",""
"","1179","should display all core elements and handle button interaction","Chrome","2026-09-05","passed","2026-09-05","Responsive Design – tablet (768×1024)","","",""
"","3964","homepage initial state","percy","2026-09-05","passed","2026-09-05","Percy Visual Regression – Production > Percy – desktop (1280×720)","","",""
"","4090","shows 409 duplicate error from server inside the picker","bs-safari-ventura","2026-09-05","passed","2026-09-05","Color Management — Add & Delete","","",""
"","324","GET /api/colors should return colors sorted alphabetically by name","bs-firefox-win11","2026-09-05","passed","2026-09-05","Backend API Integration","","",""
"","1694","should handle missing image gracefully by showing alt text","bs-firefox-win11","2026-09-05","passed","2026-09-05","Network Mocking & Interception","","",""
"","1390","should meet the accessibility threshold using Google Lighthouse","bs-firefox-win11","2026-09-05","skipped","2026-09-05","Accessibility Tests","","",""
"","364","GET /api/colors/Turquoise should return the correct hex code","bs-safari-ventura","2026-09-05","passed","2026-09-05","Backend API Integration","","",""
"","198","unknown extra fields in POST body are rejected (400)","bs-firefox-win11","2026-09-05","passed","2026-09-05","Security > Input Validation","","",""
"","779","chip-x click opens confirm dialog with color name","bs-pixel-7","2026-09-05","passed","2026-09-05","Color Management — Add & Delete","","",""
"","21","Server Unit Tests Surviving Mutants & Edge Cases Regex & Validation STRICT_NAME_REGEX is strict on forbidden special characters in the middle","","2026-09-05","passed","2026-09-05","","Server Unit Tests","Server Unit Tests Surviving Mutants & Edge Cases Regex & Validation STRICT_NAME_REGEX is strict on forbidden special characters in the middle",""
"","1212","should meet the accessibility threshold using Google Lighthouse","bs-chrome-win11","2026-09-05","skipped","2026-09-05","Accessibility Tests","","",""
"","1534","should meet the accessibility threshold using Google Lighthouse","bs-iphone-15","2026-09-05","skipped","2026-09-05","Accessibility Tests","","",""
"","1605","verify Yellow ( #f1c40f ) is applied as the background color","bs-firefox-win11","2026-09-05","passed","2026-09-05","POM Refactored: Background color tests","","",""
"","3","Server Unit Tests Surviving Mutants & Edge Cases Swagger Metadata & OpenAPI has exact application/json content-type","","2026-09-05","passed","2026-09-05","","Server Unit Tests","Server Unit Tests Surviving Mutants & Edge Cases Swagger Metadata & OpenAPI has exact application/json content-type",""
"","3356","homepage after color change","percy","2026-09-05","passed","2026-09-05","Percy Visual Regression – Production > Percy – desktop-xl (1920×1080)","","",""
"","184","should reject empty name","bs-iphone-15","2026-09-05","passed","2026-09-05","Backend API Integration > POST /api/colors Schema Validation","","",""
"","586","should delete an existing color","bs-iphone-15","2026-09-05","passed","2026-09-05","Backend API Integration > DELETE /api/colors/:name","","",""
"","2937","POST /api/colors","","","passed","","","schemathesis","",""
"","13","Server Integration Tests (Testcontainers) POST /api/colors should return 409 when creating a duplicate color name","","2026-09-05","passed","2026-09-05","","Server Integration Tests (Testcontainers)","Server Integration Tests (Testcontainers) POST /api/colors should return 409 when creating a duplicate color name",""
"","7","Server Unit Tests GET /api/colors/:name returns 404 for a non-existent color","","2026-09-05","passed","2026-09-05","","Server Unit Tests","Server Unit Tests GET /api/colors/:name returns 404 for a non-existent color",""
"","174","should reject updating with empty name","bs-iphone-15","2026-09-05","passed","2026-09-05","Backend API Integration > PUT /api/colors/:name Schema Validation","","",""
"","189","PATCH /api/colors returns 405","bs-safari-ventura","2026-09-05","passed","2026-09-05","Security > HTTP Method Restrictions","","",""
"","205","PATCH /api/colors/:name returns 405","bs-iphone-15","2026-09-05","passed","2026-09-05","Security > HTTP Method Restrictions","","",""
"","536","Show error message when the initial colors fetch fails","BDD","2026-09-05","passed","2026-09-05","API Error Handling","","",""
"","1652","verify Red ( #e74c3c ) is applied as the background color","bs-firefox-win11","2026-09-05","passed","2026-09-05","Background color tests","","",""
"","545","Example #2","BDD","2026-09-05","passed","2026-09-05","Language Switching > Switch language and verify translated UI labels","","",""
"","964","clicking a chip makes it active","Chrome","2026-09-05","passed","2026-09-05","Color Management — Add & Delete","tests/color-management.spec.ts","",""
"","1017","handle color selection fetch error","bs-chrome-win11","2026-09-05","passed","2026-09-05","Edge cases and error handling","","",""
"","1946","should maintain accessibility in el language and verify resilient locators","bs-pixel-7","2026-09-05","passed","2026-09-05","i18n Accessibility Tests","","",""
"","199","should reject updating with empty name","bs-pixel-7","2026-09-05","passed","2026-09-05","Backend API Integration > PUT /api/colors/:name Schema Validation","","",""
"","1","homepage initial state","Chrome","2026-09-05","skipped","2026-09-05","Percy Visual Regression – Production > Percy – tablet (768×1024)","","",""
"","4","Server Unit Tests DELETE /api/colors/:name returns 404 for a non-existent color","","2026-09-05","passed","2026-09-05","","Server Unit Tests","Server Unit Tests DELETE /api/colors/:name returns 404 for a non-existent color",""
"","907","clicking ""+ Add color"" opens the picker modal","bs-chrome-win11","2026-09-05","passed","2026-09-05","Color Management — Add & Delete","","",""
"","311","GET /api/colors/Yellow should return the correct hex code","bs-firefox-win11","2026-09-05","passed","2026-09-05","Backend API Integration","","",""
"","195","should reject missing name","bs-safari-ventura","2026-09-05","passed","2026-09-05","Backend API Integration > POST /api/colors Schema Validation","","",""
"","697","clicking the backdrop closes the picker","Chrome","2026-09-05","passed","2026-09-05","Color Management — Add & Delete","tests/color-management.spec.ts","",""
"","14","NoSQL $where operator in name is rejected (400)","Chrome","2026-09-05","passed","2026-09-05","Security > Injection Prevention","tests/security.spec.ts","",""
"","27","Server Integration Tests (Testcontainers) End-to-end CRUD workflow should create, read, update, and delete a color in sequence","","2026-09-05","passed","2026-09-05","","Server Integration Tests (Testcontainers)","Server Integration Tests (Testcontainers) End-to-end CRUD workflow should create, read, update, and delete a color in sequence",""
"","957","shows a chip for each color with a swatch, name, and delete button","bs-iphone-15","2026-09-05","passed","2026-09-05","Color Management — Add & Delete","","",""
"","3858","should maintain accessibility in en language and verify resilient locators","bs-safari-ventura","2026-09-05","passed","2026-09-05","i18n Accessibility Tests","","",""
"","5","Server Unit Tests Middleware does not include X-Powered-By header","","2026-09-05","passed","2026-09-05","","Server Unit Tests","Server Unit Tests Middleware does not include X-Powered-By header",""
"","799","homepage should match snapshot","Chrome","2026-09-05","passed","2026-09-05","Visual Regression – iphone-se (375×667)","","",""
"","1697","verify Yellow ( #f1c40f ) is applied as the background color","bs-firefox-win11","2026-09-05","passed","2026-09-05","Background color tests","","",""
"","4237","mobile color picker workflow","percy","2026-09-05","passed","2026-09-05","Percy Visual Regression – Production > Percy – Mobile Interactions","","",""
"","1492","should handle color click network failure gracefully","bs-safari-ventura","2026-09-05","passed","2026-09-05","UI Error Handling Coverage","","",""
"","7","PATCH /api/colors/:name returns 405","Chrome","2026-09-05","passed","2026-09-05","Security > HTTP Method Restrictions","tests/security.spec.ts","",""
"","1272","successfully adds a new color and shows its chip","Chrome","2026-09-05","passed","2026-09-05","Color Management — Add & Delete","tests/color-management.spec.ts","",""
"","4","Server Unit Tests 405 Method Not Allowed does not return 405 for allowed GET method on /api/colors/:name","","2026-09-05","passed","2026-09-05","","Server Unit Tests","Server Unit Tests 405 Method Not Allowed does not return 405 for allowed GET method on /api/colors/:name",""
"","302","X-Powered-By header is not exposed","bs-pixel-7","2026-09-05","passed","2026-09-05","Security > Security Headers","","",""
"","190","NoSQL injection object in name is rejected (400)","bs-chrome-win11","2026-09-05","passed","2026-09-05","Security > Injection Prevention","","",""
"","5","Server Unit Tests POST /api/reseed returns 500 when seedDatabase throws","","2026-09-05","passed","2026-09-05","","Server Unit Tests","Server Unit Tests POST /api/reseed returns 500 when seedDatabase throws",""
"","1908","clicking ""+ Add color"" opens the picker modal","bs-safari-ventura","2026-09-05","passed","2026-09-05","Color Management — Add & Delete","","",""
"","11","GET /api/colors/:name should return 404 for non-existent color","Chrome","2026-09-05","passed","2026-09-05","Backend API Integration","tests/api.spec.ts","",""
"","182","POST /api-docs returns 405","bs-firefox-win11","2026-09-05","passed","2026-09-05","Security > HTTP Method Restrictions","","",""
"","744","should display all core elements and handle button interaction","Chrome","2026-09-05","passed","2026-09-05","Responsive Design – iPhone landscape (667×375)","","",""
"","202","POST with script tag in name is rejected (400)","bs-chrome-win11","2026-09-05","passed","2026-09-05","Security > XSS Prevention","","",""
"","13","Server Unit Tests Error Handling POST /api/colors returns 500 when database fails (findOne)","","2026-09-05","passed","2026-09-05","","Server Unit Tests","Server Unit Tests Error Handling POST /api/colors returns 500 when database fails (findOne)",""
"","211","should reject missing hex","bs-chrome-win11","2026-09-05","passed","2026-09-05","Backend API Integration > POST /api/colors Schema Validation","","",""
"","1289","shows client-side ""Name is required"" when submitting empty name","bs-chrome-win11","2026-09-05","passed","2026-09-05","Color Management — Add & Delete","","",""
"","1363","changing color to Yellow should reflect in UI and DOM","bs-chrome-win11","2026-09-05","passed","2026-09-05","Data-Driven Testing","","",""
"","1961","verify Yellow ( #f1c40f ) is applied as the background color","bs-iphone-15","2026-09-05","passed","2026-09-05","POM Refactored: Background color tests","","",""
"","757","should display all core elements and handle button interaction","percy","2026-09-05","skipped","2026-09-05","Responsive Design – iPhone SE (375×667)","","",""
"","322","GET /api/colors/Yellow should return the correct hex code","bs-chrome-win11","2026-09-05","passed","2026-09-05","Backend API Integration","","",""
"","1907","changing color to Turquoise should reflect in UI and DOM","bs-iphone-15","2026-09-05","passed","2026-09-05","Data-Driven Testing","","",""
"","196","POST with script tag in name is rejected (400)","bs-iphone-15","2026-09-05","passed","2026-09-05","Security > XSS Prevention","","",""
"","6","Server Integration Tests (Testcontainers) PUT /api/colors/:name should return 400 for invalid name in URL path","","2026-09-05","passed","2026-09-05","","Server Integration Tests (Testcontainers)","Server Integration Tests (Testcontainers) PUT /api/colors/:name should return 400 for invalid name in URL path",""
"","1344","changing color to Red should reflect in UI and DOM","bs-pixel-7","2026-09-05","passed","2026-09-05","Data-Driven Testing","","",""
"","10","Server Integration Tests (Testcontainers) GET /api/colors/:name should return correct data for Turquoise","","2026-09-05","passed","2026-09-05","","Server Integration Tests (Testcontainers)","Server Integration Tests (Testcontainers) GET /api/colors/:name should return correct data for Turquoise",""
"","5378","Cancel button closes the picker","bs-iphone-15","2026-09-05","passed","2026-09-05","Color Management — Add & Delete","","",""
"","4","Server Unit Tests Error Handling GET /api/colors returns 500 when database fails","","2026-09-05","passed","2026-09-05","","Server Unit Tests","Server Unit Tests Error Handling GET /api/colors returns 500 when database fails",""
"","184","should reject missing hex","bs-firefox-win11","2026-09-05","passed","2026-09-05","Backend API Integration > POST /api/colors Schema Validation","","",""
"","2631","delete API error shows alert banner","bs-iphone-15","2026-09-05","passed","2026-09-05","Color Management — Add & Delete","","",""
"","11","should reject missing name","Chrome","2026-09-05","passed","2026-09-05","Backend API Integration > POST /api/colors Schema Validation","tests/api.spec.ts","",""
"","5661","should load the application and verify core functionality across browsers","WebKit","2026-09-05","passed","2026-09-05","Cross-Browser Core Functionality","","",""
"","2697","should maintain accessibility after state change (color update)","bs-pixel-7","2026-09-05","passed","2026-09-05","Accessibility Tests","","",""
"","11","should reject missing hex","Chrome","2026-09-05","passed","2026-09-05","Backend API Integration > POST /api/colors Schema Validation","tests/api.spec.ts","",""
"","89","POST with HTML tag in name is rejected (400)","Chrome","2026-09-05","passed","2026-09-05","Security > XSS Prevention","tests/security.spec.ts","",""
"","170","POST with HTML tag in name is rejected (400)","bs-firefox-win11","2026-09-05","passed","2026-09-05","Security > XSS Prevention","","",""
"","1313","shows client-side validation error for invalid name chars","bs-pixel-7","2026-09-05","passed","2026-09-05","Color Management — Add & Delete","","",""
"","319","GET /api/colors/:name should return 404 for non-existent color","bs-chrome-win11","2026-09-05","passed","2026-09-05","Backend API Integration","","",""
"","747","shows a chip for each color with a swatch, name, and delete button","bs-chrome-win11","2026-09-05","passed","2026-09-05","Color Management — Add & Delete","","",""
"","1407","should handle color click network failure gracefully","bs-iphone-15","2026-09-05","passed","2026-09-05","UI Error Handling Coverage","","",""
"","179","should reject omitting both name and hex on update","bs-safari-ventura","2026-09-05","passed","2026-09-05","Backend API Integration > PUT /api/colors/:name Schema Validation","","",""
"","183","should reject invalid hex format","bs-pixel-7","2026-09-05","passed","2026-09-05","Backend API Integration > POST /api/colors Schema Validation","","",""
"","9","Server Unit Tests GET /api/colors/:name returns Yellow color correctly","","2026-09-05","passed","2026-09-05","","Server Unit Tests","Server Unit Tests GET /api/colors/:name returns Yellow color correctly",""
"","191","NoSQL $where operator in name is rejected (400)","bs-firefox-win11","2026-09-05","passed","2026-09-05","Security > Injection Prevention","","",""
"","392","should handle fetch colors network failure gracefully","Chrome","2026-09-05","passed","2026-09-05","UI Error Handling Coverage","tests/error-handling.spec.ts","",""
"","290","should return 404 when updating non-existent color","bs-firefox-win11","2026-09-05","passed","2026-09-05","Backend API Integration > PUT /api/colors/:name Schema Validation","","",""
"","6","Server Unit Tests Surviving Mutants & Edge Cases Rate Limiting & Security kills mutants by verifying x-ratelimit headers","","2026-09-05","passed","2026-09-05","","Server Unit Tests","Server Unit Tests Surviving Mutants & Edge Cases Rate Limiting & Security kills mutants by verifying x-ratelimit headers",""
"","10","Server Integration Tests (Testcontainers) GET /api/colors/:name should return correct data for Red","","2026-09-05","passed","2026-09-05","","Server Integration Tests (Testcontainers)","Server Integration Tests (Testcontainers) GET /api/colors/:name should return correct data for Red",""
"","3379","shows client-side validation error for invalid name chars","bs-iphone-15","2026-09-05","passed","2026-09-05","Color Management — Add & Delete","","",""
"","25","should return 409 for duplicate color creation","Chrome","2026-09-05","passed","2026-09-05","Backend API Integration > POST /api/colors Schema Validation","tests/api.spec.ts","",""
"","8911","should maintain accessibility after state change (color update)","bs-safari-ventura","2026-09-05","passed","2026-09-05","Accessibility Tests","","",""
"","841","changing color to Yellow should reflect in UI and DOM","Chrome","2026-09-05","passed","2026-09-05","Data-Driven Testing","tests/data-driven.spec.ts","",""
"","823","verify Yellow ( #f1c40f ) is applied as the background color","Chrome","2026-09-05","passed","2026-09-05","Background color tests","tests/coverage.spec.ts","",""
"","1129","successful delete removes the chip","Chrome","2026-09-05","passed","2026-09-05","Color Management — Add & Delete","tests/color-management.spec.ts","",""
"","1838","successfully adds a new color and shows its chip","bs-firefox-win11","2026-09-05","passed","2026-09-05","Color Management — Add & Delete","","",""
"","0","homepage initial state","Chrome","2026-09-05","skipped","2026-09-05","Percy Visual Regression – Production > Percy – desktop (1280×720)","","",""
"","11","Server Integration Tests (Testcontainers) seedDatabase should always restore the three default seed colors","","2026-09-05","passed","2026-09-05","","Server Integration Tests (Testcontainers)","Server Integration Tests (Testcontainers) seedDatabase should always restore the three default seed colors",""
"","179","PATCH /api/colors returns 405","bs-iphone-15","2026-09-05","passed","2026-09-05","Security > HTTP Method Restrictions","","",""
"","524","changing color to Turquoise should reflect in UI and DOM","Chrome","2026-09-05","passed","2026-09-05","Data-Driven Testing","tests/data-driven.spec.ts","",""
"","1409","shows server-error message on 500 inside the picker","bs-pixel-7","2026-09-05","passed","2026-09-05","Color Management — Add & Delete","","",""
"","4","Server Unit Tests 405 Method Not Allowed sets the Allow header on /api/colors with correct methods","","2026-09-05","passed","2026-09-05","","Server Unit Tests","Server Unit Tests 405 Method Not Allowed sets the Allow header on /api/colors with correct methods",""
"","3746","homepage after color change","percy","2026-09-05","passed","2026-09-05","Percy Visual Regression – Production > Percy – desktop (1280×720)","","",""
"","6","Server Unit Tests Middleware JSON error middleware passes non-syntax errors to next()","","2026-09-05","passed","2026-09-05","","Server Unit Tests","Server Unit Tests Middleware JSON error middleware passes non-syntax errors to next()",""
"","1051","first color chip is active on load (aria-pressed=true)","bs-firefox-win11","2026-09-05","passed","2026-09-05","Color Management — Add & Delete","","",""
"","851","check Turquoise ( #1abc9c) is the default background color.","bs-chrome-win11","2026-09-05","passed","2026-09-05","","","",""
"","1402","should display colors that do not exist in the database","bs-iphone-15","2026-09-05","passed","2026-09-05","Network Mocking & Interception","","",""
"","869","should display all core elements and handle button interaction","Chrome","2026-09-05","passed","2026-09-05","Responsive Design – iPhone SE (375×667)","","",""
"","5","Server Integration Tests (Testcontainers) DELETE /api/colors/:name should return 400 for invalid name format","","2026-09-05","passed","2026-09-05","","Server Integration Tests (Testcontainers)","Server Integration Tests (Testcontainers) DELETE /api/colors/:name should return 400 for invalid name format",""
"","3145","homepage initial state","percy","2026-09-05","passed","2026-09-05","Percy Visual Regression – Production > Percy – tablet (768×1024)","","",""
"","5","Server Integration Tests (Testcontainers) POST /api/reseed should return 401 when Authorization header is missing","","2026-09-05","passed","2026-09-05","","Server Integration Tests (Testcontainers)","Server Integration Tests (Testcontainers) POST /api/reseed should return 401 when Authorization header is missing",""
"","886","homepage should match snapshot","Chrome","2026-09-05","passed","2026-09-05","Visual Regression – tablet (768×1024)","","",""
"","1086","should handle color click network failure gracefully","bs-firefox-win11","2026-09-05","passed","2026-09-05","UI Error Handling Coverage","","",""
"","715","verify Red ( #e74c3c ) is applied as the background color","Chrome","2026-09-05","passed","2026-09-05","POM Refactored: Background color tests","tests/pom-refactored.spec.ts","",""
"","1321","should load the application and verify core functionality across browsers","bs-firefox-win11","2026-09-05","passed","2026-09-05","Cross-Browser Core Functionality","","",""
"","8","Server Integration Tests (Testcontainers) GET /api/colors/:name should be case-sensitive (lowercase name returns 404)","","2026-09-05","passed","2026-09-05","","Server Integration Tests (Testcontainers)","Server Integration Tests (Testcontainers) GET /api/colors/:name should be case-sensitive (lowercase name returns 404)",""
"","306","should reject invalid hex format on update","bs-iphone-15","2026-09-05","passed","2026-09-05","Backend API Integration > PUT /api/colors/:name Schema Validation","","",""
"","8","Server Unit Tests GET /api/colors returns JSON content type","","2026-09-05","passed","2026-09-05","","Server Unit Tests","Server Unit Tests GET /api/colors returns JSON content type",""
"","1699","check Turquoise ( #1abc9c) is the default background color.","bs-safari-ventura","2026-09-05","passed","2026-09-05","","","",""
"","199","PATCH /api/colors/:name returns 405","bs-chrome-win11","2026-09-05","passed","2026-09-05","Security > HTTP Method Restrictions","","",""
"","1008","handle color response missing hex property","bs-chrome-win11","2026-09-05","passed","2026-09-05","Edge cases and error handling","","",""
"","680","should show loading state when API returns empty colors","bs-chrome-win11","2026-09-05","passed","2026-09-05","UI Error Handling Coverage","","",""
"","186","SQL injection characters in name are rejected (400)","bs-firefox-win11","2026-09-05","passed","2026-09-05","Security > Injection Prevention","","",""
"","1852","clicking ""+ Add color"" opens the picker modal","bs-iphone-15","2026-09-05","passed","2026-09-05","Color Management — Add & Delete","","",""
"","0","homepage after color change","Chrome","2026-09-05","skipped","2026-09-05","Percy Visual Regression – Production > Percy – mobile (375×667)","","",""
"","250","POST with javascript: URI in name is rejected (400)","bs-chrome-win11","2026-09-05","passed","2026-09-05","Security > XSS Prevention","","",""
"","204","malformed JSON body returns 400","bs-iphone-15","2026-09-05","passed","2026-09-05","Security > Input Validation","","",""
"","4","Server Unit Tests Surviving Mutants & Edge Cases Mongoose Schema & Persistence kills empty schema mutant by verifying field persistence","","2026-09-05","passed","2026-09-05","","Server Unit Tests","Server Unit Tests Surviving Mutants & Edge Cases Mongoose Schema & Persistence kills empty schema mutant by verifying field persistence",""
"","191","POST with javascript: URI in name is rejected (400)","bs-iphone-15","2026-09-05","passed","2026-09-05","Security > XSS Prevention","","",""
"","879","should display colors that do not exist in the database","bs-pixel-7","2026-09-05","passed","2026-09-05","Network Mocking & Interception","","",""
"","566","should delete an existing color","bs-firefox-win11","2026-09-05","passed","2026-09-05","Backend API Integration > DELETE /api/colors/:name","","",""
"","1871","changing color to Turquoise should reflect in UI and DOM","bs-firefox-win11","2026-09-05","passed","2026-09-05","Data-Driven Testing","","",""
"","1822","deleting the active color switches background to the first remaining","bs-firefox-win11","2026-09-05","passed","2026-09-05","Color Management — Add & Delete","","",""
"","1363","verify Turquoise ( #1abc9c ) is applied as the background color","bs-pixel-7","2026-09-05","passed","2026-09-05","POM Refactored: Background color tests","","",""
"","4","Server Unit Tests POST /api/reseed returns 401 when token is incorrect","","2026-09-05","passed","2026-09-05","","Server Unit Tests","Server Unit Tests POST /api/reseed returns 401 when token is incorrect",""
"","192","POST with script tag in name is rejected (400)","bs-firefox-win11","2026-09-05","passed","2026-09-05","Security > XSS Prevention","","",""
"","10","should reject invalid hex format on update","Chrome","2026-09-05","passed","2026-09-05","Backend API Integration > PUT /api/colors/:name Schema Validation","tests/api.spec.ts","",""
"","1956","verify Yellow ( #f1c40f ) is applied as the background color","bs-iphone-15","2026-09-05","passed","2026-09-05","Background color tests","","",""
"","274","X-Powered-By header is not exposed","bs-iphone-15","2026-09-05","passed","2026-09-05","Security > Security Headers","","",""
"","1292","shows client-side ""Name is required"" when submitting empty name","bs-pixel-7","2026-09-05","passed","2026-09-05","Color Management — Add & Delete","","",""
"","76","should delete an existing color","Chrome","2026-09-05","passed","2026-09-05","Backend API Integration > DELETE /api/colors/:name","tests/api.spec.ts","",""
"","2309","should maintain accessibility in en language and verify resilient locators","bs-pixel-7","2026-09-05","passed","2026-09-05","i18n Accessibility Tests","","",""
"","694","Escape key closes the confirm dialog","bs-pixel-7","2026-09-05","passed","2026-09-05","Color Management — Add & Delete","","",""
"","5","Server Integration Tests (Testcontainers) POST /api/reseed should return 405 for GET on /api/reseed","","2026-09-05","passed","2026-09-05","","Server Integration Tests (Testcontainers)","Server Integration Tests (Testcontainers) POST /api/reseed should return 405 for GET on /api/reseed",""
"","3","Server Unit Tests Error Handling seedDatabase logs error and re-throws when database fails","","2026-09-05","passed","2026-09-05","","Server Unit Tests","Server Unit Tests Error Handling seedDatabase logs error and re-throws when database fails",""
"","1729","should delete an existing color","bs-chrome-win11","2026-09-05","passed","2026-09-05","Backend API Integration > DELETE /api/colors/:name","","",""
"","185","PUT /openapi.json returns 405","bs-pixel-7","2026-09-05","passed","2026-09-05","Security > HTTP Method Restrictions","","",""
"","2603","should maintain accessibility in es language and verify resilient locators","bs-chrome-win11","2026-09-05","passed","2026-09-05","i18n Accessibility Tests","","",""
"","3877","should maintain accessibility in el language and verify resilient locators","bs-safari-ventura","2026-09-05","passed","2026-09-05","i18n Accessibility Tests","","",""
"","5521","Cancel button closes the picker","bs-safari-ventura","2026-09-05","passed","2026-09-05","Color Management — Add & Delete","","",""
"","1480","color names rendered in the UI do not trigger script execution","bs-pixel-7","2026-09-05","passed","2026-09-05","Security > XSS Prevention","","",""
"","8","PATCH /api/colors returns 405","Chrome","2026-09-05","passed","2026-09-05","Security > HTTP Method Restrictions","tests/security.spec.ts","",""
"","332","GET /api/colors should return all colors","bs-iphone-15","2026-09-05","passed","2026-09-05","Backend API Integration","","",""
"","763","verify Yellow ( #f1c40f ) is applied as the background color","Chrome","2026-09-05","passed","2026-09-05","POM Refactored: Background color tests","tests/pom-refactored.spec.ts","",""
"","1888","deleting the active color switches background to the first remaining","Chrome","2026-09-05","passed","2026-09-05","Color Management — Add & Delete","tests/color-management.spec.ts","",""
"","1001","should handle fetch colors network failure gracefully","bs-iphone-15","2026-09-05","passed","2026-09-05","UI Error Handling Coverage","","",""
"","2692","should maintain accessibility in en language and verify resilient locators","bs-firefox-win11","2026-09-05","passed","2026-09-05","i18n Accessibility Tests","","",""
"","194","malformed JSON body returns 400","bs-chrome-win11","2026-09-05","passed","2026-09-05","Security > Input Validation","","",""
"","193","malformed JSON body returns 400","bs-firefox-win11","2026-09-05","passed","2026-09-05","Security > Input Validation","","",""
"","413","oversized payload is rejected (413)","bs-firefox-win11","2026-09-05","passed","2026-09-05","Security > Input Validation","","",""
"","293","should reject invalid hex format","bs-firefox-win11","2026-09-05","passed","2026-09-05","Backend API Integration > POST /api/colors Schema Validation","","",""
"","12","Server Unit Tests Surviving Mutants & Edge Cases Strict Path & Method Validation kills mutants that change route paths to empty string","","2026-09-05","passed","2026-09-05","","Server Unit Tests","Server Unit Tests Surviving Mutants & Edge Cases Strict Path & Method Validation kills mutants that change route paths to empty string",""
"","4970","should maintain accessibility after state change (color update)","bs-iphone-15","2026-09-05","passed","2026-09-05","Accessibility Tests","","",""
"","806","check Turquoise ( #1abc9c) is the default background color.","bs-pixel-7","2026-09-05","passed","2026-09-05","","","",""
"","630","should delete an existing color","bs-safari-ventura","2026-09-05","passed","2026-09-05","Backend API Integration > DELETE /api/colors/:name","","",""
"","660","Example #2","BDD","2026-09-05","passed","2026-09-05","Home Page Background Color > Change background color","","",""
"","990","cancel in confirm dialog closes it without deleting","Chrome","2026-09-05","passed","2026-09-05","Color Management — Add & Delete","tests/color-management.spec.ts","",""
"","2313","should maintain accessibility in el language and verify resilient locators","bs-chrome-win11","2026-09-05","passed","2026-09-05","i18n Accessibility Tests","","",""
"","844","handle initial fetch with empty data","bs-chrome-win11","2026-09-05","passed","2026-09-05","Edge cases and error handling","","",""
"","185","should reject empty name","bs-firefox-win11","2026-09-05","passed","2026-09-05","Backend API Integration > POST /api/colors Schema Validation","","",""
"","1720","verify Turquoise ( #1abc9c ) is applied as the background color","bs-firefox-win11","2026-09-05","passed","2026-09-05","Background color tests","","",""
"","198","POST /api-docs returns 405","bs-iphone-15","2026-09-05","passed","2026-09-05","Security > HTTP Method Restrictions","","",""
"","1394","verify Red ( #e74c3c ) is applied as the background color","bs-chrome-win11","2026-09-05","passed","2026-09-05","Background color tests","","",""
"","2089","should maintain accessibility in en language and verify resilient locators","Chrome","2026-09-05","passed","2026-09-05","i18n Accessibility Tests","tests/a11y.spec.ts","",""
"","19","GET /api/colors/Red should return the correct hex code","Chrome","2026-09-05","passed","2026-09-05","Backend API Integration","tests/api.spec.ts","",""
"","3395","clicking the backdrop closes the picker","bs-iphone-15","2026-09-05","passed","2026-09-05","Color Management — Add & Delete","","",""
"","288","should return 404 when updating non-existent color","bs-pixel-7","2026-09-05","passed","2026-09-05","Backend API Integration > PUT /api/colors/:name Schema Validation","","",""
"","528","POST /api/reseed","","","passed","","","schemathesis","",""
"","8","array body on POST returns 400","Chrome","2026-09-05","passed","2026-09-05","Security > Input Validation","tests/security.spec.ts","",""
"","930","shows client-side validation error for invalid name chars","Chrome","2026-09-05","passed","2026-09-05","Color Management — Add & Delete","tests/color-management.spec.ts","",""
"","741","shows a chip for each color with a swatch, name, and delete button","Chrome","2026-09-05","passed","2026-09-05","Color Management — Add & Delete","tests/color-management.spec.ts","",""
"","199","should reject missing hex","bs-safari-ventura","2026-09-05","passed","2026-09-05","Backend API Integration > POST /api/colors Schema Validation","","",""
"","14","unknown extra fields in POST body are rejected (400)","Chrome","2026-09-05","passed","2026-09-05","Security > Input Validation","tests/security.spec.ts","",""
"","10","should reject invalid hex format","Chrome","2026-09-05","passed","2026-09-05","Backend API Integration > POST /api/colors Schema Validation","tests/api.spec.ts","",""
"","3","Server Unit Tests Error Handling GET /api/colors/:name returns 500 when database fails","","2026-09-05","passed","2026-09-05","","Server Unit Tests","Server Unit Tests Error Handling GET /api/colors/:name returns 500 when database fails",""
"","198","PATCH /api/colors/:name returns 405","bs-safari-ventura","2026-09-05","passed","2026-09-05","Security > HTTP Method Restrictions","","",""
"","680","changing color to Red should reflect in UI and DOM","Chrome","2026-09-05","passed","2026-09-05","Data-Driven Testing","tests/data-driven.spec.ts","",""
"","2809","should maintain accessibility after state change (color update)","Chrome","2026-09-05","passed","2026-09-05","Accessibility Tests","tests/a11y.spec.ts","",""
"","1601","shows client-side validation error for invalid name chars","bs-firefox-win11","2026-09-05","passed","2026-09-05","Color Management — Add & Delete","","",""
"","1062","cancel in confirm dialog closes it without deleting","bs-pixel-7","2026-09-05","passed","2026-09-05","Color Management — Add & Delete","","",""
"","706","first color chip is active on load (aria-pressed=true)","bs-chrome-win11","2026-09-05","passed","2026-09-05","Color Management — Add & Delete","","",""
"","1564","successfully adds a new color and shows its chip","bs-pixel-7","2026-09-05","passed","2026-09-05","Color Management — Add & Delete","","",""
"","7","Server Integration Tests (Testcontainers) POST /api/colors should return 400 for invalid hex format (missing #)","","2026-09-05","passed","2026-09-05","","Server Integration Tests (Testcontainers)","Server Integration Tests (Testcontainers) POST /api/colors should return 400 for invalid hex format (missing #)",""
"","2462","should maintain accessibility in es language and verify resilient locators","Chrome","2026-09-05","passed","2026-09-05","i18n Accessibility Tests","tests/a11y.spec.ts","",""
"","795","should return 409 for duplicate color creation","bs-pixel-7","2026-09-05","passed","2026-09-05","Backend API Integration > POST /api/colors Schema Validation","","",""
"","193","should reject updating with empty name","bs-safari-ventura","2026-09-05","passed","2026-09-05","Backend API Integration > PUT /api/colors/:name Schema Validation","","",""
"","374","GET /api/colors should return all colors","bs-safari-ventura","2026-09-05","passed","2026-09-05","Backend API Integration","","",""
"","1061","verify language switcher changes document language","bs-firefox-win11","2026-09-05","passed","2026-09-05","","","",""
"","7","Server Unit Tests GET /api/colors returns colors sorted alphabetically by name","","2026-09-05","passed","2026-09-05","","Server Unit Tests","Server Unit Tests GET /api/colors returns colors sorted alphabetically by name",""
"","179","PATCH /api/colors returns 405","bs-firefox-win11","2026-09-05","passed","2026-09-05","Security > HTTP Method Restrictions","","",""
"","198","array body on POST returns 400","bs-safari-ventura","2026-09-05","passed","2026-09-05","Security > Input Validation","","",""
"","10","Server Integration Tests (Testcontainers) DELETE /api/colors/:name should return 404 on a second delete of the same color","","2026-09-05","passed","2026-09-05","","Server Integration Tests (Testcontainers)","Server Integration Tests (Testcontainers) DELETE /api/colors/:name should return 404 on a second delete of the same color",""
"","296","X-Powered-By header is not exposed","bs-chrome-win11","2026-09-05","passed","2026-09-05","Security > Security Headers","","",""
"","44","should create a new color with valid schema","Chrome","2026-09-05","passed","2026-09-05","Backend API Integration > POST /api/colors Schema Validation","tests/api.spec.ts","",""
"","1","homepage after color change","Chrome","2026-09-05","skipped","2026-09-05","Percy Visual Regression – Production > Percy – desktop-xl (1920×1080)","","",""
"","298","X-Powered-By header is not exposed","bs-firefox-win11","2026-09-05","passed","2026-09-05","Security > Security Headers","","",""
"","1436","should reject invalid hex format on update","bs-chrome-win11","2026-09-05","passed","2026-09-05","Backend API Integration > PUT /api/colors/:name Schema Validation","","",""
"","1134","should gracefully handle a color not found in the database","bs-firefox-win11","2026-09-05","passed","2026-09-05","Network Mocking & Interception","","",""
"","1421","verify Red ( #e74c3c ) is applied as the background color","bs-chrome-win11","2026-09-05","passed","2026-09-05","POM Refactored: Background color tests","","",""
"","10","Server Integration Tests (Testcontainers) PUT /api/colors/:name should update both name and hex simultaneously","","2026-09-05","passed","2026-09-05","","Server Integration Tests (Testcontainers)","Server Integration Tests (Testcontainers) PUT /api/colors/:name should update both name and hex simultaneously",""
"","2526","should maintain accessibility in en language and verify resilient locators","bs-chrome-win11","2026-09-05","passed","2026-09-05","i18n Accessibility Tests","","",""
"","184","NoSQL operator in GET path param is rejected (400 or 404)","bs-chrome-win11","2026-09-05","passed","2026-09-05","Security > Injection Prevention","","",""
"","2697","should create color via API and verify through UI","bs-iphone-15","2026-09-05","passed","2026-09-05","Hybrid E2E Testing","","",""
"","3243","should maintain accessibility in el language and verify resilient locators","bs-iphone-15","2026-09-05","passed","2026-09-05","i18n Accessibility Tests","","",""
"","866","handle initial fetch error","bs-chrome-win11","2026-09-05","passed","2026-09-05","Edge cases and error handling","","",""
"","1454","changing color to Turquoise should reflect in UI and DOM","bs-chrome-win11","2026-09-05","passed","2026-09-05","Data-Driven Testing","","",""
"","1956","verify Red ( #e74c3c ) is applied as the background color","bs-iphone-15","2026-09-05","passed","2026-09-05","POM Refactored: Background color tests","","",""
"","546","Background stays unchanged when fetching a specific color fails","BDD","2026-09-05","passed","2026-09-05","API Error Handling","","",""
"","3042","cancel in confirm dialog closes it without deleting","bs-iphone-15","2026-09-05","passed","2026-09-05","Color Management — Add & Delete","","",""
"","8","Server Unit Tests POST /api/colors accepts single alphanumeric characters as names","","2026-09-05","passed","2026-09-05","","Server Unit Tests","Server Unit Tests POST /api/colors accepts single alphanumeric characters as names",""
"","1385","homepage should match snapshot","Chrome","2026-09-05","passed","2026-09-05","Visual Regression – desktop-xl (1920×1080)","","",""
"","612","Show loading state when the API returns an empty colors list","BDD","2026-09-05","passed","2026-09-05","API Error Handling","","",""
"","6","Server Integration Tests (Testcontainers) Method Not Allowed should return 405 for PATCH /api/colors","","2026-09-05","passed","2026-09-05","","Server Integration Tests (Testcontainers)","Server Integration Tests (Testcontainers) Method Not Allowed should return 405 for PATCH /api/colors",""
"","204","empty body on POST returns 400","bs-pixel-7","2026-09-05","passed","2026-09-05","Security > Input Validation","","",""
"","202","POST /api-docs returns 405","bs-chrome-win11","2026-09-05","passed","2026-09-05","Security > HTTP Method Restrictions","","",""
"","1387","verify Turquoise ( #1abc9c ) is applied as the background color","bs-chrome-win11","2026-09-05","passed","2026-09-05","POM Refactored: Background color tests","","",""
"","3","Server Unit Tests Surviving Mutants & Edge Cases PUT logic kills refine mutant by sending empty body","","2026-09-05","passed","2026-09-05","","Server Unit Tests","Server Unit Tests Surviving Mutants & Edge Cases PUT logic kills refine mutant by sending empty body",""
"","288","POST with HTML tag in name is rejected (400)","bs-chrome-win11","2026-09-05","passed","2026-09-05","Security > XSS Prevention","","",""
"","1066","shows a chip for each color with a swatch, name, and delete button","bs-safari-ventura","2026-09-05","passed","2026-09-05","Color Management — Add & Delete","","",""
"","1398","handle color response missing hex property","bs-iphone-15","2026-09-05","passed","2026-09-05","Edge cases and error handling","","",""
"","1059","should load the application and verify core functionality across browsers","bs-pixel-7","2026-09-05","passed","2026-09-05","Cross-Browser Core Functionality","","",""
"","10","should reject omitting both name and hex on update","Chrome","2026-09-05","passed","2026-09-05","Backend API Integration > PUT /api/colors/:name Schema Validation","tests/api.spec.ts","",""
"","1350","shows server-error message on 500 inside the picker","bs-chrome-win11","2026-09-05","passed","2026-09-05","Color Management — Add & Delete","","",""
"","1584","should display colors that do not exist in the database","bs-safari-ventura","2026-09-05","passed","2026-09-05","Network Mocking & Interception","","",""
"","13","should reject empty name","Chrome","2026-09-05","passed","2026-09-05","Backend API Integration > POST /api/colors Schema Validation","tests/api.spec.ts","",""
"","184","array body on POST returns 400","bs-pixel-7","2026-09-05","passed","2026-09-05","Security > Input Validation","","",""
"","1302","verify Red ( #e74c3c ) is applied as the background color","bs-pixel-7","2026-09-05","passed","2026-09-05","POM Refactored: Background color tests","","",""
"","8","error responses return JSON, not HTML (no info leakage)","Chrome","2026-09-05","passed","2026-09-05","Security > Security Headers","tests/security.spec.ts","",""
"","1328","changing color to Red should reflect in UI and DOM","bs-chrome-win11","2026-09-05","passed","2026-09-05","Data-Driven Testing","","",""
"","1426","clicking a chip makes it active","bs-firefox-win11","2026-09-05","passed","2026-09-05","Color Management — Add & Delete","","",""
"","12","Server Integration Tests (Testcontainers) GET /api/colors should return an empty array after all colors are deleted","","2026-09-05","passed","2026-09-05","","Server Integration Tests (Testcontainers)","Server Integration Tests (Testcontainers) GET /api/colors should return an empty array after all colors are deleted",""
"","323","Server Unit Tests Surviving Mutants & Edge Cases Port Fallback uses default PORT 5001 when process.env.PORT is missing","","2026-09-05","passed","2026-09-05","","Server Unit Tests","Server Unit Tests Surviving Mutants & Edge Cases Port Fallback uses default PORT 5001 when process.env.PORT is missing",""
"","1335","verify Yellow ( #f1c40f ) is applied as the background color","bs-pixel-7","2026-09-05","passed","2026-09-05","Background color tests","","",""
"","6","Server Integration Tests (Testcontainers) Method Not Allowed should return 405 for PATCH /api/colors/:name","","2026-09-05","passed","2026-09-05","","Server Integration Tests (Testcontainers)","Server Integration Tests (Testcontainers) Method Not Allowed should return 405 for PATCH /api/colors/:name",""
"","2142","verify Red ( #e74c3c ) is applied as the background color","bs-safari-ventura","2026-09-05","passed","2026-09-05","Background color tests","","",""
"","212","should reject omitting both name and hex on update","bs-firefox-win11","2026-09-05","passed","2026-09-05","Backend API Integration > PUT /api/colors/:name Schema Validation","","",""
"","243","NoSQL injection object in name is rejected (400)","bs-pixel-7","2026-09-05","passed","2026-09-05","Security > Injection Prevention","","",""
"","1230","close (×) button closes the picker","bs-chrome-win11","2026-09-05","passed","2026-09-05","Color Management — Add & Delete","","",""
"","12","Server Integration Tests (Testcontainers) PUT /api/colors/:name should update the hex of an existing color and persist it in the real database","","2026-09-05","passed","2026-09-05","","Server Integration Tests (Testcontainers)","Server Integration Tests (Testcontainers) PUT /api/colors/:name should update the hex of an existing color and persist it in the real database",""
"","190","should reject updating with empty name","bs-chrome-win11","2026-09-05","passed","2026-09-05","Backend API Integration > PUT /api/colors/:name Schema Validation","","",""
"","1220","homepage should match snapshot","Chrome","2026-09-05","passed","2026-09-05","Visual Regression – desktop (1280×720)","","",""
"","219","DELETE /api/colors (collection) returns 405","bs-safari-ventura","2026-09-05","passed","2026-09-05","Security > HTTP Method Restrictions","","",""
"","3","Server Unit Tests Surviving Mutants & Edge Cases Swagger Metadata & OpenAPI has exact API info","","2026-09-05","passed","2026-09-05","","Server Unit Tests","Server Unit Tests Surviving Mutants & Edge Cases Swagger Metadata & OpenAPI has exact API info",""
"","246","NoSQL $where operator in name is rejected (400)","bs-chrome-win11","2026-09-05","passed","2026-09-05","Security > Injection Prevention","","",""
"","758","handle initial fetch error","bs-pixel-7","2026-09-05","passed","2026-09-05","Edge cases and error handling","","",""
"","9","Server Unit Tests Error Handling PUT /api/colors/:name returns 500 when database fails","","2026-09-05","passed","2026-09-05","","Server Unit Tests","Server Unit Tests Error Handling PUT /api/colors/:name returns 500 when database fails",""
"","1220","should gracefully handle a color not found in the database","bs-iphone-15","2026-09-05","passed","2026-09-05","Network Mocking & Interception","","",""
"","199","NoSQL injection object in name is rejected (400)","bs-safari-ventura","2026-09-05","passed","2026-09-05","Security > Injection Prevention","","",""
"","10","SQL injection characters in name are rejected (400)","Chrome","2026-09-05","passed","2026-09-05","Security > Injection Prevention","tests/security.spec.ts","",""
"","4003","should show loading state when API returns empty colors","bs-firefox-win11","2026-09-05","passed","2026-09-05","UI Error Handling Coverage","","",""
"","5","Server Integration Tests (Testcontainers) POST /api/reseed should return 401 when token is invalid","","2026-09-05","passed","2026-09-05","","Server Integration Tests (Testcontainers)","Server Integration Tests (Testcontainers) POST /api/reseed should return 401 when token is invalid",""
"","1243","handle color response missing hex property","bs-firefox-win11","2026-09-05","passed","2026-09-05","Edge cases and error handling","","",""
"","2081","verify Yellow ( #f1c40f ) is applied as the background color","bs-safari-ventura","2026-09-05","passed","2026-09-05","Background color tests","","",""
"","617","should show loading state when API returns empty colors","bs-pixel-7","2026-09-05","passed","2026-09-05","UI Error Handling Coverage","","",""
"","779","should return 409 for duplicate color creation","bs-firefox-win11","2026-09-05","passed","2026-09-05","Backend API Integration > POST /api/colors Schema Validation","","",""
"","187","should reject missing name","bs-pixel-7","2026-09-05","passed","2026-09-05","Backend API Integration > POST /api/colors Schema Validation","","",""
"","18","Server Unit Tests Surviving Mutants & Edge Cases Regex & Validation STRICT_NAME_REGEX kills mutants on start/end/middle characters","","2026-09-05","passed","2026-09-05","","Server Unit Tests","Server Unit Tests Surviving Mutants & Edge Cases Regex & Validation STRICT_NAME_REGEX kills mutants on start/end/middle characters",""
"","1189","clicking ""+ Add color"" opens the picker modal","bs-firefox-win11","2026-09-05","passed","2026-09-05","Color Management — Add & Delete","","",""
"","575","should create a new color with valid schema","bs-pixel-7","2026-09-05","passed","2026-09-05","Backend API Integration > POST /api/colors Schema Validation","","",""
"","1866","color names rendered in the UI do not trigger script execution","bs-iphone-15","2026-09-05","passed","2026-09-05","Security > XSS Prevention","","",""
"","1336","clicking the backdrop closes the picker","bs-firefox-win11","2026-09-05","passed","2026-09-05","Color Management — Add & Delete","","",""
"","6","Server Integration Tests (Testcontainers) PUT /api/colors/:name should return 404 when updating a non-existent color","","2026-09-05","passed","2026-09-05","","Server Integration Tests (Testcontainers)","Server Integration Tests (Testcontainers) PUT /api/colors/:name should return 404 when updating a non-existent color",""
"","10","Server Integration Tests (Testcontainers) POST /api/colors should accept a single alphanumeric character as a name","","2026-09-05","passed","2026-09-05","","Server Integration Tests (Testcontainers)","Server Integration Tests (Testcontainers) POST /api/colors should accept a single alphanumeric character as a name",""
"","2858","homepage initial state","percy","2026-09-05","passed","2026-09-05","Percy Visual Regression – Production > Percy – mobile (375×667)","","",""
"","1446","Escape key closes the confirm dialog","bs-firefox-win11","2026-09-05","passed","2026-09-05","Color Management — Add & Delete","","",""
"","445","oversized payload is rejected (413)","bs-iphone-15","2026-09-05","passed","2026-09-05","Security > Input Validation","","",""
"","1014","should display colors that do not exist in the database","bs-chrome-win11","2026-09-05","passed","2026-09-05","Network Mocking & Interception","","",""
"","245","POST /api-docs returns 405","bs-pixel-7","2026-09-05","passed","2026-09-05","Security > HTTP Method Restrictions","","",""
"","1543","should create dynamic random color via API and verify through UI","bs-chrome-win11","2026-09-05","passed","2026-09-05","Random Data Testing with faker.js","","",""
"","868","should handle color click network failure gracefully","bs-chrome-win11","2026-09-05","passed","2026-09-05","UI Error Handling Coverage","","",""
"","2","Server Unit Tests Surviving Mutants & Edge Cases Mongoose Schema Strictness kills empty schema mutant by checking schema paths","","2026-09-05","passed","2026-09-05","","Server Unit Tests","Server Unit Tests Surviving Mutants & Edge Cases Mongoose Schema Strictness kills empty schema mutant by checking schema paths",""
"","3567","should maintain accessibility in en language and verify resilient locators","bs-iphone-15","2026-09-05","passed","2026-09-05","i18n Accessibility Tests","","",""
"","275","should return 404 for non-existent color deletion","bs-safari-ventura","2026-09-05","passed","2026-09-05","Backend API Integration > DELETE /api/colors/:name","","",""
"","8","Server Integration Tests (Testcontainers) GET /api/colors/:name should not expose _id or __v fields","","2026-09-05","passed","2026-09-05","","Server Integration Tests (Testcontainers)","Server Integration Tests (Testcontainers) GET /api/colors/:name should not expose _id or __v fields",""
"","181","NoSQL $where operator in name is rejected (400)","bs-iphone-15","2026-09-05","passed","2026-09-05","Security > Injection Prevention","","",""
"","384","homepage should match snapshot","percy","2026-09-05","skipped","2026-09-05","Visual Regression – desktop (1280×720)","","",""
"","11","Server Unit Tests PUT /api/colors/:name updates the hex of an existing color","","2026-09-05","passed","2026-09-05","","Server Unit Tests","Server Unit Tests PUT /api/colors/:name updates the hex of an existing color",""
"","2095","changing color to Turquoise should reflect in UI and DOM","bs-safari-ventura","2026-09-05","passed","2026-09-05","Data-Driven Testing","","",""
"","561","Color button remains functional after switching language","BDD","2026-09-05","passed","2026-09-05","Language Switching","","",""
"","187","empty body on POST returns 400","bs-firefox-win11","2026-09-05","passed","2026-09-05","Security > Input Validation","","",""
"","1665","handle color selection fetch error","bs-safari-ventura","2026-09-05","passed","2026-09-05","Edge cases and error handling","","",""
"","0","homepage initial state","Chrome","2026-09-05","skipped","2026-09-05","Percy Visual Regression – Production > Percy – mobile (375×667)","","",""
"","1018","delete API error shows alert banner","bs-pixel-7","2026-09-05","passed","2026-09-05","Color Management — Add & Delete","","",""
"","8","POST /api-docs returns 405","Chrome","2026-09-05","passed","2026-09-05","Security > HTTP Method Restrictions","tests/security.spec.ts","",""
"","630","Example #1","BDD","2026-09-05","passed","2026-09-05","Home Page Background Color > Change background color","","",""
"","1011","chip-x click opens confirm dialog with color name","bs-firefox-win11","2026-09-05","passed","2026-09-05","Color Management — Add & Delete","","",""
"","294","should return 404 when updating non-existent color","bs-safari-ventura","2026-09-05","passed","2026-09-05","Backend API Integration > PUT /api/colors/:name Schema Validation","","",""
"","6","Server Unit Tests POST /api/colors accepts names with alphanumeric characters and spaces","","2026-09-05","passed","2026-09-05","","Server Unit Tests","Server Unit Tests POST /api/colors accepts names with alphanumeric characters and spaces",""
"","193","POST with script tag in name is rejected (400)","bs-pixel-7","2026-09-05","passed","2026-09-05","Security > XSS Prevention","","",""
"","321","GET /api/colors/Turquoise should return the correct hex code","bs-firefox-win11","2026-09-05","passed","2026-09-05","Backend API Integration","","",""
"","560","should display all core elements and handle button interaction","percy","2026-09-05","skipped","2026-09-05","Responsive Design – iPhone landscape (667×375)","","",""
"","7","Server Unit Tests Surviving Mutants & Edge Cases Allowed Methods kills mutants in allowedMethods object","","2026-09-05","passed","2026-09-05","","Server Unit Tests","Server Unit Tests Surviving Mutants & Edge Cases Allowed Methods kills mutants in allowedMethods object",""
"","1613","clicking a chip makes it active","bs-iphone-15","2026-09-05","passed","2026-09-05","Color Management — Add & Delete","","",""
"","4427","should update a color with valid schema","bs-chrome-win11","2026-09-05","passed","2026-09-05","Backend API Integration > PUT /api/colors/:name Schema Validation","","",""
"","686","should display colors that do not exist in the database","Chrome","2026-09-05","passed","2026-09-05","Network Mocking & Interception","tests/network-mocking.spec.ts","",""
"","14","GET /api/colors should return colors sorted alphabetically by name","Chrome","2026-09-05","passed","2026-09-05","Backend API Integration","tests/api.spec.ts","",""
"","2202","verify Turquoise ( #1abc9c ) is applied as the background color","bs-iphone-15","2026-09-05","passed","2026-09-05","Background color tests","","",""
"","213","DELETE /api/colors (collection) returns 405","bs-pixel-7","2026-09-05","passed","2026-09-05","Security > HTTP Method Restrictions","","",""
"","210","empty body on POST returns 400","bs-chrome-win11","2026-09-05","passed","2026-09-05","Security > Input Validation","","",""
"","1267","should load the application and verify core functionality across browsers","bs-chrome-win11","2026-09-05","passed","2026-09-05","Cross-Browser Core Functionality","","",""
"","5","Server Unit Tests POST /api/colors returns 400 for invalid hex format (too short)","","2026-09-05","passed","2026-09-05","","Server Unit Tests","Server Unit Tests POST /api/colors returns 400 for invalid hex format (too short)",""
"","7","Server Unit Tests 405 Method Not Allowed returns 405 for POST, PUT, DELETE on /openapi.json","","2026-09-05","passed","2026-09-05","","Server Unit Tests","Server Unit Tests 405 Method Not Allowed returns 405 for POST, PUT, DELETE on /openapi.json",""
"","193","DELETE /api/colors (collection) returns 405","bs-chrome-win11","2026-09-05","passed","2026-09-05","Security > HTTP Method Restrictions","","",""
"","189","should reject missing name","bs-firefox-win11","2026-09-05","passed","2026-09-05","Backend API Integration > POST /api/colors Schema Validation","","",""
"","6","Server Unit Tests GET /api/colors/:name is case-sensitive","","2026-09-05","passed","2026-09-05","","Server Unit Tests","Server Unit Tests GET /api/colors/:name is case-sensitive",""
"","320","GET /api/colors/Red should return the correct hex code","bs-firefox-win11","2026-09-05","passed","2026-09-05","Backend API Integration","","",""
"","345","Server Unit Tests Surviving Mutants & Edge Cases Infrastructure uses MONGO_URI from environment if available","","2026-09-05","passed","2026-09-05","","Server Unit Tests","Server Unit Tests Surviving Mutants & Edge Cases Infrastructure uses MONGO_URI from environment if available",""
"","14","should reject updating with empty name","Chrome","2026-09-05","passed","2026-09-05","Backend API Integration > PUT /api/colors/:name Schema Validation","tests/api.spec.ts","",""
"","10","Server Integration Tests (Testcontainers) seedDatabase should be idempotent — calling twice always yields exactly 3 colors","","2026-09-05","passed","2026-09-05","","Server Integration Tests (Testcontainers)","Server Integration Tests (Testcontainers) seedDatabase should be idempotent — calling twice always yields exactly 3 colors",""
"","824","should handle missing image gracefully by showing alt text","bs-iphone-15","2026-09-05","passed","2026-09-05","Network Mocking & Interception","","",""
"","185","error responses return JSON, not HTML (no info leakage)","bs-pixel-7","2026-09-05","passed","2026-09-05","Security > Security Headers","","",""
"","182","unknown extra fields in POST body are rejected (400)","bs-iphone-15","2026-09-05","passed","2026-09-05","Security > Input Validation","","",""
"","3013","homepage after color change","percy","2026-09-05","passed","2026-09-05","Percy Visual Regression – Production > Percy – mobile (375×667)","","",""
"","14","POST with javascript: URI in name is rejected (400)","Chrome","2026-09-05","passed","2026-09-05","Security > XSS Prevention","tests/security.spec.ts","",""
"","5","Server Unit Tests POST /api/colors returns 400 for name with special characters","","2026-09-05","passed","2026-09-05","","Server Unit Tests","Server Unit Tests POST /api/colors returns 400 for name with special characters",""
"","21","Server Integration Tests (Testcontainers) POST /api/reseed should reseed the database to the three default colors with a valid token","","2026-09-05","passed","2026-09-05","","Server Integration Tests (Testcontainers)","Server Integration Tests (Testcontainers) POST /api/reseed should reseed the database to the three default colors with a valid token",""
"","1612","shows 409 duplicate error from server inside the picker","bs-pixel-7","2026-09-05","passed","2026-09-05","Color Management — Add & Delete","","",""
"","1250","successful delete removes the chip","bs-chrome-win11","2026-09-05","passed","2026-09-05","Color Management — Add & Delete","","",""
"","2463","should create color via API and verify through UI","bs-firefox-win11","2026-09-05","passed","2026-09-05","Hybrid E2E Testing","","",""
"","1063","close (×) button closes the picker","Chrome","2026-09-05","passed","2026-09-05","Color Management — Add & Delete","tests/color-management.spec.ts","",""
"","194","array body on POST returns 400","bs-firefox-win11","2026-09-05","passed","2026-09-05","Security > Input Validation","","",""
"","605","should create a new color with valid schema","bs-firefox-win11","2026-09-05","passed","2026-09-05","Backend API Integration > POST /api/colors Schema Validation","","",""
"","189","NoSQL injection object in name is rejected (400)","bs-firefox-win11","2026-09-05","passed","2026-09-05","Security > Injection Prevention","","",""
"","23","Server Unit Tests POST /api/colors creates a new color and returns 201 with correct body","","2026-09-05","passed","2026-09-05","","Server Unit Tests","Server Unit Tests POST /api/colors creates a new color and returns 201 with correct body",""
"","1986","Escape key closes the confirm dialog","bs-safari-ventura","2026-09-05","passed","2026-09-05","Color Management — Add & Delete","","",""
"","926","handle color selection fetch error","bs-pixel-7","2026-09-05","passed","2026-09-05","Edge cases and error handling","","",""
"","1403","verify Turquoise ( #1abc9c ) is applied as the background color","bs-pixel-7","2026-09-05","passed","2026-09-05","Background color tests","","",""
"","2113","should create dynamic random color via API and verify through UI","bs-firefox-win11","2026-09-05","passed","2026-09-05","Random Data Testing with faker.js","","",""
"","2654","should not have any automatically detectable accessibility issues","Chrome","2026-09-05","passed","2026-09-05","Accessibility Tests","tests/a11y.spec.ts","",""
"","979","delete API error shows alert banner","Chrome","2026-09-05","passed","2026-09-05","Color Management — Add & Delete","tests/color-management.spec.ts","",""
"","2056","deleting the active color switches background to the first remaining","bs-chrome-win11","2026-09-05","passed","2026-09-05","Color Management — Add & Delete","","",""
"","186","NoSQL $where operator in name is rejected (400)","bs-safari-ventura","2026-09-05","passed","2026-09-05","Security > Injection Prevention","","",""
"","673","verify language switcher changes document language","bs-pixel-7","2026-09-05","passed","2026-09-05","","","",""
"","901","should create color via API and verify through UI","Chrome","2026-09-05","passed","2026-09-05","Hybrid E2E Testing","tests/hybrid.spec.ts","",""
"","7","Server Integration Tests (Testcontainers) GET /api/colors/:name should return 400 for invalid name format","","2026-09-05","passed","2026-09-05","","Server Integration Tests (Testcontainers)","Server Integration Tests (Testcontainers) GET /api/colors/:name should return 400 for invalid name format",""
"","0","mobile color picker workflow","Chrome","2026-09-05","skipped","2026-09-05","Percy Visual Regression – Production > Percy – Mobile Interactions","","",""
"","4","Server Unit Tests POST /api/colors returns 400 when hex is missing","","2026-09-05","passed","2026-09-05","","Server Unit Tests","Server Unit Tests POST /api/colors returns 400 when hex is missing",""
"","4876","close (×) button closes the picker","bs-iphone-15","2026-09-05","passed","2026-09-05","Color Management — Add & Delete","","",""
"","6817","should maintain accessibility after state change (color update)","bs-chrome-win11","2026-09-05","passed","2026-09-05","Accessibility Tests","","",""
"","275","homepage should match snapshot","percy","2026-09-05","skipped","2026-09-05","Visual Regression – iphone-landscape (667×375)","","",""
"","4710","should maintain accessibility in es language and verify resilient locators","bs-iphone-15","2026-09-05","passed","2026-09-05","i18n Accessibility Tests","","",""
"","8","Server Unit Tests Surviving Mutants & Edge Cases PUT logic kills name/hex conditional mutants by providing only one field","","2026-09-05","passed","2026-09-05","","Server Unit Tests","Server Unit Tests Surviving Mutants & Edge Cases PUT logic kills name/hex conditional mutants by providing only one field",""
"","194","should reject omitting both name and hex on update","bs-chrome-win11","2026-09-05","passed","2026-09-05","Backend API Integration > PUT /api/colors/:name Schema Validation","","",""
"","172","should reject omitting both name and hex on update","bs-iphone-15","2026-09-05","passed","2026-09-05","Backend API Integration > PUT /api/colors/:name Schema Validation","","",""
"","596","verify language switcher changes document language","Chrome","2026-09-05","passed","2026-09-05","","tests/coverage.spec.ts","",""
"","5","Server Unit Tests POST /api/colors returns 400 for invalid hex format (no hash)","","2026-09-05","passed","2026-09-05","","Server Unit Tests","Server Unit Tests POST /api/colors returns 400 for invalid hex format (no hash)",""
"","264","SQL injection characters in name are rejected (400)","bs-safari-ventura","2026-09-05","passed","2026-09-05","Security > Injection Prevention","","",""
"","853","should handle missing image gracefully by showing alt text","bs-safari-ventura","2026-09-05","passed","2026-09-05","Network Mocking & Interception","","",""
"","4203","clicking the backdrop closes the picker","bs-safari-ventura","2026-09-05","passed","2026-09-05","Color Management — Add & Delete","","",""
"","830","should return 409 for duplicate color creation","bs-iphone-15","2026-09-05","passed","2026-09-05","Backend API Integration > POST /api/colors Schema Validation","","",""
"","771","handle initial fetch with empty data","bs-pixel-7","2026-09-05","passed","2026-09-05","Edge cases and error handling","","",""
"","1755","clicking a chip makes it active","bs-safari-ventura","2026-09-05","passed","2026-09-05","Color Management — Add & Delete","","",""
"","503","handle color response missing hex property","Chrome","2026-09-05","passed","2026-09-05","Edge cases and error handling","tests/coverage.spec.ts","",""
"","37","Server Integration Tests (Testcontainers) GET /api/colors should retrieve all seeded colors","","2026-09-05","passed","2026-09-05","","Server Integration Tests (Testcontainers)","Server Integration Tests (Testcontainers) GET /api/colors should retrieve all seeded colors",""
"","1030","clicking the backdrop closes the picker","bs-chrome-win11","2026-09-05","passed","2026-09-05","Color Management — Add & Delete","","",""
"","209","should reject missing name","bs-iphone-15","2026-09-05","passed","2026-09-05","Backend API Integration > POST /api/colors Schema Validation","","",""
"","372","GET /api/colors/Turquoise should return the correct hex code","bs-chrome-win11","2026-09-05","passed","2026-09-05","Backend API Integration","","",""
"","343","GET /api/colors should return all colors","bs-firefox-win11","2026-09-05","passed","2026-09-05","Backend API Integration","","",""
"","928","shows client-side ""Name is required"" when submitting empty name","Chrome","2026-09-05","passed","2026-09-05","Color Management — Add & Delete","tests/color-management.spec.ts","",""
"","185","DELETE /api/colors (collection) returns 405","bs-iphone-15","2026-09-05","passed","2026-09-05","Security > HTTP Method Restrictions","","",""
"","2350","should maintain accessibility in es language and verify resilient locators","bs-pixel-7","2026-09-05","passed","2026-09-05","i18n Accessibility Tests","","",""
"","3780","shows client-side ""Name is required"" when submitting empty name","bs-safari-ventura","2026-09-05","passed","2026-09-05","Color Management — Add & Delete","","",""
"","4","Server Unit Tests OpenAPI endpoints has exact application/json content-type","","2026-09-05","passed","2026-09-05","","Server Unit Tests","Server Unit Tests OpenAPI endpoints has exact application/json content-type",""
"","1272","handle color selection fetch error","bs-firefox-win11","2026-09-05","passed","2026-09-05","Edge cases and error handling","","",""
"","306","GET /api/colors should return all colors","bs-pixel-7","2026-09-05","passed","2026-09-05","Backend API Integration","","",""
"","10","Server Integration Tests (Testcontainers) DELETE /api/colors/:name should delete a color and confirm removal from the real database","","2026-09-05","passed","2026-09-05","","Server Integration Tests (Testcontainers)","Server Integration Tests (Testcontainers) DELETE /api/colors/:name should delete a color and confirm removal from the real database",""
"","1509","should create dynamic random color via API and verify through UI","bs-pixel-7","2026-09-05","passed","2026-09-05","Random Data Testing with faker.js","","",""
"","6","Server Unit Tests Surviving Mutants & Edge Cases Rate Limiting & Security kills mutants by verifying x-powered-by is removed","","2026-09-05","passed","2026-09-05","","Server Unit Tests","Server Unit Tests Surviving Mutants & Edge Cases Rate Limiting & Security kills mutants by verifying x-powered-by is removed",""
"","4","Server Unit Tests PUT /api/colors/:name returns 400 for extra unknown fields (strict schema)","","2026-09-05","passed","2026-09-05","","Server Unit Tests","Server Unit Tests PUT /api/colors/:name returns 400 for extra unknown fields (strict schema)",""
"","18","Server Integration Tests (Testcontainers) POST /api/reseed should be idempotent — calling reseed twice always yields exactly 3 colors","","2026-09-05","passed","2026-09-05","","Server Integration Tests (Testcontainers)","Server Integration Tests (Testcontainers) POST /api/reseed should be idempotent — calling reseed twice always yields exactly 3 colors",""
"","1980","changing color to Yellow should reflect in UI and DOM","bs-iphone-15","2026-09-05","passed","2026-09-05","Data-Driven Testing","","",""
"","4","Server Unit Tests Middleware JSON error middleware ignores SyntaxError without body","","2026-09-05","passed","2026-09-05","","Server Unit Tests","Server Unit Tests Middleware JSON error middleware ignores SyntaxError without body",""
"","346","GET /api/colors/Turquoise should return the correct hex code","bs-pixel-7","2026-09-05","passed","2026-09-05","Backend API Integration","","",""
"","1054","shows 409 duplicate error from server inside the picker","Chrome","2026-09-05","passed","2026-09-05","Color Management — Add & Delete","tests/color-management.spec.ts","",""
"","5","Server Integration Tests (Testcontainers) PUT /api/colors/:name should return 400 for invalid hex format on update","","2026-09-05","passed","2026-09-05","","Server Integration Tests (Testcontainers)","Server Integration Tests (Testcontainers) PUT /api/colors/:name should return 400 for invalid hex format on update",""
"","225","POST with javascript: URI in name is rejected (400)","bs-firefox-win11","2026-09-05","passed","2026-09-05","Security > XSS Prevention","","",""
"","218","POST with script tag in name is rejected (400)","bs-safari-ventura","2026-09-05","passed","2026-09-05","Security > XSS Prevention","","",""
"","8","Server Integration Tests (Testcontainers) GET /api/colors/:name should return correct data for Yellow","","2026-09-05","passed","2026-09-05","","Server Integration Tests (Testcontainers)","Server Integration Tests (Testcontainers) GET /api/colors/:name should return correct data for Yellow",""
"","2912","should maintain accessibility in es language and verify resilient locators","bs-firefox-win11","2026-09-05","passed","2026-09-05","i18n Accessibility Tests","","",""
"","491","should handle missing image gracefully by showing alt text","bs-pixel-7","2026-09-05","passed","2026-09-05","Network Mocking & Interception","","",""
"","1377","handle initial fetch with empty data","bs-safari-ventura","2026-09-05","passed","2026-09-05","Edge cases and error handling","","",""
"","11","Server Unit Tests Error Handling POST /api/colors returns 500 when database fails (create)","","2026-09-05","passed","2026-09-05","","Server Unit Tests","Server Unit Tests Error Handling POST /api/colors returns 500 when database fails (create)",""
"","4","Server Unit Tests 405 Method Not Allowed does not return 405 for allowed DELETE method on /api/colors/:name","","2026-09-05","passed","2026-09-05","","Server Unit Tests","Server Unit Tests 405 Method Not Allowed does not return 405 for allowed DELETE method on /api/colors/:name",""
"","180","error responses return JSON, not HTML (no info leakage)","bs-safari-ventura","2026-09-05","passed","2026-09-05","Security > Security Headers","","",""
"","1323","successful delete removes the chip","bs-firefox-win11","2026-09-05","passed","2026-09-05","Color Management — Add & Delete","","",""
"","188","should reject invalid hex format on update","bs-firefox-win11","2026-09-05","passed","2026-09-05","Backend API Integration > PUT /api/colors/:name Schema Validation","","",""
"","5","Server Unit Tests OpenAPI endpoints serves Swagger UI as HTML","","2026-09-05","passed","2026-09-05","","Server Unit Tests","Server Unit Tests OpenAPI endpoints serves Swagger UI as HTML",""
"","882","should update a color with valid schema","bs-safari-ventura","2026-09-05","passed","2026-09-05","Backend API Integration > PUT /api/colors/:name Schema Validation","","",""
"","206","PUT /openapi.json returns 405","bs-chrome-win11","2026-09-05","passed","2026-09-05","Security > HTTP Method Restrictions","","",""
"","1601","successfully adds a new color and shows its chip","bs-chrome-win11","2026-09-05","passed","2026-09-05","Color Management — Add & Delete","","",""
"","1094","clicking the backdrop closes the picker","bs-pixel-7","2026-09-05","passed","2026-09-05","Color Management — Add & Delete","","",""
"","1822","should load the application and verify core functionality across browsers","bs-safari-ventura","2026-09-05","passed","2026-09-05","Cross-Browser Core Functionality","","",""
"","483","homepage should match snapshot","percy","2026-09-05","skipped","2026-09-05","Visual Regression – tablet (768×1024)","","",""
"","626","first color chip is active on load (aria-pressed=true)","bs-pixel-7","2026-09-05","passed","2026-09-05","Color Management — Add & Delete","","",""
"","1381","deleting the active color switches background to the first remaining","bs-pixel-7","2026-09-05","passed","2026-09-05","Color Management — Add & Delete","","",""
"","190","POST with javascript: URI in name is rejected (400)","bs-pixel-7","2026-09-05","passed","2026-09-05","Security > XSS Prevention","","",""
"","1655","should load the application and verify core functionality across browsers","Firefox","2026-09-05","passed","2026-09-05","Cross-Browser Core Functionality","","",""
"","813","should return 409 for duplicate color creation","bs-chrome-win11","2026-09-05","passed","2026-09-05","Backend API Integration > POST /api/colors Schema Validation","","",""
"","199","NoSQL operator in GET path param is rejected (400 or 404)","bs-firefox-win11","2026-09-05","passed","2026-09-05","Security > Injection Prevention","","",""
"","1037","should return 404 when updating non-existent color","bs-chrome-win11","2026-09-05","passed","2026-09-05","Backend API Integration > PUT /api/colors/:name Schema Validation","","",""
"","2155","verify Yellow ( #f1c40f ) is applied as the background color","bs-safari-ventura","2026-09-05","passed","2026-09-05","POM Refactored: Background color tests","","",""
"","10","Server Integration Tests (Testcontainers) POST /api/reseed should not modify the database when token is invalid","","2026-09-05","passed","2026-09-05","","Server Integration Tests (Testcontainers)","Server Integration Tests (Testcontainers) POST /api/reseed should not modify the database when token is invalid",""
"","3976","shows client-side validation error for invalid name chars","bs-safari-ventura","2026-09-05","passed","2026-09-05","Color Management — Add & Delete","","",""
"","12","Server Unit Tests GET /api/colors does not expose _id or __v fields","","2026-09-05","passed","2026-09-05","","Server Unit Tests","Server Unit Tests GET /api/colors does not expose _id or __v fields",""
"","1399","check Turquoise ( #1abc9c) is the default background color.","bs-iphone-15","2026-09-05","passed","2026-09-05","","","",""
"","4","Server Unit Tests Surviving Mutants & Edge Cases Swagger JSDoc Integration kills apis array mutants by verifying JSDoc content is present","","2026-09-05","passed","2026-09-05","","Server Unit Tests","Server Unit Tests Surviving Mutants & Edge Cases Swagger JSDoc Integration kills apis array mutants by verifying JSDoc content is present",""
"","183","should reject empty name","bs-safari-ventura","2026-09-05","passed","2026-09-05","Backend API Integration > POST /api/colors Schema Validation","","",""
"","15","Server Unit Tests Surviving Mutants & Edge Cases Regex & Validation STRICT_NAME_REGEX kills mutants by testing multiple spaces in the middle and rejecting pluses","","2026-09-05","passed","2026-09-05","","Server Unit Tests","Server Unit Tests Surviving Mutants & Edge Cases Regex & Validation STRICT_NAME_REGEX kills mutants by testing multiple spaces in the middle and rejecting pluses",""
"","728","Example #3","BDD","2026-09-05","passed","2026-09-05","Home Page Background Color > Change background color","","",""
"","9","X-Powered-By header is not exposed","Chrome","2026-09-05","passed","2026-09-05","Security > Security Headers","tests/security.spec.ts","",""
"","189","should reject missing hex","bs-iphone-15","2026-09-05","passed","2026-09-05","Backend API Integration > POST /api/colors Schema Validation","","",""
"","4","Server Unit Tests Middleware JSON error middleware ignores SyntaxError with status != 400","","2026-09-05","passed","2026-09-05","","Server Unit Tests","Server Unit Tests Middleware JSON error middleware ignores SyntaxError with status != 400",""
"","1134","shows server-error message on 500 inside the picker","Chrome","2026-09-05","passed","2026-09-05","Color Management — Add & Delete","tests/color-management.spec.ts","",""
"","420","GET /api/colors should return colors sorted alphabetically by name","bs-chrome-win11","2026-09-05","passed","2026-09-05","Backend API Integration","","",""
"","309","should return 404 for non-existent color deletion","bs-firefox-win11","2026-09-05","passed","2026-09-05","Backend API Integration > DELETE /api/colors/:name","","",""
"","1097","delete API error shows alert banner","bs-chrome-win11","2026-09-05","passed","2026-09-05","Color Management — Add & Delete","","",""
"","1068","should display colors that do not exist in the database","bs-firefox-win11","2026-09-05","passed","2026-09-05","Network Mocking & Interception","","",""
"","199","PUT /openapi.json returns 405","bs-safari-ventura","2026-09-05","passed","2026-09-05","Security > HTTP Method Restrictions","","",""
"","614","shows a chip for each color with a swatch, name, and delete button","bs-pixel-7","2026-09-05","passed","2026-09-05","Color Management — Add & Delete","","",""
"","24","should return 404 for non-existent color deletion","Chrome","2026-09-05","passed","2026-09-05","Backend API Integration > DELETE /api/colors/:name","tests/api.spec.ts","",""
"","185","NoSQL operator in GET path param is rejected (400 or 404)","bs-safari-ventura","2026-09-05","passed","2026-09-05","Security > Injection Prevention","","",""
"","1756","changing color to Red should reflect in UI and DOM","bs-firefox-win11","2026-09-05","passed","2026-09-05","Data-Driven Testing","","",""
"","5","Server Unit Tests Error Handling PUT /api/colors/:name returns 409 when database throws duplicate key error (code 11000) on save","","2026-09-05","passed","2026-09-05","","Server Unit Tests","Server Unit Tests Error Handling PUT /api/colors/:name returns 409 when database throws duplicate key error (code 11000) on save",""
"","15","GET /api/colors","","","passed","","","schemathesis","",""
"","174","should reject updating with empty name","bs-firefox-win11","2026-09-05","passed","2026-09-05","Backend API Integration > PUT /api/colors/:name Schema Validation","","",""
"","325","GET /api/colors should return colors sorted alphabetically by name","bs-iphone-15","2026-09-05","passed","2026-09-05","Backend API Integration","","",""
"","434","check Turquoise ( #1abc9c) is the default background color.","Chrome","2026-09-05","passed","2026-09-05","","tests/coverage.spec.ts","",""
"","5","Server Unit Tests PUT /api/colors/:name returns 404 for a non-existent color","","2026-09-05","passed","2026-09-05","","Server Unit Tests","Server Unit Tests PUT /api/colors/:name returns 404 for a non-existent color",""
"","7","Server Integration Tests (Testcontainers) POST /api/colors should return 400 when hex is missing","","2026-09-05","passed","2026-09-05","","Server Integration Tests (Testcontainers)","Server Integration Tests (Testcontainers) POST /api/colors should return 400 when hex is missing",""
"","207","empty body on POST returns 400","bs-safari-ventura","2026-09-05","passed","2026-09-05","Security > Input Validation","","",""
"","205","SQL injection characters in name are rejected (400)","bs-pixel-7","2026-09-05","passed","2026-09-05","Security > Injection Prevention","","",""
"","3192","homepage initial state","percy","2026-09-05","passed","2026-09-05","Percy Visual Regression – Production > Percy – desktop-xl (1920×1080)","","",""
"","419","should load the application and verify core functionality across browsers","Chrome","2026-09-05","passed","2026-09-05","Cross-Browser Core Functionality","","",""
"","1432","color names rendered in the UI do not trigger script execution","Chrome","2026-09-05","passed","2026-09-05","Security > XSS Prevention","tests/security.spec.ts","",""
"","186","PATCH /api/colors returns 405","bs-pixel-7","2026-09-05","passed","2026-09-05","Security > HTTP Method Restrictions","","",""
"","4","Server Unit Tests DELETE /api/colors/:name returns 400 for invalid name in path (regex check)","","2026-09-05","passed","2026-09-05","","Server Unit Tests","Server Unit Tests DELETE /api/colors/:name returns 400 for invalid name in path (regex check)",""
"","4187","shows server-error message on 500 inside the picker","bs-safari-ventura","2026-09-05","passed","2026-09-05","Color Management — Add & Delete","","",""
"","184","unknown extra fields in POST body are rejected (400)","bs-chrome-win11","2026-09-05","passed","2026-09-05","Security > Input Validation","","",""
"","514","should handle missing image gracefully by showing alt text","Chrome","2026-09-05","passed","2026-09-05","Network Mocking & Interception","tests/network-mocking.spec.ts","",""
"","174","should reject invalid hex format on update","bs-safari-ventura","2026-09-05","passed","2026-09-05","Backend API Integration > PUT /api/colors/:name Schema Validation","","",""
"","3","Server Unit Tests OpenAPI endpoints spec includes component schemas","","2026-09-05","passed","2026-09-05","","Server Unit Tests","Server Unit Tests OpenAPI endpoints spec includes component schemas",""
"","1526","handle color response missing hex property","bs-safari-ventura","2026-09-05","passed","2026-09-05","Edge cases and error handling","","",""
"","10","Server Integration Tests (Testcontainers) POST /api/colors should not expose _id or __v in the creation response","","2026-09-05","passed","2026-09-05","","Server Integration Tests (Testcontainers)","Server Integration Tests (Testcontainers) POST /api/colors should not expose _id or __v in the creation response",""
"","171","POST with HTML tag in name is rejected (400)","bs-pixel-7","2026-09-05","passed","2026-09-05","Security > XSS Prevention","","",""
"","188","array body on POST returns 400","bs-iphone-15","2026-09-05","passed","2026-09-05","Security > Input Validation","","",""
"","1231","handle initial fetch with empty data","bs-iphone-15","2026-09-05","passed","2026-09-05","Edge cases and error handling","","",""
"","733","homepage should match snapshot","Chrome","2026-09-05","passed","2026-09-05","Visual Regression – iphone-landscape (667×375)","","",""
"","1901","should meet the accessibility threshold using Google Lighthouse","bs-safari-ventura","2026-09-05","skipped","2026-09-05","Accessibility Tests","","",""
"","182","PUT /openapi.json returns 405","bs-firefox-win11","2026-09-05","passed","2026-09-05","Security > HTTP Method Restrictions","","",""
"","1463","verify Yellow ( #f1c40f ) is applied as the background color","bs-chrome-win11","2026-09-05","passed","2026-09-05","Background color tests","","",""
"","248","should reject invalid hex format","bs-iphone-15","2026-09-05","passed","2026-09-05","Backend API Integration > POST /api/colors Schema Validation","","",""
"","1029","should meet the accessibility threshold using Google Lighthouse","bs-pixel-7","2026-09-05","skipped","2026-09-05","Accessibility Tests","","",""
"","4","Server Unit Tests PUT /api/colors/:name returns 400 when no fields are provided (empty body)","","2026-09-05","passed","2026-09-05","","Server Unit Tests","Server Unit Tests PUT /api/colors/:name returns 400 when no fields are provided (empty body)",""
