"DESCRIPTION","DURATION IN MS","NAME","PARENT SUITE","START TIME","STATUS","STOP TIME","SUB SUITE","SUITE","TEST CLASS","TEST METHOD"
"","668","Background stays unchanged when fetching a specific color fails","BDD","2026-06-21","passed","2026-06-21","API Error Handling","","",""
"","6","DELETE /api/colors (collection) returns 405","Chrome","2026-06-21","passed","2026-06-21","Security > HTTP Method Restrictions","tests/security.spec.ts","",""
"","1621","check Turquoise ( #1abc9c) is the default background color.","bs-iphone-15","2026-06-21","passed","2026-06-21","","","",""
"","212","GET /api/colors/Yellow should return the correct hex code","bs-pixel-7","2026-06-21","passed","2026-06-21","Backend API Integration","","",""
"","1612","should create dynamic random color via API and verify through UI","bs-firefox-win11","2026-06-21","passed","2026-06-21","Random Data Testing with faker.js","","",""
"","10713","shows client-side validation error for invalid name chars","bs-safari-ventura","2026-06-21","passed","2026-06-21","Color Management — Add & Delete","","",""
"","6881","should maintain accessibility after state change (color update)","bs-chrome-win11","2026-06-21","passed","2026-06-21","Accessibility Tests","","",""
"","4","Server Unit Tests OpenAPI endpoints serves the OpenAPI JSON spec with exact metadata","","2026-06-21","passed","2026-06-21","","Server Unit Tests","Server Unit Tests OpenAPI endpoints serves the OpenAPI JSON spec with exact metadata",""
"","93","empty body on POST returns 400","bs-safari-ventura","2026-06-21","passed","2026-06-21","Security > Input Validation","","",""
"","2820","clicking a chip makes it active","bs-safari-ventura","2026-06-21","passed","2026-06-21","Color Management — Add & Delete","","",""
"Performance Test: UI Performance Test
File: ui-performance.spec.ts
Total Iterations: 54
Max VUs: 1

HTTP Request Duration:
- Avg: 152.53ms
- P(95): 152.53ms
- Max: 152.53ms

Full metrics attached in the results.","737075","UI Performance Test","Performance","2026-06-21","passed","2026-06-21","ui-performance.spec.ts","UI Performance Test","",""
"","89","should reject empty name","bs-iphone-15","2026-06-21","passed","2026-06-21","Backend API Integration > POST /api/colors Schema Validation","","",""
"","525","Example #1","BDD","2026-06-21","passed","2026-06-21","Language Switching > Switch language and verify translated UI labels","","",""
"","794","should update a color with valid schema","bs-chrome-win11","2026-06-21","passed","2026-06-21","Backend API Integration > PUT /api/colors/:name Schema Validation","","",""
"","2","Component Tests ConfirmDialog Enter key calls onConfirm when not busy","","2026-06-21","passed","2026-06-21","","Component Tests","Component Tests ConfirmDialog Enter key calls onConfirm when not busy",""
"","933","cancel in confirm dialog closes it without deleting","Chrome","2026-06-21","passed","2026-06-21","Color Management — Add & Delete","tests/color-management.spec.ts","",""
"","4","Server Unit Tests Surviving Mutants & Edge Cases Swagger JSDoc Integration kills apis array mutants by verifying JSDoc content is present","","2026-06-21","passed","2026-06-21","","Server Unit Tests","Server Unit Tests Surviving Mutants & Edge Cases Swagger JSDoc Integration kills apis array mutants by verifying JSDoc content is present",""
"","99","Frontend Unit Tests App Component clicking a color chip makes it active","","2026-06-21","passed","2026-06-21","","Frontend Unit Tests","Frontend Unit Tests App Component clicking a color chip makes it active",""
"","10644","close (×) button closes the picker","bs-safari-ventura","2026-06-21","passed","2026-06-21","Color Management — Add & Delete","","",""
"","2142","should maintain accessibility in el language and verify resilient locators","bs-chrome-win11","2026-06-21","passed","2026-06-21","i18n Accessibility Tests","","",""
"","931","shows a chip for each color with a swatch, name, and delete button","bs-firefox-win11","2026-06-21","passed","2026-06-21","Color Management — Add & Delete","","",""
"","0","homepage after color change","Chrome","2026-06-21","skipped","2026-06-21","Percy Visual Regression – Production > Percy – tablet (768×1024)","","",""
"","93","PATCH /api/colors/:name returns 405","bs-firefox-win11","2026-06-21","passed","2026-06-21","Security > HTTP Method Restrictions","","",""
"","110","Frontend Unit Tests App Component handleColorClick does nothing when data has no hex","","2026-06-21","passed","2026-06-21","","Frontend Unit Tests","Frontend Unit Tests App Component handleColorClick does nothing when data has no hex",""
"","675","shows a chip for each color with a swatch, name, and delete button","Chrome","2026-06-21","passed","2026-06-21","Color Management — Add & Delete","tests/color-management.spec.ts","",""
"","21","Component Tests ColorPicker touchmove while dragging updates hex","","2026-06-21","passed","2026-06-21","","Utility Functions","Component Tests ColorPicker touchmove while dragging updates hex",""
"","13","Server Integration Tests (Testcontainers) GET /api/colors should return an empty array after all colors are deleted","","2026-06-21","passed","2026-06-21","","Server Integration Tests (Testcontainers)","Server Integration Tests (Testcontainers) GET /api/colors should return an empty array after all colors are deleted",""
"","14","GET /api/colors should return all colors","Chrome","2026-06-21","passed","2026-06-21","Backend API Integration","tests/api.spec.ts","",""
"","3","Server Unit Tests Surviving Mutants & Edge Cases Swagger Metadata & OpenAPI has exact server metadata","","2026-06-21","passed","2026-06-21","","Server Unit Tests","Server Unit Tests Surviving Mutants & Edge Cases Swagger Metadata & OpenAPI has exact server metadata",""
"","190","X-Powered-By header is not exposed","bs-chrome-win11","2026-06-21","passed","2026-06-21","Security > Security Headers","","",""
"","4","Component Tests ConfirmDialog backdrop click calls onCancel when not busy","","2026-06-21","passed","2026-06-21","","Component Tests","Component Tests ConfirmDialog backdrop click calls onCancel when not busy",""
"","1320","color names rendered in the UI do not trigger script execution","bs-pixel-7","2026-06-21","passed","2026-06-21","Security > XSS Prevention","","",""
"","1830","shows server-error message on 500 inside the picker","bs-firefox-win11","2026-06-21","passed","2026-06-21","Color Management — Add & Delete","","",""
"","14","Server Integration Tests (Testcontainers) POST /api/colors should return 409 when creating a duplicate color name","","2026-06-21","passed","2026-06-21","","Server Integration Tests (Testcontainers)","Server Integration Tests (Testcontainers) POST /api/colors should return 409 when creating a duplicate color name",""
"","1645","should maintain accessibility in el language and verify resilient locators","Chrome","2026-06-21","passed","2026-06-21","i18n Accessibility Tests","tests/a11y.spec.ts","",""
"","1105","Cancel button closes the picker","bs-pixel-7","2026-06-21","passed","2026-06-21","Color Management — Add & Delete","","",""
"","15","Component Tests ConfirmDialog swatch div has the correct background color","","2026-06-21","passed","2026-06-21","","Component Tests","Component Tests ConfirmDialog swatch div has the correct background color",""
"","1390","delete API error shows alert banner","bs-firefox-win11","2026-06-21","passed","2026-06-21","Color Management — Add & Delete","","",""
"","42","Frontend Unit Tests App Component add color 409 fallback message when data.error is absent","","2026-06-21","passed","2026-06-21","","Frontend Unit Tests","Frontend Unit Tests App Component add color 409 fallback message when data.error is absent",""
"","1811","handle color response missing hex property","bs-iphone-15","2026-06-21","passed","2026-06-21","Edge cases and error handling","","",""
"","14","should reject missing name","Chrome","2026-06-21","passed","2026-06-21","Backend API Integration > POST /api/colors Schema Validation","tests/api.spec.ts","",""
"","1565","should create color via API and verify through UI","bs-chrome-win11","2026-06-21","passed","2026-06-21","Hybrid E2E Testing","","",""
"","5","Server Unit Tests POST /api/colors applies the createColorLimiter rate limit headers","","2026-06-21","passed","2026-06-21","","Server Unit Tests","Server Unit Tests POST /api/colors applies the createColorLimiter rate limit headers",""
"","21","Server Integration Tests (Testcontainers) POST /api/colors should create a new color and persist it in the real database","","2026-06-21","passed","2026-06-21","","Server Integration Tests (Testcontainers)","Server Integration Tests (Testcontainers) POST /api/colors should create a new color and persist it in the real database",""
"","20","Frontend Unit Tests App Component colors.length > 0 does NOT show loading text","","2026-06-21","passed","2026-06-21","","Frontend Unit Tests","Frontend Unit Tests App Component colors.length > 0 does NOT show loading text",""
"","977","successful delete removes the chip","bs-pixel-7","2026-06-21","passed","2026-06-21","Color Management — Add & Delete","","",""
"","1120","verify Yellow ( #f1c40f ) is applied as the background color","bs-pixel-7","2026-06-21","passed","2026-06-21","POM Refactored: Background color tests","","",""
"","60","POST with HTML tag in name is rejected (400)","Chrome","2026-06-21","passed","2026-06-21","Security > XSS Prevention","tests/security.spec.ts","",""
"","188","GET /api/colors/Yellow should return the correct hex code","bs-firefox-win11","2026-06-21","passed","2026-06-21","Backend API Integration","","",""
"","180","GET /api/colors should return all colors","bs-iphone-15","2026-06-21","passed","2026-06-21","Backend API Integration","","",""
"","132","POST with HTML tag in name is rejected (400)","bs-safari-ventura","2026-06-21","passed","2026-06-21","Security > XSS Prevention","","",""
"","213","GET /api/colors/Yellow should return the correct hex code","bs-safari-ventura","2026-06-21","passed","2026-06-21","Backend API Integration","","",""
"","730","should update a color with valid schema","bs-firefox-win11","2026-06-21","passed","2026-06-21","Backend API Integration > PUT /api/colors/:name Schema Validation","","",""
"","198","GET /api/colors/Yellow should return the correct hex code","bs-chrome-win11","2026-06-21","passed","2026-06-21","Backend API Integration","","",""
"","33","Component Tests ColorPicker cancel button calls onCancel","","2026-06-21","passed","2026-06-21","","Utility Functions","Component Tests ColorPicker cancel button calls onCancel",""
"","67","Frontend Unit Tests App Component picker onCancel does nothing when saving=true","","2026-06-21","passed","2026-06-21","","Frontend Unit Tests","Frontend Unit Tests App Component picker onCancel does nothing when saving=true",""
"","1","Utility Functions rgbToHex value 15 pads to 0f","","2026-06-21","passed","2026-06-21","","Utility Functions","Utility Functions rgbToHex value 15 pads to 0f",""
"","2","Utility Functions rgbToHex converts pure green","","2026-06-21","passed","2026-06-21","","Utility Functions","Utility Functions rgbToHex converts pure green",""
"","467","should handle missing image gracefully by showing alt text","bs-pixel-7","2026-06-21","passed","2026-06-21","Network Mocking & Interception","","",""
"","23","Server Unit Tests POST /api/colors creates a new color and returns 201 with correct body","","2026-06-21","passed","2026-06-21","","Server Unit Tests","Server Unit Tests POST /api/colors creates a new color and returns 201 with correct body",""
"","42","Frontend Unit Tests App Component learn react link has correct text","","2026-06-21","passed","2026-06-21","","Frontend Unit Tests","Frontend Unit Tests App Component learn react link has correct text",""
"","984","delete API error shows alert banner","bs-chrome-win11","2026-06-21","passed","2026-06-21","Color Management — Add & Delete","","",""
"","27","Frontend Unit Tests App Component picker × button closes the modal","","2026-06-21","passed","2026-06-21","","Frontend Unit Tests","Frontend Unit Tests App Component picker × button closes the modal",""
"","0","Utility Functions rgbToHex output is lowercase","","2026-06-21","passed","2026-06-21","","Utility Functions","Utility Functions rgbToHex output is lowercase",""
"","1186","shows client-side ""Name is required"" when submitting empty name","Chrome","2026-06-21","passed","2026-06-21","Color Management — Add & Delete","tests/color-management.spec.ts","",""
"","10","Component Tests ColorPicker Escape listener is removed after unmount","","2026-06-21","passed","2026-06-21","","Utility Functions","Component Tests ColorPicker Escape listener is removed after unmount",""
"","0","Frontend Unit Tests i18n Configuration interpolation should not escape value","","2026-06-21","passed","2026-06-21","","Frontend Unit Tests","Frontend Unit Tests i18n Configuration interpolation should not escape value",""
"","102","should reject missing hex","bs-pixel-7","2026-06-21","passed","2026-06-21","Backend API Integration > POST /api/colors Schema Validation","","",""
"","5249","should maintain accessibility in es language and verify resilient locators","bs-iphone-15","2026-06-21","passed","2026-06-21","i18n Accessibility Tests","","",""
"","89","PUT /openapi.json returns 405","bs-chrome-win11","2026-06-21","passed","2026-06-21","Security > HTTP Method Restrictions","","",""
"","14","Component Tests ColorPicker typing red with g<b hex updates internal state","","2026-06-21","passed","2026-06-21","","Utility Functions","Component Tests ColorPicker typing red with g<b hex updates internal state",""
"","55","should update a color with valid schema","Chrome","2026-06-21","passed","2026-06-21","Backend API Integration > PUT /api/colors/:name Schema Validation","tests/api.spec.ts","",""
"","20","Frontend Unit Tests App Component shows add-color button even when colors are empty","","2026-06-21","passed","2026-06-21","","Frontend Unit Tests","Frontend Unit Tests App Component shows add-color button even when colors are empty",""
"","4","Server Unit Tests Surviving Mutants & Edge Cases Mongoose Schema & Persistence kills empty schema mutant by verifying field persistence","","2026-06-21","passed","2026-06-21","","Server Unit Tests","Server Unit Tests Surviving Mutants & Edge Cases Mongoose Schema & Persistence kills empty schema mutant by verifying field persistence",""
"","1251","should load the application and verify core functionality across browsers","bs-firefox-win11","2026-06-21","passed","2026-06-21","Cross-Browser Core Functionality","","",""
"","19","GET /api/colors should return colors sorted alphabetically by name","Chrome","2026-06-21","passed","2026-06-21","Backend API Integration","tests/api.spec.ts","",""
"","7735","shows server-error message on 500 inside the picker","bs-iphone-15","2026-06-21","passed","2026-06-21","Color Management — Add & Delete","","",""
"","744","should handle color click network failure gracefully","bs-pixel-7","2026-06-21","passed","2026-06-21","UI Error Handling Coverage","","",""
"","5","Server Integration Tests (Testcontainers) POST /api/reseed should return 405 for GET on /api/reseed","","2026-06-21","passed","2026-06-21","","Server Integration Tests (Testcontainers)","Server Integration Tests (Testcontainers) POST /api/reseed should return 405 for GET on /api/reseed",""
"","0","Utility Functions readableOn returns #fff for black (very dark, L≈0)","","2026-06-21","passed","2026-06-21","","Utility Functions","Utility Functions readableOn returns #fff for black (very dark, L≈0)",""
"","316","homepage should match snapshot","percy","2026-06-21","skipped","2026-06-21","Visual Regression – iphone-se (375×667)","","",""
"","1625","verify Turquoise ( #1abc9c ) is applied as the background color","bs-firefox-win11","2026-06-21","passed","2026-06-21","Background color tests","","",""
"","2378","should create dynamic random color via API and verify through UI","bs-safari-ventura","2026-06-21","passed","2026-06-21","Random Data Testing with faker.js","","",""
"","1","Utility Functions hslToRgb lightness=0 gives black","","2026-06-21","passed","2026-06-21","","Utility Functions","Utility Functions hslToRgb lightness=0 gives black",""
"","11614","Cancel button closes the picker","bs-safari-ventura","2026-06-21","passed","2026-06-21","Color Management — Add & Delete","","",""
"","3","Utility Functions rgbToHsl pure green → h=120, s=1, l=0.5","","2026-06-21","passed","2026-06-21","","Utility Functions","Utility Functions rgbToHsl pure green → h=120, s=1, l=0.5",""
"","3","Server Unit Tests PUT /api/colors/:name returns 400 for invalid name in path (regex check)","","2026-06-21","passed","2026-06-21","","Server Unit Tests","Server Unit Tests PUT /api/colors/:name returns 400 for invalid name in path (regex check)",""
"","8","X-Powered-By header is not exposed","Chrome","2026-06-21","passed","2026-06-21","Security > Security Headers","tests/security.spec.ts","",""
"","1171","shows client-side validation error for invalid name chars","Chrome","2026-06-21","passed","2026-06-21","Color Management — Add & Delete","tests/color-management.spec.ts","",""
"","996","should load the application and verify core functionality across browsers","bs-chrome-win11","2026-06-21","passed","2026-06-21","Cross-Browser Core Functionality","","",""
"","7","empty body on POST returns 400","Chrome","2026-06-21","passed","2026-06-21","Security > Input Validation","tests/security.spec.ts","",""
"","406","homepage should match snapshot","percy","2026-06-21","skipped","2026-06-21","Visual Regression – desktop (1280×720)","","",""
"","94","PATCH /api/colors returns 405","bs-chrome-win11","2026-06-21","passed","2026-06-21","Security > HTTP Method Restrictions","","",""
"","5","Server Integration Tests (Testcontainers) PUT /api/colors/:name should return 400 for invalid hex format on update","","2026-06-21","passed","2026-06-21","","Server Integration Tests (Testcontainers)","Server Integration Tests (Testcontainers) PUT /api/colors/:name should return 400 for invalid hex format on update",""
"","5","Server Integration Tests (Testcontainers) PUT /api/colors/:name should return 400 for invalid name in URL path","","2026-06-21","passed","2026-06-21","","Server Integration Tests (Testcontainers)","Server Integration Tests (Testcontainers) PUT /api/colors/:name should return 400 for invalid name in URL path",""
"","10","malformed JSON body returns 400","Chrome","2026-06-21","passed","2026-06-21","Security > Input Validation","tests/security.spec.ts","",""
"","100","NoSQL injection object in name is rejected (400)","bs-firefox-win11","2026-06-21","passed","2026-06-21","Security > Injection Prevention","","",""
"","91","SQL injection characters in name are rejected (400)","bs-pixel-7","2026-06-21","passed","2026-06-21","Security > Injection Prevention","","",""
"","19","GET /api/colors/:name should return 404 for non-existent color","Chrome","2026-06-21","passed","2026-06-21","Backend API Integration","tests/api.spec.ts","",""
"","5","Utility Functions hslToRgb saturation clamped: s=-0.5 treated as s=0","","2026-06-21","passed","2026-06-21","","Utility Functions","Utility Functions hslToRgb saturation clamped: s=-0.5 treated as s=0",""
"","8","Server Unit Tests Surviving Mutants & Edge Cases PUT logic kills name/hex conditional mutants by providing only one field","","2026-06-21","passed","2026-06-21","","Server Unit Tests","Server Unit Tests Surviving Mutants & Edge Cases PUT logic kills name/hex conditional mutants by providing only one field",""
"","20","should reject updating with empty name","Chrome","2026-06-21","passed","2026-06-21","Backend API Integration > PUT /api/colors/:name Schema Validation","tests/api.spec.ts","",""
"","1","Utility Functions readableOn returns #111 for white (very light, L=1)","","2026-06-21","passed","2026-06-21","","Utility Functions","Utility Functions readableOn returns #111 for white (very light, L=1)",""
"","92","DELETE /api/colors (collection) returns 405","bs-pixel-7","2026-06-21","passed","2026-06-21","Security > HTTP Method Restrictions","","",""
"","9","SQL injection characters in name are rejected (400)","Chrome","2026-06-21","passed","2026-06-21","Security > Injection Prevention","tests/security.spec.ts","",""
"","1348","close (×) button closes the picker","bs-firefox-win11","2026-06-21","passed","2026-06-21","Color Management — Add & Delete","","",""
"","11","Server Unit Tests Error Handling POST /api/colors returns 500 when database fails (create)","","2026-06-21","passed","2026-06-21","","Server Unit Tests","Server Unit Tests Error Handling POST /api/colors returns 500 when database fails (create)",""
"","173","should return 404 when updating non-existent color","bs-iphone-15","2026-06-21","passed","2026-06-21","Backend API Integration > PUT /api/colors/:name Schema Validation","","",""
"","28","Component Tests ConfirmDialog confirm button calls onConfirm","","2026-06-21","passed","2026-06-21","","Component Tests","Component Tests ConfirmDialog confirm button calls onConfirm",""
"","","[HIGH] CVE-2026-48779","","","failed","","","mobile/package-lock.json","ws-8.20.1",""
"","0","Utility Functions readableOn returns #fff for a very dark blue","","2026-06-21","passed","2026-06-21","","Utility Functions","Utility Functions readableOn returns #fff for a very dark blue",""
"","120","array body on POST returns 400","bs-chrome-win11","2026-06-21","passed","2026-06-21","Security > Input Validation","","",""
"","5","Server Unit Tests 405 Method Not Allowed does not return 405 for allowed POST method on /api/colors","","2026-06-21","passed","2026-06-21","","Server Unit Tests","Server Unit Tests 405 Method Not Allowed does not return 405 for allowed POST method on /api/colors",""
"","16","Frontend Unit Tests App Component labelFor falls back to color name for unknown/custom color","","2026-06-21","passed","2026-06-21","","Frontend Unit Tests","Frontend Unit Tests App Component labelFor falls back to color name for unknown/custom color",""
"","6","Utility Functions hslToRgb saturation clamped: s=1.5 treated as s=1","","2026-06-21","passed","2026-06-21","","Utility Functions","Utility Functions hslToRgb saturation clamped: s=1.5 treated as s=1",""
"","23","Component Tests ColorPicker duplicate check is case-insensitive","","2026-06-21","passed","2026-06-21","","Utility Functions","Component Tests ColorPicker duplicate check is case-insensitive",""
"","249","GET /api/colors/Turquoise should return the correct hex code","bs-firefox-win11","2026-06-21","passed","2026-06-21","Backend API Integration","","",""
"","213","GET /api/colors should return all colors","bs-safari-ventura","2026-06-21","passed","2026-06-21","Backend API Integration","","",""
"","15","POST with script tag in name is rejected (400)","Chrome","2026-06-21","passed","2026-06-21","Security > XSS Prevention","tests/security.spec.ts","",""
"","738","should display colors that do not exist in the database","bs-pixel-7","2026-06-21","passed","2026-06-21","Network Mocking & Interception","","",""
"","111","should reject missing name","bs-firefox-win11","2026-06-21","passed","2026-06-21","Backend API Integration > POST /api/colors Schema Validation","","",""
"","876","Example #3","BDD","2026-06-21","passed","2026-06-21","Home Page Background Color > Change background color","","",""
"","7","NoSQL $where operator in name is rejected (400)","Chrome","2026-06-21","passed","2026-06-21","Security > Injection Prevention","tests/security.spec.ts","",""
"","1","Utility Functions hexToRgb parses a standard #RRGGBB hex","","2026-06-21","passed","2026-06-21","","Utility Functions","Utility Functions hexToRgb parses a standard #RRGGBB hex",""
"","6","Server Integration Tests (Testcontainers) DELETE /api/colors/:name should return 400 for invalid name format","","2026-06-21","passed","2026-06-21","","Server Integration Tests (Testcontainers)","Server Integration Tests (Testcontainers) DELETE /api/colors/:name should return 400 for invalid name format",""
"","6","Server Unit Tests 405 Method Not Allowed returns 405 for POST, PUT, DELETE on /openapi.json","","2026-06-21","passed","2026-06-21","","Server Unit Tests","Server Unit Tests 405 Method Not Allowed returns 405 for POST, PUT, DELETE on /openapi.json",""
"","9","Component Tests ConfirmDialog dialog has correct ARIA attributes","","2026-06-21","passed","2026-06-21","","Component Tests","Component Tests ConfirmDialog dialog has correct ARIA attributes",""
"","1129","shows server-error message on 500 inside the picker","Chrome","2026-06-21","passed","2026-06-21","Color Management — Add & Delete","tests/color-management.spec.ts","",""
"","130","POST with HTML tag in name is rejected (400)","bs-iphone-15","2026-06-21","passed","2026-06-21","Security > XSS Prevention","","",""
"","4","Server Unit Tests Error Handling PUT /api/colors/:name returns 409 when database throws duplicate key error (code 11000) on save","","2026-06-21","passed","2026-06-21","","Server Unit Tests","Server Unit Tests Error Handling PUT /api/colors/:name returns 409 when database throws duplicate key error (code 11000) on save",""
"","94","should reject omitting both name and hex on update","bs-firefox-win11","2026-06-21","passed","2026-06-21","Backend API Integration > PUT /api/colors/:name Schema Validation","","",""
"","94","malformed JSON body returns 400","bs-pixel-7","2026-06-21","passed","2026-06-21","Security > Input Validation","","",""
"","725","handle color selection fetch error","bs-pixel-7","2026-06-21","passed","2026-06-21","Edge cases and error handling","","",""
"","540","should handle fetch colors network failure gracefully","Chrome","2026-06-21","passed","2026-06-21","UI Error Handling Coverage","tests/error-handling.spec.ts","",""
"","782","should update a color with valid schema","bs-safari-ventura","2026-06-21","passed","2026-06-21","Backend API Integration > PUT /api/colors/:name Schema Validation","","",""
"","4","Server Unit Tests 405 Method Not Allowed sets the Allow header on /api/colors with correct methods","","2026-06-21","passed","2026-06-21","","Server Unit Tests","Server Unit Tests 405 Method Not Allowed sets the Allow header on /api/colors with correct methods",""
"","66","Frontend Unit Tests App Component handles non-array initial fetch response gracefully","","2026-06-21","passed","2026-06-21","","Frontend Unit Tests","Frontend Unit Tests App Component handles non-array initial fetch response gracefully",""
"","9","Server Unit Tests Error Handling POST /api/colors returns 500 when database fails (findOne)","","2026-06-21","passed","2026-06-21","","Server Unit Tests","Server Unit Tests Error Handling POST /api/colors returns 500 when database fails (findOne)",""
"","3","Server Unit Tests Error Handling GET /api/colors returns 500 when database fails","","2026-06-21","passed","2026-06-21","","Server Unit Tests","Server Unit Tests Error Handling GET /api/colors returns 500 when database fails",""
"","24","Frontend Unit Tests App Component link color is dark (#003366) on light background","","2026-06-21","passed","2026-06-21","","Frontend Unit Tests","Frontend Unit Tests App Component link color is dark (#003366) on light background",""
"","0","Utility Functions rgbToHex converts pure red","","2026-06-21","passed","2026-06-21","","Utility Functions","Utility Functions rgbToHex converts pure red",""
"","10","Server Integration Tests (Testcontainers) POST /api/reseed should not modify the database when token is invalid","","2026-06-21","passed","2026-06-21","","Server Integration Tests (Testcontainers)","Server Integration Tests (Testcontainers) POST /api/reseed should not modify the database when token is invalid",""
"","20","Component Tests ColorPicker lightness slider max value (100) gives white","","2026-06-21","passed","2026-06-21","","Utility Functions","Component Tests ColorPicker lightness slider max value (100) gives white",""
"","13","Server Unit Tests Surviving Mutants & Edge Cases Regex & Validation STRICT_NAME_REGEX is strict on forbidden special characters in the middle","","2026-06-21","passed","2026-06-21","","Server Unit Tests","Server Unit Tests Surviving Mutants & Edge Cases Regex & Validation STRICT_NAME_REGEX is strict on forbidden special characters in the middle",""
"","3","Component Tests ConfirmDialog Enter key does NOT call onConfirm when busy","","2026-06-21","passed","2026-06-21","","Component Tests","Component Tests ConfirmDialog Enter key does NOT call onConfirm when busy",""
"","1253","handle initial fetch error","bs-safari-ventura","2026-06-21","passed","2026-06-21","Edge cases and error handling","","",""
"","45","Frontend Unit Tests App Component add color 501 also triggers server error message (>= 500)","","2026-06-21","passed","2026-06-21","","Frontend Unit Tests","Frontend Unit Tests App Component add color 501 also triggers server error message (>= 500)",""
"","4","Server Unit Tests POST /api/colors rejects names with the + character (+ encodes as space in URLs, causing lookup mismatches)","","2026-06-21","passed","2026-06-21","","Server Unit Tests","Server Unit Tests POST /api/colors rejects names with the + character (+ encodes as space in URLs, causing lookup mismatches)",""
"","27","Component Tests ColorPicker mousedown outside circle clamps sat to 1","","2026-06-21","passed","2026-06-21","","Utility Functions","Component Tests ColorPicker mousedown outside circle clamps sat to 1",""
"","3","Server Unit Tests POST /api/colors returns 400 for completely empty body","","2026-06-21","passed","2026-06-21","","Server Unit Tests","Server Unit Tests POST /api/colors returns 400 for completely empty body",""
"","19","Component Tests ConfirmDialog confirmLabel prop is reflected in the button text","","2026-06-21","passed","2026-06-21","","Component Tests","Component Tests ConfirmDialog confirmLabel prop is reflected in the button text",""
"","90","POST with script tag in name is rejected (400)","bs-safari-ventura","2026-06-21","passed","2026-06-21","Security > XSS Prevention","","",""
"","237","GET /api/colors/Red should return the correct hex code","bs-pixel-7","2026-06-21","passed","2026-06-21","Backend API Integration","","",""
"","2641","should maintain accessibility in es language and verify resilient locators","bs-firefox-win11","2026-06-21","passed","2026-06-21","i18n Accessibility Tests","","",""
"","2950","should create color via API and verify through UI","bs-safari-ventura","2026-06-21","passed","2026-06-21","Hybrid E2E Testing","","",""
"","6","Server Unit Tests POST /api/colors accepts names with alphanumeric characters and spaces","","2026-06-21","passed","2026-06-21","","Server Unit Tests","Server Unit Tests POST /api/colors accepts names with alphanumeric characters and spaces",""
"","13","Component Tests ColorPicker pressing Escape calls onCancel","","2026-06-21","passed","2026-06-21","","Utility Functions","Component Tests ColorPicker pressing Escape calls onCancel",""
"","945","Escape key closes the confirm dialog","bs-firefox-win11","2026-06-21","passed","2026-06-21","Color Management — Add & Delete","","",""
"","101","POST with javascript: URI in name is rejected (400)","bs-firefox-win11","2026-06-21","passed","2026-06-21","Security > XSS Prevention","","",""
"","78","POST with HTML tag in name is rejected (400)","bs-pixel-7","2026-06-21","passed","2026-06-21","Security > XSS Prevention","","",""
"","26","Component Tests ColorPicker close (×) button calls onCancel","","2026-06-21","passed","2026-06-21","","Utility Functions","Component Tests ColorPicker close (×) button calls onCancel",""
"","2","Server Unit Tests Surviving Mutants & Edge Cases Mongoose Schema Strictness kills empty schema mutant by checking schema paths","","2026-06-21","passed","2026-06-21","","Server Unit Tests","Server Unit Tests Surviving Mutants & Edge Cases Mongoose Schema Strictness kills empty schema mutant by checking schema paths",""
"","1381","successfully adds a new color and shows its chip","bs-pixel-7","2026-06-21","passed","2026-06-21","Color Management — Add & Delete","","",""
"","189","GET /api/colors should return colors sorted alphabetically by name","bs-pixel-7","2026-06-21","passed","2026-06-21","Backend API Integration","","",""
"","7","Server Integration Tests (Testcontainers) POST /api/colors should return 400 when hex is missing","","2026-06-21","passed","2026-06-21","","Server Integration Tests (Testcontainers)","Server Integration Tests (Testcontainers) POST /api/colors should return 400 when hex is missing",""
"","214","GET /api/colors/Red should return the correct hex code","bs-chrome-win11","2026-06-21","passed","2026-06-21","Backend API Integration","","",""
"","6","Server Unit Tests Surviving Mutants & Edge Cases Regex & Validation hex regex kills mutants by testing boundaries and formats","","2026-06-21","passed","2026-06-21","","Server Unit Tests","Server Unit Tests Surviving Mutants & Edge Cases Regex & Validation hex regex kills mutants by testing boundaries and formats",""
"","1146","check Turquoise ( #1abc9c) is the default background color.","bs-firefox-win11","2026-06-21","passed","2026-06-21","","","",""
"","454","should delete an existing color","bs-pixel-7","2026-06-21","passed","2026-06-21","Backend API Integration > DELETE /api/colors/:name","","",""
"","5","Server Integration Tests (Testcontainers) Method Not Allowed should return 405 for PATCH /api/colors/:name","","2026-06-21","passed","2026-06-21","","Server Integration Tests (Testcontainers)","Server Integration Tests (Testcontainers) Method Not Allowed should return 405 for PATCH /api/colors/:name",""
"","90","Frontend Unit Tests App Component confirm dialog cancel does nothing when deleting=true","","2026-06-21","passed","2026-06-21","","Frontend Unit Tests","Frontend Unit Tests App Component confirm dialog cancel does nothing when deleting=true",""
"","90","empty body on POST returns 400","bs-chrome-win11","2026-06-21","passed","2026-06-21","Security > Input Validation","","",""
"","5","Server Unit Tests 405 Method Not Allowed does not return 405 for allowed GET method on /api/colors/:name","","2026-06-21","passed","2026-06-21","","Server Unit Tests","Server Unit Tests 405 Method Not Allowed does not return 405 for allowed GET method on /api/colors/:name",""
"","1351","color names rendered in the UI do not trigger script execution","Chrome","2026-06-21","passed","2026-06-21","Security > XSS Prevention","tests/security.spec.ts","",""
"","19","Server Integration Tests (Testcontainers) POST /api/reseed should reseed the database to the three default colors with a valid token","","2026-06-21","passed","2026-06-21","","Server Integration Tests (Testcontainers)","Server Integration Tests (Testcontainers) POST /api/reseed should reseed the database to the three default colors with a valid token",""
"","219","GET /api/colors/:name should return 404 for non-existent color","bs-safari-ventura","2026-06-21","passed","2026-06-21","Backend API Integration","","",""
"","628","should gracefully handle a color not found in the database","Chrome","2026-06-21","passed","2026-06-21","Network Mocking & Interception","tests/network-mocking.spec.ts","",""
"","1","Utility Functions rgbToHsl pure red → h=0, s=1, l=0.5","","2026-06-21","passed","2026-06-21","","Utility Functions","Utility Functions rgbToHsl pure red → h=0, s=1, l=0.5",""
"","1139","clicking the backdrop closes the picker","bs-firefox-win11","2026-06-21","passed","2026-06-21","Color Management — Add & Delete","","",""
"","8","Server Unit Tests 405 Method Not Allowed returns 405 for POST, PUT, DELETE on /api-docs","","2026-06-21","passed","2026-06-21","","Server Unit Tests","Server Unit Tests 405 Method Not Allowed returns 405 for POST, PUT, DELETE on /api-docs",""
"","540","should create a new color with valid schema","bs-chrome-win11","2026-06-21","passed","2026-06-21","Backend API Integration > POST /api/colors Schema Validation","","",""
"","7","POST /api-docs returns 405","Chrome","2026-06-21","passed","2026-06-21","Security > HTTP Method Restrictions","tests/security.spec.ts","",""
"","8","Server Integration Tests (Testcontainers) GET /api/colors/:name should return 404 for a non-existent color","","2026-06-21","passed","2026-06-21","","Server Integration Tests (Testcontainers)","Server Integration Tests (Testcontainers) GET /api/colors/:name should return 404 for a non-existent color",""
"","94","SQL injection characters in name are rejected (400)","bs-firefox-win11","2026-06-21","passed","2026-06-21","Security > Injection Prevention","","",""
"","20","should reject invalid hex format on update","Chrome","2026-06-21","passed","2026-06-21","Backend API Integration > PUT /api/colors/:name Schema Validation","tests/api.spec.ts","",""
"","1142","Cancel button closes the picker","bs-chrome-win11","2026-06-21","passed","2026-06-21","Color Management — Add & Delete","","",""
"","1763","changing color to Red should reflect in UI and DOM","bs-safari-ventura","2026-06-21","passed","2026-06-21","Data-Driven Testing","","",""
"","17","GET /api/colors","","","passed","","","schemathesis","",""
"","3177","chip-x click opens confirm dialog with color name","bs-safari-ventura","2026-06-21","passed","2026-06-21","Color Management — Add & Delete","","",""
"","65","Frontend Unit Tests App Component confirm button shows ""Deleting…"" label while delete is in-flight","","2026-06-21","passed","2026-06-21","","Frontend Unit Tests","Frontend Unit Tests App Component confirm button shows ""Deleting…"" label while delete is in-flight",""
"","751","Escape key closes the confirm dialog","bs-chrome-win11","2026-06-21","passed","2026-06-21","Color Management — Add & Delete","","",""
"","1","Frontend Unit Tests i18n Configuration should have defined resources for en, es, el","","2026-06-21","passed","2026-06-21","","Frontend Unit Tests","Frontend Unit Tests i18n Configuration should have defined resources for en, es, el",""
"","5","Server Unit Tests Middleware returns 400 for malformed JSON body","","2026-06-21","passed","2026-06-21","","Server Unit Tests","Server Unit Tests Middleware returns 400 for malformed JSON body",""
"","584","shows a chip for each color with a swatch, name, and delete button","bs-chrome-win11","2026-06-21","passed","2026-06-21","Color Management — Add & Delete","","",""
"","83","POST with HTML tag in name is rejected (400)","bs-firefox-win11","2026-06-21","passed","2026-06-21","Security > XSS Prevention","","",""
"","22","Component Tests ColorPicker touchend stops dragging (touchmove after touchend is ignored)","","2026-06-21","passed","2026-06-21","","Utility Functions","Component Tests ColorPicker touchend stops dragging (touchmove after touchend is ignored)",""
"","95","POST with javascript: URI in name is rejected (400)","bs-safari-ventura","2026-06-21","passed","2026-06-21","Security > XSS Prevention","","",""
"","658","should return 409 for duplicate color creation","bs-firefox-win11","2026-06-21","passed","2026-06-21","Backend API Integration > POST /api/colors Schema Validation","","",""
"","975","cancel in confirm dialog closes it without deleting","bs-pixel-7","2026-06-21","passed","2026-06-21","Color Management — Add & Delete","","",""
"","20","Frontend Unit Tests App Component shows loading text when colors array is empty","","2026-06-21","passed","2026-06-21","","Frontend Unit Tests","Frontend Unit Tests App Component shows loading text when colors array is empty",""
"","38","Frontend Unit Tests App Component initial background is first color hex","","2026-06-21","passed","2026-06-21","","Frontend Unit Tests","Frontend Unit Tests App Component initial background is first color hex",""
"","738","clicking ""+ Add color"" opens the picker modal","Chrome","2026-06-21","passed","2026-06-21","Color Management — Add & Delete","tests/color-management.spec.ts","",""
"","8","Server Unit Tests seedDatabase clears existing colors and re-seeds with 3 defaults","","2026-06-21","passed","2026-06-21","","Server Unit Tests","Server Unit Tests seedDatabase clears existing colors and re-seeds with 3 defaults",""
"","344","homepage should match snapshot","percy","2026-06-21","skipped","2026-06-21","Visual Regression – tablet (768×1024)","","",""
"","1700","verify Turquoise ( #1abc9c ) is applied as the background color","bs-firefox-win11","2026-06-21","passed","2026-06-21","POM Refactored: Background color tests","","",""
"","188","X-Powered-By header is not exposed","bs-firefox-win11","2026-06-21","passed","2026-06-21","Security > Security Headers","","",""
"","9","Server Unit Tests DELETE /api/colors/:name deletes an existing color and returns success message","","2026-06-21","passed","2026-06-21","","Server Unit Tests","Server Unit Tests DELETE /api/colors/:name deletes an existing color and returns success message",""
"","94","PATCH /api/colors/:name returns 405","bs-pixel-7","2026-06-21","passed","2026-06-21","Security > HTTP Method Restrictions","","",""
"","6","Server Unit Tests PUT /api/colors/:name does not change name when updating only hex","","2026-06-21","passed","2026-06-21","","Server Unit Tests","Server Unit Tests PUT /api/colors/:name does not change name when updating only hex",""
"","3","Server Unit Tests Surviving Mutants & Edge Cases OpenAPI Content-Type has application/json content-type","","2026-06-21","passed","2026-06-21","","Server Unit Tests","Server Unit Tests Surviving Mutants & Edge Cases OpenAPI Content-Type has application/json content-type",""
"","49","GET /api/colors/Turquoise should return the correct hex code","Chrome","2026-06-21","passed","2026-06-21","Backend API Integration","tests/api.spec.ts","",""
"","6","Server Unit Tests GET /api/colors/:name is case-sensitive","","2026-06-21","passed","2026-06-21","","Server Unit Tests","Server Unit Tests GET /api/colors/:name is case-sensitive",""
"","1065","Cancel button closes the picker","Chrome","2026-06-21","passed","2026-06-21","Color Management — Add & Delete","tests/color-management.spec.ts","",""
"","25","Component Tests ColorPicker touch start on canvas sets hex to #ff0000 at right edge","","2026-06-21","passed","2026-06-21","","Utility Functions","Component Tests ColorPicker touch start on canvas sets hex to #ff0000 at right edge",""
"","4","Component Tests ConfirmDialog backdrop click does NOT call onCancel when busy","","2026-06-21","passed","2026-06-21","","Component Tests","Component Tests ConfirmDialog backdrop click does NOT call onCancel when busy",""
"","181","GET /api/colors/:name should return 404 for non-existent color","bs-firefox-win11","2026-06-21","passed","2026-06-21","Backend API Integration","","",""
"","1742","changing color to Red should reflect in UI and DOM","bs-iphone-15","2026-06-21","passed","2026-06-21","Data-Driven Testing","","",""
"","182","should return 404 for non-existent color deletion","bs-iphone-15","2026-06-21","passed","2026-06-21","Backend API Integration > DELETE /api/colors/:name","","",""
"","1053","should meet the accessibility threshold using Google Lighthouse","bs-chrome-win11","2026-06-21","skipped","2026-06-21","Accessibility Tests","","",""
"","2012","verify Red ( #e74c3c ) is applied as the background color","bs-safari-ventura","2026-06-21","passed","2026-06-21","Background color tests","","",""
"","2233","verify Yellow ( #f1c40f ) is applied as the background color","bs-iphone-15","2026-06-21","passed","2026-06-21","POM Refactored: Background color tests","","",""
"","5","Server Integration Tests (Testcontainers) POST /api/reseed should return 401 when token is invalid","","2026-06-21","passed","2026-06-21","","Server Integration Tests (Testcontainers)","Server Integration Tests (Testcontainers) POST /api/reseed should return 401 when token is invalid",""
"","11","Server Unit Tests GET /api/colors/:name returns 404 for a non-existent color","","2026-06-21","passed","2026-06-21","","Server Unit Tests","Server Unit Tests GET /api/colors/:name returns 404 for a non-existent color",""
"","792","should handle color click network failure gracefully","bs-chrome-win11","2026-06-21","passed","2026-06-21","UI Error Handling Coverage","","",""
"","2184","changing color to Yellow should reflect in UI and DOM","bs-iphone-15","2026-06-21","passed","2026-06-21","Data-Driven Testing","","",""
"","530","should create a new color with valid schema","bs-safari-ventura","2026-06-21","passed","2026-06-21","Backend API Integration > POST /api/colors Schema Validation","","",""
"","634","handle initial fetch error","bs-chrome-win11","2026-06-21","passed","2026-06-21","Edge cases and error handling","","",""
"","2356","clicking ""+ Add color"" opens the picker modal","bs-iphone-15","2026-06-21","passed","2026-06-21","Color Management — Add & Delete","","",""
"","5","Component Tests ConfirmDialog clicking the card itself does NOT call onCancel","","2026-06-21","passed","2026-06-21","","Component Tests","Component Tests ConfirmDialog clicking the card itself does NOT call onCancel",""
"","6","Server Integration Tests (Testcontainers) POST /api/colors should return 400 when name is missing","","2026-06-21","passed","2026-06-21","","Server Integration Tests (Testcontainers)","Server Integration Tests (Testcontainers) POST /api/colors should return 400 when name is missing",""
"","690","handle initial fetch error","Chrome","2026-06-21","passed","2026-06-21","Edge cases and error handling","tests/coverage.spec.ts","",""
"","18","Server Integration Tests (Testcontainers) seedDatabase should clear custom colors when re-seeded","","2026-06-21","passed","2026-06-21","","Server Integration Tests (Testcontainers)","Server Integration Tests (Testcontainers) seedDatabase should clear custom colors when re-seeded",""
"","93","PATCH /api/colors returns 405","bs-firefox-win11","2026-06-21","passed","2026-06-21","Security > HTTP Method Restrictions","","",""
"","4","Server Unit Tests POST /api/colors returns 400 for invalid hex format (no hash)","","2026-06-21","passed","2026-06-21","","Server Unit Tests","Server Unit Tests POST /api/colors returns 400 for invalid hex format (no hash)",""
"","1221","changing color to Yellow should reflect in UI and DOM","bs-pixel-7","2026-06-21","passed","2026-06-21","Data-Driven Testing","","",""
"","2","Frontend Unit Tests i18n Configuration should be initialized with correct settings","","2026-06-21","passed","2026-06-21","","Frontend Unit Tests","Frontend Unit Tests i18n Configuration should be initialized with correct settings",""
"","1950","should handle color click network failure gracefully","bs-safari-ventura","2026-06-21","passed","2026-06-21","UI Error Handling Coverage","","",""
"","0","Utility Functions hslToRgb high lightness l=0.75 → [255,128,128]","","2026-06-21","passed","2026-06-21","","Utility Functions","Utility Functions hslToRgb high lightness l=0.75 → [255,128,128]",""
"","1669","verify Red ( #e74c3c ) is applied as the background color","bs-iphone-15","2026-06-21","passed","2026-06-21","POM Refactored: Background color tests","","",""
"","9539","successful delete removes the chip","bs-safari-ventura","2026-06-21","passed","2026-06-21","Color Management — Add & Delete","","",""
"","0","Utility Functions hslToRgb hue=210 (azure) → [0,128,255]","","2026-06-21","passed","2026-06-21","","Utility Functions","Utility Functions hslToRgb hue=210 (azure) → [0,128,255]",""
"","64","Frontend Unit Tests App Component add color success closes picker and shows new chip","","2026-06-21","passed","2026-06-21","","Frontend Unit Tests","Frontend Unit Tests App Component add color success closes picker and shows new chip",""
"","5","Server Unit Tests POST /api/colors returns 400 for name with special characters","","2026-06-21","passed","2026-06-21","","Server Unit Tests","Server Unit Tests POST /api/colors returns 400 for name with special characters",""
"","214","GET /api/colors/Red should return the correct hex code","bs-safari-ventura","2026-06-21","passed","2026-06-21","Backend API Integration","","",""
"","60","Frontend Unit Tests App Component handleColorClick encodes color name in URL","","2026-06-21","passed","2026-06-21","","Frontend Unit Tests","Frontend Unit Tests App Component handleColorClick encodes color name in URL",""
"","1690","should handle color click network failure gracefully","bs-iphone-15","2026-06-21","passed","2026-06-21","UI Error Handling Coverage","","",""
"","13","Component Tests ColorPicker typing blue hex updates internal state (b is max branch)","","2026-06-21","passed","2026-06-21","","Utility Functions","Component Tests ColorPicker typing blue hex updates internal state (b is max branch)",""
"","782","changing color to Red should reflect in UI and DOM","Chrome","2026-06-21","passed","2026-06-21","Data-Driven Testing","tests/data-driven.spec.ts","",""
"","35","should return 409 for duplicate color creation","Chrome","2026-06-21","passed","2026-06-21","Backend API Integration > POST /api/colors Schema Validation","tests/api.spec.ts","",""
"","7","Server Unit Tests OpenAPI endpoints serves Swagger UI as HTML","","2026-06-21","passed","2026-06-21","","Server Unit Tests","Server Unit Tests OpenAPI endpoints serves Swagger UI as HTML",""
"","44","Frontend Unit Tests App Component add color 429 rate limit shows specific message","","2026-06-21","passed","2026-06-21","","Frontend Unit Tests","Frontend Unit Tests App Component add color 429 rate limit shows specific message",""
"","92","malformed JSON body returns 400","bs-safari-ventura","2026-06-21","passed","2026-06-21","Security > Input Validation","","",""
"","1333","successful delete removes the chip","bs-firefox-win11","2026-06-21","passed","2026-06-21","Color Management — Add & Delete","","",""
"","1","Utility Functions hslToRgb low lightness l=0.25 → [128,0,0]","","2026-06-21","passed","2026-06-21","","Utility Functions","Utility Functions hslToRgb low lightness l=0.25 → [128,0,0]",""
"","3703","should maintain accessibility after state change (color update)","bs-firefox-win11","2026-06-21","passed","2026-06-21","Accessibility Tests","","",""
"","951","verify Red ( #e74c3c ) is applied as the background color","bs-chrome-win11","2026-06-21","passed","2026-06-21","Background color tests","","",""
"","1444","changing color to Turquoise should reflect in UI and DOM","bs-firefox-win11","2026-06-21","passed","2026-06-21","Data-Driven Testing","","",""
"","2121","should load the application and verify core functionality across browsers","bs-safari-ventura","2026-06-21","passed","2026-06-21","Cross-Browser Core Functionality","","",""
"","23","Component Tests ColorPicker typing in name input clears name error","","2026-06-21","passed","2026-06-21","","Utility Functions","Component Tests ColorPicker typing in name input clears name error",""
"","11","Server Integration Tests (Testcontainers) GET /api/colors/:name should return correct data for Turquoise","","2026-06-21","passed","2026-06-21","","Server Integration Tests (Testcontainers)","Server Integration Tests (Testcontainers) GET /api/colors/:name should return correct data for Turquoise",""
"","2326","homepage initial state","percy","2026-06-21","passed","2026-06-21","Percy Visual Regression – Production > Percy – tablet (768×1024)","","",""
"","10","Server Unit Tests GET /api/colors does not expose _id or __v fields","","2026-06-21","passed","2026-06-21","","Server Unit Tests","Server Unit Tests GET /api/colors does not expose _id or __v fields",""
"","0","Utility Functions paintWheelPixel writes to the correct index offset in the array","","2026-06-21","passed","2026-06-21","","Utility Functions","Utility Functions paintWheelPixel writes to the correct index offset in the array",""
"","1366","verify language switcher changes document language","bs-iphone-15","2026-06-21","passed","2026-06-21","","","",""
"","622","first color chip is active on load (aria-pressed=true)","bs-chrome-win11","2026-06-21","passed","2026-06-21","Color Management — Add & Delete","","",""
"","1348","color names rendered in the UI do not trigger script execution","bs-chrome-win11","2026-06-21","passed","2026-06-21","Security > XSS Prevention","","",""
"","603","check Turquoise ( #1abc9c) is the default background color.","Chrome","2026-06-21","passed","2026-06-21","","tests/coverage.spec.ts","",""
"","946","verify language switcher changes document language","bs-firefox-win11","2026-06-21","passed","2026-06-21","","","",""
"","3","Server Unit Tests Middleware handles non-JSON content type gracefully on POST","","2026-06-21","passed","2026-06-21","","Server Unit Tests","Server Unit Tests Middleware handles non-JSON content type gracefully on POST",""
"","0","homepage after color change","Chrome","2026-06-21","skipped","2026-06-21","Percy Visual Regression – Production > Percy – desktop-xl (1920×1080)","","",""
"","98","should reject missing hex","bs-chrome-win11","2026-06-21","passed","2026-06-21","Backend API Integration > POST /api/colors Schema Validation","","",""
"","92","NoSQL operator in GET path param is rejected (400 or 404)","bs-chrome-win11","2026-06-21","passed","2026-06-21","Security > Injection Prevention","","",""
"","98","NoSQL injection object in name is rejected (400)","bs-chrome-win11","2026-06-21","passed","2026-06-21","Security > Injection Prevention","","",""
"","633","chip-x click opens confirm dialog with color name","bs-chrome-win11","2026-06-21","passed","2026-06-21","Color Management — Add & Delete","","",""
"","3","Server Unit Tests Error Handling GET /api/colors/:name returns 500 when database fails","","2026-06-21","passed","2026-06-21","","Server Unit Tests","Server Unit Tests Error Handling GET /api/colors/:name returns 500 when database fails",""
"","183","GET /api/colors/:name should return 404 for non-existent color","bs-pixel-7","2026-06-21","passed","2026-06-21","Backend API Integration","","",""
"","1","Utility Functions hslToRgb hue=150 (spring green) → [0,255,128]","","2026-06-21","passed","2026-06-21","","Utility Functions","Utility Functions hslToRgb hue=150 (spring green) → [0,255,128]",""
"","2195","homepage after color change","percy","2026-06-21","passed","2026-06-21","Percy Visual Regression – Production > Percy – mobile (375×667)","","",""
"","998","close (×) button closes the picker","Chrome","2026-06-21","passed","2026-06-21","Color Management — Add & Delete","tests/color-management.spec.ts","",""
"","2509","should maintain accessibility in en language and verify resilient locators","bs-chrome-win11","2026-06-21","passed","2026-06-21","i18n Accessibility Tests","","",""
"","2287","should not have any automatically detectable accessibility issues","Chrome","2026-06-21","passed","2026-06-21","Accessibility Tests","tests/a11y.spec.ts","",""
"","640","check Turquoise ( #1abc9c) is the default background color.","bs-chrome-win11","2026-06-21","passed","2026-06-21","","","",""
"","628","should return 409 for duplicate color creation","bs-iphone-15","2026-06-21","passed","2026-06-21","Backend API Integration > POST /api/colors Schema Validation","","",""
"","6","Server Unit Tests DELETE /api/colors/:name cannot delete the same color twice","","2026-06-21","passed","2026-06-21","","Server Unit Tests","Server Unit Tests DELETE /api/colors/:name cannot delete the same color twice",""
"","0","Utility Functions readableOn returns #111 for mid-grey (L≈0.35, black gives better contrast)","","2026-06-21","passed","2026-06-21","","Utility Functions","Utility Functions readableOn returns #111 for mid-grey (L≈0.35, black gives better contrast)",""
"","96","PUT /openapi.json returns 405","bs-pixel-7","2026-06-21","passed","2026-06-21","Security > HTTP Method Restrictions","","",""
"","857","delete API error shows alert banner","bs-pixel-7","2026-06-21","passed","2026-06-21","Color Management — Add & Delete","","",""
"","1596","should load the application and verify core functionality across browsers","Firefox","2026-06-21","passed","2026-06-21","Cross-Browser Core Functionality","","",""
"","92","error responses return JSON, not HTML (no info leakage)","bs-iphone-15","2026-06-21","passed","2026-06-21","Security > Security Headers","","",""
"","975","should handle missing image gracefully by showing alt text","bs-safari-ventura","2026-06-21","passed","2026-06-21","Network Mocking & Interception","","",""
"","79","Frontend Unit Tests App Component handleColorClick shows error alert on fetch failure","","2026-06-21","passed","2026-06-21","","Frontend Unit Tests","Frontend Unit Tests App Component handleColorClick shows error alert on fetch failure",""
"","747","should update a color with valid schema","bs-pixel-7","2026-06-21","passed","2026-06-21","Backend API Integration > PUT /api/colors/:name Schema Validation","","",""
"","5029","should maintain accessibility in en language and verify resilient locators","bs-iphone-15","2026-06-21","passed","2026-06-21","i18n Accessibility Tests","","",""
"","99","NoSQL operator in GET path param is rejected (400 or 404)","bs-firefox-win11","2026-06-21","passed","2026-06-21","Security > Injection Prevention","","",""
"","1578","verify Yellow ( #f1c40f ) is applied as the background color","bs-firefox-win11","2026-06-21","passed","2026-06-21","Background color tests","","",""
"","9","Server Unit Tests GET /api/colors returns an empty array when no colors exist","","2026-06-21","passed","2026-06-21","","Server Unit Tests","Server Unit Tests GET /api/colors returns an empty array when no colors exist",""
"","7","Frontend Unit Tests App Component colors.length === 0 shows loading text","","2026-06-21","passed","2026-06-21","","Frontend Unit Tests","Frontend Unit Tests App Component colors.length === 0 shows loading text",""
"","16","Server Unit Tests Surviving Mutants & Edge Cases Regex & Validation STRICT_NAME_REGEX kills mutants by testing multiple spaces in the middle and rejecting pluses","","2026-06-21","passed","2026-06-21","","Server Unit Tests","Server Unit Tests Surviving Mutants & Edge Cases Regex & Validation STRICT_NAME_REGEX kills mutants by testing multiple spaces in the middle and rejecting pluses",""
"","1297","should create dynamic random color via API and verify through UI","bs-pixel-7","2026-06-21","passed","2026-06-21","Random Data Testing with faker.js","","",""
"","0","Utility Functions rgbToHsl black [0,0,0] → h=0, s=0, l=0","","2026-06-21","passed","2026-06-21","","Utility Functions","Utility Functions rgbToHsl black [0,0,0] → h=0, s=0, l=0",""
"","9016","shows client-side validation error for invalid name chars","bs-iphone-15","2026-06-21","passed","2026-06-21","Color Management — Add & Delete","","",""
"","185","GET /api/colors should return colors sorted alphabetically by name","bs-firefox-win11","2026-06-21","passed","2026-06-21","Backend API Integration","","",""
"","9","Server Integration Tests (Testcontainers) GET /api/colors/:name should return correct data for Yellow","","2026-06-21","passed","2026-06-21","","Server Integration Tests (Testcontainers)","Server Integration Tests (Testcontainers) GET /api/colors/:name should return correct data for Yellow",""
"","614","should show loading state when API returns empty colors","Chrome","2026-06-21","passed","2026-06-21","UI Error Handling Coverage","tests/error-handling.spec.ts","",""
"","2814","clicking ""+ Add color"" opens the picker modal","bs-safari-ventura","2026-06-21","passed","2026-06-21","Color Management — Add & Delete","","",""
"","9","Server Integration Tests (Testcontainers) seedDatabase should always restore the three default seed colors","","2026-06-21","passed","2026-06-21","","Server Integration Tests (Testcontainers)","Server Integration Tests (Testcontainers) seedDatabase should always restore the three default seed colors",""
"","11675","deleting the active color switches background to the first remaining","bs-safari-ventura","2026-06-21","passed","2026-06-21","Color Management — Add & Delete","","",""
"","5","Server Unit Tests POST /api/colors returns 400 when name is missing","","2026-06-21","passed","2026-06-21","","Server Unit Tests","Server Unit Tests POST /api/colors returns 400 when name is missing",""
"","13","Component Tests ColorPicker falls back to window resize listener when ResizeObserver is not available","","2026-06-21","passed","2026-06-21","","Utility Functions","Component Tests ColorPicker falls back to window resize listener when ResizeObserver is not available",""
"","91","empty body on POST returns 400","bs-pixel-7","2026-06-21","passed","2026-06-21","Security > Input Validation","","",""
"","6167","deleting the active color switches background to the first remaining","bs-iphone-15","2026-06-21","passed","2026-06-21","Color Management — Add & Delete","","",""
"","21","Server Unit Tests Surviving Mutants & Edge Cases Regex & Validation STRICT_NAME_REGEX kills mutants on optionality and length","","2026-06-21","passed","2026-06-21","","Server Unit Tests","Server Unit Tests Surviving Mutants & Edge Cases Regex & Validation STRICT_NAME_REGEX kills mutants on optionality and length",""
"","2","Frontend Unit Tests i18n Configuration should handle language change correctly","","2026-06-21","passed","2026-06-21","","Frontend Unit Tests","Frontend Unit Tests i18n Configuration should handle language change correctly",""
"","0","homepage initial state","Chrome","2026-06-21","skipped","2026-06-21","Percy Visual Regression – Production > Percy – mobile (375×667)","","",""
"","2002","should maintain accessibility in el language and verify resilient locators","bs-pixel-7","2026-06-21","passed","2026-06-21","i18n Accessibility Tests","","",""
"","0","Utility Functions hslToRgb hue=240 (blue) → [0,0,255]","","2026-06-21","passed","2026-06-21","","Utility Functions","Utility Functions hslToRgb hue=240 (blue) → [0,0,255]",""
"","106","empty body on POST returns 400","bs-firefox-win11","2026-06-21","passed","2026-06-21","Security > Input Validation","","",""
"","2184","homepage initial state","percy","2026-06-21","passed","2026-06-21","Percy Visual Regression – Production > Percy – desktop-xl (1920×1080)","","",""
"","50","Frontend Unit Tests App Component header color attribute changes after clicking a chip","","2026-06-21","passed","2026-06-21","","Frontend Unit Tests","Frontend Unit Tests App Component header color attribute changes after clicking a chip",""
"","453","should show loading state when API returns empty colors","bs-chrome-win11","2026-06-21","passed","2026-06-21","UI Error Handling Coverage","","",""
"","4","Server Unit Tests Middleware does not include X-Powered-By header","","2026-06-21","passed","2026-06-21","","Server Unit Tests","Server Unit Tests Middleware does not include X-Powered-By header",""
"","190","GET /api/colors should return colors sorted alphabetically by name","bs-iphone-15","2026-06-21","passed","2026-06-21","Backend API Integration","","",""
"","877","shows a chip for each color with a swatch, name, and delete button","bs-iphone-15","2026-06-21","passed","2026-06-21","Color Management — Add & Delete","","",""
"","1","homepage initial state","Chrome","2026-06-21","skipped","2026-06-21","Percy Visual Regression – Production > Percy – desktop-xl (1920×1080)","","",""
"","186","X-Powered-By header is not exposed","bs-safari-ventura","2026-06-21","passed","2026-06-21","Security > Security Headers","","",""
"","43","Frontend Unit Tests App Component add color 500 shows server error message","","2026-06-21","passed","2026-06-21","","Frontend Unit Tests","Frontend Unit Tests App Component add color 500 shows server error message",""
"","105","POST with javascript: URI in name is rejected (400)","bs-pixel-7","2026-06-21","passed","2026-06-21","Security > XSS Prevention","","",""
"","1098","cancel in confirm dialog closes it without deleting","bs-chrome-win11","2026-06-21","passed","2026-06-21","Color Management — Add & Delete","","",""
"","1934","clicking a chip makes it active","bs-iphone-15","2026-06-21","passed","2026-06-21","Color Management — Add & Delete","","",""
"","7","array body on POST returns 400","Chrome","2026-06-21","passed","2026-06-21","Security > Input Validation","tests/security.spec.ts","",""
"","1891","should load the application and verify core functionality across browsers","bs-iphone-15","2026-06-21","passed","2026-06-21","Cross-Browser Core Functionality","","",""
"","97","POST with javascript: URI in name is rejected (400)","bs-iphone-15","2026-06-21","passed","2026-06-21","Security > XSS Prevention","","",""
"","1487","changing color to Yellow should reflect in UI and DOM","bs-firefox-win11","2026-06-21","passed","2026-06-21","Data-Driven Testing","","",""
"","8370","should meet the accessibility threshold using Google Lighthouse","Chrome","2026-06-21","passed","2026-06-21","Accessibility Tests","tests/a11y.spec.ts","",""
"","19","Component Tests ConfirmDialog cancel button calls onCancel","","2026-06-21","passed","2026-06-21","","Component Tests","Component Tests ConfirmDialog cancel button calls onCancel",""
"","16","Utility Functions rgbToHsl pure blue → h=240, s=1, l=0.5","","2026-06-21","passed","2026-06-21","","Utility Functions","Utility Functions rgbToHsl pure blue → h=240, s=1, l=0.5",""
"","92","NoSQL operator in GET path param is rejected (400 or 404)","bs-safari-ventura","2026-06-21","passed","2026-06-21","Security > Injection Prevention","","",""
"","6","Server Integration Tests (Testcontainers) GET /api/colors/:name should return 400 for invalid name format","","2026-06-21","passed","2026-06-21","","Server Integration Tests (Testcontainers)","Server Integration Tests (Testcontainers) GET /api/colors/:name should return 400 for invalid name format",""
"","1","Utility Functions rgbToHsl round-trip hslToRgb→rgbToHsl preserves hue for all sectors","","2026-06-21","passed","2026-06-21","","Utility Functions","Utility Functions rgbToHsl round-trip hslToRgb→rgbToHsl preserves hue for all sectors",""
"","1151","changing color to Turquoise should reflect in UI and DOM","bs-pixel-7","2026-06-21","passed","2026-06-21","Data-Driven Testing","","",""
"","1274","clicking a chip makes it active","bs-firefox-win11","2026-06-21","passed","2026-06-21","Color Management — Add & Delete","","",""
"","9","Server Integration Tests (Testcontainers) GET /api/colors/:name should return correct data for Red","","2026-06-21","passed","2026-06-21","","Server Integration Tests (Testcontainers)","Server Integration Tests (Testcontainers) GET /api/colors/:name should return correct data for Red",""
"","1434","should gracefully handle a color not found in the database","bs-iphone-15","2026-06-21","passed","2026-06-21","Network Mocking & Interception","","",""
"","2497","should maintain accessibility in en language and verify resilient locators","bs-firefox-win11","2026-06-21","passed","2026-06-21","i18n Accessibility Tests","","",""
"","1173","shows 409 duplicate error from server inside the picker","bs-chrome-win11","2026-06-21","passed","2026-06-21","Color Management — Add & Delete","","",""
"","920","verify Red ( #e74c3c ) is applied as the background color","bs-pixel-7","2026-06-21","passed","2026-06-21","POM Refactored: Background color tests","","",""
"","7","Component Tests ColorPicker pressing a non-Escape key does not call onCancel","","2026-06-21","passed","2026-06-21","","Utility Functions","Component Tests ColorPicker pressing a non-Escape key does not call onCancel",""
"","7","Server Unit Tests Error Handling PUT /api/colors/:name returns 500 when database fails","","2026-06-21","passed","2026-06-21","","Server Unit Tests","Server Unit Tests Error Handling PUT /api/colors/:name returns 500 when database fails",""
"","","[HIGH] CVE-2026-48779","","","failed","","","package-lock.json","ws-8.20.1",""
"","6","Server Integration Tests (Testcontainers) POST /api/colors should return 400 for invalid hex format (missing #)","","2026-06-21","passed","2026-06-21","","Server Integration Tests (Testcontainers)","Server Integration Tests (Testcontainers) POST /api/colors should return 400 for invalid hex format (missing #)",""
"","1507","should display colors that do not exist in the database","bs-iphone-15","2026-06-21","passed","2026-06-21","Network Mocking & Interception","","",""
"","5","Server Unit Tests PUT /api/colors/:name updates both name and hex simultaneously","","2026-06-21","passed","2026-06-21","","Server Unit Tests","Server Unit Tests PUT /api/colors/:name updates both name and hex simultaneously",""
"","802","handle color selection fetch error","bs-chrome-win11","2026-06-21","passed","2026-06-21","Edge cases and error handling","","",""
"","5","Server Unit Tests 405 Method Not Allowed does not return 405 for allowed DELETE method on /api/colors/:name","","2026-06-21","passed","2026-06-21","","Server Unit Tests","Server Unit Tests 405 Method Not Allowed does not return 405 for allowed DELETE method on /api/colors/:name",""
"","932","clicking a chip makes it active","Chrome","2026-06-21","passed","2026-06-21","Color Management — Add & Delete","tests/color-management.spec.ts","",""
"","9","Server Integration Tests (Testcontainers) POST /api/colors should not expose _id or __v in the creation response","","2026-06-21","passed","2026-06-21","","Server Integration Tests (Testcontainers)","Server Integration Tests (Testcontainers) POST /api/colors should not expose _id or __v in the creation response",""
"","25","Component Tests ColorPicker submit with duplicate name (client-side) shows duplicate error","","2026-06-21","passed","2026-06-21","","Utility Functions","Component Tests ColorPicker submit with duplicate name (client-side) shows duplicate error",""
"","1812","handle color response missing hex property","bs-safari-ventura","2026-06-21","passed","2026-06-21","Edge cases and error handling","","",""
"","10","Frontend Unit Tests App Component shows error alert when initial fetch fails","","2026-06-21","passed","2026-06-21","","Frontend Unit Tests","Frontend Unit Tests App Component shows error alert when initial fetch fails",""
"","4","Server Unit Tests POST /api/colors returns 409 for a duplicate color name with descriptive error","","2026-06-21","passed","2026-06-21","","Server Unit Tests","Server Unit Tests POST /api/colors returns 409 for a duplicate color name with descriptive error",""
"","477","should create a new color with valid schema","bs-pixel-7","2026-06-21","passed","2026-06-21","Backend API Integration > POST /api/colors Schema Validation","","",""
"","0","Utility Functions readableOn returns #111 for an invalid/empty hex string (null rgb fallback)","","2026-06-21","passed","2026-06-21","","Utility Functions","Utility Functions readableOn returns #111 for an invalid/empty hex string (null rgb fallback)",""
"","97","should reject missing name","bs-iphone-15","2026-06-21","passed","2026-06-21","Backend API Integration > POST /api/colors Schema Validation","","",""
"","3","Server Unit Tests Surviving Mutants & Edge Cases Swagger Metadata & OpenAPI has exact application/json content-type","","2026-06-21","passed","2026-06-21","","Server Unit Tests","Server Unit Tests Surviving Mutants & Edge Cases Swagger Metadata & OpenAPI has exact application/json content-type",""
"","3","Server Unit Tests DELETE /api/colors/:name returns 400 for invalid name in path (regex check)","","2026-06-21","passed","2026-06-21","","Server Unit Tests","Server Unit Tests DELETE /api/colors/:name returns 400 for invalid name in path (regex check)",""
"","3","Server Unit Tests POST /api/colors returns 400 for name with only spaces","","2026-06-21","passed","2026-06-21","","Server Unit Tests","Server Unit Tests POST /api/colors returns 400 for name with only spaces",""
"","3","Server Unit Tests POST /api/reseed returns 401 when Authorization header is missing","","2026-06-21","passed","2026-06-21","","Server Unit Tests","Server Unit Tests POST /api/reseed returns 401 when Authorization header is missing",""
"","3015","mobile color picker workflow","percy","2026-06-21","passed","2026-06-21","Percy Visual Regression – Production > Percy – Mobile Interactions","","",""
"","11452","successfully adds a new color and shows its chip","bs-iphone-15","2026-06-21","passed","2026-06-21","Color Management — Add & Delete","","",""
"","586","should display all core elements and handle button interaction","percy","2026-06-21","skipped","2026-06-21","Responsive Design – iPhone SE (375×667)","","",""
"","1315","should create color via API and verify through UI","bs-pixel-7","2026-06-21","passed","2026-06-21","Hybrid E2E Testing","","",""
"","4","Server Unit Tests PUT /api/colors/:name returns 400 for invalid name with special characters","","2026-06-21","passed","2026-06-21","","Server Unit Tests","Server Unit Tests PUT /api/colors/:name returns 400 for invalid name with special characters",""
"","26","Component Tests ColorPicker submit is blocked when hex input has an error","","2026-06-21","passed","2026-06-21","","Utility Functions","Component Tests ColorPicker submit is blocked when hex input has an error",""
"","1695","handle color selection fetch error","bs-iphone-15","2026-06-21","passed","2026-06-21","Edge cases and error handling","","",""
"","955","first color chip is active on load (aria-pressed=true)","bs-iphone-15","2026-06-21","passed","2026-06-21","Color Management — Add & Delete","","",""
"","1352","shows client-side ""Name is required"" when submitting empty name","bs-firefox-win11","2026-06-21","passed","2026-06-21","Color Management — Add & Delete","","",""
"","48","Frontend Unit Tests App Component confirm dialog cancel button closes it","","2026-06-21","passed","2026-06-21","","Frontend Unit Tests","Frontend Unit Tests App Component confirm dialog cancel button closes it",""
"Performance Test: API Performance Test
File: api-performance.spec.ts
Total Iterations: 48
Max VUs: 1

HTTP Request Duration:
- Avg: 255.69ms
- P(95): 308.01ms
- Max: 2873.79ms

Full metrics attached in the results.","785841","API Performance Test","Performance","2026-06-21","passed","2026-06-21","api-performance.spec.ts","API Performance Test","",""
"","4972","should not have any automatically detectable accessibility issues","bs-safari-ventura","2026-06-21","passed","2026-06-21","Accessibility Tests","","",""
"","1473","verify Yellow ( #f1c40f ) is applied as the background color","bs-firefox-win11","2026-06-21","passed","2026-06-21","POM Refactored: Background color tests","","",""
"","12309","shows 409 duplicate error from server inside the picker","bs-safari-ventura","2026-06-21","passed","2026-06-21","Color Management — Add & Delete","","",""
"","9","unknown extra fields in POST body are rejected (400)","Chrome","2026-06-21","passed","2026-06-21","Security > Input Validation","tests/security.spec.ts","",""
"","852","clicking the backdrop closes the picker","Chrome","2026-06-21","passed","2026-06-21","Color Management — Add & Delete","tests/color-management.spec.ts","",""
"","8","Server Integration Tests (Testcontainers) GET /api/colors/:name should not expose _id or __v fields","","2026-06-21","passed","2026-06-21","","Server Integration Tests (Testcontainers)","Server Integration Tests (Testcontainers) GET /api/colors/:name should not expose _id or __v fields",""
"","98","should reject invalid hex format on update","bs-iphone-15","2026-06-21","passed","2026-06-21","Backend API Integration > PUT /api/colors/:name Schema Validation","","",""
"","39","Frontend Unit Tests App Component add color network error shows network error message","","2026-06-21","passed","2026-06-21","","Frontend Unit Tests","Frontend Unit Tests App Component add color network error shows network error message",""
"","2","Utility Functions rgbToHsl mid-grey [128,128,128] → s=0","","2026-06-21","passed","2026-06-21","","Utility Functions","Utility Functions rgbToHsl mid-grey [128,128,128] → s=0",""
"","1082","verify Red ( #e74c3c ) is applied as the background color","bs-firefox-win11","2026-06-21","passed","2026-06-21","Background color tests","","",""
"","15","POST with javascript: URI in name is rejected (400)","Chrome","2026-06-21","passed","2026-06-21","Security > XSS Prevention","tests/security.spec.ts","",""
"","1105","verify Turquoise ( #1abc9c ) is applied as the background color","Chrome","2026-06-21","passed","2026-06-21","Background color tests","tests/coverage.spec.ts","",""
"","96","DELETE /api/colors (collection) returns 405","bs-iphone-15","2026-06-21","passed","2026-06-21","Security > HTTP Method Restrictions","","",""
"","863","clicking the backdrop closes the picker","bs-chrome-win11","2026-06-21","passed","2026-06-21","Color Management — Add & Delete","","",""
"","105","array body on POST returns 400","bs-safari-ventura","2026-06-21","passed","2026-06-21","Security > Input Validation","","",""
"","16","Component Tests ConfirmDialog cancelLabel prop is reflected in the button text","","2026-06-21","passed","2026-06-21","","Component Tests","Component Tests ConfirmDialog cancelLabel prop is reflected in the button text",""
"","194","should return 404 for non-existent color deletion","bs-pixel-7","2026-06-21","passed","2026-06-21","Backend API Integration > DELETE /api/colors/:name","","",""
"","38","Frontend Unit Tests App Component existingNames passed to ColorPicker matches current color list","","2026-06-21","passed","2026-06-21","","Frontend Unit Tests","Frontend Unit Tests App Component existingNames passed to ColorPicker matches current color list",""
"","5118","successful delete removes the chip","bs-iphone-15","2026-06-21","passed","2026-06-21","Color Management — Add & Delete","","",""
"","20","Server Integration Tests (Testcontainers) Concurrent writes should handle simultaneous POSTs with the same name — exactly one succeeds","","2026-06-21","passed","2026-06-21","","Server Integration Tests (Testcontainers)","Server Integration Tests (Testcontainers) Concurrent writes should handle simultaneous POSTs with the same name — exactly one succeeds",""
"","97","should reject omitting both name and hex on update","bs-iphone-15","2026-06-21","passed","2026-06-21","Backend API Integration > PUT /api/colors/:name Schema Validation","","",""
"","1017","handle color response missing hex property","bs-firefox-win11","2026-06-21","passed","2026-06-21","Edge cases and error handling","","",""
"","951","should load the application and verify core functionality across browsers","bs-pixel-7","2026-06-21","passed","2026-06-21","Cross-Browser Core Functionality","","",""
"","1","Utility Functions hslToRgb saturation=0 gives pure grey [128,128,128]","","2026-06-21","passed","2026-06-21","","Utility Functions","Utility Functions hslToRgb saturation=0 gives pure grey [128,128,128]",""
"","19","Component Tests ColorPicker typing a valid hex without # prefix is accepted","","2026-06-21","passed","2026-06-21","","Utility Functions","Component Tests ColorPicker typing a valid hex without # prefix is accepted",""
"","955","verify Red ( #e74c3c ) is applied as the background color","Chrome","2026-06-21","passed","2026-06-21","Background color tests","tests/coverage.spec.ts","",""
"","743","handle color response missing hex property","bs-pixel-7","2026-06-21","passed","2026-06-21","Edge cases and error handling","","",""
"","93","should reject invalid hex format","bs-pixel-7","2026-06-21","passed","2026-06-21","Backend API Integration > POST /api/colors Schema Validation","","",""
"","89","should return 404 when updating non-existent color","Chrome","2026-06-21","passed","2026-06-21","Backend API Integration > PUT /api/colors/:name Schema Validation","tests/api.spec.ts","",""
"","0","Utility Functions readableOn returns #111 for turquoise (L≈0.39, black gives better contrast)","","2026-06-21","passed","2026-06-21","","Utility Functions","Utility Functions readableOn returns #111 for turquoise (L≈0.39, black gives better contrast)",""
"","100","should reject missing name","bs-chrome-win11","2026-06-21","passed","2026-06-21","Backend API Integration > POST /api/colors Schema Validation","","",""
"","203","GET /api/colors should return colors sorted alphabetically by name","bs-chrome-win11","2026-06-21","passed","2026-06-21","Backend API Integration","","",""
"","0","Utility Functions paintWheelPixel wraps negative angle: dy<0 gives angle+360 (hue=270 → violet)","","2026-06-21","passed","2026-06-21","","Utility Functions","Utility Functions paintWheelPixel wraps negative angle: dy<0 gives angle+360 (hue=270 → violet)",""
"","465","should create a new color with valid schema","bs-iphone-15","2026-06-21","passed","2026-06-21","Backend API Integration > POST /api/colors Schema Validation","","",""
"","4109","should maintain accessibility in el language and verify resilient locators","bs-safari-ventura","2026-06-21","passed","2026-06-21","i18n Accessibility Tests","","",""
"","2633","verify Yellow ( #f1c40f ) is applied as the background color","bs-safari-ventura","2026-06-21","passed","2026-06-21","Background color tests","","",""
"","91","NoSQL $where operator in name is rejected (400)","bs-pixel-7","2026-06-21","passed","2026-06-21","Security > Injection Prevention","","",""
"","180","GET /api/colors/:name should return 404 for non-existent color","bs-iphone-15","2026-06-21","passed","2026-06-21","Backend API Integration","","",""
"","65","Frontend Unit Tests App Component useEffect runs only once on mount","","2026-06-21","passed","2026-06-21","","Frontend Unit Tests","Frontend Unit Tests App Component useEffect runs only once on mount",""
"","1356","shows client-side validation error for invalid name chars","bs-firefox-win11","2026-06-21","passed","2026-06-21","Color Management — Add & Delete","","",""
"","80","should reject updating with empty name","bs-firefox-win11","2026-06-21","passed","2026-06-21","Backend API Integration > PUT /api/colors/:name Schema Validation","","",""
"","671","verify language switcher changes document language","Chrome","2026-06-21","passed","2026-06-21","","tests/coverage.spec.ts","",""
"","706","should handle color click network failure gracefully","Chrome","2026-06-21","passed","2026-06-21","UI Error Handling Coverage","tests/error-handling.spec.ts","",""
"","8745","shows client-side ""Name is required"" when submitting empty name","bs-safari-ventura","2026-06-21","passed","2026-06-21","Color Management — Add & Delete","","",""
"","89","NoSQL operator in GET path param is rejected (400 or 404)","bs-iphone-15","2026-06-21","passed","2026-06-21","Security > Injection Prevention","","",""
"","966","changing color to Red should reflect in UI and DOM","bs-chrome-win11","2026-06-21","passed","2026-06-21","Data-Driven Testing","","",""
"","1784","should create color via API and verify through UI","bs-firefox-win11","2026-06-21","passed","2026-06-21","Hybrid E2E Testing","","",""
"","174","should return 404 when updating non-existent color","bs-firefox-win11","2026-06-21","passed","2026-06-21","Backend API Integration > PUT /api/colors/:name Schema Validation","","",""
"","1361","Cancel button closes the picker","bs-firefox-win11","2026-06-21","passed","2026-06-21","Color Management — Add & Delete","","",""
"","95","should reject invalid hex format","bs-iphone-15","2026-06-21","passed","2026-06-21","Backend API Integration > POST /api/colors Schema Validation","","",""
"","4","Server Unit Tests POST /api/colors returns 400 for name with whitespace","","2026-06-21","passed","2026-06-21","","Server Unit Tests","Server Unit Tests POST /api/colors returns 400 for name with whitespace",""
"","1515","successfully adds a new color and shows its chip","Chrome","2026-06-21","passed","2026-06-21","Color Management — Add & Delete","tests/color-management.spec.ts","",""
"","189","should return 404 when updating non-existent color","bs-safari-ventura","2026-06-21","passed","2026-06-21","Backend API Integration > PUT /api/colors/:name Schema Validation","","",""
"","4","Server Unit Tests 405 Method Not Allowed returns 405 for PATCH on /api/colors/:name","","2026-06-21","passed","2026-06-21","","Server Unit Tests","Server Unit Tests 405 Method Not Allowed returns 405 for PATCH on /api/colors/:name",""
"","6","Frontend Unit Tests App Component initial default background before fetch resolves","","2026-06-21","passed","2026-06-21","","Frontend Unit Tests","Frontend Unit Tests App Component initial default background before fetch resolves",""
"","20","Component Tests ColorPicker valid submit calls onConfirm with trimmed name and current hex","","2026-06-21","passed","2026-06-21","","Utility Functions","Component Tests ColorPicker valid submit calls onConfirm with trimmed name and current hex",""
"","121","Frontend Unit Tests App Component handleColorClick does nothing when data is null","","2026-06-21","passed","2026-06-21","","Frontend Unit Tests","Frontend Unit Tests App Component handleColorClick does nothing when data is null",""
"","29","Component Tests ColorPicker mousemove after mouseup does NOT update color (dragging stopped)","","2026-06-21","passed","2026-06-21","","Utility Functions","Component Tests ColorPicker mousemove after mouseup does NOT update color (dragging stopped)",""
"","2096","verify Yellow ( #f1c40f ) is applied as the background color","bs-iphone-15","2026-06-21","passed","2026-06-21","Background color tests","","",""
"","93","POST /api-docs returns 405","bs-safari-ventura","2026-06-21","passed","2026-06-21","Security > HTTP Method Restrictions","","",""
"","178","should return 404 when updating non-existent color","bs-pixel-7","2026-06-21","passed","2026-06-21","Backend API Integration > PUT /api/colors/:name Schema Validation","","",""
"","7553","cancel in confirm dialog closes it without deleting","bs-safari-ventura","2026-06-21","passed","2026-06-21","Color Management — Add & Delete","","",""
"","0","homepage after color change","Chrome","2026-06-21","skipped","2026-06-21","Percy Visual Regression – Production > Percy – mobile (375×667)","","",""
"","17","Server Unit Tests Surviving Mutants & Edge Cases Regex & Validation STRICT_NAME_REGEX kills mutants on start/end/middle characters","","2026-06-21","passed","2026-06-21","","Server Unit Tests","Server Unit Tests Surviving Mutants & Edge Cases Regex & Validation STRICT_NAME_REGEX kills mutants on start/end/middle characters",""
"","84","Frontend Unit Tests App Component deleting is false again after a failed delete (finally block)","","2026-06-21","passed","2026-06-21","","Frontend Unit Tests","Frontend Unit Tests App Component deleting is false again after a failed delete (finally block)",""
"","17","GET /api/colors/Yellow should return the correct hex code","Chrome","2026-06-21","passed","2026-06-21","Backend API Integration","tests/api.spec.ts","",""
"","2483","homepage after color change","percy","2026-06-21","passed","2026-06-21","Percy Visual Regression – Production > Percy – desktop-xl (1920×1080)","","",""
"","537","should handle fetch colors network failure gracefully","bs-chrome-win11","2026-06-21","passed","2026-06-21","UI Error Handling Coverage","","",""
"","61","Component Tests ColorPicker editing name does NOT call onClearError when no serverError","","2026-06-21","passed","2026-06-21","","Utility Functions","Component Tests ColorPicker editing name does NOT call onClearError when no serverError",""
"","9","Component Tests ColorPicker clicking the backdrop calls onCancel","","2026-06-21","passed","2026-06-21","","Utility Functions","Component Tests ColorPicker clicking the backdrop calls onCancel",""
"","9174","Cancel button closes the picker","bs-iphone-15","2026-06-21","passed","2026-06-21","Color Management — Add & Delete","","",""
"","1065","verify Red ( #e74c3c ) is applied as the background color","bs-firefox-win11","2026-06-21","passed","2026-06-21","POM Refactored: Background color tests","","",""
"","63","Frontend Unit Tests App Component handleColorClick shows error on non-2xx response","","2026-06-21","passed","2026-06-21","","Frontend Unit Tests","Frontend Unit Tests App Component handleColorClick shows error on non-2xx response",""
"","496","should load the application and verify core functionality across browsers","Chrome","2026-06-21","passed","2026-06-21","Cross-Browser Core Functionality","","",""
"","4","Server Unit Tests POST /api/reseed returns 401 when RESEED_API_TOKEN is not configured","","2026-06-21","passed","2026-06-21","","Server Unit Tests","Server Unit Tests POST /api/reseed returns 401 when RESEED_API_TOKEN is not configured",""
"","89","error responses return JSON, not HTML (no info leakage)","bs-pixel-7","2026-06-21","passed","2026-06-21","Security > Security Headers","","",""
"","1357","shows 409 duplicate error from server inside the picker","bs-firefox-win11","2026-06-21","passed","2026-06-21","Color Management — Add & Delete","","",""
"","1","Utility Functions rgbToHsl light red (#ff8080): l>0.5, s computed via (2-max-min) branch","","2026-06-21","passed","2026-06-21","","Utility Functions","Utility Functions rgbToHsl light red (#ff8080): l>0.5, s computed via (2-max-min) branch",""
"","89","NoSQL injection object in name is rejected (400)","bs-pixel-7","2026-06-21","passed","2026-06-21","Security > Injection Prevention","","",""
"","0","Utility Functions hslToRgb hue just below 60 is in sector 0, not sector 1","","2026-06-21","passed","2026-06-21","","Utility Functions","Utility Functions hslToRgb hue just below 60 is in sector 0, not sector 1",""
"","11","NoSQL injection object in name is rejected (400)","Chrome","2026-06-21","passed","2026-06-21","Security > Injection Prevention","tests/security.spec.ts","",""
"","478","should handle fetch colors network failure gracefully","bs-pixel-7","2026-06-21","passed","2026-06-21","UI Error Handling Coverage","","",""
"","4","Server Unit Tests Middleware JSON error middleware ignores SyntaxError with status != 400","","2026-06-21","passed","2026-06-21","","Server Unit Tests","Server Unit Tests Middleware JSON error middleware ignores SyntaxError with status != 400",""
"","1369","verify Turquoise ( #1abc9c ) is applied as the background color","bs-chrome-win11","2026-06-21","passed","2026-06-21","Background color tests","","",""
"","983","should handle fetch colors network failure gracefully","bs-iphone-15","2026-06-21","passed","2026-06-21","UI Error Handling Coverage","","",""
"","7","error responses return JSON, not HTML (no info leakage)","Chrome","2026-06-21","passed","2026-06-21","Security > Security Headers","tests/security.spec.ts","",""
"","6","Server Unit Tests Middleware JSON error middleware passes non-syntax errors to next()","","2026-06-21","passed","2026-06-21","","Server Unit Tests","Server Unit Tests Middleware JSON error middleware passes non-syntax errors to next()",""
"","1056","delete API error shows alert banner","Chrome","2026-06-21","passed","2026-06-21","Color Management — Add & Delete","tests/color-management.spec.ts","",""
"","175","should return 404 for non-existent color deletion","bs-chrome-win11","2026-06-21","passed","2026-06-21","Backend API Integration > DELETE /api/colors/:name","","",""
"","13","Frontend Unit Tests App Component shows error alert when initial fetch returns non-2xx","","2026-06-21","passed","2026-06-21","","Frontend Unit Tests","Frontend Unit Tests App Component shows error alert when initial fetch returns non-2xx",""
"","1","Utility Functions hslToRgb hue=270 (violet) → [128,0,255]","","2026-06-21","passed","2026-06-21","","Utility Functions","Utility Functions hslToRgb hue=270 (violet) → [128,0,255]",""
"","1928","successfully adds a new color and shows its chip","bs-chrome-win11","2026-06-21","passed","2026-06-21","Color Management — Add & Delete","","",""
"","11132","should maintain accessibility after state change (color update)","bs-safari-ventura","2026-06-21","passed","2026-06-21","Accessibility Tests","","",""
"","7","NoSQL operator in GET path param is rejected (400 or 404)","Chrome","2026-06-21","passed","2026-06-21","Security > Injection Prevention","tests/security.spec.ts","",""
"","10","Server Unit Tests POST /api/reseed returns 200 and reseeds the database with a valid token","","2026-06-21","passed","2026-06-21","","Server Unit Tests","Server Unit Tests POST /api/reseed returns 200 and reseeds the database with a valid token",""
"","100","PUT /openapi.json returns 405","bs-safari-ventura","2026-06-21","passed","2026-06-21","Security > HTTP Method Restrictions","","",""
"","3","Server Unit Tests POST /api/reseed returns 405 for GET on /api/reseed","","2026-06-21","passed","2026-06-21","","Server Unit Tests","Server Unit Tests POST /api/reseed returns 405 for GET on /api/reseed",""
"","0","Utility Functions rgbToHsl g max with b>r (#00ff80) → h near 150","","2026-06-21","passed","2026-06-21","","Utility Functions","Utility Functions rgbToHsl g max with b>r (#00ff80) → h near 150",""
"","84","should reject updating with empty name","bs-safari-ventura","2026-06-21","passed","2026-06-21","Backend API Integration > PUT /api/colors/:name Schema Validation","","",""
"","11258","clicking the backdrop closes the picker","bs-safari-ventura","2026-06-21","passed","2026-06-21","Color Management — Add & Delete","","",""
"","90","unknown extra fields in POST body are rejected (400)","bs-firefox-win11","2026-06-21","passed","2026-06-21","Security > Input Validation","","",""
"","66","Frontend Unit Tests App Component handles null data from initial fetch gracefully","","2026-06-21","passed","2026-06-21","","Frontend Unit Tests","Frontend Unit Tests App Component handles null data from initial fetch gracefully",""
"","918","chip-x click opens confirm dialog with color name","bs-firefox-win11","2026-06-21","passed","2026-06-21","Color Management — Add & Delete","","",""
"","163","should reject missing hex","bs-firefox-win11","2026-06-21","passed","2026-06-21","Backend API Integration > POST /api/colors Schema Validation","","",""
"","4","Server Unit Tests Surviving Mutants & Edge Cases PUT logic kills refine mutant by sending empty body","","2026-06-21","passed","2026-06-21","","Server Unit Tests","Server Unit Tests Surviving Mutants & Edge Cases PUT logic kills refine mutant by sending empty body",""
"","2326","changing color to Turquoise should reflect in UI and DOM","bs-safari-ventura","2026-06-21","passed","2026-06-21","Data-Driven Testing","","",""
"","3","Server Unit Tests Surviving Mutants & Edge Cases Swagger Metadata & OpenAPI has exact info metadata","","2026-06-21","passed","2026-06-21","","Server Unit Tests","Server Unit Tests Surviving Mutants & Edge Cases Swagger Metadata & OpenAPI has exact info metadata",""
"","1532","color names rendered in the UI do not trigger script execution","bs-firefox-win11","2026-06-21","passed","2026-06-21","Security > XSS Prevention","","",""
"","1","Utility Functions hslToRgb hue=30 (orange) → [255,128,0]","","2026-06-21","passed","2026-06-21","","Utility Functions","Utility Functions hslToRgb hue=30 (orange) → [255,128,0]",""
"","100","should delete an existing color","Chrome","2026-06-21","passed","2026-06-21","Backend API Integration > DELETE /api/colors/:name","tests/api.spec.ts","",""
"","26","Component Tests ColorPicker hex input updates hue/sat via rgbToHsl (green → hue≈120)","","2026-06-21","passed","2026-06-21","","Utility Functions","Component Tests ColorPicker hex input updates hue/sat via rgbToHsl (green → hue≈120)",""
"","3","Server Unit Tests OpenAPI endpoints has exact application/json content-type","","2026-06-21","passed","2026-06-21","","Server Unit Tests","Server Unit Tests OpenAPI endpoints has exact application/json content-type",""
"","2619","should maintain accessibility after state change (color update)","bs-pixel-7","2026-06-21","passed","2026-06-21","Accessibility Tests","","",""
"","646","shows a chip for each color with a swatch, name, and delete button","bs-pixel-7","2026-06-21","passed","2026-06-21","Color Management — Add & Delete","","",""
"","24","Frontend Unit Tests App Component text color on dark background is white","","2026-06-21","passed","2026-06-21","","Frontend Unit Tests","Frontend Unit Tests App Component text color on dark background is white",""
"","0","homepage initial state","Chrome","2026-06-21","skipped","2026-06-21","Percy Visual Regression – Production > Percy – tablet (768×1024)","","",""
"","679","Color button remains functional after switching language","BDD","2026-06-21","passed","2026-06-21","Language Switching","","",""
"","7961","shows 409 duplicate error from server inside the picker","bs-iphone-15","2026-06-21","passed","2026-06-21","Color Management — Add & Delete","","",""
"","94","POST /api-docs returns 405","bs-chrome-win11","2026-06-21","passed","2026-06-21","Security > HTTP Method Restrictions","","",""
"","19","Component Tests ConfirmDialog both buttons are disabled when busy=true","","2026-06-21","passed","2026-06-21","","Component Tests","Component Tests ConfirmDialog both buttons are disabled when busy=true",""
"","2371","should maintain accessibility in el language and verify resilient locators","bs-firefox-win11","2026-06-21","passed","2026-06-21","i18n Accessibility Tests","","",""
"","94","PATCH /api/colors/:name returns 405","bs-safari-ventura","2026-06-21","passed","2026-06-21","Security > HTTP Method Restrictions","","",""
"","92","SQL injection characters in name are rejected (400)","bs-safari-ventura","2026-06-21","passed","2026-06-21","Security > Injection Prevention","","",""
"","17","Component Tests ColorPicker displays serverError prop in an alert banner","","2026-06-21","passed","2026-06-21","","Utility Functions","Component Tests ColorPicker displays serverError prop in an alert banner",""
"","2240","should maintain accessibility in es language and verify resilient locators","bs-pixel-7","2026-06-21","passed","2026-06-21","i18n Accessibility Tests","","",""
"","9","Server Integration Tests (Testcontainers) GET /api/colors should return colors sorted alphabetically by name","","2026-06-21","passed","2026-06-21","","Server Integration Tests (Testcontainers)","Server Integration Tests (Testcontainers) GET /api/colors should return colors sorted alphabetically by name",""
"","3","Server Unit Tests PUT /api/colors/:name returns 400 when no fields are provided (empty body)","","2026-06-21","passed","2026-06-21","","Server Unit Tests","Server Unit Tests PUT /api/colors/:name returns 400 when no fields are provided (empty body)",""
"","13","Component Tests ColorPicker Add color button shows ""Saving…"" when saving=true","","2026-06-21","passed","2026-06-21","","Utility Functions","Component Tests ColorPicker Add color button shows ""Saving…"" when saving=true",""
"","4","Server Unit Tests OpenAPI endpoints spec includes component schemas","","2026-06-21","passed","2026-06-21","","Server Unit Tests","Server Unit Tests OpenAPI endpoints spec includes component schemas",""
"","4","Server Unit Tests POST /api/reseed returns 401 when token is incorrect","","2026-06-21","passed","2026-06-21","","Server Unit Tests","Server Unit Tests POST /api/reseed returns 401 when token is incorrect",""
"","292","oversized payload is rejected (413)","bs-chrome-win11","2026-06-21","passed","2026-06-21","Security > Input Validation","","",""
"","7","Server Unit Tests Surviving Mutants & Edge Cases Allowed Methods kills mutants in allowedMethods object","","2026-06-21","passed","2026-06-21","","Server Unit Tests","Server Unit Tests Surviving Mutants & Edge Cases Allowed Methods kills mutants in allowedMethods object",""
"","7","Utility Functions readableOn returns #111 for a pale/pastel colour (high luminance)","","2026-06-21","passed","2026-06-21","","Utility Functions","Utility Functions readableOn returns #111 for a pale/pastel colour (high luminance)",""
"","36","Component Tests ColorPicker mousedown at top-center (hue=270) sets hex to #8000ff","","2026-06-21","passed","2026-06-21","","Utility Functions","Component Tests ColorPicker mousedown at top-center (hue=270) sets hex to #8000ff",""
"","793","verify Red ( #e74c3c ) is applied as the background color","Chrome","2026-06-21","passed","2026-06-21","POM Refactored: Background color tests","tests/pom-refactored.spec.ts","",""
"","423","should show loading state when API returns empty colors","bs-pixel-7","2026-06-21","passed","2026-06-21","UI Error Handling Coverage","","",""
"","6","Server Integration Tests (Testcontainers) POST /api/colors should return 400 when extra fields are provided","","2026-06-21","passed","2026-06-21","","Server Integration Tests (Testcontainers)","Server Integration Tests (Testcontainers) POST /api/colors should return 400 when extra fields are provided",""
"","2263","verify Turquoise ( #1abc9c ) is applied as the background color","bs-iphone-15","2026-06-21","passed","2026-06-21","POM Refactored: Background color tests","","",""
"","23","Component Tests ColorPicker lightness slider min value (0) gives black","","2026-06-21","passed","2026-06-21","","Utility Functions","Component Tests ColorPicker lightness slider min value (0) gives black",""
"","37","Frontend Unit Tests App Component confirm dialog Escape key closes it","","2026-06-21","passed","2026-06-21","","Frontend Unit Tests","Frontend Unit Tests App Component confirm dialog Escape key closes it",""
"","2613","verify Turquoise ( #1abc9c ) is applied as the background color","bs-safari-ventura","2026-06-21","passed","2026-06-21","Background color tests","","",""
"","0","Utility Functions hslToRgb hue=300 (magenta) → [255,0,255]","","2026-06-21","passed","2026-06-21","","Utility Functions","Utility Functions hslToRgb hue=300 (magenta) → [255,0,255]",""
"","5","Component Tests ConfirmDialog Escape key calls onCancel when not busy","","2026-06-21","passed","2026-06-21","","Component Tests","Component Tests ConfirmDialog Escape key calls onCancel when not busy",""
"","0","Utility Functions hslToRgb lightness clamped: l=1.5 gives white","","2026-06-21","passed","2026-06-21","","Utility Functions","Utility Functions hslToRgb lightness clamped: l=1.5 gives white",""
"","3","Server Unit Tests Error Handling DELETE /api/colors/:name returns 500 when database fails","","2026-06-21","passed","2026-06-21","","Server Unit Tests","Server Unit Tests Error Handling DELETE /api/colors/:name returns 500 when database fails",""
"","13129","shows server-error message on 500 inside the picker","bs-safari-ventura","2026-06-21","passed","2026-06-21","Color Management — Add & Delete","","",""
"","91","SQL injection characters in name are rejected (400)","bs-iphone-15","2026-06-21","passed","2026-06-21","Security > Injection Prevention","","",""
"","10","Component Tests ColorPicker backdrop dismiss button is aria-hidden and not in tab order","","2026-06-21","passed","2026-06-21","","Utility Functions","Component Tests ColorPicker backdrop dismiss button is aria-hidden and not in tab order",""
"","663","should handle fetch colors network failure gracefully","bs-firefox-win11","2026-06-21","passed","2026-06-21","UI Error Handling Coverage","","",""
"","893","verify Red ( #e74c3c ) is applied as the background color","bs-pixel-7","2026-06-21","passed","2026-06-21","Background color tests","","",""
"","23","should reject invalid hex format","Chrome","2026-06-21","passed","2026-06-21","Backend API Integration > POST /api/colors Schema Validation","tests/api.spec.ts","",""
"","932","clicking the backdrop closes the picker","bs-pixel-7","2026-06-21","passed","2026-06-21","Color Management — Add & Delete","","",""
"","33","Frontend Unit Tests App Component add color sends POST with correct method, headers, and body","","2026-06-21","passed","2026-06-21","","Frontend Unit Tests","Frontend Unit Tests App Component add color sends POST with correct method, headers, and body",""
"","1143","shows 409 duplicate error from server inside the picker","bs-pixel-7","2026-06-21","passed","2026-06-21","Color Management — Add & Delete","","",""
"","849","should meet the accessibility threshold using Google Lighthouse","bs-pixel-7","2026-06-21","skipped","2026-06-21","Accessibility Tests","","",""
"","2627","should maintain accessibility in es language and verify resilient locators","bs-chrome-win11","2026-06-21","passed","2026-06-21","i18n Accessibility Tests","","",""
"","90","malformed JSON body returns 400","bs-iphone-15","2026-06-21","passed","2026-06-21","Security > Input Validation","","",""
"","7","Server Unit Tests GET /api/colors returns JSON content type","","2026-06-21","passed","2026-06-21","","Server Unit Tests","Server Unit Tests GET /api/colors returns JSON content type",""
"","35","Frontend Unit Tests App Component clicking chip-x opens confirm dialog with color name and swatch","","2026-06-21","passed","2026-06-21","","Frontend Unit Tests","Frontend Unit Tests App Component clicking chip-x opens confirm dialog with color name and swatch",""
"","31","Component Tests ColorPicker mousedown at right-center (hue=0) sets hex to #ff0000","","2026-06-21","passed","2026-06-21","","Utility Functions","Component Tests ColorPicker mousedown at right-center (hue=0) sets hex to #ff0000",""
"","1622","homepage should match snapshot","Chrome","2026-06-21","passed","2026-06-21","Visual Regression – desktop-xl (1920×1080)","","",""
"","728","chip-x click opens confirm dialog with color name","bs-pixel-7","2026-06-21","passed","2026-06-21","Color Management — Add & Delete","","",""
"","288","homepage should match snapshot","percy","2026-06-21","skipped","2026-06-21","Visual Regression – iphone-landscape (667×375)","","",""
"","503","should display all core elements and handle button interaction","percy","2026-06-21","skipped","2026-06-21","Responsive Design – iPhone landscape (667×375)","","",""
"","6","Frontend Unit Tests App Component language selector change calls i18n and updates html lang","","2026-06-21","passed","2026-06-21","","Frontend Unit Tests","Frontend Unit Tests App Component language selector change calls i18n and updates html lang",""
"","23","Frontend Unit Tests App Component link color is light (#cfe8ff) on dark background","","2026-06-21","passed","2026-06-21","","Frontend Unit Tests","Frontend Unit Tests App Component link color is light (#cfe8ff) on dark background",""
"","90","malformed JSON body returns 400","bs-chrome-win11","2026-06-21","passed","2026-06-21","Security > Input Validation","","",""
"","845","should display colors that do not exist in the database","bs-chrome-win11","2026-06-21","passed","2026-06-21","Network Mocking & Interception","","",""
"","5","Server Unit Tests 405 Method Not Allowed does not return 405 for allowed PUT method on /api/colors/:name","","2026-06-21","passed","2026-06-21","","Server Unit Tests","Server Unit Tests 405 Method Not Allowed does not return 405 for allowed PUT method on /api/colors/:name",""
"","183","should return 404 for non-existent color deletion","bs-firefox-win11","2026-06-21","passed","2026-06-21","Backend API Integration > DELETE /api/colors/:name","","",""
"","6","Server Unit Tests GET /api/colors/:name returns Turquoise color correctly","","2026-06-21","passed","2026-06-21","","Server Unit Tests","Server Unit Tests GET /api/colors/:name returns Turquoise color correctly",""
"","473","should delete an existing color","bs-safari-ventura","2026-06-21","passed","2026-06-21","Backend API Integration > DELETE /api/colors/:name","","",""
"","191","should return 404 when updating non-existent color","bs-chrome-win11","2026-06-21","passed","2026-06-21","Backend API Integration > PUT /api/colors/:name Schema Validation","","",""
"","220","GET /api/colors/Red should return the correct hex code","bs-iphone-15","2026-06-21","passed","2026-06-21","Backend API Integration","","",""
"","993","shows client-side ""Name is required"" when submitting empty name","bs-chrome-win11","2026-06-21","passed","2026-06-21","Color Management — Add & Delete","","",""
"","3","Server Unit Tests POST /api/colors returns 400 for extra unknown fields (strict schema)","","2026-06-21","passed","2026-06-21","","Server Unit Tests","Server Unit Tests POST /api/colors returns 400 for extra unknown fields (strict schema)",""
"","1262","changing color to Turquoise should reflect in UI and DOM","bs-chrome-win11","2026-06-21","passed","2026-06-21","Data-Driven Testing","","",""
"","507","should handle missing image gracefully by showing alt text","bs-chrome-win11","2026-06-21","passed","2026-06-21","Network Mocking & Interception","","",""
"","5","Server Unit Tests Surviving Mutants & Edge Cases Swagger Metadata & OpenAPI has exact API info","","2026-06-21","passed","2026-06-21","","Server Unit Tests","Server Unit Tests Surviving Mutants & Edge Cases Swagger Metadata & OpenAPI has exact API info",""
"","727","chip-x click opens confirm dialog with color name","Chrome","2026-06-21","passed","2026-06-21","Color Management — Add & Delete","tests/color-management.spec.ts","",""
"","2515","homepage after color change","percy","2026-06-21","passed","2026-06-21","Percy Visual Regression – Production > Percy – tablet (768×1024)","","",""
"","41","Component Tests ColorPicker mousemove while dragging updates hex (dragging.current=true kills mutation)","","2026-06-21","passed","2026-06-21","","Utility Functions","Component Tests ColorPicker mousemove while dragging updates hex (dragging.current=true kills mutation)",""
"","9","Component Tests ColorPicker clicking inside the card does NOT call onCancel","","2026-06-21","passed","2026-06-21","","Utility Functions","Component Tests ColorPicker clicking inside the card does NOT call onCancel",""
"","569","first color chip is active on load (aria-pressed=true)","bs-pixel-7","2026-06-21","passed","2026-06-21","Color Management — Add & Delete","","",""
"","1217","should meet the accessibility threshold using Google Lighthouse","bs-firefox-win11","2026-06-21","skipped","2026-06-21","Accessibility Tests","","",""
"","18","Component Tests ColorPicker mousemove without prior mousedown (not dragging) does not change color","","2026-06-21","passed","2026-06-21","","Utility Functions","Component Tests ColorPicker mousemove without prior mousedown (not dragging) does not change color",""
"","9384","clicking the backdrop closes the picker","bs-iphone-15","2026-06-21","passed","2026-06-21","Color Management — Add & Delete","","",""
"","599","should display all core elements and handle button interaction","percy","2026-06-21","skipped","2026-06-21","Responsive Design – tablet (768×1024)","","",""
"","944","verify Yellow ( #f1c40f ) is applied as the background color","Chrome","2026-06-21","passed","2026-06-21","Background color tests","tests/coverage.spec.ts","",""
"","1835","Escape key closes the confirm dialog","bs-iphone-15","2026-06-21","passed","2026-06-21","Color Management — Add & Delete","","",""
"","1","Utility Functions hexToRgb returns null for invalid input","","2026-06-21","passed","2026-06-21","","Utility Functions","Utility Functions hexToRgb returns null for invalid input",""
"","2042","verify Turquoise ( #1abc9c ) is applied as the background color","bs-iphone-15","2026-06-21","passed","2026-06-21","Background color tests","","",""
"","1117","close (×) button closes the picker","bs-pixel-7","2026-06-21","passed","2026-06-21","Color Management — Add & Delete","","",""
"","6","Server Unit Tests GET /api/colors/:name returns Yellow color correctly","","2026-06-21","passed","2026-06-21","","Server Unit Tests","Server Unit Tests GET /api/colors/:name returns Yellow color correctly",""
"","5","PUT /openapi.json returns 405","Chrome","2026-06-21","passed","2026-06-21","Security > HTTP Method Restrictions","tests/security.spec.ts","",""
"","251","Component Tests ColorPicker renders the modal with title, hex preview, name and hex inputs","","2026-06-21","passed","2026-06-21","","Utility Functions","Component Tests ColorPicker renders the modal with title, hex preview, name and hex inputs",""
"","86","should reject updating with empty name","bs-iphone-15","2026-06-21","passed","2026-06-21","Backend API Integration > PUT /api/colors/:name Schema Validation","","",""
"","7878","delete API error shows alert banner","bs-safari-ventura","2026-06-21","passed","2026-06-21","Color Management — Add & Delete","","",""
"","13","Component Tests ColorPicker Cancel button is disabled when saving=true","","2026-06-21","passed","2026-06-21","","Utility Functions","Component Tests ColorPicker Cancel button is disabled when saving=true",""
"","232","GET /api/colors should return all colors","bs-chrome-win11","2026-06-21","passed","2026-06-21","Backend API Integration","","",""
"","48","Frontend Unit Tests App Component add color 400 without data.error falls back to generic message","","2026-06-21","passed","2026-06-21","","Frontend Unit Tests","Frontend Unit Tests App Component add color 400 without data.error falls back to generic message",""
"","1097","should handle fetch colors network failure gracefully","bs-safari-ventura","2026-06-21","passed","2026-06-21","UI Error Handling Coverage","","",""
"","805","handle color response missing hex property","bs-chrome-win11","2026-06-21","passed","2026-06-21","Edge cases and error handling","","",""
"","50","Frontend Unit Tests App Component delete network error shows error alert","","2026-06-21","passed","2026-06-21","","Frontend Unit Tests","Frontend Unit Tests App Component delete network error shows error alert",""
"","640","should return 409 for duplicate color creation","bs-chrome-win11","2026-06-21","passed","2026-06-21","Backend API Integration > POST /api/colors Schema Validation","","",""
"","95","NoSQL $where operator in name is rejected (400)","bs-chrome-win11","2026-06-21","passed","2026-06-21","Security > Injection Prevention","","",""
"","4","Server Unit Tests POST /api/colors returns 400 for invalid hex format (too short)","","2026-06-21","passed","2026-06-21","","Server Unit Tests","Server Unit Tests POST /api/colors returns 400 for invalid hex format (too short)",""
"","11","Component Tests ColorPicker Enter key on name input triggers submit","","2026-06-21","passed","2026-06-21","","Utility Functions","Component Tests ColorPicker Enter key on name input triggers submit",""
"","1939","should maintain accessibility in es language and verify resilient locators","Chrome","2026-06-21","passed","2026-06-21","i18n Accessibility Tests","tests/a11y.spec.ts","",""
"","1757","color names rendered in the UI do not trigger script execution","bs-iphone-15","2026-06-21","passed","2026-06-21","Security > XSS Prevention","","",""
"","1741","deleting the active color switches background to the first remaining","bs-chrome-win11","2026-06-21","passed","2026-06-21","Color Management — Add & Delete","","",""
"","1463","handle initial fetch error","bs-iphone-15","2026-06-21","passed","2026-06-21","Edge cases and error handling","","",""
"","100","should reject omitting both name and hex on update","bs-chrome-win11","2026-06-21","passed","2026-06-21","Backend API Integration > PUT /api/colors/:name Schema Validation","","",""
"","982","should display colors that do not exist in the database","Chrome","2026-06-21","passed","2026-06-21","Network Mocking & Interception","tests/network-mocking.spec.ts","",""
"","","[HIGH] CVE-2026-12143","","","failed","","","package-lock.json","form-data-3.0.4",""
"","1154","should create color via API and verify through UI","Chrome","2026-06-21","passed","2026-06-21","Hybrid E2E Testing","tests/hybrid.spec.ts","",""
"","5","Server Unit Tests Surviving Mutants & Edge Cases Regex & Validation Zod required_error messages are correct","","2026-06-21","passed","2026-06-21","","Server Unit Tests","Server Unit Tests Surviving Mutants & Edge Cases Regex & Validation Zod required_error messages are correct",""
"","59","Component Tests ColorPicker mousedown at left-center (hue=180) sets hex to #00ffff","","2026-06-21","passed","2026-06-21","","Utility Functions","Component Tests ColorPicker mousedown at left-center (hue=180) sets hex to #00ffff",""
"","1597","should gracefully handle a color not found in the database","bs-safari-ventura","2026-06-21","passed","2026-06-21","Network Mocking & Interception","","",""
"","54","Frontend Unit Tests App Component saving is false again after a failed add (finally block)","","2026-06-21","passed","2026-06-21","","Frontend Unit Tests","Frontend Unit Tests App Component saving is false again after a failed add (finally block)",""
"","1753","deleting the active color switches background to the first remaining","bs-firefox-win11","2026-06-21","passed","2026-06-21","Color Management — Add & Delete","","",""
"","87","SQL injection characters in name are rejected (400)","bs-chrome-win11","2026-06-21","passed","2026-06-21","Security > Injection Prevention","","",""
"","618","should handle missing image gracefully by showing alt text","Chrome","2026-06-21","passed","2026-06-21","Network Mocking & Interception","tests/network-mocking.spec.ts","",""
"","0","Utility Functions hexToRgb is case-insensitive","","2026-06-21","passed","2026-06-21","","Utility Functions","Utility Functions hexToRgb is case-insensitive",""
"","834","should display all core elements and handle button interaction","Chrome","2026-06-21","passed","2026-06-21","Responsive Design – iPhone landscape (667×375)","","",""
"","6","Server Integration Tests (Testcontainers) PUT /api/colors/:name should return 400 when update body is empty","","2026-06-21","passed","2026-06-21","","Server Integration Tests (Testcontainers)","Server Integration Tests (Testcontainers) PUT /api/colors/:name should return 400 when update body is empty",""
"","91","empty body on POST returns 400","bs-iphone-15","2026-06-21","passed","2026-06-21","Security > Input Validation","","",""
"","98","should reject omitting both name and hex on update","bs-safari-ventura","2026-06-21","passed","2026-06-21","Backend API Integration > PUT /api/colors/:name Schema Validation","","",""
"","988","should show loading state when API returns empty colors","bs-safari-ventura","2026-06-21","passed","2026-06-21","UI Error Handling Coverage","","",""
"","43","Server Unit Tests GET /api/colors returns all seeded colors with correct names and hex values","","2026-06-21","passed","2026-06-21","","Server Unit Tests","Server Unit Tests GET /api/colors returns all seeded colors with correct names and hex values",""
"","549","handle initial fetch with empty data","bs-pixel-7","2026-06-21","passed","2026-06-21","Edge cases and error handling","","",""
"","564","Show loading state when the API returns an empty colors list","BDD","2026-06-21","passed","2026-06-21","API Error Handling","","",""
"","1260","changing color to Yellow should reflect in UI and DOM","bs-chrome-win11","2026-06-21","passed","2026-06-21","Data-Driven Testing","","",""
"","1","Utility Functions hslToRgb hue=360 wraps to hue=0 → [255,0,0]","","2026-06-21","passed","2026-06-21","","Utility Functions","Utility Functions hslToRgb hue=360 wraps to hue=0 → [255,0,0]",""
"","1195","shows server-error message on 500 inside the picker","bs-pixel-7","2026-06-21","passed","2026-06-21","Color Management — Add & Delete","","",""
"","97","NoSQL operator in GET path param is rejected (400 or 404)","bs-pixel-7","2026-06-21","passed","2026-06-21","Security > Injection Prevention","","",""
"","186","GET /api/colors/:name should return 404 for non-existent color","bs-chrome-win11","2026-06-21","passed","2026-06-21","Backend API Integration","","",""
"","1","Frontend Unit Tests i18n Configuration should have translation keys in resources","","2026-06-21","passed","2026-06-21","","Frontend Unit Tests","Frontend Unit Tests i18n Configuration should have translation keys in resources",""
"","1","Utility Functions paintWheelPixel paints red at right edge (dx=r, dy=0, hue=0)","","2026-06-21","passed","2026-06-21","","Utility Functions","Utility Functions paintWheelPixel paints red at right edge (dx=r, dy=0, hue=0)",""
"","0","Utility Functions rgbToHex value 16 does not pad","","2026-06-21","passed","2026-06-21","","Utility Functions","Utility Functions rgbToHex value 16 does not pad",""
"","3","Server Unit Tests Surviving Mutants & Edge Cases Logs seedDatabase logs success message","","2026-06-21","passed","2026-06-21","","Server Unit Tests","Server Unit Tests Surviving Mutants & Edge Cases Logs seedDatabase logs success message",""
"","102","NoSQL $where operator in name is rejected (400)","bs-iphone-15","2026-06-21","passed","2026-06-21","Security > Injection Prevention","","",""
"","18","Component Tests ColorPicker editing name input calls onClearError to clear server error","","2026-06-21","passed","2026-06-21","","Utility Functions","Component Tests ColorPicker editing name input calls onClearError to clear server error",""
"","1629","should meet the accessibility threshold using Google Lighthouse","bs-iphone-15","2026-06-21","skipped","2026-06-21","Accessibility Tests","","",""
"","1362","verify Yellow ( #f1c40f ) is applied as the background color","bs-chrome-win11","2026-06-21","passed","2026-06-21","Background color tests","","",""
"","97","unknown extra fields in POST body are rejected (400)","bs-safari-ventura","2026-06-21","passed","2026-06-21","Security > Input Validation","","",""
"","4670","delete API error shows alert banner","bs-iphone-15","2026-06-21","passed","2026-06-21","Color Management — Add & Delete","","",""
"","93","DELETE /api/colors (collection) returns 405","bs-firefox-win11","2026-06-21","passed","2026-06-21","Security > HTTP Method Restrictions","","",""
"","5","Server Integration Tests (Testcontainers) POST /api/reseed should return 401 when Authorization header is missing","","2026-06-21","passed","2026-06-21","","Server Integration Tests (Testcontainers)","Server Integration Tests (Testcontainers) POST /api/reseed should return 401 when Authorization header is missing",""
"","6","Server Integration Tests (Testcontainers) PUT /api/colors/:name should return 404 when updating a non-existent color","","2026-06-21","passed","2026-06-21","","Server Integration Tests (Testcontainers)","Server Integration Tests (Testcontainers) PUT /api/colors/:name should return 404 when updating a non-existent color",""
"","28","Server Unit Tests Surviving Mutants & Edge Cases Strict Path & Method Validation kills allowedMethods mutants by exhaustive testing","","2026-06-21","passed","2026-06-21","","Server Unit Tests","Server Unit Tests Surviving Mutants & Edge Cases Strict Path & Method Validation kills allowedMethods mutants by exhaustive testing",""
"","3945","should maintain accessibility in en language and verify resilient locators","bs-safari-ventura","2026-06-21","passed","2026-06-21","i18n Accessibility Tests","","",""
"","285","Server Unit Tests Surviving Mutants & Edge Cases Port Fallback reflects process.env.PORT in Swagger servers","","2026-06-21","passed","2026-06-21","","Server Unit Tests","Server Unit Tests Surviving Mutants & Edge Cases Port Fallback reflects process.env.PORT in Swagger servers",""
"","0","Utility Functions hslToRgb hue=120 (green) → [0,255,0]","","2026-06-21","passed","2026-06-21","","Utility Functions","Utility Functions hslToRgb hue=120 (green) → [0,255,0]",""
"","49","Server Integration Tests (Testcontainers) GET /api/colors should retrieve all seeded colors","","2026-06-21","passed","2026-06-21","","Server Integration Tests (Testcontainers)","Server Integration Tests (Testcontainers) GET /api/colors should retrieve all seeded colors",""
"","953","should show loading state when API returns empty colors","bs-iphone-15","2026-06-21","passed","2026-06-21","UI Error Handling Coverage","","",""
"","","[CRITICAL] CVE-2026-9277","","","failed","","","mobile/package-lock.json","shell-quote-1.8.3",""
"","9","Server Integration Tests (Testcontainers) DELETE /api/colors/:name should return 404 on a second delete of the same color","","2026-06-21","passed","2026-06-21","","Server Integration Tests (Testcontainers)","Server Integration Tests (Testcontainers) DELETE /api/colors/:name should return 404 on a second delete of the same color",""
"","4","Server Unit Tests POST /api/reseed returns 500 when seedDatabase throws","","2026-06-21","passed","2026-06-21","","Server Unit Tests","Server Unit Tests POST /api/reseed returns 500 when seedDatabase throws",""
"","1143","handle color selection fetch error","bs-firefox-win11","2026-06-21","passed","2026-06-21","Edge cases and error handling","","",""
"","9","Server Integration Tests (Testcontainers) PUT /api/colors/:name should update both name and hex simultaneously","","2026-06-21","passed","2026-06-21","","Server Integration Tests (Testcontainers)","Server Integration Tests (Testcontainers) PUT /api/colors/:name should update both name and hex simultaneously",""
"","4","Server Unit Tests POST /api/colors returns 400 when hex is missing","","2026-06-21","passed","2026-06-21","","Server Unit Tests","Server Unit Tests POST /api/colors returns 400 when hex is missing",""
"","53","Frontend Unit Tests App Component delete API error shows error alert without closing dialog","","2026-06-21","passed","2026-06-21","","Frontend Unit Tests","Frontend Unit Tests App Component delete API error shows error alert without closing dialog",""
"","2005","chip-x click opens confirm dialog with color name","bs-iphone-15","2026-06-21","passed","2026-06-21","Color Management — Add & Delete","","",""
"","942","homepage should match snapshot","Chrome","2026-06-21","passed","2026-06-21","Visual Regression – iphone-landscape (667×375)","","",""
"","80","should reject invalid hex format on update","bs-firefox-win11","2026-06-21","passed","2026-06-21","Backend API Integration > PUT /api/colors/:name Schema Validation","","",""
"","88","unknown extra fields in POST body are rejected (400)","bs-chrome-win11","2026-06-21","passed","2026-06-21","Security > Input Validation","","",""
"","14","Component Tests ColorPicker wheel cursor is at (110,110) at center (sat=0)","","2026-06-21","passed","2026-06-21","","Utility Functions","Component Tests ColorPicker wheel cursor is at (110,110) at center (sat=0)",""
"","84","POST with script tag in name is rejected (400)","bs-chrome-win11","2026-06-21","passed","2026-06-21","Security > XSS Prevention","","",""
"","269","GET /api/colors/Turquoise should return the correct hex code","bs-safari-ventura","2026-06-21","passed","2026-06-21","Backend API Integration","","",""
"","1942","verify Red ( #e74c3c ) is applied as the background color","bs-safari-ventura","2026-06-21","passed","2026-06-21","POM Refactored: Background color tests","","",""
"","17","should reject missing hex","Chrome","2026-06-21","passed","2026-06-21","Backend API Integration > POST /api/colors Schema Validation","tests/api.spec.ts","",""
"","854","verify Turquoise ( #1abc9c ) is applied as the background color","Chrome","2026-06-21","passed","2026-06-21","POM Refactored: Background color tests","tests/pom-refactored.spec.ts","",""
"","2708","homepage initial state","percy","2026-06-21","passed","2026-06-21","Percy Visual Regression – Production > Percy – desktop (1280×720)","","",""
"","1253","shows client-side validation error for invalid name chars","bs-pixel-7","2026-06-21","passed","2026-06-21","Color Management — Add & Delete","","",""
"","588","should gracefully handle a color not found in the database","bs-pixel-7","2026-06-21","passed","2026-06-21","Network Mocking & Interception","","",""
"","1","Utility Functions rgbToHsl b max (#0040ff) → h in (180,300)","","2026-06-21","passed","2026-06-21","","Utility Functions","Utility Functions rgbToHsl b max (#0040ff) → h in (180,300)",""
"","461","should delete an existing color","bs-chrome-win11","2026-06-21","passed","2026-06-21","Backend API Integration > DELETE /api/colors/:name","","",""
"","63","Frontend Unit Tests App Component renders title, logo, and calls initial fetch","","2026-06-21","passed","2026-06-21","","Frontend Unit Tests","Frontend Unit Tests App Component renders title, logo, and calls initial fetch",""
"","4","Server Unit Tests PUT /api/colors/:name returns 400 for invalid current name format in URL","","2026-06-21","passed","2026-06-21","","Server Unit Tests","Server Unit Tests PUT /api/colors/:name returns 400 for invalid current name format in URL",""
"","24","Component Tests ColorPicker typing a valid hex clears the hex error and updates preview","","2026-06-21","passed","2026-06-21","","Utility Functions","Component Tests ColorPicker typing a valid hex clears the hex error and updates preview",""
"","5","Server Unit Tests Surviving Mutants & Edge Cases Rate Limiting & Security kills mutants by verifying x-ratelimit headers","","2026-06-21","passed","2026-06-21","","Server Unit Tests","Server Unit Tests Surviving Mutants & Edge Cases Rate Limiting & Security kills mutants by verifying x-ratelimit headers",""
"","27","Component Tests ColorPicker submit with empty name shows ""Name is required"" error","","2026-06-21","passed","2026-06-21","","Utility Functions","Component Tests ColorPicker submit with empty name shows ""Name is required"" error",""
"","94","PATCH /api/colors/:name returns 405","bs-chrome-win11","2026-06-21","passed","2026-06-21","Security > HTTP Method Restrictions","","",""
"","36","Frontend Unit Tests App Component add color 409 conflict shows picker error (data.error message)","","2026-06-21","passed","2026-06-21","","Frontend Unit Tests","Frontend Unit Tests App Component add color 409 conflict shows picker error (data.error message)",""
"","1156","successful delete removes the chip","Chrome","2026-06-21","passed","2026-06-21","Color Management — Add & Delete","tests/color-management.spec.ts","",""
"","717","handle color response missing hex property","Chrome","2026-06-21","passed","2026-06-21","Edge cases and error handling","tests/coverage.spec.ts","",""
"","1","Utility Functions hslToRgb hue=59 stays in sector 0","","2026-06-21","passed","2026-06-21","","Utility Functions","Utility Functions hslToRgb hue=59 stays in sector 0",""
"","3","Frontend Unit Tests i18n Configuration should translate keys correctly","","2026-06-21","passed","2026-06-21","","Frontend Unit Tests","Frontend Unit Tests i18n Configuration should translate keys correctly",""
"","3","Server Unit Tests POST /api/reseed returns 401 when Bearer scheme prefix is missing","","2026-06-21","passed","2026-06-21","","Server Unit Tests","Server Unit Tests POST /api/reseed returns 401 when Bearer scheme prefix is missing",""
"","60","DELETE /api/colors/{name}","","","passed","","","schemathesis","",""
"","31","Frontend Unit Tests App Component picker cancel button closes the modal","","2026-06-21","passed","2026-06-21","","Frontend Unit Tests","Frontend Unit Tests App Component picker cancel button closes the modal",""
"","11","Component Tests ColorPicker typing an invalid hex shows ""Use format #RRGGBB"" error","","2026-06-21","passed","2026-06-21","","Utility Functions","Component Tests ColorPicker typing an invalid hex shows ""Use format #RRGGBB"" error",""
"","171","should return 404 for non-existent color deletion","bs-safari-ventura","2026-06-21","passed","2026-06-21","Backend API Integration > DELETE /api/colors/:name","","",""
"","96","should reject empty name","bs-firefox-win11","2026-06-21","passed","2026-06-21","Backend API Integration > POST /api/colors Schema Validation","","",""
"","716","clicking ""+ Add color"" opens the picker modal","bs-chrome-win11","2026-06-21","passed","2026-06-21","Color Management — Add & Delete","","",""
"","1194","verify Turquoise ( #1abc9c ) is applied as the background color","bs-pixel-7","2026-06-21","passed","2026-06-21","Background color tests","","",""
"","1233","shows 409 duplicate error from server inside the picker","Chrome","2026-06-21","passed","2026-06-21","Color Management — Add & Delete","tests/color-management.spec.ts","",""
"","854","changing color to Red should reflect in UI and DOM","bs-pixel-7","2026-06-21","passed","2026-06-21","Data-Driven Testing","","",""
"","690","first color chip is active on load (aria-pressed=true)","Chrome","2026-06-21","passed","2026-06-21","Color Management — Add & Delete","tests/color-management.spec.ts","",""
"","7","PATCH /api/colors/:name returns 405","Chrome","2026-06-21","passed","2026-06-21","Security > HTTP Method Restrictions","tests/security.spec.ts","",""
"","0","Utility Functions hslToRgb lightness=1 gives white","","2026-06-21","passed","2026-06-21","","Utility Functions","Utility Functions hslToRgb lightness=1 gives white",""
"","635","Escape key closes the confirm dialog","Chrome","2026-06-21","passed","2026-06-21","Color Management — Add & Delete","tests/color-management.spec.ts","",""
"","205","GET /api/colors should return all colors","bs-firefox-win11","2026-06-21","passed","2026-06-21","Backend API Integration","","",""
"","6","PATCH /api/colors returns 405","Chrome","2026-06-21","passed","2026-06-21","Security > HTTP Method Restrictions","tests/security.spec.ts","",""
"","3979","POST /api/reseed","","","passed","","","schemathesis","",""
"","1710","deleting the active color switches background to the first remaining","Chrome","2026-06-21","passed","2026-06-21","Color Management — Add & Delete","tests/color-management.spec.ts","",""
"","14","Server Integration Tests (Testcontainers) PUT /api/colors/:name should rename a color and make old name return 404","","2026-06-21","passed","2026-06-21","","Server Integration Tests (Testcontainers)","Server Integration Tests (Testcontainers) PUT /api/colors/:name should rename a color and make old name return 404",""
"","0","Utility Functions hslToRgb negative hue wraps: hue=-120 = hue=240","","2026-06-21","passed","2026-06-21","","Utility Functions","Utility Functions hslToRgb negative hue wraps: hue=-120 = hue=240",""
"","1150","homepage should match snapshot","Chrome","2026-06-21","passed","2026-06-21","Visual Regression – tablet (768×1024)","","",""
"","4","Server Unit Tests Surviving Mutants & Edge Cases PUT logic kills hex regex mutant in PUT","","2026-06-21","passed","2026-06-21","","Server Unit Tests","Server Unit Tests Surviving Mutants & Edge Cases PUT logic kills hex regex mutant in PUT",""
"","5","Server Unit Tests Surviving Mutants & Edge Cases Rate Limiting & Security kills mutants by verifying x-powered-by is removed","","2026-06-21","passed","2026-06-21","","Server Unit Tests","Server Unit Tests Surviving Mutants & Edge Cases Rate Limiting & Security kills mutants by verifying x-powered-by is removed",""
"","5","Server Unit Tests Middleware returns 413 for payload too large","","2026-06-21","passed","2026-06-21","","Server Unit Tests","Server Unit Tests Middleware returns 413 for payload too large",""
"","98","should reject missing hex","bs-iphone-15","2026-06-21","passed","2026-06-21","Backend API Integration > POST /api/colors Schema Validation","","",""
"","14","Server Unit Tests Surviving Mutants & Edge Cases Strict Path & Method Validation kills mutants that change route paths to empty string","","2026-06-21","passed","2026-06-21","","Server Unit Tests","Server Unit Tests Surviving Mutants & Edge Cases Strict Path & Method Validation kills mutants that change route paths to empty string",""
"","1573","should meet the accessibility threshold using Google Lighthouse","bs-safari-ventura","2026-06-21","skipped","2026-06-21","Accessibility Tests","","",""
"","96","POST with script tag in name is rejected (400)","bs-pixel-7","2026-06-21","passed","2026-06-21","Security > XSS Prevention","","",""
"","648","Example #3","BDD","2026-06-21","passed","2026-06-21","Language Switching > Switch language and verify translated UI labels","","",""
"","89","error responses return JSON, not HTML (no info leakage)","bs-firefox-win11","2026-06-21","passed","2026-06-21","Security > Security Headers","","",""
"","33","Frontend Unit Tests App Component clicking Add color button opens picker modal","","2026-06-21","passed","2026-06-21","","Frontend Unit Tests","Frontend Unit Tests App Component clicking Add color button opens picker modal",""
"","576","verify language switcher changes document language","bs-pixel-7","2026-06-21","passed","2026-06-21","","","",""
"","3","Server Unit Tests Error Handling seedDatabase logs error and re-throws when database fails","","2026-06-21","passed","2026-06-21","","Server Unit Tests","Server Unit Tests Error Handling seedDatabase logs error and re-throws when database fails",""
"","12","Server Integration Tests (Testcontainers) PUT /api/colors/:name should update the hex of an existing color and persist it in the real database","","2026-06-21","passed","2026-06-21","","Server Integration Tests (Testcontainers)","Server Integration Tests (Testcontainers) PUT /api/colors/:name should update the hex of an existing color and persist it in the real database",""
"","14","Component Tests ColorPicker serverError banner is absent when serverError is null","","2026-06-21","passed","2026-06-21","","Utility Functions","Component Tests ColorPicker serverError banner is absent when serverError is null",""
"","1037","handle initial fetch with empty data","bs-firefox-win11","2026-06-21","passed","2026-06-21","Edge cases and error handling","","",""
"","36","Component Tests ColorPicker mousedown at bottom-center (hue=90) sets hex to #80ff00","","2026-06-21","passed","2026-06-21","","Utility Functions","Component Tests ColorPicker mousedown at bottom-center (hue=90) sets hex to #80ff00",""
"","3765","should not have any automatically detectable accessibility issues","bs-iphone-15","2026-06-21","passed","2026-06-21","Accessibility Tests","","",""
"","88","PUT /openapi.json returns 405","bs-firefox-win11","2026-06-21","passed","2026-06-21","Security > HTTP Method Restrictions","","",""
"","1208","verify Yellow ( #f1c40f ) is applied as the background color","bs-chrome-win11","2026-06-21","passed","2026-06-21","POM Refactored: Background color tests","","",""
"","83","should reject missing hex","bs-safari-ventura","2026-06-21","passed","2026-06-21","Backend API Integration > POST /api/colors Schema Validation","","",""
"","","[HIGH] CVE-2026-12151","","","failed","","","package-lock.json","undici-6.25.0",""
"","104","POST with javascript: URI in name is rejected (400)","bs-chrome-win11","2026-06-21","passed","2026-06-21","Security > XSS Prevention","","",""
"","89","PATCH /api/colors returns 405","bs-safari-ventura","2026-06-21","passed","2026-06-21","Security > HTTP Method Restrictions","","",""
"","101","NoSQL $where operator in name is rejected (400)","bs-firefox-win11","2026-06-21","passed","2026-06-21","Security > Injection Prevention","","",""
"","10694","successfully adds a new color and shows its chip","bs-safari-ventura","2026-06-21","passed","2026-06-21","Color Management — Add & Delete","","",""
"","5","Server Unit Tests GET /api/colors/:name returns 400 for invalid name in path (regex check)","","2026-06-21","passed","2026-06-21","","Server Unit Tests","Server Unit Tests GET /api/colors/:name returns 400 for invalid name in path (regex check)",""
"","1931","color names rendered in the UI do not trigger script execution","bs-safari-ventura","2026-06-21","passed","2026-06-21","Security > XSS Prevention","","",""
"","1738","check Turquoise ( #1abc9c) is the default background color.","bs-safari-ventura","2026-06-21","passed","2026-06-21","","","",""
"","1106","close (×) button closes the picker","bs-chrome-win11","2026-06-21","passed","2026-06-21","Color Management — Add & Delete","","",""
"","744","should update a color with valid schema","bs-iphone-15","2026-06-21","passed","2026-06-21","Backend API Integration > PUT /api/colors/:name Schema Validation","","",""
"","5","Server Unit Tests Middleware includes CORS headers","","2026-06-21","passed","2026-06-21","","Server Unit Tests","Server Unit Tests Middleware includes CORS headers",""
"","98","POST with script tag in name is rejected (400)","bs-firefox-win11","2026-06-21","passed","2026-06-21","Security > XSS Prevention","","",""
"","4","Server Unit Tests Error Handling POST /api/colors returns 409 when database throws duplicate key error (code 11000)","","2026-06-21","passed","2026-06-21","","Server Unit Tests","Server Unit Tests Error Handling POST /api/colors returns 409 when database throws duplicate key error (code 11000)",""
"","189","X-Powered-By header is not exposed","bs-iphone-15","2026-06-21","passed","2026-06-21","Security > Security Headers","","",""
"","11","Server Unit Tests PUT /api/colors/:name updates the hex of an existing color","","2026-06-21","passed","2026-06-21","","Server Unit Tests","Server Unit Tests PUT /api/colors/:name updates the hex of an existing color",""
"","23","should reject omitting both name and hex on update","Chrome","2026-06-21","passed","2026-06-21","Backend API Integration > PUT /api/colors/:name Schema Validation","tests/api.spec.ts","",""
"","104","DELETE /api/colors (collection) returns 405","bs-safari-ventura","2026-06-21","passed","2026-06-21","Security > HTTP Method Restrictions","","",""
"","2500","should create color via API and verify through UI","bs-iphone-15","2026-06-21","passed","2026-06-21","Hybrid E2E Testing","","",""
"","7","Server Unit Tests GET /api/colors returns colors sorted alphabetically by name","","2026-06-21","passed","2026-06-21","","Server Unit Tests","Server Unit Tests GET /api/colors returns colors sorted alphabetically by name",""
"","920","should gracefully handle a color not found in the database","bs-firefox-win11","2026-06-21","passed","2026-06-21","Network Mocking & Interception","","",""
"","1","mobile color picker workflow","Chrome","2026-06-21","skipped","2026-06-21","Percy Visual Regression – Production > Percy – Mobile Interactions","","",""
"","0","Utility Functions paintWheelPixel sets alpha to 0 when dist > r (outside circle)","","2026-06-21","passed","2026-06-21","","Utility Functions","Utility Functions paintWheelPixel sets alpha to 0 when dist > r (outside circle)",""
"","1","Utility Functions rgbToHsl r max, g>0, b=0 → h in (0,60)","","2026-06-21","passed","2026-06-21","","Utility Functions","Utility Functions rgbToHsl r max, g>0, b=0 → h in (0,60)",""
"","0","Utility Functions rgbToHex pads single-digit hex values with leading zero","","2026-06-21","passed","2026-06-21","","Utility Functions","Utility Functions rgbToHex pads single-digit hex values with leading zero",""
"","3","Server Unit Tests 405 Method Not Allowed sets the Allow header on /api/colors/:name with correct methods","","2026-06-21","passed","2026-06-21","","Server Unit Tests","Server Unit Tests 405 Method Not Allowed sets the Allow header on /api/colors/:name with correct methods",""
"","7","Server Integration Tests (Testcontainers) GET /api/colors/:name should be case-sensitive (lowercase name returns 404)","","2026-06-21","passed","2026-06-21","","Server Integration Tests (Testcontainers)","Server Integration Tests (Testcontainers) GET /api/colors/:name should be case-sensitive (lowercase name returns 404)",""
"","2169","verify Yellow ( #f1c40f ) is applied as the background color","bs-safari-ventura","2026-06-21","passed","2026-06-21","POM Refactored: Background color tests","","",""
"","660","Example #2","BDD","2026-06-21","passed","2026-06-21","Language Switching > Switch language and verify translated UI labels","","",""
"","2023","changing color to Turquoise should reflect in UI and DOM","bs-iphone-15","2026-06-21","passed","2026-06-21","Data-Driven Testing","","",""
"","3","Server Unit Tests Middleware JSON error middleware ignores SyntaxError without body","","2026-06-21","passed","2026-06-21","","Server Unit Tests","Server Unit Tests Middleware JSON error middleware ignores SyntaxError without body",""
"","81","should reject empty name","bs-pixel-7","2026-06-21","passed","2026-06-21","Backend API Integration > POST /api/colors Schema Validation","","",""
"","100","should reject invalid hex format on update","bs-pixel-7","2026-06-21","passed","2026-06-21","Backend API Integration > PUT /api/colors/:name Schema Validation","","",""
"","104","should reject updating with empty name","bs-chrome-win11","2026-06-21","passed","2026-06-21","Backend API Integration > PUT /api/colors/:name Schema Validation","","",""
"","49","Frontend Unit Tests App Component first loaded color is active (aria-pressed=true)","","2026-06-21","passed","2026-06-21","","Frontend Unit Tests","Frontend Unit Tests App Component first loaded color is active (aria-pressed=true)",""
"","6770","should not have any automatically detectable accessibility issues","bs-chrome-win11","2026-06-21","passed","2026-06-21","Accessibility Tests","","",""
"","1228","should display all core elements and handle button interaction","Chrome","2026-06-21","passed","2026-06-21","Responsive Design – tablet (768×1024)","","",""
"","78","Frontend Unit Tests App Component handleColorClick clears previous error on new successful click","","2026-06-21","passed","2026-06-21","","Frontend Unit Tests","Frontend Unit Tests App Component handleColorClick clears previous error on new successful click",""
"","2236","Escape key closes the confirm dialog","bs-safari-ventura","2026-06-21","passed","2026-06-21","Color Management — Add & Delete","","",""
"","984","shows a chip for each color with a swatch, name, and delete button","bs-safari-ventura","2026-06-21","passed","2026-06-21","Color Management — Add & Delete","","",""
"","96","POST /api-docs returns 405","bs-pixel-7","2026-06-21","passed","2026-06-21","Security > HTTP Method Restrictions","","",""
"","318","Server Unit Tests Surviving Mutants & Edge Cases Infrastructure uses MONGO_URI from environment if available","","2026-06-21","passed","2026-06-21","","Server Unit Tests","Server Unit Tests Surviving Mutants & Edge Cases Infrastructure uses MONGO_URI from environment if available",""
"","2193","changing color to Yellow should reflect in UI and DOM","bs-safari-ventura","2026-06-21","passed","2026-06-21","Data-Driven Testing","","",""
"","61","Frontend Unit Tests App Component delete sends DELETE request with correct method","","2026-06-21","passed","2026-06-21","","Frontend Unit Tests","Frontend Unit Tests App Component delete sends DELETE request with correct method",""
"","12","oversized payload is rejected (413)","Chrome","2026-06-21","passed","2026-06-21","Security > Input Validation","tests/security.spec.ts","",""
"","5361","should maintain accessibility after state change (color update)","bs-iphone-15","2026-06-21","passed","2026-06-21","Accessibility Tests","","",""
"","","[HIGH] CVE-2026-45186","","","failed","","","test-automation-best-practices-app:latest (alpine 3.23.4)","libexpat-2.7.5-r0",""
"","1762","handle color selection fetch error","bs-safari-ventura","2026-06-21","passed","2026-06-21","Edge cases and error handling","","",""
"","229","GET /api/colors/Turquoise should return the correct hex code","bs-iphone-15","2026-06-21","passed","2026-06-21","Backend API Integration","","",""
"","1333","should create dynamic random color via API and verify through UI","bs-chrome-win11","2026-06-21","passed","2026-06-21","Random Data Testing with faker.js","","",""
"","1","Utility Functions hslToRgb hue=60 (yellow) → [255,255,0]","","2026-06-21","passed","2026-06-21","","Utility Functions","Utility Functions hslToRgb hue=60 (yellow) → [255,255,0]",""
"","677","check Turquoise ( #1abc9c) is the default background color.","bs-pixel-7","2026-06-21","passed","2026-06-21","","","",""
"","87","NoSQL $where operator in name is rejected (400)","bs-safari-ventura","2026-06-21","passed","2026-06-21","Security > Injection Prevention","","",""
"","5445","should maintain accessibility in es language and verify resilient locators","bs-safari-ventura","2026-06-21","passed","2026-06-21","i18n Accessibility Tests","","",""
"","2464","verify Turquoise ( #1abc9c ) is applied as the background color","bs-safari-ventura","2026-06-21","passed","2026-06-21","POM Refactored: Background color tests","","",""
"","1250","deleting the active color switches background to the first remaining","bs-pixel-7","2026-06-21","passed","2026-06-21","Color Management — Add & Delete","","",""
"","638","should gracefully handle a color not found in the database","bs-chrome-win11","2026-06-21","passed","2026-06-21","Network Mocking & Interception","","",""
"","110","PATCH /api/colors returns 405","bs-iphone-15","2026-06-21","passed","2026-06-21","Security > HTTP Method Restrictions","","",""
"","89","array body on POST returns 400","bs-pixel-7","2026-06-21","passed","2026-06-21","Security > Input Validation","","",""
"","98","POST /api-docs returns 405","bs-firefox-win11","2026-06-21","passed","2026-06-21","Security > HTTP Method Restrictions","","",""
"","281","oversized payload is rejected (413)","bs-pixel-7","2026-06-21","passed","2026-06-21","Security > Input Validation","","",""
"","607","handle initial fetch error","bs-pixel-7","2026-06-21","passed","2026-06-21","Edge cases and error handling","","",""
"","5","Server Unit Tests 405 Method Not Allowed does not return 405 for allowed GET method on /api/colors","","2026-06-21","passed","2026-06-21","","Server Unit Tests","Server Unit Tests 405 Method Not Allowed does not return 405 for allowed GET method on /api/colors",""
"","","[CRITICAL] CVE-2026-9277","","","failed","","","package-lock.json","shell-quote-1.8.3",""
"","27","Component Tests ColorPicker lightness slider change updates the preview","","2026-06-21","passed","2026-06-21","","Utility Functions","Component Tests ColorPicker lightness slider change updates the preview",""
"","903","handle initial fetch error","bs-firefox-win11","2026-06-21","passed","2026-06-21","Edge cases and error handling","","",""
"","2267","should not have any automatically detectable accessibility issues","bs-pixel-7","2026-06-21","passed","2026-06-21","Accessibility Tests","","",""
"","100","should reject invalid hex format on update","bs-safari-ventura","2026-06-21","passed","2026-06-21","Backend API Integration > PUT /api/colors/:name Schema Validation","","",""
"","13","should reject empty name","Chrome","2026-06-21","passed","2026-06-21","Backend API Integration > POST /api/colors Schema Validation","tests/api.spec.ts","",""
"","8","Server Unit Tests POST /api/colors accepts single alphanumeric characters as names","","2026-06-21","passed","2026-06-21","","Server Unit Tests","Server Unit Tests POST /api/colors accepts single alphanumeric characters as names",""
"","103","array body on POST returns 400","bs-firefox-win11","2026-06-21","passed","2026-06-21","Security > Input Validation","","",""
"","232","GET /api/colors/Turquoise should return the correct hex code","bs-pixel-7","2026-06-21","passed","2026-06-21","Backend API Integration","","",""
"","94","should reject missing name","bs-safari-ventura","2026-06-21","passed","2026-06-21","Backend API Integration > POST /api/colors Schema Validation","","",""
"","1002","clicking ""+ Add color"" opens the picker modal","bs-firefox-win11","2026-06-21","passed","2026-06-21","Color Management — Add & Delete","","",""
"","3356","should not have any automatically detectable accessibility issues","bs-firefox-win11","2026-06-21","passed","2026-06-21","Accessibility Tests","","",""
"","904","homepage should match snapshot","Chrome","2026-06-21","passed","2026-06-21","Visual Regression – iphone-se (375×667)","","",""
"","49","Frontend Unit Tests App Component deleting the active color switches background to the first remaining","","2026-06-21","passed","2026-06-21","","Frontend Unit Tests","Frontend Unit Tests App Component deleting the active color switches background to the first remaining",""
"","478","should create a new color with valid schema","bs-firefox-win11","2026-06-21","passed","2026-06-21","Backend API Integration > POST /api/colors Schema Validation","","",""
"","293","homepage should match snapshot","percy","2026-06-21","skipped","2026-06-21","Visual Regression – desktop-xl (1920×1080)","","",""
"","0","homepage after color change","Chrome","2026-06-21","skipped","2026-06-21","Percy Visual Regression – Production > Percy – desktop (1280×720)","","",""
"","9","Server Unit Tests PUT /api/colors/:name updates the name of an existing color and preserves hex","","2026-06-21","passed","2026-06-21","","Server Unit Tests","Server Unit Tests PUT /api/colors/:name updates the name of an existing color and preserves hex",""
"","0","Utility Functions paintWheelPixel anti-aliases near-edge pixel: dist=r-0.5 gives alpha=127","","2026-06-21","passed","2026-06-21","","Utility Functions","Utility Functions paintWheelPixel anti-aliases near-edge pixel: dist=r-0.5 gives alpha=127",""
"","91","unknown extra fields in POST body are rejected (400)","bs-iphone-15","2026-06-21","passed","2026-06-21","Security > Input Validation","","",""
"","694","handle color selection fetch error","Chrome","2026-06-21","passed","2026-06-21","Edge cases and error handling","tests/coverage.spec.ts","",""
"","616","should return 409 for duplicate color creation","bs-pixel-7","2026-06-21","passed","2026-06-21","Backend API Integration > POST /api/colors Schema Validation","","",""
"","725","Example #1","BDD","2026-06-21","passed","2026-06-21","Home Page Background Color > Change background color","","",""
"","221","oversized payload is rejected (413)","bs-safari-ventura","2026-06-21","passed","2026-06-21","Security > Input Validation","","",""
"","38","should return 404 for non-existent color deletion","Chrome","2026-06-21","passed","2026-06-21","Backend API Integration > DELETE /api/colors/:name","tests/api.spec.ts","",""
"","2724","PUT /api/colors/{name}","","","passed","","","schemathesis","",""
"","46","Frontend Unit Tests App Component deleting a non-active color keeps the current background","","2026-06-21","passed","2026-06-21","","Frontend Unit Tests","Frontend Unit Tests App Component deleting a non-active color keeps the current background",""
"","16","Server Integration Tests (Testcontainers) POST /api/reseed should be idempotent — calling reseed twice always yields exactly 3 colors","","2026-06-21","passed","2026-06-21","","Server Integration Tests (Testcontainers)","Server Integration Tests (Testcontainers) POST /api/reseed should be idempotent — calling reseed twice always yields exactly 3 colors",""
"","1250","verify Turquoise ( #1abc9c ) is applied as the background color","bs-chrome-win11","2026-06-21","passed","2026-06-21","POM Refactored: Background color tests","","",""
"","91","array body on POST returns 400","bs-iphone-15","2026-06-21","passed","2026-06-21","Security > Input Validation","","",""
"","11","Component Tests ColorPicker non-Enter key on name input does not trigger submit","","2026-06-21","passed","2026-06-21","","Utility Functions","Component Tests ColorPicker non-Enter key on name input does not trigger submit",""
"","1104","changing color to Red should reflect in UI and DOM","bs-firefox-win11","2026-06-21","passed","2026-06-21","Data-Driven Testing","","",""
"","187","GET /api/colors should return all colors","bs-pixel-7","2026-06-21","passed","2026-06-21","Backend API Integration","","",""
"","995","shows client-side validation error for invalid name chars","bs-chrome-win11","2026-06-21","passed","2026-06-21","Color Management — Add & Delete","","",""
"","650","should handle missing image gracefully by showing alt text","bs-firefox-win11","2026-06-21","passed","2026-06-21","Network Mocking & Interception","","",""
"","1","Utility Functions hexToRgb parses hex without the leading #","","2026-06-21","passed","2026-06-21","","Utility Functions","Utility Functions hexToRgb parses hex without the leading #",""
"","7511","shows client-side ""Name is required"" when submitting empty name","bs-iphone-15","2026-06-21","passed","2026-06-21","Color Management — Add & Delete","","",""
"","24","Frontend Unit Tests App Component labelFor returns translation for known color (Turquoise)","","2026-06-21","passed","2026-06-21","","Frontend Unit Tests","Frontend Unit Tests App Component labelFor returns translation for known color (Turquoise)",""
"","1045","shows client-side ""Name is required"" when submitting empty name","bs-pixel-7","2026-06-21","passed","2026-06-21","Color Management — Add & Delete","","",""
"","86","error responses return JSON, not HTML (no info leakage)","bs-chrome-win11","2026-06-21","passed","2026-06-21","Security > Security Headers","","",""
"","3","Component Tests ConfirmDialog Escape key does NOT call onCancel when busy","","2026-06-21","passed","2026-06-21","","Component Tests","Component Tests ConfirmDialog Escape key does NOT call onCancel when busy",""
"","39","Frontend Unit Tests App Component deleting the last color sets activeName to null","","2026-06-21","passed","2026-06-21","","Frontend Unit Tests","Frontend Unit Tests App Component deleting the last color sets activeName to null",""
"","652","should reject invalid hex format","bs-chrome-win11","2026-06-21","passed","2026-06-21","Backend API Integration > POST /api/colors Schema Validation","","",""
"","875","should show loading state when API returns empty colors","bs-firefox-win11","2026-06-21","passed","2026-06-21","UI Error Handling Coverage","","",""
"","977","changing color to Yellow should reflect in UI and DOM","Chrome","2026-06-21","passed","2026-06-21","Data-Driven Testing","tests/data-driven.spec.ts","",""
"","614","Escape key closes the confirm dialog","bs-pixel-7","2026-06-21","passed","2026-06-21","Color Management — Add & Delete","","",""
"","1","Utility Functions hslToRgb lightness clamped: l=-0.5 gives black","","2026-06-21","passed","2026-06-21","","Utility Functions","Utility Functions hslToRgb lightness clamped: l=-0.5 gives black",""
"","5115","cancel in confirm dialog closes it without deleting","bs-iphone-15","2026-06-21","passed","2026-06-21","Color Management — Add & Delete","","",""
"","107","should reject empty name","bs-chrome-win11","2026-06-21","passed","2026-06-21","Backend API Integration > POST /api/colors Schema Validation","","",""
"","9","Server Integration Tests (Testcontainers) POST /api/colors should accept a single alphanumeric character as a name","","2026-06-21","passed","2026-06-21","","Server Integration Tests (Testcontainers)","Server Integration Tests (Testcontainers) POST /api/colors should accept a single alphanumeric character as a name",""
"","103","POST with HTML tag in name is rejected (400)","bs-chrome-win11","2026-06-21","passed","2026-06-21","Security > XSS Prevention","","",""
"","5288","should maintain accessibility in el language and verify resilient locators","bs-iphone-15","2026-06-21","passed","2026-06-21","i18n Accessibility Tests","","",""
"","879","clicking ""+ Add color"" opens the picker modal","bs-pixel-7","2026-06-21","passed","2026-06-21","Color Management — Add & Delete","","",""
"","106","should reject missing name","bs-pixel-7","2026-06-21","passed","2026-06-21","Backend API Integration > POST /api/colors Schema Validation","","",""
"","12","Server Integration Tests (Testcontainers) Concurrent writes should handle parallel GETs without errors","","2026-06-21","passed","2026-06-21","","Server Integration Tests (Testcontainers)","Server Integration Tests (Testcontainers) Concurrent writes should handle parallel GETs without errors",""
"","708","should handle missing image gracefully by showing alt text","bs-iphone-15","2026-06-21","passed","2026-06-21","Network Mocking & Interception","","",""
"","40","Frontend Unit Tests App Component active chip has is-active CSS class","","2026-06-21","passed","2026-06-21","","Frontend Unit Tests","Frontend Unit Tests App Component active chip has is-active CSS class",""
"","88","PUT /openapi.json returns 405","bs-iphone-15","2026-06-21","passed","2026-06-21","Security > HTTP Method Restrictions","","",""
"","23","Component Tests ColorPicker submit with invalid chars shows validation error","","2026-06-21","passed","2026-06-21","","Utility Functions","Component Tests ColorPicker submit with invalid chars shows validation error",""
"","7","Server Integration Tests (Testcontainers) Method Not Allowed should return 405 for PATCH /api/colors","","2026-06-21","passed","2026-06-21","","Server Integration Tests (Testcontainers)","Server Integration Tests (Testcontainers) Method Not Allowed should return 405 for PATCH /api/colors",""
"","310","Server Unit Tests Surviving Mutants & Edge Cases Port Fallback uses default PORT 5001 when process.env.PORT is missing","","2026-06-21","passed","2026-06-21","","Server Unit Tests","Server Unit Tests Surviving Mutants & Edge Cases Port Fallback uses default PORT 5001 when process.env.PORT is missing",""
"","2100","should maintain accessibility in en language and verify resilient locators","bs-pixel-7","2026-06-21","passed","2026-06-21","i18n Accessibility Tests","","",""
"","1312","cancel in confirm dialog closes it without deleting","bs-firefox-win11","2026-06-21","passed","2026-06-21","Color Management — Add & Delete","","",""
"","101","should reject invalid hex format","bs-firefox-win11","2026-06-21","passed","2026-06-21","Backend API Integration > POST /api/colors Schema Validation","","",""
"","847","first color chip is active on load (aria-pressed=true)","bs-firefox-win11","2026-06-21","passed","2026-06-21","Color Management — Add & Delete","","",""
"","1","Utility Functions paintWheelPixel paints grey at center (dx=0, dy=0, dist=0, sat=0)","","2026-06-21","passed","2026-06-21","","Utility Functions","Utility Functions paintWheelPixel paints grey at center (dx=0, dy=0, dist=0, sat=0)",""
"","4","Frontend Unit Tests App Component current color span tracks hex value","","2026-06-21","passed","2026-06-21","","Frontend Unit Tests","Frontend Unit Tests App Component current color span tracks hex value",""
"","8","Server Integration Tests (Testcontainers) POST /api/colors should accept a color name containing spaces","","2026-06-21","passed","2026-06-21","","Server Integration Tests (Testcontainers)","Server Integration Tests (Testcontainers) POST /api/colors should accept a color name containing spaces",""
"","596","handle initial fetch with empty data","bs-chrome-win11","2026-06-21","passed","2026-06-21","Edge cases and error handling","","",""
"","2389","should maintain accessibility after state change (color update)","Chrome","2026-06-21","passed","2026-06-21","Accessibility Tests","tests/a11y.spec.ts","",""
"","1013","first color chip is active on load (aria-pressed=true)","bs-safari-ventura","2026-06-21","passed","2026-06-21","Color Management — Add & Delete","","",""
"","1147","homepage should match snapshot","Chrome","2026-06-21","passed","2026-06-21","Visual Regression – desktop (1280×720)","","",""
"","98","should reject omitting both name and hex on update","bs-pixel-7","2026-06-21","passed","2026-06-21","Backend API Integration > PUT /api/colors/:name Schema Validation","","",""
"","0","Utility Functions readableOn returns #111 for light-grey (L≈0.60, above 0.179 threshold)","","2026-06-21","passed","2026-06-21","","Utility Functions","Utility Functions readableOn returns #111 for light-grey (L≈0.60, above 0.179 threshold)",""
"","2663","homepage after color change","percy","2026-06-21","passed","2026-06-21","Percy Visual Regression – Production > Percy – desktop (1280×720)","","",""
"","4","Server Unit Tests DELETE /api/colors/:name returns 404 for a non-existent color","","2026-06-21","passed","2026-06-21","","Server Unit Tests","Server Unit Tests DELETE /api/colors/:name returns 404 for a non-existent color",""
"","190","X-Powered-By header is not exposed","bs-pixel-7","2026-06-21","passed","2026-06-21","Security > Security Headers","","",""
"","457","should delete an existing color","bs-iphone-15","2026-06-21","passed","2026-06-21","Backend API Integration > DELETE /api/colors/:name","","",""
"","89","DELETE /api/colors (collection) returns 405","bs-chrome-win11","2026-06-21","passed","2026-06-21","Security > HTTP Method Restrictions","","",""
"","1534","verify language switcher changes document language","bs-safari-ventura","2026-06-21","passed","2026-06-21","","","",""
"","100","should reject empty name","bs-safari-ventura","2026-06-21","passed","2026-06-21","Backend API Integration > POST /api/colors Schema Validation","","",""
"","93","malformed JSON body returns 400","bs-firefox-win11","2026-06-21","passed","2026-06-21","Security > Input Validation","","",""
"","1","Utility Functions rgbToHsl white [255,255,255] → h=0, s=0, l=1","","2026-06-21","passed","2026-06-21","","Utility Functions","Utility Functions rgbToHsl white [255,255,255] → h=0, s=0, l=1",""
"","632","Show error message when the initial colors fetch fails","BDD","2026-06-21","passed","2026-06-21","API Error Handling","","",""
"","4","Utility Functions rgbToHsl dark red (#800000): l<0.5, s=1 (l<=0.5 saturation branch)","","2026-06-21","passed","2026-06-21","","Utility Functions","Utility Functions rgbToHsl dark red (#800000): l<0.5, s=1 (l<=0.5 saturation branch)",""
"","96","error responses return JSON, not HTML (no info leakage)","bs-safari-ventura","2026-06-21","passed","2026-06-21","Security > Security Headers","","",""
"","57","Frontend Unit Tests App Component successful delete removes the color chip","","2026-06-21","passed","2026-06-21","","Frontend Unit Tests","Frontend Unit Tests App Component successful delete removes the color chip",""
"","3","Server Unit Tests 405 Method Not Allowed returns 405 for PATCH on /api/colors","","2026-06-21","passed","2026-06-21","","Server Unit Tests","Server Unit Tests 405 Method Not Allowed returns 405 for PATCH on /api/colors",""
"","1755","verify Red ( #e74c3c ) is applied as the background color","bs-iphone-15","2026-06-21","passed","2026-06-21","Background color tests","","",""
"","89","POST /api-docs returns 405","bs-iphone-15","2026-06-21","passed","2026-06-21","Security > HTTP Method Restrictions","","",""
"","832","should return 409 for duplicate color creation","bs-safari-ventura","2026-06-21","passed","2026-06-21","Backend API Integration > POST /api/colors Schema Validation","","",""
"","0","Utility Functions rgbToHex converts arbitrary color","","2026-06-21","passed","2026-06-21","","Utility Functions","Utility Functions rgbToHex converts arbitrary color",""
"","12","Component Tests ColorPicker wheel cursor moves to (220,110) after right-edge click (hue=0, sat=1)","","2026-06-21","passed","2026-06-21","","Utility Functions","Component Tests ColorPicker wheel cursor moves to (220,110) after right-edge click (hue=0, sat=1)",""
"","4","Server Unit Tests POST /api/reseed returns 405 for PUT on /api/reseed","","2026-06-21","passed","2026-06-21","","Server Unit Tests","Server Unit Tests POST /api/reseed returns 405 for PUT on /api/reseed",""
"","92","PATCH /api/colors returns 405","bs-pixel-7","2026-06-21","passed","2026-06-21","Security > HTTP Method Restrictions","","",""
"","105","PATCH /api/colors/:name returns 405","bs-iphone-15","2026-06-21","passed","2026-06-21","Security > HTTP Method Restrictions","","",""
"","1","Utility Functions paintWheelPixel anti-aliases the outermost ring: dist=r gives alpha=0","","2026-06-21","passed","2026-06-21","","Utility Functions","Utility Functions paintWheelPixel anti-aliases the outermost ring: dist=r gives alpha=0",""
"","1099","handle initial fetch with empty data","bs-iphone-15","2026-06-21","passed","2026-06-21","Edge cases and error handling","","",""
"","0","Utility Functions rgbToHex converts pure blue","","2026-06-21","passed","2026-06-21","","Utility Functions","Utility Functions rgbToHex converts pure blue",""
"","1115","should handle color click network failure gracefully","bs-firefox-win11","2026-06-21","passed","2026-06-21","UI Error Handling Coverage","","",""
"","9","Server Unit Tests GET /api/colors/:name returns a single color by name with correct fields","","2026-06-21","passed","2026-06-21","","Server Unit Tests","Server Unit Tests GET /api/colors/:name returns a single color by name with correct fields",""
"","1179","POST /api/colors","","","passed","","","schemathesis","",""
"","2280","should create dynamic random color via API and verify through UI","bs-iphone-15","2026-06-21","passed","2026-06-21","Random Data Testing with faker.js","","",""
"","0","Utility Functions hslToRgb hue=330 (rose) → [255,0,128]","","2026-06-21","passed","2026-06-21","","Utility Functions","Utility Functions hslToRgb hue=330 (rose) → [255,0,128]",""
"","190","GET /api/colors/Yellow should return the correct hex code","bs-iphone-15","2026-06-21","passed","2026-06-21","Backend API Integration","","",""
"","1169","shows server-error message on 500 inside the picker","bs-chrome-win11","2026-06-21","passed","2026-06-21","Color Management — Add & Delete","","",""
"","5","Server Unit Tests PUT /api/colors/:name returns 400 for extra unknown fields (strict schema)","","2026-06-21","passed","2026-06-21","","Server Unit Tests","Server Unit Tests PUT /api/colors/:name returns 400 for extra unknown fields (strict schema)",""
"","300","GET /api/colors/Turquoise should return the correct hex code","bs-chrome-win11","2026-06-21","passed","2026-06-21","Backend API Integration","","",""
"","834","changing color to Turquoise should reflect in UI and DOM","Chrome","2026-06-21","passed","2026-06-21","Data-Driven Testing","tests/data-driven.spec.ts","",""
"","9","Server Integration Tests (Testcontainers) DELETE /api/colors/:name should delete a color and confirm removal from the real database","","2026-06-21","passed","2026-06-21","","Server Integration Tests (Testcontainers)","Server Integration Tests (Testcontainers) DELETE /api/colors/:name should delete a color and confirm removal from the real database",""
"","0","Utility Functions hslToRgb hue=180 (cyan) → [0,255,255]","","2026-06-21","passed","2026-06-21","","Utility Functions","Utility Functions hslToRgb hue=180 (cyan) → [0,255,255]",""
"","884","clicking a chip makes it active","bs-pixel-7","2026-06-21","passed","2026-06-21","Color Management — Add & Delete","","",""
"","91","unknown extra fields in POST body are rejected (400)","bs-pixel-7","2026-06-21","passed","2026-06-21","Security > Input Validation","","",""
"","296","oversized payload is rejected (413)","bs-firefox-win11","2026-06-21","passed","2026-06-21","Security > Input Validation","","",""
"","605","verify language switcher changes document language","bs-chrome-win11","2026-06-21","passed","2026-06-21","","","",""
"","87","POST with script tag in name is rejected (400)","bs-iphone-15","2026-06-21","passed","2026-06-21","Security > XSS Prevention","","",""
"","19","Frontend Unit Tests App Component text color on light background is dark","","2026-06-21","passed","2026-06-21","","Frontend Unit Tests","Frontend Unit Tests App Component text color on light background is dark",""
"","1197","successful delete removes the chip","bs-chrome-win11","2026-06-21","passed","2026-06-21","Color Management — Add & Delete","","",""
"","4","Component Tests ConfirmDialog title is rendered in the element with id confirm-title","","2026-06-21","passed","2026-06-21","","Component Tests","Component Tests ConfirmDialog title is rendered in the element with id confirm-title",""
"","2080","homepage initial state","percy","2026-06-21","passed","2026-06-21","Percy Visual Regression – Production > Percy – mobile (375×667)","","",""
"","871","should create dynamic random color via API and verify through UI","Chrome","2026-06-21","passed","2026-06-21","Random Data Testing with faker.js","tests/random-data.spec.ts","",""
"","22","GET /api/colors/Red should return the correct hex code","Chrome","2026-06-21","passed","2026-06-21","Backend API Integration","tests/api.spec.ts","",""
"","197","GET /api/colors should return colors sorted alphabetically by name","bs-safari-ventura","2026-06-21","passed","2026-06-21","Backend API Integration","","",""
"","10","Server Integration Tests (Testcontainers) seedDatabase should be idempotent — calling twice always yields exactly 3 colors","","2026-06-21","passed","2026-06-21","","Server Integration Tests (Testcontainers)","Server Integration Tests (Testcontainers) seedDatabase should be idempotent — calling twice always yields exactly 3 colors",""
"","4","Server Unit Tests PUT /api/colors/:name returns 404 for a non-existent color","","2026-06-21","passed","2026-06-21","","Server Unit Tests","Server Unit Tests PUT /api/colors/:name returns 404 for a non-existent color",""
"","701","Example #2","BDD","2026-06-21","passed","2026-06-21","Home Page Background Color > Change background color","","",""
"","0","Utility Functions hslToRgb hue=90 (chartreuse) → [128,255,0]","","2026-06-21","passed","2026-06-21","","Utility Functions","Utility Functions hslToRgb hue=90 (chartreuse) → [128,255,0]",""
"","8585","close (×) button closes the picker","bs-iphone-15","2026-06-21","passed","2026-06-21","Color Management — Add & Delete","","",""
"","85","should reject invalid hex format on update","bs-chrome-win11","2026-06-21","passed","2026-06-21","Backend API Integration > PUT /api/colors/:name Schema Validation","","",""
"","4","Server Unit Tests PUT /api/colors/:name returns 400 for invalid hex on update","","2026-06-21","passed","2026-06-21","","Server Unit Tests","Server Unit Tests PUT /api/colors/:name returns 400 for invalid hex on update",""
"","817","verify Yellow ( #f1c40f ) is applied as the background color","Chrome","2026-06-21","passed","2026-06-21","POM Refactored: Background color tests","tests/pom-refactored.spec.ts","",""
"","97","NoSQL injection object in name is rejected (400)","bs-safari-ventura","2026-06-21","passed","2026-06-21","Security > Injection Prevention","","",""
"","68","Frontend Unit Tests App Component fetches and displays color chips with swatch and delete button","","2026-06-21","passed","2026-06-21","","Frontend Unit Tests","Frontend Unit Tests App Component fetches and displays color chips with swatch and delete button",""
"","10856","should load the application and verify core functionality across browsers","WebKit","2026-06-21","passed","2026-06-21","Cross-Browser Core Functionality","","",""
"","901","verify Red ( #e74c3c ) is applied as the background color","bs-chrome-win11","2026-06-21","passed","2026-06-21","POM Refactored: Background color tests","","",""
"","81","should reject invalid hex format","bs-safari-ventura","2026-06-21","passed","2026-06-21","Backend API Integration > POST /api/colors Schema Validation","","",""
"","135","NoSQL injection object in name is rejected (400)","bs-iphone-15","2026-06-21","passed","2026-06-21","Security > Injection Prevention","","",""
"","1","homepage initial state","Chrome","2026-06-21","skipped","2026-06-21","Percy Visual Regression – Production > Percy – desktop (1280×720)","","",""
"","58","should create a new color with valid schema","Chrome","2026-06-21","passed","2026-06-21","Backend API Integration > POST /api/colors Schema Validation","tests/api.spec.ts","",""
"","991","should display all core elements and handle button interaction","Chrome","2026-06-21","passed","2026-06-21","Responsive Design – iPhone SE (375×667)","","",""
"","21","Server Integration Tests (Testcontainers) End-to-end CRUD workflow should create, read, update, and delete a color in sequence","","2026-06-21","passed","2026-06-21","","Server Integration Tests (Testcontainers)","Server Integration Tests (Testcontainers) End-to-end CRUD workflow should create, read, update, and delete a color in sequence",""
"","1006","clicking a chip makes it active","bs-chrome-win11","2026-06-21","passed","2026-06-21","Color Management — Add & Delete","","",""
"","214","GET /api/colors/Red should return the correct hex code","bs-firefox-win11","2026-06-21","passed","2026-06-21","Backend API Integration","","",""
"","11","Server Integration Tests (Testcontainers) GET /api/colors should not expose _id or __v fields","","2026-06-21","passed","2026-06-21","","Server Integration Tests (Testcontainers)","Server Integration Tests (Testcontainers) GET /api/colors should not expose _id or __v fields",""
"","91","should reject updating with empty name","bs-pixel-7","2026-06-21","passed","2026-06-21","Backend API Integration > PUT /api/colors/:name Schema Validation","","",""
"","","[HIGH] CVE-2026-12151","","","failed","","","mobile/package-lock.json","undici-6.25.0",""
"","870","should display colors that do not exist in the database","bs-firefox-win11","2026-06-21","passed","2026-06-21","Network Mocking & Interception","","",""
"","472","should delete an existing color","bs-firefox-win11","2026-06-21","passed","2026-06-21","Backend API Integration > DELETE /api/colors/:name","","",""
"","13","Component Tests ColorPicker renders the color wheel canvas","","2026-06-21","passed","2026-06-21","","Utility Functions","Component Tests ColorPicker renders the color wheel canvas",""
"","664","handle initial fetch with empty data","Chrome","2026-06-21","passed","2026-06-21","Edge cases and error handling","tests/coverage.spec.ts","",""
"","1315","verify Yellow ( #f1c40f ) is applied as the background color","bs-pixel-7","2026-06-21","passed","2026-06-21","Background color tests","","",""
"","1566","successfully adds a new color and shows its chip","bs-firefox-win11","2026-06-21","passed","2026-06-21","Color Management — Add & Delete","","",""
"","2380","should maintain accessibility in en language and verify resilient locators","Chrome","2026-06-21","passed","2026-06-21","i18n Accessibility Tests","tests/a11y.spec.ts","",""
"","66","Frontend Unit Tests App Component handles empty array from initial fetch gracefully","","2026-06-21","passed","2026-06-21","","Frontend Unit Tests","Frontend Unit Tests App Component handles empty array from initial fetch gracefully",""
"","1334","handle initial fetch with empty data","bs-safari-ventura","2026-06-21","passed","2026-06-21","Edge cases and error handling","","",""
"","0","Utility Functions rgbToHsl r max with g<b (#ff0040) → h near 345","","2026-06-21","passed","2026-06-21","","Utility Functions","Utility Functions rgbToHsl r max with g<b (#ff0040) → h near 345",""
"","315","Server Unit Tests Surviving Mutants & Edge Cases Infrastructure uses default MONGO_URI when process.env.MONGO_URI is missing","","2026-06-21","passed","2026-06-21","","Server Unit Tests","Server Unit Tests Surviving Mutants & Edge Cases Infrastructure uses default MONGO_URI when process.env.MONGO_URI is missing",""
"","46","Frontend Unit Tests App Component add color 400 shows data.error message","","2026-06-21","passed","2026-06-21","","Frontend Unit Tests","Frontend Unit Tests App Component add color 400 shows data.error message",""
"","1519","should display colors that do not exist in the database","bs-safari-ventura","2026-06-21","passed","2026-06-21","Network Mocking & Interception","","",""
"","4","Utility Functions hslToRgb hue=0 (red) → [255,0,0]","","2026-06-21","passed","2026-06-21","","Utility Functions","Utility Functions hslToRgb hue=0 (red) → [255,0,0]",""
"","222","oversized payload is rejected (413)","bs-iphone-15","2026-06-21","passed","2026-06-21","Security > Input Validation","","",""
"","1234","verify Turquoise ( #1abc9c ) is applied as the background color","bs-pixel-7","2026-06-21","passed","2026-06-21","POM Refactored: Background color tests","","",""
"","68","GET /api/colors/{name}","","","passed","","","schemathesis","",""
"","209","Component Tests ConfirmDialog renders title, body, and both buttons","","2026-06-21","passed","2026-06-21","","Component Tests","Component Tests ConfirmDialog renders title, body, and both buttons",""
