"DESCRIPTION","DURATION IN MS","NAME","PARENT SUITE","START TIME","STATUS","STOP TIME","SUB SUITE","SUITE","TEST CLASS","TEST METHOD"
"","1105","cancel in confirm dialog closes it without deleting","Chrome","Tue Jun 02 22:15:20 UTC 2026","passed","Tue Jun 02 22:15:21 UTC 2026","Color Management — Add & Delete","","",""
"","12","Component Tests ColorPicker typing blue hex updates internal state (b is max branch)","","Tue Jun 02 21:30:00 UTC 2026","passed","Tue Jun 02 21:30:00 UTC 2026","","Utility Functions","Component Tests ColorPicker typing blue hex updates internal state (b is max branch)",""
"","24","Frontend Unit Tests App Component text color on dark background is white","","Tue Jun 02 21:30:00 UTC 2026","passed","Tue Jun 02 21:30:00 UTC 2026","","Frontend Unit Tests","Frontend Unit Tests App Component text color on dark background is white",""
"","49","SQL injection characters in name are rejected (400)","Chrome","Tue Jun 02 22:15:39 UTC 2026","passed","Tue Jun 02 22:15:39 UTC 2026","Security > Injection Prevention","","",""
"","12","Server Unit Tests Error Handling POST /api/colors returns 500 when database fails (create)","","Tue Jun 02 21:36:01 UTC 2026","passed","Tue Jun 02 21:36:01 UTC 2026","","Server Unit Tests","Server Unit Tests Error Handling POST /api/colors returns 500 when database fails (create)",""
"","66","Frontend Unit Tests App Component handles null data from initial fetch gracefully","","Tue Jun 02 21:30:00 UTC 2026","passed","Tue Jun 02 21:30:00 UTC 2026","","Frontend Unit Tests","Frontend Unit Tests App Component handles null data from initial fetch gracefully",""
"","0","Utility Functions readableOn returns #111 for turquoise (L≈0.39, black gives better contrast)","","Tue Jun 02 21:30:00 UTC 2026","passed","Tue Jun 02 21:30:00 UTC 2026","","Utility Functions","Utility Functions readableOn returns #111 for turquoise (L≈0.39, black gives better contrast)",""
"","6","Server Unit Tests 405 Method Not Allowed does not return 405 for allowed GET method on /api/colors","","Tue Jun 02 21:36:01 UTC 2026","passed","Tue Jun 02 21:36:01 UTC 2026","","Server Unit Tests","Server Unit Tests 405 Method Not Allowed does not return 405 for allowed GET method on /api/colors",""
"","36","POST with script tag in name is rejected (400)","Chrome","Tue Jun 02 22:15:37 UTC 2026","passed","Tue Jun 02 22:15:37 UTC 2026","Security > XSS Prevention","","",""
"","7","Server Integration Tests (Testcontainers) Method Not Allowed should return 405 for PATCH /api/colors","","Tue Jun 02 21:30:32 UTC 2026","passed","Tue Jun 02 21:30:32 UTC 2026","","Server Integration Tests (Testcontainers)","Server Integration Tests (Testcontainers) Method Not Allowed should return 405 for PATCH /api/colors",""
"","11","Server Integration Tests (Testcontainers) GET /api/colors/:name should not expose _id or __v fields","","Tue Jun 02 21:30:32 UTC 2026","passed","Tue Jun 02 21:30:32 UTC 2026","","Server Integration Tests (Testcontainers)","Server Integration Tests (Testcontainers) GET /api/colors/:name should not expose _id or __v fields",""
"","62","POST with javascript: URI in name is rejected (400)","Chrome","Tue Jun 02 22:15:37 UTC 2026","passed","Tue Jun 02 22:15:37 UTC 2026","Security > XSS Prevention","","",""
"","5","Server Unit Tests Error Handling PUT /api/colors/:name returns 409 when database throws duplicate key error (code 11000) on save","","Tue Jun 02 21:36:01 UTC 2026","passed","Tue Jun 02 21:36:01 UTC 2026","","Server Unit Tests","Server Unit Tests Error Handling PUT /api/colors/:name returns 409 when database throws duplicate key error (code 11000) on save",""
"","4","Server Unit Tests Surviving Mutants & Edge Cases Swagger Metadata & OpenAPI has exact server metadata","","Tue Jun 02 21:36:01 UTC 2026","passed","Tue Jun 02 21:36:01 UTC 2026","","Server Unit Tests","Server Unit Tests Surviving Mutants & Edge Cases Swagger Metadata & OpenAPI has exact server metadata",""
"","18","Component Tests ColorPicker renders the color wheel canvas","","Tue Jun 02 21:30:00 UTC 2026","passed","Tue Jun 02 21:30:00 UTC 2026","","Utility Functions","Component Tests ColorPicker renders the color wheel canvas",""
"","10","Server Unit Tests PUT /api/colors/:name updates the hex of an existing color","","Tue Jun 02 21:36:01 UTC 2026","passed","Tue Jun 02 21:36:01 UTC 2026","","Server Unit Tests","Server Unit Tests PUT /api/colors/:name updates the hex of an existing color",""
"","23","Frontend Unit Tests App Component link color is light (#cfe8ff) on dark background","","Tue Jun 02 21:30:00 UTC 2026","passed","Tue Jun 02 21:30:00 UTC 2026","","Frontend Unit Tests","Frontend Unit Tests App Component link color is light (#cfe8ff) on dark background",""
"","59","POST with HTML tag in name is rejected (400)","Chrome","Tue Jun 02 22:15:37 UTC 2026","passed","Tue Jun 02 22:15:37 UTC 2026","Security > XSS Prevention","","",""
"","16","Server Integration Tests (Testcontainers) GET /api/colors should return an empty array after all colors are deleted","","Tue Jun 02 21:30:32 UTC 2026","passed","Tue Jun 02 21:30:32 UTC 2026","","Server Integration Tests (Testcontainers)","Server Integration Tests (Testcontainers) GET /api/colors should return an empty array after all colors are deleted",""
"","11","Server Integration Tests (Testcontainers) seedDatabase should always restore the three default seed colors","","Tue Jun 02 21:30:32 UTC 2026","passed","Tue Jun 02 21:30:32 UTC 2026","","Server Integration Tests (Testcontainers)","Server Integration Tests (Testcontainers) seedDatabase should always restore the three default seed colors",""
"","1053","clicking a chip makes it active","Chrome","Tue Jun 02 22:15:14 UTC 2026","passed","Tue Jun 02 22:15:15 UTC 2026","Color Management — Add & Delete","","",""
"","182","GET /api/colors/Turquoise should return the correct hex code","Chrome","Tue Jun 02 22:15:11 UTC 2026","passed","Tue Jun 02 22:15:11 UTC 2026","Backend API Integration","","",""
"","5","Server Unit Tests Middleware returns 400 for malformed JSON body","","Tue Jun 02 21:36:01 UTC 2026","passed","Tue Jun 02 21:36:01 UTC 2026","","Server Unit Tests","Server Unit Tests Middleware returns 400 for malformed JSON body",""
"","30","Frontend Unit Tests App Component link color is dark (#003366) on light background","","Tue Jun 02 21:30:00 UTC 2026","passed","Tue Jun 02 21:30:00 UTC 2026","","Frontend Unit Tests","Frontend Unit Tests App Component link color is dark (#003366) on light background",""
"","9","Utility Functions rgbToHsl round-trip hslToRgb→rgbToHsl preserves hue for all sectors","","Tue Jun 02 21:30:00 UTC 2026","passed","Tue Jun 02 21:30:00 UTC 2026","","Utility Functions","Utility Functions rgbToHsl round-trip hslToRgb→rgbToHsl preserves hue for all sectors",""
"","9","Server Unit Tests Surviving Mutants & Edge Cases Rate Limiting & Security kills mutants by verifying x-ratelimit headers","","Tue Jun 02 21:36:01 UTC 2026","passed","Tue Jun 02 21:36:01 UTC 2026","","Server Unit Tests","Server Unit Tests Surviving Mutants & Edge Cases Rate Limiting & Security kills mutants by verifying x-ratelimit headers",""
"","8","Server Unit Tests POST /api/colors accepts names with alphanumeric characters and spaces","","Tue Jun 02 21:36:01 UTC 2026","passed","Tue Jun 02 21:36:01 UTC 2026","","Server Unit Tests","Server Unit Tests POST /api/colors accepts names with alphanumeric characters and spaces",""
"","622","should update a color with valid schema","Chrome","Tue Jun 02 22:15:12 UTC 2026","passed","Tue Jun 02 22:15:13 UTC 2026","Backend API Integration > PUT /api/colors/:name Schema Validation","","",""
"","1079","should display all core elements and handle button interaction","Chrome","Tue Jun 02 21:58:02 UTC 2026","passed","Tue Jun 02 21:58:03 UTC 2026","Responsive Design – iPhone SE (375×667)","","",""
"","678","Example #2","BDD","Tue Jun 02 21:55:59 UTC 2026","passed","Tue Jun 02 21:55:59 UTC 2026","Language Switching > Switch language and verify translated UI labels","","",""
"","0","Utility Functions rgbToHsl dark red (#800000): l<0.5, s=1 (l<=0.5 saturation branch)","","Tue Jun 02 21:30:00 UTC 2026","passed","Tue Jun 02 21:30:00 UTC 2026","","Utility Functions","Utility Functions rgbToHsl dark red (#800000): l<0.5, s=1 (l<=0.5 saturation branch)",""
"","75","Frontend Unit Tests App Component fetches and displays color chips with swatch and delete button","","Tue Jun 02 21:30:00 UTC 2026","passed","Tue Jun 02 21:30:00 UTC 2026","","Frontend Unit Tests","Frontend Unit Tests App Component fetches and displays color chips with swatch and delete button",""
"","0","Utility Functions hslToRgb high lightness l=0.75 → [255,128,128]","","Tue Jun 02 21:30:00 UTC 2026","passed","Tue Jun 02 21:30:00 UTC 2026","","Utility Functions","Utility Functions hslToRgb high lightness l=0.75 → [255,128,128]",""
"","1","Utility Functions rgbToHsl pure red → h=0, s=1, l=0.5","","Tue Jun 02 21:30:00 UTC 2026","passed","Tue Jun 02 21:30:00 UTC 2026","","Utility Functions","Utility Functions rgbToHsl pure red → h=0, s=1, l=0.5",""
"","4","Server Unit Tests PUT /api/colors/:name returns 400 for invalid current name format in URL","","Tue Jun 02 21:36:01 UTC 2026","passed","Tue Jun 02 21:36:01 UTC 2026","","Server Unit Tests","Server Unit Tests PUT /api/colors/:name returns 400 for invalid current name format in URL",""
"","24","Component Tests ColorPicker typing a valid hex clears the hex error and updates preview","","Tue Jun 02 21:30:00 UTC 2026","passed","Tue Jun 02 21:30:00 UTC 2026","","Utility Functions","Component Tests ColorPicker typing a valid hex clears the hex error and updates preview",""
"","49","Frontend Unit Tests App Component confirm dialog cancel button closes it","","Tue Jun 02 21:30:00 UTC 2026","passed","Tue Jun 02 21:30:00 UTC 2026","","Frontend Unit Tests","Frontend Unit Tests App Component confirm dialog cancel button closes it",""
"","25","Component Tests ConfirmDialog cancel button calls onCancel","","Tue Jun 02 21:30:00 UTC 2026","passed","Tue Jun 02 21:30:00 UTC 2026","","Component Tests","Component Tests ConfirmDialog cancel button calls onCancel",""
"","7","Server Integration Tests (Testcontainers) Method Not Allowed should return 405 for PATCH /api/colors/:name","","Tue Jun 02 21:30:32 UTC 2026","passed","Tue Jun 02 21:30:32 UTC 2026","","Server Integration Tests (Testcontainers)","Server Integration Tests (Testcontainers) Method Not Allowed should return 405 for PATCH /api/colors/:name",""
"","39","Frontend Unit Tests App Component deleting the last color sets activeName to null","","Tue Jun 02 21:30:00 UTC 2026","passed","Tue Jun 02 21:30:00 UTC 2026","","Frontend Unit Tests","Frontend Unit Tests App Component deleting the last color sets activeName to null",""
"","7","Server Unit Tests Surviving Mutants & Edge Cases Regex & Validation hex regex kills mutants by testing boundaries and formats","","Tue Jun 02 21:36:01 UTC 2026","passed","Tue Jun 02 21:36:01 UTC 2026","","Server Unit Tests","Server Unit Tests Surviving Mutants & Edge Cases Regex & Validation hex regex kills mutants by testing boundaries and formats",""
"","28","Component Tests ColorPicker lightness slider max value (100) gives white","","Tue Jun 02 21:30:00 UTC 2026","passed","Tue Jun 02 21:30:00 UTC 2026","","Utility Functions","Component Tests ColorPicker lightness slider max value (100) gives white",""
"","12","Server Integration Tests (Testcontainers) PUT /api/colors/:name should update both name and hex simultaneously","","Tue Jun 02 21:30:32 UTC 2026","passed","Tue Jun 02 21:30:32 UTC 2026","","Server Integration Tests (Testcontainers)","Server Integration Tests (Testcontainers) PUT /api/colors/:name should update both name and hex simultaneously",""
"","738","should gracefully handle a color not found in the database","Chrome","Tue Jun 02 22:15:34 UTC 2026","passed","Tue Jun 02 22:15:35 UTC 2026","Network Mocking & Interception","","",""
"","1","Utility Functions rgbToHsl white [255,255,255] → h=0, s=0, l=1","","Tue Jun 02 21:30:00 UTC 2026","passed","Tue Jun 02 21:30:00 UTC 2026","","Utility Functions","Utility Functions rgbToHsl white [255,255,255] → h=0, s=0, l=1",""
"","877","clicking ""+ Add color"" opens the picker modal","Chrome","Tue Jun 02 22:15:14 UTC 2026","passed","Tue Jun 02 22:15:15 UTC 2026","Color Management — Add & Delete","","",""
"","8","Server Unit Tests POST /api/colors accepts single alphanumeric characters as names","","Tue Jun 02 21:36:01 UTC 2026","passed","Tue Jun 02 21:36:01 UTC 2026","","Server Unit Tests","Server Unit Tests POST /api/colors accepts single alphanumeric characters as names",""
"","5","Server Unit Tests Middleware JSON error middleware ignores SyntaxError without body","","Tue Jun 02 21:36:01 UTC 2026","passed","Tue Jun 02 21:36:01 UTC 2026","","Server Unit Tests","Server Unit Tests Middleware JSON error middleware ignores SyntaxError without body",""
"","864","Escape key closes the confirm dialog","Chrome","Tue Jun 02 22:15:20 UTC 2026","passed","Tue Jun 02 22:15:21 UTC 2026","Color Management — Add & Delete","","",""
"","12","Component Tests ColorPicker pressing Escape calls onCancel","","Tue Jun 02 21:30:00 UTC 2026","passed","Tue Jun 02 21:30:00 UTC 2026","","Utility Functions","Component Tests ColorPicker pressing Escape calls onCancel",""
"","5","Server Unit Tests PUT /api/colors/:name returns 400 for extra unknown fields (strict schema)","","Tue Jun 02 21:36:01 UTC 2026","passed","Tue Jun 02 21:36:01 UTC 2026","","Server Unit Tests","Server Unit Tests PUT /api/colors/:name returns 400 for extra unknown fields (strict schema)",""
"","52","array body on POST returns 400","Chrome","Tue Jun 02 22:15:39 UTC 2026","passed","Tue Jun 02 22:15:39 UTC 2026","Security > Input Validation","","",""
"","0","Utility Functions hslToRgb low lightness l=0.25 → [128,0,0]","","Tue Jun 02 21:30:00 UTC 2026","passed","Tue Jun 02 21:30:00 UTC 2026","","Utility Functions","Utility Functions hslToRgb low lightness l=0.25 → [128,0,0]",""
"","40","Frontend Unit Tests App Component add color network error shows network error message","","Tue Jun 02 21:30:00 UTC 2026","passed","Tue Jun 02 21:30:00 UTC 2026","","Frontend Unit Tests","Frontend Unit Tests App Component add color network error shows network error message",""
"","0","Utility Functions hslToRgb hue=270 (violet) → [128,0,255]","","Tue Jun 02 21:30:00 UTC 2026","passed","Tue Jun 02 21:30:00 UTC 2026","","Utility Functions","Utility Functions hslToRgb hue=270 (violet) → [128,0,255]",""
"","129","should return 404 when updating non-existent color","Chrome","Tue Jun 02 22:15:13 UTC 2026","passed","Tue Jun 02 22:15:13 UTC 2026","Backend API Integration > PUT /api/colors/:name Schema Validation","","",""
"","42","should reject invalid hex format on update","Chrome","Tue Jun 02 22:15:13 UTC 2026","passed","Tue Jun 02 22:15:13 UTC 2026","Backend API Integration > PUT /api/colors/:name Schema Validation","","",""
"","1","Utility Functions hslToRgb hue=120 (green) → [0,255,0]","","Tue Jun 02 21:30:00 UTC 2026","passed","Tue Jun 02 21:30:00 UTC 2026","","Utility Functions","Utility Functions hslToRgb hue=120 (green) → [0,255,0]",""
"","966","check Turquoise ( #1abc9c) is the default background color.","Chrome","Tue Jun 02 22:15:23 UTC 2026","passed","Tue Jun 02 22:15:24 UTC 2026","","","",""
"","935","verify language switcher changes document language","Chrome","Tue Jun 02 22:15:26 UTC 2026","passed","Tue Jun 02 22:15:27 UTC 2026","","","",""
"","1","Utility Functions hslToRgb hue=180 (cyan) → [0,255,255]","","Tue Jun 02 21:30:00 UTC 2026","passed","Tue Jun 02 21:30:00 UTC 2026","","Utility Functions","Utility Functions hslToRgb hue=180 (cyan) → [0,255,255]",""
"","2362","should maintain accessibility in en language and verify resilient locators","Chrome","Tue Jun 02 22:15:05 UTC 2026","passed","Tue Jun 02 22:15:07 UTC 2026","i18n Accessibility Tests","","",""
"","32","Frontend Unit Tests App Component picker cancel button closes the modal","","Tue Jun 02 21:30:00 UTC 2026","passed","Tue Jun 02 21:30:00 UTC 2026","","Frontend Unit Tests","Frontend Unit Tests App Component picker cancel button closes the modal",""
"","0","Utility Functions hslToRgb negative hue wraps: hue=-120 = hue=240","","Tue Jun 02 21:30:00 UTC 2026","passed","Tue Jun 02 21:30:00 UTC 2026","","Utility Functions","Utility Functions hslToRgb negative hue wraps: hue=-120 = hue=240",""
"","1003","Color button remains functional after switching language","BDD","Tue Jun 02 21:55:59 UTC 2026","passed","Tue Jun 02 21:56:00 UTC 2026","Language Switching","","",""
"","25","Component Tests ColorPicker mousedown at right-center (hue=0) sets hex to #ff0000","","Tue Jun 02 21:30:00 UTC 2026","passed","Tue Jun 02 21:30:00 UTC 2026","","Utility Functions","Component Tests ColorPicker mousedown at right-center (hue=0) sets hex to #ff0000",""
"","14","Server Integration Tests (Testcontainers) POST /api/colors should return 409 when creating a duplicate color name","","Tue Jun 02 21:30:32 UTC 2026","passed","Tue Jun 02 21:30:32 UTC 2026","","Server Integration Tests (Testcontainers)","Server Integration Tests (Testcontainers) POST /api/colors should return 409 when creating a duplicate color name",""
"","51","Frontend Unit Tests App Component delete API error shows error alert without closing dialog","","Tue Jun 02 21:30:00 UTC 2026","passed","Tue Jun 02 21:30:00 UTC 2026","","Frontend Unit Tests","Frontend Unit Tests App Component delete API error shows error alert without closing dialog",""
"","1612","homepage should match snapshot","Chrome","Tue Jun 02 21:57:59 UTC 2026","passed","Tue Jun 02 21:58:00 UTC 2026","Visual Regression – desktop-xl (1920×1080)","","",""
"","34","Frontend Unit Tests App Component confirm dialog Escape key closes it","","Tue Jun 02 21:30:00 UTC 2026","passed","Tue Jun 02 21:30:00 UTC 2026","","Frontend Unit Tests","Frontend Unit Tests App Component confirm dialog Escape key closes it",""
"","64","Frontend Unit Tests App Component first loaded color is active (aria-pressed=true)","","Tue Jun 02 21:30:00 UTC 2026","passed","Tue Jun 02 21:30:00 UTC 2026","","Frontend Unit Tests","Frontend Unit Tests App Component first loaded color is active (aria-pressed=true)",""
"","1","Utility Functions hslToRgb hue just below 60 is in sector 0, not sector 1","","Tue Jun 02 21:30:00 UTC 2026","passed","Tue Jun 02 21:30:00 UTC 2026","","Utility Functions","Utility Functions hslToRgb hue just below 60 is in sector 0, not sector 1",""
"","1","Utility Functions readableOn returns #111 for a pale/pastel colour (high luminance)","","Tue Jun 02 21:30:00 UTC 2026","passed","Tue Jun 02 21:30:00 UTC 2026","","Utility Functions","Utility Functions readableOn returns #111 for a pale/pastel colour (high luminance)",""
"","5","Server Unit Tests OpenAPI endpoints spec includes component schemas","","Tue Jun 02 21:36:01 UTC 2026","passed","Tue Jun 02 21:36:01 UTC 2026","","Server Unit Tests","Server Unit Tests OpenAPI endpoints spec includes component schemas",""
"","5","Component Tests ConfirmDialog Escape key calls onCancel when not busy","","Tue Jun 02 21:30:00 UTC 2026","passed","Tue Jun 02 21:30:00 UTC 2026","","Component Tests","Component Tests ConfirmDialog Escape key calls onCancel when not busy",""
"","349","Server Unit Tests Surviving Mutants & Edge Cases Infrastructure uses default MONGO_URI when process.env.MONGO_URI is missing","","Tue Jun 02 21:36:01 UTC 2026","passed","Tue Jun 02 21:36:01 UTC 2026","","Server Unit Tests","Server Unit Tests Surviving Mutants & Edge Cases Infrastructure uses default MONGO_URI when process.env.MONGO_URI is missing",""
"","10","Frontend Unit Tests App Component shows error alert when initial fetch fails","","Tue Jun 02 21:30:00 UTC 2026","passed","Tue Jun 02 21:30:00 UTC 2026","","Frontend Unit Tests","Frontend Unit Tests App Component shows error alert when initial fetch fails",""
"","3","Component Tests ConfirmDialog Enter key calls onConfirm when not busy","","Tue Jun 02 21:30:00 UTC 2026","passed","Tue Jun 02 21:30:00 UTC 2026","","Component Tests","Component Tests ConfirmDialog Enter key calls onConfirm when not busy",""
"","2093","should maintain accessibility in es language and verify resilient locators","Chrome","Tue Jun 02 22:15:07 UTC 2026","passed","Tue Jun 02 22:15:09 UTC 2026","i18n Accessibility Tests","","",""
"","12","Server Integration Tests (Testcontainers) GET /api/colors/:name should return 404 for a non-existent color","","Tue Jun 02 21:30:32 UTC 2026","passed","Tue Jun 02 21:30:32 UTC 2026","","Server Integration Tests (Testcontainers)","Server Integration Tests (Testcontainers) GET /api/colors/:name should return 404 for a non-existent color",""
"","1276","shows server-error message on 500 inside the picker","Chrome","Tue Jun 02 22:15:19 UTC 2026","passed","Tue Jun 02 22:15:20 UTC 2026","Color Management — Add & Delete","","",""
"","0","Utility Functions rgbToHsl r max, g>0, b=0 → h in (0,60)","","Tue Jun 02 21:30:00 UTC 2026","passed","Tue Jun 02 21:30:00 UTC 2026","","Utility Functions","Utility Functions rgbToHsl r max, g>0, b=0 → h in (0,60)",""
"","5","Server Unit Tests OpenAPI endpoints serves the OpenAPI JSON spec with exact metadata","","Tue Jun 02 21:36:01 UTC 2026","passed","Tue Jun 02 21:36:01 UTC 2026","","Server Unit Tests","Server Unit Tests OpenAPI endpoints serves the OpenAPI JSON spec with exact metadata",""
"","0","Utility Functions hslToRgb hue=210 (azure) → [0,128,255]","","Tue Jun 02 21:30:00 UTC 2026","passed","Tue Jun 02 21:30:00 UTC 2026","","Utility Functions","Utility Functions hslToRgb hue=210 (azure) → [0,128,255]",""
"","44","Component Tests ConfirmDialog confirm button calls onConfirm","","Tue Jun 02 21:30:00 UTC 2026","passed","Tue Jun 02 21:30:00 UTC 2026","","Component Tests","Component Tests ConfirmDialog confirm button calls onConfirm",""
"","31","Component Tests ColorPicker cancel button calls onCancel","","Tue Jun 02 21:30:00 UTC 2026","passed","Tue Jun 02 21:30:00 UTC 2026","","Utility Functions","Component Tests ColorPicker cancel button calls onCancel",""
"","5","Server Unit Tests POST /api/colors returns 400 for extra unknown fields (strict schema)","","Tue Jun 02 21:36:01 UTC 2026","passed","Tue Jun 02 21:36:01 UTC 2026","","Server Unit Tests","Server Unit Tests POST /api/colors returns 400 for extra unknown fields (strict schema)",""
"","4","Server Unit Tests PUT /api/colors/:name returns 400 for invalid name in path (regex check)","","Tue Jun 02 21:36:01 UTC 2026","passed","Tue Jun 02 21:36:01 UTC 2026","","Server Unit Tests","Server Unit Tests PUT /api/colors/:name returns 400 for invalid name in path (regex check)",""
"","24","Server Integration Tests (Testcontainers) POST /api/reseed should reseed the database to the three default colors with a valid token","","Tue Jun 02 21:30:32 UTC 2026","passed","Tue Jun 02 21:30:32 UTC 2026","","Server Integration Tests (Testcontainers)","Server Integration Tests (Testcontainers) POST /api/reseed should reseed the database to the three default colors with a valid token",""
"","9","Component Tests ColorPicker wheel cursor is at (110,110) at center (sat=0)","","Tue Jun 02 21:30:00 UTC 2026","passed","Tue Jun 02 21:30:00 UTC 2026","","Utility Functions","Component Tests ColorPicker wheel cursor is at (110,110) at center (sat=0)",""
"","5","Server Unit Tests Surviving Mutants & Edge Cases PUT logic kills hex regex mutant in PUT","","Tue Jun 02 21:36:01 UTC 2026","passed","Tue Jun 02 21:36:01 UTC 2026","","Server Unit Tests","Server Unit Tests Surviving Mutants & Edge Cases PUT logic kills hex regex mutant in PUT",""
"","132","GET /api/colors should return all colors","Chrome","Tue Jun 02 22:15:12 UTC 2026","passed","Tue Jun 02 22:15:12 UTC 2026","Backend API Integration","","",""
"","94","Frontend Unit Tests App Component confirm dialog cancel does nothing when deleting=true","","Tue Jun 02 21:30:00 UTC 2026","passed","Tue Jun 02 21:30:00 UTC 2026","","Frontend Unit Tests","Frontend Unit Tests App Component confirm dialog cancel does nothing when deleting=true",""
"","0","Utility Functions hexToRgb parses a standard #RRGGBB hex","","Tue Jun 02 21:30:00 UTC 2026","passed","Tue Jun 02 21:30:00 UTC 2026","","Utility Functions","Utility Functions hexToRgb parses a standard #RRGGBB hex",""
"","0","homepage after color change","Chrome","Tue Jun 02 21:58:04 UTC 2026","skipped","Tue Jun 02 21:58:04 UTC 2026","Percy Visual Regression – Production > Percy – desktop (1280×720)","","",""
"","10","Component Tests ColorPicker Escape listener is removed after unmount","","Tue Jun 02 21:30:00 UTC 2026","passed","Tue Jun 02 21:30:00 UTC 2026","","Utility Functions","Component Tests ColorPicker Escape listener is removed after unmount",""
"","15","Component Tests ColorPicker Enter key on name input triggers submit","","Tue Jun 02 21:30:00 UTC 2026","passed","Tue Jun 02 21:30:00 UTC 2026","","Utility Functions","Component Tests ColorPicker Enter key on name input triggers submit",""
"","993","handle initial fetch error","Chrome","Tue Jun 02 22:15:27 UTC 2026","passed","Tue Jun 02 22:15:28 UTC 2026","Edge cases and error handling","","",""
"","0","Utility Functions readableOn returns #fff for a very dark blue","","Tue Jun 02 21:30:00 UTC 2026","passed","Tue Jun 02 21:30:00 UTC 2026","","Utility Functions","Utility Functions readableOn returns #fff for a very dark blue",""
"","35","Frontend Unit Tests App Component initial background is first color hex","","Tue Jun 02 21:30:00 UTC 2026","passed","Tue Jun 02 21:30:00 UTC 2026","","Frontend Unit Tests","Frontend Unit Tests App Component initial background is first color hex",""
"","0","Frontend Unit Tests i18n Configuration interpolation should not escape value","","Tue Jun 02 21:30:02 UTC 2026","passed","Tue Jun 02 21:30:02 UTC 2026","","Frontend Unit Tests","Frontend Unit Tests i18n Configuration interpolation should not escape value",""
"","1","Utility Functions rgbToHsl pure green → h=120, s=1, l=0.5","","Tue Jun 02 21:30:00 UTC 2026","passed","Tue Jun 02 21:30:00 UTC 2026","","Utility Functions","Utility Functions rgbToHsl pure green → h=120, s=1, l=0.5",""
"","49","Frontend Unit Tests App Component deleting a non-active color keeps the current background","","Tue Jun 02 21:30:00 UTC 2026","passed","Tue Jun 02 21:30:00 UTC 2026","","Frontend Unit Tests","Frontend Unit Tests App Component deleting a non-active color keeps the current background",""
"","6","Server Unit Tests Middleware JSON error middleware passes non-syntax errors to next()","","Tue Jun 02 21:36:01 UTC 2026","passed","Tue Jun 02 21:36:01 UTC 2026","","Server Unit Tests","Server Unit Tests Middleware JSON error middleware passes non-syntax errors to next()",""
"","7","Server Integration Tests (Testcontainers) POST /api/colors should return 400 when hex is missing","","Tue Jun 02 21:30:32 UTC 2026","passed","Tue Jun 02 21:30:32 UTC 2026","","Server Integration Tests (Testcontainers)","Server Integration Tests (Testcontainers) POST /api/colors should return 400 when hex is missing",""
"","10","Component Tests ColorPicker displays serverError prop in an alert banner","","Tue Jun 02 21:30:00 UTC 2026","passed","Tue Jun 02 21:30:00 UTC 2026","","Utility Functions","Component Tests ColorPicker displays serverError prop in an alert banner",""
"","36","should reject missing hex","Chrome","Tue Jun 02 22:15:12 UTC 2026","passed","Tue Jun 02 22:15:12 UTC 2026","Backend API Integration > POST /api/colors Schema Validation","","",""
"","985","handle color selection fetch error","Chrome","Tue Jun 02 22:15:28 UTC 2026","passed","Tue Jun 02 22:15:29 UTC 2026","Edge cases and error handling","","",""
"","7","Server Unit Tests 405 Method Not Allowed does not return 405 for allowed PUT method on /api/colors/:name","","Tue Jun 02 21:36:01 UTC 2026","passed","Tue Jun 02 21:36:01 UTC 2026","","Server Unit Tests","Server Unit Tests 405 Method Not Allowed does not return 405 for allowed PUT method on /api/colors/:name",""
"","0","Utility Functions rgbToHex output is lowercase","","Tue Jun 02 21:30:00 UTC 2026","passed","Tue Jun 02 21:30:00 UTC 2026","","Utility Functions","Utility Functions rgbToHex output is lowercase",""
"","6","Server Unit Tests 405 Method Not Allowed returns 405 for POST, PUT, DELETE on /openapi.json","","Tue Jun 02 21:36:01 UTC 2026","passed","Tue Jun 02 21:36:01 UTC 2026","","Server Unit Tests","Server Unit Tests 405 Method Not Allowed returns 405 for POST, PUT, DELETE on /openapi.json",""
"","4","Component Tests ConfirmDialog Enter key does NOT call onConfirm when busy","","Tue Jun 02 21:30:00 UTC 2026","passed","Tue Jun 02 21:30:00 UTC 2026","","Component Tests","Component Tests ConfirmDialog Enter key does NOT call onConfirm when busy",""
"","64","Frontend Unit Tests App Component delete sends DELETE request with correct method","","Tue Jun 02 21:30:00 UTC 2026","passed","Tue Jun 02 21:30:00 UTC 2026","","Frontend Unit Tests","Frontend Unit Tests App Component delete sends DELETE request with correct method",""
"","12","Server Integration Tests (Testcontainers) GET /api/colors/:name should return correct data for Turquoise","","Tue Jun 02 21:30:32 UTC 2026","passed","Tue Jun 02 21:30:32 UTC 2026","","Server Integration Tests (Testcontainers)","Server Integration Tests (Testcontainers) GET /api/colors/:name should return correct data for Turquoise",""
"","7","Server Integration Tests (Testcontainers) PUT /api/colors/:name should return 400 for invalid hex format on update","","Tue Jun 02 21:30:32 UTC 2026","passed","Tue Jun 02 21:30:32 UTC 2026","","Server Integration Tests (Testcontainers)","Server Integration Tests (Testcontainers) PUT /api/colors/:name should return 400 for invalid hex format on update",""
"","33","Component Tests ColorPicker lightness slider change updates the preview","","Tue Jun 02 21:30:00 UTC 2026","passed","Tue Jun 02 21:30:00 UTC 2026","","Utility Functions","Component Tests ColorPicker lightness slider change updates the preview",""
"","1111","delete API error shows alert banner","Chrome","Tue Jun 02 22:15:23 UTC 2026","passed","Tue Jun 02 22:15:24 UTC 2026","Color Management — Add & Delete","","",""
"","4","Server Unit Tests PUT /api/colors/:name returns 400 for invalid hex on update","","Tue Jun 02 21:36:01 UTC 2026","passed","Tue Jun 02 21:36:01 UTC 2026","","Server Unit Tests","Server Unit Tests PUT /api/colors/:name returns 400 for invalid hex on update",""
"","1110","handle initial fetch with empty data","Chrome","Tue Jun 02 22:15:27 UTC 2026","passed","Tue Jun 02 22:15:28 UTC 2026","Edge cases and error handling","","",""
"","0","mobile color picker workflow","Chrome","Tue Jun 02 21:58:04 UTC 2026","skipped","Tue Jun 02 21:58:04 UTC 2026","Percy Visual Regression – Production > Percy – Mobile Interactions","","",""
"","896","clicking the backdrop closes the picker","Chrome","Tue Jun 02 22:15:16 UTC 2026","passed","Tue Jun 02 22:15:17 UTC 2026","Color Management — Add & Delete","","",""
"","17","Component Tests ConfirmDialog swatch div has the correct background color","","Tue Jun 02 21:30:00 UTC 2026","passed","Tue Jun 02 21:30:00 UTC 2026","","Component Tests","Component Tests ConfirmDialog swatch div has the correct background color",""
"","1265","should display all core elements and handle button interaction","Chrome","Tue Jun 02 21:58:02 UTC 2026","passed","Tue Jun 02 21:58:03 UTC 2026","Responsive Design – tablet (768×1024)","","",""
"","0","Utility Functions readableOn returns #111 for mid-grey (L≈0.35, black gives better contrast)","","Tue Jun 02 21:30:00 UTC 2026","passed","Tue Jun 02 21:30:00 UTC 2026","","Utility Functions","Utility Functions readableOn returns #111 for mid-grey (L≈0.35, black gives better contrast)",""
"","5","Server Unit Tests POST /api/colors returns 400 when name is missing","","Tue Jun 02 21:36:01 UTC 2026","passed","Tue Jun 02 21:36:01 UTC 2026","","Server Unit Tests","Server Unit Tests POST /api/colors returns 400 when name is missing",""
"","4","Server Unit Tests Error Handling seedDatabase logs error and re-throws when database fails","","Tue Jun 02 21:36:01 UTC 2026","passed","Tue Jun 02 21:36:01 UTC 2026","","Server Unit Tests","Server Unit Tests Error Handling seedDatabase logs error and re-throws when database fails",""
"","11","Frontend Unit Tests App Component shows error alert when initial fetch returns non-2xx","","Tue Jun 02 21:30:00 UTC 2026","passed","Tue Jun 02 21:30:00 UTC 2026","","Frontend Unit Tests","Frontend Unit Tests App Component shows error alert when initial fetch returns non-2xx",""
"","27","Component Tests ColorPicker submit with duplicate name (client-side) shows duplicate error","","Tue Jun 02 21:30:00 UTC 2026","passed","Tue Jun 02 21:30:00 UTC 2026","","Utility Functions","Component Tests ColorPicker submit with duplicate name (client-side) shows duplicate error",""
"","63","Frontend Unit Tests App Component confirm button shows ""Deleting…"" label while delete is in-flight","","Tue Jun 02 21:30:00 UTC 2026","passed","Tue Jun 02 21:30:00 UTC 2026","","Frontend Unit Tests","Frontend Unit Tests App Component confirm button shows ""Deleting…"" label while delete is in-flight",""
"","28","Component Tests ColorPicker mousedown at top-center (hue=270) sets hex to #8000ff","","Tue Jun 02 21:30:00 UTC 2026","passed","Tue Jun 02 21:30:00 UTC 2026","","Utility Functions","Component Tests ColorPicker mousedown at top-center (hue=270) sets hex to #8000ff",""
"","0","Utility Functions hslToRgb lightness=1 gives white","","Tue Jun 02 21:30:00 UTC 2026","passed","Tue Jun 02 21:30:00 UTC 2026","","Utility Functions","Utility Functions hslToRgb lightness=1 gives white",""
"","350","Server Unit Tests Surviving Mutants & Edge Cases Infrastructure uses MONGO_URI from environment if available","","Tue Jun 02 21:36:01 UTC 2026","passed","Tue Jun 02 21:36:01 UTC 2026","","Server Unit Tests","Server Unit Tests Surviving Mutants & Edge Cases Infrastructure uses MONGO_URI from environment if available",""
"","1685","should create color via API and verify through UI","Chrome","Tue Jun 02 22:15:32 UTC 2026","passed","Tue Jun 02 22:15:34 UTC 2026","Hybrid E2E Testing","","",""
"","1393","changing color to Yellow should reflect in UI and DOM","Chrome","Tue Jun 02 22:15:30 UTC 2026","passed","Tue Jun 02 22:15:31 UTC 2026","Data-Driven Testing","","",""
"","1142","verify Yellow ( #f1c40f ) is applied as the background color","Chrome","Tue Jun 02 22:15:36 UTC 2026","passed","Tue Jun 02 22:15:37 UTC 2026","POM Refactored: Background color tests","","",""
"","5","Component Tests ColorPicker serverError banner is absent when serverError is null","","Tue Jun 02 21:30:00 UTC 2026","passed","Tue Jun 02 21:30:00 UTC 2026","","Utility Functions","Component Tests ColorPicker serverError banner is absent when serverError is null",""
"","1942","deleting the active color switches background to the first remaining","Chrome","Tue Jun 02 22:15:21 UTC 2026","passed","Tue Jun 02 22:15:23 UTC 2026","Color Management — Add & Delete","","",""
"","8","Server Integration Tests (Testcontainers) PUT /api/colors/:name should return 404 when updating a non-existent color","","Tue Jun 02 21:30:32 UTC 2026","passed","Tue Jun 02 21:30:32 UTC 2026","","Server Integration Tests (Testcontainers)","Server Integration Tests (Testcontainers) PUT /api/colors/:name should return 404 when updating a non-existent color",""
"","49","Frontend Unit Tests App Component delete network error shows error alert","","Tue Jun 02 21:30:00 UTC 2026","passed","Tue Jun 02 21:30:00 UTC 2026","","Frontend Unit Tests","Frontend Unit Tests App Component delete network error shows error alert",""
"","27","Frontend Unit Tests App Component picker × button closes the modal","","Tue Jun 02 21:30:00 UTC 2026","passed","Tue Jun 02 21:30:00 UTC 2026","","Frontend Unit Tests","Frontend Unit Tests App Component picker × button closes the modal",""
"","0","homepage after color change","Chrome","Tue Jun 02 21:58:04 UTC 2026","skipped","Tue Jun 02 21:58:04 UTC 2026","Percy Visual Regression – Production > Percy – tablet (768×1024)","","",""
"","0","Utility Functions hslToRgb hue=300 (magenta) → [255,0,255]","","Tue Jun 02 21:30:00 UTC 2026","passed","Tue Jun 02 21:30:00 UTC 2026","","Utility Functions","Utility Functions hslToRgb hue=300 (magenta) → [255,0,255]",""
"","","[HIGH] CVE-2026-6732","","","failed","","","test-automation-best-practices-app:latest (alpine 3.23.4)","libxml2-2.13.9-r0",""
"","15","Server Integration Tests (Testcontainers) seedDatabase should be idempotent — calling twice always yields exactly 3 colors","","Tue Jun 02 21:30:32 UTC 2026","passed","Tue Jun 02 21:30:32 UTC 2026","","Server Integration Tests (Testcontainers)","Server Integration Tests (Testcontainers) seedDatabase should be idempotent — calling twice always yields exactly 3 colors",""
"","8","Server Integration Tests (Testcontainers) POST /api/reseed should return 401 when Authorization header is missing","","Tue Jun 02 21:30:32 UTC 2026","passed","Tue Jun 02 21:30:32 UTC 2026","","Server Integration Tests (Testcontainers)","Server Integration Tests (Testcontainers) POST /api/reseed should return 401 when Authorization header is missing",""
"","63","should reject invalid hex format","Chrome","Tue Jun 02 22:15:12 UTC 2026","passed","Tue Jun 02 22:15:12 UTC 2026","Backend API Integration > POST /api/colors Schema Validation","","",""
"","42","Frontend Unit Tests App Component add color 500 shows server error message","","Tue Jun 02 21:30:00 UTC 2026","passed","Tue Jun 02 21:30:00 UTC 2026","","Frontend Unit Tests","Frontend Unit Tests App Component add color 500 shows server error message",""
"","11","Server Unit Tests GET /api/colors does not expose _id or __v fields","","Tue Jun 02 21:36:01 UTC 2026","passed","Tue Jun 02 21:36:01 UTC 2026","","Server Unit Tests","Server Unit Tests GET /api/colors does not expose _id or __v fields",""
"","5","Server Unit Tests POST /api/reseed returns 500 when seedDatabase throws","","Tue Jun 02 21:36:01 UTC 2026","passed","Tue Jun 02 21:36:01 UTC 2026","","Server Unit Tests","Server Unit Tests POST /api/reseed returns 500 when seedDatabase throws",""
"","0","Utility Functions rgbToHsl light red (#ff8080): l>0.5, s computed via (2-max-min) branch","","Tue Jun 02 21:30:00 UTC 2026","passed","Tue Jun 02 21:30:00 UTC 2026","","Utility Functions","Utility Functions rgbToHsl light red (#ff8080): l>0.5, s computed via (2-max-min) branch",""
"","1011","handle color response missing hex property","Chrome","Tue Jun 02 22:15:28 UTC 2026","passed","Tue Jun 02 22:15:29 UTC 2026","Edge cases and error handling","","",""
"","42","PUT /openapi.json returns 405","Chrome","Tue Jun 02 22:15:40 UTC 2026","passed","Tue Jun 02 22:15:40 UTC 2026","Security > HTTP Method Restrictions","","",""
"","4","Server Unit Tests Error Handling DELETE /api/colors/:name returns 500 when database fails","","Tue Jun 02 21:36:01 UTC 2026","passed","Tue Jun 02 21:36:01 UTC 2026","","Server Unit Tests","Server Unit Tests Error Handling DELETE /api/colors/:name returns 500 when database fails",""
"","14","Server Integration Tests (Testcontainers) GET /api/colors/:name should return correct data for Yellow","","Tue Jun 02 21:30:32 UTC 2026","passed","Tue Jun 02 21:30:32 UTC 2026","","Server Integration Tests (Testcontainers)","Server Integration Tests (Testcontainers) GET /api/colors/:name should return correct data for Yellow",""
"","0","Utility Functions hslToRgb hue=330 (rose) → [255,0,128]","","Tue Jun 02 21:30:00 UTC 2026","passed","Tue Jun 02 21:30:00 UTC 2026","","Utility Functions","Utility Functions hslToRgb hue=330 (rose) → [255,0,128]",""
"","399","should create a new color with valid schema","Chrome","Tue Jun 02 22:15:12 UTC 2026","passed","Tue Jun 02 22:15:12 UTC 2026","Backend API Integration > POST /api/colors Schema Validation","","",""
"","4","Server Unit Tests POST /api/reseed returns 405 for GET on /api/reseed","","Tue Jun 02 21:36:01 UTC 2026","passed","Tue Jun 02 21:36:01 UTC 2026","","Server Unit Tests","Server Unit Tests POST /api/reseed returns 405 for GET on /api/reseed",""
"","1","Frontend Unit Tests i18n Configuration should handle language change correctly","","Tue Jun 02 21:30:02 UTC 2026","passed","Tue Jun 02 21:30:02 UTC 2026","","Frontend Unit Tests","Frontend Unit Tests i18n Configuration should handle language change correctly",""
"","30","Component Tests ColorPicker mousemove after mouseup does NOT update color (dragging stopped)","","Tue Jun 02 21:30:00 UTC 2026","passed","Tue Jun 02 21:30:00 UTC 2026","","Utility Functions","Component Tests ColorPicker mousemove after mouseup does NOT update color (dragging stopped)",""
"","133","GET /api/colors/:name should return 404 for non-existent color","Chrome","Tue Jun 02 22:15:12 UTC 2026","passed","Tue Jun 02 22:15:12 UTC 2026","Backend API Integration","","",""
"","7","Component Tests ColorPicker clicking inside the card does NOT call onCancel","","Tue Jun 02 21:30:00 UTC 2026","passed","Tue Jun 02 21:30:00 UTC 2026","","Utility Functions","Component Tests ColorPicker clicking inside the card does NOT call onCancel",""
"","8","Component Tests ColorPicker backdrop dismiss button is aria-hidden and not in tab order","","Tue Jun 02 21:30:00 UTC 2026","passed","Tue Jun 02 21:30:00 UTC 2026","","Utility Functions","Component Tests ColorPicker backdrop dismiss button is aria-hidden and not in tab order",""
"","6","Server Unit Tests 405 Method Not Allowed does not return 405 for allowed DELETE method on /api/colors/:name","","Tue Jun 02 21:36:01 UTC 2026","passed","Tue Jun 02 21:36:01 UTC 2026","","Server Unit Tests","Server Unit Tests 405 Method Not Allowed does not return 405 for allowed DELETE method on /api/colors/:name",""
"","7","Server Unit Tests Error Handling POST /api/colors returns 409 when database throws duplicate key error (code 11000)","","Tue Jun 02 21:36:01 UTC 2026","passed","Tue Jun 02 21:36:01 UTC 2026","","Server Unit Tests","Server Unit Tests Error Handling POST /api/colors returns 409 when database throws duplicate key error (code 11000)",""
"","10","Server Integration Tests (Testcontainers) GET /api/colors/:name should be case-sensitive (lowercase name returns 404)","","Tue Jun 02 21:30:32 UTC 2026","passed","Tue Jun 02 21:30:32 UTC 2026","","Server Integration Tests (Testcontainers)","Server Integration Tests (Testcontainers) GET /api/colors/:name should be case-sensitive (lowercase name returns 404)",""
"","20","Component Tests ColorPicker mousemove without prior mousedown (not dragging) does not change color","","Tue Jun 02 21:30:00 UTC 2026","passed","Tue Jun 02 21:30:00 UTC 2026","","Utility Functions","Component Tests ColorPicker mousemove without prior mousedown (not dragging) does not change color",""
"","0","Utility Functions paintWheelPixel anti-aliases near-edge pixel: dist=r-0.5 gives alpha=127","","Tue Jun 02 21:30:00 UTC 2026","passed","Tue Jun 02 21:30:00 UTC 2026","","Utility Functions","Utility Functions paintWheelPixel anti-aliases near-edge pixel: dist=r-0.5 gives alpha=127",""
"","29","Component Tests ColorPicker submit with empty name shows ""Name is required"" error","","Tue Jun 02 21:30:00 UTC 2026","passed","Tue Jun 02 21:30:00 UTC 2026","","Utility Functions","Component Tests ColorPicker submit with empty name shows ""Name is required"" error",""
"","4","Server Unit Tests POST /api/reseed returns 401 when token is incorrect","","Tue Jun 02 21:36:01 UTC 2026","passed","Tue Jun 02 21:36:01 UTC 2026","","Server Unit Tests","Server Unit Tests POST /api/reseed returns 401 when token is incorrect",""
"","1","Utility Functions paintWheelPixel anti-aliases the outermost ring: dist=r gives alpha=0","","Tue Jun 02 21:30:00 UTC 2026","passed","Tue Jun 02 21:30:00 UTC 2026","","Utility Functions","Utility Functions paintWheelPixel anti-aliases the outermost ring: dist=r gives alpha=0",""
"","4","Frontend Unit Tests App Component current color span tracks hex value","","Tue Jun 02 21:30:00 UTC 2026","passed","Tue Jun 02 21:30:00 UTC 2026","","Frontend Unit Tests","Frontend Unit Tests App Component current color span tracks hex value",""
"","1","homepage initial state","Chrome","Tue Jun 02 21:58:04 UTC 2026","skipped","Tue Jun 02 21:58:04 UTC 2026","Percy Visual Regression – Production > Percy – desktop-xl (1920×1080)","","",""
"","48","Frontend Unit Tests App Component header color attribute changes after clicking a chip","","Tue Jun 02 21:30:00 UTC 2026","passed","Tue Jun 02 21:30:00 UTC 2026","","Frontend Unit Tests","Frontend Unit Tests App Component header color attribute changes after clicking a chip",""
"","46","Frontend Unit Tests App Component handleColorClick encodes color name in URL","","Tue Jun 02 21:30:00 UTC 2026","passed","Tue Jun 02 21:30:00 UTC 2026","","Frontend Unit Tests","Frontend Unit Tests App Component handleColorClick encodes color name in URL",""
"","1077","changing color to Red should reflect in UI and DOM","Chrome","Tue Jun 02 22:15:30 UTC 2026","passed","Tue Jun 02 22:15:31 UTC 2026","Data-Driven Testing","","",""
"","46","PATCH /api/colors returns 405","Chrome","Tue Jun 02 22:15:39 UTC 2026","passed","Tue Jun 02 22:15:39 UTC 2026","Security > HTTP Method Restrictions","","",""
"","637","Show loading state when the API returns an empty colors list","BDD","Tue Jun 02 21:55:56 UTC 2026","passed","Tue Jun 02 21:55:57 UTC 2026","API Error Handling","","",""
"","4","Frontend Unit Tests i18n Configuration should translate keys correctly","","Tue Jun 02 21:30:02 UTC 2026","passed","Tue Jun 02 21:30:02 UTC 2026","","Frontend Unit Tests","Frontend Unit Tests i18n Configuration should translate keys correctly",""
"","708","shows a chip for each color with a swatch, name, and delete button","Chrome","Tue Jun 02 22:15:13 UTC 2026","passed","Tue Jun 02 22:15:14 UTC 2026","Color Management — Add & Delete","","",""
"","68","Frontend Unit Tests App Component handles empty array from initial fetch gracefully","","Tue Jun 02 21:30:00 UTC 2026","passed","Tue Jun 02 21:30:00 UTC 2026","","Frontend Unit Tests","Frontend Unit Tests App Component handles empty array from initial fetch gracefully",""
"","833","Example #3","BDD","Tue Jun 02 21:55:59 UTC 2026","passed","Tue Jun 02 21:56:00 UTC 2026","Language Switching > Switch language and verify translated UI labels","","",""
"","4","Server Unit Tests Surviving Mutants & Edge Cases OpenAPI Content-Type has application/json content-type","","Tue Jun 02 21:36:01 UTC 2026","passed","Tue Jun 02 21:36:01 UTC 2026","","Server Unit Tests","Server Unit Tests Surviving Mutants & Edge Cases OpenAPI Content-Type has application/json content-type",""
"","7","Server Integration Tests (Testcontainers) PUT /api/colors/:name should return 400 for invalid name in URL path","","Tue Jun 02 21:30:32 UTC 2026","passed","Tue Jun 02 21:30:32 UTC 2026","","Server Integration Tests (Testcontainers)","Server Integration Tests (Testcontainers) PUT /api/colors/:name should return 400 for invalid name in URL path",""
"","98","Frontend Unit Tests App Component handleColorClick does nothing when data is null","","Tue Jun 02 21:30:00 UTC 2026","passed","Tue Jun 02 21:30:00 UTC 2026","","Frontend Unit Tests","Frontend Unit Tests App Component handleColorClick does nothing when data is null",""
"","1","Utility Functions hslToRgb lightness=0 gives black","","Tue Jun 02 21:30:00 UTC 2026","passed","Tue Jun 02 21:30:00 UTC 2026","","Utility Functions","Utility Functions hslToRgb lightness=0 gives black",""
"","25","Component Tests ConfirmDialog both buttons are disabled when busy=true","","Tue Jun 02 21:30:00 UTC 2026","passed","Tue Jun 02 21:30:00 UTC 2026","","Component Tests","Component Tests ConfirmDialog both buttons are disabled when busy=true",""
"","1","Utility Functions rgbToHex converts pure red","","Tue Jun 02 21:30:00 UTC 2026","passed","Tue Jun 02 21:30:00 UTC 2026","","Utility Functions","Utility Functions rgbToHex converts pure red",""
"","5","Server Unit Tests Middleware JSON error middleware ignores SyntaxError with status != 400","","Tue Jun 02 21:36:01 UTC 2026","passed","Tue Jun 02 21:36:01 UTC 2026","","Server Unit Tests","Server Unit Tests Middleware JSON error middleware ignores SyntaxError with status != 400",""
"","20","Server Unit Tests Surviving Mutants & Edge Cases Regex & Validation STRICT_NAME_REGEX kills mutants on start/end/middle characters","","Tue Jun 02 21:36:01 UTC 2026","passed","Tue Jun 02 21:36:01 UTC 2026","","Server Unit Tests","Server Unit Tests Surviving Mutants & Edge Cases Regex & Validation STRICT_NAME_REGEX kills mutants on start/end/middle characters",""
"","0","homepage initial state","Chrome","Tue Jun 02 21:58:04 UTC 2026","skipped","Tue Jun 02 21:58:04 UTC 2026","Percy Visual Regression – Production > Percy – mobile (375×667)","","",""
"","1","Utility Functions paintWheelPixel sets alpha to 0 when dist > r (outside circle)","","Tue Jun 02 21:30:00 UTC 2026","passed","Tue Jun 02 21:30:00 UTC 2026","","Utility Functions","Utility Functions paintWheelPixel sets alpha to 0 when dist > r (outside circle)",""
"","0","Utility Functions rgbToHsl g max with b>r (#00ff80) → h near 150","","Tue Jun 02 21:30:00 UTC 2026","passed","Tue Jun 02 21:30:00 UTC 2026","","Utility Functions","Utility Functions rgbToHsl g max with b>r (#00ff80) → h near 150",""
"","7","Server Unit Tests GET /api/colors/:name returns Turquoise color correctly","","Tue Jun 02 21:36:01 UTC 2026","passed","Tue Jun 02 21:36:01 UTC 2026","","Server Unit Tests","Server Unit Tests GET /api/colors/:name returns Turquoise color correctly",""
"","1161","should load the application and verify core functionality across browsers","Chrome","Tue Jun 02 22:15:29 UTC 2026","passed","Tue Jun 02 22:15:30 UTC 2026","Cross-Browser Core Functionality","","",""
"","0","Utility Functions rgbToHsl r max with g<b (#ff0040) → h near 345","","Tue Jun 02 21:30:00 UTC 2026","passed","Tue Jun 02 21:30:00 UTC 2026","","Utility Functions","Utility Functions rgbToHsl r max with g<b (#ff0040) → h near 345",""
"","13","Component Tests ConfirmDialog cancelLabel prop is reflected in the button text","","Tue Jun 02 21:30:00 UTC 2026","passed","Tue Jun 02 21:30:00 UTC 2026","","Component Tests","Component Tests ConfirmDialog cancelLabel prop is reflected in the button text",""
"","0","Utility Functions hslToRgb hue=59 stays in sector 0","","Tue Jun 02 21:30:00 UTC 2026","passed","Tue Jun 02 21:30:00 UTC 2026","","Utility Functions","Utility Functions hslToRgb hue=59 stays in sector 0",""
"","1340","shows 409 duplicate error from server inside the picker","Chrome","Tue Jun 02 22:15:18 UTC 2026","passed","Tue Jun 02 22:15:20 UTC 2026","Color Management — Add & Delete","","",""
"","723","should handle fetch colors network failure gracefully","Chrome","Tue Jun 02 22:15:31 UTC 2026","passed","Tue Jun 02 22:15:32 UTC 2026","UI Error Handling Coverage","","",""
"","45","should reject empty name","Chrome","Tue Jun 02 22:15:12 UTC 2026","passed","Tue Jun 02 22:15:12 UTC 2026","Backend API Integration > POST /api/colors Schema Validation","","",""
"","1124","verify Red ( #e74c3c ) is applied as the background color","Chrome","Tue Jun 02 22:15:24 UTC 2026","passed","Tue Jun 02 22:15:26 UTC 2026","Background color tests","","",""
"","0","Utility Functions rgbToHsl black [0,0,0] → h=0, s=0, l=0","","Tue Jun 02 21:30:00 UTC 2026","passed","Tue Jun 02 21:30:00 UTC 2026","","Utility Functions","Utility Functions rgbToHsl black [0,0,0] → h=0, s=0, l=0",""
"","4","Server Unit Tests POST /api/colors returns 400 when hex is missing","","Tue Jun 02 21:36:01 UTC 2026","passed","Tue Jun 02 21:36:01 UTC 2026","","Server Unit Tests","Server Unit Tests POST /api/colors returns 400 when hex is missing",""
"","23","Server Unit Tests Surviving Mutants & Edge Cases Regex & Validation STRICT_NAME_REGEX is strict on forbidden special characters in the middle","","Tue Jun 02 21:36:01 UTC 2026","passed","Tue Jun 02 21:36:01 UTC 2026","","Server Unit Tests","Server Unit Tests Surviving Mutants & Edge Cases Regex & Validation STRICT_NAME_REGEX is strict on forbidden special characters in the middle",""
"","0","Utility Functions paintWheelPixel paints red at right edge (dx=r, dy=0, hue=0)","","Tue Jun 02 21:30:00 UTC 2026","passed","Tue Jun 02 21:30:00 UTC 2026","","Utility Functions","Utility Functions paintWheelPixel paints red at right edge (dx=r, dy=0, hue=0)",""
"","4","Server Unit Tests 405 Method Not Allowed returns 405 for PATCH on /api/colors/:name","","Tue Jun 02 21:36:01 UTC 2026","passed","Tue Jun 02 21:36:01 UTC 2026","","Server Unit Tests","Server Unit Tests 405 Method Not Allowed returns 405 for PATCH on /api/colors/:name",""
"","0","Utility Functions hslToRgb hue=90 (chartreuse) → [128,255,0]","","Tue Jun 02 21:30:00 UTC 2026","passed","Tue Jun 02 21:30:00 UTC 2026","","Utility Functions","Utility Functions hslToRgb hue=90 (chartreuse) → [128,255,0]",""
"","29","Frontend Unit Tests App Component labelFor returns translation for known color (Turquoise)","","Tue Jun 02 21:30:00 UTC 2026","passed","Tue Jun 02 21:30:00 UTC 2026","","Frontend Unit Tests","Frontend Unit Tests App Component labelFor returns translation for known color (Turquoise)",""
"","4","Server Unit Tests OpenAPI endpoints has exact application/json content-type","","Tue Jun 02 21:36:01 UTC 2026","passed","Tue Jun 02 21:36:01 UTC 2026","","Server Unit Tests","Server Unit Tests OpenAPI endpoints has exact application/json content-type",""
"","887","verify Red ( #e74c3c ) is applied as the background color","Chrome","Tue Jun 02 22:15:35 UTC 2026","passed","Tue Jun 02 22:15:36 UTC 2026","POM Refactored: Background color tests","","",""
"","4","Server Unit Tests Surviving Mutants & Edge Cases Mongoose Schema & Persistence kills empty schema mutant by verifying field persistence","","Tue Jun 02 21:36:01 UTC 2026","passed","Tue Jun 02 21:36:01 UTC 2026","","Server Unit Tests","Server Unit Tests Surviving Mutants & Edge Cases Mongoose Schema & Persistence kills empty schema mutant by verifying field persistence",""
"","12","Server Unit Tests POST /api/reseed returns 200 and reseeds the database with a valid token","","Tue Jun 02 21:36:01 UTC 2026","passed","Tue Jun 02 21:36:01 UTC 2026","","Server Unit Tests","Server Unit Tests POST /api/reseed returns 200 and reseeds the database with a valid token",""
"","5","Server Unit Tests Middleware includes CORS headers","","Tue Jun 02 21:36:01 UTC 2026","passed","Tue Jun 02 21:36:01 UTC 2026","","Server Unit Tests","Server Unit Tests Middleware includes CORS headers",""
"","10","Server Integration Tests (Testcontainers) GET /api/colors/:name should return correct data for Red","","Tue Jun 02 21:30:32 UTC 2026","passed","Tue Jun 02 21:30:32 UTC 2026","","Server Integration Tests (Testcontainers)","Server Integration Tests (Testcontainers) GET /api/colors/:name should return correct data for Red",""
"","7","Component Tests ColorPicker falls back to window resize listener when ResizeObserver is not available","","Tue Jun 02 21:30:00 UTC 2026","passed","Tue Jun 02 21:30:00 UTC 2026","","Utility Functions","Component Tests ColorPicker falls back to window resize listener when ResizeObserver is not available",""
"","21","Component Tests ColorPicker touchmove while dragging updates hex","","Tue Jun 02 21:30:00 UTC 2026","passed","Tue Jun 02 21:30:00 UTC 2026","","Utility Functions","Component Tests ColorPicker touchmove while dragging updates hex",""
"","22","Component Tests ColorPicker touchend stops dragging (touchmove after touchend is ignored)","","Tue Jun 02 21:30:00 UTC 2026","passed","Tue Jun 02 21:30:00 UTC 2026","","Utility Functions","Component Tests ColorPicker touchend stops dragging (touchmove after touchend is ignored)",""
"","4","Component Tests ConfirmDialog backdrop click does NOT call onCancel when busy","","Tue Jun 02 21:30:00 UTC 2026","passed","Tue Jun 02 21:30:00 UTC 2026","","Component Tests","Component Tests ConfirmDialog backdrop click does NOT call onCancel when busy",""
"","6","Server Unit Tests PUT /api/colors/:name does not change name when updating only hex","","Tue Jun 02 21:36:01 UTC 2026","passed","Tue Jun 02 21:36:01 UTC 2026","","Server Unit Tests","Server Unit Tests PUT /api/colors/:name does not change name when updating only hex",""
"","1256","shows client-side validation error for invalid name chars","Chrome","Tue Jun 02 22:15:18 UTC 2026","passed","Tue Jun 02 22:15:19 UTC 2026","Color Management — Add & Delete","","",""
"","876","homepage should match snapshot","Chrome","Tue Jun 02 21:58:01 UTC 2026","passed","Tue Jun 02 21:58:02 UTC 2026","Visual Regression – iphone-se (375×667)","","",""
"","820","Example #1","BDD","Tue Jun 02 21:55:59 UTC 2026","passed","Tue Jun 02 21:55:59 UTC 2026","Language Switching > Switch language and verify translated UI labels","","",""
"","46","Component Tests ColorPicker mousemove while dragging updates hex (dragging.current=true kills mutation)","","Tue Jun 02 21:30:00 UTC 2026","passed","Tue Jun 02 21:30:00 UTC 2026","","Utility Functions","Component Tests ColorPicker mousemove while dragging updates hex (dragging.current=true kills mutation)",""
"","793","should handle missing image gracefully by showing alt text","Chrome","Tue Jun 02 22:15:33 UTC 2026","passed","Tue Jun 02 22:15:33 UTC 2026","Network Mocking & Interception","","",""
"","4","Server Unit Tests Surviving Mutants & Edge Cases Logs seedDatabase logs success message","","Tue Jun 02 21:36:01 UTC 2026","passed","Tue Jun 02 21:36:01 UTC 2026","","Server Unit Tests","Server Unit Tests Surviving Mutants & Edge Cases Logs seedDatabase logs success message",""
"","24","Component Tests ColorPicker mousedown at left-center (hue=180) sets hex to #00ffff","","Tue Jun 02 21:30:00 UTC 2026","passed","Tue Jun 02 21:30:00 UTC 2026","","Utility Functions","Component Tests ColorPicker mousedown at left-center (hue=180) sets hex to #00ffff",""
"","36","should reject updating with empty name","Chrome","Tue Jun 02 22:15:13 UTC 2026","passed","Tue Jun 02 22:15:13 UTC 2026","Backend API Integration > PUT /api/colors/:name Schema Validation","","",""
"","26","Server Integration Tests (Testcontainers) Concurrent writes should handle simultaneous POSTs with the same name — exactly one succeeds","","Tue Jun 02 21:30:32 UTC 2026","passed","Tue Jun 02 21:30:32 UTC 2026","","Server Integration Tests (Testcontainers)","Server Integration Tests (Testcontainers) Concurrent writes should handle simultaneous POSTs with the same name — exactly one succeeds",""
"","4","Server Unit Tests Surviving Mutants & Edge Cases Swagger JSDoc Integration kills apis array mutants by verifying JSDoc content is present","","Tue Jun 02 21:36:01 UTC 2026","passed","Tue Jun 02 21:36:01 UTC 2026","","Server Unit Tests","Server Unit Tests Surviving Mutants & Edge Cases Swagger JSDoc Integration kills apis array mutants by verifying JSDoc content is present",""
"","144","X-Powered-By header is not exposed","Chrome","Tue Jun 02 22:15:39 UTC 2026","passed","Tue Jun 02 22:15:39 UTC 2026","Security > Security Headers","","",""
"","1","Utility Functions hslToRgb saturation clamped: s=-0.5 treated as s=0","","Tue Jun 02 21:30:00 UTC 2026","passed","Tue Jun 02 21:30:00 UTC 2026","","Utility Functions","Utility Functions hslToRgb saturation clamped: s=-0.5 treated as s=0",""
"","9","Component Tests ConfirmDialog dialog has correct ARIA attributes","","Tue Jun 02 21:30:00 UTC 2026","passed","Tue Jun 02 21:30:00 UTC 2026","","Component Tests","Component Tests ConfirmDialog dialog has correct ARIA attributes",""
"","11","Server Integration Tests (Testcontainers) POST /api/colors should accept a single alphanumeric character as a name","","Tue Jun 02 21:30:32 UTC 2026","passed","Tue Jun 02 21:30:32 UTC 2026","","Server Integration Tests (Testcontainers)","Server Integration Tests (Testcontainers) POST /api/colors should accept a single alphanumeric character as a name",""
"","1000","homepage should match snapshot","Chrome","Tue Jun 02 21:58:01 UTC 2026","passed","Tue Jun 02 21:58:02 UTC 2026","Visual Regression – tablet (768×1024)","","",""
"","4","Server Unit Tests POST /api/colors returns 400 for completely empty body","","Tue Jun 02 21:36:01 UTC 2026","passed","Tue Jun 02 21:36:01 UTC 2026","","Server Unit Tests","Server Unit Tests POST /api/colors returns 400 for completely empty body",""
"","9","Server Unit Tests GET /api/colors/:name returns a single color by name with correct fields","","Tue Jun 02 21:36:01 UTC 2026","passed","Tue Jun 02 21:36:01 UTC 2026","","Server Unit Tests","Server Unit Tests GET /api/colors/:name returns a single color by name with correct fields",""
"","0","Utility Functions paintWheelPixel paints grey at center (dx=0, dy=0, dist=0, sat=0)","","Tue Jun 02 21:30:00 UTC 2026","passed","Tue Jun 02 21:30:00 UTC 2026","","Utility Functions","Utility Functions paintWheelPixel paints grey at center (dx=0, dy=0, dist=0, sat=0)",""
"","824","should display all core elements and handle button interaction","Chrome","Tue Jun 02 21:58:03 UTC 2026","passed","Tue Jun 02 21:58:04 UTC 2026","Responsive Design – iPhone landscape (667×375)","","",""
"","57","Frontend Unit Tests App Component renders title, logo, and calls initial fetch","","Tue Jun 02 21:30:00 UTC 2026","passed","Tue Jun 02 21:30:00 UTC 2026","","Frontend Unit Tests","Frontend Unit Tests App Component renders title, logo, and calls initial fetch",""
"","0","Utility Functions hslToRgb lightness clamped: l=1.5 gives white","","Tue Jun 02 21:30:00 UTC 2026","passed","Tue Jun 02 21:30:00 UTC 2026","","Utility Functions","Utility Functions hslToRgb lightness clamped: l=1.5 gives white",""
"","6","Server Unit Tests POST /api/colors returns 409 for a duplicate color name with descriptive error","","Tue Jun 02 21:36:01 UTC 2026","passed","Tue Jun 02 21:36:01 UTC 2026","","Server Unit Tests","Server Unit Tests POST /api/colors returns 409 for a duplicate color name with descriptive error",""
"","15","Server Integration Tests (Testcontainers) GET /api/colors should not expose _id or __v fields","","Tue Jun 02 21:30:32 UTC 2026","passed","Tue Jun 02 21:30:32 UTC 2026","","Server Integration Tests (Testcontainers)","Server Integration Tests (Testcontainers) GET /api/colors should not expose _id or __v fields",""
"","8","Server Unit Tests Error Handling PUT /api/colors/:name returns 500 when database fails","","Tue Jun 02 21:36:01 UTC 2026","passed","Tue Jun 02 21:36:01 UTC 2026","","Server Unit Tests","Server Unit Tests Error Handling PUT /api/colors/:name returns 500 when database fails",""
"","753","first color chip is active on load (aria-pressed=true)","Chrome","Tue Jun 02 22:15:13 UTC 2026","passed","Tue Jun 02 22:15:14 UTC 2026","Color Management — Add & Delete","","",""
"","11","Server Unit Tests GET /api/colors returns an empty array when no colors exist","","Tue Jun 02 21:36:01 UTC 2026","passed","Tue Jun 02 21:36:01 UTC 2026","","Server Unit Tests","Server Unit Tests GET /api/colors returns an empty array when no colors exist",""
"","66","Frontend Unit Tests App Component handles non-array initial fetch response gracefully","","Tue Jun 02 21:30:00 UTC 2026","passed","Tue Jun 02 21:30:00 UTC 2026","","Frontend Unit Tests","Frontend Unit Tests App Component handles non-array initial fetch response gracefully",""
"","1036","should handle color click network failure gracefully","Chrome","Tue Jun 02 22:15:32 UTC 2026","passed","Tue Jun 02 22:15:33 UTC 2026","UI Error Handling Coverage","","",""
"","57","Frontend Unit Tests App Component handleColorClick clears previous error on new successful click","","Tue Jun 02 21:30:00 UTC 2026","passed","Tue Jun 02 21:30:00 UTC 2026","","Frontend Unit Tests","Frontend Unit Tests App Component handleColorClick clears previous error on new successful click",""
"","787","chip-x click opens confirm dialog with color name","Chrome","Tue Jun 02 22:15:20 UTC 2026","passed","Tue Jun 02 22:15:20 UTC 2026","Color Management — Add & Delete","","",""
"","19","Frontend Unit Tests App Component colors.length > 0 does NOT show loading text","","Tue Jun 02 21:30:00 UTC 2026","passed","Tue Jun 02 21:30:00 UTC 2026","","Frontend Unit Tests","Frontend Unit Tests App Component colors.length > 0 does NOT show loading text",""
"","0","Utility Functions hexToRgb returns null for invalid input","","Tue Jun 02 21:30:00 UTC 2026","passed","Tue Jun 02 21:30:00 UTC 2026","","Utility Functions","Utility Functions hexToRgb returns null for invalid input",""
"","0","homepage after color change","Chrome","Tue Jun 02 21:58:04 UTC 2026","skipped","Tue Jun 02 21:58:04 UTC 2026","Percy Visual Regression – Production > Percy – desktop-xl (1920×1080)","","",""
"","9","Server Unit Tests DELETE /api/colors/:name cannot delete the same color twice","","Tue Jun 02 21:36:01 UTC 2026","passed","Tue Jun 02 21:36:01 UTC 2026","","Server Unit Tests","Server Unit Tests DELETE /api/colors/:name cannot delete the same color twice",""
"","21","Component Tests ColorPicker touch start on canvas sets hex to #ff0000 at right edge","","Tue Jun 02 21:30:00 UTC 2026","passed","Tue Jun 02 21:30:00 UTC 2026","","Utility Functions","Component Tests ColorPicker touch start on canvas sets hex to #ff0000 at right edge",""
"","155","GET /api/colors/Yellow should return the correct hex code","Chrome","Tue Jun 02 22:15:11 UTC 2026","passed","Tue Jun 02 22:15:12 UTC 2026","Backend API Integration","","",""
"","4","Server Unit Tests DELETE /api/colors/:name returns 400 for invalid name in path (regex check)","","Tue Jun 02 21:36:01 UTC 2026","passed","Tue Jun 02 21:36:01 UTC 2026","","Server Unit Tests","Server Unit Tests DELETE /api/colors/:name returns 400 for invalid name in path (regex check)",""
"","24","Server Integration Tests (Testcontainers) seedDatabase should clear custom colors when re-seeded","","Tue Jun 02 21:30:32 UTC 2026","passed","Tue Jun 02 21:30:32 UTC 2026","","Server Integration Tests (Testcontainers)","Server Integration Tests (Testcontainers) seedDatabase should clear custom colors when re-seeded",""
"","0","Utility Functions rgbToHex converts pure blue","","Tue Jun 02 21:30:00 UTC 2026","passed","Tue Jun 02 21:30:00 UTC 2026","","Utility Functions","Utility Functions rgbToHex converts pure blue",""
"","27","Component Tests ColorPicker valid submit calls onConfirm with trimmed name and current hex","","Tue Jun 02 21:30:00 UTC 2026","passed","Tue Jun 02 21:30:00 UTC 2026","","Utility Functions","Component Tests ColorPicker valid submit calls onConfirm with trimmed name and current hex",""
"","42","Frontend Unit Tests App Component add color 409 fallback message when data.error is absent","","Tue Jun 02 21:30:00 UTC 2026","passed","Tue Jun 02 21:30:00 UTC 2026","","Frontend Unit Tests","Frontend Unit Tests App Component add color 409 fallback message when data.error is absent",""
"","1562","successfully adds a new color and shows its chip","Chrome","Tue Jun 02 22:15:16 UTC 2026","passed","Tue Jun 02 22:15:18 UTC 2026","Color Management — Add & Delete","","",""
"","44","Frontend Unit Tests App Component handleColorClick shows error alert on fetch failure","","Tue Jun 02 21:30:00 UTC 2026","passed","Tue Jun 02 21:30:00 UTC 2026","","Frontend Unit Tests","Frontend Unit Tests App Component handleColorClick shows error alert on fetch failure",""
"","0","homepage after color change","Chrome","Tue Jun 02 21:58:04 UTC 2026","skipped","Tue Jun 02 21:58:04 UTC 2026","Percy Visual Regression – Production > Percy – mobile (375×667)","","",""
"","0","Utility Functions rgbToHex value 15 pads to 0f","","Tue Jun 02 21:30:00 UTC 2026","passed","Tue Jun 02 21:30:00 UTC 2026","","Utility Functions","Utility Functions rgbToHex value 15 pads to 0f",""
"","4","Server Unit Tests Surviving Mutants & Edge Cases PUT logic kills refine mutant by sending empty body","","Tue Jun 02 21:36:01 UTC 2026","passed","Tue Jun 02 21:36:01 UTC 2026","","Server Unit Tests","Server Unit Tests Surviving Mutants & Edge Cases PUT logic kills refine mutant by sending empty body",""
"","14","Component Tests ColorPicker typing red with g<b hex updates internal state","","Tue Jun 02 21:30:00 UTC 2026","passed","Tue Jun 02 21:30:00 UTC 2026","","Utility Functions","Component Tests ColorPicker typing red with g<b hex updates internal state",""
"","10","Server Integration Tests (Testcontainers) POST /api/colors should not expose _id or __v in the creation response","","Tue Jun 02 21:30:32 UTC 2026","passed","Tue Jun 02 21:30:32 UTC 2026","","Server Integration Tests (Testcontainers)","Server Integration Tests (Testcontainers) POST /api/colors should not expose _id or __v in the creation response",""
"","8","Server Integration Tests (Testcontainers) POST /api/colors should return 400 when name is missing","","Tue Jun 02 21:30:32 UTC 2026","passed","Tue Jun 02 21:30:32 UTC 2026","","Server Integration Tests (Testcontainers)","Server Integration Tests (Testcontainers) POST /api/colors should return 400 when name is missing",""
"","3","Server Unit Tests Surviving Mutants & Edge Cases Mongoose Schema Strictness kills empty schema mutant by checking schema paths","","Tue Jun 02 21:36:01 UTC 2026","passed","Tue Jun 02 21:36:01 UTC 2026","","Server Unit Tests","Server Unit Tests Surviving Mutants & Edge Cases Mongoose Schema Strictness kills empty schema mutant by checking schema paths",""
"","7","Server Integration Tests (Testcontainers) POST /api/reseed should return 401 when token is invalid","","Tue Jun 02 21:30:32 UTC 2026","passed","Tue Jun 02 21:30:32 UTC 2026","","Server Integration Tests (Testcontainers)","Server Integration Tests (Testcontainers) POST /api/reseed should return 401 when token is invalid",""
"","43","Server Unit Tests GET /api/colors returns all seeded colors with correct names and hex values","","Tue Jun 02 21:36:01 UTC 2026","passed","Tue Jun 02 21:36:01 UTC 2026","","Server Unit Tests","Server Unit Tests GET /api/colors returns all seeded colors with correct names and hex values",""
"","7","Server Integration Tests (Testcontainers) POST /api/reseed should return 405 for GET on /api/reseed","","Tue Jun 02 21:30:32 UTC 2026","passed","Tue Jun 02 21:30:32 UTC 2026","","Server Integration Tests (Testcontainers)","Server Integration Tests (Testcontainers) POST /api/reseed should return 405 for GET on /api/reseed",""
"","33","Component Tests ColorPicker typing in name input clears name error","","Tue Jun 02 21:30:00 UTC 2026","passed","Tue Jun 02 21:30:00 UTC 2026","","Utility Functions","Component Tests ColorPicker typing in name input clears name error",""
"","11","Server Integration Tests (Testcontainers) POST /api/colors should accept a color name containing spaces","","Tue Jun 02 21:30:32 UTC 2026","passed","Tue Jun 02 21:30:32 UTC 2026","","Server Integration Tests (Testcontainers)","Server Integration Tests (Testcontainers) POST /api/colors should accept a color name containing spaces",""
"","4","Component Tests ConfirmDialog title is rendered in the element with id confirm-title","","Tue Jun 02 21:30:00 UTC 2026","passed","Tue Jun 02 21:30:00 UTC 2026","","Component Tests","Component Tests ConfirmDialog title is rendered in the element with id confirm-title",""
"Performance Test: UI Performance Test
File: ui-performance.spec.ts
Total Iterations: 1
Max VUs: 1

HTTP Request Duration:
- Avg: 4.02ms
- P(95): 4.02ms
- Max: 4.02ms

Full metrics attached in the results.","38654","UI Performance Test","Performance","Tue Jun 02 21:42:56 UTC 2026","passed","Tue Jun 02 21:43:35 UTC 2026","ui-performance.spec.ts","UI Performance Test","",""
"","45","NoSQL operator in GET path param is rejected (400 or 404)","Chrome","Tue Jun 02 22:15:39 UTC 2026","passed","Tue Jun 02 22:15:39 UTC 2026","Security > Injection Prevention","","",""
"","117","should reject omitting both name and hex on update","Chrome","Tue Jun 02 22:15:13 UTC 2026","passed","Tue Jun 02 22:15:13 UTC 2026","Backend API Integration > PUT /api/colors/:name Schema Validation","","",""
"","153","GET /api/colors should return colors sorted alphabetically by name","Chrome","Tue Jun 02 22:15:12 UTC 2026","passed","Tue Jun 02 22:15:12 UTC 2026","Backend API Integration","","",""
"","52","Frontend Unit Tests App Component saving is false again after a failed add (finally block)","","Tue Jun 02 21:30:00 UTC 2026","passed","Tue Jun 02 21:30:00 UTC 2026","","Frontend Unit Tests","Frontend Unit Tests App Component saving is false again after a failed add (finally block)",""
"","97","oversized payload is rejected (413)","Chrome","Tue Jun 02 22:15:39 UTC 2026","passed","Tue Jun 02 22:15:39 UTC 2026","Security > Input Validation","","",""
"","13","Server Unit Tests Surviving Mutants & Edge Cases Regex & Validation STRICT_NAME_REGEX kills mutants on optionality and length","","Tue Jun 02 21:36:01 UTC 2026","passed","Tue Jun 02 21:36:01 UTC 2026","","Server Unit Tests","Server Unit Tests Surviving Mutants & Edge Cases Regex & Validation STRICT_NAME_REGEX kills mutants on optionality and length",""
"","5","Server Unit Tests PUT /api/colors/:name returns 404 for a non-existent color","","Tue Jun 02 21:36:01 UTC 2026","passed","Tue Jun 02 21:36:01 UTC 2026","","Server Unit Tests","Server Unit Tests PUT /api/colors/:name returns 404 for a non-existent color",""
"","5","Frontend Unit Tests App Component initial default background before fetch resolves","","Tue Jun 02 21:30:00 UTC 2026","passed","Tue Jun 02 21:30:00 UTC 2026","","Frontend Unit Tests","Frontend Unit Tests App Component initial default background before fetch resolves",""
"","25","Frontend Unit Tests App Component text color on light background is dark","","Tue Jun 02 21:30:00 UTC 2026","passed","Tue Jun 02 21:30:00 UTC 2026","","Frontend Unit Tests","Frontend Unit Tests App Component text color on light background is dark",""
"","6","Server Unit Tests PUT /api/colors/:name updates both name and hex simultaneously","","Tue Jun 02 21:36:01 UTC 2026","passed","Tue Jun 02 21:36:01 UTC 2026","","Server Unit Tests","Server Unit Tests PUT /api/colors/:name updates both name and hex simultaneously",""
"","11","Frontend Unit Tests App Component shows loading text when colors array is empty","","Tue Jun 02 21:30:00 UTC 2026","passed","Tue Jun 02 21:30:00 UTC 2026","","Frontend Unit Tests","Frontend Unit Tests App Component shows loading text when colors array is empty",""
"","44","PATCH /api/colors/:name returns 405","Chrome","Tue Jun 02 22:15:39 UTC 2026","passed","Tue Jun 02 22:15:39 UTC 2026","Security > HTTP Method Restrictions","","",""
"","1","Utility Functions hslToRgb hue=360 wraps to hue=0 → [255,0,0]","","Tue Jun 02 21:30:00 UTC 2026","passed","Tue Jun 02 21:30:00 UTC 2026","","Utility Functions","Utility Functions hslToRgb hue=360 wraps to hue=0 → [255,0,0]",""
"","13","Component Tests ColorPicker non-Enter key on name input does not trigger submit","","Tue Jun 02 21:30:00 UTC 2026","passed","Tue Jun 02 21:30:00 UTC 2026","","Utility Functions","Component Tests ColorPicker non-Enter key on name input does not trigger submit",""
"","1","Frontend Unit Tests i18n Configuration should have defined resources for en, es, el","","Tue Jun 02 21:30:02 UTC 2026","passed","Tue Jun 02 21:30:02 UTC 2026","","Frontend Unit Tests","Frontend Unit Tests i18n Configuration should have defined resources for en, es, el",""
"","13","Component Tests ColorPicker Cancel button is disabled when saving=true","","Tue Jun 02 21:30:00 UTC 2026","passed","Tue Jun 02 21:30:00 UTC 2026","","Utility Functions","Component Tests ColorPicker Cancel button is disabled when saving=true",""
"","1","Frontend Unit Tests i18n Configuration should be initialized with correct settings","","Tue Jun 02 21:30:02 UTC 2026","passed","Tue Jun 02 21:30:02 UTC 2026","","Frontend Unit Tests","Frontend Unit Tests i18n Configuration should be initialized with correct settings",""
"","3","Component Tests ConfirmDialog Escape key does NOT call onCancel when busy","","Tue Jun 02 21:30:00 UTC 2026","passed","Tue Jun 02 21:30:00 UTC 2026","","Component Tests","Component Tests ConfirmDialog Escape key does NOT call onCancel when busy",""
"","1176","Cancel button closes the picker","Chrome","Tue Jun 02 22:15:15 UTC 2026","passed","Tue Jun 02 22:15:16 UTC 2026","Color Management — Add & Delete","","",""
"","7","Server Unit Tests OpenAPI endpoints serves Swagger UI as HTML","","Tue Jun 02 21:36:01 UTC 2026","passed","Tue Jun 02 21:36:01 UTC 2026","","Server Unit Tests","Server Unit Tests OpenAPI endpoints serves Swagger UI as HTML",""
"","0","Utility Functions hexToRgb parses hex without the leading #","","Tue Jun 02 21:30:00 UTC 2026","passed","Tue Jun 02 21:30:00 UTC 2026","","Utility Functions","Utility Functions hexToRgb parses hex without the leading #",""
"","11","Server Integration Tests (Testcontainers) GET /api/colors should return colors sorted alphabetically by name","","Tue Jun 02 21:30:32 UTC 2026","passed","Tue Jun 02 21:30:32 UTC 2026","","Server Integration Tests (Testcontainers)","Server Integration Tests (Testcontainers) GET /api/colors should return colors sorted alphabetically by name",""
"","26","Server Unit Tests POST /api/colors creates a new color and returns 201 with correct body","","Tue Jun 02 21:36:01 UTC 2026","passed","Tue Jun 02 21:36:01 UTC 2026","","Server Unit Tests","Server Unit Tests POST /api/colors creates a new color and returns 201 with correct body",""
"","49","Frontend Unit Tests App Component deleting the active color switches background to the first remaining","","Tue Jun 02 21:30:00 UTC 2026","passed","Tue Jun 02 21:30:00 UTC 2026","","Frontend Unit Tests","Frontend Unit Tests App Component deleting the active color switches background to the first remaining",""
"","8","Component Tests ColorPicker editing name input calls onClearError to clear server error","","Tue Jun 02 21:30:00 UTC 2026","passed","Tue Jun 02 21:30:00 UTC 2026","","Utility Functions","Component Tests ColorPicker editing name input calls onClearError to clear server error",""
"","9","Component Tests ColorPicker wheel cursor moves to (220,110) after right-edge click (hue=0, sat=1)","","Tue Jun 02 21:30:00 UTC 2026","passed","Tue Jun 02 21:30:00 UTC 2026","","Utility Functions","Component Tests ColorPicker wheel cursor moves to (220,110) after right-edge click (hue=0, sat=1)",""
"","8","Server Integration Tests (Testcontainers) PUT /api/colors/:name should return 400 when update body is empty","","Tue Jun 02 21:30:32 UTC 2026","passed","Tue Jun 02 21:30:32 UTC 2026","","Server Integration Tests (Testcontainers)","Server Integration Tests (Testcontainers) PUT /api/colors/:name should return 400 when update body is empty",""
"","13","Component Tests ColorPicker Add color button shows ""Saving…"" when saving=true","","Tue Jun 02 21:30:00 UTC 2026","passed","Tue Jun 02 21:30:00 UTC 2026","","Utility Functions","Component Tests ColorPicker Add color button shows ""Saving…"" when saving=true",""
"","58","Component Tests ColorPicker editing name does NOT call onClearError when no serverError","","Tue Jun 02 21:30:00 UTC 2026","passed","Tue Jun 02 21:30:00 UTC 2026","","Utility Functions","Component Tests ColorPicker editing name does NOT call onClearError when no serverError",""
"","7","Server Unit Tests 405 Method Not Allowed does not return 405 for allowed POST method on /api/colors","","Tue Jun 02 21:36:01 UTC 2026","passed","Tue Jun 02 21:36:01 UTC 2026","","Server Unit Tests","Server Unit Tests 405 Method Not Allowed does not return 405 for allowed POST method on /api/colors",""
"","1418","verify Yellow ( #f1c40f ) is applied as the background color","Chrome","Tue Jun 02 22:15:25 UTC 2026","passed","Tue Jun 02 22:15:27 UTC 2026","Background color tests","","",""
"","20","Component Tests ColorPicker mousedown outside circle clamps sat to 1","","Tue Jun 02 21:30:00 UTC 2026","passed","Tue Jun 02 21:30:00 UTC 2026","","Utility Functions","Component Tests ColorPicker mousedown outside circle clamps sat to 1",""
"","44","unknown extra fields in POST body are rejected (400)","Chrome","Tue Jun 02 22:15:39 UTC 2026","passed","Tue Jun 02 22:15:39 UTC 2026","Security > Input Validation","","",""
"","3","Utility Functions hslToRgb hue=0 (red) → [255,0,0]","","Tue Jun 02 21:30:00 UTC 2026","passed","Tue Jun 02 21:30:00 UTC 2026","","Utility Functions","Utility Functions hslToRgb hue=0 (red) → [255,0,0]",""
"","1261","changing color to Turquoise should reflect in UI and DOM","Chrome","Tue Jun 02 22:15:29 UTC 2026","passed","Tue Jun 02 22:15:30 UTC 2026","Data-Driven Testing","","",""
"","669","Background stays unchanged when fetching a specific color fails","BDD","Tue Jun 02 21:55:57 UTC 2026","passed","Tue Jun 02 21:55:58 UTC 2026","API Error Handling","","",""
"","49","Frontend Unit Tests App Component learn react link has correct text","","Tue Jun 02 21:30:00 UTC 2026","passed","Tue Jun 02 21:30:00 UTC 2026","","Frontend Unit Tests","Frontend Unit Tests App Component learn react link has correct text",""
"","44","Frontend Unit Tests App Component add color 501 also triggers server error message (>= 500)","","Tue Jun 02 21:30:00 UTC 2026","passed","Tue Jun 02 21:30:00 UTC 2026","","Frontend Unit Tests","Frontend Unit Tests App Component add color 501 also triggers server error message (>= 500)",""
"","5","Server Unit Tests POST /api/colors returns 400 for invalid hex format (no hash)","","Tue Jun 02 21:36:01 UTC 2026","passed","Tue Jun 02 21:36:01 UTC 2026","","Server Unit Tests","Server Unit Tests POST /api/colors returns 400 for invalid hex format (no hash)",""
"","4","Server Unit Tests PUT /api/colors/:name returns 400 for invalid name with special characters","","Tue Jun 02 21:36:01 UTC 2026","passed","Tue Jun 02 21:36:01 UTC 2026","","Server Unit Tests","Server Unit Tests PUT /api/colors/:name returns 400 for invalid name with special characters",""
"","4","Server Unit Tests Error Handling GET /api/colors returns 500 when database fails","","Tue Jun 02 21:36:01 UTC 2026","passed","Tue Jun 02 21:36:01 UTC 2026","","Server Unit Tests","Server Unit Tests Error Handling GET /api/colors returns 500 when database fails",""
"","34","Component Tests ColorPicker hex input updates hue/sat via rgbToHsl (green → hue≈120)","","Tue Jun 02 21:30:00 UTC 2026","passed","Tue Jun 02 21:30:00 UTC 2026","","Utility Functions","Component Tests ColorPicker hex input updates hue/sat via rgbToHsl (green → hue≈120)",""
"","1","Utility Functions hslToRgb hue=60 (yellow) → [255,255,0]","","Tue Jun 02 21:30:00 UTC 2026","passed","Tue Jun 02 21:30:00 UTC 2026","","Utility Functions","Utility Functions hslToRgb hue=60 (yellow) → [255,255,0]",""
"","47","NoSQL $where operator in name is rejected (400)","Chrome","Tue Jun 02 22:15:39 UTC 2026","passed","Tue Jun 02 22:15:39 UTC 2026","Security > Injection Prevention","","",""
"","385","should delete an existing color","Chrome","Tue Jun 02 22:15:13 UTC 2026","passed","Tue Jun 02 22:15:13 UTC 2026","Backend API Integration > DELETE /api/colors/:name","","",""
"","118","Frontend Unit Tests App Component clicking a color chip makes it active","","Tue Jun 02 21:30:00 UTC 2026","passed","Tue Jun 02 21:30:00 UTC 2026","","Frontend Unit Tests","Frontend Unit Tests App Component clicking a color chip makes it active",""
"","54","DELETE /api/colors/{name}","","","passed","","","schemathesis","",""
"","0","Utility Functions rgbToHex converts arbitrary color","","Tue Jun 02 21:30:00 UTC 2026","passed","Tue Jun 02 21:30:00 UTC 2026","","Utility Functions","Utility Functions rgbToHex converts arbitrary color",""
"","1","Utility Functions readableOn returns #111 for white (very light, L=1)","","Tue Jun 02 21:30:00 UTC 2026","passed","Tue Jun 02 21:30:00 UTC 2026","","Utility Functions","Utility Functions readableOn returns #111 for white (very light, L=1)",""
"","0","Utility Functions readableOn returns #111 for an invalid/empty hex string (null rgb fallback)","","Tue Jun 02 21:30:00 UTC 2026","passed","Tue Jun 02 21:30:00 UTC 2026","","Utility Functions","Utility Functions readableOn returns #111 for an invalid/empty hex string (null rgb fallback)",""
"","15","Server Unit Tests Surviving Mutants & Edge Cases Strict Path & Method Validation kills mutants that change route paths to empty string","","Tue Jun 02 21:36:01 UTC 2026","passed","Tue Jun 02 21:36:01 UTC 2026","","Server Unit Tests","Server Unit Tests Surviving Mutants & Edge Cases Strict Path & Method Validation kills mutants that change route paths to empty string",""
"","49","POST /api-docs returns 405","Chrome","Tue Jun 02 22:15:39 UTC 2026","passed","Tue Jun 02 22:15:40 UTC 2026","Security > HTTP Method Restrictions","","",""
"","29","Server Integration Tests (Testcontainers) End-to-end CRUD workflow should create, read, update, and delete a color in sequence","","Tue Jun 02 21:30:32 UTC 2026","passed","Tue Jun 02 21:30:32 UTC 2026","","Server Integration Tests (Testcontainers)","Server Integration Tests (Testcontainers) End-to-end CRUD workflow should create, read, update, and delete a color in sequence",""
"","4","Server Unit Tests Surviving Mutants & Edge Cases Swagger Metadata & OpenAPI has exact API info","","Tue Jun 02 21:36:01 UTC 2026","passed","Tue Jun 02 21:36:01 UTC 2026","","Server Unit Tests","Server Unit Tests Surviving Mutants & Edge Cases Swagger Metadata & OpenAPI has exact API info",""
"","211","GET /api/colors/Red should return the correct hex code","Chrome","Tue Jun 02 22:15:11 UTC 2026","passed","Tue Jun 02 22:15:12 UTC 2026","Backend API Integration","","",""
"","3566","should load the application and verify core functionality across browsers","WebKit","Tue Jun 02 21:56:05 UTC 2026","passed","Tue Jun 02 21:56:08 UTC 2026","Cross-Browser Core Functionality","","",""
"","1","Utility Functions rgbToHsl b max (#0040ff) → h in (180,300)","","Tue Jun 02 21:30:00 UTC 2026","passed","Tue Jun 02 21:30:00 UTC 2026","","Utility Functions","Utility Functions rgbToHsl b max (#0040ff) → h in (180,300)",""
"","4","Component Tests ConfirmDialog backdrop click calls onCancel when not busy","","Tue Jun 02 21:30:00 UTC 2026","passed","Tue Jun 02 21:30:00 UTC 2026","","Component Tests","Component Tests ConfirmDialog backdrop click calls onCancel when not busy",""
"","1380","verify Turquoise ( #1abc9c ) is applied as the background color","Chrome","Tue Jun 02 22:15:24 UTC 2026","passed","Tue Jun 02 22:15:25 UTC 2026","Background color tests","","",""
"","79","Frontend Unit Tests App Component deleting is false again after a failed delete (finally block)","","Tue Jun 02 21:30:00 UTC 2026","passed","Tue Jun 02 21:30:00 UTC 2026","","Frontend Unit Tests","Frontend Unit Tests App Component deleting is false again after a failed delete (finally block)",""
"","8761","should meet the accessibility threshold using Google Lighthouse","Chrome","Tue Jun 02 22:15:02 UTC 2026","passed","Tue Jun 02 22:15:11 UTC 2026","Accessibility Tests","","",""
"","60","GET /api/colors/{name}","","","passed","","","schemathesis","",""
"","859","Example #1","BDD","Tue Jun 02 21:55:57 UTC 2026","passed","Tue Jun 02 21:55:58 UTC 2026","Home Page Background Color > Change background color","","",""
"","6","Server Unit Tests Middleware returns 413 for payload too large","","Tue Jun 02 21:36:01 UTC 2026","passed","Tue Jun 02 21:36:01 UTC 2026","","Server Unit Tests","Server Unit Tests Middleware returns 413 for payload too large",""
"","68","Frontend Unit Tests App Component picker onCancel does nothing when saving=true","","Tue Jun 02 21:30:00 UTC 2026","passed","Tue Jun 02 21:30:00 UTC 2026","","Frontend Unit Tests","Frontend Unit Tests App Component picker onCancel does nothing when saving=true",""
"","4","Server Unit Tests Surviving Mutants & Edge Cases Swagger Metadata & OpenAPI has exact application/json content-type","","Tue Jun 02 21:36:01 UTC 2026","passed","Tue Jun 02 21:36:01 UTC 2026","","Server Unit Tests","Server Unit Tests Surviving Mutants & Edge Cases Swagger Metadata & OpenAPI has exact application/json content-type",""
"","4","Server Unit Tests POST /api/colors returns 400 for invalid hex format (too short)","","Tue Jun 02 21:36:01 UTC 2026","passed","Tue Jun 02 21:36:01 UTC 2026","","Server Unit Tests","Server Unit Tests POST /api/colors returns 400 for invalid hex format (too short)",""
"","3626","POST /api/reseed","","","passed","","","schemathesis","",""
"","13","Server Unit Tests GET /api/colors returns JSON content type","","Tue Jun 02 21:36:01 UTC 2026","passed","Tue Jun 02 21:36:01 UTC 2026","","Server Unit Tests","Server Unit Tests GET /api/colors returns JSON content type",""
"","667","Show error message when the initial colors fetch fails","BDD","Tue Jun 02 21:55:56 UTC 2026","passed","Tue Jun 02 21:55:57 UTC 2026","API Error Handling","","",""
"","937","should display colors that do not exist in the database","Chrome","Tue Jun 02 22:15:33 UTC 2026","passed","Tue Jun 02 22:15:34 UTC 2026","Network Mocking & Interception","","",""
"","9","Server Unit Tests GET /api/colors returns colors sorted alphabetically by name","","Tue Jun 02 21:36:01 UTC 2026","passed","Tue Jun 02 21:36:01 UTC 2026","","Server Unit Tests","Server Unit Tests GET /api/colors returns colors sorted alphabetically by name",""
"","0","Frontend Unit Tests i18n Configuration should have translation keys in resources","","Tue Jun 02 21:30:02 UTC 2026","passed","Tue Jun 02 21:30:02 UTC 2026","","Frontend Unit Tests","Frontend Unit Tests i18n Configuration should have translation keys in resources",""
"","5","Server Unit Tests Middleware does not include X-Powered-By header","","Tue Jun 02 21:36:01 UTC 2026","passed","Tue Jun 02 21:36:01 UTC 2026","","Server Unit Tests","Server Unit Tests Middleware does not include X-Powered-By header",""
"","1237","POST /api/colors","","","passed","","","schemathesis","",""
"","4","Server Unit Tests Error Handling GET /api/colors/:name returns 500 when database fails","","Tue Jun 02 21:36:01 UTC 2026","passed","Tue Jun 02 21:36:01 UTC 2026","","Server Unit Tests","Server Unit Tests Error Handling GET /api/colors/:name returns 500 when database fails",""
"","4","Server Unit Tests POST /api/colors rejects names with the + character (+ encodes as space in URLs, causing lookup mismatches)","","Tue Jun 02 21:36:01 UTC 2026","passed","Tue Jun 02 21:36:01 UTC 2026","","Server Unit Tests","Server Unit Tests POST /api/colors rejects names with the + character (+ encodes as space in URLs, causing lookup mismatches)",""
"","33","Frontend Unit Tests App Component clicking chip-x opens confirm dialog with color name and swatch","","Tue Jun 02 21:30:00 UTC 2026","passed","Tue Jun 02 21:30:00 UTC 2026","","Frontend Unit Tests","Frontend Unit Tests App Component clicking chip-x opens confirm dialog with color name and swatch",""
"","15","Component Tests ConfirmDialog confirmLabel prop is reflected in the button text","","Tue Jun 02 21:30:00 UTC 2026","passed","Tue Jun 02 21:30:00 UTC 2026","","Component Tests","Component Tests ConfirmDialog confirmLabel prop is reflected in the button text",""
"","4","Server Unit Tests POST /api/colors returns 400 for name with only spaces","","Tue Jun 02 21:36:01 UTC 2026","passed","Tue Jun 02 21:36:01 UTC 2026","","Server Unit Tests","Server Unit Tests POST /api/colors returns 400 for name with only spaces",""
"","171","Component Tests ColorPicker renders the modal with title, hex preview, name and hex inputs","","Tue Jun 02 21:30:00 UTC 2026","passed","Tue Jun 02 21:30:00 UTC 2026","","Utility Functions","Component Tests ColorPicker renders the modal with title, hex preview, name and hex inputs",""
"","13","Server Unit Tests Error Handling POST /api/colors returns 500 when database fails (findOne)","","Tue Jun 02 21:36:01 UTC 2026","passed","Tue Jun 02 21:36:01 UTC 2026","","Server Unit Tests","Server Unit Tests Error Handling POST /api/colors returns 500 when database fails (findOne)",""
"","3","Server Unit Tests POST /api/reseed returns 401 when Bearer scheme prefix is missing","","Tue Jun 02 21:36:01 UTC 2026","passed","Tue Jun 02 21:36:01 UTC 2026","","Server Unit Tests","Server Unit Tests POST /api/reseed returns 401 when Bearer scheme prefix is missing",""
"","6","Server Unit Tests GET /api/colors/:name is case-sensitive","","Tue Jun 02 21:36:01 UTC 2026","passed","Tue Jun 02 21:36:01 UTC 2026","","Server Unit Tests","Server Unit Tests GET /api/colors/:name is case-sensitive",""
"","5","Server Unit Tests POST /api/reseed returns 405 for PUT on /api/reseed","","Tue Jun 02 21:36:01 UTC 2026","passed","Tue Jun 02 21:36:01 UTC 2026","","Server Unit Tests","Server Unit Tests POST /api/reseed returns 405 for PUT on /api/reseed",""
"","19","Component Tests ColorPicker typing a valid hex without # prefix is accepted","","Tue Jun 02 21:30:00 UTC 2026","passed","Tue Jun 02 21:30:00 UTC 2026","","Utility Functions","Component Tests ColorPicker typing a valid hex without # prefix is accepted",""
"","46","empty body on POST returns 400","Chrome","Tue Jun 02 22:15:39 UTC 2026","passed","Tue Jun 02 22:15:39 UTC 2026","Security > Input Validation","","",""
"","5","Frontend Unit Tests App Component language selector change calls i18n and updates html lang","","Tue Jun 02 21:30:00 UTC 2026","passed","Tue Jun 02 21:30:00 UTC 2026","","Frontend Unit Tests","Frontend Unit Tests App Component language selector change calls i18n and updates html lang",""
"","56","Frontend Unit Tests App Component successful delete removes the color chip","","Tue Jun 02 21:30:00 UTC 2026","passed","Tue Jun 02 21:30:00 UTC 2026","","Frontend Unit Tests","Frontend Unit Tests App Component successful delete removes the color chip",""
"","0","Utility Functions rgbToHsl mid-grey [128,128,128] → s=0","","Tue Jun 02 21:30:00 UTC 2026","passed","Tue Jun 02 21:30:00 UTC 2026","","Utility Functions","Utility Functions rgbToHsl mid-grey [128,128,128] → s=0",""
"","0","Utility Functions hslToRgb hue=240 (blue) → [0,0,255]","","Tue Jun 02 21:30:00 UTC 2026","passed","Tue Jun 02 21:30:00 UTC 2026","","Utility Functions","Utility Functions hslToRgb hue=240 (blue) → [0,0,255]",""
"","8","Server Integration Tests (Testcontainers) POST /api/colors should return 400 when extra fields are provided","","Tue Jun 02 21:30:32 UTC 2026","passed","Tue Jun 02 21:30:32 UTC 2026","","Server Integration Tests (Testcontainers)","Server Integration Tests (Testcontainers) POST /api/colors should return 400 when extra fields are provided",""
"","0","Utility Functions paintWheelPixel wraps negative angle: dy<0 gives angle+360 (hue=270 → violet)","","Tue Jun 02 21:30:00 UTC 2026","passed","Tue Jun 02 21:30:00 UTC 2026","","Utility Functions","Utility Functions paintWheelPixel wraps negative angle: dy<0 gives angle+360 (hue=270 → violet)",""
"","9","Server Unit Tests seedDatabase clears existing colors and re-seeds with 3 defaults","","Tue Jun 02 21:36:01 UTC 2026","passed","Tue Jun 02 21:36:01 UTC 2026","","Server Unit Tests","Server Unit Tests seedDatabase clears existing colors and re-seeds with 3 defaults",""
"","43","malformed JSON body returns 400","Chrome","Tue Jun 02 22:15:39 UTC 2026","passed","Tue Jun 02 22:15:39 UTC 2026","Security > Input Validation","","",""
"","32","Server Unit Tests Surviving Mutants & Edge Cases Strict Path & Method Validation kills allowedMethods mutants by exhaustive testing","","Tue Jun 02 21:36:01 UTC 2026","passed","Tue Jun 02 21:36:01 UTC 2026","","Server Unit Tests","Server Unit Tests Surviving Mutants & Edge Cases Strict Path & Method Validation kills allowedMethods mutants by exhaustive testing",""
"","10","Server Integration Tests (Testcontainers) POST /api/colors should return 400 for invalid hex format (missing #)","","Tue Jun 02 21:30:32 UTC 2026","passed","Tue Jun 02 21:30:32 UTC 2026","","Server Integration Tests (Testcontainers)","Server Integration Tests (Testcontainers) POST /api/colors should return 400 for invalid hex format (missing #)",""
"","26","Component Tests ColorPicker duplicate check is case-insensitive","","Tue Jun 02 21:30:00 UTC 2026","passed","Tue Jun 02 21:30:00 UTC 2026","","Utility Functions","Component Tests ColorPicker duplicate check is case-insensitive",""
"","45","Frontend Unit Tests App Component handleColorClick shows error on non-2xx response","","Tue Jun 02 21:30:00 UTC 2026","passed","Tue Jun 02 21:30:00 UTC 2026","","Frontend Unit Tests","Frontend Unit Tests App Component handleColorClick shows error on non-2xx response",""
"","1","Utility Functions hexToRgb is case-insensitive","","Tue Jun 02 21:30:00 UTC 2026","passed","Tue Jun 02 21:30:00 UTC 2026","","Utility Functions","Utility Functions hexToRgb is case-insensitive",""
"","104","DELETE /api/colors (collection) returns 405","Chrome","Tue Jun 02 22:15:39 UTC 2026","passed","Tue Jun 02 22:15:39 UTC 2026","Security > HTTP Method Restrictions","","",""
"","4","Server Unit Tests PUT /api/colors/:name returns 400 when no fields are provided (empty body)","","Tue Jun 02 21:36:01 UTC 2026","passed","Tue Jun 02 21:36:01 UTC 2026","","Server Unit Tests","Server Unit Tests PUT /api/colors/:name returns 400 when no fields are provided (empty body)",""
"","44","NoSQL injection object in name is rejected (400)","Chrome","Tue Jun 02 22:15:38 UTC 2026","passed","Tue Jun 02 22:15:39 UTC 2026","Security > Injection Prevention","","",""
"","0","Utility Functions rgbToHsl pure blue → h=240, s=1, l=0.5","","Tue Jun 02 21:30:00 UTC 2026","passed","Tue Jun 02 21:30:00 UTC 2026","","Utility Functions","Utility Functions rgbToHsl pure blue → h=240, s=1, l=0.5",""
"","4","Server Unit Tests 405 Method Not Allowed returns 405 for PATCH on /api/colors","","Tue Jun 02 21:36:01 UTC 2026","passed","Tue Jun 02 21:36:01 UTC 2026","","Server Unit Tests","Server Unit Tests 405 Method Not Allowed returns 405 for PATCH on /api/colors",""
"","12","Server Integration Tests (Testcontainers) DELETE /api/colors/:name should return 404 on a second delete of the same color","","Tue Jun 02 21:30:32 UTC 2026","passed","Tue Jun 02 21:30:32 UTC 2026","","Server Integration Tests (Testcontainers)","Server Integration Tests (Testcontainers) DELETE /api/colors/:name should return 404 on a second delete of the same color",""
"","66","Frontend Unit Tests App Component useEffect runs only once on mount","","Tue Jun 02 21:30:00 UTC 2026","passed","Tue Jun 02 21:30:00 UTC 2026","","Frontend Unit Tests","Frontend Unit Tests App Component useEffect runs only once on mount",""
"","1283","verify Turquoise ( #1abc9c ) is applied as the background color","Chrome","Tue Jun 02 22:15:34 UTC 2026","passed","Tue Jun 02 22:15:36 UTC 2026","POM Refactored: Background color tests","","",""
"","4","Server Unit Tests 405 Method Not Allowed sets the Allow header on /api/colors/:name with correct methods","","Tue Jun 02 21:36:01 UTC 2026","passed","Tue Jun 02 21:36:01 UTC 2026","","Server Unit Tests","Server Unit Tests 405 Method Not Allowed sets the Allow header on /api/colors/:name with correct methods",""
"","4","Server Unit Tests Surviving Mutants & Edge Cases Swagger Metadata & OpenAPI has exact info metadata","","Tue Jun 02 21:36:01 UTC 2026","passed","Tue Jun 02 21:36:01 UTC 2026","","Server Unit Tests","Server Unit Tests Surviving Mutants & Edge Cases Swagger Metadata & OpenAPI has exact info metadata",""
"","1251","successful delete removes the chip","Chrome","Tue Jun 02 22:15:21 UTC 2026","passed","Tue Jun 02 22:15:23 UTC 2026","Color Management — Add & Delete","","",""
"","4","Server Unit Tests Middleware handles non-JSON content type gracefully on POST","","Tue Jun 02 21:36:01 UTC 2026","passed","Tue Jun 02 21:36:01 UTC 2026","","Server Unit Tests","Server Unit Tests Middleware handles non-JSON content type gracefully on POST",""
"","557","should return 409 for duplicate color creation","Chrome","Tue Jun 02 22:15:12 UTC 2026","passed","Tue Jun 02 22:15:12 UTC 2026","Backend API Integration > POST /api/colors Schema Validation","","",""
"","18","Frontend Unit Tests App Component labelFor falls back to color name for unknown/custom color","","Tue Jun 02 21:30:00 UTC 2026","passed","Tue Jun 02 21:30:00 UTC 2026","","Frontend Unit Tests","Frontend Unit Tests App Component labelFor falls back to color name for unknown/custom color",""
"","16","Server Unit Tests Surviving Mutants & Edge Cases Regex & Validation STRICT_NAME_REGEX kills mutants by testing multiple spaces in the middle and rejecting pluses","","Tue Jun 02 21:36:01 UTC 2026","passed","Tue Jun 02 21:36:01 UTC 2026","","Server Unit Tests","Server Unit Tests Surviving Mutants & Edge Cases Regex & Validation STRICT_NAME_REGEX kills mutants by testing multiple spaces in the middle and rejecting pluses",""
"","4","Server Unit Tests POST /api/colors returns 400 for name with whitespace","","Tue Jun 02 21:36:01 UTC 2026","passed","Tue Jun 02 21:36:01 UTC 2026","","Server Unit Tests","Server Unit Tests POST /api/colors returns 400 for name with whitespace",""
"","30","Component Tests ColorPicker lightness slider min value (0) gives black","","Tue Jun 02 21:30:00 UTC 2026","passed","Tue Jun 02 21:30:00 UTC 2026","","Utility Functions","Component Tests ColorPicker lightness slider min value (0) gives black",""
"","117","Frontend Unit Tests App Component handleColorClick does nothing when data has no hex","","Tue Jun 02 21:30:00 UTC 2026","passed","Tue Jun 02 21:30:00 UTC 2026","","Frontend Unit Tests","Frontend Unit Tests App Component handleColorClick does nothing when data has no hex",""
"","1467","homepage should match snapshot","Chrome","Tue Jun 02 21:57:59 UTC 2026","passed","Tue Jun 02 21:58:00 UTC 2026","Visual Regression – desktop (1280×720)","","",""
"","1","homepage initial state","Chrome","Tue Jun 02 21:58:04 UTC 2026","skipped","Tue Jun 02 21:58:04 UTC 2026","Percy Visual Regression – Production > Percy – desktop (1280×720)","","",""
"","3","Server Unit Tests POST /api/reseed returns 401 when RESEED_API_TOKEN is not configured","","Tue Jun 02 21:36:01 UTC 2026","passed","Tue Jun 02 21:36:01 UTC 2026","","Server Unit Tests","Server Unit Tests POST /api/reseed returns 401 when RESEED_API_TOKEN is not configured",""
"","8","Server Unit Tests Surviving Mutants & Edge Cases Rate Limiting & Security kills mutants by verifying x-powered-by is removed","","Tue Jun 02 21:36:01 UTC 2026","passed","Tue Jun 02 21:36:01 UTC 2026","","Server Unit Tests","Server Unit Tests Surviving Mutants & Edge Cases Rate Limiting & Security kills mutants by verifying x-powered-by is removed",""
"","23","Server Integration Tests (Testcontainers) POST /api/reseed should be idempotent — calling reseed twice always yields exactly 3 colors","","Tue Jun 02 21:30:32 UTC 2026","passed","Tue Jun 02 21:30:32 UTC 2026","","Server Integration Tests (Testcontainers)","Server Integration Tests (Testcontainers) POST /api/reseed should be idempotent — calling reseed twice always yields exactly 3 colors",""
"","13","Server Integration Tests (Testcontainers) POST /api/reseed should not modify the database when token is invalid","","Tue Jun 02 21:30:32 UTC 2026","passed","Tue Jun 02 21:30:32 UTC 2026","","Server Integration Tests (Testcontainers)","Server Integration Tests (Testcontainers) POST /api/reseed should not modify the database when token is invalid",""
"","8","Frontend Unit Tests App Component colors.length === 0 shows loading text","","Tue Jun 02 21:30:00 UTC 2026","passed","Tue Jun 02 21:30:00 UTC 2026","","Frontend Unit Tests","Frontend Unit Tests App Component colors.length === 0 shows loading text",""
"","7","Server Unit Tests Surviving Mutants & Edge Cases Allowed Methods kills mutants in allowedMethods object","","Tue Jun 02 21:36:01 UTC 2026","passed","Tue Jun 02 21:36:01 UTC 2026","","Server Unit Tests","Server Unit Tests Surviving Mutants & Edge Cases Allowed Methods kills mutants in allowedMethods object",""
"","13","Server Integration Tests (Testcontainers) Concurrent writes should handle parallel GETs without errors","","Tue Jun 02 21:30:32 UTC 2026","passed","Tue Jun 02 21:30:32 UTC 2026","","Server Integration Tests (Testcontainers)","Server Integration Tests (Testcontainers) Concurrent writes should handle parallel GETs without errors",""
"","0","Utility Functions hslToRgb hue=30 (orange) → [255,128,0]","","Tue Jun 02 21:30:00 UTC 2026","passed","Tue Jun 02 21:30:00 UTC 2026","","Utility Functions","Utility Functions hslToRgb hue=30 (orange) → [255,128,0]",""
"","5","Server Unit Tests 405 Method Not Allowed does not return 405 for allowed GET method on /api/colors/:name","","Tue Jun 02 21:36:01 UTC 2026","passed","Tue Jun 02 21:36:01 UTC 2026","","Server Unit Tests","Server Unit Tests 405 Method Not Allowed does not return 405 for allowed GET method on /api/colors/:name",""
"","5","Server Unit Tests POST /api/colors returns 400 for name with special characters","","Tue Jun 02 21:36:01 UTC 2026","passed","Tue Jun 02 21:36:01 UTC 2026","","Server Unit Tests","Server Unit Tests POST /api/colors returns 400 for name with special characters",""
"","0","Utility Functions rgbToHex converts pure green","","Tue Jun 02 21:30:00 UTC 2026","passed","Tue Jun 02 21:30:00 UTC 2026","","Utility Functions","Utility Functions rgbToHex converts pure green",""
"","1818","should load the application and verify core functionality across browsers","Firefox","Tue Jun 02 21:56:03 UTC 2026","passed","Tue Jun 02 21:56:05 UTC 2026","Cross-Browser Core Functionality","","",""
"","4187","should maintain accessibility after state change (color update)","Chrome","Tue Jun 02 22:14:58 UTC 2026","passed","Tue Jun 02 22:15:02 UTC 2026","Accessibility Tests","","",""
"","322","Server Unit Tests Surviving Mutants & Edge Cases Port Fallback uses default PORT 5001 when process.env.PORT is missing","","Tue Jun 02 21:36:01 UTC 2026","passed","Tue Jun 02 21:36:01 UTC 2026","","Server Unit Tests","Server Unit Tests Surviving Mutants & Edge Cases Port Fallback uses default PORT 5001 when process.env.PORT is missing",""
"","1240","should create dynamic random color via API and verify through UI","Chrome","Tue Jun 02 22:15:36 UTC 2026","passed","Tue Jun 02 22:15:37 UTC 2026","Random Data Testing with faker.js","","",""
"","9","Component Tests ColorPicker clicking the backdrop calls onCancel","","Tue Jun 02 21:30:00 UTC 2026","passed","Tue Jun 02 21:30:00 UTC 2026","","Utility Functions","Component Tests ColorPicker clicking the backdrop calls onCancel",""
"","7","Server Unit Tests GET /api/colors/:name returns Yellow color correctly","","Tue Jun 02 21:36:01 UTC 2026","passed","Tue Jun 02 21:36:01 UTC 2026","","Server Unit Tests","Server Unit Tests GET /api/colors/:name returns Yellow color correctly",""
"","4","Server Unit Tests 405 Method Not Allowed sets the Allow header on /api/colors with correct methods","","Tue Jun 02 21:36:01 UTC 2026","passed","Tue Jun 02 21:36:01 UTC 2026","","Server Unit Tests","Server Unit Tests 405 Method Not Allowed sets the Allow header on /api/colors with correct methods",""
"","9","Server Unit Tests DELETE /api/colors/:name deletes an existing color and returns success message","","Tue Jun 02 21:36:01 UTC 2026","passed","Tue Jun 02 21:36:01 UTC 2026","","Server Unit Tests","Server Unit Tests DELETE /api/colors/:name deletes an existing color and returns success message",""
"","7","Server Unit Tests 405 Method Not Allowed returns 405 for POST, PUT, DELETE on /api-docs","","Tue Jun 02 21:36:01 UTC 2026","passed","Tue Jun 02 21:36:01 UTC 2026","","Server Unit Tests","Server Unit Tests 405 Method Not Allowed returns 405 for POST, PUT, DELETE on /api-docs",""
"","44","error responses return JSON, not HTML (no info leakage)","Chrome","Tue Jun 02 22:15:39 UTC 2026","passed","Tue Jun 02 22:15:39 UTC 2026","Security > Security Headers","","",""
"","25","Frontend Unit Tests App Component shows add-color button even when colors are empty","","Tue Jun 02 21:30:00 UTC 2026","passed","Tue Jun 02 21:30:00 UTC 2026","","Frontend Unit Tests","Frontend Unit Tests App Component shows add-color button even when colors are empty",""
"","1","homepage initial state","Chrome","Tue Jun 02 21:58:04 UTC 2026","skipped","Tue Jun 02 21:58:04 UTC 2026","Percy Visual Regression – Production > Percy – tablet (768×1024)","","",""
"","41","Server Integration Tests (Testcontainers) GET /api/colors should retrieve all seeded colors","","Tue Jun 02 21:30:32 UTC 2026","passed","Tue Jun 02 21:30:32 UTC 2026","","Server Integration Tests (Testcontainers)","Server Integration Tests (Testcontainers) GET /api/colors should retrieve all seeded colors",""
"","61","Frontend Unit Tests App Component add color success closes picker and shows new chip","","Tue Jun 02 21:30:00 UTC 2026","passed","Tue Jun 02 21:30:00 UTC 2026","","Frontend Unit Tests","Frontend Unit Tests App Component add color success closes picker and shows new chip",""
"","0","Utility Functions hslToRgb saturation=0 gives pure grey [128,128,128]","","Tue Jun 02 21:30:00 UTC 2026","passed","Tue Jun 02 21:30:00 UTC 2026","","Utility Functions","Utility Functions hslToRgb saturation=0 gives pure grey [128,128,128]",""
"","26","Component Tests ColorPicker mousedown at bottom-center (hue=90) sets hex to #80ff00","","Tue Jun 02 21:30:00 UTC 2026","passed","Tue Jun 02 21:30:00 UTC 2026","","Utility Functions","Component Tests ColorPicker mousedown at bottom-center (hue=90) sets hex to #80ff00",""
"","1217","shows client-side ""Name is required"" when submitting empty name","Chrome","Tue Jun 02 22:15:17 UTC 2026","passed","Tue Jun 02 22:15:18 UTC 2026","Color Management — Add & Delete","","",""
"","18","Component Tests ColorPicker typing an invalid hex shows ""Use format #RRGGBB"" error","","Tue Jun 02 21:30:00 UTC 2026","passed","Tue Jun 02 21:30:00 UTC 2026","","Utility Functions","Component Tests ColorPicker typing an invalid hex shows ""Use format #RRGGBB"" error",""
"","7","Component Tests ColorPicker pressing a non-Escape key does not call onCancel","","Tue Jun 02 21:30:00 UTC 2026","passed","Tue Jun 02 21:30:00 UTC 2026","","Utility Functions","Component Tests ColorPicker pressing a non-Escape key does not call onCancel",""
"","0","Utility Functions readableOn returns #fff for black (very dark, L≈0)","","Tue Jun 02 21:30:00 UTC 2026","passed","Tue Jun 02 21:30:00 UTC 2026","","Utility Functions","Utility Functions readableOn returns #fff for black (very dark, L≈0)",""
"","0","Utility Functions rgbToHex value 16 does not pad","","Tue Jun 02 21:30:00 UTC 2026","passed","Tue Jun 02 21:30:00 UTC 2026","","Utility Functions","Utility Functions rgbToHex value 16 does not pad",""
"","40","Frontend Unit Tests App Component add color 400 shows data.error message","","Tue Jun 02 21:30:00 UTC 2026","passed","Tue Jun 02 21:30:00 UTC 2026","","Frontend Unit Tests","Frontend Unit Tests App Component add color 400 shows data.error message",""
"","39","Frontend Unit Tests App Component existingNames passed to ColorPicker matches current color list","","Tue Jun 02 21:30:00 UTC 2026","passed","Tue Jun 02 21:30:00 UTC 2026","","Frontend Unit Tests","Frontend Unit Tests App Component existingNames passed to ColorPicker matches current color list",""
"","53","should reject missing name","Chrome","Tue Jun 02 22:15:12 UTC 2026","passed","Tue Jun 02 22:15:12 UTC 2026","Backend API Integration > POST /api/colors Schema Validation","","",""
"","23","Component Tests ColorPicker submit with invalid chars shows validation error","","Tue Jun 02 21:30:00 UTC 2026","passed","Tue Jun 02 21:30:00 UTC 2026","","Utility Functions","Component Tests ColorPicker submit with invalid chars shows validation error",""
"","2272","should maintain accessibility in el language and verify resilient locators","Chrome","Tue Jun 02 22:15:09 UTC 2026","passed","Tue Jun 02 22:15:11 UTC 2026","i18n Accessibility Tests","","",""
"","9","Server Integration Tests (Testcontainers) GET /api/colors/:name should return 400 for invalid name format","","Tue Jun 02 21:30:32 UTC 2026","passed","Tue Jun 02 21:30:32 UTC 2026","","Server Integration Tests (Testcontainers)","Server Integration Tests (Testcontainers) GET /api/colors/:name should return 400 for invalid name format",""
"","10","Server Unit Tests PUT /api/colors/:name updates the name of an existing color and preserves hex","","Tue Jun 02 21:36:01 UTC 2026","passed","Tue Jun 02 21:36:01 UTC 2026","","Server Unit Tests","Server Unit Tests PUT /api/colors/:name updates the name of an existing color and preserves hex",""
"","5","Server Unit Tests GET /api/colors/:name returns 400 for invalid name in path (regex check)","","Tue Jun 02 21:36:01 UTC 2026","passed","Tue Jun 02 21:36:01 UTC 2026","","Server Unit Tests","Server Unit Tests GET /api/colors/:name returns 400 for invalid name in path (regex check)",""
"","16","GET /api/colors","","","passed","","","schemathesis","",""
"","1","Utility Functions paintWheelPixel writes to the correct index offset in the array","","Tue Jun 02 21:30:00 UTC 2026","passed","Tue Jun 02 21:30:00 UTC 2026","","Utility Functions","Utility Functions paintWheelPixel writes to the correct index offset in the array",""
"","42","Frontend Unit Tests App Component add color 400 without data.error falls back to generic message","","Tue Jun 02 21:30:00 UTC 2026","passed","Tue Jun 02 21:30:00 UTC 2026","","Frontend Unit Tests","Frontend Unit Tests App Component add color 400 without data.error falls back to generic message",""
"","25","Component Tests ColorPicker submit is blocked when hex input has an error","","Tue Jun 02 21:30:00 UTC 2026","passed","Tue Jun 02 21:30:00 UTC 2026","","Utility Functions","Component Tests ColorPicker submit is blocked when hex input has an error",""
"","16","Server Integration Tests (Testcontainers) PUT /api/colors/:name should update the hex of an existing color and persist it in the real database","","Tue Jun 02 21:30:32 UTC 2026","passed","Tue Jun 02 21:30:32 UTC 2026","","Server Integration Tests (Testcontainers)","Server Integration Tests (Testcontainers) PUT /api/colors/:name should update the hex of an existing color and persist it in the real database",""
"","7","Server Integration Tests (Testcontainers) DELETE /api/colors/:name should return 400 for invalid name format","","Tue Jun 02 21:30:32 UTC 2026","passed","Tue Jun 02 21:30:32 UTC 2026","","Server Integration Tests (Testcontainers)","Server Integration Tests (Testcontainers) DELETE /api/colors/:name should return 400 for invalid name format",""
"","4","Server Unit Tests DELETE /api/colors/:name returns 404 for a non-existent color","","Tue Jun 02 21:36:01 UTC 2026","passed","Tue Jun 02 21:36:01 UTC 2026","","Server Unit Tests","Server Unit Tests DELETE /api/colors/:name returns 404 for a non-existent color",""
"","12","Server Integration Tests (Testcontainers) DELETE /api/colors/:name should delete a color and confirm removal from the real database","","Tue Jun 02 21:30:32 UTC 2026","passed","Tue Jun 02 21:30:32 UTC 2026","","Server Integration Tests (Testcontainers)","Server Integration Tests (Testcontainers) DELETE /api/colors/:name should delete a color and confirm removal from the real database",""
"","1","Utility Functions rgbToHex pads single-digit hex values with leading zero","","Tue Jun 02 21:30:00 UTC 2026","passed","Tue Jun 02 21:30:00 UTC 2026","","Utility Functions","Utility Functions rgbToHex pads single-digit hex values with leading zero",""
"","805","Example #2","BDD","Tue Jun 02 21:55:58 UTC 2026","passed","Tue Jun 02 21:55:59 UTC 2026","Home Page Background Color > Change background color","","",""
"","16","Server Integration Tests (Testcontainers) PUT /api/colors/:name should rename a color and make old name return 404","","Tue Jun 02 21:30:32 UTC 2026","passed","Tue Jun 02 21:30:32 UTC 2026","","Server Integration Tests (Testcontainers)","Server Integration Tests (Testcontainers) PUT /api/colors/:name should rename a color and make old name return 404",""
"","33","Frontend Unit Tests App Component clicking Add color button opens picker modal","","Tue Jun 02 21:30:00 UTC 2026","passed","Tue Jun 02 21:30:00 UTC 2026","","Frontend Unit Tests","Frontend Unit Tests App Component clicking Add color button opens picker modal",""
"","5","Component Tests ConfirmDialog clicking the card itself does NOT call onCancel","","Tue Jun 02 21:30:00 UTC 2026","passed","Tue Jun 02 21:30:00 UTC 2026","","Component Tests","Component Tests ConfirmDialog clicking the card itself does NOT call onCancel",""
"","37","Frontend Unit Tests App Component add color 409 conflict shows picker error (data.error message)","","Tue Jun 02 21:30:00 UTC 2026","passed","Tue Jun 02 21:30:00 UTC 2026","","Frontend Unit Tests","Frontend Unit Tests App Component add color 409 conflict shows picker error (data.error message)",""
"","33","Frontend Unit Tests App Component add color sends POST with correct method, headers, and body","","Tue Jun 02 21:30:00 UTC 2026","passed","Tue Jun 02 21:30:00 UTC 2026","","Frontend Unit Tests","Frontend Unit Tests App Component add color sends POST with correct method, headers, and body",""
"","5","Server Unit Tests POST /api/colors applies the createColorLimiter rate limit headers","","Tue Jun 02 21:36:01 UTC 2026","passed","Tue Jun 02 21:36:01 UTC 2026","","Server Unit Tests","Server Unit Tests POST /api/colors applies the createColorLimiter rate limit headers",""
"","4","Server Unit Tests POST /api/reseed returns 401 when Authorization header is missing","","Tue Jun 02 21:36:01 UTC 2026","passed","Tue Jun 02 21:36:01 UTC 2026","","Server Unit Tests","Server Unit Tests POST /api/reseed returns 401 when Authorization header is missing",""
"","1130","close (×) button closes the picker","Chrome","Tue Jun 02 22:15:15 UTC 2026","passed","Tue Jun 02 22:15:16 UTC 2026","Color Management — Add & Delete","","",""
"","144","should return 404 for non-existent color deletion","Chrome","Tue Jun 02 22:15:13 UTC 2026","passed","Tue Jun 02 22:15:13 UTC 2026","Backend API Integration > DELETE /api/colors/:name","","",""
"","2460","PUT /api/colors/{name}","","","passed","","","schemathesis","",""
"","806","Example #3","BDD","Tue Jun 02 21:55:58 UTC 2026","passed","Tue Jun 02 21:55:59 UTC 2026","Home Page Background Color > Change background color","","",""
"","0","Utility Functions hslToRgb lightness clamped: l=-0.5 gives black","","Tue Jun 02 21:30:00 UTC 2026","passed","Tue Jun 02 21:30:00 UTC 2026","","Utility Functions","Utility Functions hslToRgb lightness clamped: l=-0.5 gives black",""
"","0","Utility Functions readableOn returns #111 for light-grey (L≈0.60, above 0.179 threshold)","","Tue Jun 02 21:30:00 UTC 2026","passed","Tue Jun 02 21:30:00 UTC 2026","","Utility Functions","Utility Functions readableOn returns #111 for light-grey (L≈0.60, above 0.179 threshold)",""
"","1446","color names rendered in the UI do not trigger script execution","Chrome","Tue Jun 02 22:15:37 UTC 2026","passed","Tue Jun 02 22:15:38 UTC 2026","Security > XSS Prevention","","",""
"","126","Component Tests ConfirmDialog renders title, body, and both buttons","","Tue Jun 02 21:30:00 UTC 2026","passed","Tue Jun 02 21:30:00 UTC 2026","","Component Tests","Component Tests ConfirmDialog renders title, body, and both buttons",""
"","803","homepage should match snapshot","Chrome","Tue Jun 02 21:58:02 UTC 2026","passed","Tue Jun 02 21:58:02 UTC 2026","Visual Regression – iphone-landscape (667×375)","","",""
"","21","Component Tests ColorPicker close (×) button calls onCancel","","Tue Jun 02 21:30:00 UTC 2026","passed","Tue Jun 02 21:30:00 UTC 2026","","Utility Functions","Component Tests ColorPicker close (×) button calls onCancel",""
"","6","Server Unit Tests Surviving Mutants & Edge Cases Regex & Validation Zod required_error messages are correct","","Tue Jun 02 21:36:01 UTC 2026","passed","Tue Jun 02 21:36:01 UTC 2026","","Server Unit Tests","Server Unit Tests Surviving Mutants & Edge Cases Regex & Validation Zod required_error messages are correct",""
"","0","Utility Functions hslToRgb saturation clamped: s=1.5 treated as s=1","","Tue Jun 02 21:30:00 UTC 2026","passed","Tue Jun 02 21:30:00 UTC 2026","","Utility Functions","Utility Functions hslToRgb saturation clamped: s=1.5 treated as s=1",""
"Performance Test: API Performance Test
File: api-performance.spec.ts
Total Iterations: 1
Max VUs: 1

HTTP Request Duration:
- Avg: 5.76ms
- P(95): 13.22ms
- Max: 15.35ms

Full metrics attached in the results.","2723","API Performance Test","Performance","Tue Jun 02 21:55:02 UTC 2026","passed","Tue Jun 02 21:55:05 UTC 2026","api-performance.spec.ts","API Performance Test","",""
"","787","should show loading state when API returns empty colors","Chrome","Tue Jun 02 22:15:32 UTC 2026","passed","Tue Jun 02 22:15:32 UTC 2026","UI Error Handling Coverage","","",""
"","6487","should not have any automatically detectable accessibility issues","Chrome","Tue Jun 02 22:14:58 UTC 2026","passed","Tue Jun 02 22:15:04 UTC 2026","Accessibility Tests","","",""
"","8","Server Unit Tests GET /api/colors/:name returns 404 for a non-existent color","","Tue Jun 02 21:36:01 UTC 2026","passed","Tue Jun 02 21:36:01 UTC 2026","","Server Unit Tests","Server Unit Tests GET /api/colors/:name returns 404 for a non-existent color",""
"","26","Server Integration Tests (Testcontainers) POST /api/colors should create a new color and persist it in the real database","","Tue Jun 02 21:30:32 UTC 2026","passed","Tue Jun 02 21:30:32 UTC 2026","","Server Integration Tests (Testcontainers)","Server Integration Tests (Testcontainers) POST /api/colors should create a new color and persist it in the real database",""
"","10","Server Unit Tests Surviving Mutants & Edge Cases PUT logic kills name/hex conditional mutants by providing only one field","","Tue Jun 02 21:36:01 UTC 2026","passed","Tue Jun 02 21:36:01 UTC 2026","","Server Unit Tests","Server Unit Tests Surviving Mutants & Edge Cases PUT logic kills name/hex conditional mutants by providing only one field",""
"","48","Frontend Unit Tests App Component add color 429 rate limit shows specific message","","Tue Jun 02 21:30:00 UTC 2026","passed","Tue Jun 02 21:30:00 UTC 2026","","Frontend Unit Tests","Frontend Unit Tests App Component add color 429 rate limit shows specific message",""
"","35","Frontend Unit Tests App Component active chip has is-active CSS class","","Tue Jun 02 21:30:00 UTC 2026","passed","Tue Jun 02 21:30:00 UTC 2026","","Frontend Unit Tests","Frontend Unit Tests App Component active chip has is-active CSS class",""
"","0","Utility Functions hslToRgb hue=150 (spring green) → [0,255,128]","","Tue Jun 02 21:30:00 UTC 2026","passed","Tue Jun 02 21:30:00 UTC 2026","","Utility Functions","Utility Functions hslToRgb hue=150 (spring green) → [0,255,128]",""
"","314","Server Unit Tests Surviving Mutants & Edge Cases Port Fallback reflects process.env.PORT in Swagger servers","","Tue Jun 02 21:36:01 UTC 2026","passed","Tue Jun 02 21:36:01 UTC 2026","","Server Unit Tests","Server Unit Tests Surviving Mutants & Edge Cases Port Fallback reflects process.env.PORT in Swagger servers",""
