"DESCRIPTION","DURATION IN MS","NAME","PARENT SUITE","START TIME","STATUS","STOP TIME","SUB SUITE","SUITE","TEST CLASS","TEST METHOD"
"","741","verify language switcher changes document language","Chrome","2026-07-05","passed","2026-07-05","","tests/coverage.spec.ts","",""
"Performance Test: UI Performance Test
File: ui-performance.spec.ts
Total Iterations: 1
Max VUs: 1

HTTP Request Duration:
- Avg: 3.28ms
- P(95): 3.28ms
- Max: 3.28ms

Full metrics attached in the results.","32563","UI Performance Test","Performance","2026-07-05","passed","2026-07-05","ui-performance.spec.ts","UI Performance Test","",""
"","3","Server Unit Tests Surviving Mutants & Edge Cases Swagger Metadata & OpenAPI has exact application/json content-type","","2026-07-05","passed","2026-07-05","","Server Unit Tests","Server Unit Tests Surviving Mutants & Edge Cases Swagger Metadata & OpenAPI has exact application/json content-type",""
"","10","Server Integration Tests (Testcontainers) GET /api/colors should return an empty array after all colors are deleted","","2026-07-05","passed","2026-07-05","","Server Integration Tests (Testcontainers)","Server Integration Tests (Testcontainers) GET /api/colors should return an empty array after all colors are deleted",""
"","1042","clicking a chip makes it active","bs-pixel-7","2026-07-05","passed","2026-07-05","Color Management — Add & Delete","","",""
"","3891","should maintain accessibility in en language and verify resilient locators","bs-safari-ventura","2026-07-05","passed","2026-07-05","i18n Accessibility Tests","","",""
"","200","X-Powered-By header is not exposed","bs-firefox-win11","2026-07-05","passed","2026-07-05","Security > Security Headers","","",""
"","306","oversized payload is rejected (413)","bs-safari-ventura","2026-07-05","passed","2026-07-05","Security > Input Validation","","",""
"","1789","should create color via API and verify through UI","bs-chrome-win11","2026-07-05","passed","2026-07-05","Hybrid E2E Testing","","",""
"","0","Utility Functions hslToRgb lightness=0 gives black","","2026-07-05","passed","2026-07-05","","Utility Functions","Utility Functions hslToRgb lightness=0 gives black",""
"","9","Server Integration Tests (Testcontainers) POST /api/reseed should not modify the database when token is invalid","","2026-07-05","passed","2026-07-05","","Server Integration Tests (Testcontainers)","Server Integration Tests (Testcontainers) POST /api/reseed should not modify the database when token is invalid",""
"","7","error responses return JSON, not HTML (no info leakage)","Chrome","2026-07-05","passed","2026-07-05","Security > Security Headers","tests/security.spec.ts","",""
"","268","GET /api/colors/Turquoise should return the correct hex code","bs-iphone-15","2026-07-05","passed","2026-07-05","Backend API Integration","","",""
"","1154","delete API error shows alert banner","Chrome","2026-07-05","passed","2026-07-05","Color Management — Add & Delete","tests/color-management.spec.ts","",""
"","1492","shows 409 duplicate error from server inside the picker","bs-firefox-win11","2026-07-05","passed","2026-07-05","Color Management — Add & Delete","","",""
"","5","Server Unit Tests POST /api/colors returns 400 when name is missing","","2026-07-05","passed","2026-07-05","","Server Unit Tests","Server Unit Tests POST /api/colors returns 400 when name is missing",""
"","227","should return 404 when updating non-existent color","bs-pixel-7","2026-07-05","passed","2026-07-05","Backend API Integration > PUT /api/colors/:name Schema Validation","","",""
"","1482","successfully adds a new color and shows its chip","bs-pixel-7","2026-07-05","passed","2026-07-05","Color Management — Add & Delete","","",""
"","715","chip-x click opens confirm dialog with color name","Chrome","2026-07-05","passed","2026-07-05","Color Management — Add & Delete","tests/color-management.spec.ts","",""
"","18","Component Tests ColorPicker typing a valid hex clears the hex error and updates preview","","2026-07-05","passed","2026-07-05","","Utility Functions","Component Tests ColorPicker typing a valid hex clears the hex error and updates preview",""
"","0","Utility Functions readableOn returns #fff for a very dark blue","","2026-07-05","passed","2026-07-05","","Utility Functions","Utility Functions readableOn returns #fff for a very dark blue",""
"","1","Utility Functions paintWheelPixel wraps negative angle: dy<0 gives angle+360 (hue=270 → violet)","","2026-07-05","passed","2026-07-05","","Utility Functions","Utility Functions paintWheelPixel wraps negative angle: dy<0 gives angle+360 (hue=270 → violet)",""
"","108","DELETE /api/colors (collection) returns 405","bs-chrome-win11","2026-07-05","passed","2026-07-05","Security > HTTP Method Restrictions","","",""
"","30","Frontend Unit Tests App Component labelFor returns translation for known color (Turquoise)","","2026-07-05","passed","2026-07-05","","Frontend Unit Tests","Frontend Unit Tests App Component labelFor returns translation for known color (Turquoise)",""
"","1","Frontend Unit Tests i18n Configuration should be initialized with correct settings","","2026-07-05","passed","2026-07-05","","Frontend Unit Tests","Frontend Unit Tests i18n Configuration should be initialized with correct settings",""
"","0","Utility Functions rgbToHex value 15 pads to 0f","","2026-07-05","passed","2026-07-05","","Utility Functions","Utility Functions rgbToHex value 15 pads to 0f",""
"","119","NoSQL injection object in name is rejected (400)","bs-chrome-win11","2026-07-05","passed","2026-07-05","Security > Injection Prevention","","",""
"","1369","verify Red ( #e74c3c ) is applied as the background color","Chrome","2026-07-05","passed","2026-07-05","Background color tests","tests/coverage.spec.ts","",""
"","1267","homepage should match snapshot","Chrome","2026-07-05","passed","2026-07-05","Visual Regression – tablet (768×1024)","","",""
"","2413","homepage after color change","percy","2026-07-05","passed","2026-07-05","Percy Visual Regression – Production > Percy – mobile (375×667)","","",""
"","25","should return 404 for non-existent color deletion","Chrome","2026-07-05","passed","2026-07-05","Backend API Integration > DELETE /api/colors/:name","tests/api.spec.ts","",""
"","6","Server Unit Tests Surviving Mutants & Edge Cases Allowed Methods kills mutants in allowedMethods object","","2026-07-05","passed","2026-07-05","","Server Unit Tests","Server Unit Tests Surviving Mutants & Edge Cases Allowed Methods kills mutants in allowedMethods object",""
"","1986","verify Red ( #e74c3c ) is applied as the background color","bs-safari-ventura","2026-07-05","passed","2026-07-05","POM Refactored: Background color tests","","",""
"","1363","verify Yellow ( #f1c40f ) is applied as the background color","bs-chrome-win11","2026-07-05","passed","2026-07-05","Background color tests","","",""
"","6","Server Unit Tests GET /api/colors/:name returns Turquoise color correctly","","2026-07-05","passed","2026-07-05","","Server Unit Tests","Server Unit Tests GET /api/colors/:name returns Turquoise color correctly",""
"","1","Utility Functions readableOn returns #111 for mid-grey (L≈0.35, black gives better contrast)","","2026-07-05","passed","2026-07-05","","Utility Functions","Utility Functions readableOn returns #111 for mid-grey (L≈0.35, black gives better contrast)",""
"","3","Server Unit Tests Surviving Mutants & Edge Cases PUT logic kills refine mutant by sending empty body","","2026-07-05","passed","2026-07-05","","Server Unit Tests","Server Unit Tests Surviving Mutants & Edge Cases PUT logic kills refine mutant by sending empty body",""
"","115","NoSQL $where operator in name is rejected (400)","bs-pixel-7","2026-07-05","passed","2026-07-05","Security > Injection Prevention","","",""
"","114","POST with HTML tag in name is rejected (400)","bs-pixel-7","2026-07-05","passed","2026-07-05","Security > XSS Prevention","","",""
"","40","Frontend Unit Tests App Component add color 400 shows data.error message","","2026-07-05","passed","2026-07-05","","Frontend Unit Tests","Frontend Unit Tests App Component add color 400 shows data.error message",""
"","4","Server Unit Tests Surviving Mutants & Edge Cases Mongoose Schema & Persistence kills empty schema mutant by verifying field persistence","","2026-07-05","passed","2026-07-05","","Server Unit Tests","Server Unit Tests Surviving Mutants & Edge Cases Mongoose Schema & Persistence kills empty schema mutant by verifying field persistence",""
"","9","Server Unit Tests DELETE /api/colors/:name deletes an existing color and returns success message","","2026-07-05","passed","2026-07-05","","Server Unit Tests","Server Unit Tests DELETE /api/colors/:name deletes an existing color and returns success message",""
"","1024","should handle missing image gracefully by showing alt text","bs-safari-ventura","2026-07-05","passed","2026-07-05","Network Mocking & Interception","","",""
"","1111","handle color selection fetch error","bs-firefox-win11","2026-07-05","passed","2026-07-05","Edge cases and error handling","","",""
"","4","Server Integration Tests (Testcontainers) PUT /api/colors/:name should return 400 when update body is empty","","2026-07-05","passed","2026-07-05","","Server Integration Tests (Testcontainers)","Server Integration Tests (Testcontainers) PUT /api/colors/:name should return 400 when update body is empty",""
"","110","DELETE /api/colors (collection) returns 405","bs-firefox-win11","2026-07-05","passed","2026-07-05","Security > HTTP Method Restrictions","","",""
"","10441","successfully adds a new color and shows its chip","bs-safari-ventura","2026-07-05","passed","2026-07-05","Color Management — Add & Delete","","",""
"","326","GET /api/colors/Turquoise should return the correct hex code","bs-chrome-win11","2026-07-05","passed","2026-07-05","Backend API Integration","","",""
"","1161","should show loading state when API returns empty colors","bs-safari-ventura","2026-07-05","passed","2026-07-05","UI Error Handling Coverage","","",""
"","133","Component Tests ConfirmDialog renders title, body, and both buttons","","2026-07-05","passed","2026-07-05","","Component Tests","Component Tests ConfirmDialog renders title, body, and both buttons",""
"","22","Component Tests ColorPicker submit with duplicate name (client-side) shows duplicate error","","2026-07-05","passed","2026-07-05","","Utility Functions","Component Tests ColorPicker submit with duplicate name (client-side) shows duplicate error",""
"","810","Example #1","BDD","2026-07-05","passed","2026-07-05","Language Switching > Switch language and verify translated UI labels","","",""
"","20","Component Tests ColorPicker touchend stops dragging (touchmove after touchend is ignored)","","2026-07-05","passed","2026-07-05","","Utility Functions","Component Tests ColorPicker touchend stops dragging (touchmove after touchend is ignored)",""
"","6","Server Unit Tests DELETE /api/colors/:name cannot delete the same color twice","","2026-07-05","passed","2026-07-05","","Server Unit Tests","Server Unit Tests DELETE /api/colors/:name cannot delete the same color twice",""
"","957","should handle missing image gracefully by showing alt text","bs-firefox-win11","2026-07-05","passed","2026-07-05","Network Mocking & Interception","","",""
"","785","Color button remains functional after switching language","BDD","2026-07-05","passed","2026-07-05","Language Switching","","",""
"","865","handle color response missing hex property","bs-chrome-win11","2026-07-05","passed","2026-07-05","Edge cases and error handling","","",""
"","10","Component Tests ColorPicker Enter key on name input triggers submit","","2026-07-05","passed","2026-07-05","","Utility Functions","Component Tests ColorPicker Enter key on name input triggers submit",""
"","43","Frontend Unit Tests App Component learn react link has correct text","","2026-07-05","passed","2026-07-05","","Frontend Unit Tests","Frontend Unit Tests App Component learn react link has correct text",""
"","4663","should load the application and verify core functionality across browsers","WebKit","2026-07-05","passed","2026-07-05","Cross-Browser Core Functionality","","",""
"","110","should reject empty name","bs-firefox-win11","2026-07-05","passed","2026-07-05","Backend API Integration > POST /api/colors Schema Validation","","",""
"","12268","deleting the active color switches background to the first remaining","bs-safari-ventura","2026-07-05","passed","2026-07-05","Color Management — Add & Delete","","",""
"","230","GET /api/colors should return colors sorted alphabetically by name","bs-safari-ventura","2026-07-05","passed","2026-07-05","Backend API Integration","","",""
"","15","Utility Functions rgbToHsl pure red → h=0, s=1, l=0.5","","2026-07-05","passed","2026-07-05","","Utility Functions","Utility Functions rgbToHsl pure red → h=0, s=1, l=0.5",""
"","748","handle initial fetch with empty data","bs-pixel-7","2026-07-05","passed","2026-07-05","Edge cases and error handling","","",""
"","6","Server Unit Tests GET /api/colors/:name is case-sensitive","","2026-07-05","passed","2026-07-05","","Server Unit Tests","Server Unit Tests GET /api/colors/:name is case-sensitive",""
"","2492","should maintain accessibility in el language and verify resilient locators","bs-firefox-win11","2026-07-05","passed","2026-07-05","i18n Accessibility Tests","","",""
"","206","X-Powered-By header is not exposed","bs-iphone-15","2026-07-05","passed","2026-07-05","Security > Security Headers","","",""
"","112","NoSQL operator in GET path param is rejected (400 or 404)","bs-chrome-win11","2026-07-05","passed","2026-07-05","Security > Injection Prevention","","",""
"","11","Component Tests ConfirmDialog swatch div has the correct background color","","2026-07-05","passed","2026-07-05","","Component Tests","Component Tests ConfirmDialog swatch div has the correct background color",""
"","10","Server Unit Tests GET /api/colors does not expose _id or __v fields","","2026-07-05","passed","2026-07-05","","Server Unit Tests","Server Unit Tests GET /api/colors does not expose _id or __v fields",""
"","47","Frontend Unit Tests App Component deleting the active color switches background to the first remaining","","2026-07-05","passed","2026-07-05","","Frontend Unit Tests","Frontend Unit Tests App Component deleting the active color switches background to the first remaining",""
"","53","Frontend Unit Tests App Component successful delete removes the color chip","","2026-07-05","passed","2026-07-05","","Frontend Unit Tests","Frontend Unit Tests App Component successful delete removes the color chip",""
"","112","empty body on POST returns 400","bs-pixel-7","2026-07-05","passed","2026-07-05","Security > Input Validation","","",""
"","1057","homepage should match snapshot","Chrome","2026-07-05","passed","2026-07-05","Visual Regression – iphone-se (375×667)","","",""
"","5","Server Unit Tests 405 Method Not Allowed does not return 405 for allowed GET method on /api/colors/:name","","2026-07-05","passed","2026-07-05","","Server Unit Tests","Server Unit Tests 405 Method Not Allowed does not return 405 for allowed GET method on /api/colors/:name",""
"","144","PUT /openapi.json returns 405","bs-iphone-15","2026-07-05","passed","2026-07-05","Security > HTTP Method Restrictions","","",""
"","1425","color names rendered in the UI do not trigger script execution","bs-pixel-7","2026-07-05","passed","2026-07-05","Security > XSS Prevention","","",""
"","1315","changing color to Turquoise should reflect in UI and DOM","bs-chrome-win11","2026-07-05","passed","2026-07-05","Data-Driven Testing","","",""
"","6","Component Tests ColorPicker falls back to window resize listener when ResizeObserver is not available","","2026-07-05","passed","2026-07-05","","Utility Functions","Component Tests ColorPicker falls back to window resize listener when ResizeObserver is not available",""
"","1133","should display all core elements and handle button interaction","Chrome","2026-07-05","passed","2026-07-05","Responsive Design – iPhone SE (375×667)","","",""
"","8","empty body on POST returns 400","Chrome","2026-07-05","passed","2026-07-05","Security > Input Validation","tests/security.spec.ts","",""
"","112","PATCH /api/colors returns 405","bs-pixel-7","2026-07-05","passed","2026-07-05","Security > HTTP Method Restrictions","","",""
"","2229","should load the application and verify core functionality across browsers","bs-safari-ventura","2026-07-05","passed","2026-07-05","Cross-Browser Core Functionality","","",""
"","4","Server Unit Tests POST /api/colors returns 400 for name with special characters","","2026-07-05","passed","2026-07-05","","Server Unit Tests","Server Unit Tests POST /api/colors returns 400 for name with special characters",""
"","736","should return 409 for duplicate color creation","bs-chrome-win11","2026-07-05","passed","2026-07-05","Backend API Integration > POST /api/colors Schema Validation","","",""
"","72","Frontend Unit Tests App Component deleting is false again after a failed delete (finally block)","","2026-07-05","passed","2026-07-05","","Frontend Unit Tests","Frontend Unit Tests App Component deleting is false again after a failed delete (finally block)",""
"","723","Show loading state when the API returns an empty colors list","BDD","2026-07-05","passed","2026-07-05","API Error Handling","","",""
"","238","should return 404 when updating non-existent color","bs-chrome-win11","2026-07-05","passed","2026-07-05","Backend API Integration > PUT /api/colors/:name Schema Validation","","",""
"","714","first color chip is active on load (aria-pressed=true)","bs-chrome-win11","2026-07-05","passed","2026-07-05","Color Management — Add & Delete","","",""
"","8","should reject updating with empty name","Chrome","2026-07-05","passed","2026-07-05","Backend API Integration > PUT /api/colors/:name Schema Validation","tests/api.spec.ts","",""
"","2423","should not have any automatically detectable accessibility issues","Chrome","2026-07-05","passed","2026-07-05","Accessibility Tests","tests/a11y.spec.ts","",""
"","99","should reject invalid hex format on update","bs-safari-ventura","2026-07-05","passed","2026-07-05","Backend API Integration > PUT /api/colors/:name Schema Validation","","",""
"","195","should return 404 for non-existent color deletion","bs-firefox-win11","2026-07-05","passed","2026-07-05","Backend API Integration > DELETE /api/colors/:name","","",""
"","111","malformed JSON body returns 400","bs-safari-ventura","2026-07-05","passed","2026-07-05","Security > Input Validation","","",""
"","2522","verify Yellow ( #f1c40f ) is applied as the background color","bs-safari-ventura","2026-07-05","passed","2026-07-05","POM Refactored: Background color tests","","",""
"","1729","should display colors that do not exist in the database","bs-iphone-15","2026-07-05","passed","2026-07-05","Network Mocking & Interception","","",""
"","1093","cancel in confirm dialog closes it without deleting","Chrome","2026-07-05","passed","2026-07-05","Color Management — Add & Delete","tests/color-management.spec.ts","",""
"","2","Utility Functions hslToRgb hue=0 (red) → [255,0,0]","","2026-07-05","passed","2026-07-05","","Utility Functions","Utility Functions hslToRgb hue=0 (red) → [255,0,0]",""
"","7","DELETE /api/colors (collection) returns 405","Chrome","2026-07-05","passed","2026-07-05","Security > HTTP Method Restrictions","tests/security.spec.ts","",""
"","67","Frontend Unit Tests App Component handles empty array from initial fetch gracefully","","2026-07-05","passed","2026-07-05","","Frontend Unit Tests","Frontend Unit Tests App Component handles empty array from initial fetch gracefully",""
"","15","GET /api/colors/:name should return 404 for non-existent color","Chrome","2026-07-05","passed","2026-07-05","Backend API Integration","tests/api.spec.ts","",""
"","3","Server Unit Tests Error Handling seedDatabase logs error and re-throws when database fails","","2026-07-05","passed","2026-07-05","","Server Unit Tests","Server Unit Tests Error Handling seedDatabase logs error and re-throws when database fails",""
"","4","Server Unit Tests 405 Method Not Allowed returns 405 for PATCH on /api/colors","","2026-07-05","passed","2026-07-05","","Server Unit Tests","Server Unit Tests 405 Method Not Allowed returns 405 for PATCH on /api/colors",""
"","5","Server Integration Tests (Testcontainers) GET /api/colors/:name should return 400 for invalid name format","","2026-07-05","passed","2026-07-05","","Server Integration Tests (Testcontainers)","Server Integration Tests (Testcontainers) GET /api/colors/:name should return 400 for invalid name format",""
"","473","check Turquoise ( #1abc9c) is the default background color.","Chrome","2026-07-05","passed","2026-07-05","","tests/coverage.spec.ts","",""
"","125","PATCH /api/colors/:name returns 405","bs-pixel-7","2026-07-05","passed","2026-07-05","Security > HTTP Method Restrictions","","",""
"","108","SQL injection characters in name are rejected (400)","bs-iphone-15","2026-07-05","passed","2026-07-05","Security > Injection Prevention","","",""
"","4","Server Unit Tests Surviving Mutants & Edge Cases Logs seedDatabase logs success message","","2026-07-05","passed","2026-07-05","","Server Unit Tests","Server Unit Tests Surviving Mutants & Edge Cases Logs seedDatabase logs success message",""
"","27","Component Tests ColorPicker typing in name input clears name error","","2026-07-05","passed","2026-07-05","","Utility Functions","Component Tests ColorPicker typing in name input clears name error",""
"","468","should create a new color with valid schema","bs-pixel-7","2026-07-05","passed","2026-07-05","Backend API Integration > POST /api/colors Schema Validation","","",""
"","2547","verify Yellow ( #f1c40f ) is applied as the background color","bs-safari-ventura","2026-07-05","passed","2026-07-05","Background color tests","","",""
"","1","Utility Functions rgbToHsl pure blue → h=240, s=1, l=0.5","","2026-07-05","passed","2026-07-05","","Utility Functions","Utility Functions rgbToHsl pure blue → h=240, s=1, l=0.5",""
"","22","Component Tests ColorPicker lightness slider min value (0) gives black","","2026-07-05","passed","2026-07-05","","Utility Functions","Component Tests ColorPicker lightness slider min value (0) gives black",""
"","107","POST /api-docs returns 405","bs-chrome-win11","2026-07-05","passed","2026-07-05","Security > HTTP Method Restrictions","","",""
"","1167","successful delete removes the chip","bs-chrome-win11","2026-07-05","passed","2026-07-05","Color Management — Add & Delete","","",""
"","255","GET /api/colors/:name should return 404 for non-existent color","bs-pixel-7","2026-07-05","passed","2026-07-05","Backend API Integration","","",""
"","119","PUT /openapi.json returns 405","bs-safari-ventura","2026-07-05","passed","2026-07-05","Security > HTTP Method Restrictions","","",""
"","2381","homepage initial state","percy","2026-07-05","passed","2026-07-05","Percy Visual Regression – Production > Percy – tablet (768×1024)","","",""
"","1","Utility Functions rgbToHsl round-trip hslToRgb→rgbToHsl preserves hue for all sectors","","2026-07-05","passed","2026-07-05","","Utility Functions","Utility Functions rgbToHsl round-trip hslToRgb→rgbToHsl preserves hue for all sectors",""
"","4","Server Unit Tests Middleware returns 400 for malformed JSON body","","2026-07-05","passed","2026-07-05","","Server Unit Tests","Server Unit Tests Middleware returns 400 for malformed JSON body",""
"","1134","shows a chip for each color with a swatch, name, and delete button","bs-iphone-15","2026-07-05","passed","2026-07-05","Color Management — Add & Delete","","",""
"","2184","verify Red ( #e74c3c ) is applied as the background color","bs-safari-ventura","2026-07-05","passed","2026-07-05","Background color tests","","",""
"","1181","check Turquoise ( #1abc9c) is the default background color.","bs-firefox-win11","2026-07-05","passed","2026-07-05","","","",""
"","1","Utility Functions paintWheelPixel writes to the correct index offset in the array","","2026-07-05","passed","2026-07-05","","Utility Functions","Utility Functions paintWheelPixel writes to the correct index offset in the array",""
"","1234","changing color to Turquoise should reflect in UI and DOM","bs-pixel-7","2026-07-05","passed","2026-07-05","Data-Driven Testing","","",""
"","6","Frontend Unit Tests App Component initial default background before fetch resolves","","2026-07-05","passed","2026-07-05","","Frontend Unit Tests","Frontend Unit Tests App Component initial default background before fetch resolves",""
"","1677","should create dynamic random color via API and verify through UI","bs-chrome-win11","2026-07-05","passed","2026-07-05","Random Data Testing with faker.js","","",""
"","658","handle initial fetch with empty data","Chrome","2026-07-05","passed","2026-07-05","Edge cases and error handling","tests/coverage.spec.ts","",""
"","18","Frontend Unit Tests App Component labelFor falls back to color name for unknown/custom color","","2026-07-05","passed","2026-07-05","","Frontend Unit Tests","Frontend Unit Tests App Component labelFor falls back to color name for unknown/custom color",""
"","41","Frontend Unit Tests App Component handleColorClick shows error alert on fetch failure","","2026-07-05","passed","2026-07-05","","Frontend Unit Tests","Frontend Unit Tests App Component handleColorClick shows error alert on fetch failure",""
"","8","Server Unit Tests GET /api/colors returns colors sorted alphabetically by name","","2026-07-05","passed","2026-07-05","","Server Unit Tests","Server Unit Tests GET /api/colors returns colors sorted alphabetically by name",""
"","109","unknown extra fields in POST body are rejected (400)","bs-chrome-win11","2026-07-05","passed","2026-07-05","Security > Input Validation","","",""
"","4","Server Unit Tests Surviving Mutants & Edge Cases PUT logic kills hex regex mutant in PUT","","2026-07-05","passed","2026-07-05","","Server Unit Tests","Server Unit Tests Surviving Mutants & Edge Cases PUT logic kills hex regex mutant in PUT",""
"","6","Server Integration Tests (Testcontainers) POST /api/colors should return 400 when extra fields are provided","","2026-07-05","passed","2026-07-05","","Server Integration Tests (Testcontainers)","Server Integration Tests (Testcontainers) POST /api/colors should return 400 when extra fields are provided",""
"","0","Utility Functions readableOn returns #111 for light-grey (L≈0.60, above 0.179 threshold)","","2026-07-05","passed","2026-07-05","","Utility Functions","Utility Functions readableOn returns #111 for light-grey (L≈0.60, above 0.179 threshold)",""
"","4","Server Unit Tests POST /api/colors returns 400 for completely empty body","","2026-07-05","passed","2026-07-05","","Server Unit Tests","Server Unit Tests POST /api/colors returns 400 for completely empty body",""
"","4","Server Unit Tests PUT /api/colors/:name returns 400 for invalid current name format in URL","","2026-07-05","passed","2026-07-05","","Server Unit Tests","Server Unit Tests PUT /api/colors/:name returns 400 for invalid current name format in URL",""
"","0","homepage after color change","Chrome","2026-07-05","skipped","2026-07-05","Percy Visual Regression – Production > Percy – desktop (1280×720)","","",""
"","1","Utility Functions hslToRgb hue just below 60 is in sector 0, not sector 1","","2026-07-05","passed","2026-07-05","","Utility Functions","Utility Functions hslToRgb hue just below 60 is in sector 0, not sector 1",""
"","1046","verify Yellow ( #f1c40f ) is applied as the background color","Chrome","2026-07-05","passed","2026-07-05","Background color tests","tests/coverage.spec.ts","",""
"","128","PUT /openapi.json returns 405","bs-pixel-7","2026-07-05","passed","2026-07-05","Security > HTTP Method Restrictions","","",""
"","1845","should display colors that do not exist in the database","bs-safari-ventura","2026-07-05","passed","2026-07-05","Network Mocking & Interception","","",""
"","66","Frontend Unit Tests App Component handles non-array initial fetch response gracefully","","2026-07-05","passed","2026-07-05","","Frontend Unit Tests","Frontend Unit Tests App Component handles non-array initial fetch response gracefully",""
"","159","NoSQL injection object in name is rejected (400)","bs-firefox-win11","2026-07-05","passed","2026-07-05","Security > Injection Prevention","","",""
"","7","Server Unit Tests Error Handling PUT /api/colors/:name returns 500 when database fails","","2026-07-05","passed","2026-07-05","","Server Unit Tests","Server Unit Tests Error Handling PUT /api/colors/:name returns 500 when database fails",""
"","1229","verify Yellow ( #f1c40f ) is applied as the background color","bs-chrome-win11","2026-07-05","passed","2026-07-05","POM Refactored: Background color tests","","",""
"","20","Frontend Unit Tests App Component text color on dark background is white","","2026-07-05","passed","2026-07-05","","Frontend Unit Tests","Frontend Unit Tests App Component text color on dark background is white",""
"","5822","should maintain accessibility in el language and verify resilient locators","bs-iphone-15","2026-07-05","passed","2026-07-05","i18n Accessibility Tests","","",""
"","1923","handle color selection fetch error","bs-iphone-15","2026-07-05","passed","2026-07-05","Edge cases and error handling","","",""
"","297","oversized payload is rejected (413)","bs-iphone-15","2026-07-05","passed","2026-07-05","Security > Input Validation","","",""
"","8","Component Tests ColorPicker editing name input calls onClearError to clear server error","","2026-07-05","passed","2026-07-05","","Utility Functions","Component Tests ColorPicker editing name input calls onClearError to clear server error",""
"","56","Frontend Unit Tests App Component delete sends DELETE request with correct method","","2026-07-05","passed","2026-07-05","","Frontend Unit Tests","Frontend Unit Tests App Component delete sends DELETE request with correct method",""
"","101","PATCH /api/colors/:name returns 405","bs-iphone-15","2026-07-05","passed","2026-07-05","Security > HTTP Method Restrictions","","",""
"","190","should return 404 when updating non-existent color","bs-safari-ventura","2026-07-05","passed","2026-07-05","Backend API Integration > PUT /api/colors/:name Schema Validation","","",""
"","921","clicking the backdrop closes the picker","bs-pixel-7","2026-07-05","passed","2026-07-05","Color Management — Add & Delete","","",""
"","610","shows a chip for each color with a swatch, name, and delete button","bs-pixel-7","2026-07-05","passed","2026-07-05","Color Management — Add & Delete","","",""
"","786","should update a color with valid schema","bs-pixel-7","2026-07-05","passed","2026-07-05","Backend API Integration > PUT /api/colors/:name Schema Validation","","",""
"","904","clicking the backdrop closes the picker","Chrome","2026-07-05","passed","2026-07-05","Color Management — Add & Delete","tests/color-management.spec.ts","",""
"","7","Frontend Unit Tests App Component colors.length === 0 shows loading text","","2026-07-05","passed","2026-07-05","","Frontend Unit Tests","Frontend Unit Tests App Component colors.length === 0 shows loading text",""
"","257","homepage should match snapshot","percy","2026-07-05","skipped","2026-07-05","Visual Regression – iphone-se (375×667)","","",""
"","888","should display colors that do not exist in the database","bs-chrome-win11","2026-07-05","passed","2026-07-05","Network Mocking & Interception","","",""
"","129","DELETE /api/colors (collection) returns 405","bs-pixel-7","2026-07-05","passed","2026-07-05","Security > HTTP Method Restrictions","","",""
"","20","Component Tests ColorPicker mousedown outside circle clamps sat to 1","","2026-07-05","passed","2026-07-05","","Utility Functions","Component Tests ColorPicker mousedown outside circle clamps sat to 1",""
"","1860","deleting the active color switches background to the first remaining","bs-pixel-7","2026-07-05","passed","2026-07-05","Color Management — Add & Delete","","",""
"","842","clicking ""+ Add color"" opens the picker modal","bs-chrome-win11","2026-07-05","passed","2026-07-05","Color Management — Add & Delete","","",""
"","34","Frontend Unit Tests App Component confirm dialog Escape key closes it","","2026-07-05","passed","2026-07-05","","Frontend Unit Tests","Frontend Unit Tests App Component confirm dialog Escape key closes it",""
"","69","DELETE /api/colors/{name}","","","passed","","","schemathesis","",""
"","1807","should meet the accessibility threshold using Google Lighthouse","bs-safari-ventura","2026-07-05","skipped","2026-07-05","Accessibility Tests","","",""
"","923","Example #2","BDD","2026-07-05","passed","2026-07-05","Home Page Background Color > Change background color","","",""
"","7","Server Unit Tests 405 Method Not Allowed returns 405 for POST, PUT, DELETE on /openapi.json","","2026-07-05","passed","2026-07-05","","Server Unit Tests","Server Unit Tests 405 Method Not Allowed returns 405 for POST, PUT, DELETE on /openapi.json",""
"","363","homepage should match snapshot","percy","2026-07-05","skipped","2026-07-05","Visual Regression – desktop (1280×720)","","",""
"","31","Component Tests ConfirmDialog both buttons are disabled when busy=true","","2026-07-05","passed","2026-07-05","","Component Tests","Component Tests ConfirmDialog both buttons are disabled when busy=true",""
"","5628","should maintain accessibility in es language and verify resilient locators","bs-safari-ventura","2026-07-05","passed","2026-07-05","i18n Accessibility Tests","","",""
"","1020","shows a chip for each color with a swatch, name, and delete button","Chrome","2026-07-05","passed","2026-07-05","Color Management — Add & Delete","tests/color-management.spec.ts","",""
"","200","GET /api/colors/:name should return 404 for non-existent color","bs-chrome-win11","2026-07-05","passed","2026-07-05","Backend API Integration","","",""
"","0","Utility Functions hslToRgb lightness clamped: l=-0.5 gives black","","2026-07-05","passed","2026-07-05","","Utility Functions","Utility Functions hslToRgb lightness clamped: l=-0.5 gives black",""
"","2430","changing color to Turquoise should reflect in UI and DOM","bs-safari-ventura","2026-07-05","passed","2026-07-05","Data-Driven Testing","","",""
"","4","Server Integration Tests (Testcontainers) POST /api/colors should return 400 for invalid hex format (missing #)","","2026-07-05","passed","2026-07-05","","Server Integration Tests (Testcontainers)","Server Integration Tests (Testcontainers) POST /api/colors should return 400 for invalid hex format (missing #)",""
"","0","Utility Functions hexToRgb is case-insensitive","","2026-07-05","passed","2026-07-05","","Utility Functions","Utility Functions hexToRgb is case-insensitive",""
"","115","unknown extra fields in POST body are rejected (400)","bs-safari-ventura","2026-07-05","passed","2026-07-05","Security > Input Validation","","",""
"","5","Server Integration Tests (Testcontainers) Method Not Allowed should return 405 for PATCH /api/colors","","2026-07-05","passed","2026-07-05","","Server Integration Tests (Testcontainers)","Server Integration Tests (Testcontainers) Method Not Allowed should return 405 for PATCH /api/colors",""
"","7","Server Integration Tests (Testcontainers) DELETE /api/colors/:name should return 404 on a second delete of the same color","","2026-07-05","passed","2026-07-05","","Server Integration Tests (Testcontainers)","Server Integration Tests (Testcontainers) DELETE /api/colors/:name should return 404 on a second delete of the same color",""
"","1496","changing color to Yellow should reflect in UI and DOM","bs-firefox-win11","2026-07-05","passed","2026-07-05","Data-Driven Testing","","",""
"","105","unknown extra fields in POST body are rejected (400)","bs-iphone-15","2026-07-05","passed","2026-07-05","Security > Input Validation","","",""
"","116","should reject missing hex","bs-pixel-7","2026-07-05","passed","2026-07-05","Backend API Integration > POST /api/colors Schema Validation","","",""
"","5","Server Unit Tests Middleware JSON error middleware ignores SyntaxError with status != 400","","2026-07-05","passed","2026-07-05","","Server Unit Tests","Server Unit Tests Middleware JSON error middleware ignores SyntaxError with status != 400",""
"","2593","should maintain accessibility in en language and verify resilient locators","bs-chrome-win11","2026-07-05","passed","2026-07-05","i18n Accessibility Tests","","",""
"","98","should reject updating with empty name","bs-pixel-7","2026-07-05","passed","2026-07-05","Backend API Integration > PUT /api/colors/:name Schema Validation","","",""
"","798","chip-x click opens confirm dialog with color name","bs-pixel-7","2026-07-05","passed","2026-07-05","Color Management — Add & Delete","","",""
"","686","handle initial fetch error","bs-pixel-7","2026-07-05","passed","2026-07-05","Edge cases and error handling","","",""
"","1624","verify Red ( #e74c3c ) is applied as the background color","bs-iphone-15","2026-07-05","passed","2026-07-05","Background color tests","","",""
"","122","should reject invalid hex format","bs-chrome-win11","2026-07-05","passed","2026-07-05","Backend API Integration > POST /api/colors Schema Validation","","",""
"","0","Utility Functions rgbToHsl mid-grey [128,128,128] → s=0","","2026-07-05","passed","2026-07-05","","Utility Functions","Utility Functions rgbToHsl mid-grey [128,128,128] → s=0",""
"","15","Server Integration Tests (Testcontainers) POST /api/reseed should reseed the database to the three default colors with a valid token","","2026-07-05","passed","2026-07-05","","Server Integration Tests (Testcontainers)","Server Integration Tests (Testcontainers) POST /api/reseed should reseed the database to the three default colors with a valid token",""
"","1821","should create color via API and verify through UI","bs-pixel-7","2026-07-05","passed","2026-07-05","Hybrid E2E Testing","","",""
"","107","should reject invalid hex format on update","bs-chrome-win11","2026-07-05","passed","2026-07-05","Backend API Integration > PUT /api/colors/:name Schema Validation","","",""
"","9","Server Integration Tests (Testcontainers) DELETE /api/colors/:name should delete a color and confirm removal from the real database","","2026-07-05","passed","2026-07-05","","Server Integration Tests (Testcontainers)","Server Integration Tests (Testcontainers) DELETE /api/colors/:name should delete a color and confirm removal from the real database",""
"","623","Example #3","BDD","2026-07-05","passed","2026-07-05","Language Switching > Switch language and verify translated UI labels","","",""
"","8","Server Integration Tests (Testcontainers) GET /api/colors/:name should return correct data for Turquoise","","2026-07-05","passed","2026-07-05","","Server Integration Tests (Testcontainers)","Server Integration Tests (Testcontainers) GET /api/colors/:name should return correct data for Turquoise",""
"","6","Component Tests ConfirmDialog Escape key calls onCancel when not busy","","2026-07-05","passed","2026-07-05","","Component Tests","Component Tests ConfirmDialog Escape key calls onCancel when not busy",""
"","17","Component Tests ColorPicker mousemove without prior mousedown (not dragging) does not change color","","2026-07-05","passed","2026-07-05","","Utility Functions","Component Tests ColorPicker mousemove without prior mousedown (not dragging) does not change color",""
"","112","POST with javascript: URI in name is rejected (400)","bs-pixel-7","2026-07-05","passed","2026-07-05","Security > XSS Prevention","","",""
"","67","POST with HTML tag in name is rejected (400)","Chrome","2026-07-05","passed","2026-07-05","Security > XSS Prevention","tests/security.spec.ts","",""
"","1","Utility Functions hexToRgb returns null for invalid input","","2026-07-05","passed","2026-07-05","","Utility Functions","Utility Functions hexToRgb returns null for invalid input",""
"","0","Utility Functions paintWheelPixel paints grey at center (dx=0, dy=0, dist=0, sat=0)","","2026-07-05","passed","2026-07-05","","Utility Functions","Utility Functions paintWheelPixel paints grey at center (dx=0, dy=0, dist=0, sat=0)",""
"","23","Component Tests ColorPicker mousedown at right-center (hue=0) sets hex to #ff0000","","2026-07-05","passed","2026-07-05","","Utility Functions","Component Tests ColorPicker mousedown at right-center (hue=0) sets hex to #ff0000",""
"","5","Server Unit Tests Surviving Mutants & Edge Cases Rate Limiting & Security kills mutants by verifying x-ratelimit headers","","2026-07-05","passed","2026-07-05","","Server Unit Tests","Server Unit Tests Surviving Mutants & Edge Cases Rate Limiting & Security kills mutants by verifying x-ratelimit headers",""
"","30","Frontend Unit Tests App Component add color sends POST with correct method, headers, and body","","2026-07-05","passed","2026-07-05","","Frontend Unit Tests","Frontend Unit Tests App Component add color sends POST with correct method, headers, and body",""
"","46","GET /api/colors/Yellow should return the correct hex code","Chrome","2026-07-05","passed","2026-07-05","Backend API Integration","tests/api.spec.ts","",""
"","2399","verify Turquoise ( #1abc9c ) is applied as the background color","bs-iphone-15","2026-07-05","passed","2026-07-05","Background color tests","","",""
"","1099","should show loading state when API returns empty colors","bs-iphone-15","2026-07-05","passed","2026-07-05","UI Error Handling Coverage","","",""
"","25","Component Tests ColorPicker close (×) button calls onCancel","","2026-07-05","passed","2026-07-05","","Utility Functions","Component Tests ColorPicker close (×) button calls onCancel",""
"","7","Server Integration Tests (Testcontainers) POST /api/colors should accept a color name containing spaces","","2026-07-05","passed","2026-07-05","","Server Integration Tests (Testcontainers)","Server Integration Tests (Testcontainers) POST /api/colors should accept a color name containing spaces",""
"","1615","verify Yellow ( #f1c40f ) is applied as the background color","bs-firefox-win11","2026-07-05","passed","2026-07-05","POM Refactored: Background color tests","","",""
"","0","homepage initial state","Chrome","2026-07-05","skipped","2026-07-05","Percy Visual Regression – Production > Percy – mobile (375×667)","","",""
"","1212","verify Turquoise ( #1abc9c ) is applied as the background color","bs-pixel-7","2026-07-05","passed","2026-07-05","Background color tests","","",""
"","99","POST /api-docs returns 405","bs-iphone-15","2026-07-05","passed","2026-07-05","Security > HTTP Method Restrictions","","",""
"","1678","verify language switcher changes document language","bs-iphone-15","2026-07-05","passed","2026-07-05","","","",""
"","5","Server Unit Tests POST /api/colors applies the createColorLimiter rate limit headers","","2026-07-05","passed","2026-07-05","","Server Unit Tests","Server Unit Tests POST /api/colors applies the createColorLimiter rate limit headers",""
"","4","Server Unit Tests Error Handling PUT /api/colors/:name returns 409 when database throws duplicate key error (code 11000) on save","","2026-07-05","passed","2026-07-05","","Server Unit Tests","Server Unit Tests Error Handling PUT /api/colors/:name returns 409 when database throws duplicate key error (code 11000) on save",""
"","763","changing color to Turquoise should reflect in UI and DOM","Chrome","2026-07-05","passed","2026-07-05","Data-Driven Testing","tests/data-driven.spec.ts","",""
"","1757","successfully adds a new color and shows its chip","bs-firefox-win11","2026-07-05","passed","2026-07-05","Color Management — Add & Delete","","",""
"","1176","Cancel button closes the picker","Chrome","2026-07-05","passed","2026-07-05","Color Management — Add & Delete","tests/color-management.spec.ts","",""
"","112","error responses return JSON, not HTML (no info leakage)","bs-firefox-win11","2026-07-05","passed","2026-07-05","Security > Security Headers","","",""
"","32","GET /api/colors/Turquoise should return the correct hex code","Chrome","2026-07-05","passed","2026-07-05","Backend API Integration","tests/api.spec.ts","",""
"","1280","changing color to Yellow should reflect in UI and DOM","bs-pixel-7","2026-07-05","passed","2026-07-05","Data-Driven Testing","","",""
"","99","should reject updating with empty name","bs-chrome-win11","2026-07-05","passed","2026-07-05","Backend API Integration > PUT /api/colors/:name Schema Validation","","",""
"","13","Server Unit Tests GET /api/colors returns an empty array when no colors exist","","2026-07-05","passed","2026-07-05","","Server Unit Tests","Server Unit Tests GET /api/colors returns an empty array when no colors exist",""
"","10","Server Integration Tests (Testcontainers) PUT /api/colors/:name should return 400 for invalid name in URL path","","2026-07-05","passed","2026-07-05","","Server Integration Tests (Testcontainers)","Server Integration Tests (Testcontainers) PUT /api/colors/:name should return 400 for invalid name in URL path",""
"","6","Server Unit Tests DELETE /api/colors/:name returns 404 for a non-existent color","","2026-07-05","passed","2026-07-05","","Server Unit Tests","Server Unit Tests DELETE /api/colors/:name returns 404 for a non-existent color",""
"","4","Server Unit Tests Middleware handles non-JSON content type gracefully on POST","","2026-07-05","passed","2026-07-05","","Server Unit Tests","Server Unit Tests Middleware handles non-JSON content type gracefully on POST",""
"","7","Server Integration Tests (Testcontainers) seedDatabase should be idempotent — calling twice always yields exactly 3 colors","","2026-07-05","passed","2026-07-05","","Server Integration Tests (Testcontainers)","Server Integration Tests (Testcontainers) seedDatabase should be idempotent — calling twice always yields exactly 3 colors",""
"","1022","Cancel button closes the picker","bs-chrome-win11","2026-07-05","passed","2026-07-05","Color Management — Add & Delete","","",""
"","12","Server Unit Tests Surviving Mutants & Edge Cases Strict Path & Method Validation kills mutants that change route paths to empty string","","2026-07-05","passed","2026-07-05","","Server Unit Tests","Server Unit Tests Surviving Mutants & Edge Cases Strict Path & Method Validation kills mutants that change route paths to empty string",""
"","133","NoSQL operator in GET path param is rejected (400 or 404)","bs-firefox-win11","2026-07-05","passed","2026-07-05","Security > Injection Prevention","","",""
"","27","Component Tests ColorPicker touch start on canvas sets hex to #ff0000 at right edge","","2026-07-05","passed","2026-07-05","","Utility Functions","Component Tests ColorPicker touch start on canvas sets hex to #ff0000 at right edge",""
"","662","shows a chip for each color with a swatch, name, and delete button","bs-chrome-win11","2026-07-05","passed","2026-07-05","Color Management — Add & Delete","","",""
"","23","GET /api/colors/Red should return the correct hex code","Chrome","2026-07-05","passed","2026-07-05","Backend API Integration","tests/api.spec.ts","",""
"","1504","shows server-error message on 500 inside the picker","bs-firefox-win11","2026-07-05","passed","2026-07-05","Color Management — Add & Delete","","",""
"","8","Component Tests ColorPicker backdrop dismiss button is aria-hidden and not in tab order","","2026-07-05","passed","2026-07-05","","Utility Functions","Component Tests ColorPicker backdrop dismiss button is aria-hidden and not in tab order",""
"","47","Frontend Unit Tests App Component deleting a non-active color keeps the current background","","2026-07-05","passed","2026-07-05","","Frontend Unit Tests","Frontend Unit Tests App Component deleting a non-active color keeps the current background",""
"","29","Component Tests ConfirmDialog confirm button calls onConfirm","","2026-07-05","passed","2026-07-05","","Component Tests","Component Tests ConfirmDialog confirm button calls onConfirm",""
"","45","Frontend Unit Tests App Component confirm dialog cancel button closes it","","2026-07-05","passed","2026-07-05","","Frontend Unit Tests","Frontend Unit Tests App Component confirm dialog cancel button closes it",""
"","0","Utility Functions readableOn returns #111 for an invalid/empty hex string (null rgb fallback)","","2026-07-05","passed","2026-07-05","","Utility Functions","Utility Functions readableOn returns #111 for an invalid/empty hex string (null rgb fallback)",""
"","1","Utility Functions hslToRgb hue=60 (yellow) → [255,255,0]","","2026-07-05","passed","2026-07-05","","Utility Functions","Utility Functions hslToRgb hue=60 (yellow) → [255,255,0]",""
"","9","Frontend Unit Tests App Component shows error alert when initial fetch returns non-2xx","","2026-07-05","passed","2026-07-05","","Frontend Unit Tests","Frontend Unit Tests App Component shows error alert when initial fetch returns non-2xx",""
"","2177","should load the application and verify core functionality across browsers","Firefox","2026-07-05","passed","2026-07-05","Cross-Browser Core Functionality","","",""
"","952","changing color to Red should reflect in UI and DOM","Chrome","2026-07-05","passed","2026-07-05","Data-Driven Testing","tests/data-driven.spec.ts","",""
"","8949","shows 409 duplicate error from server inside the picker","bs-iphone-15","2026-07-05","passed","2026-07-05","Color Management — Add & Delete","","",""
"","119","should reject empty name","bs-safari-ventura","2026-07-05","passed","2026-07-05","Backend API Integration > POST /api/colors Schema Validation","","",""
"","5","Server Unit Tests Error Handling POST /api/colors returns 409 when database throws duplicate key error (code 11000)","","2026-07-05","passed","2026-07-05","","Server Unit Tests","Server Unit Tests Error Handling POST /api/colors returns 409 when database throws duplicate key error (code 11000)",""
"","12","should reject empty name","Chrome","2026-07-05","passed","2026-07-05","Backend API Integration > POST /api/colors Schema Validation","tests/api.spec.ts","",""
"","10","Frontend Unit Tests App Component shows loading text when colors array is empty","","2026-07-05","passed","2026-07-05","","Frontend Unit Tests","Frontend Unit Tests App Component shows loading text when colors array is empty",""
"","0","Utility Functions hslToRgb negative hue wraps: hue=-120 = hue=240","","2026-07-05","passed","2026-07-05","","Utility Functions","Utility Functions hslToRgb negative hue wraps: hue=-120 = hue=240",""
"","461","should create a new color with valid schema","bs-iphone-15","2026-07-05","passed","2026-07-05","Backend API Integration > POST /api/colors Schema Validation","","",""
"","409","should handle missing image gracefully by showing alt text","bs-pixel-7","2026-07-05","passed","2026-07-05","Network Mocking & Interception","","",""
"","133","PATCH /api/colors/:name returns 405","bs-safari-ventura","2026-07-05","passed","2026-07-05","Security > HTTP Method Restrictions","","",""
"","5577","should not have any automatically detectable accessibility issues","bs-safari-ventura","2026-07-05","passed","2026-07-05","Accessibility Tests","","",""
"","42","Frontend Unit Tests App Component handleColorClick shows error on non-2xx response","","2026-07-05","passed","2026-07-05","","Frontend Unit Tests","Frontend Unit Tests App Component handleColorClick shows error on non-2xx response",""
"","8","PATCH /api/colors returns 405","Chrome","2026-07-05","passed","2026-07-05","Security > HTTP Method Restrictions","tests/security.spec.ts","",""
"","16","Server Unit Tests Surviving Mutants & Edge Cases Regex & Validation STRICT_NAME_REGEX kills mutants on start/end/middle characters","","2026-07-05","passed","2026-07-05","","Server Unit Tests","Server Unit Tests Surviving Mutants & Edge Cases Regex & Validation STRICT_NAME_REGEX kills mutants on start/end/middle characters",""
"","3175","mobile color picker workflow","percy","2026-07-05","passed","2026-07-05","Percy Visual Regression – Production > Percy – Mobile Interactions","","",""
"","1534","cancel in confirm dialog closes it without deleting","bs-firefox-win11","2026-07-05","passed","2026-07-05","Color Management — Add & Delete","","",""
"","0","Utility Functions rgbToHsl g max with b>r (#00ff80) → h near 150","","2026-07-05","passed","2026-07-05","","Utility Functions","Utility Functions rgbToHsl g max with b>r (#00ff80) → h near 150",""
"","219","GET /api/colors should return colors sorted alphabetically by name","bs-chrome-win11","2026-07-05","passed","2026-07-05","Backend API Integration","","",""
"","2143","should maintain accessibility in es language and verify resilient locators","bs-pixel-7","2026-07-05","passed","2026-07-05","i18n Accessibility Tests","","",""
"","118","NoSQL injection object in name is rejected (400)","bs-pixel-7","2026-07-05","passed","2026-07-05","Security > Injection Prevention","","",""
"","1022","should create dynamic random color via API and verify through UI","Chrome","2026-07-05","passed","2026-07-05","Random Data Testing with faker.js","tests/random-data.spec.ts","",""
"","107","SQL injection characters in name are rejected (400)","bs-pixel-7","2026-07-05","passed","2026-07-05","Security > Injection Prevention","","",""
"","979","should gracefully handle a color not found in the database","bs-firefox-win11","2026-07-05","passed","2026-07-05","Network Mocking & Interception","","",""
"","11","Server Unit Tests PUT /api/colors/:name updates the hex of an existing color","","2026-07-05","passed","2026-07-05","","Server Unit Tests","Server Unit Tests PUT /api/colors/:name updates the hex of an existing color",""
"","192","should return 404 for non-existent color deletion","bs-iphone-15","2026-07-05","passed","2026-07-05","Backend API Integration > DELETE /api/colors/:name","","",""
"","220","GET /api/colors/Red should return the correct hex code","bs-firefox-win11","2026-07-05","passed","2026-07-05","Backend API Integration","","",""
"","1538","verify Turquoise ( #1abc9c ) is applied as the background color","bs-firefox-win11","2026-07-05","passed","2026-07-05","Background color tests","","",""
"","108","should reject missing hex","bs-iphone-15","2026-07-05","passed","2026-07-05","Backend API Integration > POST /api/colors Schema Validation","","",""
"","121","NoSQL operator in GET path param is rejected (400 or 404)","bs-safari-ventura","2026-07-05","passed","2026-07-05","Security > Injection Prevention","","",""
"","1","Utility Functions rgbToHex converts arbitrary color","","2026-07-05","passed","2026-07-05","","Utility Functions","Utility Functions rgbToHex converts arbitrary color",""
"","990","handle initial fetch with empty data","bs-firefox-win11","2026-07-05","passed","2026-07-05","Edge cases and error handling","","",""
"","4","Server Unit Tests POST /api/colors returns 400 for invalid hex format (too short)","","2026-07-05","passed","2026-07-05","","Server Unit Tests","Server Unit Tests POST /api/colors returns 400 for invalid hex format (too short)",""
"","10","Server Integration Tests (Testcontainers) Concurrent writes should handle parallel GETs without errors","","2026-07-05","passed","2026-07-05","","Server Integration Tests (Testcontainers)","Server Integration Tests (Testcontainers) Concurrent writes should handle parallel GETs without errors",""
"","0","Utility Functions rgbToHex converts pure green","","2026-07-05","passed","2026-07-05","","Utility Functions","Utility Functions rgbToHex converts pure green",""
"","5","Server Unit Tests Middleware does not include X-Powered-By header","","2026-07-05","passed","2026-07-05","","Server Unit Tests","Server Unit Tests Middleware does not include X-Powered-By header",""
"","130","should reject invalid hex format","bs-pixel-7","2026-07-05","passed","2026-07-05","Backend API Integration > POST /api/colors Schema Validation","","",""
"","179","POST with HTML tag in name is rejected (400)","bs-safari-ventura","2026-07-05","passed","2026-07-05","Security > XSS Prevention","","",""
"","2027","deleting the active color switches background to the first remaining","Chrome","2026-07-05","passed","2026-07-05","Color Management — Add & Delete","tests/color-management.spec.ts","",""
"","1000","changing color to Red should reflect in UI and DOM","bs-chrome-win11","2026-07-05","passed","2026-07-05","Data-Driven Testing","","",""
"","4","Server Unit Tests Surviving Mutants & Edge Cases OpenAPI Content-Type has application/json content-type","","2026-07-05","passed","2026-07-05","","Server Unit Tests","Server Unit Tests Surviving Mutants & Edge Cases OpenAPI Content-Type has application/json content-type",""
"","2538","verify Turquoise ( #1abc9c ) is applied as the background color","bs-safari-ventura","2026-07-05","passed","2026-07-05","POM Refactored: Background color tests","","",""
"","3231","chip-x click opens confirm dialog with color name","bs-safari-ventura","2026-07-05","passed","2026-07-05","Color Management — Add & Delete","","",""
"","26","Frontend Unit Tests App Component shows add-color button even when colors are empty","","2026-07-05","passed","2026-07-05","","Frontend Unit Tests","Frontend Unit Tests App Component shows add-color button even when colors are empty",""
"","0","Utility Functions rgbToHsl light red (#ff8080): l>0.5, s computed via (2-max-min) branch","","2026-07-05","passed","2026-07-05","","Utility Functions","Utility Functions rgbToHsl light red (#ff8080): l>0.5, s computed via (2-max-min) branch",""
"","113","malformed JSON body returns 400","bs-pixel-7","2026-07-05","passed","2026-07-05","Security > Input Validation","","",""
"","10","Component Tests ConfirmDialog dialog has correct ARIA attributes","","2026-07-05","passed","2026-07-05","","Component Tests","Component Tests ConfirmDialog dialog has correct ARIA attributes",""
"","10004","shows client-side validation error for invalid name chars","bs-safari-ventura","2026-07-05","passed","2026-07-05","Color Management — Add & Delete","","",""
"","2054","deleting the active color switches background to the first remaining","bs-chrome-win11","2026-07-05","passed","2026-07-05","Color Management — Add & Delete","","",""
"","111","PATCH /api/colors/:name returns 405","bs-chrome-win11","2026-07-05","passed","2026-07-05","Security > HTTP Method Restrictions","","",""
"","1296","clicking a chip makes it active","bs-firefox-win11","2026-07-05","passed","2026-07-05","Color Management — Add & Delete","","",""
"","82","should return 404 when updating non-existent color","Chrome","2026-07-05","passed","2026-07-05","Backend API Integration > PUT /api/colors/:name Schema Validation","tests/api.spec.ts","",""
"","9","Server Unit Tests POST /api/colors accepts single alphanumeric characters as names","","2026-07-05","passed","2026-07-05","","Server Unit Tests","Server Unit Tests POST /api/colors accepts single alphanumeric characters as names",""
"","1149","successful delete removes the chip","Chrome","2026-07-05","passed","2026-07-05","Color Management — Add & Delete","tests/color-management.spec.ts","",""
"","1","Utility Functions hslToRgb high lightness l=0.75 → [255,128,128]","","2026-07-05","passed","2026-07-05","","Utility Functions","Utility Functions hslToRgb high lightness l=0.75 → [255,128,128]",""
"","1157","close (×) button closes the picker","bs-chrome-win11","2026-07-05","passed","2026-07-05","Color Management — Add & Delete","","",""
"","2436","should maintain accessibility in en language and verify resilient locators","bs-firefox-win11","2026-07-05","passed","2026-07-05","i18n Accessibility Tests","","",""
"","5897","should not have any automatically detectable accessibility issues","bs-chrome-win11","2026-07-05","passed","2026-07-05","Accessibility Tests","","",""
"","1253","verify Turquoise ( #1abc9c ) is applied as the background color","bs-pixel-7","2026-07-05","passed","2026-07-05","POM Refactored: Background color tests","","",""
"","1333","verify Turquoise ( #1abc9c ) is applied as the background color","Chrome","2026-07-05","passed","2026-07-05","Background color tests","tests/coverage.spec.ts","",""
"","349","Server Unit Tests Surviving Mutants & Edge Cases Infrastructure uses MONGO_URI from environment if available","","2026-07-05","passed","2026-07-05","","Server Unit Tests","Server Unit Tests Surviving Mutants & Edge Cases Infrastructure uses MONGO_URI from environment if available",""
"","483","should delete an existing color","bs-pixel-7","2026-07-05","passed","2026-07-05","Backend API Integration > DELETE /api/colors/:name","","",""
"","116","SQL injection characters in name are rejected (400)","bs-safari-ventura","2026-07-05","passed","2026-07-05","Security > Injection Prevention","","",""
"","0","Utility Functions rgbToHex output is lowercase","","2026-07-05","passed","2026-07-05","","Utility Functions","Utility Functions rgbToHex output is lowercase",""
"","117","should reject invalid hex format on update","bs-firefox-win11","2026-07-05","passed","2026-07-05","Backend API Integration > PUT /api/colors/:name Schema Validation","","",""
"","110","PATCH /api/colors returns 405","bs-safari-ventura","2026-07-05","passed","2026-07-05","Security > HTTP Method Restrictions","","",""
"","67","Frontend Unit Tests App Component useEffect runs only once on mount","","2026-07-05","passed","2026-07-05","","Frontend Unit Tests","Frontend Unit Tests App Component useEffect runs only once on mount",""
"","1","Utility Functions hslToRgb saturation clamped: s=1.5 treated as s=1","","2026-07-05","passed","2026-07-05","","Utility Functions","Utility Functions hslToRgb saturation clamped: s=1.5 treated as s=1",""
"","5","Server Unit Tests OpenAPI endpoints serves Swagger UI as HTML","","2026-07-05","passed","2026-07-05","","Server Unit Tests","Server Unit Tests OpenAPI endpoints serves Swagger UI as HTML",""
"","10052","successfully adds a new color and shows its chip","bs-iphone-15","2026-07-05","passed","2026-07-05","Color Management — Add & Delete","","",""
"","5","Server Unit Tests GET /api/colors/:name returns 400 for invalid name in path (regex check)","","2026-07-05","passed","2026-07-05","","Server Unit Tests","Server Unit Tests GET /api/colors/:name returns 400 for invalid name in path (regex check)",""
"","937","changing color to Yellow should reflect in UI and DOM","Chrome","2026-07-05","passed","2026-07-05","Data-Driven Testing","tests/data-driven.spec.ts","",""
"","96","should reject omitting both name and hex on update","bs-iphone-15","2026-07-05","passed","2026-07-05","Backend API Integration > PUT /api/colors/:name Schema Validation","","",""
"","533","should display all core elements and handle button interaction","percy","2026-07-05","skipped","2026-07-05","Responsive Design – iPhone landscape (667×375)","","",""
"","10760","clicking the backdrop closes the picker","bs-safari-ventura","2026-07-05","passed","2026-07-05","Color Management — Add & Delete","","",""
"","12","should reject missing hex","Chrome","2026-07-05","passed","2026-07-05","Backend API Integration > POST /api/colors Schema Validation","tests/api.spec.ts","",""
"","7","Server Unit Tests 405 Method Not Allowed returns 405 for POST, PUT, DELETE on /api-docs","","2026-07-05","passed","2026-07-05","","Server Unit Tests","Server Unit Tests 405 Method Not Allowed returns 405 for POST, PUT, DELETE on /api-docs",""
"","4","Server Unit Tests POST /api/colors rejects names with the + character (+ encodes as space in URLs, causing lookup mismatches)","","2026-07-05","passed","2026-07-05","","Server Unit Tests","Server Unit Tests POST /api/colors rejects names with the + character (+ encodes as space in URLs, causing lookup mismatches)",""
"","134","POST with HTML tag in name is rejected (400)","bs-chrome-win11","2026-07-05","passed","2026-07-05","Security > XSS Prevention","","",""
"","205","should return 404 when updating non-existent color","bs-firefox-win11","2026-07-05","passed","2026-07-05","Backend API Integration > PUT /api/colors/:name Schema Validation","","",""
"","1","Utility Functions hslToRgb hue=30 (orange) → [255,128,0]","","2026-07-05","passed","2026-07-05","","Utility Functions","Utility Functions hslToRgb hue=30 (orange) → [255,128,0]",""
"","120","malformed JSON body returns 400","bs-chrome-win11","2026-07-05","passed","2026-07-05","Security > Input Validation","","",""
"","41","Frontend Unit Tests App Component add color network error shows network error message","","2026-07-05","passed","2026-07-05","","Frontend Unit Tests","Frontend Unit Tests App Component add color network error shows network error message",""
"","8","Server Integration Tests (Testcontainers) GET /api/colors/:name should return 404 for a non-existent color","","2026-07-05","passed","2026-07-05","","Server Integration Tests (Testcontainers)","Server Integration Tests (Testcontainers) GET /api/colors/:name should return 404 for a non-existent color",""
"","0","Utility Functions rgbToHex value 16 does not pad","","2026-07-05","passed","2026-07-05","","Utility Functions","Utility Functions rgbToHex value 16 does not pad",""
"","1534","handle color response missing hex property","bs-firefox-win11","2026-07-05","passed","2026-07-05","Edge cases and error handling","","",""
"","223","GET /api/colors/Red should return the correct hex code","bs-pixel-7","2026-07-05","passed","2026-07-05","Backend API Integration","","",""
"","9","X-Powered-By header is not exposed","Chrome","2026-07-05","passed","2026-07-05","Security > Security Headers","tests/security.spec.ts","",""
"","9","Component Tests ColorPicker typing an invalid hex shows ""Use format #RRGGBB"" error","","2026-07-05","passed","2026-07-05","","Utility Functions","Component Tests ColorPicker typing an invalid hex shows ""Use format #RRGGBB"" error",""
"","1632","handle initial fetch with empty data","bs-safari-ventura","2026-07-05","passed","2026-07-05","Edge cases and error handling","","",""
"","7","PATCH /api/colors/:name returns 405","Chrome","2026-07-05","passed","2026-07-05","Security > HTTP Method Restrictions","tests/security.spec.ts","",""
"","0","Utility Functions hslToRgb saturation clamped: s=-0.5 treated as s=0","","2026-07-05","passed","2026-07-05","","Utility Functions","Utility Functions hslToRgb saturation clamped: s=-0.5 treated as s=0",""
"","0","Utility Functions paintWheelPixel anti-aliases the outermost ring: dist=r gives alpha=0","","2026-07-05","passed","2026-07-05","","Utility Functions","Utility Functions paintWheelPixel anti-aliases the outermost ring: dist=r gives alpha=0",""
"","120","malformed JSON body returns 400","bs-firefox-win11","2026-07-05","passed","2026-07-05","Security > Input Validation","","",""
"","54","Frontend Unit Tests App Component handleColorClick clears previous error on new successful click","","2026-07-05","passed","2026-07-05","","Frontend Unit Tests","Frontend Unit Tests App Component handleColorClick clears previous error on new successful click",""
"","1185","clicking ""+ Add color"" opens the picker modal","bs-firefox-win11","2026-07-05","passed","2026-07-05","Color Management — Add & Delete","","",""
"","119","POST /api-docs returns 405","bs-safari-ventura","2026-07-05","passed","2026-07-05","Security > HTTP Method Restrictions","","",""
"","116","should reject empty name","bs-iphone-15","2026-07-05","passed","2026-07-05","Backend API Integration > POST /api/colors Schema Validation","","",""
"","1174","should handle color click network failure gracefully","bs-firefox-win11","2026-07-05","passed","2026-07-05","UI Error Handling Coverage","","",""
"","40","Frontend Unit Tests App Component add color 501 also triggers server error message (>= 500)","","2026-07-05","passed","2026-07-05","","Frontend Unit Tests","Frontend Unit Tests App Component add color 501 also triggers server error message (>= 500)",""
"","101","should reject updating with empty name","bs-safari-ventura","2026-07-05","passed","2026-07-05","Backend API Integration > PUT /api/colors/:name Schema Validation","","",""
"","677","should return 409 for duplicate color creation","bs-pixel-7","2026-07-05","passed","2026-07-05","Backend API Integration > POST /api/colors Schema Validation","","",""
"","6","Server Unit Tests Surviving Mutants & Edge Cases Rate Limiting & Security kills mutants by verifying x-powered-by is removed","","2026-07-05","passed","2026-07-05","","Server Unit Tests","Server Unit Tests Surviving Mutants & Edge Cases Rate Limiting & Security kills mutants by verifying x-powered-by is removed",""
"","2856","should create color via API and verify through UI","bs-iphone-15","2026-07-05","passed","2026-07-05","Hybrid E2E Testing","","",""
"","2376","Escape key closes the confirm dialog","bs-safari-ventura","2026-07-05","passed","2026-07-05","Color Management — Add & Delete","","",""
"","35","should update a color with valid schema","Chrome","2026-07-05","passed","2026-07-05","Backend API Integration > PUT /api/colors/:name Schema Validation","tests/api.spec.ts","",""
"","685","handle color selection fetch error","Chrome","2026-07-05","passed","2026-07-05","Edge cases and error handling","tests/coverage.spec.ts","",""
"","2296","verify Turquoise ( #1abc9c ) is applied as the background color","bs-iphone-15","2026-07-05","passed","2026-07-05","POM Refactored: Background color tests","","",""
"","1263","shows client-side ""Name is required"" when submitting empty name","Chrome","2026-07-05","passed","2026-07-05","Color Management — Add & Delete","tests/color-management.spec.ts","",""
"","8","malformed JSON body returns 400","Chrome","2026-07-05","passed","2026-07-05","Security > Input Validation","tests/security.spec.ts","",""
"","26","Server Integration Tests (Testcontainers) POST /api/colors should create a new color and persist it in the real database","","2026-07-05","passed","2026-07-05","","Server Integration Tests (Testcontainers)","Server Integration Tests (Testcontainers) POST /api/colors should create a new color and persist it in the real database",""
"","2049","should maintain accessibility in el language and verify resilient locators","bs-chrome-win11","2026-07-05","passed","2026-07-05","i18n Accessibility Tests","","",""
"","1","Utility Functions rgbToHsl white [255,255,255] → h=0, s=0, l=1","","2026-07-05","passed","2026-07-05","","Utility Functions","Utility Functions rgbToHsl white [255,255,255] → h=0, s=0, l=1",""
"","1305","should display all core elements and handle button interaction","Chrome","2026-07-05","passed","2026-07-05","Responsive Design – tablet (768×1024)","","",""
"","12","Component Tests ColorPicker non-Enter key on name input does not trigger submit","","2026-07-05","passed","2026-07-05","","Utility Functions","Component Tests ColorPicker non-Enter key on name input does not trigger submit",""
"","129","POST with javascript: URI in name is rejected (400)","bs-iphone-15","2026-07-05","passed","2026-07-05","Security > XSS Prevention","","",""
"","28","Component Tests ColorPicker cancel button calls onCancel","","2026-07-05","passed","2026-07-05","","Utility Functions","Component Tests ColorPicker cancel button calls onCancel",""
"","2160","clicking a chip makes it active","bs-iphone-15","2026-07-05","passed","2026-07-05","Color Management — Add & Delete","","",""
"","1588","homepage should match snapshot","Chrome","2026-07-05","passed","2026-07-05","Visual Regression – desktop-xl (1920×1080)","","",""
"","114","error responses return JSON, not HTML (no info leakage)","bs-safari-ventura","2026-07-05","passed","2026-07-05","Security > Security Headers","","",""
"","0","Utility Functions readableOn returns #fff for black (very dark, L≈0)","","2026-07-05","passed","2026-07-05","","Utility Functions","Utility Functions readableOn returns #fff for black (very dark, L≈0)",""
"","5","Server Unit Tests PUT /api/colors/:name returns 404 for a non-existent color","","2026-07-05","passed","2026-07-05","","Server Unit Tests","Server Unit Tests PUT /api/colors/:name returns 404 for a non-existent color",""
"","22","Component Tests ColorPicker submit is blocked when hex input has an error","","2026-07-05","passed","2026-07-05","","Utility Functions","Component Tests ColorPicker submit is blocked when hex input has an error",""
"","1046","clicking a chip makes it active","bs-chrome-win11","2026-07-05","passed","2026-07-05","Color Management — Add & Delete","","",""
"","858","should handle color click network failure gracefully","Chrome","2026-07-05","passed","2026-07-05","UI Error Handling Coverage","tests/error-handling.spec.ts","",""
"","114","should reject omitting both name and hex on update","bs-firefox-win11","2026-07-05","passed","2026-07-05","Backend API Integration > PUT /api/colors/:name Schema Validation","","",""
"","15","oversized payload is rejected (413)","Chrome","2026-07-05","passed","2026-07-05","Security > Input Validation","tests/security.spec.ts","",""
"","1665","check Turquoise ( #1abc9c) is the default background color.","bs-iphone-15","2026-07-05","passed","2026-07-05","","","",""
"","117","empty body on POST returns 400","bs-safari-ventura","2026-07-05","passed","2026-07-05","Security > Input Validation","","",""
"","887","clicking ""+ Add color"" opens the picker modal","bs-pixel-7","2026-07-05","passed","2026-07-05","Color Management — Add & Delete","","",""
"","5","Server Unit Tests 405 Method Not Allowed does not return 405 for allowed GET method on /api/colors","","2026-07-05","passed","2026-07-05","","Server Unit Tests","Server Unit Tests 405 Method Not Allowed does not return 405 for allowed GET method on /api/colors",""
"","13","Component Tests ColorPicker typing red with g<b hex updates internal state","","2026-07-05","passed","2026-07-05","","Utility Functions","Component Tests ColorPicker typing red with g<b hex updates internal state",""
"","9","Server Unit Tests Surviving Mutants & Edge Cases Regex & Validation hex regex kills mutants by testing boundaries and formats","","2026-07-05","passed","2026-07-05","","Server Unit Tests","Server Unit Tests Surviving Mutants & Edge Cases Regex & Validation hex regex kills mutants by testing boundaries and formats",""
"","471","should delete an existing color","bs-safari-ventura","2026-07-05","passed","2026-07-05","Backend API Integration > DELETE /api/colors/:name","","",""
"","6","Server Unit Tests POST /api/colors accepts names with alphanumeric characters and spaces","","2026-07-05","passed","2026-07-05","","Server Unit Tests","Server Unit Tests POST /api/colors accepts names with alphanumeric characters and spaces",""
"","661","should return 409 for duplicate color creation","bs-iphone-15","2026-07-05","passed","2026-07-05","Backend API Integration > POST /api/colors Schema Validation","","",""
"","8808","should meet the accessibility threshold using Google Lighthouse","Chrome","2026-07-05","passed","2026-07-05","Accessibility Tests","tests/a11y.spec.ts","",""
"","113","NoSQL $where operator in name is rejected (400)","bs-iphone-15","2026-07-05","passed","2026-07-05","Security > Injection Prevention","","",""
"","8836","close (×) button closes the picker","bs-iphone-15","2026-07-05","passed","2026-07-05","Color Management — Add & Delete","","",""
"","4","Server Unit Tests POST /api/reseed returns 401 when token is incorrect","","2026-07-05","passed","2026-07-05","","Server Unit Tests","Server Unit Tests POST /api/reseed returns 401 when token is incorrect",""
"","1411","shows client-side validation error for invalid name chars","Chrome","2026-07-05","passed","2026-07-05","Color Management — Add & Delete","tests/color-management.spec.ts","",""
"","0","Utility Functions hslToRgb hue=180 (cyan) → [0,255,255]","","2026-07-05","passed","2026-07-05","","Utility Functions","Utility Functions hslToRgb hue=180 (cyan) → [0,255,255]",""
"","798","handle color response missing hex property","bs-pixel-7","2026-07-05","passed","2026-07-05","Edge cases and error handling","","",""
"","4","Server Unit Tests OpenAPI endpoints serves the OpenAPI JSON spec with exact metadata","","2026-07-05","passed","2026-07-05","","Server Unit Tests","Server Unit Tests OpenAPI endpoints serves the OpenAPI JSON spec with exact metadata",""
"","220","GET /api/colors/:name should return 404 for non-existent color","bs-iphone-15","2026-07-05","passed","2026-07-05","Backend API Integration","","",""
"","1214","handle initial fetch error","bs-safari-ventura","2026-07-05","passed","2026-07-05","Edge cases and error handling","","",""
"","1188","should meet the accessibility threshold using Google Lighthouse","bs-chrome-win11","2026-07-05","skipped","2026-07-05","Accessibility Tests","","",""
"","21","Component Tests ConfirmDialog cancelLabel prop is reflected in the button text","","2026-07-05","passed","2026-07-05","","Component Tests","Component Tests ConfirmDialog cancelLabel prop is reflected in the button text",""
"","1","homepage after color change","Chrome","2026-07-05","skipped","2026-07-05","Percy Visual Regression – Production > Percy – mobile (375×667)","","",""
"","9","Server Unit Tests GET /api/colors returns JSON content type","","2026-07-05","passed","2026-07-05","","Server Unit Tests","Server Unit Tests GET /api/colors returns JSON content type",""
"","0","homepage initial state","Chrome","2026-07-05","skipped","2026-07-05","Percy Visual Regression – Production > Percy – tablet (768×1024)","","",""
"","782","verify Yellow ( #f1c40f ) is applied as the background color","Chrome","2026-07-05","passed","2026-07-05","POM Refactored: Background color tests","tests/pom-refactored.spec.ts","",""
"","6066","should maintain accessibility after state change (color update)","bs-iphone-15","2026-07-05","passed","2026-07-05","Accessibility Tests","","",""
"","1713","handle color response missing hex property","bs-iphone-15","2026-07-05","passed","2026-07-05","Edge cases and error handling","","",""
"","708","should show loading state when API returns empty colors","bs-chrome-win11","2026-07-05","passed","2026-07-05","UI Error Handling Coverage","","",""
"","8","NoSQL operator in GET path param is rejected (400 or 404)","Chrome","2026-07-05","passed","2026-07-05","Security > Injection Prevention","tests/security.spec.ts","",""
"","1472","color names rendered in the UI do not trigger script execution","bs-chrome-win11","2026-07-05","passed","2026-07-05","Security > XSS Prevention","","",""
"","2160","chip-x click opens confirm dialog with color name","bs-iphone-15","2026-07-05","passed","2026-07-05","Color Management — Add & Delete","","",""
"","4","Server Integration Tests (Testcontainers) POST /api/reseed should return 405 for GET on /api/reseed","","2026-07-05","passed","2026-07-05","","Server Integration Tests (Testcontainers)","Server Integration Tests (Testcontainers) POST /api/reseed should return 405 for GET on /api/reseed",""
"","8","Component Tests ColorPicker displays serverError prop in an alert banner","","2026-07-05","passed","2026-07-05","","Utility Functions","Component Tests ColorPicker displays serverError prop in an alert banner",""
"","754","handle color response missing hex property","Chrome","2026-07-05","passed","2026-07-05","Edge cases and error handling","tests/coverage.spec.ts","",""
"","12","Server Unit Tests Surviving Mutants & Edge Cases Regex & Validation STRICT_NAME_REGEX is strict on forbidden special characters in the middle","","2026-07-05","passed","2026-07-05","","Server Unit Tests","Server Unit Tests Surviving Mutants & Edge Cases Regex & Validation STRICT_NAME_REGEX is strict on forbidden special characters in the middle",""
"","25","Component Tests ColorPicker lightness slider change updates the preview","","2026-07-05","passed","2026-07-05","","Utility Functions","Component Tests ColorPicker lightness slider change updates the preview",""
"","2572","homepage after color change","percy","2026-07-05","passed","2026-07-05","Percy Visual Regression – Production > Percy – tablet (768×1024)","","",""
"","935","Example #1","BDD","2026-07-05","passed","2026-07-05","Home Page Background Color > Change background color","","",""
"","14448","Cancel button closes the picker","bs-safari-ventura","2026-07-05","passed","2026-07-05","Color Management — Add & Delete","","",""
"","1","Utility Functions hslToRgb hue=240 (blue) → [0,0,255]","","2026-07-05","passed","2026-07-05","","Utility Functions","Utility Functions hslToRgb hue=240 (blue) → [0,0,255]",""
"","1259","homepage should match snapshot","Chrome","2026-07-05","passed","2026-07-05","Visual Regression – desktop (1280×720)","","",""
"","8495","cancel in confirm dialog closes it without deleting","bs-safari-ventura","2026-07-05","passed","2026-07-05","Color Management — Add & Delete","","",""
"","10176","shows 409 duplicate error from server inside the picker","bs-safari-ventura","2026-07-05","passed","2026-07-05","Color Management — Add & Delete","","",""
"","6","PUT /openapi.json returns 405","Chrome","2026-07-05","passed","2026-07-05","Security > HTTP Method Restrictions","tests/security.spec.ts","",""
"","139","SQL injection characters in name are rejected (400)","bs-firefox-win11","2026-07-05","passed","2026-07-05","Security > Injection Prevention","","",""
"","393","homepage should match snapshot","percy","2026-07-05","skipped","2026-07-05","Visual Regression – tablet (768×1024)","","",""
"","877","should meet the accessibility threshold using Google Lighthouse","bs-pixel-7","2026-07-05","skipped","2026-07-05","Accessibility Tests","","",""
"","2233","check Turquoise ( #1abc9c) is the default background color.","bs-safari-ventura","2026-07-05","passed","2026-07-05","","","",""
"","827","should update a color with valid schema","bs-safari-ventura","2026-07-05","passed","2026-07-05","Backend API Integration > PUT /api/colors/:name Schema Validation","","",""
"","8","Server Integration Tests (Testcontainers) GET /api/colors should return colors sorted alphabetically by name","","2026-07-05","passed","2026-07-05","","Server Integration Tests (Testcontainers)","Server Integration Tests (Testcontainers) GET /api/colors should return colors sorted alphabetically by name",""
"","11","GET /api/colors should return all colors","Chrome","2026-07-05","passed","2026-07-05","Backend API Integration","tests/api.spec.ts","",""
"","3","Server Integration Tests (Testcontainers) POST /api/reseed should return 401 when token is invalid","","2026-07-05","passed","2026-07-05","","Server Integration Tests (Testcontainers)","Server Integration Tests (Testcontainers) POST /api/reseed should return 401 when token is invalid",""
"","126","unknown extra fields in POST body are rejected (400)","bs-firefox-win11","2026-07-05","passed","2026-07-05","Security > Input Validation","","",""
"","4","Server Unit Tests Surviving Mutants & Edge Cases Swagger Metadata & OpenAPI has exact server metadata","","2026-07-05","passed","2026-07-05","","Server Unit Tests","Server Unit Tests Surviving Mutants & Edge Cases Swagger Metadata & OpenAPI has exact server metadata",""
"","1","homepage initial state","Chrome","2026-07-05","skipped","2026-07-05","Percy Visual Regression – Production > Percy – desktop-xl (1920×1080)","","",""
"","249","GET /api/colors/Red should return the correct hex code","bs-chrome-win11","2026-07-05","passed","2026-07-05","Backend API Integration","","",""
"","654","Escape key closes the confirm dialog","Chrome","2026-07-05","passed","2026-07-05","Color Management — Add & Delete","tests/color-management.spec.ts","",""
"","107","should reject empty name","bs-chrome-win11","2026-07-05","passed","2026-07-05","Backend API Integration > POST /api/colors Schema Validation","","",""
"","1944","verify language switcher changes document language","bs-safari-ventura","2026-07-05","passed","2026-07-05","","","",""
"","0","Utility Functions hslToRgb hue=120 (green) → [0,255,0]","","2026-07-05","passed","2026-07-05","","Utility Functions","Utility Functions hslToRgb hue=120 (green) → [0,255,0]",""
"","15","Server Integration Tests (Testcontainers) Concurrent writes should handle simultaneous POSTs with the same name — exactly one succeeds","","2026-07-05","passed","2026-07-05","","Server Integration Tests (Testcontainers)","Server Integration Tests (Testcontainers) Concurrent writes should handle simultaneous POSTs with the same name — exactly one succeeds",""
"","702","Escape key closes the confirm dialog","bs-chrome-win11","2026-07-05","passed","2026-07-05","Color Management — Add & Delete","","",""
"","7","Server Integration Tests (Testcontainers) GET /api/colors/:name should return correct data for Red","","2026-07-05","passed","2026-07-05","","Server Integration Tests (Testcontainers)","Server Integration Tests (Testcontainers) GET /api/colors/:name should return correct data for Red",""
"","14","Component Tests ConfirmDialog confirmLabel prop is reflected in the button text","","2026-07-05","passed","2026-07-05","","Component Tests","Component Tests ConfirmDialog confirmLabel prop is reflected in the button text",""
"","1230","shows server-error message on 500 inside the picker","bs-pixel-7","2026-07-05","passed","2026-07-05","Color Management — Add & Delete","","",""
"","196","X-Powered-By header is not exposed","bs-pixel-7","2026-07-05","passed","2026-07-05","Security > Security Headers","","",""
"","17","Server Integration Tests (Testcontainers) GET /api/colors should not expose _id or __v fields","","2026-07-05","passed","2026-07-05","","Server Integration Tests (Testcontainers)","Server Integration Tests (Testcontainers) GET /api/colors should not expose _id or __v fields",""
"","36","Component Tests ColorPicker mousedown at top-center (hue=270) sets hex to #8000ff","","2026-07-05","passed","2026-07-05","","Utility Functions","Component Tests ColorPicker mousedown at top-center (hue=270) sets hex to #8000ff",""
"","18","Frontend Unit Tests App Component text color on light background is dark","","2026-07-05","passed","2026-07-05","","Frontend Unit Tests","Frontend Unit Tests App Component text color on light background is dark",""
"","5","Frontend Unit Tests App Component language selector change calls i18n and updates html lang","","2026-07-05","passed","2026-07-05","","Frontend Unit Tests","Frontend Unit Tests App Component language selector change calls i18n and updates html lang",""
"","8566","Cancel button closes the picker","bs-iphone-15","2026-07-05","passed","2026-07-05","Color Management — Add & Delete","","",""
"","6","Server Unit Tests 405 Method Not Allowed does not return 405 for allowed PUT method on /api/colors/:name","","2026-07-05","passed","2026-07-05","","Server Unit Tests","Server Unit Tests 405 Method Not Allowed does not return 405 for allowed PUT method on /api/colors/:name",""
"","115","POST with script tag in name is rejected (400)","bs-pixel-7","2026-07-05","passed","2026-07-05","Security > XSS Prevention","","",""
"","7176","delete API error shows alert banner","bs-safari-ventura","2026-07-05","passed","2026-07-05","Color Management — Add & Delete","","",""
"","2148","should not have any automatically detectable accessibility issues","bs-pixel-7","2026-07-05","passed","2026-07-05","Accessibility Tests","","",""
"","35","Frontend Unit Tests App Component initial background is first color hex","","2026-07-05","passed","2026-07-05","","Frontend Unit Tests","Frontend Unit Tests App Component initial background is first color hex",""
"","111","POST with script tag in name is rejected (400)","bs-chrome-win11","2026-07-05","passed","2026-07-05","Security > XSS Prevention","","",""
"","16","POST with script tag in name is rejected (400)","Chrome","2026-07-05","passed","2026-07-05","Security > XSS Prevention","tests/security.spec.ts","",""
"","57","Frontend Unit Tests App Component add color success closes picker and shows new chip","","2026-07-05","passed","2026-07-05","","Frontend Unit Tests","Frontend Unit Tests App Component add color success closes picker and shows new chip",""
"","2536","PUT /api/colors/{name}","","","passed","","","schemathesis","",""
"","1022","should display colors that do not exist in the database","bs-firefox-win11","2026-07-05","passed","2026-07-05","Network Mocking & Interception","","",""
"","117","should reject invalid hex format","bs-safari-ventura","2026-07-05","passed","2026-07-05","Backend API Integration > POST /api/colors Schema Validation","","",""
"","970","shows a chip for each color with a swatch, name, and delete button","bs-firefox-win11","2026-07-05","passed","2026-07-05","Color Management — Add & Delete","","",""
"","11","Component Tests ColorPicker clicking the backdrop calls onCancel","","2026-07-05","passed","2026-07-05","","Utility Functions","Component Tests ColorPicker clicking the backdrop calls onCancel",""
"","4","Component Tests ConfirmDialog Enter key calls onConfirm when not busy","","2026-07-05","passed","2026-07-05","","Component Tests","Component Tests ConfirmDialog Enter key calls onConfirm when not busy",""
"","1351","verify Turquoise ( #1abc9c ) is applied as the background color","bs-chrome-win11","2026-07-05","passed","2026-07-05","Background color tests","","",""
"","1749","changing color to Red should reflect in UI and DOM","bs-iphone-15","2026-07-05","passed","2026-07-05","Data-Driven Testing","","",""
"","492","should delete an existing color","bs-iphone-15","2026-07-05","passed","2026-07-05","Backend API Integration > DELETE /api/colors/:name","","",""
"","108","PATCH /api/colors returns 405","bs-chrome-win11","2026-07-05","passed","2026-07-05","Security > HTTP Method Restrictions","","",""
"","114","NoSQL $where operator in name is rejected (400)","bs-chrome-win11","2026-07-05","passed","2026-07-05","Security > Injection Prevention","","",""
"","19","Component Tests ColorPicker touchmove while dragging updates hex","","2026-07-05","passed","2026-07-05","","Utility Functions","Component Tests ColorPicker touchmove while dragging updates hex",""
"","1","Utility Functions rgbToHsl pure green → h=120, s=1, l=0.5","","2026-07-05","passed","2026-07-05","","Utility Functions","Utility Functions rgbToHsl pure green → h=120, s=1, l=0.5",""
"","1424","successfully adds a new color and shows its chip","Chrome","2026-07-05","passed","2026-07-05","Color Management — Add & Delete","tests/color-management.spec.ts","",""
"","969","should create color via API and verify through UI","Chrome","2026-07-05","passed","2026-07-05","Hybrid E2E Testing","tests/hybrid.spec.ts","",""
"","2762","clicking ""+ Add color"" opens the picker modal","bs-safari-ventura","2026-07-05","passed","2026-07-05","Color Management — Add & Delete","","",""
"","2986","should create color via API and verify through UI","bs-safari-ventura","2026-07-05","passed","2026-07-05","Hybrid E2E Testing","","",""
"","981","changing color to Red should reflect in UI and DOM","bs-pixel-7","2026-07-05","passed","2026-07-05","Data-Driven Testing","","",""
"","","[HIGH] CVE-2026-48815","","","failed","","","Node.js","sigstore-3.1.0",""
"","704","should handle fetch colors network failure gracefully","bs-firefox-win11","2026-07-05","passed","2026-07-05","UI Error Handling Coverage","","",""
"","4","Server Unit Tests PUT /api/colors/:name returns 400 for extra unknown fields (strict schema)","","2026-07-05","passed","2026-07-05","","Server Unit Tests","Server Unit Tests PUT /api/colors/:name returns 400 for extra unknown fields (strict schema)",""
"","250","GET /api/colors/Red should return the correct hex code","bs-iphone-15","2026-07-05","passed","2026-07-05","Backend API Integration","","",""
"","2748","homepage after color change","percy","2026-07-05","passed","2026-07-05","Percy Visual Regression – Production > Percy – desktop (1280×720)","","",""
"","11","Server Unit Tests POST /api/reseed returns 200 and reseeds the database with a valid token","","2026-07-05","passed","2026-07-05","","Server Unit Tests","Server Unit Tests POST /api/reseed returns 200 and reseeds the database with a valid token",""
"","0","mobile color picker workflow","Chrome","2026-07-05","skipped","2026-07-05","Percy Visual Regression – Production > Percy – Mobile Interactions","","",""
"","1012","verify Red ( #e74c3c ) is applied as the background color","bs-chrome-win11","2026-07-05","passed","2026-07-05","Background color tests","","",""
"","24","Frontend Unit Tests App Component link color is dark (#003366) on light background","","2026-07-05","passed","2026-07-05","","Frontend Unit Tests","Frontend Unit Tests App Component link color is dark (#003366) on light background",""
"","1310","handle initial fetch error","bs-firefox-win11","2026-07-05","passed","2026-07-05","Edge cases and error handling","","",""
"","735","check Turquoise ( #1abc9c) is the default background color.","bs-pixel-7","2026-07-05","passed","2026-07-05","","","",""
"","17","Server Integration Tests (Testcontainers) End-to-end CRUD workflow should create, read, update, and delete a color in sequence","","2026-07-05","passed","2026-07-05","","Server Integration Tests (Testcontainers)","Server Integration Tests (Testcontainers) End-to-end CRUD workflow should create, read, update, and delete a color in sequence",""
"","96","POST with javascript: URI in name is rejected (400)","bs-chrome-win11","2026-07-05","passed","2026-07-05","Security > XSS Prevention","","",""
"","1","Utility Functions hslToRgb hue=90 (chartreuse) → [128,255,0]","","2026-07-05","passed","2026-07-05","","Utility Functions","Utility Functions hslToRgb hue=90 (chartreuse) → [128,255,0]",""
"","639","should handle fetch colors network failure gracefully","Chrome","2026-07-05","passed","2026-07-05","UI Error Handling Coverage","tests/error-handling.spec.ts","",""
"","16","Component Tests ColorPicker typing a valid hex without # prefix is accepted","","2026-07-05","passed","2026-07-05","","Utility Functions","Component Tests ColorPicker typing a valid hex without # prefix is accepted",""
"","1","homepage initial state","Chrome","2026-07-05","skipped","2026-07-05","Percy Visual Regression – Production > Percy – desktop (1280×720)","","",""
"","8","Server Integration Tests (Testcontainers) seedDatabase should always restore the three default seed colors","","2026-07-05","passed","2026-07-05","","Server Integration Tests (Testcontainers)","Server Integration Tests (Testcontainers) seedDatabase should always restore the three default seed colors",""
"","101","should reject missing name","bs-firefox-win11","2026-07-05","passed","2026-07-05","Backend API Integration > POST /api/colors Schema Validation","","",""
"","1075","cancel in confirm dialog closes it without deleting","bs-chrome-win11","2026-07-05","passed","2026-07-05","Color Management — Add & Delete","","",""
"","4","Server Unit Tests POST /api/colors returns 400 when hex is missing","","2026-07-05","passed","2026-07-05","","Server Unit Tests","Server Unit Tests POST /api/colors returns 400 when hex is missing",""
"","25","Component Tests ColorPicker mousemove while dragging updates hex (dragging.current=true kills mutation)","","2026-07-05","passed","2026-07-05","","Utility Functions","Component Tests ColorPicker mousemove while dragging updates hex (dragging.current=true kills mutation)",""
"","266","GET /api/colors/Turquoise should return the correct hex code","bs-pixel-7","2026-07-05","passed","2026-07-05","Backend API Integration","","",""
"","0","Utility Functions readableOn returns #111 for a pale/pastel colour (high luminance)","","2026-07-05","passed","2026-07-05","","Utility Functions","Utility Functions readableOn returns #111 for a pale/pastel colour (high luminance)",""
"","5","Server Unit Tests PUT /api/colors/:name updates both name and hex simultaneously","","2026-07-05","passed","2026-07-05","","Server Unit Tests","Server Unit Tests PUT /api/colors/:name updates both name and hex simultaneously",""
"","1523","successful delete removes the chip","bs-firefox-win11","2026-07-05","passed","2026-07-05","Color Management — Add & Delete","","",""
"","5","Server Unit Tests Middleware returns 413 for payload too large","","2026-07-05","passed","2026-07-05","","Server Unit Tests","Server Unit Tests Middleware returns 413 for payload too large",""
"","2425","changing color to Yellow should reflect in UI and DOM","bs-iphone-15","2026-07-05","passed","2026-07-05","Data-Driven Testing","","",""
"","27","Frontend Unit Tests App Component picker × button closes the modal","","2026-07-05","passed","2026-07-05","","Frontend Unit Tests","Frontend Unit Tests App Component picker × button closes the modal",""
"","9","Component Tests ColorPicker wheel cursor is at (110,110) at center (sat=0)","","2026-07-05","passed","2026-07-05","","Utility Functions","Component Tests ColorPicker wheel cursor is at (110,110) at center (sat=0)",""
"","26","Server Integration Tests (Testcontainers) GET /api/colors should retrieve all seeded colors","","2026-07-05","passed","2026-07-05","","Server Integration Tests (Testcontainers)","Server Integration Tests (Testcontainers) GET /api/colors should retrieve all seeded colors",""
"","42","Frontend Unit Tests App Component first loaded color is active (aria-pressed=true)","","2026-07-05","passed","2026-07-05","","Frontend Unit Tests","Frontend Unit Tests App Component first loaded color is active (aria-pressed=true)",""
"","0","Utility Functions rgbToHex pads single-digit hex values with leading zero","","2026-07-05","passed","2026-07-05","","Utility Functions","Utility Functions rgbToHex pads single-digit hex values with leading zero",""
"","5","Server Unit Tests POST /api/reseed returns 405 for GET on /api/reseed","","2026-07-05","passed","2026-07-05","","Server Unit Tests","Server Unit Tests POST /api/reseed returns 405 for GET on /api/reseed",""
"","651","should return 409 for duplicate color creation","bs-firefox-win11","2026-07-05","passed","2026-07-05","Backend API Integration > POST /api/colors Schema Validation","","",""
"","12","GET /api/colors should return colors sorted alphabetically by name","Chrome","2026-07-05","passed","2026-07-05","Backend API Integration","tests/api.spec.ts","",""
"","0","Utility Functions rgbToHsl r max, g>0, b=0 → h in (0,60)","","2026-07-05","passed","2026-07-05","","Utility Functions","Utility Functions rgbToHsl r max, g>0, b=0 → h in (0,60)",""
"","10","should reject omitting both name and hex on update","Chrome","2026-07-05","passed","2026-07-05","Backend API Integration > PUT /api/colors/:name Schema Validation","tests/api.spec.ts","",""
"","5","Component Tests ColorPicker serverError banner is absent when serverError is null","","2026-07-05","passed","2026-07-05","","Utility Functions","Component Tests ColorPicker serverError banner is absent when serverError is null",""
"","6","Server Integration Tests (Testcontainers) GET /api/colors/:name should be case-sensitive (lowercase name returns 404)","","2026-07-05","passed","2026-07-05","","Server Integration Tests (Testcontainers)","Server Integration Tests (Testcontainers) GET /api/colors/:name should be case-sensitive (lowercase name returns 404)",""
"","860","handle color selection fetch error","bs-pixel-7","2026-07-05","passed","2026-07-05","Edge cases and error handling","","",""
"","3897","should not have any automatically detectable accessibility issues","bs-iphone-15","2026-07-05","passed","2026-07-05","Accessibility Tests","","",""
"","2202","verify Yellow ( #f1c40f ) is applied as the background color","bs-iphone-15","2026-07-05","passed","2026-07-05","POM Refactored: Background color tests","","",""
"","0","Utility Functions rgbToHex converts pure blue","","2026-07-05","passed","2026-07-05","","Utility Functions","Utility Functions rgbToHex converts pure blue",""
"","607","handle initial fetch error","Chrome","2026-07-05","passed","2026-07-05","Edge cases and error handling","tests/coverage.spec.ts","",""
"","1","Utility Functions hslToRgb hue=150 (spring green) → [0,255,128]","","2026-07-05","passed","2026-07-05","","Utility Functions","Utility Functions hslToRgb hue=150 (spring green) → [0,255,128]",""
"","4","Frontend Unit Tests App Component current color span tracks hex value","","2026-07-05","passed","2026-07-05","","Frontend Unit Tests","Frontend Unit Tests App Component current color span tracks hex value",""
"","6","Server Integration Tests (Testcontainers) GET /api/colors/:name should return correct data for Yellow","","2026-07-05","passed","2026-07-05","","Server Integration Tests (Testcontainers)","Server Integration Tests (Testcontainers) GET /api/colors/:name should return correct data for Yellow",""
"","105","empty body on POST returns 400","bs-firefox-win11","2026-07-05","passed","2026-07-05","Security > Input Validation","","",""
"","1316","should load the application and verify core functionality across browsers","bs-firefox-win11","2026-07-05","passed","2026-07-05","Cross-Browser Core Functionality","","",""
"","2183","should maintain accessibility in el language and verify resilient locators","Chrome","2026-07-05","passed","2026-07-05","i18n Accessibility Tests","tests/a11y.spec.ts","",""
"","4","Server Unit Tests 405 Method Not Allowed sets the Allow header on /api/colors/:name with correct methods","","2026-07-05","passed","2026-07-05","","Server Unit Tests","Server Unit Tests 405 Method Not Allowed sets the Allow header on /api/colors/:name with correct methods",""
"","1314","shows server-error message on 500 inside the picker","Chrome","2026-07-05","passed","2026-07-05","Color Management — Add & Delete","tests/color-management.spec.ts","",""
"","0","Utility Functions hslToRgb lightness clamped: l=1.5 gives white","","2026-07-05","passed","2026-07-05","","Utility Functions","Utility Functions hslToRgb lightness clamped: l=1.5 gives white",""
"","60","Frontend Unit Tests App Component confirm button shows ""Deleting…"" label while delete is in-flight","","2026-07-05","passed","2026-07-05","","Frontend Unit Tests","Frontend Unit Tests App Component confirm button shows ""Deleting…"" label while delete is in-flight",""
"","1066","cancel in confirm dialog closes it without deleting","bs-pixel-7","2026-07-05","passed","2026-07-05","Color Management — Add & Delete","","",""
"","744","Example #2","BDD","2026-07-05","passed","2026-07-05","Language Switching > Switch language and verify translated UI labels","","",""
"","2278","should create dynamic random color via API and verify through UI","bs-iphone-15","2026-07-05","passed","2026-07-05","Random Data Testing with faker.js","","",""
"","1220","Cancel button closes the picker","bs-pixel-7","2026-07-05","passed","2026-07-05","Color Management — Add & Delete","","",""
"","1483","shows client-side ""Name is required"" when submitting empty name","bs-firefox-win11","2026-07-05","passed","2026-07-05","Color Management — Add & Delete","","",""
"","311","Server Unit Tests Surviving Mutants & Edge Cases Port Fallback reflects process.env.PORT in Swagger servers","","2026-07-05","passed","2026-07-05","","Server Unit Tests","Server Unit Tests Surviving Mutants & Edge Cases Port Fallback reflects process.env.PORT in Swagger servers",""
"","204","X-Powered-By header is not exposed","bs-safari-ventura","2026-07-05","passed","2026-07-05","Security > Security Headers","","",""
"","250","GET /api/colors/:name should return 404 for non-existent color","bs-safari-ventura","2026-07-05","passed","2026-07-05","Backend API Integration","","",""
"","4","Server Unit Tests 405 Method Not Allowed does not return 405 for allowed DELETE method on /api/colors/:name","","2026-07-05","passed","2026-07-05","","Server Unit Tests","Server Unit Tests 405 Method Not Allowed does not return 405 for allowed DELETE method on /api/colors/:name",""
"","1383","delete API error shows alert banner","bs-firefox-win11","2026-07-05","passed","2026-07-05","Color Management — Add & Delete","","",""
"","766","should update a color with valid schema","bs-iphone-15","2026-07-05","passed","2026-07-05","Backend API Integration > PUT /api/colors/:name Schema Validation","","",""
"","120","should reject invalid hex format","bs-iphone-15","2026-07-05","passed","2026-07-05","Backend API Integration > POST /api/colors Schema Validation","","",""
"","109","array body on POST returns 400","bs-chrome-win11","2026-07-05","passed","2026-07-05","Security > Input Validation","","",""
"","692","handle initial fetch error","bs-chrome-win11","2026-07-05","passed","2026-07-05","Edge cases and error handling","","",""
"","3701","POST /api/reseed","","","passed","","","schemathesis","",""
"","54","should return 409 for duplicate color creation","Chrome","2026-07-05","passed","2026-07-05","Backend API Integration > POST /api/colors Schema Validation","tests/api.spec.ts","",""
"","123","POST with javascript: URI in name is rejected (400)","bs-firefox-win11","2026-07-05","passed","2026-07-05","Security > XSS Prevention","","",""
"","2001","handle color selection fetch error","bs-safari-ventura","2026-07-05","passed","2026-07-05","Edge cases and error handling","","",""
"","2269","homepage initial state","percy","2026-07-05","passed","2026-07-05","Percy Visual Regression – Production > Percy – desktop-xl (1920×1080)","","",""
"","423","homepage should match snapshot","percy","2026-07-05","skipped","2026-07-05","Visual Regression – iphone-landscape (667×375)","","",""
"","5","Server Unit Tests Surviving Mutants & Edge Cases Swagger Metadata & OpenAPI has exact API info","","2026-07-05","passed","2026-07-05","","Server Unit Tests","Server Unit Tests Surviving Mutants & Edge Cases Swagger Metadata & OpenAPI has exact API info",""
"","125","POST with script tag in name is rejected (400)","bs-iphone-15","2026-07-05","passed","2026-07-05","Security > XSS Prevention","","",""
"","222","should return 404 when updating non-existent color","bs-iphone-15","2026-07-05","passed","2026-07-05","Backend API Integration > PUT /api/colors/:name Schema Validation","","",""
"","1697","verify Turquoise ( #1abc9c ) is applied as the background color","bs-firefox-win11","2026-07-05","passed","2026-07-05","POM Refactored: Background color tests","","",""
"","17","Frontend Unit Tests App Component colors.length > 0 does NOT show loading text","","2026-07-05","passed","2026-07-05","","Frontend Unit Tests","Frontend Unit Tests App Component colors.length > 0 does NOT show loading text",""
"","229","GET /api/colors should return colors sorted alphabetically by name","bs-pixel-7","2026-07-05","passed","2026-07-05","Backend API Integration","","",""
"","51","Frontend Unit Tests App Component renders title, logo, and calls initial fetch","","2026-07-05","passed","2026-07-05","","Frontend Unit Tests","Frontend Unit Tests App Component renders title, logo, and calls initial fetch",""
"","9","unknown extra fields in POST body are rejected (400)","Chrome","2026-07-05","passed","2026-07-05","Security > Input Validation","tests/security.spec.ts","",""
"","153","POST with HTML tag in name is rejected (400)","bs-iphone-15","2026-07-05","passed","2026-07-05","Security > XSS Prevention","","",""
"","1380","handle initial fetch with empty data","bs-iphone-15","2026-07-05","passed","2026-07-05","Edge cases and error handling","","",""
"","103","array body on POST returns 400","bs-iphone-15","2026-07-05","passed","2026-07-05","Security > Input Validation","","",""
"","1304","should handle fetch colors network failure gracefully","bs-safari-ventura","2026-07-05","passed","2026-07-05","UI Error Handling Coverage","","",""
"","865","should display colors that do not exist in the database","Chrome","2026-07-05","passed","2026-07-05","Network Mocking & Interception","tests/network-mocking.spec.ts","",""
"","0","Frontend Unit Tests i18n Configuration interpolation should not escape value","","2026-07-05","passed","2026-07-05","","Frontend Unit Tests","Frontend Unit Tests i18n Configuration interpolation should not escape value",""
"","2237","handle color response missing hex property","bs-safari-ventura","2026-07-05","passed","2026-07-05","Edge cases and error handling","","",""
"","212","GET /api/colors/Yellow should return the correct hex code","bs-pixel-7","2026-07-05","passed","2026-07-05","Backend API Integration","","",""
"","2702","should maintain accessibility after state change (color update)","Chrome","2026-07-05","passed","2026-07-05","Accessibility Tests","tests/a11y.spec.ts","",""
"","13","Server Unit Tests Error Handling POST /api/colors returns 500 when database fails (findOne)","","2026-07-05","passed","2026-07-05","","Server Unit Tests","Server Unit Tests Error Handling POST /api/colors returns 500 when database fails (findOne)",""
"","895","verify Red ( #e74c3c ) is applied as the background color","bs-pixel-7","2026-07-05","passed","2026-07-05","POM Refactored: Background color tests","","",""
"","3","Server Unit Tests Surviving Mutants & Edge Cases Swagger Metadata & OpenAPI has exact info metadata","","2026-07-05","passed","2026-07-05","","Server Unit Tests","Server Unit Tests Surviving Mutants & Edge Cases Swagger Metadata & OpenAPI has exact info metadata",""
"","13","Component Tests ConfirmDialog backdrop click calls onCancel when not busy","","2026-07-05","passed","2026-07-05","","Component Tests","Component Tests ConfirmDialog backdrop click calls onCancel when not busy",""
"","10898","shows client-side ""Name is required"" when submitting empty name","bs-safari-ventura","2026-07-05","passed","2026-07-05","Color Management — Add & Delete","","",""
"","243","GET /api/colors/Yellow should return the correct hex code","bs-safari-ventura","2026-07-05","passed","2026-07-05","Backend API Integration","","",""
"","5","Component Tests ConfirmDialog Escape key does NOT call onCancel when busy","","2026-07-05","passed","2026-07-05","","Component Tests","Component Tests ConfirmDialog Escape key does NOT call onCancel when busy",""
"","1282","handle initial fetch error","bs-iphone-15","2026-07-05","passed","2026-07-05","Edge cases and error handling","","",""
"","3196","should not have any automatically detectable accessibility issues","bs-firefox-win11","2026-07-05","passed","2026-07-05","Accessibility Tests","","",""
"","0","Utility Functions rgbToHsl black [0,0,0] → h=0, s=0, l=0","","2026-07-05","passed","2026-07-05","","Utility Functions","Utility Functions rgbToHsl black [0,0,0] → h=0, s=0, l=0",""
"","3918","should maintain accessibility in el language and verify resilient locators","bs-safari-ventura","2026-07-05","passed","2026-07-05","i18n Accessibility Tests","","",""
"","213","GET /api/colors should return all colors","bs-pixel-7","2026-07-05","passed","2026-07-05","Backend API Integration","","",""
"","607","should handle fetch colors network failure gracefully","bs-chrome-win11","2026-07-05","passed","2026-07-05","UI Error Handling Coverage","","",""
"","0","Utility Functions paintWheelPixel paints red at right edge (dx=r, dy=0, hue=0)","","2026-07-05","passed","2026-07-05","","Utility Functions","Utility Functions paintWheelPixel paints red at right edge (dx=r, dy=0, hue=0)",""
"","0","Utility Functions hslToRgb lightness=1 gives white","","2026-07-05","passed","2026-07-05","","Utility Functions","Utility Functions hslToRgb lightness=1 gives white",""
"","21","Component Tests ColorPicker lightness slider max value (100) gives white","","2026-07-05","passed","2026-07-05","","Utility Functions","Component Tests ColorPicker lightness slider max value (100) gives white",""
"","120","error responses return JSON, not HTML (no info leakage)","bs-pixel-7","2026-07-05","passed","2026-07-05","Security > Security Headers","","",""
"Performance Test: API Performance Test
File: api-performance.spec.ts
Total Iterations: 43
Max VUs: 1

HTTP Request Duration:
- Avg: 187.87ms
- P(95): 257.40ms
- Max: 629.66ms

Full metrics attached in the results.","805732","API Performance Test","Performance","2026-07-05","failed","2026-07-05","api-performance.spec.ts","API Performance Test","",""
"","793","should display colors that do not exist in the database","bs-pixel-7","2026-07-05","passed","2026-07-05","Network Mocking & Interception","","",""
"","122","POST with script tag in name is rejected (400)","bs-firefox-win11","2026-07-05","passed","2026-07-05","Security > XSS Prevention","","",""
"","1200","shows server-error message on 500 inside the picker","bs-chrome-win11","2026-07-05","passed","2026-07-05","Color Management — Add & Delete","","",""
"","2381","verify Yellow ( #f1c40f ) is applied as the background color","bs-iphone-15","2026-07-05","passed","2026-07-05","Background color tests","","",""
"","101","NoSQL injection object in name is rejected (400)","bs-iphone-15","2026-07-05","passed","2026-07-05","Security > Injection Prevention","","",""
"","704","should gracefully handle a color not found in the database","bs-chrome-win11","2026-07-05","passed","2026-07-05","Network Mocking & Interception","","",""
"","35","Frontend Unit Tests App Component active chip has is-active CSS class","","2026-07-05","passed","2026-07-05","","Frontend Unit Tests","Frontend Unit Tests App Component active chip has is-active CSS class",""
"","2283","should maintain accessibility in en language and verify resilient locators","bs-pixel-7","2026-07-05","passed","2026-07-05","i18n Accessibility Tests","","",""
"","1363","should handle fetch colors network failure gracefully","bs-iphone-15","2026-07-05","passed","2026-07-05","UI Error Handling Coverage","","",""
"","22","Server Integration Tests (Testcontainers) POST /api/reseed should be idempotent — calling reseed twice always yields exactly 3 colors","","2026-07-05","passed","2026-07-05","","Server Integration Tests (Testcontainers)","Server Integration Tests (Testcontainers) POST /api/reseed should be idempotent — calling reseed twice always yields exactly 3 colors",""
"","761","should update a color with valid schema","bs-firefox-win11","2026-07-05","passed","2026-07-05","Backend API Integration > PUT /api/colors/:name Schema Validation","","",""
"","950","first color chip is active on load (aria-pressed=true)","bs-firefox-win11","2026-07-05","passed","2026-07-05","Color Management — Add & Delete","","",""
"","0","Utility Functions hexToRgb parses hex without the leading #","","2026-07-05","passed","2026-07-05","","Utility Functions","Utility Functions hexToRgb parses hex without the leading #",""
"","1785","deleting the active color switches background to the first remaining","bs-firefox-win11","2026-07-05","passed","2026-07-05","Color Management — Add & Delete","","",""
"","1027","verify Red ( #e74c3c ) is applied as the background color","bs-pixel-7","2026-07-05","passed","2026-07-05","Background color tests","","",""
"","463","should create a new color with valid schema","bs-firefox-win11","2026-07-05","passed","2026-07-05","Backend API Integration > POST /api/colors Schema Validation","","",""
"","3","Server Unit Tests POST /api/reseed returns 401 when RESEED_API_TOKEN is not configured","","2026-07-05","passed","2026-07-05","","Server Unit Tests","Server Unit Tests POST /api/reseed returns 401 when RESEED_API_TOKEN is not configured",""
"","47","Frontend Unit Tests App Component delete API error shows error alert without closing dialog","","2026-07-05","passed","2026-07-05","","Frontend Unit Tests","Frontend Unit Tests App Component delete API error shows error alert without closing dialog",""
"","1323","changing color to Yellow should reflect in UI and DOM","bs-chrome-win11","2026-07-05","passed","2026-07-05","Data-Driven Testing","","",""
"","11","Server Unit Tests Error Handling POST /api/colors returns 500 when database fails (create)","","2026-07-05","passed","2026-07-05","","Server Unit Tests","Server Unit Tests Error Handling POST /api/colors returns 500 when database fails (create)",""
"","479","should delete an existing color","bs-chrome-win11","2026-07-05","passed","2026-07-05","Backend API Integration > DELETE /api/colors/:name","","",""
"","2091","clicking a chip makes it active","bs-safari-ventura","2026-07-05","passed","2026-07-05","Color Management — Add & Delete","","",""
"","43","Server Unit Tests GET /api/colors returns all seeded colors with correct names and hex values","","2026-07-05","passed","2026-07-05","","Server Unit Tests","Server Unit Tests GET /api/colors returns all seeded colors with correct names and hex values",""
"","328","Server Unit Tests Surviving Mutants & Edge Cases Port Fallback uses default PORT 5001 when process.env.PORT is missing","","2026-07-05","passed","2026-07-05","","Server Unit Tests","Server Unit Tests Surviving Mutants & Edge Cases Port Fallback uses default PORT 5001 when process.env.PORT is missing",""
"","109","malformed JSON body returns 400","bs-iphone-15","2026-07-05","passed","2026-07-05","Security > Input Validation","","",""
"","1359","clicking the backdrop closes the picker","bs-firefox-win11","2026-07-05","passed","2026-07-05","Color Management — Add & Delete","","",""
"","247","oversized payload is rejected (413)","bs-firefox-win11","2026-07-05","passed","2026-07-05","Security > Input Validation","","",""
"","4","Server Integration Tests (Testcontainers) PUT /api/colors/:name should return 404 when updating a non-existent color","","2026-07-05","passed","2026-07-05","","Server Integration Tests (Testcontainers)","Server Integration Tests (Testcontainers) PUT /api/colors/:name should return 404 when updating a non-existent color",""
"","880","verify Turquoise ( #1abc9c ) is applied as the background color","Chrome","2026-07-05","passed","2026-07-05","POM Refactored: Background color tests","tests/pom-refactored.spec.ts","",""
"","1531","successfully adds a new color and shows its chip","bs-chrome-win11","2026-07-05","passed","2026-07-05","Color Management — Add & Delete","","",""
"","2281","homepage initial state","percy","2026-07-05","passed","2026-07-05","Percy Visual Regression – Production > Percy – mobile (375×667)","","",""
"","6","Server Integration Tests (Testcontainers) PUT /api/colors/:name should update both name and hex simultaneously","","2026-07-05","passed","2026-07-05","","Server Integration Tests (Testcontainers)","Server Integration Tests (Testcontainers) PUT /api/colors/:name should update both name and hex simultaneously",""
"","3","Server Unit Tests DELETE /api/colors/:name returns 400 for invalid name in path (regex check)","","2026-07-05","passed","2026-07-05","","Server Unit Tests","Server Unit Tests DELETE /api/colors/:name returns 400 for invalid name in path (regex check)",""
"","250","GET /api/colors should return all colors","bs-safari-ventura","2026-07-05","passed","2026-07-05","Backend API Integration","","",""
"","5","Server Integration Tests (Testcontainers) POST /api/colors should not expose _id or __v in the creation response","","2026-07-05","passed","2026-07-05","","Server Integration Tests (Testcontainers)","Server Integration Tests (Testcontainers) POST /api/colors should not expose _id or __v in the creation response",""
"","115","array body on POST returns 400","bs-firefox-win11","2026-07-05","passed","2026-07-05","Security > Input Validation","","",""
"","125","array body on POST returns 400","bs-pixel-7","2026-07-05","passed","2026-07-05","Security > Input Validation","","",""
"","12","Server Integration Tests (Testcontainers) PUT /api/colors/:name should return 400 for invalid hex format on update","","2026-07-05","passed","2026-07-05","","Server Integration Tests (Testcontainers)","Server Integration Tests (Testcontainers) PUT /api/colors/:name should return 400 for invalid hex format on update",""
"","1","Utility Functions paintWheelPixel anti-aliases near-edge pixel: dist=r-0.5 gives alpha=127","","2026-07-05","passed","2026-07-05","","Utility Functions","Utility Functions paintWheelPixel anti-aliases near-edge pixel: dist=r-0.5 gives alpha=127",""
"","112","empty body on POST returns 400","bs-chrome-win11","2026-07-05","passed","2026-07-05","Security > Input Validation","","",""
"","0","Utility Functions hexToRgb parses a standard #RRGGBB hex","","2026-07-05","passed","2026-07-05","","Utility Functions","Utility Functions hexToRgb parses a standard #RRGGBB hex",""
"","8616","clicking the backdrop closes the picker","bs-iphone-15","2026-07-05","passed","2026-07-05","Color Management — Add & Delete","","",""
"","121","empty body on POST returns 400","bs-iphone-15","2026-07-05","passed","2026-07-05","Security > Input Validation","","",""
"","5206","cancel in confirm dialog closes it without deleting","bs-iphone-15","2026-07-05","passed","2026-07-05","Color Management — Add & Delete","","",""
"","10","Component Tests ColorPicker pressing Escape calls onCancel","","2026-07-05","passed","2026-07-05","","Utility Functions","Component Tests ColorPicker pressing Escape calls onCancel",""
"","3","Server Unit Tests Surviving Mutants & Edge Cases Swagger JSDoc Integration kills apis array mutants by verifying JSDoc content is present","","2026-07-05","passed","2026-07-05","","Server Unit Tests","Server Unit Tests Surviving Mutants & Edge Cases Swagger JSDoc Integration kills apis array mutants by verifying JSDoc content is present",""
"","891","should handle missing image gracefully by showing alt text","bs-iphone-15","2026-07-05","passed","2026-07-05","Network Mocking & Interception","","",""
"","4","Server Unit Tests PUT /api/colors/:name returns 400 for invalid hex on update","","2026-07-05","passed","2026-07-05","","Server Unit Tests","Server Unit Tests PUT /api/colors/:name returns 400 for invalid hex on update",""
"","1243","changing color to Red should reflect in UI and DOM","bs-firefox-win11","2026-07-05","passed","2026-07-05","Data-Driven Testing","","",""
"","1317","shows 409 duplicate error from server inside the picker","Chrome","2026-07-05","passed","2026-07-05","Color Management — Add & Delete","tests/color-management.spec.ts","",""
"","1","Utility Functions paintWheelPixel sets alpha to 0 when dist > r (outside circle)","","2026-07-05","passed","2026-07-05","","Utility Functions","Utility Functions paintWheelPixel sets alpha to 0 when dist > r (outside circle)",""
"","1819","verify Red ( #e74c3c ) is applied as the background color","bs-iphone-15","2026-07-05","passed","2026-07-05","POM Refactored: Background color tests","","",""
"","11","POST with javascript: URI in name is rejected (400)","Chrome","2026-07-05","passed","2026-07-05","Security > XSS Prevention","tests/security.spec.ts","",""
"","7076","successful delete removes the chip","bs-safari-ventura","2026-07-05","passed","2026-07-05","Color Management — Add & Delete","","",""
"","1","Utility Functions rgbToHsl dark red (#800000): l<0.5, s=1 (l<=0.5 saturation branch)","","2026-07-05","passed","2026-07-05","","Utility Functions","Utility Functions rgbToHsl dark red (#800000): l<0.5, s=1 (l<=0.5 saturation branch)",""
"","11637","close (×) button closes the picker","bs-safari-ventura","2026-07-05","passed","2026-07-05","Color Management — Add & Delete","","",""
"","2728","should maintain accessibility in es language and verify resilient locators","bs-firefox-win11","2026-07-05","passed","2026-07-05","i18n Accessibility Tests","","",""
"","0","homepage after color change","Chrome","2026-07-05","skipped","2026-07-05","Percy Visual Regression – Production > Percy – desktop-xl (1920×1080)","","",""
"","12368","should maintain accessibility after state change (color update)","bs-safari-ventura","2026-07-05","passed","2026-07-05","Accessibility Tests","","",""
"","2426","changing color to Red should reflect in UI and DOM","bs-safari-ventura","2026-07-05","passed","2026-07-05","Data-Driven Testing","","",""
"","112","should reject omitting both name and hex on update","bs-safari-ventura","2026-07-05","passed","2026-07-05","Backend API Integration > PUT /api/colors/:name Schema Validation","","",""
"","1","Utility Functions rgbToHsl r max with g<b (#ff0040) → h near 345","","2026-07-05","passed","2026-07-05","","Utility Functions","Utility Functions rgbToHsl r max with g<b (#ff0040) → h near 345",""
"","4","Server Unit Tests POST /api/reseed returns 500 when seedDatabase throws","","2026-07-05","passed","2026-07-05","","Server Unit Tests","Server Unit Tests POST /api/reseed returns 500 when seedDatabase throws",""
"","634","should display all core elements and handle button interaction","percy","2026-07-05","skipped","2026-07-05","Responsive Design – iPhone SE (375×667)","","",""
"","8","NoSQL $where operator in name is rejected (400)","Chrome","2026-07-05","passed","2026-07-05","Security > Injection Prevention","tests/security.spec.ts","",""
"","109","Frontend Unit Tests App Component handleColorClick does nothing when data is null","","2026-07-05","passed","2026-07-05","","Frontend Unit Tests","Frontend Unit Tests App Component handleColorClick does nothing when data is null",""
"","341","GET /api/colors/Turquoise should return the correct hex code","bs-safari-ventura","2026-07-05","passed","2026-07-05","Backend API Integration","","",""
"","216","X-Powered-By header is not exposed","bs-chrome-win11","2026-07-05","passed","2026-07-05","Security > Security Headers","","",""
"","1934","color names rendered in the UI do not trigger script execution","bs-safari-ventura","2026-07-05","passed","2026-07-05","Security > XSS Prevention","","",""
"","715","should display all core elements and handle button interaction","percy","2026-07-05","skipped","2026-07-05","Responsive Design – tablet (768×1024)","","",""
"","35","Frontend Unit Tests App Component existingNames passed to ColorPicker matches current color list","","2026-07-05","passed","2026-07-05","","Frontend Unit Tests","Frontend Unit Tests App Component existingNames passed to ColorPicker matches current color list",""
"","8301","shows server-error message on 500 inside the picker","bs-iphone-15","2026-07-05","passed","2026-07-05","Color Management — Add & Delete","","",""
"","1535","verify Yellow ( #f1c40f ) is applied as the background color","bs-firefox-win11","2026-07-05","passed","2026-07-05","Background color tests","","",""
"","46","Frontend Unit Tests App Component add color 400 without data.error falls back to generic message","","2026-07-05","passed","2026-07-05","","Frontend Unit Tests","Frontend Unit Tests App Component add color 400 without data.error falls back to generic message",""
"","1559","should meet the accessibility threshold using Google Lighthouse","bs-iphone-15","2026-07-05","skipped","2026-07-05","Accessibility Tests","","",""
"","24","Component Tests ColorPicker valid submit calls onConfirm with trimmed name and current hex","","2026-07-05","passed","2026-07-05","","Utility Functions","Component Tests ColorPicker valid submit calls onConfirm with trimmed name and current hex",""
"","1935","color names rendered in the UI do not trigger script execution","bs-iphone-15","2026-07-05","passed","2026-07-05","Security > XSS Prevention","","",""
"","1386","shows a chip for each color with a swatch, name, and delete button","bs-safari-ventura","2026-07-05","passed","2026-07-05","Color Management — Add & Delete","","",""
"","5","Server Unit Tests Error Handling GET /api/colors returns 500 when database fails","","2026-07-05","passed","2026-07-05","","Server Unit Tests","Server Unit Tests Error Handling GET /api/colors returns 500 when database fails",""
"","210","GET /api/colors should return all colors","bs-firefox-win11","2026-07-05","passed","2026-07-05","Backend API Integration","","",""
"","119","array body on POST returns 400","bs-safari-ventura","2026-07-05","passed","2026-07-05","Security > Input Validation","","",""
"","0","Utility Functions rgbToHex converts pure red","","2026-07-05","passed","2026-07-05","","Utility Functions","Utility Functions rgbToHex converts pure red",""
"","2492","should maintain accessibility in es language and verify resilient locators","bs-chrome-win11","2026-07-05","passed","2026-07-05","i18n Accessibility Tests","","",""
"","242","Component Tests ColorPicker renders the modal with title, hex preview, name and hex inputs","","2026-07-05","passed","2026-07-05","","Utility Functions","Component Tests ColorPicker renders the modal with title, hex preview, name and hex inputs",""
"","119","should reject missing hex","bs-chrome-win11","2026-07-05","passed","2026-07-05","Backend API Integration > POST /api/colors Schema Validation","","",""
"","1","Utility Functions hslToRgb hue=59 stays in sector 0","","2026-07-05","passed","2026-07-05","","Utility Functions","Utility Functions hslToRgb hue=59 stays in sector 0",""
"","4","Server Unit Tests PUT /api/colors/:name returns 400 for invalid name with special characters","","2026-07-05","passed","2026-07-05","","Server Unit Tests","Server Unit Tests PUT /api/colors/:name returns 400 for invalid name with special characters",""
"","114","PATCH /api/colors returns 405","bs-iphone-15","2026-07-05","passed","2026-07-05","Security > HTTP Method Restrictions","","",""
"","111","should reject missing name","bs-chrome-win11","2026-07-05","passed","2026-07-05","Backend API Integration > POST /api/colors Schema Validation","","",""
"","859","should handle color click network failure gracefully","bs-pixel-7","2026-07-05","passed","2026-07-05","UI Error Handling Coverage","","",""
"","110","POST /api-docs returns 405","bs-firefox-win11","2026-07-05","passed","2026-07-05","Security > HTTP Method Restrictions","","",""
"","2672","should create dynamic random color via API and verify through UI","bs-safari-ventura","2026-07-05","passed","2026-07-05","Random Data Testing with faker.js","","",""
"","1084","close (×) button closes the picker","Chrome","2026-07-05","passed","2026-07-05","Color Management — Add & Delete","tests/color-management.spec.ts","",""
"","2672","homepage initial state","percy","2026-07-05","passed","2026-07-05","Percy Visual Regression – Production > Percy – desktop (1280×720)","","",""
"","28","Component Tests ColorPicker mousedown at left-center (hue=180) sets hex to #00ffff","","2026-07-05","passed","2026-07-05","","Utility Functions","Component Tests ColorPicker mousedown at left-center (hue=180) sets hex to #00ffff",""
"","9","Component Tests ColorPicker renders the color wheel canvas","","2026-07-05","passed","2026-07-05","","Utility Functions","Component Tests ColorPicker renders the color wheel canvas",""
"","100","NoSQL operator in GET path param is rejected (400 or 404)","bs-iphone-15","2026-07-05","passed","2026-07-05","Security > Injection Prevention","","",""
"","122","SQL injection characters in name are rejected (400)","bs-chrome-win11","2026-07-05","passed","2026-07-05","Security > Injection Prevention","","",""
"","210","GET /api/colors should return all colors","bs-iphone-15","2026-07-05","passed","2026-07-05","Backend API Integration","","",""
"","67","Frontend Unit Tests App Component handles null data from initial fetch gracefully","","2026-07-05","passed","2026-07-05","","Frontend Unit Tests","Frontend Unit Tests App Component handles null data from initial fetch gracefully",""
"","7","array body on POST returns 400","Chrome","2026-07-05","passed","2026-07-05","Security > Input Validation","tests/security.spec.ts","",""
"","635","should gracefully handle a color not found in the database","bs-pixel-7","2026-07-05","passed","2026-07-05","Network Mocking & Interception","","",""
"","14","Component Tests ColorPicker Add color button shows ""Saving…"" when saving=true","","2026-07-05","passed","2026-07-05","","Utility Functions","Component Tests ColorPicker Add color button shows ""Saving…"" when saving=true",""
"","1184","shows client-side ""Name is required"" when submitting empty name","bs-chrome-win11","2026-07-05","passed","2026-07-05","Color Management — Add & Delete","","",""
"","1254","verify Red ( #e74c3c ) is applied as the background color","bs-firefox-win11","2026-07-05","passed","2026-07-05","Background color tests","","",""
"","630","should handle missing image gracefully by showing alt text","Chrome","2026-07-05","passed","2026-07-05","Network Mocking & Interception","tests/network-mocking.spec.ts","",""
"","5","Component Tests ConfirmDialog Enter key does NOT call onConfirm when busy","","2026-07-05","passed","2026-07-05","","Component Tests","Component Tests ConfirmDialog Enter key does NOT call onConfirm when busy",""
"","121","POST /api-docs returns 405","bs-pixel-7","2026-07-05","passed","2026-07-05","Security > HTTP Method Restrictions","","",""
"","257","should return 404 for non-existent color deletion","bs-safari-ventura","2026-07-05","passed","2026-07-05","Backend API Integration > DELETE /api/colors/:name","","",""
"","35","Frontend Unit Tests App Component deleting the last color sets activeName to null","","2026-07-05","passed","2026-07-05","","Frontend Unit Tests","Frontend Unit Tests App Component deleting the last color sets activeName to null",""
"","758","check Turquoise ( #1abc9c) is the default background color.","bs-chrome-win11","2026-07-05","passed","2026-07-05","","","",""
"","4","Server Unit Tests Error Handling GET /api/colors/:name returns 500 when database fails","","2026-07-05","passed","2026-07-05","","Server Unit Tests","Server Unit Tests Error Handling GET /api/colors/:name returns 500 when database fails",""
"","34","Component Tests ConfirmDialog cancel button calls onCancel","","2026-07-05","passed","2026-07-05","","Component Tests","Component Tests ConfirmDialog cancel button calls onCancel",""
"","104","DELETE /api/colors (collection) returns 405","bs-iphone-15","2026-07-05","passed","2026-07-05","Security > HTTP Method Restrictions","","",""
"","1224","verify Red ( #e74c3c ) is applied as the background color","bs-chrome-win11","2026-07-05","passed","2026-07-05","POM Refactored: Background color tests","","",""
"","4","Server Unit Tests OpenAPI endpoints spec includes component schemas","","2026-07-05","passed","2026-07-05","","Server Unit Tests","Server Unit Tests OpenAPI endpoints spec includes component schemas",""
"","10","Component Tests ConfirmDialog clicking the card itself does NOT call onCancel","","2026-07-05","passed","2026-07-05","","Component Tests","Component Tests ConfirmDialog clicking the card itself does NOT call onCancel",""
"","0","homepage after color change","Chrome","2026-07-05","skipped","2026-07-05","Percy Visual Regression – Production > Percy – tablet (768×1024)","","",""
"","886","handle color selection fetch error","bs-chrome-win11","2026-07-05","passed","2026-07-05","Edge cases and error handling","","",""
"","11","should reject invalid hex format","Chrome","2026-07-05","passed","2026-07-05","Backend API Integration > POST /api/colors Schema Validation","tests/api.spec.ts","",""
"","62","Frontend Unit Tests App Component picker onCancel does nothing when saving=true","","2026-07-05","passed","2026-07-05","","Frontend Unit Tests","Frontend Unit Tests App Component picker onCancel does nothing when saving=true",""
"","4","Server Unit Tests Error Handling DELETE /api/colors/:name returns 500 when database fails","","2026-07-05","passed","2026-07-05","","Server Unit Tests","Server Unit Tests Error Handling DELETE /api/colors/:name returns 500 when database fails",""
"","739","clicking ""+ Add color"" opens the picker modal","Chrome","2026-07-05","passed","2026-07-05","Color Management — Add & Delete","tests/color-management.spec.ts","",""
"","2675","should maintain accessibility in en language and verify resilient locators","Chrome","2026-07-05","passed","2026-07-05","i18n Accessibility Tests","tests/a11y.spec.ts","",""
"","1054","first color chip is active on load (aria-pressed=true)","bs-iphone-15","2026-07-05","passed","2026-07-05","Color Management — Add & Delete","","",""
"","200","GET /api/colors should return colors sorted alphabetically by name","bs-firefox-win11","2026-07-05","passed","2026-07-05","Backend API Integration","","",""
"","15","NoSQL injection object in name is rejected (400)","Chrome","2026-07-05","passed","2026-07-05","Security > Injection Prevention","tests/security.spec.ts","",""
"","1517","color names rendered in the UI do not trigger script execution","Chrome","2026-07-05","passed","2026-07-05","Security > XSS Prevention","tests/security.spec.ts","",""
"","115","should reject missing hex","bs-safari-ventura","2026-07-05","passed","2026-07-05","Backend API Integration > POST /api/colors Schema Validation","","",""
"","11","Server Integration Tests (Testcontainers) seedDatabase should clear custom colors when re-seeded","","2026-07-05","passed","2026-07-05","","Server Integration Tests (Testcontainers)","Server Integration Tests (Testcontainers) seedDatabase should clear custom colors when re-seeded",""
"","113","should reject missing hex","bs-firefox-win11","2026-07-05","passed","2026-07-05","Backend API Integration > POST /api/colors Schema Validation","","",""
"","6","Server Unit Tests GET /api/colors/:name returns Yellow color correctly","","2026-07-05","passed","2026-07-05","","Server Unit Tests","Server Unit Tests GET /api/colors/:name returns Yellow color correctly",""
"","999","clicking a chip makes it active","Chrome","2026-07-05","passed","2026-07-05","Color Management — Add & Delete","tests/color-management.spec.ts","",""
"","5","Server Unit Tests POST /api/colors returns 400 for name with whitespace","","2026-07-05","passed","2026-07-05","","Server Unit Tests","Server Unit Tests POST /api/colors returns 400 for name with whitespace",""
"","6095","should maintain accessibility after state change (color update)","bs-chrome-win11","2026-07-05","passed","2026-07-05","Accessibility Tests","","",""
"","112","POST with HTML tag in name is rejected (400)","bs-firefox-win11","2026-07-05","passed","2026-07-05","Security > XSS Prevention","","",""
"","294","GET /api/colors/Turquoise should return the correct hex code","bs-firefox-win11","2026-07-05","passed","2026-07-05","Backend API Integration","","",""
"","114","NoSQL $where operator in name is rejected (400)","bs-firefox-win11","2026-07-05","passed","2026-07-05","Security > Injection Prevention","","",""
"","168","POST with javascript: URI in name is rejected (400)","bs-safari-ventura","2026-07-05","passed","2026-07-05","Security > XSS Prevention","","",""
"","1","Frontend Unit Tests i18n Configuration should have translation keys in resources","","2026-07-05","passed","2026-07-05","","Frontend Unit Tests","Frontend Unit Tests i18n Configuration should have translation keys in resources",""
"","1231","verify Yellow ( #f1c40f ) is applied as the background color","bs-pixel-7","2026-07-05","passed","2026-07-05","POM Refactored: Background color tests","","",""
"","9","Server Unit Tests GET /api/colors/:name returns 404 for a non-existent color","","2026-07-05","passed","2026-07-05","","Server Unit Tests","Server Unit Tests GET /api/colors/:name returns 404 for a non-existent color",""
"","7","Component Tests ColorPicker Escape listener is removed after unmount","","2026-07-05","passed","2026-07-05","","Utility Functions","Component Tests ColorPicker Escape listener is removed after unmount",""
"","1","Frontend Unit Tests i18n Configuration should handle language change correctly","","2026-07-05","passed","2026-07-05","","Frontend Unit Tests","Frontend Unit Tests i18n Configuration should handle language change correctly",""
"","976","delete API error shows alert banner","bs-pixel-7","2026-07-05","passed","2026-07-05","Color Management — Add & Delete","","",""
"","338","Server Unit Tests Surviving Mutants & Edge Cases Infrastructure uses default MONGO_URI when process.env.MONGO_URI is missing","","2026-07-05","passed","2026-07-05","","Server Unit Tests","Server Unit Tests Surviving Mutants & Edge Cases Infrastructure uses default MONGO_URI when process.env.MONGO_URI is missing",""
"","2576","homepage after color change","percy","2026-07-05","passed","2026-07-05","Percy Visual Regression – Production > Percy – desktop-xl (1920×1080)","","",""
"","3","Server Unit Tests OpenAPI endpoints has exact application/json content-type","","2026-07-05","passed","2026-07-05","","Server Unit Tests","Server Unit Tests OpenAPI endpoints has exact application/json content-type",""
"","5192","successful delete removes the chip","bs-iphone-15","2026-07-05","passed","2026-07-05","Color Management — Add & Delete","","",""
"","5","Server Unit Tests PUT /api/colors/:name does not change name when updating only hex","","2026-07-05","passed","2026-07-05","","Server Unit Tests","Server Unit Tests PUT /api/colors/:name does not change name when updating only hex",""
"","98","should reject invalid hex format on update","bs-pixel-7","2026-07-05","passed","2026-07-05","Backend API Integration > PUT /api/colors/:name Schema Validation","","",""
"","3","Server Unit Tests 405 Method Not Allowed returns 405 for PATCH on /api/colors/:name","","2026-07-05","passed","2026-07-05","","Server Unit Tests","Server Unit Tests 405 Method Not Allowed returns 405 for PATCH on /api/colors/:name",""
"","2147","Escape key closes the confirm dialog","bs-iphone-15","2026-07-05","passed","2026-07-05","Color Management — Add & Delete","","",""
"","1268","should meet the accessibility threshold using Google Lighthouse","bs-firefox-win11","2026-07-05","skipped","2026-07-05","Accessibility Tests","","",""
"","218","GET /api/colors/Yellow should return the correct hex code","bs-iphone-15","2026-07-05","passed","2026-07-05","Backend API Integration","","",""
"","215","GET /api/colors/:name should return 404 for non-existent color","bs-firefox-win11","2026-07-05","passed","2026-07-05","Backend API Integration","","",""
"","32","Frontend Unit Tests App Component clicking chip-x opens confirm dialog with color name and swatch","","2026-07-05","passed","2026-07-05","","Frontend Unit Tests","Frontend Unit Tests App Component clicking chip-x opens confirm dialog with color name and swatch",""
"","1091","should load the application and verify core functionality across browsers","bs-chrome-win11","2026-07-05","passed","2026-07-05","Cross-Browser Core Functionality","","",""
"","12","Component Tests ColorPicker Cancel button is disabled when saving=true","","2026-07-05","passed","2026-07-05","","Utility Functions","Component Tests ColorPicker Cancel button is disabled when saving=true",""
"","710","should show loading state when API returns empty colors","Chrome","2026-07-05","passed","2026-07-05","UI Error Handling Coverage","tests/error-handling.spec.ts","",""
"","551","verify language switcher changes document language","bs-pixel-7","2026-07-05","passed","2026-07-05","","","",""
"","490","should delete an existing color","bs-firefox-win11","2026-07-05","passed","2026-07-05","Backend API Integration > DELETE /api/colors/:name","","",""
"","245","oversized payload is rejected (413)","bs-chrome-win11","2026-07-05","passed","2026-07-05","Security > Input Validation","","",""
"","33","Frontend Unit Tests App Component add color 409 conflict shows picker error (data.error message)","","2026-07-05","passed","2026-07-05","","Frontend Unit Tests","Frontend Unit Tests App Component add color 409 conflict shows picker error (data.error message)",""
"","22","Frontend Unit Tests App Component link color is light (#cfe8ff) on dark background","","2026-07-05","passed","2026-07-05","","Frontend Unit Tests","Frontend Unit Tests App Component link color is light (#cfe8ff) on dark background",""
"","21","Component Tests ColorPicker mousemove after mouseup does NOT update color (dragging stopped)","","2026-07-05","passed","2026-07-05","","Utility Functions","Component Tests ColorPicker mousemove after mouseup does NOT update color (dragging stopped)",""
"","2769","verify Turquoise ( #1abc9c ) is applied as the background color","bs-safari-ventura","2026-07-05","passed","2026-07-05","Background color tests","","",""
"","37","Frontend Unit Tests App Component handleColorClick encodes color name in URL","","2026-07-05","passed","2026-07-05","","Frontend Unit Tests","Frontend Unit Tests App Component handleColorClick encodes color name in URL",""
"","574","should show loading state when API returns empty colors","bs-pixel-7","2026-07-05","passed","2026-07-05","UI Error Handling Coverage","","",""
"","548","should load the application and verify core functionality across browsers","Chrome","2026-07-05","passed","2026-07-05","Cross-Browser Core Functionality","","",""
"","1011","successful delete removes the chip","bs-pixel-7","2026-07-05","passed","2026-07-05","Color Management — Add & Delete","","",""
"","5918","should maintain accessibility in es language and verify resilient locators","bs-iphone-15","2026-07-05","passed","2026-07-05","i18n Accessibility Tests","","",""
"","1112","verify Red ( #e74c3c ) is applied as the background color","bs-firefox-win11","2026-07-05","passed","2026-07-05","POM Refactored: Background color tests","","",""
"","3952","should maintain accessibility after state change (color update)","bs-firefox-win11","2026-07-05","passed","2026-07-05","Accessibility Tests","","",""
"","7174","deleting the active color switches background to the first remaining","bs-iphone-15","2026-07-05","passed","2026-07-05","Color Management — Add & Delete","","",""
"","109","should reject missing name","bs-pixel-7","2026-07-05","passed","2026-07-05","Backend API Integration > POST /api/colors Schema Validation","","",""
"","1030","verify language switcher changes document language","bs-firefox-win11","2026-07-05","passed","2026-07-05","","","",""
"","1836","should create color via API and verify through UI","bs-firefox-win11","2026-07-05","passed","2026-07-05","Hybrid E2E Testing","","",""
"","1271","first color chip is active on load (aria-pressed=true)","bs-safari-ventura","2026-07-05","passed","2026-07-05","Color Management — Add & Delete","","",""
"","2336","changing color to Yellow should reflect in UI and DOM","bs-safari-ventura","2026-07-05","passed","2026-07-05","Data-Driven Testing","","",""
"","29","Server Unit Tests Surviving Mutants & Edge Cases Strict Path & Method Validation kills allowedMethods mutants by exhaustive testing","","2026-07-05","passed","2026-07-05","","Server Unit Tests","Server Unit Tests Surviving Mutants & Edge Cases Strict Path & Method Validation kills allowedMethods mutants by exhaustive testing",""
"","1","Utility Functions hslToRgb hue=300 (magenta) → [255,0,255]","","2026-07-05","passed","2026-07-05","","Utility Functions","Utility Functions hslToRgb hue=300 (magenta) → [255,0,255]",""
"","4","Server Integration Tests (Testcontainers) Method Not Allowed should return 405 for PATCH /api/colors/:name","","2026-07-05","passed","2026-07-05","","Server Integration Tests (Testcontainers)","Server Integration Tests (Testcontainers) Method Not Allowed should return 405 for PATCH /api/colors/:name",""
"","9","Frontend Unit Tests App Component shows error alert when initial fetch fails","","2026-07-05","passed","2026-07-05","","Frontend Unit Tests","Frontend Unit Tests App Component shows error alert when initial fetch fails",""
"","24","Server Unit Tests POST /api/colors creates a new color and returns 201 with correct body","","2026-07-05","passed","2026-07-05","","Server Unit Tests","Server Unit Tests POST /api/colors creates a new color and returns 201 with correct body",""
"","20","GET /api/colors","","","passed","","","schemathesis","",""
"","8","Server Unit Tests seedDatabase clears existing colors and re-seeds with 3 defaults","","2026-07-05","passed","2026-07-05","","Server Unit Tests","Server Unit Tests seedDatabase clears existing colors and re-seeds with 3 defaults",""
"","37","Frontend Unit Tests App Component add color 500 shows server error message","","2026-07-05","passed","2026-07-05","","Frontend Unit Tests","Frontend Unit Tests App Component add color 500 shows server error message",""
"","119","should reject invalid hex format","bs-firefox-win11","2026-07-05","passed","2026-07-05","Backend API Integration > POST /api/colors Schema Validation","","",""
"","524","should create a new color with valid schema","bs-chrome-win11","2026-07-05","passed","2026-07-05","Backend API Integration > POST /api/colors Schema Validation","","",""
"","1817","should handle color click network failure gracefully","bs-iphone-15","2026-07-05","passed","2026-07-05","UI Error Handling Coverage","","",""
"","4","Server Integration Tests (Testcontainers) POST /api/colors should return 400 when name is missing","","2026-07-05","passed","2026-07-05","","Server Integration Tests (Testcontainers)","Server Integration Tests (Testcontainers) POST /api/colors should return 400 when name is missing",""
"","11527","shows server-error message on 500 inside the picker","bs-safari-ventura","2026-07-05","passed","2026-07-05","Color Management — Add & Delete","","",""
"","5","Server Unit Tests Middleware JSON error middleware passes non-syntax errors to next()","","2026-07-05","passed","2026-07-05","","Server Unit Tests","Server Unit Tests Middleware JSON error middleware passes non-syntax errors to next()",""
"","232","GET /api/colors/Yellow should return the correct hex code","bs-chrome-win11","2026-07-05","passed","2026-07-05","Backend API Integration","","",""
"","8","Component Tests ColorPicker wheel cursor moves to (220,110) after right-edge click (hue=0, sat=1)","","2026-07-05","passed","2026-07-05","","Utility Functions","Component Tests ColorPicker wheel cursor moves to (220,110) after right-edge click (hue=0, sat=1)",""
"","15","Server Integration Tests (Testcontainers) POST /api/colors should accept a single alphanumeric character as a name","","2026-07-05","passed","2026-07-05","","Server Integration Tests (Testcontainers)","Server Integration Tests (Testcontainers) POST /api/colors should accept a single alphanumeric character as a name",""
"","4","Server Unit Tests Middleware includes CORS headers","","2026-07-05","passed","2026-07-05","","Server Unit Tests","Server Unit Tests Middleware includes CORS headers",""
"","4","Server Unit Tests POST /api/reseed returns 401 when Bearer scheme prefix is missing","","2026-07-05","passed","2026-07-05","","Server Unit Tests","Server Unit Tests POST /api/reseed returns 401 when Bearer scheme prefix is missing",""
"","28","Component Tests ColorPicker mousedown at bottom-center (hue=90) sets hex to #80ff00","","2026-07-05","passed","2026-07-05","","Utility Functions","Component Tests ColorPicker mousedown at bottom-center (hue=90) sets hex to #80ff00",""
"","4","Server Unit Tests POST /api/colors returns 400 for invalid hex format (no hash)","","2026-07-05","passed","2026-07-05","","Server Unit Tests","Server Unit Tests POST /api/colors returns 400 for invalid hex format (no hash)",""
"","3","Server Unit Tests POST /api/reseed returns 405 for PUT on /api/reseed","","2026-07-05","passed","2026-07-05","","Server Unit Tests","Server Unit Tests POST /api/reseed returns 405 for PUT on /api/reseed",""
"","1585","close (×) button closes the picker","bs-firefox-win11","2026-07-05","passed","2026-07-05","Color Management — Add & Delete","","",""
"","2094","should maintain accessibility in es language and verify resilient locators","Chrome","2026-07-05","passed","2026-07-05","i18n Accessibility Tests","tests/a11y.spec.ts","",""
"","43","should create a new color with valid schema","Chrome","2026-07-05","passed","2026-07-05","Backend API Integration > POST /api/colors Schema Validation","tests/api.spec.ts","",""
"","773","Show error message when the initial colors fetch fails","BDD","2026-07-05","passed","2026-07-05","API Error Handling","","",""
"","98","should reject empty name","bs-pixel-7","2026-07-05","passed","2026-07-05","Backend API Integration > POST /api/colors Schema Validation","","",""
"","12","should reject missing name","Chrome","2026-07-05","passed","2026-07-05","Backend API Integration > POST /api/colors Schema Validation","tests/api.spec.ts","",""
"","0","Utility Functions hslToRgb hue=330 (rose) → [255,0,128]","","2026-07-05","passed","2026-07-05","","Utility Functions","Utility Functions hslToRgb hue=330 (rose) → [255,0,128]",""
"","120","NoSQL $where operator in name is rejected (400)","bs-safari-ventura","2026-07-05","passed","2026-07-05","Security > Injection Prevention","","",""
"","7410","shows client-side ""Name is required"" when submitting empty name","bs-iphone-15","2026-07-05","passed","2026-07-05","Color Management — Add & Delete","","",""
"","1493","changing color to Turquoise should reflect in UI and DOM","bs-firefox-win11","2026-07-05","passed","2026-07-05","Data-Driven Testing","","",""
"","731","Escape key closes the confirm dialog","bs-pixel-7","2026-07-05","passed","2026-07-05","Color Management — Add & Delete","","",""
"","256","GET /api/colors/Red should return the correct hex code","bs-safari-ventura","2026-07-05","passed","2026-07-05","Backend API Integration","","",""
"","635","first color chip is active on load (aria-pressed=true)","bs-pixel-7","2026-07-05","passed","2026-07-05","Color Management — Add & Delete","","",""
"","100","should delete an existing color","Chrome","2026-07-05","passed","2026-07-05","Backend API Integration > DELETE /api/colors/:name","tests/api.spec.ts","",""
"","7","Component Tests ColorPicker clicking inside the card does NOT call onCancel","","2026-07-05","passed","2026-07-05","","Utility Functions","Component Tests ColorPicker clicking inside the card does NOT call onCancel",""
"","111","PATCH /api/colors returns 405","bs-firefox-win11","2026-07-05","passed","2026-07-05","Security > HTTP Method Restrictions","","",""
"","4","Server Unit Tests 405 Method Not Allowed sets the Allow header on /api/colors with correct methods","","2026-07-05","passed","2026-07-05","","Server Unit Tests","Server Unit Tests 405 Method Not Allowed sets the Allow header on /api/colors with correct methods",""
"","113","PUT /openapi.json returns 405","bs-firefox-win11","2026-07-05","passed","2026-07-05","Security > HTTP Method Restrictions","","",""
"","110","Frontend Unit Tests App Component handleColorClick does nothing when data has no hex","","2026-07-05","passed","2026-07-05","","Frontend Unit Tests","Frontend Unit Tests App Component handleColorClick does nothing when data has no hex",""
"","0","Utility Functions hslToRgb hue=270 (violet) → [128,0,255]","","2026-07-05","passed","2026-07-05","","Utility Functions","Utility Functions hslToRgb hue=270 (violet) → [128,0,255]",""
"","5","Server Unit Tests Surviving Mutants & Edge Cases Regex & Validation Zod required_error messages are correct","","2026-07-05","passed","2026-07-05","","Server Unit Tests","Server Unit Tests Surviving Mutants & Edge Cases Regex & Validation Zod required_error messages are correct",""
"","12","Server Unit Tests Surviving Mutants & Edge Cases Regex & Validation STRICT_NAME_REGEX kills mutants by testing multiple spaces in the middle and rejecting pluses","","2026-07-05","passed","2026-07-05","","Server Unit Tests","Server Unit Tests Surviving Mutants & Edge Cases Regex & Validation STRICT_NAME_REGEX kills mutants by testing multiple spaces in the middle and rejecting pluses",""
"","753","Background stays unchanged when fetching a specific color fails","BDD","2026-07-05","passed","2026-07-05","API Error Handling","","",""
"","21","Component Tests ColorPicker duplicate check is case-insensitive","","2026-07-05","passed","2026-07-05","","Utility Functions","Component Tests ColorPicker duplicate check is case-insensitive",""
"","39","Frontend Unit Tests App Component add color 409 fallback message when data.error is absent","","2026-07-05","passed","2026-07-05","","Frontend Unit Tests","Frontend Unit Tests App Component add color 409 fallback message when data.error is absent",""
"","1870","should gracefully handle a color not found in the database","bs-safari-ventura","2026-07-05","passed","2026-07-05","Network Mocking & Interception","","",""
"","4","Server Unit Tests PUT /api/colors/:name returns 400 when no fields are provided (empty body)","","2026-07-05","passed","2026-07-05","","Server Unit Tests","Server Unit Tests PUT /api/colors/:name returns 400 when no fields are provided (empty body)",""
"","1026","should load the application and verify core functionality across browsers","bs-pixel-7","2026-07-05","passed","2026-07-05","Cross-Browser Core Functionality","","",""
"","5","Server Integration Tests (Testcontainers) DELETE /api/colors/:name should return 400 for invalid name format","","2026-07-05","passed","2026-07-05","","Server Integration Tests (Testcontainers)","Server Integration Tests (Testcontainers) DELETE /api/colors/:name should return 400 for invalid name format",""
"","164","should reject missing name","bs-safari-ventura","2026-07-05","passed","2026-07-05","Backend API Integration > POST /api/colors Schema Validation","","",""
"","9","Server Unit Tests Surviving Mutants & Edge Cases PUT logic kills name/hex conditional mutants by providing only one field","","2026-07-05","passed","2026-07-05","","Server Unit Tests","Server Unit Tests Surviving Mutants & Edge Cases PUT logic kills name/hex conditional mutants by providing only one field",""
"","28","Frontend Unit Tests App Component clicking Add color button opens picker modal","","2026-07-05","passed","2026-07-05","","Frontend Unit Tests","Frontend Unit Tests App Component clicking Add color button opens picker modal",""
"","724","should return 409 for duplicate color creation","bs-safari-ventura","2026-07-05","passed","2026-07-05","Backend API Integration > POST /api/colors Schema Validation","","",""
"","23","Server Unit Tests Surviving Mutants & Edge Cases Regex & Validation STRICT_NAME_REGEX kills mutants on optionality and length","","2026-07-05","passed","2026-07-05","","Server Unit Tests","Server Unit Tests Surviving Mutants & Edge Cases Regex & Validation STRICT_NAME_REGEX kills mutants on optionality and length",""
"","793","should update a color with valid schema","bs-chrome-win11","2026-07-05","passed","2026-07-05","Backend API Integration > PUT /api/colors/:name Schema Validation","","",""
"","4","Server Unit Tests Middleware JSON error middleware ignores SyntaxError without body","","2026-07-05","passed","2026-07-05","","Server Unit Tests","Server Unit Tests Middleware JSON error middleware ignores SyntaxError without body",""
"","5455","should maintain accessibility in en language and verify resilient locators","bs-iphone-15","2026-07-05","passed","2026-07-05","i18n Accessibility Tests","","",""
"","1719","should create dynamic random color via API and verify through UI","bs-firefox-win11","2026-07-05","passed","2026-07-05","Random Data Testing with faker.js","","",""
"","843","verify Red ( #e74c3c ) is applied as the background color","Chrome","2026-07-05","passed","2026-07-05","POM Refactored: Background color tests","tests/pom-refactored.spec.ts","",""
"","329","oversized payload is rejected (413)","bs-pixel-7","2026-07-05","passed","2026-07-05","Security > Input Validation","","",""
"","147","NoSQL injection object in name is rejected (400)","bs-safari-ventura","2026-07-05","passed","2026-07-05","Security > Injection Prevention","","",""
"","1096","shows client-side validation error for invalid name chars","bs-chrome-win11","2026-07-05","passed","2026-07-05","Color Management — Add & Delete","","",""
"","109","should reject updating with empty name","bs-firefox-win11","2026-07-05","passed","2026-07-05","Backend API Integration > PUT /api/colors/:name Schema Validation","","",""
"","2296","clicking ""+ Add color"" opens the picker modal","bs-iphone-15","2026-07-05","passed","2026-07-05","Color Management — Add & Delete","","",""
"","893","clicking the backdrop closes the picker","bs-chrome-win11","2026-07-05","passed","2026-07-05","Color Management — Add & Delete","","",""
"","15","Component Tests ColorPicker typing blue hex updates internal state (b is max branch)","","2026-07-05","passed","2026-07-05","","Utility Functions","Component Tests ColorPicker typing blue hex updates internal state (b is max branch)",""
"","0","Utility Functions readableOn returns #111 for white (very light, L=1)","","2026-07-05","passed","2026-07-05","","Utility Functions","Utility Functions readableOn returns #111 for white (very light, L=1)",""
"","25","Component Tests ColorPicker hex input updates hue/sat via rgbToHsl (green → hue≈120)","","2026-07-05","passed","2026-07-05","","Utility Functions","Component Tests ColorPicker hex input updates hue/sat via rgbToHsl (green → hue≈120)",""
"","4","Server Integration Tests (Testcontainers) POST /api/reseed should return 401 when Authorization header is missing","","2026-07-05","passed","2026-07-05","","Server Integration Tests (Testcontainers)","Server Integration Tests (Testcontainers) POST /api/reseed should return 401 when Authorization header is missing",""
"","1167","shows 409 duplicate error from server inside the picker","bs-chrome-win11","2026-07-05","passed","2026-07-05","Color Management — Add & Delete","","",""
"","28","Frontend Unit Tests App Component picker cancel button closes the modal","","2026-07-05","passed","2026-07-05","","Frontend Unit Tests","Frontend Unit Tests App Component picker cancel button closes the modal",""
"","137","POST with script tag in name is rejected (400)","bs-safari-ventura","2026-07-05","passed","2026-07-05","Security > XSS Prevention","","",""
"","4","Server Unit Tests PUT /api/colors/:name returns 400 for invalid name in path (regex check)","","2026-07-05","passed","2026-07-05","","Server Unit Tests","Server Unit Tests PUT /api/colors/:name returns 400 for invalid name in path (regex check)",""
"","10","Server Integration Tests (Testcontainers) PUT /api/colors/:name should rename a color and make old name return 404","","2026-07-05","passed","2026-07-05","","Server Integration Tests (Testcontainers)","Server Integration Tests (Testcontainers) PUT /api/colors/:name should rename a color and make old name return 404",""
"","1","Utility Functions hslToRgb hue=360 wraps to hue=0 → [255,0,0]","","2026-07-05","passed","2026-07-05","","Utility Functions","Utility Functions hslToRgb hue=360 wraps to hue=0 → [255,0,0]",""
"","10","Server Unit Tests PUT /api/colors/:name updates the name of an existing color and preserves hex","","2026-07-05","passed","2026-07-05","","Server Unit Tests","Server Unit Tests PUT /api/colors/:name updates the name of an existing color and preserves hex",""
"","49","Frontend Unit Tests App Component saving is false again after a failed add (finally block)","","2026-07-05","passed","2026-07-05","","Frontend Unit Tests","Frontend Unit Tests App Component saving is false again after a failed add (finally block)",""
"","4","Server Unit Tests POST /api/colors returns 400 for name with only spaces","","2026-07-05","passed","2026-07-05","","Server Unit Tests","Server Unit Tests POST /api/colors returns 400 for name with only spaces",""
"","919","chip-x click opens confirm dialog with color name","bs-chrome-win11","2026-07-05","passed","2026-07-05","Color Management — Add & Delete","","",""
"","1578","should gracefully handle a color not found in the database","bs-iphone-15","2026-07-05","passed","2026-07-05","Network Mocking & Interception","","",""
"","98","Frontend Unit Tests App Component clicking a color chip makes it active","","2026-07-05","passed","2026-07-05","","Frontend Unit Tests","Frontend Unit Tests App Component clicking a color chip makes it active",""
"","101","should reject invalid hex format on update","bs-iphone-15","2026-07-05","passed","2026-07-05","Backend API Integration > PUT /api/colors/:name Schema Validation","","",""
"","934","should show loading state when API returns empty colors","bs-firefox-win11","2026-07-05","passed","2026-07-05","UI Error Handling Coverage","","",""
"","2115","should load the application and verify core functionality across browsers","bs-iphone-15","2026-07-05","passed","2026-07-05","Cross-Browser Core Functionality","","",""
"","54","Frontend Unit Tests App Component header color attribute changes after clicking a chip","","2026-07-05","passed","2026-07-05","","Frontend Unit Tests","Frontend Unit Tests App Component header color attribute changes after clicking a chip",""
"","1597","color names rendered in the UI do not trigger script execution","bs-firefox-win11","2026-07-05","passed","2026-07-05","Security > XSS Prevention","","",""
"","5","Component Tests ConfirmDialog backdrop click does NOT call onCancel when busy","","2026-07-05","passed","2026-07-05","","Component Tests","Component Tests ConfirmDialog backdrop click does NOT call onCancel when busy",""
"","108","unknown extra fields in POST body are rejected (400)","bs-pixel-7","2026-07-05","passed","2026-07-05","Security > Input Validation","","",""
"","114","should reject missing name","bs-iphone-15","2026-07-05","passed","2026-07-05","Backend API Integration > POST /api/colors Schema Validation","","",""
"","1081","shows client-side ""Name is required"" when submitting empty name","bs-pixel-7","2026-07-05","passed","2026-07-05","Color Management — Add & Delete","","",""
"","0","Utility Functions readableOn returns #111 for turquoise (L≈0.39, black gives better contrast)","","2026-07-05","passed","2026-07-05","","Utility Functions","Utility Functions readableOn returns #111 for turquoise (L≈0.39, black gives better contrast)",""
"","717","handle initial fetch with empty data","bs-chrome-win11","2026-07-05","passed","2026-07-05","Edge cases and error handling","","",""
"","567","should create a new color with valid schema","bs-safari-ventura","2026-07-05","passed","2026-07-05","Backend API Integration > POST /api/colors Schema Validation","","",""
"","1851","should maintain accessibility in el language and verify resilient locators","bs-pixel-7","2026-07-05","passed","2026-07-05","i18n Accessibility Tests","","",""
"","1505","shows client-side validation error for invalid name chars","bs-firefox-win11","2026-07-05","passed","2026-07-05","Color Management — Add & Delete","","",""
"","1109","close (×) button closes the picker","bs-pixel-7","2026-07-05","passed","2026-07-05","Color Management — Add & Delete","","",""
"","1330","should create dynamic random color via API and verify through UI","bs-pixel-7","2026-07-05","passed","2026-07-05","Random Data Testing with faker.js","","",""
"","1","Utility Functions rgbToHsl b max (#0040ff) → h in (180,300)","","2026-07-05","passed","2026-07-05","","Utility Functions","Utility Functions rgbToHsl b max (#0040ff) → h in (180,300)",""
"","6","Server Unit Tests 405 Method Not Allowed does not return 405 for allowed POST method on /api/colors","","2026-07-05","passed","2026-07-05","","Server Unit Tests","Server Unit Tests 405 Method Not Allowed does not return 405 for allowed POST method on /api/colors",""
"","1035","Escape key closes the confirm dialog","bs-firefox-win11","2026-07-05","passed","2026-07-05","Color Management — Add & Delete","","",""
"","4","Component Tests ConfirmDialog title is rendered in the element with id confirm-title","","2026-07-05","passed","2026-07-05","","Component Tests","Component Tests ConfirmDialog title is rendered in the element with id confirm-title",""
"","47","Frontend Unit Tests App Component delete network error shows error alert","","2026-07-05","passed","2026-07-05","","Frontend Unit Tests","Frontend Unit Tests App Component delete network error shows error alert",""
"","1068","Example #3","BDD","2026-07-05","passed","2026-07-05","Home Page Background Color > Change background color","","",""
"","245","GET /api/colors/Yellow should return the correct hex code","bs-firefox-win11","2026-07-05","passed","2026-07-05","Backend API Integration","","",""
"","689","verify language switcher changes document language","bs-chrome-win11","2026-07-05","passed","2026-07-05","","","",""
"","932","should display all core elements and handle button interaction","Chrome","2026-07-05","passed","2026-07-05","Responsive Design – iPhone landscape (667×375)","","",""
"","846","homepage should match snapshot","Chrome","2026-07-05","passed","2026-07-05","Visual Regression – iphone-landscape (667×375)","","",""
"","31","Component Tests ColorPicker submit with empty name shows ""Name is required"" error","","2026-07-05","passed","2026-07-05","","Utility Functions","Component Tests ColorPicker submit with empty name shows ""Name is required"" error",""
"","475","homepage should match snapshot","percy","2026-07-05","skipped","2026-07-05","Visual Regression – desktop-xl (1920×1080)","","",""
"","112","error responses return JSON, not HTML (no info leakage)","bs-iphone-15","2026-07-05","passed","2026-07-05","Security > Security Headers","","",""
"","0","Utility Functions hslToRgb low lightness l=0.25 → [128,0,0]","","2026-07-05","passed","2026-07-05","","Utility Functions","Utility Functions hslToRgb low lightness l=0.25 → [128,0,0]",""
"","10","Server Integration Tests (Testcontainers) PUT /api/colors/:name should update the hex of an existing color and persist it in the real database","","2026-07-05","passed","2026-07-05","","Server Integration Tests (Testcontainers)","Server Integration Tests (Testcontainers) PUT /api/colors/:name should update the hex of an existing color and persist it in the real database",""
"","108","should reject omitting both name and hex on update","bs-chrome-win11","2026-07-05","passed","2026-07-05","Backend API Integration > PUT /api/colors/:name Schema Validation","","",""
"","109","error responses return JSON, not HTML (no info leakage)","bs-chrome-win11","2026-07-05","passed","2026-07-05","Security > Security Headers","","",""
"","458","should handle missing image gracefully by showing alt text","bs-chrome-win11","2026-07-05","passed","2026-07-05","Network Mocking & Interception","","",""
"","8","POST /api-docs returns 405","Chrome","2026-07-05","passed","2026-07-05","Security > HTTP Method Restrictions","tests/security.spec.ts","",""
"","1895","should handle color click network failure gracefully","bs-safari-ventura","2026-07-05","passed","2026-07-05","UI Error Handling Coverage","","",""
"","990","first color chip is active on load (aria-pressed=true)","Chrome","2026-07-05","passed","2026-07-05","Color Management — Add & Delete","tests/color-management.spec.ts","",""
"","671","should gracefully handle a color not found in the database","Chrome","2026-07-05","passed","2026-07-05","Network Mocking & Interception","tests/network-mocking.spec.ts","",""
"","0","Utility Functions hslToRgb saturation=0 gives pure grey [128,128,128]","","2026-07-05","passed","2026-07-05","","Utility Functions","Utility Functions hslToRgb saturation=0 gives pure grey [128,128,128]",""
"","1196","shows 409 duplicate error from server inside the picker","bs-pixel-7","2026-07-05","passed","2026-07-05","Color Management — Add & Delete","","",""
"","1209","delete API error shows alert banner","bs-chrome-win11","2026-07-05","passed","2026-07-05","Color Management — Add & Delete","","",""
"","1247","POST /api/colors","","","passed","","","schemathesis","",""
"","115","should reject updating with empty name","bs-iphone-15","2026-07-05","passed","2026-07-05","Backend API Integration > PUT /api/colors/:name Schema Validation","","",""
"","1","Utility Functions hslToRgb hue=210 (azure) → [0,128,255]","","2026-07-05","passed","2026-07-05","","Utility Functions","Utility Functions hslToRgb hue=210 (azure) → [0,128,255]",""
"","3","Server Unit Tests POST /api/reseed returns 401 when Authorization header is missing","","2026-07-05","passed","2026-07-05","","Server Unit Tests","Server Unit Tests POST /api/reseed returns 401 when Authorization header is missing",""
"","22","Component Tests ColorPicker submit with invalid chars shows validation error","","2026-07-05","passed","2026-07-05","","Utility Functions","Component Tests ColorPicker submit with invalid chars shows validation error",""
"","907","should handle color click network failure gracefully","bs-chrome-win11","2026-07-05","passed","2026-07-05","UI Error Handling Coverage","","",""
"","490","should handle fetch colors network failure gracefully","bs-pixel-7","2026-07-05","passed","2026-07-05","UI Error Handling Coverage","","",""
"","2646","should maintain accessibility after state change (color update)","bs-pixel-7","2026-07-05","passed","2026-07-05","Accessibility Tests","","",""
"","9","Component Tests ColorPicker pressing a non-Escape key does not call onCancel","","2026-07-05","passed","2026-07-05","","Utility Functions","Component Tests ColorPicker pressing a non-Escape key does not call onCancel",""
"","4","Frontend Unit Tests i18n Configuration should translate keys correctly","","2026-07-05","passed","2026-07-05","","Frontend Unit Tests","Frontend Unit Tests i18n Configuration should translate keys correctly",""
"","107","PUT /openapi.json returns 405","bs-chrome-win11","2026-07-05","passed","2026-07-05","Security > HTTP Method Restrictions","","",""
"","69","GET /api/colors/{name}","","","passed","","","schemathesis","",""
"","61","Component Tests ColorPicker editing name does NOT call onClearError when no serverError","","2026-07-05","passed","2026-07-05","","Utility Functions","Component Tests ColorPicker editing name does NOT call onClearError when no serverError",""
"","84","Frontend Unit Tests App Component confirm dialog cancel does nothing when deleting=true","","2026-07-05","passed","2026-07-05","","Frontend Unit Tests","Frontend Unit Tests App Component confirm dialog cancel does nothing when deleting=true",""
"","9452","shows client-side validation error for invalid name chars","bs-iphone-15","2026-07-05","passed","2026-07-05","Color Management — Add & Delete","","",""
"","14","Server Integration Tests (Testcontainers) POST /api/colors should return 409 when creating a duplicate color name","","2026-07-05","passed","2026-07-05","","Server Integration Tests (Testcontainers)","Server Integration Tests (Testcontainers) POST /api/colors should return 409 when creating a duplicate color name",""
"","41","Frontend Unit Tests App Component add color 429 rate limit shows specific message","","2026-07-05","passed","2026-07-05","","Frontend Unit Tests","Frontend Unit Tests App Component add color 429 rate limit shows specific message",""
"","124","DELETE /api/colors (collection) returns 405","bs-safari-ventura","2026-07-05","passed","2026-07-05","Security > HTTP Method Restrictions","","",""
"","242","GET /api/colors should return all colors","bs-chrome-win11","2026-07-05","passed","2026-07-05","Backend API Integration","","",""
"","199","GET /api/colors should return colors sorted alphabetically by name","bs-iphone-15","2026-07-05","passed","2026-07-05","Backend API Integration","","",""
"","1291","shows client-side validation error for invalid name chars","bs-pixel-7","2026-07-05","passed","2026-07-05","Color Management — Add & Delete","","",""
"","105","should reject omitting both name and hex on update","bs-pixel-7","2026-07-05","passed","2026-07-05","Backend API Integration > PUT /api/colors/:name Schema Validation","","",""
"","192","should return 404 for non-existent color deletion","bs-chrome-win11","2026-07-05","passed","2026-07-05","Backend API Integration > DELETE /api/colors/:name","","",""
"","8","SQL injection characters in name are rejected (400)","Chrome","2026-07-05","passed","2026-07-05","Security > Injection Prevention","tests/security.spec.ts","",""
"","5","Server Integration Tests (Testcontainers) POST /api/colors should return 400 when hex is missing","","2026-07-05","passed","2026-07-05","","Server Integration Tests (Testcontainers)","Server Integration Tests (Testcontainers) POST /api/colors should return 400 when hex is missing",""
"","2141","changing color to Turquoise should reflect in UI and DOM","bs-iphone-15","2026-07-05","passed","2026-07-05","Data-Driven Testing","","",""
"","5385","delete API error shows alert banner","bs-iphone-15","2026-07-05","passed","2026-07-05","Color Management — Add & Delete","","",""
"","117","PATCH /api/colors/:name returns 405","bs-firefox-win11","2026-07-05","passed","2026-07-05","Security > HTTP Method Restrictions","","",""
"","5","Server Unit Tests POST /api/colors returns 409 for a duplicate color name with descriptive error","","2026-07-05","passed","2026-07-05","","Server Unit Tests","Server Unit Tests POST /api/colors returns 409 for a duplicate color name with descriptive error",""
"","1423","verify Turquoise ( #1abc9c ) is applied as the background color","bs-chrome-win11","2026-07-05","passed","2026-07-05","POM Refactored: Background color tests","","",""
"","197","should return 404 for non-existent color deletion","bs-pixel-7","2026-07-05","passed","2026-07-05","Backend API Integration > DELETE /api/colors/:name","","",""
"","2","Server Unit Tests Surviving Mutants & Edge Cases Mongoose Schema Strictness kills empty schema mutant by checking schema paths","","2026-07-05","passed","2026-07-05","","Server Unit Tests","Server Unit Tests Surviving Mutants & Edge Cases Mongoose Schema Strictness kills empty schema mutant by checking schema paths",""
"","62","Frontend Unit Tests App Component fetches and displays color chips with swatch and delete button","","2026-07-05","passed","2026-07-05","","Frontend Unit Tests","Frontend Unit Tests App Component fetches and displays color chips with swatch and delete button",""
"","111","NoSQL operator in GET path param is rejected (400 or 404)","bs-pixel-7","2026-07-05","passed","2026-07-05","Security > Injection Prevention","","",""
"","1271","chip-x click opens confirm dialog with color name","bs-firefox-win11","2026-07-05","passed","2026-07-05","Color Management — Add & Delete","","",""
"","10","should reject invalid hex format on update","Chrome","2026-07-05","passed","2026-07-05","Backend API Integration > PUT /api/colors/:name Schema Validation","tests/api.spec.ts","",""
"","1","Frontend Unit Tests i18n Configuration should have defined resources for en, es, el","","2026-07-05","passed","2026-07-05","","Frontend Unit Tests","Frontend Unit Tests i18n Configuration should have defined resources for en, es, el",""
"","6","Server Integration Tests (Testcontainers) GET /api/colors/:name should not expose _id or __v fields","","2026-07-05","passed","2026-07-05","","Server Integration Tests (Testcontainers)","Server Integration Tests (Testcontainers) GET /api/colors/:name should not expose _id or __v fields",""
"","8","Server Unit Tests GET /api/colors/:name returns a single color by name with correct fields","","2026-07-05","passed","2026-07-05","","Server Unit Tests","Server Unit Tests GET /api/colors/:name returns a single color by name with correct fields",""
"","1439","Cancel button closes the picker","bs-firefox-win11","2026-07-05","passed","2026-07-05","Color Management — Add & Delete","","",""
"","1272","verify Yellow ( #f1c40f ) is applied as the background color","bs-pixel-7","2026-07-05","passed","2026-07-05","Background color tests","","",""
"","4","Server Unit Tests POST /api/colors returns 400 for extra unknown fields (strict schema)","","2026-07-05","passed","2026-07-05","","Server Unit Tests","Server Unit Tests POST /api/colors returns 400 for extra unknown fields (strict schema)",""
