"DESCRIPTION","DURATION IN MS","NAME","PARENT SUITE","START TIME","STATUS","STOP TIME","SUB SUITE","SUITE","TEST CLASS","TEST METHOD"
"","106","DELETE /api/colors (collection) returns 405","bs-firefox-win11","2026-09-05","passed","2026-09-05","Security > HTTP Method Restrictions","","",""
"","8","Server Unit Tests GET /api/colors returns JSON content type","","2026-09-05","passed","2026-09-05","","Server Unit Tests","Server Unit Tests GET /api/colors returns JSON content type",""
"","1319","verify Turquoise ( #1abc9c ) is applied as the background color","bs-chrome-win11","2026-09-05","passed","2026-09-05","POM Refactored: Background color tests","","",""
"","1418","verify Red ( #e74c3c ) is applied as the background color","bs-iphone-15","2026-09-05","passed","2026-09-05","POM Refactored: Background color tests","","",""
"","6","Server Unit Tests Middleware JSON error middleware passes non-syntax errors to next()","","2026-09-05","passed","2026-09-05","","Server Unit Tests","Server Unit Tests Middleware JSON error middleware passes non-syntax errors to next()",""
"","28","should update a color with valid schema","Chrome","2026-09-05","passed","2026-09-05","Backend API Integration > PUT /api/colors/:name Schema Validation","tests/api.spec.ts","",""
"","5","Server Unit Tests 405 Method Not Allowed does not return 405 for allowed POST method on /api/colors","","2026-09-05","passed","2026-09-05","","Server Unit Tests","Server Unit Tests 405 Method Not Allowed does not return 405 for allowed POST method on /api/colors",""
"","4","Server Unit Tests 405 Method Not Allowed sets the Allow header on /api/colors/:name with correct methods","","2026-09-05","passed","2026-09-05","","Server Unit Tests","Server Unit Tests 405 Method Not Allowed sets the Allow header on /api/colors/:name with correct methods",""
"","983","clicking the backdrop closes the picker","bs-pixel-7","2026-09-05","passed","2026-09-05","Color Management — Add & Delete","","",""
"","119","should reject missing hex","bs-safari-ventura","2026-09-05","passed","2026-09-05","Backend API Integration > POST /api/colors Schema Validation","","",""
"","29","Component Tests ColorPicker mousedown at top-center (hue=270) sets hex to #8000ff","","2026-09-05","passed","2026-09-05","","Utility Functions","Component Tests ColorPicker mousedown at top-center (hue=270) sets hex to #8000ff",""
"","43","should create a new color with valid schema","Chrome","2026-09-05","passed","2026-09-05","Backend API Integration > POST /api/colors Schema Validation","tests/api.spec.ts","",""
"","25","Frontend Unit Tests App Component text color on light background is dark","","2026-09-05","passed","2026-09-05","","Frontend Unit Tests","Frontend Unit Tests App Component text color on light background is dark",""
"","0","homepage initial state","Chrome","2026-09-05","skipped","2026-09-05","Percy Visual Regression – Production > Percy – tablet (768×1024)","","",""
"","102","Frontend Unit Tests App Component deleting is false again after a failed delete (finally block)","","2026-09-05","passed","2026-09-05","","Frontend Unit Tests","Frontend Unit Tests App Component deleting is false again after a failed delete (finally block)",""
"","2251","should maintain accessibility in en language and verify resilient locators","bs-chrome-win11","2026-09-05","passed","2026-09-05","i18n Accessibility Tests","","",""
"","11","Server Unit Tests Error Handling POST /api/colors returns 500 when database fails (create)","","2026-09-05","passed","2026-09-05","","Server Unit Tests","Server Unit Tests Error Handling POST /api/colors returns 500 when database fails (create)",""
"","6830","should maintain accessibility after state change (color update)","bs-chrome-win11","2026-09-05","passed","2026-09-05","Accessibility Tests","","",""
"","1018","shows client-side validation error for invalid name chars","bs-chrome-win11","2026-09-05","passed","2026-09-05","Color Management — Add & Delete","","",""
"","0","Utility Functions hslToRgb hue=120 (green) → [0,255,0]","","2026-09-05","passed","2026-09-05","","Utility Functions","Utility Functions hslToRgb hue=120 (green) → [0,255,0]",""
"","1081","clicking a chip makes it active","bs-chrome-win11","2026-09-05","passed","2026-09-05","Color Management — Add & Delete","","",""
"","365","homepage should match snapshot","percy","2026-09-05","skipped","2026-09-05","Visual Regression – iphone-landscape (667×375)","","",""
"","9","Component Tests ColorPicker clicking the backdrop calls onCancel","","2026-09-05","passed","2026-09-05","","Utility Functions","Component Tests ColorPicker clicking the backdrop calls onCancel",""
"","6","Server Unit Tests GET /api/colors/:name returns Turquoise color correctly","","2026-09-05","passed","2026-09-05","","Server Unit Tests","Server Unit Tests GET /api/colors/:name returns Turquoise color correctly",""
"","41","Server Unit Tests GET /api/colors returns all seeded colors with correct names and hex values","","2026-09-05","passed","2026-09-05","","Server Unit Tests","Server Unit Tests GET /api/colors returns all seeded colors with correct names and hex values",""
"","3692","should show loading state when API returns empty colors","bs-firefox-win11","2026-09-05","passed","2026-09-05","UI Error Handling Coverage","","",""
"","50","Frontend Unit Tests App Component deleting the last color sets activeName to null","","2026-09-05","passed","2026-09-05","","Frontend Unit Tests","Frontend Unit Tests App Component deleting the last color sets activeName to null",""
"","3","Server Unit Tests PUT /api/colors/:name returns 400 for invalid current name format in URL","","2026-09-05","passed","2026-09-05","","Server Unit Tests","Server Unit Tests PUT /api/colors/:name returns 400 for invalid current name format in URL",""
"","108","NoSQL operator in GET path param is rejected (400 or 404)","bs-safari-ventura","2026-09-05","passed","2026-09-05","Security > Injection Prevention","","",""
"","1446","should gracefully handle a color not found in the database","bs-safari-ventura","2026-09-05","passed","2026-09-05","Network Mocking & Interception","","",""
"","17","Component Tests ColorPicker Add color button shows ""Saving…"" when saving=true","","2026-09-05","passed","2026-09-05","","Utility Functions","Component Tests ColorPicker Add color button shows ""Saving…"" when saving=true",""
"","46","Frontend Unit Tests App Component renders title, logo, and calls initial fetch","","2026-09-05","passed","2026-09-05","","Frontend Unit Tests","Frontend Unit Tests App Component renders title, logo, and calls initial fetch",""
"","4","Server Unit Tests Middleware handles non-JSON content type gracefully on POST","","2026-09-05","passed","2026-09-05","","Server Unit Tests","Server Unit Tests Middleware handles non-JSON content type gracefully on POST",""
"","1289","verify Yellow ( #f1c40f ) is applied as the background color","bs-pixel-7","2026-09-05","passed","2026-09-05","Background color tests","","",""
"","211","GET /api/colors/Yellow should return the correct hex code","bs-pixel-7","2026-09-05","passed","2026-09-05","Backend API Integration","","",""
"","112","NoSQL injection object in name is rejected (400)","bs-pixel-7","2026-09-05","passed","2026-09-05","Security > Injection Prevention","","",""
"","108","should reject omitting both name and hex on update","bs-pixel-7","2026-09-05","passed","2026-09-05","Backend API Integration > PUT /api/colors/:name Schema Validation","","",""
"","30","Component Tests ColorPicker submit with invalid chars shows validation error","","2026-09-05","passed","2026-09-05","","Utility Functions","Component Tests ColorPicker submit with invalid chars shows validation error",""
"","1495","homepage should match snapshot","Chrome","2026-09-05","passed","2026-09-05","Visual Regression – desktop-xl (1920×1080)","","",""
"","119","SQL injection characters in name are rejected (400)","bs-pixel-7","2026-09-05","passed","2026-09-05","Security > Injection Prevention","","",""
"","4","Server Unit Tests Surviving Mutants & Edge Cases PUT logic kills hex regex mutant in PUT","","2026-09-05","passed","2026-09-05","","Server Unit Tests","Server Unit Tests Surviving Mutants & Edge Cases PUT logic kills hex regex mutant in PUT",""
"","4069","changing color to Red should reflect in UI and DOM","bs-firefox-win11","2026-09-05","passed","2026-09-05","Data-Driven Testing","","",""
"","4","Server Unit Tests Middleware JSON error middleware ignores SyntaxError with status != 400","","2026-09-05","passed","2026-09-05","","Server Unit Tests","Server Unit Tests Middleware JSON error middleware ignores SyntaxError with status != 400",""
"","1342","handle initial fetch with empty data","bs-iphone-15","2026-09-05","passed","2026-09-05","Edge cases and error handling","","",""
"","672","handle initial fetch error","Chrome","2026-09-05","passed","2026-09-05","Edge cases and error handling","tests/coverage.spec.ts","",""
"","52","Frontend Unit Tests App Component handleColorClick shows error alert on fetch failure","","2026-09-05","passed","2026-09-05","","Frontend Unit Tests","Frontend Unit Tests App Component handleColorClick shows error alert on fetch failure",""
"","4841","should not have any automatically detectable accessibility issues","bs-safari-ventura","2026-09-05","passed","2026-09-05","Accessibility Tests","","",""
"","5008","should maintain accessibility in es language and verify resilient locators","bs-safari-ventura","2026-09-05","passed","2026-09-05","i18n Accessibility Tests","","",""
"","1097","handle color selection fetch error","bs-firefox-win11","2026-09-05","passed","2026-09-05","Edge cases and error handling","","",""
"","956","chip-x click opens confirm dialog with color name","bs-firefox-win11","2026-09-05","passed","2026-09-05","Color Management — Add & Delete","","",""
"","12","Component Tests ColorPicker Enter key on name input triggers submit","","2026-09-05","passed","2026-09-05","","Utility Functions","Component Tests ColorPicker Enter key on name input triggers submit",""
"","106","POST /api-docs returns 405","bs-iphone-15","2026-09-05","passed","2026-09-05","Security > HTTP Method Restrictions","","",""
"","116","NoSQL operator in GET path param is rejected (400 or 404)","bs-chrome-win11","2026-09-05","passed","2026-09-05","Security > Injection Prevention","","",""
"","1827","should create dynamic random color via API and verify through UI","bs-firefox-win11","2026-09-05","passed","2026-09-05","Random Data Testing with faker.js","","",""
"","11","Component Tests ColorPicker Escape listener is removed after unmount","","2026-09-05","passed","2026-09-05","","Utility Functions","Component Tests ColorPicker Escape listener is removed after unmount",""
"","0","Utility Functions hslToRgb hue=240 (blue) → [0,0,255]","","2026-09-05","passed","2026-09-05","","Utility Functions","Utility Functions hslToRgb hue=240 (blue) → [0,0,255]",""
"","132","POST with script tag in name is rejected (400)","bs-chrome-win11","2026-09-05","passed","2026-09-05","Security > XSS Prevention","","",""
"","1446","chip-x click opens confirm dialog with color name","bs-iphone-15","2026-09-05","passed","2026-09-05","Color Management — Add & Delete","","",""
"","107","should reject empty name","bs-pixel-7","2026-09-05","passed","2026-09-05","Backend API Integration > POST /api/colors Schema Validation","","",""
"","1131","handle color response missing hex property","bs-firefox-win11","2026-09-05","passed","2026-09-05","Edge cases and error handling","","",""
"","4","Server Unit Tests Surviving Mutants & Edge Cases Mongoose Schema & Persistence kills empty schema mutant by verifying field persistence","","2026-09-05","passed","2026-09-05","","Server Unit Tests","Server Unit Tests Surviving Mutants & Edge Cases Mongoose Schema & Persistence kills empty schema mutant by verifying field persistence",""
"","8","Server Unit Tests seedDatabase clears existing colors and re-seeds with 3 defaults","","2026-09-05","passed","2026-09-05","","Server Unit Tests","Server Unit Tests seedDatabase clears existing colors and re-seeds with 3 defaults",""
"","10","Server Unit Tests PUT /api/colors/:name updates the name of an existing color and preserves hex","","2026-09-05","passed","2026-09-05","","Server Unit Tests","Server Unit Tests PUT /api/colors/:name updates the name of an existing color and preserves hex",""
"","4","Server Integration Tests (Testcontainers) POST /api/reseed should return 401 when token is invalid","","2026-09-05","passed","2026-09-05","","Server Integration Tests (Testcontainers)","Server Integration Tests (Testcontainers) POST /api/reseed should return 401 when token is invalid",""
"","9","Server Unit Tests GET /api/colors/:name is case-sensitive","","2026-09-05","passed","2026-09-05","","Server Unit Tests","Server Unit Tests GET /api/colors/:name is case-sensitive",""
"","10","Server Unit Tests POST /api/reseed returns 200 and reseeds the database with a valid token","","2026-09-05","passed","2026-09-05","","Server Unit Tests","Server Unit Tests POST /api/reseed returns 200 and reseeds the database with a valid token",""
"","14","Component Tests ColorPicker pressing a non-Escape key does not call onCancel","","2026-09-05","passed","2026-09-05","","Utility Functions","Component Tests ColorPicker pressing a non-Escape key does not call onCancel",""
"","9","should reject invalid hex format","Chrome","2026-09-05","passed","2026-09-05","Backend API Integration > POST /api/colors Schema Validation","tests/api.spec.ts","",""
"","114","should reject empty name","bs-iphone-15","2026-09-05","passed","2026-09-05","Backend API Integration > POST /api/colors Schema Validation","","",""
"","828","changing color to Red should reflect in UI and DOM","Chrome","2026-09-05","passed","2026-09-05","Data-Driven Testing","tests/data-driven.spec.ts","",""
"","1204","close (×) button closes the picker","bs-chrome-win11","2026-09-05","passed","2026-09-05","Color Management — Add & Delete","","",""
"","787","verify Turquoise ( #1abc9c ) is applied as the background color","Chrome","2026-09-05","passed","2026-09-05","POM Refactored: Background color tests","tests/pom-refactored.spec.ts","",""
"","13","Server Integration Tests (Testcontainers) GET /api/colors/:name should return correct data for Yellow","","2026-09-05","passed","2026-09-05","","Server Integration Tests (Testcontainers)","Server Integration Tests (Testcontainers) GET /api/colors/:name should return correct data for Yellow",""
"","849","homepage should match snapshot","Chrome","2026-09-05","passed","2026-09-05","Visual Regression – iphone-landscape (667×375)","","",""
"","131","DELETE /api/colors (collection) returns 405","bs-pixel-7","2026-09-05","passed","2026-09-05","Security > HTTP Method Restrictions","","",""
"","941","verify Red ( #e74c3c ) is applied as the background color","bs-pixel-7","2026-09-05","passed","2026-09-05","Background color tests","","",""
"","0","homepage after color change","Chrome","2026-09-05","skipped","2026-09-05","Percy Visual Regression – Production > Percy – desktop-xl (1920×1080)","","",""
"","1141","check Turquoise ( #1abc9c) is the default background color.","bs-firefox-win11","2026-09-05","passed","2026-09-05","","","",""
"","26","Component Tests ColorPicker typing a valid hex clears the hex error and updates preview","","2026-09-05","passed","2026-09-05","","Utility Functions","Component Tests ColorPicker typing a valid hex clears the hex error and updates preview",""
"","1597","verify Turquoise ( #1abc9c ) is applied as the background color","Chrome","2026-09-05","passed","2026-09-05","Background color tests","tests/coverage.spec.ts","",""
"","3","Server Unit Tests 405 Method Not Allowed returns 405 for PATCH on /api/colors","","2026-09-05","passed","2026-09-05","","Server Unit Tests","Server Unit Tests 405 Method Not Allowed returns 405 for PATCH on /api/colors",""
"","1331","successful delete removes the chip","bs-firefox-win11","2026-09-05","passed","2026-09-05","Color Management — Add & Delete","","",""
"","3476","shows server-error message on 500 inside the picker","bs-iphone-15","2026-09-05","passed","2026-09-05","Color Management — Add & Delete","","",""
"","740","check Turquoise ( #1abc9c) is the default background color.","bs-chrome-win11","2026-09-05","passed","2026-09-05","","","",""
"","114","should reject omitting both name and hex on update","bs-safari-ventura","2026-09-05","passed","2026-09-05","Backend API Integration > PUT /api/colors/:name Schema Validation","","",""
"","54","Frontend Unit Tests App Component learn react link has correct text","","2026-09-05","passed","2026-09-05","","Frontend Unit Tests","Frontend Unit Tests App Component learn react link has correct text",""
"","469","oversized payload is rejected (413)","bs-firefox-win11","2026-09-05","passed","2026-09-05","Security > Input Validation","","",""
"","109","malformed JSON body returns 400","bs-safari-ventura","2026-09-05","passed","2026-09-05","Security > Input Validation","","",""
"","1842","should create color via API and verify through UI","bs-chrome-win11","2026-09-05","passed","2026-09-05","Hybrid E2E Testing","","",""
"","1014","changing color to Red should reflect in UI and DOM","bs-chrome-win11","2026-09-05","passed","2026-09-05","Data-Driven Testing","","",""
"","3415","PUT /api/colors/{name}","","","passed","","","schemathesis","",""
"","6","Frontend Unit Tests App Component language selector change calls i18n and updates html lang","","2026-09-05","passed","2026-09-05","","Frontend Unit Tests","Frontend Unit Tests App Component language selector change calls i18n and updates html lang",""
"","109","empty body on POST returns 400","bs-firefox-win11","2026-09-05","passed","2026-09-05","Security > Input Validation","","",""
"","6","Component Tests ConfirmDialog Enter key does NOT call onConfirm when busy","","2026-09-05","passed","2026-09-05","","Component Tests","Component Tests ConfirmDialog Enter key does NOT call onConfirm when busy",""
"","4","Component Tests ConfirmDialog Escape key does NOT call onCancel when busy","","2026-09-05","passed","2026-09-05","","Component Tests","Component Tests ConfirmDialog Escape key does NOT call onCancel when busy",""
"","54","Frontend Unit Tests App Component handleColorClick encodes color name in URL","","2026-09-05","passed","2026-09-05","","Frontend Unit Tests","Frontend Unit Tests App Component handleColorClick encodes color name in URL",""
"","39","Frontend Unit Tests App Component picker cancel button closes the modal","","2026-09-05","passed","2026-09-05","","Frontend Unit Tests","Frontend Unit Tests App Component picker cancel button closes the modal",""
"","6","Component Tests ConfirmDialog backdrop click calls onCancel when not busy","","2026-09-05","passed","2026-09-05","","Component Tests","Component Tests ConfirmDialog backdrop click calls onCancel when not busy",""
"","217","GET /api/colors should return colors sorted alphabetically by name","bs-pixel-7","2026-09-05","passed","2026-09-05","Backend API Integration","","",""
"","691","shows a chip for each color with a swatch, name, and delete button","bs-pixel-7","2026-09-05","passed","2026-09-05","Color Management — Add & Delete","","",""
"","1319","deleting the active color switches background to the first remaining","bs-pixel-7","2026-09-05","passed","2026-09-05","Color Management — Add & Delete","","",""
"","5","Server Unit Tests POST /api/colors returns 400 for invalid hex format (no hash)","","2026-09-05","passed","2026-09-05","","Server Unit Tests","Server Unit Tests POST /api/colors returns 400 for invalid hex format (no hash)",""
"","110","should reject invalid hex format on update","bs-iphone-15","2026-09-05","passed","2026-09-05","Backend API Integration > PUT /api/colors/:name Schema Validation","","",""
"","4710","should maintain accessibility in es language and verify resilient locators","bs-iphone-15","2026-09-05","passed","2026-09-05","i18n Accessibility Tests","","",""
"","46","GET /api/colors/{name}","","","passed","","","schemathesis","",""
"","1109","should create color via API and verify through UI","Chrome","2026-09-05","passed","2026-09-05","Hybrid E2E Testing","tests/hybrid.spec.ts","",""
"","1103","Cancel button closes the picker","bs-chrome-win11","2026-09-05","passed","2026-09-05","Color Management — Add & Delete","","",""
"","502","should delete an existing color","bs-pixel-7","2026-09-05","passed","2026-09-05","Backend API Integration > DELETE /api/colors/:name","","",""
"","12","Frontend Unit Tests App Component shows error alert when initial fetch returns non-2xx","","2026-09-05","passed","2026-09-05","","Frontend Unit Tests","Frontend Unit Tests App Component shows error alert when initial fetch returns non-2xx",""
"","67","Frontend Unit Tests App Component handleColorClick clears previous error on new successful click","","2026-09-05","passed","2026-09-05","","Frontend Unit Tests","Frontend Unit Tests App Component handleColorClick clears previous error on new successful click",""
"","0","Utility Functions hslToRgb low lightness l=0.25 → [128,0,0]","","2026-09-05","passed","2026-09-05","","Utility Functions","Utility Functions hslToRgb low lightness l=0.25 → [128,0,0]",""
"","808","handle color response missing hex property","bs-chrome-win11","2026-09-05","passed","2026-09-05","Edge cases and error handling","","",""
"","5","Server Unit Tests POST /api/reseed returns 401 when token is incorrect","","2026-09-05","passed","2026-09-05","","Server Unit Tests","Server Unit Tests POST /api/reseed returns 401 when token is incorrect",""
"","12","Component Tests ColorPicker non-Enter key on name input does not trigger submit","","2026-09-05","passed","2026-09-05","","Utility Functions","Component Tests ColorPicker non-Enter key on name input does not trigger submit",""
"","9","Component Tests ConfirmDialog dialog has correct ARIA attributes","","2026-09-05","passed","2026-09-05","","Component Tests","Component Tests ConfirmDialog dialog has correct ARIA attributes",""
"","6","Server Unit Tests PUT /api/colors/:name updates both name and hex simultaneously","","2026-09-05","passed","2026-09-05","","Server Unit Tests","Server Unit Tests PUT /api/colors/:name updates both name and hex simultaneously",""
"","3452","homepage initial state","percy","2026-09-05","passed","2026-09-05","Percy Visual Regression – Production > Percy – tablet (768×1024)","","",""
"","70","Frontend Unit Tests App Component saving is false again after a failed add (finally block)","","2026-09-05","passed","2026-09-05","","Frontend Unit Tests","Frontend Unit Tests App Component saving is false again after a failed add (finally block)",""
"","683","handle initial fetch with empty data","bs-chrome-win11","2026-09-05","passed","2026-09-05","Edge cases and error handling","","",""
"","103","should reject missing name","bs-firefox-win11","2026-09-05","passed","2026-09-05","Backend API Integration > POST /api/colors Schema Validation","","",""
"","232","GET /api/colors should return all colors","bs-pixel-7","2026-09-05","passed","2026-09-05","Backend API Integration","","",""
"","1447","Cancel button closes the picker","bs-firefox-win11","2026-09-05","passed","2026-09-05","Color Management — Add & Delete","","",""
"","924","first color chip is active on load (aria-pressed=true)","Chrome","2026-09-05","passed","2026-09-05","Color Management — Add & Delete","tests/color-management.spec.ts","",""
"","0","Utility Functions hslToRgb saturation clamped: s=1.5 treated as s=1","","2026-09-05","passed","2026-09-05","","Utility Functions","Utility Functions hslToRgb saturation clamped: s=1.5 treated as s=1",""
"","1","Utility Functions readableOn returns #111 for white (very light, L=1)","","2026-09-05","passed","2026-09-05","","Utility Functions","Utility Functions readableOn returns #111 for white (very light, L=1)",""
"","6","Server Unit Tests Surviving Mutants & Edge Cases Rate Limiting & Security kills mutants by verifying x-ratelimit headers","","2026-09-05","passed","2026-09-05","","Server Unit Tests","Server Unit Tests Surviving Mutants & Edge Cases Rate Limiting & Security kills mutants by verifying x-ratelimit headers",""
"","24","Component Tests ColorPicker lightness slider max value (100) gives white","","2026-09-05","passed","2026-09-05","","Utility Functions","Component Tests ColorPicker lightness slider max value (100) gives white",""
"","6","Server Unit Tests GET /api/colors/:name returns Yellow color correctly","","2026-09-05","passed","2026-09-05","","Server Unit Tests","Server Unit Tests GET /api/colors/:name returns Yellow color correctly",""
"","113","NoSQL operator in GET path param is rejected (400 or 404)","bs-iphone-15","2026-09-05","passed","2026-09-05","Security > Injection Prevention","","",""
"","599","verify language switcher changes document language","bs-pixel-7","2026-09-05","passed","2026-09-05","","","",""
"","8","Server Unit Tests GET /api/colors returns colors sorted alphabetically by name","","2026-09-05","passed","2026-09-05","","Server Unit Tests","Server Unit Tests GET /api/colors returns colors sorted alphabetically by name",""
"","2884","cancel in confirm dialog closes it without deleting","bs-firefox-win11","2026-09-05","passed","2026-09-05","Color Management — Add & Delete","","",""
"","1010","cancel in confirm dialog closes it without deleting","bs-pixel-7","2026-09-05","passed","2026-09-05","Color Management — Add & Delete","","",""
"","1","Utility Functions rgbToHex converts pure red","","2026-09-05","passed","2026-09-05","","Utility Functions","Utility Functions rgbToHex converts pure red",""
"","1763","delete API error shows alert banner","bs-firefox-win11","2026-09-05","passed","2026-09-05","Color Management — Add & Delete","","",""
"","5","Server Unit Tests POST /api/colors accepts names with alphanumeric characters and spaces","","2026-09-05","passed","2026-09-05","","Server Unit Tests","Server Unit Tests POST /api/colors accepts names with alphanumeric characters and spaces",""
"","1439","verify Red ( #e74c3c ) is applied as the background color","bs-iphone-15","2026-09-05","passed","2026-09-05","Background color tests","","",""
"","1","Frontend Unit Tests i18n Configuration should have defined resources for en, es, el","","2026-09-05","passed","2026-09-05","","Frontend Unit Tests","Frontend Unit Tests i18n Configuration should have defined resources for en, es, el",""
"","0","Utility Functions hslToRgb hue=360 wraps to hue=0 → [255,0,0]","","2026-09-05","passed","2026-09-05","","Utility Functions","Utility Functions hslToRgb hue=360 wraps to hue=0 → [255,0,0]",""
"","708","handle color response missing hex property","Chrome","2026-09-05","passed","2026-09-05","Edge cases and error handling","tests/coverage.spec.ts","",""
"","1","Utility Functions hslToRgb hue=270 (violet) → [128,0,255]","","2026-09-05","passed","2026-09-05","","Utility Functions","Utility Functions hslToRgb hue=270 (violet) → [128,0,255]",""
"","787","should update a color with valid schema","bs-pixel-7","2026-09-05","passed","2026-09-05","Backend API Integration > PUT /api/colors/:name Schema Validation","","",""
"","3840","deleting the active color switches background to the first remaining","bs-iphone-15","2026-09-05","passed","2026-09-05","Color Management — Add & Delete","","",""
"","527","should delete an existing color","bs-firefox-win11","2026-09-05","passed","2026-09-05","Backend API Integration > DELETE /api/colors/:name","","",""
"","0","Utility Functions readableOn returns #111 for turquoise (L≈0.39, black gives better contrast)","","2026-09-05","passed","2026-09-05","","Utility Functions","Utility Functions readableOn returns #111 for turquoise (L≈0.39, black gives better contrast)",""
"","2843","should maintain accessibility in es language and verify resilient locators","bs-firefox-win11","2026-09-05","passed","2026-09-05","i18n Accessibility Tests","","",""
"","7","Server Integration Tests (Testcontainers) Method Not Allowed should return 405 for PATCH /api/colors","","2026-09-05","passed","2026-09-05","","Server Integration Tests (Testcontainers)","Server Integration Tests (Testcontainers) Method Not Allowed should return 405 for PATCH /api/colors",""
"","227","GET /api/colors/Red should return the correct hex code","bs-pixel-7","2026-09-05","passed","2026-09-05","Backend API Integration","","",""
"","1","Utility Functions rgbToHsl black [0,0,0] → h=0, s=0, l=0","","2026-09-05","passed","2026-09-05","","Utility Functions","Utility Functions rgbToHsl black [0,0,0] → h=0, s=0, l=0",""
"Performance Test: API Performance Test
File: api-performance.spec.ts
Total Iterations: 1
Max VUs: 1

HTTP Request Duration:
- Avg: 7.04ms
- P(95): 18.54ms
- Max: 21.96ms

Full metrics attached in the results.","1345","API Performance Test","Performance","2026-09-05","passed","2026-09-05","api-performance.spec.ts","API Performance Test","",""
"","1069","clicking a chip makes it active","bs-pixel-7","2026-09-05","passed","2026-09-05","Color Management — Add & Delete","","",""
"","1392","changing color to Red should reflect in UI and DOM","bs-iphone-15","2026-09-05","passed","2026-09-05","Data-Driven Testing","","",""
"","0","Utility Functions rgbToHsl pure red → h=0, s=1, l=0.5","","2026-09-05","passed","2026-09-05","","Utility Functions","Utility Functions rgbToHsl pure red → h=0, s=1, l=0.5",""
"","5","Server Unit Tests GET /api/colors/:name returns 400 for invalid name in path (regex check)","","2026-09-05","passed","2026-09-05","","Server Unit Tests","Server Unit Tests GET /api/colors/:name returns 400 for invalid name in path (regex check)",""
"","831","should display colors that do not exist in the database","bs-pixel-7","2026-09-05","passed","2026-09-05","Network Mocking & Interception","","",""
"","1044","successful delete removes the chip","bs-pixel-7","2026-09-05","passed","2026-09-05","Color Management — Add & Delete","","",""
"","1","Utility Functions hexToRgb returns null for invalid input","","2026-09-05","passed","2026-09-05","","Utility Functions","Utility Functions hexToRgb returns null for invalid input",""
"","13","Component Tests ColorPicker typing red with g<b hex updates internal state","","2026-09-05","passed","2026-09-05","","Utility Functions","Component Tests ColorPicker typing red with g<b hex updates internal state",""
"","107","Frontend Unit Tests App Component clicking a color chip makes it active","","2026-09-05","passed","2026-09-05","","Frontend Unit Tests","Frontend Unit Tests App Component clicking a color chip makes it active",""
"","1805","should gracefully handle a color not found in the database","bs-firefox-win11","2026-09-05","passed","2026-09-05","Network Mocking & Interception","","",""
"","111","PATCH /api/colors/:name returns 405","bs-firefox-win11","2026-09-05","passed","2026-09-05","Security > HTTP Method Restrictions","","",""
"","170","DELETE /api/colors (collection) returns 405","bs-safari-ventura","2026-09-05","passed","2026-09-05","Security > HTTP Method Restrictions","","",""
"","11","Component Tests ColorPicker renders the color wheel canvas","","2026-09-05","passed","2026-09-05","","Utility Functions","Component Tests ColorPicker renders the color wheel canvas",""
"","34","Frontend Unit Tests App Component picker × button closes the modal","","2026-09-05","passed","2026-09-05","","Frontend Unit Tests","Frontend Unit Tests App Component picker × button closes the modal",""
"","122","should reject missing hex","bs-firefox-win11","2026-09-05","passed","2026-09-05","Backend API Integration > POST /api/colors Schema Validation","","",""
"","364","oversized payload is rejected (413)","bs-pixel-7","2026-09-05","passed","2026-09-05","Security > Input Validation","","",""
"","1","Utility Functions rgbToHsl light red (#ff8080): l>0.5, s computed via (2-max-min) branch","","2026-09-05","passed","2026-09-05","","Utility Functions","Utility Functions rgbToHsl light red (#ff8080): l>0.5, s computed via (2-max-min) branch",""
"","6","PATCH /api/colors/:name returns 405","Chrome","2026-09-05","passed","2026-09-05","Security > HTTP Method Restrictions","tests/security.spec.ts","",""
"","107","array body on POST returns 400","bs-firefox-win11","2026-09-05","passed","2026-09-05","Security > Input Validation","","",""
"","946","should display all core elements and handle button interaction","Chrome","2026-09-05","passed","2026-09-05","Responsive Design – iPhone landscape (667×375)","","",""
"","336","homepage should match snapshot","percy","2026-09-05","skipped","2026-09-05","Visual Regression – iphone-se (375×667)","","",""
"","63","Frontend Unit Tests App Component delete API error shows error alert without closing dialog","","2026-09-05","passed","2026-09-05","","Frontend Unit Tests","Frontend Unit Tests App Component delete API error shows error alert without closing dialog",""
"","1434","should create dynamic random color via API and verify through UI","bs-chrome-win11","2026-09-05","passed","2026-09-05","Random Data Testing with faker.js","","",""
"","992","verify Red ( #e74c3c ) is applied as the background color","bs-chrome-win11","2026-09-05","passed","2026-09-05","Background color tests","","",""
"","955","clicking the backdrop closes the picker","bs-chrome-win11","2026-09-05","passed","2026-09-05","Color Management — Add & Delete","","",""
"","31","Component Tests ColorPicker submit is blocked when hex input has an error","","2026-09-05","passed","2026-09-05","","Utility Functions","Component Tests ColorPicker submit is blocked when hex input has an error",""
"","52","Frontend Unit Tests App Component add color 501 also triggers server error message (>= 500)","","2026-09-05","passed","2026-09-05","","Frontend Unit Tests","Frontend Unit Tests App Component add color 501 also triggers server error message (>= 500)",""
"","874","Example #1","BDD","2026-09-05","passed","2026-09-05","Home Page Background Color > Change background color","","",""
"","5","Server Unit Tests POST /api/reseed returns 405 for GET on /api/reseed","","2026-09-05","passed","2026-09-05","","Server Unit Tests","Server Unit Tests POST /api/reseed returns 405 for GET on /api/reseed",""
"","1091","shows client-side ""Name is required"" when submitting empty name","bs-chrome-win11","2026-09-05","passed","2026-09-05","Color Management — Add & Delete","","",""
"","903","verify Red ( #e74c3c ) is applied as the background color","bs-pixel-7","2026-09-05","passed","2026-09-05","POM Refactored: Background color tests","","",""
"","3","Server Unit Tests POST /api/colors returns 400 for name with only spaces","","2026-09-05","passed","2026-09-05","","Server Unit Tests","Server Unit Tests POST /api/colors returns 400 for name with only spaces",""
"","13","Server Integration Tests (Testcontainers) GET /api/colors should return an empty array after all colors are deleted","","2026-09-05","passed","2026-09-05","","Server Integration Tests (Testcontainers)","Server Integration Tests (Testcontainers) GET /api/colors should return an empty array after all colors are deleted",""
"","841","Example #2","BDD","2026-09-05","passed","2026-09-05","Home Page Background Color > Change background color","","",""
"","3162","shows 409 duplicate error from server inside the picker","bs-firefox-win11","2026-09-05","passed","2026-09-05","Color Management — Add & Delete","","",""
"","1","Frontend Unit Tests i18n Configuration should have translation keys in resources","","2026-09-05","passed","2026-09-05","","Frontend Unit Tests","Frontend Unit Tests i18n Configuration should have translation keys in resources",""
"","8","Component Tests ColorPicker backdrop dismiss button is aria-hidden and not in tab order","","2026-09-05","passed","2026-09-05","","Utility Functions","Component Tests ColorPicker backdrop dismiss button is aria-hidden and not in tab order",""
"","105","should reject invalid hex format on update","bs-safari-ventura","2026-09-05","passed","2026-09-05","Backend API Integration > PUT /api/colors/:name Schema Validation","","",""
"","44","Server Integration Tests (Testcontainers) GET /api/colors should retrieve all seeded colors","","2026-09-05","passed","2026-09-05","","Server Integration Tests (Testcontainers)","Server Integration Tests (Testcontainers) GET /api/colors should retrieve all seeded colors",""
"","1412","color names rendered in the UI do not trigger script execution","bs-pixel-7","2026-09-05","passed","2026-09-05","Security > XSS Prevention","","",""
"","1271","changing color to Yellow should reflect in UI and DOM","bs-pixel-7","2026-09-05","passed","2026-09-05","Data-Driven Testing","","",""
"","1576","successfully adds a new color and shows its chip","Chrome","2026-09-05","passed","2026-09-05","Color Management — Add & Delete","tests/color-management.spec.ts","",""
"","10","Component Tests ColorPicker clicking inside the card does NOT call onCancel","","2026-09-05","passed","2026-09-05","","Utility Functions","Component Tests ColorPicker clicking inside the card does NOT call onCancel",""
"","13","Component Tests ColorPicker typing an invalid hex shows ""Use format #RRGGBB"" error","","2026-09-05","passed","2026-09-05","","Utility Functions","Component Tests ColorPicker typing an invalid hex shows ""Use format #RRGGBB"" error",""
"","16","Server Integration Tests (Testcontainers) DELETE /api/colors/:name should return 400 for invalid name format","","2026-09-05","passed","2026-09-05","","Server Integration Tests (Testcontainers)","Server Integration Tests (Testcontainers) DELETE /api/colors/:name should return 400 for invalid name format",""
"","121","should reject updating with empty name","bs-chrome-win11","2026-09-05","passed","2026-09-05","Backend API Integration > PUT /api/colors/:name Schema Validation","","",""
"","110","empty body on POST returns 400","bs-safari-ventura","2026-09-05","passed","2026-09-05","Security > Input Validation","","",""
"","9","Frontend Unit Tests App Component colors.length === 0 shows loading text","","2026-09-05","passed","2026-09-05","","Frontend Unit Tests","Frontend Unit Tests App Component colors.length === 0 shows loading text",""
"","1359","handle initial fetch error","bs-safari-ventura","2026-09-05","passed","2026-09-05","Edge cases and error handling","","",""
"","172","should reject missing name","bs-safari-ventura","2026-09-05","passed","2026-09-05","Backend API Integration > POST /api/colors Schema Validation","","",""
"","125","error responses return JSON, not HTML (no info leakage)","bs-pixel-7","2026-09-05","passed","2026-09-05","Security > Security Headers","","",""
"","10","Server Unit Tests GET /api/colors returns an empty array when no colors exist","","2026-09-05","passed","2026-09-05","","Server Unit Tests","Server Unit Tests GET /api/colors returns an empty array when no colors exist",""
"","0","Utility Functions rgbToHex value 16 does not pad","","2026-09-05","passed","2026-09-05","","Utility Functions","Utility Functions rgbToHex value 16 does not pad",""
"","6","Component Tests ConfirmDialog Escape key calls onCancel when not busy","","2026-09-05","passed","2026-09-05","","Component Tests","Component Tests ConfirmDialog Escape key calls onCancel when not busy",""
"","25","Component Tests ColorPicker mousedown outside circle clamps sat to 1","","2026-09-05","passed","2026-09-05","","Utility Functions","Component Tests ColorPicker mousedown outside circle clamps sat to 1",""
"","1","Frontend Unit Tests i18n Configuration should be initialized with correct settings","","2026-09-05","passed","2026-09-05","","Frontend Unit Tests","Frontend Unit Tests i18n Configuration should be initialized with correct settings",""
"","4","Server Unit Tests POST /api/colors returns 400 for completely empty body","","2026-09-05","passed","2026-09-05","","Server Unit Tests","Server Unit Tests POST /api/colors returns 400 for completely empty body",""
"","1163","shows client-side validation error for invalid name chars","bs-pixel-7","2026-09-05","passed","2026-09-05","Color Management — Add & Delete","","",""
"","1335","should meet the accessibility threshold using Google Lighthouse","bs-firefox-win11","2026-09-05","skipped","2026-09-05","Accessibility Tests","","",""
"","1112","Cancel button closes the picker","Chrome","2026-09-05","passed","2026-09-05","Color Management — Add & Delete","tests/color-management.spec.ts","",""
"","131","should reject missing name","bs-pixel-7","2026-09-05","passed","2026-09-05","Backend API Integration > POST /api/colors Schema Validation","","",""
"","5159","should maintain accessibility after state change (color update)","bs-iphone-15","2026-09-05","passed","2026-09-05","Accessibility Tests","","",""
"","1196","cancel in confirm dialog closes it without deleting","bs-chrome-win11","2026-09-05","passed","2026-09-05","Color Management — Add & Delete","","",""
"","5","Server Unit Tests Middleware returns 413 for payload too large","","2026-09-05","passed","2026-09-05","","Server Unit Tests","Server Unit Tests Middleware returns 413 for payload too large",""
"","8","Component Tests ColorPicker serverError banner is absent when serverError is null","","2026-09-05","passed","2026-09-05","","Utility Functions","Component Tests ColorPicker serverError banner is absent when serverError is null",""
"","2285","should create dynamic random color via API and verify through UI","bs-safari-ventura","2026-09-05","passed","2026-09-05","Random Data Testing with faker.js","","",""
"","1335","shows 409 duplicate error from server inside the picker","bs-pixel-7","2026-09-05","passed","2026-09-05","Color Management — Add & Delete","","",""
"","1176","shows client-side ""Name is required"" when submitting empty name","Chrome","2026-09-05","passed","2026-09-05","Color Management — Add & Delete","tests/color-management.spec.ts","",""
"","11","unknown extra fields in POST body are rejected (400)","Chrome","2026-09-05","passed","2026-09-05","Security > Input Validation","tests/security.spec.ts","",""
"","1125","shows server-error message on 500 inside the picker","bs-pixel-7","2026-09-05","passed","2026-09-05","Color Management — Add & Delete","","",""
"","129","empty body on POST returns 400","bs-pixel-7","2026-09-05","passed","2026-09-05","Security > Input Validation","","",""
"","35","Component Tests ColorPicker mousedown at left-center (hue=180) sets hex to #00ffff","","2026-09-05","passed","2026-09-05","","Utility Functions","Component Tests ColorPicker mousedown at left-center (hue=180) sets hex to #00ffff",""
"","0","Utility Functions hslToRgb hue=180 (cyan) → [0,255,255]","","2026-09-05","passed","2026-09-05","","Utility Functions","Utility Functions hslToRgb hue=180 (cyan) → [0,255,255]",""
"","1254","shows client-side validation error for invalid name chars","Chrome","2026-09-05","passed","2026-09-05","Color Management — Add & Delete","tests/color-management.spec.ts","",""
"","538","should show loading state when API returns empty colors","bs-pixel-7","2026-09-05","passed","2026-09-05","UI Error Handling Coverage","","",""
"","1","Utility Functions hslToRgb hue=210 (azure) → [0,128,255]","","2026-09-05","passed","2026-09-05","","Utility Functions","Utility Functions hslToRgb hue=210 (azure) → [0,128,255]",""
"","5","Server Unit Tests Error Handling PUT /api/colors/:name returns 409 when database throws duplicate key error (code 11000) on save","","2026-09-05","passed","2026-09-05","","Server Unit Tests","Server Unit Tests Error Handling PUT /api/colors/:name returns 409 when database throws duplicate key error (code 11000) on save",""
"","47","Frontend Unit Tests App Component add color network error shows network error message","","2026-09-05","passed","2026-09-05","","Frontend Unit Tests","Frontend Unit Tests App Component add color network error shows network error message",""
"","12","NoSQL injection object in name is rejected (400)","Chrome","2026-09-05","passed","2026-09-05","Security > Injection Prevention","tests/security.spec.ts","",""
"","109","POST /api-docs returns 405","bs-pixel-7","2026-09-05","passed","2026-09-05","Security > HTTP Method Restrictions","","",""
"","646","verify language switcher changes document language","bs-chrome-win11","2026-09-05","passed","2026-09-05","","","",""
"","52","Frontend Unit Tests App Component add color 429 rate limit shows specific message","","2026-09-05","passed","2026-09-05","","Frontend Unit Tests","Frontend Unit Tests App Component add color 429 rate limit shows specific message",""
"","0","Utility Functions rgbToHsl round-trip hslToRgb→rgbToHsl preserves hue for all sectors","","2026-09-05","passed","2026-09-05","","Utility Functions","Utility Functions rgbToHsl round-trip hslToRgb→rgbToHsl preserves hue for all sectors",""
"","596","should display all core elements and handle button interaction","percy","2026-09-05","skipped","2026-09-05","Responsive Design – iPhone landscape (667×375)","","",""
"","122","POST /api-docs returns 405","bs-safari-ventura","2026-09-05","passed","2026-09-05","Security > HTTP Method Restrictions","","",""
"","1269","verify Yellow ( #f1c40f ) is applied as the background color","bs-chrome-win11","2026-09-05","passed","2026-09-05","POM Refactored: Background color tests","","",""
"","3","Server Unit Tests Surviving Mutants & Edge Cases Swagger Metadata & OpenAPI has exact API info","","2026-09-05","passed","2026-09-05","","Server Unit Tests","Server Unit Tests Surviving Mutants & Edge Cases Swagger Metadata & OpenAPI has exact API info",""
"","303","oversized payload is rejected (413)","bs-iphone-15","2026-09-05","passed","2026-09-05","Security > Input Validation","","",""
"","115","array body on POST returns 400","bs-safari-ventura","2026-09-05","passed","2026-09-05","Security > Input Validation","","",""
"","4","Server Unit Tests Error Handling seedDatabase logs error and re-throws when database fails","","2026-09-05","passed","2026-09-05","","Server Unit Tests","Server Unit Tests Error Handling seedDatabase logs error and re-throws when database fails",""
"","721","changing color to Turquoise should reflect in UI and DOM","Chrome","2026-09-05","passed","2026-09-05","Data-Driven Testing","tests/data-driven.spec.ts","",""
"","11","should reject missing name","Chrome","2026-09-05","passed","2026-09-05","Backend API Integration > POST /api/colors Schema Validation","tests/api.spec.ts","",""
"","824","should create dynamic random color via API and verify through UI","Chrome","2026-09-05","passed","2026-09-05","Random Data Testing with faker.js","tests/random-data.spec.ts","",""
"","1352","clicking the backdrop closes the picker","bs-firefox-win11","2026-09-05","passed","2026-09-05","Color Management — Add & Delete","","",""
"","7","Server Unit Tests GET /api/colors/:name returns 404 for a non-existent color","","2026-09-05","passed","2026-09-05","","Server Unit Tests","Server Unit Tests GET /api/colors/:name returns 404 for a non-existent color",""
"","244","GET /api/colors/Red should return the correct hex code","bs-chrome-win11","2026-09-05","passed","2026-09-05","Backend API Integration","","",""
"","4","Server Unit Tests POST /api/colors rejects names with the + character (+ encodes as space in URLs, causing lookup mismatches)","","2026-09-05","passed","2026-09-05","","Server Unit Tests","Server Unit Tests POST /api/colors rejects names with the + character (+ encodes as space in URLs, causing lookup mismatches)",""
"","1208","verify Red ( #e74c3c ) is applied as the background color","bs-firefox-win11","2026-09-05","passed","2026-09-05","Background color tests","","",""
"","324","Server Unit Tests Surviving Mutants & Edge Cases Port Fallback uses default PORT 5001 when process.env.PORT is missing","","2026-09-05","passed","2026-09-05","","Server Unit Tests","Server Unit Tests Surviving Mutants & Edge Cases Port Fallback uses default PORT 5001 when process.env.PORT is missing",""
"","2059","should not have any automatically detectable accessibility issues","bs-pixel-7","2026-09-05","passed","2026-09-05","Accessibility Tests","","",""
"","1360","shows 409 duplicate error from server inside the picker","Chrome","2026-09-05","passed","2026-09-05","Color Management — Add & Delete","tests/color-management.spec.ts","",""
"","13","NoSQL $where operator in name is rejected (400)","Chrome","2026-09-05","passed","2026-09-05","Security > Injection Prevention","tests/security.spec.ts","",""
"","1466","close (×) button closes the picker","bs-firefox-win11","2026-09-05","passed","2026-09-05","Color Management — Add & Delete","","",""
"","136","POST with HTML tag in name is rejected (400)","bs-iphone-15","2026-09-05","passed","2026-09-05","Security > XSS Prevention","","",""
"","3","Server Unit Tests Surviving Mutants & Edge Cases PUT logic kills refine mutant by sending empty body","","2026-09-05","passed","2026-09-05","","Server Unit Tests","Server Unit Tests Surviving Mutants & Edge Cases PUT logic kills refine mutant by sending empty body",""
"","2031","should create dynamic random color via API and verify through UI","bs-iphone-15","2026-09-05","passed","2026-09-05","Random Data Testing with faker.js","","",""
"","107","NoSQL operator in GET path param is rejected (400 or 404)","bs-pixel-7","2026-09-05","passed","2026-09-05","Security > Injection Prevention","","",""
"","1955","changing color to Yellow should reflect in UI and DOM","bs-safari-ventura","2026-09-05","passed","2026-09-05","Data-Driven Testing","","",""
"","100","should reject omitting both name and hex on update","bs-firefox-win11","2026-09-05","passed","2026-09-05","Backend API Integration > PUT /api/colors/:name Schema Validation","","",""
"","202","should return 404 when updating non-existent color","bs-safari-ventura","2026-09-05","passed","2026-09-05","Backend API Integration > PUT /api/colors/:name Schema Validation","","",""
"","31","Component Tests ColorPicker lightness slider min value (0) gives black","","2026-09-05","passed","2026-09-05","","Utility Functions","Component Tests ColorPicker lightness slider min value (0) gives black",""
"","1","Utility Functions hslToRgb lightness clamped: l=-0.5 gives black","","2026-09-05","passed","2026-09-05","","Utility Functions","Utility Functions hslToRgb lightness clamped: l=-0.5 gives black",""
"","4","Server Unit Tests Surviving Mutants & Edge Cases Logs seedDatabase logs success message","","2026-09-05","passed","2026-09-05","","Server Unit Tests","Server Unit Tests Surviving Mutants & Edge Cases Logs seedDatabase logs success message",""
"","18","Server Integration Tests (Testcontainers) seedDatabase should clear custom colors when re-seeded","","2026-09-05","passed","2026-09-05","","Server Integration Tests (Testcontainers)","Server Integration Tests (Testcontainers) seedDatabase should clear custom colors when re-seeded",""
"","797","Example #3","BDD","2026-09-05","passed","2026-09-05","Home Page Background Color > Change background color","","",""
"","1","Utility Functions rgbToHex value 15 pads to 0f","","2026-09-05","passed","2026-09-05","","Utility Functions","Utility Functions rgbToHex value 15 pads to 0f",""
"","115","PATCH /api/colors returns 405","bs-firefox-win11","2026-09-05","passed","2026-09-05","Security > HTTP Method Restrictions","","",""
"","1263","shows client-side ""Name is required"" when submitting empty name","bs-pixel-7","2026-09-05","passed","2026-09-05","Color Management — Add & Delete","","",""
"","103","POST with javascript: URI in name is rejected (400)","bs-firefox-win11","2026-09-05","passed","2026-09-05","Security > XSS Prevention","","",""
"","1168","cancel in confirm dialog closes it without deleting","Chrome","2026-09-05","passed","2026-09-05","Color Management — Add & Delete","tests/color-management.spec.ts","",""
"","45","Component Tests ConfirmDialog both buttons are disabled when busy=true","","2026-09-05","passed","2026-09-05","","Component Tests","Component Tests ConfirmDialog both buttons are disabled when busy=true",""
"","35","Component Tests ColorPicker typing in name input clears name error","","2026-09-05","passed","2026-09-05","","Utility Functions","Component Tests ColorPicker typing in name input clears name error",""
"","5","Server Unit Tests POST /api/colors applies the createColorLimiter rate limit headers","","2026-09-05","passed","2026-09-05","","Server Unit Tests","Server Unit Tests POST /api/colors applies the createColorLimiter rate limit headers",""
"","0","Utility Functions paintWheelPixel anti-aliases the outermost ring: dist=r gives alpha=0","","2026-09-05","passed","2026-09-05","","Utility Functions","Utility Functions paintWheelPixel anti-aliases the outermost ring: dist=r gives alpha=0",""
"","612","should handle fetch colors network failure gracefully","bs-chrome-win11","2026-09-05","passed","2026-09-05","UI Error Handling Coverage","","",""
"","130","should reject omitting both name and hex on update","bs-chrome-win11","2026-09-05","passed","2026-09-05","Backend API Integration > PUT /api/colors/:name Schema Validation","","",""
"","3614","should load the application and verify core functionality across browsers","WebKit","2026-09-05","passed","2026-09-05","Cross-Browser Core Functionality","","",""
"","2659","should not have any automatically detectable accessibility issues","Chrome","2026-09-05","passed","2026-09-05","Accessibility Tests","tests/a11y.spec.ts","",""
"","12","Frontend Unit Tests App Component initial default background before fetch resolves","","2026-09-05","passed","2026-09-05","","Frontend Unit Tests","Frontend Unit Tests App Component initial default background before fetch resolves",""
"","5","PUT /openapi.json returns 405","Chrome","2026-09-05","passed","2026-09-05","Security > HTTP Method Restrictions","tests/security.spec.ts","",""
"","1229","verify Yellow ( #f1c40f ) is applied as the background color","bs-pixel-7","2026-09-05","passed","2026-09-05","POM Refactored: Background color tests","","",""
"","3683","shows client-side validation error for invalid name chars","bs-iphone-15","2026-09-05","passed","2026-09-05","Color Management — Add & Delete","","",""
"","17","Server Unit Tests Surviving Mutants & Edge Cases Regex & Validation STRICT_NAME_REGEX kills mutants by testing multiple spaces in the middle and rejecting pluses","","2026-09-05","passed","2026-09-05","","Server Unit Tests","Server Unit Tests Surviving Mutants & Edge Cases Regex & Validation STRICT_NAME_REGEX kills mutants by testing multiple spaces in the middle and rejecting pluses",""
"","957","should display all core elements and handle button interaction","percy","2026-09-05","skipped","2026-09-05","Responsive Design – tablet (768×1024)","","",""
"","4054","mobile color picker workflow","percy","2026-09-05","passed","2026-09-05","Percy Visual Regression – Production > Percy – Mobile Interactions","","",""
"","868","handle color selection fetch error","bs-chrome-win11","2026-09-05","passed","2026-09-05","Edge cases and error handling","","",""
"","4","Server Unit Tests Surviving Mutants & Edge Cases Swagger Metadata & OpenAPI has exact application/json content-type","","2026-09-05","passed","2026-09-05","","Server Unit Tests","Server Unit Tests Surviving Mutants & Edge Cases Swagger Metadata & OpenAPI has exact application/json content-type",""
"","561","Example #1","BDD","2026-09-05","passed","2026-09-05","Language Switching > Switch language and verify translated UI labels","","",""
"","107","PATCH /api/colors returns 405","bs-safari-ventura","2026-09-05","passed","2026-09-05","Security > HTTP Method Restrictions","","",""
"","1421","successfully adds a new color and shows its chip","bs-pixel-7","2026-09-05","passed","2026-09-05","Color Management — Add & Delete","","",""
"","689","should return 409 for duplicate color creation","bs-iphone-15","2026-09-05","passed","2026-09-05","Backend API Integration > POST /api/colors Schema Validation","","",""
"","225","X-Powered-By header is not exposed","bs-chrome-win11","2026-09-05","passed","2026-09-05","Security > Security Headers","","",""
"","0","Utility Functions hslToRgb lightness=1 gives white","","2026-09-05","passed","2026-09-05","","Utility Functions","Utility Functions hslToRgb lightness=1 gives white",""
"","120","NoSQL $where operator in name is rejected (400)","bs-safari-ventura","2026-09-05","passed","2026-09-05","Security > Injection Prevention","","",""
"","3297","homepage after color change","percy","2026-09-05","passed","2026-09-05","Percy Visual Regression – Production > Percy – desktop-xl (1920×1080)","","",""
"","28","Component Tests ColorPicker mousemove without prior mousedown (not dragging) does not change color","","2026-09-05","passed","2026-09-05","","Utility Functions","Component Tests ColorPicker mousemove without prior mousedown (not dragging) does not change color",""
"","6","Server Unit Tests DELETE /api/colors/:name cannot delete the same color twice","","2026-09-05","passed","2026-09-05","","Server Unit Tests","Server Unit Tests DELETE /api/colors/:name cannot delete the same color twice",""
"","4","Server Unit Tests 405 Method Not Allowed does not return 405 for allowed GET method on /api/colors/:name","","2026-09-05","passed","2026-09-05","","Server Unit Tests","Server Unit Tests 405 Method Not Allowed does not return 405 for allowed GET method on /api/colors/:name",""
"","2445","should maintain accessibility in el language and verify resilient locators","bs-firefox-win11","2026-09-05","passed","2026-09-05","i18n Accessibility Tests","","",""
"","107","empty body on POST returns 400","bs-iphone-15","2026-09-05","passed","2026-09-05","Security > Input Validation","","",""
"","28","Component Tests ColorPicker close (×) button calls onCancel","","2026-09-05","passed","2026-09-05","","Utility Functions","Component Tests ColorPicker close (×) button calls onCancel",""
"","2054","should maintain accessibility in el language and verify resilient locators","bs-chrome-win11","2026-09-05","passed","2026-09-05","i18n Accessibility Tests","","",""
"","129","error responses return JSON, not HTML (no info leakage)","bs-firefox-win11","2026-09-05","passed","2026-09-05","Security > Security Headers","","",""
"","7055","Cancel button closes the picker","bs-safari-ventura","2026-09-05","passed","2026-09-05","Color Management — Add & Delete","","",""
"","1540","shows server-error message on 500 inside the picker","bs-firefox-win11","2026-09-05","passed","2026-09-05","Color Management — Add & Delete","","",""
"","1184","close (×) button closes the picker","Chrome","2026-09-05","passed","2026-09-05","Color Management — Add & Delete","tests/color-management.spec.ts","",""
"","108","DELETE /api/colors (collection) returns 405","bs-chrome-win11","2026-09-05","passed","2026-09-05","Security > HTTP Method Restrictions","","",""
"","101","should reject updating with empty name","bs-safari-ventura","2026-09-05","passed","2026-09-05","Backend API Integration > PUT /api/colors/:name Schema Validation","","",""
"","9","Server Integration Tests (Testcontainers) GET /api/colors should return colors sorted alphabetically by name","","2026-09-05","passed","2026-09-05","","Server Integration Tests (Testcontainers)","Server Integration Tests (Testcontainers) GET /api/colors should return colors sorted alphabetically by name",""
"","5","Server Unit Tests POST /api/reseed returns 401 when Bearer scheme prefix is missing","","2026-09-05","passed","2026-09-05","","Server Unit Tests","Server Unit Tests POST /api/reseed returns 401 when Bearer scheme prefix is missing",""
"","188","should reject invalid hex format on update","bs-firefox-win11","2026-09-05","passed","2026-09-05","Backend API Integration > PUT /api/colors/:name Schema Validation","","",""
"","112","should reject missing hex","bs-iphone-15","2026-09-05","passed","2026-09-05","Backend API Integration > POST /api/colors Schema Validation","","",""
"","1264","should display all core elements and handle button interaction","Chrome","2026-09-05","passed","2026-09-05","Responsive Design – tablet (768×1024)","","",""
"","2934","delete API error shows alert banner","bs-iphone-15","2026-09-05","passed","2026-09-05","Color Management — Add & Delete","","",""
"","67","Frontend Unit Tests App Component handles non-array initial fetch response gracefully","","2026-09-05","passed","2026-09-05","","Frontend Unit Tests","Frontend Unit Tests App Component handles non-array initial fetch response gracefully",""
"","10","Server Integration Tests (Testcontainers) POST /api/colors should accept a single alphanumeric character as a name","","2026-09-05","passed","2026-09-05","","Server Integration Tests (Testcontainers)","Server Integration Tests (Testcontainers) POST /api/colors should accept a single alphanumeric character as a name",""
"","206","GET /api/colors should return all colors","bs-iphone-15","2026-09-05","passed","2026-09-05","Backend API Integration","","",""
"","1006","delete API error shows alert banner","Chrome","2026-09-05","passed","2026-09-05","Color Management — Add & Delete","tests/color-management.spec.ts","",""
"","0","Utility Functions paintWheelPixel paints red at right edge (dx=r, dy=0, hue=0)","","2026-09-05","passed","2026-09-05","","Utility Functions","Utility Functions paintWheelPixel paints red at right edge (dx=r, dy=0, hue=0)",""
"","14","Component Tests ColorPicker Cancel button is disabled when saving=true","","2026-09-05","passed","2026-09-05","","Utility Functions","Component Tests ColorPicker Cancel button is disabled when saving=true",""
"","60","Frontend Unit Tests App Component confirm dialog cancel button closes it","","2026-09-05","passed","2026-09-05","","Frontend Unit Tests","Frontend Unit Tests App Component confirm dialog cancel button closes it",""
"","1004","delete API error shows alert banner","bs-pixel-7","2026-09-05","passed","2026-09-05","Color Management — Add & Delete","","",""
"","7","Server Integration Tests (Testcontainers) PUT /api/colors/:name should return 400 when update body is empty","","2026-09-05","passed","2026-09-05","","Server Integration Tests (Testcontainers)","Server Integration Tests (Testcontainers) PUT /api/colors/:name should return 400 when update body is empty",""
"","1320","shows server-error message on 500 inside the picker","bs-chrome-win11","2026-09-05","passed","2026-09-05","Color Management — Add & Delete","","",""
"","5","Server Unit Tests OpenAPI endpoints serves the OpenAPI JSON spec with exact metadata","","2026-09-05","passed","2026-09-05","","Server Unit Tests","Server Unit Tests OpenAPI endpoints serves the OpenAPI JSON spec with exact metadata",""
"","2718","homepage initial state","percy","2026-09-05","passed","2026-09-05","Percy Visual Regression – Production > Percy – mobile (375×667)","","",""
"","140","should reject invalid hex format","bs-firefox-win11","2026-09-05","passed","2026-09-05","Backend API Integration > POST /api/colors Schema Validation","","",""
"","1661","verify Yellow ( #f1c40f ) is applied as the background color","bs-firefox-win11","2026-09-05","passed","2026-09-05","Background color tests","","",""
"","123","should reject invalid hex format","bs-pixel-7","2026-09-05","passed","2026-09-05","Backend API Integration > POST /api/colors Schema Validation","","",""
"","791","handle color response missing hex property","bs-pixel-7","2026-09-05","passed","2026-09-05","Edge cases and error handling","","",""
"","1667","changing color to Turquoise should reflect in UI and DOM","bs-firefox-win11","2026-09-05","passed","2026-09-05","Data-Driven Testing","","",""
"","31","Component Tests ColorPicker submit with empty name shows ""Name is required"" error","","2026-09-05","passed","2026-09-05","","Utility Functions","Component Tests ColorPicker submit with empty name shows ""Name is required"" error",""
"","1776","deleting the active color switches background to the first remaining","Chrome","2026-09-05","passed","2026-09-05","Color Management — Add & Delete","tests/color-management.spec.ts","",""
"","115","POST with javascript: URI in name is rejected (400)","bs-pixel-7","2026-09-05","passed","2026-09-05","Security > XSS Prevention","","",""
"","112","should reject omitting both name and hex on update","bs-iphone-15","2026-09-05","passed","2026-09-05","Backend API Integration > PUT /api/colors/:name Schema Validation","","",""
"","41","Frontend Unit Tests App Component initial background is first color hex","","2026-09-05","passed","2026-09-05","","Frontend Unit Tests","Frontend Unit Tests App Component initial background is first color hex",""
"","6","Server Unit Tests Surviving Mutants & Edge Cases Regex & Validation hex regex kills mutants by testing boundaries and formats","","2026-09-05","passed","2026-09-05","","Server Unit Tests","Server Unit Tests Surviving Mutants & Edge Cases Regex & Validation hex regex kills mutants by testing boundaries and formats",""
"","68","Frontend Unit Tests App Component handles null data from initial fetch gracefully","","2026-09-05","passed","2026-09-05","","Frontend Unit Tests","Frontend Unit Tests App Component handles null data from initial fetch gracefully",""
"","1647","should handle color click network failure gracefully","bs-safari-ventura","2026-09-05","passed","2026-09-05","UI Error Handling Coverage","","",""
"","17","Component Tests ColorPicker typing a valid hex without # prefix is accepted","","2026-09-05","passed","2026-09-05","","Utility Functions","Component Tests ColorPicker typing a valid hex without # prefix is accepted",""
"","1803","verify Turquoise ( #1abc9c ) is applied as the background color","bs-iphone-15","2026-09-05","passed","2026-09-05","POM Refactored: Background color tests","","",""
"","1","Utility Functions hslToRgb saturation clamped: s=-0.5 treated as s=0","","2026-09-05","passed","2026-09-05","","Utility Functions","Utility Functions hslToRgb saturation clamped: s=-0.5 treated as s=0",""
"","61","Frontend Unit Tests App Component deleting the active color switches background to the first remaining","","2026-09-05","passed","2026-09-05","","Frontend Unit Tests","Frontend Unit Tests App Component deleting the active color switches background to the first remaining",""
"","0","Utility Functions hexToRgb parses a standard #RRGGBB hex","","2026-09-05","passed","2026-09-05","","Utility Functions","Utility Functions hexToRgb parses a standard #RRGGBB hex",""
"","119","POST with HTML tag in name is rejected (400)","bs-firefox-win11","2026-09-05","passed","2026-09-05","Security > XSS Prevention","","",""
"","18","Frontend Unit Tests App Component shows loading text when colors array is empty","","2026-09-05","passed","2026-09-05","","Frontend Unit Tests","Frontend Unit Tests App Component shows loading text when colors array is empty",""
"","4","Server Unit Tests Middleware returns 400 for malformed JSON body","","2026-09-05","passed","2026-09-05","","Server Unit Tests","Server Unit Tests Middleware returns 400 for malformed JSON body",""
"","50","Frontend Unit Tests App Component add color 409 fallback message when data.error is absent","","2026-09-05","passed","2026-09-05","","Frontend Unit Tests","Frontend Unit Tests App Component add color 409 fallback message when data.error is absent",""
"","54","Frontend Unit Tests App Component add color 500 shows server error message","","2026-09-05","passed","2026-09-05","","Frontend Unit Tests","Frontend Unit Tests App Component add color 500 shows server error message",""
"","2820","POST /api/colors","","","passed","","","schemathesis","",""
"","109","malformed JSON body returns 400","bs-firefox-win11","2026-09-05","passed","2026-09-05","Security > Input Validation","","",""
"","107","PUT /openapi.json returns 405","bs-iphone-15","2026-09-05","passed","2026-09-05","Security > HTTP Method Restrictions","","",""
"","713","Example #2","BDD","2026-09-05","passed","2026-09-05","Language Switching > Switch language and verify translated UI labels","","",""
"","191","should return 404 when updating non-existent color","bs-iphone-15","2026-09-05","passed","2026-09-05","Backend API Integration > PUT /api/colors/:name Schema Validation","","",""
"","600","first color chip is active on load (aria-pressed=true)","bs-pixel-7","2026-09-05","passed","2026-09-05","Color Management — Add & Delete","","",""
"","118","array body on POST returns 400","bs-pixel-7","2026-09-05","passed","2026-09-05","Security > Input Validation","","",""
"","37","Frontend Unit Tests App Component active chip has is-active CSS class","","2026-09-05","passed","2026-09-05","","Frontend Unit Tests","Frontend Unit Tests App Component active chip has is-active CSS class",""
"","918","should handle missing image gracefully by showing alt text","bs-iphone-15","2026-09-05","passed","2026-09-05","Network Mocking & Interception","","",""
"","34","Frontend Unit Tests App Component clicking Add color button opens picker modal","","2026-09-05","passed","2026-09-05","","Frontend Unit Tests","Frontend Unit Tests App Component clicking Add color button opens picker modal",""
"","4","Server Unit Tests Surviving Mutants & Edge Cases OpenAPI Content-Type has application/json content-type","","2026-09-05","passed","2026-09-05","","Server Unit Tests","Server Unit Tests Surviving Mutants & Edge Cases OpenAPI Content-Type has application/json content-type",""
"","3126","GET /api/colors/:name should return 404 for non-existent color","bs-chrome-win11","2026-09-05","passed","2026-09-05","Backend API Integration","","",""
"","0","Utility Functions rgbToHsl r max, g>0, b=0 → h in (0,60)","","2026-09-05","passed","2026-09-05","","Utility Functions","Utility Functions rgbToHsl r max, g>0, b=0 → h in (0,60)",""
"","4093","shows client-side validation error for invalid name chars","bs-safari-ventura","2026-09-05","passed","2026-09-05","Color Management — Add & Delete","","",""
"","11","GET /api/colors/:name should return 404 for non-existent color","Chrome","2026-09-05","passed","2026-09-05","Backend API Integration","tests/api.spec.ts","",""
"","0","Utility Functions hslToRgb negative hue wraps: hue=-120 = hue=240","","2026-09-05","passed","2026-09-05","","Utility Functions","Utility Functions hslToRgb negative hue wraps: hue=-120 = hue=240",""
"","703","should return 409 for duplicate color creation","bs-pixel-7","2026-09-05","passed","2026-09-05","Backend API Integration > POST /api/colors Schema Validation","","",""
"","6","Server Integration Tests (Testcontainers) POST /api/colors should return 400 for invalid hex format (missing #)","","2026-09-05","passed","2026-09-05","","Server Integration Tests (Testcontainers)","Server Integration Tests (Testcontainers) POST /api/colors should return 400 for invalid hex format (missing #)",""
"","42","Component Tests ColorPicker cancel button calls onCancel","","2026-09-05","passed","2026-09-05","","Utility Functions","Component Tests ColorPicker cancel button calls onCancel",""
"","6","Server Unit Tests POST /api/reseed returns 401 when RESEED_API_TOKEN is not configured","","2026-09-05","passed","2026-09-05","","Server Unit Tests","Server Unit Tests POST /api/reseed returns 401 when RESEED_API_TOKEN is not configured",""
"","49","Frontend Unit Tests App Component add color 400 shows data.error message","","2026-09-05","passed","2026-09-05","","Frontend Unit Tests","Frontend Unit Tests App Component add color 400 shows data.error message",""
"","1456","successfully adds a new color and shows its chip","bs-chrome-win11","2026-09-05","passed","2026-09-05","Color Management — Add & Delete","","",""
"","2530","should maintain accessibility in es language and verify resilient locators","bs-chrome-win11","2026-09-05","passed","2026-09-05","i18n Accessibility Tests","","",""
"","116","should delete an existing color","Chrome","2026-09-05","passed","2026-09-05","Backend API Integration > DELETE /api/colors/:name","tests/api.spec.ts","",""
"","2013","verify Yellow ( #f1c40f ) is applied as the background color","bs-safari-ventura","2026-09-05","passed","2026-09-05","Background color tests","","",""
"","10","Server Integration Tests (Testcontainers) DELETE /api/colors/:name should return 404 on a second delete of the same color","","2026-09-05","passed","2026-09-05","","Server Integration Tests (Testcontainers)","Server Integration Tests (Testcontainers) DELETE /api/colors/:name should return 404 on a second delete of the same color",""
"","20","Component Tests ConfirmDialog cancel button calls onCancel","","2026-09-05","passed","2026-09-05","","Component Tests","Component Tests ConfirmDialog cancel button calls onCancel",""
"","667","Example #3","BDD","2026-09-05","passed","2026-09-05","Language Switching > Switch language and verify translated UI labels","","",""
"","4431","successfully adds a new color and shows its chip","bs-iphone-15","2026-09-05","passed","2026-09-05","Color Management — Add & Delete","","",""
"","5496","homepage after color change","percy","2026-09-05","passed","2026-09-05","Percy Visual Regression – Production > Percy – desktop (1280×720)","","",""
"","115","unknown extra fields in POST body are rejected (400)","bs-safari-ventura","2026-09-05","passed","2026-09-05","Security > Input Validation","","",""
"","118","unknown extra fields in POST body are rejected (400)","bs-pixel-7","2026-09-05","passed","2026-09-05","Security > Input Validation","","",""
"","12","Server Unit Tests Error Handling POST /api/colors returns 500 when database fails (findOne)","","2026-09-05","passed","2026-09-05","","Server Unit Tests","Server Unit Tests Error Handling POST /api/colors returns 500 when database fails (findOne)",""
"","209","GET /api/colors/Yellow should return the correct hex code","bs-iphone-15","2026-09-05","passed","2026-09-05","Backend API Integration","","",""
"","3","Server Unit Tests 405 Method Not Allowed sets the Allow header on /api/colors with correct methods","","2026-09-05","passed","2026-09-05","","Server Unit Tests","Server Unit Tests 405 Method Not Allowed sets the Allow header on /api/colors with correct methods",""
"","1818","should maintain accessibility in el language and verify resilient locators","bs-pixel-7","2026-09-05","passed","2026-09-05","i18n Accessibility Tests","","",""
"","3","Server Unit Tests Surviving Mutants & Edge Cases Swagger Metadata & OpenAPI has exact info metadata","","2026-09-05","passed","2026-09-05","","Server Unit Tests","Server Unit Tests Surviving Mutants & Edge Cases Swagger Metadata & OpenAPI has exact info metadata",""
"","19","Server Integration Tests (Testcontainers) Concurrent writes should handle simultaneous POSTs with the same name — exactly one succeeds","","2026-09-05","passed","2026-09-05","","Server Integration Tests (Testcontainers)","Server Integration Tests (Testcontainers) Concurrent writes should handle simultaneous POSTs with the same name — exactly one succeeds",""
"","3","Server Unit Tests OpenAPI endpoints spec includes component schemas","","2026-09-05","passed","2026-09-05","","Server Unit Tests","Server Unit Tests OpenAPI endpoints spec includes component schemas",""
"","14","POST with javascript: URI in name is rejected (400)","Chrome","2026-09-05","passed","2026-09-05","Security > XSS Prevention","tests/security.spec.ts","",""
"","0","Utility Functions hslToRgb hue=60 (yellow) → [255,255,0]","","2026-09-05","passed","2026-09-05","","Utility Functions","Utility Functions hslToRgb hue=60 (yellow) → [255,255,0]",""
"","1693","color names rendered in the UI do not trigger script execution","bs-firefox-win11","2026-09-05","passed","2026-09-05","Security > XSS Prevention","","",""
"","17","Server Integration Tests (Testcontainers) GET /api/colors/:name should return correct data for Red","","2026-09-05","passed","2026-09-05","","Server Integration Tests (Testcontainers)","Server Integration Tests (Testcontainers) GET /api/colors/:name should return correct data for Red",""
"","24","Server Integration Tests (Testcontainers) POST /api/colors should return 409 when creating a duplicate color name","","2026-09-05","passed","2026-09-05","","Server Integration Tests (Testcontainers)","Server Integration Tests (Testcontainers) POST /api/colors should return 409 when creating a duplicate color name",""
"","6","Server Integration Tests (Testcontainers) PUT /api/colors/:name should return 400 for invalid name in URL path","","2026-09-05","passed","2026-09-05","","Server Integration Tests (Testcontainers)","Server Integration Tests (Testcontainers) PUT /api/colors/:name should return 400 for invalid name in URL path",""
"","4","Server Unit Tests POST /api/colors returns 400 for name with whitespace","","2026-09-05","passed","2026-09-05","","Server Unit Tests","Server Unit Tests POST /api/colors returns 400 for name with whitespace",""
"","3423","shows client-side ""Name is required"" when submitting empty name","bs-iphone-15","2026-09-05","passed","2026-09-05","Color Management — Add & Delete","","",""
"","946","should handle color click network failure gracefully","bs-firefox-win11","2026-09-05","passed","2026-09-05","UI Error Handling Coverage","","",""
"","1","Utility Functions hslToRgb hue=330 (rose) → [255,0,128]","","2026-09-05","passed","2026-09-05","","Utility Functions","Utility Functions hslToRgb hue=330 (rose) → [255,0,128]",""
"","2714","successful delete removes the chip","bs-iphone-15","2026-09-05","passed","2026-09-05","Color Management — Add & Delete","","",""
"","830","Show error message when the initial colors fetch fails","BDD","2026-09-05","passed","2026-09-05","API Error Handling","","",""
"","114","PATCH /api/colors returns 405","bs-pixel-7","2026-09-05","passed","2026-09-05","Security > HTTP Method Restrictions","","",""
"","4224","clicking the backdrop closes the picker","bs-safari-ventura","2026-09-05","passed","2026-09-05","Color Management — Add & Delete","","",""
"","6","array body on POST returns 400","Chrome","2026-09-05","passed","2026-09-05","Security > Input Validation","tests/security.spec.ts","",""
"","0","Utility Functions readableOn returns #111 for a pale/pastel colour (high luminance)","","2026-09-05","passed","2026-09-05","","Utility Functions","Utility Functions readableOn returns #111 for a pale/pastel colour (high luminance)",""
"","0","Utility Functions paintWheelPixel paints grey at center (dx=0, dy=0, dist=0, sat=0)","","2026-09-05","passed","2026-09-05","","Utility Functions","Utility Functions paintWheelPixel paints grey at center (dx=0, dy=0, dist=0, sat=0)",""
"","760","clicking ""+ Add color"" opens the picker modal","Chrome","2026-09-05","passed","2026-09-05","Color Management — Add & Delete","tests/color-management.spec.ts","",""
"","4","Utility Functions hslToRgb hue=30 (orange) → [255,128,0]","","2026-09-05","passed","2026-09-05","","Utility Functions","Utility Functions hslToRgb hue=30 (orange) → [255,128,0]",""
"","1243","shows server-error message on 500 inside the picker","Chrome","2026-09-05","passed","2026-09-05","Color Management — Add & Delete","tests/color-management.spec.ts","",""
"","215","X-Powered-By header is not exposed","bs-pixel-7","2026-09-05","passed","2026-09-05","Security > Security Headers","","",""
"","6","Server Unit Tests Surviving Mutants & Edge Cases Regex & Validation Zod required_error messages are correct","","2026-09-05","passed","2026-09-05","","Server Unit Tests","Server Unit Tests Surviving Mutants & Edge Cases Regex & Validation Zod required_error messages are correct",""
"","228","GET /api/colors/Yellow should return the correct hex code","bs-chrome-win11","2026-09-05","passed","2026-09-05","Backend API Integration","","",""
"","7601","should maintain accessibility after state change (color update)","bs-safari-ventura","2026-09-05","passed","2026-09-05","Accessibility Tests","","",""
"","1551","verify language switcher changes document language","bs-safari-ventura","2026-09-05","passed","2026-09-05","","","",""
"","10","should reject empty name","Chrome","2026-09-05","passed","2026-09-05","Backend API Integration > POST /api/colors Schema Validation","tests/api.spec.ts","",""
"","34","Component Tests ConfirmDialog clicking the card itself does NOT call onCancel","","2026-09-05","passed","2026-09-05","","Component Tests","Component Tests ConfirmDialog clicking the card itself does NOT call onCancel",""
"","0","Utility Functions hslToRgb hue just below 60 is in sector 0, not sector 1","","2026-09-05","passed","2026-09-05","","Utility Functions","Utility Functions hslToRgb hue just below 60 is in sector 0, not sector 1",""
"","8","Server Unit Tests POST /api/colors accepts single alphanumeric characters as names","","2026-09-05","passed","2026-09-05","","Server Unit Tests","Server Unit Tests POST /api/colors accepts single alphanumeric characters as names",""
"","1","Utility Functions hslToRgb hue=90 (chartreuse) → [128,255,0]","","2026-09-05","passed","2026-09-05","","Utility Functions","Utility Functions hslToRgb hue=90 (chartreuse) → [128,255,0]",""
"","842","clicking ""+ Add color"" opens the picker modal","bs-chrome-win11","2026-09-05","passed","2026-09-05","Color Management — Add & Delete","","",""
"","6","Server Integration Tests (Testcontainers) POST /api/colors should return 400 when name is missing","","2026-09-05","passed","2026-09-05","","Server Integration Tests (Testcontainers)","Server Integration Tests (Testcontainers) POST /api/colors should return 400 when name is missing",""
"","1350","should create dynamic random color via API and verify through UI","bs-pixel-7","2026-09-05","passed","2026-09-05","Random Data Testing with faker.js","","",""
"","4692","successfully adds a new color and shows its chip","bs-safari-ventura","2026-09-05","passed","2026-09-05","Color Management — Add & Delete","","",""
"","6","Server Unit Tests Surviving Mutants & Edge Cases Rate Limiting & Security kills mutants by verifying x-powered-by is removed","","2026-09-05","passed","2026-09-05","","Server Unit Tests","Server Unit Tests Surviving Mutants & Edge Cases Rate Limiting & Security kills mutants by verifying x-powered-by is removed",""
"","5","Server Unit Tests Error Handling POST /api/colors returns 409 when database throws duplicate key error (code 11000)","","2026-09-05","passed","2026-09-05","","Server Unit Tests","Server Unit Tests Error Handling POST /api/colors returns 409 when database throws duplicate key error (code 11000)",""
"","44","Frontend Unit Tests App Component confirm dialog Escape key closes it","","2026-09-05","passed","2026-09-05","","Frontend Unit Tests","Frontend Unit Tests App Component confirm dialog Escape key closes it",""
"","4661","should maintain accessibility in el language and verify resilient locators","bs-iphone-15","2026-09-05","passed","2026-09-05","i18n Accessibility Tests","","",""
"","41","Frontend Unit Tests App Component add color sends POST with correct method, headers, and body","","2026-09-05","passed","2026-09-05","","Frontend Unit Tests","Frontend Unit Tests App Component add color sends POST with correct method, headers, and body",""
"","500","should delete an existing color","bs-safari-ventura","2026-09-05","passed","2026-09-05","Backend API Integration > DELETE /api/colors/:name","","",""
"","113","POST with script tag in name is rejected (400)","bs-iphone-15","2026-09-05","passed","2026-09-05","Security > XSS Prevention","","",""
"","282","GET /api/colors/Red should return the correct hex code","bs-iphone-15","2026-09-05","passed","2026-09-05","Backend API Integration","","",""
"","15","Server Unit Tests Surviving Mutants & Edge Cases Regex & Validation STRICT_NAME_REGEX kills mutants on start/end/middle characters","","2026-09-05","passed","2026-09-05","","Server Unit Tests","Server Unit Tests Surviving Mutants & Edge Cases Regex & Validation STRICT_NAME_REGEX kills mutants on start/end/middle characters",""
"","4","Server Unit Tests Surviving Mutants & Edge Cases Swagger Metadata & OpenAPI has exact server metadata","","2026-09-05","passed","2026-09-05","","Server Unit Tests","Server Unit Tests Surviving Mutants & Edge Cases Swagger Metadata & OpenAPI has exact server metadata",""
"","0","Utility Functions hexToRgb is case-insensitive","","2026-09-05","passed","2026-09-05","","Utility Functions","Utility Functions hexToRgb is case-insensitive",""
"","1582","should load the application and verify core functionality across browsers","bs-iphone-15","2026-09-05","passed","2026-09-05","Cross-Browser Core Functionality","","",""
"","4","Server Unit Tests Error Handling GET /api/colors/:name returns 500 when database fails","","2026-09-05","passed","2026-09-05","","Server Unit Tests","Server Unit Tests Error Handling GET /api/colors/:name returns 500 when database fails",""
"","10","should reject updating with empty name","Chrome","2026-09-05","passed","2026-09-05","Backend API Integration > PUT /api/colors/:name Schema Validation","tests/api.spec.ts","",""
"","2024","check Turquoise ( #1abc9c) is the default background color.","bs-safari-ventura","2026-09-05","passed","2026-09-05","","","",""
"","7","DELETE /api/colors (collection) returns 405","Chrome","2026-09-05","passed","2026-09-05","Security > HTTP Method Restrictions","tests/security.spec.ts","",""
"","3","Server Unit Tests 405 Method Not Allowed returns 405 for PATCH on /api/colors/:name","","2026-09-05","passed","2026-09-05","","Server Unit Tests","Server Unit Tests 405 Method Not Allowed returns 405 for PATCH on /api/colors/:name",""
"","779","should update a color with valid schema","bs-safari-ventura","2026-09-05","passed","2026-09-05","Backend API Integration > PUT /api/colors/:name Schema Validation","","",""
"","4","Server Unit Tests DELETE /api/colors/:name returns 404 for a non-existent color","","2026-09-05","passed","2026-09-05","","Server Unit Tests","Server Unit Tests DELETE /api/colors/:name returns 404 for a non-existent color",""
"","117","NoSQL injection object in name is rejected (400)","bs-iphone-15","2026-09-05","passed","2026-09-05","Security > Injection Prevention","","",""
"","691","handle color selection fetch error","Chrome","2026-09-05","passed","2026-09-05","Edge cases and error handling","tests/coverage.spec.ts","",""
"","121","array body on POST returns 400","bs-chrome-win11","2026-09-05","passed","2026-09-05","Security > Input Validation","","",""
"","2292","verify Turquoise ( #1abc9c ) is applied as the background color","bs-safari-ventura","2026-09-05","passed","2026-09-05","Background color tests","","",""
"","7","Server Unit Tests Error Handling PUT /api/colors/:name returns 500 when database fails","","2026-09-05","passed","2026-09-05","","Server Unit Tests","Server Unit Tests Error Handling PUT /api/colors/:name returns 500 when database fails",""
"","1838","clicking a chip makes it active","bs-safari-ventura","2026-09-05","passed","2026-09-05","Color Management — Add & Delete","","",""
"","324","GET /api/colors/Turquoise should return the correct hex code","bs-firefox-win11","2026-09-05","passed","2026-09-05","Backend API Integration","","",""
"","103","DELETE /api/colors (collection) returns 405","bs-iphone-15","2026-09-05","passed","2026-09-05","Security > HTTP Method Restrictions","","",""
"","164","unknown extra fields in POST body are rejected (400)","bs-firefox-win11","2026-09-05","passed","2026-09-05","Security > Input Validation","","",""
"","4","Server Unit Tests POST /api/colors returns 400 for invalid hex format (too short)","","2026-09-05","passed","2026-09-05","","Server Unit Tests","Server Unit Tests POST /api/colors returns 400 for invalid hex format (too short)",""
"","18","Server Integration Tests (Testcontainers) POST /api/reseed should be idempotent — calling reseed twice always yields exactly 3 colors","","2026-09-05","passed","2026-09-05","","Server Integration Tests (Testcontainers)","Server Integration Tests (Testcontainers) POST /api/reseed should be idempotent — calling reseed twice always yields exactly 3 colors",""
"","4228","delete API error shows alert banner","bs-safari-ventura","2026-09-05","passed","2026-09-05","Color Management — Add & Delete","","",""
"","1421","should display colors that do not exist in the database","bs-safari-ventura","2026-09-05","passed","2026-09-05","Network Mocking & Interception","","",""
"","810","should display colors that do not exist in the database","Chrome","2026-09-05","passed","2026-09-05","Network Mocking & Interception","tests/network-mocking.spec.ts","",""
"","888","changing color to Yellow should reflect in UI and DOM","Chrome","2026-09-05","passed","2026-09-05","Data-Driven Testing","tests/data-driven.spec.ts","",""
"","307","GET /api/colors/Turquoise should return the correct hex code","bs-safari-ventura","2026-09-05","passed","2026-09-05","Backend API Integration","","",""
"","2124","should maintain accessibility in es language and verify resilient locators","bs-pixel-7","2026-09-05","passed","2026-09-05","i18n Accessibility Tests","","",""
"","0","Utility Functions rgbToHsl white [255,255,255] → h=0, s=0, l=1","","2026-09-05","passed","2026-09-05","","Utility Functions","Utility Functions rgbToHsl white [255,255,255] → h=0, s=0, l=1",""
"","7","Utility Functions hslToRgb hue=0 (red) → [255,0,0]","","2026-09-05","passed","2026-09-05","","Utility Functions","Utility Functions hslToRgb hue=0 (red) → [255,0,0]",""
"","1266","clicking a chip makes it active","bs-firefox-win11","2026-09-05","passed","2026-09-05","Color Management — Add & Delete","","",""
"","60","Component Tests ColorPicker editing name does NOT call onClearError when no serverError","","2026-09-05","passed","2026-09-05","","Utility Functions","Component Tests ColorPicker editing name does NOT call onClearError when no serverError",""
"","3","Server Unit Tests Surviving Mutants & Edge Cases Mongoose Schema Strictness kills empty schema mutant by checking schema paths","","2026-09-05","passed","2026-09-05","","Server Unit Tests","Server Unit Tests Surviving Mutants & Edge Cases Mongoose Schema Strictness kills empty schema mutant by checking schema paths",""
"","2146","should maintain accessibility in en language and verify resilient locators","bs-pixel-7","2026-09-05","passed","2026-09-05","i18n Accessibility Tests","","",""
"","77","Frontend Unit Tests App Component delete sends DELETE request with correct method","","2026-09-05","passed","2026-09-05","","Frontend Unit Tests","Frontend Unit Tests App Component delete sends DELETE request with correct method",""
"","7","Server Unit Tests 405 Method Not Allowed returns 405 for POST, PUT, DELETE on /api-docs","","2026-09-05","passed","2026-09-05","","Server Unit Tests","Server Unit Tests 405 Method Not Allowed returns 405 for POST, PUT, DELETE on /api-docs",""
"","8","empty body on POST returns 400","Chrome","2026-09-05","passed","2026-09-05","Security > Input Validation","tests/security.spec.ts","",""
"","563","should handle fetch colors network failure gracefully","bs-pixel-7","2026-09-05","passed","2026-09-05","UI Error Handling Coverage","","",""
"","777","Show loading state when the API returns an empty colors list","BDD","2026-09-05","passed","2026-09-05","API Error Handling","","",""
"","1","Utility Functions readableOn returns #111 for mid-grey (L≈0.35, black gives better contrast)","","2026-09-05","passed","2026-09-05","","Utility Functions","Utility Functions readableOn returns #111 for mid-grey (L≈0.35, black gives better contrast)",""
"","535","check Turquoise ( #1abc9c) is the default background color.","Chrome","2026-09-05","passed","2026-09-05","","tests/coverage.spec.ts","",""
"","117","SQL injection characters in name are rejected (400)","bs-safari-ventura","2026-09-05","passed","2026-09-05","Security > Injection Prevention","","",""
"","119","Frontend Unit Tests App Component handleColorClick does nothing when data has no hex","","2026-09-05","passed","2026-09-05","","Frontend Unit Tests","Frontend Unit Tests App Component handleColorClick does nothing when data has no hex",""
"","122","malformed JSON body returns 400","bs-pixel-7","2026-09-05","passed","2026-09-05","Security > Input Validation","","",""
"","9","Server Integration Tests (Testcontainers) PUT /api/colors/:name should update both name and hex simultaneously","","2026-09-05","passed","2026-09-05","","Server Integration Tests (Testcontainers)","Server Integration Tests (Testcontainers) PUT /api/colors/:name should update both name and hex simultaneously",""
"","8","should reject invalid hex format on update","Chrome","2026-09-05","passed","2026-09-05","Backend API Integration > PUT /api/colors/:name Schema Validation","tests/api.spec.ts","",""
"","271","GET /api/colors/Yellow should return the correct hex code","bs-safari-ventura","2026-09-05","passed","2026-09-05","Backend API Integration","","",""
"","101","should reject updating with empty name","bs-pixel-7","2026-09-05","passed","2026-09-05","Backend API Integration > PUT /api/colors/:name Schema Validation","","",""
"","5","Server Unit Tests PUT /api/colors/:name does not change name when updating only hex","","2026-09-05","passed","2026-09-05","","Server Unit Tests","Server Unit Tests PUT /api/colors/:name does not change name when updating only hex",""
"","2595","should maintain accessibility after state change (color update)","bs-pixel-7","2026-09-05","passed","2026-09-05","Accessibility Tests","","",""
"","197","should return 404 for non-existent color deletion","bs-safari-ventura","2026-09-05","passed","2026-09-05","Backend API Integration > DELETE /api/colors/:name","","",""
"","1091","should handle fetch colors network failure gracefully","bs-iphone-15","2026-09-05","passed","2026-09-05","UI Error Handling Coverage","","",""
"","26","Component Tests ColorPicker duplicate check is case-insensitive","","2026-09-05","passed","2026-09-05","","Utility Functions","Component Tests ColorPicker duplicate check is case-insensitive",""
"","1050","shows a chip for each color with a swatch, name, and delete button","Chrome","2026-09-05","passed","2026-09-05","Color Management — Add & Delete","tests/color-management.spec.ts","",""
"","2010","changing color to Yellow should reflect in UI and DOM","bs-iphone-15","2026-09-05","passed","2026-09-05","Data-Driven Testing","","",""
"","666","should display all core elements and handle button interaction","percy","2026-09-05","skipped","2026-09-05","Responsive Design – iPhone SE (375×667)","","",""
"","11","Server Integration Tests (Testcontainers) DELETE /api/colors/:name should delete a color and confirm removal from the real database","","2026-09-05","passed","2026-09-05","","Server Integration Tests (Testcontainers)","Server Integration Tests (Testcontainers) DELETE /api/colors/:name should delete a color and confirm removal from the real database",""
"","3439","homepage after color change","percy","2026-09-05","passed","2026-09-05","Percy Visual Regression – Production > Percy – tablet (768×1024)","","",""
"","916","should show loading state when API returns empty colors","bs-iphone-15","2026-09-05","passed","2026-09-05","UI Error Handling Coverage","","",""
"","638","should handle missing image gracefully by showing alt text","Chrome","2026-09-05","passed","2026-09-05","Network Mocking & Interception","tests/network-mocking.spec.ts","",""
"","113","should reject missing hex","bs-pixel-7","2026-09-05","passed","2026-09-05","Backend API Integration > POST /api/colors Schema Validation","","",""
"","4","Server Unit Tests 405 Method Not Allowed does not return 405 for allowed DELETE method on /api/colors/:name","","2026-09-05","passed","2026-09-05","","Server Unit Tests","Server Unit Tests 405 Method Not Allowed does not return 405 for allowed DELETE method on /api/colors/:name",""
"","1","Utility Functions rgbToHex converts pure blue","","2026-09-05","passed","2026-09-05","","Utility Functions","Utility Functions rgbToHex converts pure blue",""
"","116","malformed JSON body returns 400","bs-iphone-15","2026-09-05","passed","2026-09-05","Security > Input Validation","","",""
"","20","Server Integration Tests (Testcontainers) POST /api/reseed should reseed the database to the three default colors with a valid token","","2026-09-05","passed","2026-09-05","","Server Integration Tests (Testcontainers)","Server Integration Tests (Testcontainers) POST /api/reseed should reseed the database to the three default colors with a valid token",""
"","1647","should load the application and verify core functionality across browsers","bs-safari-ventura","2026-09-05","passed","2026-09-05","Cross-Browser Core Functionality","","",""
"","216","GET /api/colors/:name should return 404 for non-existent color","bs-iphone-15","2026-09-05","passed","2026-09-05","Backend API Integration","","",""
"","1058","should display colors that do not exist in the database","bs-firefox-win11","2026-09-05","passed","2026-09-05","Network Mocking & Interception","","",""
"","844","clicking the backdrop closes the picker","Chrome","2026-09-05","passed","2026-09-05","Color Management — Add & Delete","tests/color-management.spec.ts","",""
"","1465","color names rendered in the UI do not trigger script execution","Chrome","2026-09-05","passed","2026-09-05","Security > XSS Prevention","tests/security.spec.ts","",""
"","9","Server Integration Tests (Testcontainers) POST /api/reseed should not modify the database when token is invalid","","2026-09-05","passed","2026-09-05","","Server Integration Tests (Testcontainers)","Server Integration Tests (Testcontainers) POST /api/reseed should not modify the database when token is invalid",""
"","112","should reject invalid hex format on update","bs-chrome-win11","2026-09-05","passed","2026-09-05","Backend API Integration > PUT /api/colors/:name Schema Validation","","",""
"","1374","changing color to Turquoise should reflect in UI and DOM","bs-chrome-win11","2026-09-05","passed","2026-09-05","Data-Driven Testing","","",""
"","5","Server Unit Tests Middleware includes CORS headers","","2026-09-05","passed","2026-09-05","","Server Unit Tests","Server Unit Tests Middleware includes CORS headers",""
"","120","PATCH /api/colors/:name returns 405","bs-pixel-7","2026-09-05","passed","2026-09-05","Security > HTTP Method Restrictions","","",""
"","1929","changing color to Turquoise should reflect in UI and DOM","bs-iphone-15","2026-09-05","passed","2026-09-05","Data-Driven Testing","","",""
"","8","Server Unit Tests Surviving Mutants & Edge Cases PUT logic kills name/hex conditional mutants by providing only one field","","2026-09-05","passed","2026-09-05","","Server Unit Tests","Server Unit Tests Surviving Mutants & Edge Cases PUT logic kills name/hex conditional mutants by providing only one field",""
"","3894","cancel in confirm dialog closes it without deleting","bs-safari-ventura","2026-09-05","passed","2026-09-05","Color Management — Add & Delete","","",""
"","13","should reject omitting both name and hex on update","Chrome","2026-09-05","passed","2026-09-05","Backend API Integration > PUT /api/colors/:name Schema Validation","tests/api.spec.ts","",""
"","5066","close (×) button closes the picker","bs-iphone-15","2026-09-05","passed","2026-09-05","Color Management — Add & Delete","","",""
"","6","error responses return JSON, not HTML (no info leakage)","Chrome","2026-09-05","passed","2026-09-05","Security > Security Headers","tests/security.spec.ts","",""
"","1","homepage after color change","Chrome","2026-09-05","skipped","2026-09-05","Percy Visual Regression – Production > Percy – desktop (1280×720)","","",""
"","11","Server Unit Tests GET /api/colors does not expose _id or __v fields","","2026-09-05","passed","2026-09-05","","Server Unit Tests","Server Unit Tests GET /api/colors does not expose _id or __v fields",""
"","1415","shows client-side ""Name is required"" when submitting empty name","bs-firefox-win11","2026-09-05","passed","2026-09-05","Color Management — Add & Delete","","",""
"","0","Frontend Unit Tests i18n Configuration interpolation should not escape value","","2026-09-05","passed","2026-09-05","","Frontend Unit Tests","Frontend Unit Tests i18n Configuration interpolation should not escape value",""
"","1541","Escape key closes the confirm dialog","bs-iphone-15","2026-09-05","passed","2026-09-05","Color Management — Add & Delete","","",""
"","104","PATCH /api/colors returns 405","bs-iphone-15","2026-09-05","passed","2026-09-05","Security > HTTP Method Restrictions","","",""
"","1785","clicking a chip makes it active","bs-iphone-15","2026-09-05","passed","2026-09-05","Color Management — Add & Delete","","",""
"","901","changing color to Red should reflect in UI and DOM","bs-pixel-7","2026-09-05","passed","2026-09-05","Data-Driven Testing","","",""
"","0","Utility Functions rgbToHsl pure green → h=120, s=1, l=0.5","","2026-09-05","passed","2026-09-05","","Utility Functions","Utility Functions rgbToHsl pure green → h=120, s=1, l=0.5",""
"","111","Frontend Unit Tests App Component confirm dialog cancel does nothing when deleting=true","","2026-09-05","passed","2026-09-05","","Frontend Unit Tests","Frontend Unit Tests App Component confirm dialog cancel does nothing when deleting=true",""
"","908","shows a chip for each color with a swatch, name, and delete button","bs-firefox-win11","2026-09-05","passed","2026-09-05","Color Management — Add & Delete","","",""
"","10","Component Tests ColorPicker wheel cursor moves to (220,110) after right-edge click (hue=0, sat=1)","","2026-09-05","passed","2026-09-05","","Utility Functions","Component Tests ColorPicker wheel cursor moves to (220,110) after right-edge click (hue=0, sat=1)",""
"","1126","shows 409 duplicate error from server inside the picker","bs-chrome-win11","2026-09-05","passed","2026-09-05","Color Management — Add & Delete","","",""
"","4068","should maintain accessibility after state change (color update)","bs-firefox-win11","2026-09-05","passed","2026-09-05","Accessibility Tests","","",""
"","1115","handle initial fetch error","bs-firefox-win11","2026-09-05","passed","2026-09-05","Edge cases and error handling","","",""
"","117","unknown extra fields in POST body are rejected (400)","bs-chrome-win11","2026-09-05","passed","2026-09-05","Security > Input Validation","","",""
"","2898","homepage after color change","percy","2026-09-05","passed","2026-09-05","Percy Visual Regression – Production > Percy – mobile (375×667)","","",""
"","44","DELETE /api/colors/{name}","","","passed","","","schemathesis","",""
"","469","homepage should match snapshot","percy","2026-09-05","skipped","2026-09-05","Visual Regression – desktop-xl (1920×1080)","","",""
"","35","Frontend Unit Tests App Component labelFor returns translation for known color (Turquoise)","","2026-09-05","passed","2026-09-05","","Frontend Unit Tests","Frontend Unit Tests App Component labelFor returns translation for known color (Turquoise)",""
"","3","Server Unit Tests Error Handling DELETE /api/colors/:name returns 500 when database fails","","2026-09-05","passed","2026-09-05","","Server Unit Tests","Server Unit Tests Error Handling DELETE /api/colors/:name returns 500 when database fails",""
"","107","error responses return JSON, not HTML (no info leakage)","bs-safari-ventura","2026-09-05","passed","2026-09-05","Security > Security Headers","","",""
"","0","homepage after color change","Chrome","2026-09-05","skipped","2026-09-05","Percy Visual Regression – Production > Percy – mobile (375×667)","","",""
"","255","GET /api/colors/:name should return 404 for non-existent color","bs-safari-ventura","2026-09-05","passed","2026-09-05","Backend API Integration","","",""
"","1012","homepage should match snapshot","Chrome","2026-09-05","passed","2026-09-05","Visual Regression – tablet (768×1024)","","",""
"","117","PUT /openapi.json returns 405","bs-firefox-win11","2026-09-05","passed","2026-09-05","Security > HTTP Method Restrictions","","",""
"","698","should return 409 for duplicate color creation","bs-firefox-win11","2026-09-05","passed","2026-09-05","Backend API Integration > POST /api/colors Schema Validation","","",""
"","7","PATCH /api/colors returns 405","Chrome","2026-09-05","passed","2026-09-05","Security > HTTP Method Restrictions","tests/security.spec.ts","",""
"","226","GET /api/colors should return colors sorted alphabetically by name","bs-chrome-win11","2026-09-05","passed","2026-09-05","Backend API Integration","","",""
"","5","Server Integration Tests (Testcontainers) Method Not Allowed should return 405 for PATCH /api/colors/:name","","2026-09-05","passed","2026-09-05","","Server Integration Tests (Testcontainers)","Server Integration Tests (Testcontainers) Method Not Allowed should return 405 for PATCH /api/colors/:name",""
"","4","Server Unit Tests POST /api/colors returns 400 when hex is missing","","2026-09-05","passed","2026-09-05","","Server Unit Tests","Server Unit Tests POST /api/colors returns 400 when hex is missing",""
"","80","Frontend Unit Tests App Component confirm button shows ""Deleting…"" label while delete is in-flight","","2026-09-05","passed","2026-09-05","","Frontend Unit Tests","Frontend Unit Tests App Component confirm button shows ""Deleting…"" label while delete is in-flight",""
"","25","Frontend Unit Tests App Component shows add-color button even when colors are empty","","2026-09-05","passed","2026-09-05","","Frontend Unit Tests","Frontend Unit Tests App Component shows add-color button even when colors are empty",""
"","763","should handle color click network failure gracefully","bs-pixel-7","2026-09-05","passed","2026-09-05","UI Error Handling Coverage","","",""
"","1891","verify Turquoise ( #1abc9c ) is applied as the background color","bs-iphone-15","2026-09-05","passed","2026-09-05","Background color tests","","",""
"","8069","should meet the accessibility threshold using Google Lighthouse","Chrome","2026-09-05","passed","2026-09-05","Accessibility Tests","tests/a11y.spec.ts","",""
"","6","Server Integration Tests (Testcontainers) GET /api/colors/:name should return 400 for invalid name format","","2026-09-05","passed","2026-09-05","","Server Integration Tests (Testcontainers)","Server Integration Tests (Testcontainers) GET /api/colors/:name should return 400 for invalid name format",""
"","25","Component Tests ColorPicker touchmove while dragging updates hex","","2026-09-05","passed","2026-09-05","","Utility Functions","Component Tests ColorPicker touchmove while dragging updates hex",""
"","1328","should gracefully handle a color not found in the database","bs-iphone-15","2026-09-05","passed","2026-09-05","Network Mocking & Interception","","",""
"","30","Component Tests ColorPicker submit with duplicate name (client-side) shows duplicate error","","2026-09-05","passed","2026-09-05","","Utility Functions","Component Tests ColorPicker submit with duplicate name (client-side) shows duplicate error",""
"","13","Server Integration Tests (Testcontainers) PUT /api/colors/:name should rename a color and make old name return 404","","2026-09-05","passed","2026-09-05","","Server Integration Tests (Testcontainers)","Server Integration Tests (Testcontainers) PUT /api/colors/:name should rename a color and make old name return 404",""
"","1","Utility Functions rgbToHsl r max with g<b (#ff0040) → h near 345","","2026-09-05","passed","2026-09-05","","Utility Functions","Utility Functions rgbToHsl r max with g<b (#ff0040) → h near 345",""
"","1158","delete API error shows alert banner","bs-chrome-win11","2026-09-05","passed","2026-09-05","Color Management — Add & Delete","","",""
"","113","POST /api-docs returns 405","bs-chrome-win11","2026-09-05","passed","2026-09-05","Security > HTTP Method Restrictions","","",""
"","324","homepage should match snapshot","percy","2026-09-05","skipped","2026-09-05","Visual Regression – tablet (768×1024)","","",""
"","120","malformed JSON body returns 400","bs-chrome-win11","2026-09-05","passed","2026-09-05","Security > Input Validation","","",""
"","113","error responses return JSON, not HTML (no info leakage)","bs-chrome-win11","2026-09-05","passed","2026-09-05","Security > Security Headers","","",""
"","13","Server Unit Tests Surviving Mutants & Edge Cases Regex & Validation STRICT_NAME_REGEX kills mutants on optionality and length","","2026-09-05","passed","2026-09-05","","Server Unit Tests","Server Unit Tests Surviving Mutants & Edge Cases Regex & Validation STRICT_NAME_REGEX kills mutants on optionality and length",""
"","28","Component Tests ColorPicker lightness slider change updates the preview","","2026-09-05","passed","2026-09-05","","Utility Functions","Component Tests ColorPicker lightness slider change updates the preview",""
"","15","Frontend Unit Tests App Component shows error alert when initial fetch fails","","2026-09-05","passed","2026-09-05","","Frontend Unit Tests","Frontend Unit Tests App Component shows error alert when initial fetch fails",""
"","1501","should create color via API and verify through UI","bs-pixel-7","2026-09-05","passed","2026-09-05","Hybrid E2E Testing","","",""
"","4","Server Unit Tests PUT /api/colors/:name returns 400 for invalid hex on update","","2026-09-05","passed","2026-09-05","","Server Unit Tests","Server Unit Tests PUT /api/colors/:name returns 400 for invalid hex on update",""
"","0","Utility Functions rgbToHex pads single-digit hex values with leading zero","","2026-09-05","passed","2026-09-05","","Utility Functions","Utility Functions rgbToHex pads single-digit hex values with leading zero",""
"","796","should handle missing image gracefully by showing alt text","bs-safari-ventura","2026-09-05","passed","2026-09-05","Network Mocking & Interception","","",""
"","2757","should maintain accessibility in en language and verify resilient locators","bs-firefox-win11","2026-09-05","passed","2026-09-05","i18n Accessibility Tests","","",""
"","2755","should maintain accessibility after state change (color update)","Chrome","2026-09-05","passed","2026-09-05","Accessibility Tests","tests/a11y.spec.ts","",""
"","29","Frontend Unit Tests App Component text color on dark background is white","","2026-09-05","passed","2026-09-05","","Frontend Unit Tests","Frontend Unit Tests App Component text color on dark background is white",""
"","440","should handle missing image gracefully by showing alt text","bs-pixel-7","2026-09-05","passed","2026-09-05","Network Mocking & Interception","","",""
"","5248","shows 409 duplicate error from server inside the picker","bs-safari-ventura","2026-09-05","passed","2026-09-05","Color Management — Add & Delete","","",""
"","207","NoSQL injection object in name is rejected (400)","bs-firefox-win11","2026-09-05","passed","2026-09-05","Security > Injection Prevention","","",""
"","1037","should load the application and verify core functionality across browsers","bs-chrome-win11","2026-09-05","passed","2026-09-05","Cross-Browser Core Functionality","","",""
"","109","should reject updating with empty name","bs-iphone-15","2026-09-05","passed","2026-09-05","Backend API Integration > PUT /api/colors/:name Schema Validation","","",""
"","724","check Turquoise ( #1abc9c) is the default background color.","bs-pixel-7","2026-09-05","passed","2026-09-05","","","",""
"","0","Utility Functions readableOn returns #fff for a very dark blue","","2026-09-05","passed","2026-09-05","","Utility Functions","Utility Functions readableOn returns #fff for a very dark blue",""
"","312","GET /api/colors/Turquoise should return the correct hex code","bs-iphone-15","2026-09-05","passed","2026-09-05","Backend API Integration","","",""
"","3","Server Unit Tests DELETE /api/colors/:name returns 400 for invalid name in path (regex check)","","2026-09-05","passed","2026-09-05","","Server Unit Tests","Server Unit Tests DELETE /api/colors/:name returns 400 for invalid name in path (regex check)",""
"","699","handle initial fetch error","bs-chrome-win11","2026-09-05","passed","2026-09-05","Edge cases and error handling","","",""
"","1270","handle initial fetch error","bs-iphone-15","2026-09-05","passed","2026-09-05","Edge cases and error handling","","",""
"","1046","should load the application and verify core functionality across browsers","bs-pixel-7","2026-09-05","passed","2026-09-05","Cross-Browser Core Functionality","","",""
"","9","Server Integration Tests (Testcontainers) GET /api/colors/:name should return 404 for a non-existent color","","2026-09-05","passed","2026-09-05","","Server Integration Tests (Testcontainers)","Server Integration Tests (Testcontainers) GET /api/colors/:name should return 404 for a non-existent color",""
"","1554","changing color to Red should reflect in UI and DOM","bs-safari-ventura","2026-09-05","passed","2026-09-05","Data-Driven Testing","","",""
"","106","NoSQL injection object in name is rejected (400)","bs-chrome-win11","2026-09-05","passed","2026-09-05","Security > Injection Prevention","","",""
"","20","Server Integration Tests (Testcontainers) POST /api/colors should create a new color and persist it in the real database","","2026-09-05","passed","2026-09-05","","Server Integration Tests (Testcontainers)","Server Integration Tests (Testcontainers) POST /api/colors should create a new color and persist it in the real database",""
"","2396","should create color via API and verify through UI","bs-firefox-win11","2026-09-05","passed","2026-09-05","Hybrid E2E Testing","","",""
"","1401","shows client-side validation error for invalid name chars","bs-firefox-win11","2026-09-05","passed","2026-09-05","Color Management — Add & Delete","","",""
"","6","Server Unit Tests Surviving Mutants & Edge Cases Allowed Methods kills mutants in allowedMethods object","","2026-09-05","passed","2026-09-05","","Server Unit Tests","Server Unit Tests Surviving Mutants & Edge Cases Allowed Methods kills mutants in allowedMethods object",""
"","194","Component Tests ColorPicker renders the modal with title, hex preview, name and hex inputs","","2026-09-05","passed","2026-09-05","","Utility Functions","Component Tests ColorPicker renders the modal with title, hex preview, name and hex inputs",""
"","715","should return 409 for duplicate color creation","bs-safari-ventura","2026-09-05","passed","2026-09-05","Backend API Integration > POST /api/colors Schema Validation","","",""
"","6","Server Integration Tests (Testcontainers) PUT /api/colors/:name should return 404 when updating a non-existent color","","2026-09-05","passed","2026-09-05","","Server Integration Tests (Testcontainers)","Server Integration Tests (Testcontainers) PUT /api/colors/:name should return 404 when updating a non-existent color",""
"","1954","verify Yellow ( #f1c40f ) is applied as the background color","bs-iphone-15","2026-09-05","passed","2026-09-05","Background color tests","","",""
"","23","Server Integration Tests (Testcontainers) End-to-end CRUD workflow should create, read, update, and delete a color in sequence","","2026-09-05","passed","2026-09-05","","Server Integration Tests (Testcontainers)","Server Integration Tests (Testcontainers) End-to-end CRUD workflow should create, read, update, and delete a color in sequence",""
"","2051","should return 409 for duplicate color creation","bs-chrome-win11","2026-09-05","passed","2026-09-05","Backend API Integration > POST /api/colors Schema Validation","","",""
"","17","oversized payload is rejected (413)","Chrome","2026-09-05","passed","2026-09-05","Security > Input Validation","tests/security.spec.ts","",""
"","10","Server Integration Tests (Testcontainers) seedDatabase should be idempotent — calling twice always yields exactly 3 colors","","2026-09-05","passed","2026-09-05","","Server Integration Tests (Testcontainers)","Server Integration Tests (Testcontainers) seedDatabase should be idempotent — calling twice always yields exactly 3 colors",""
"","1062","first color chip is active on load (aria-pressed=true)","bs-iphone-15","2026-09-05","passed","2026-09-05","Color Management — Add & Delete","","",""
"","10","Component Tests ColorPicker pressing Escape calls onCancel","","2026-09-05","passed","2026-09-05","","Utility Functions","Component Tests ColorPicker pressing Escape calls onCancel",""
"","10","Server Integration Tests (Testcontainers) GET /api/colors/:name should return correct data for Turquoise","","2026-09-05","passed","2026-09-05","","Server Integration Tests (Testcontainers)","Server Integration Tests (Testcontainers) GET /api/colors/:name should return correct data for Turquoise",""
"","203","X-Powered-By header is not exposed","bs-safari-ventura","2026-09-05","passed","2026-09-05","Security > Security Headers","","",""
"","0","Utility Functions rgbToHex output is lowercase","","2026-09-05","passed","2026-09-05","","Utility Functions","Utility Functions rgbToHex output is lowercase",""
"","486","should handle missing image gracefully by showing alt text","bs-chrome-win11","2026-09-05","passed","2026-09-05","Network Mocking & Interception","","",""
"","928","verify language switcher changes document language","bs-firefox-win11","2026-09-05","passed","2026-09-05","","","",""
"","132","PUT /openapi.json returns 405","bs-safari-ventura","2026-09-05","passed","2026-09-05","Security > HTTP Method Restrictions","","",""
"","654","Background stays unchanged when fetching a specific color fails","BDD","2026-09-05","passed","2026-09-05","API Error Handling","","",""
"","116","SQL injection characters in name are rejected (400)","bs-chrome-win11","2026-09-05","passed","2026-09-05","Security > Injection Prevention","","",""
"","1564","changing color to Yellow should reflect in UI and DOM","bs-firefox-win11","2026-09-05","passed","2026-09-05","Data-Driven Testing","","",""
"","284","GET /api/colors should return all colors","bs-chrome-win11","2026-09-05","passed","2026-09-05","Backend API Integration","","",""
"","1552","check Turquoise ( #1abc9c) is the default background color.","bs-iphone-15","2026-09-05","passed","2026-09-05","","","",""
"","1528","handle color selection fetch error","bs-iphone-15","2026-09-05","passed","2026-09-05","Edge cases and error handling","","",""
"","4823","should maintain accessibility in en language and verify resilient locators","bs-iphone-15","2026-09-05","passed","2026-09-05","i18n Accessibility Tests","","",""
"","2","Frontend Unit Tests i18n Configuration should handle language change correctly","","2026-09-05","passed","2026-09-05","","Frontend Unit Tests","Frontend Unit Tests i18n Configuration should handle language change correctly",""
"","111","should reject empty name","bs-firefox-win11","2026-09-05","passed","2026-09-05","Backend API Integration > POST /api/colors Schema Validation","","",""
"","5","Server Unit Tests POST /api/colors returns 400 when name is missing","","2026-09-05","passed","2026-09-05","","Server Unit Tests","Server Unit Tests POST /api/colors returns 400 when name is missing",""
"","657","should gracefully handle a color not found in the database","bs-chrome-win11","2026-09-05","passed","2026-09-05","Network Mocking & Interception","","",""
"","33","Component Tests ColorPicker mousedown at right-center (hue=0) sets hex to #ff0000","","2026-09-05","passed","2026-09-05","","Utility Functions","Component Tests ColorPicker mousedown at right-center (hue=0) sets hex to #ff0000",""
"","7","Server Integration Tests (Testcontainers) POST /api/colors should return 400 when extra fields are provided","","2026-09-05","passed","2026-09-05","","Server Integration Tests (Testcontainers)","Server Integration Tests (Testcontainers) POST /api/colors should return 400 when extra fields are provided",""
"","521","should delete an existing color","bs-iphone-15","2026-09-05","passed","2026-09-05","Backend API Integration > DELETE /api/colors/:name","","",""
"","3","Server Unit Tests PUT /api/colors/:name returns 400 when no fields are provided (empty body)","","2026-09-05","passed","2026-09-05","","Server Unit Tests","Server Unit Tests PUT /api/colors/:name returns 400 when no fields are provided (empty body)",""
"","7","Server Integration Tests (Testcontainers) POST /api/colors should return 400 when hex is missing","","2026-09-05","passed","2026-09-05","","Server Integration Tests (Testcontainers)","Server Integration Tests (Testcontainers) POST /api/colors should return 400 when hex is missing",""
"","58","Frontend Unit Tests App Component add color 400 without data.error falls back to generic message","","2026-09-05","passed","2026-09-05","","Frontend Unit Tests","Frontend Unit Tests App Component add color 400 without data.error falls back to generic message",""
"","1207","successful delete removes the chip","Chrome","2026-09-05","passed","2026-09-05","Color Management — Add & Delete","tests/color-management.spec.ts","",""
"","204","should return 404 for non-existent color deletion","bs-pixel-7","2026-09-05","passed","2026-09-05","Backend API Integration > DELETE /api/colors/:name","","",""
"","1","Utility Functions hexToRgb parses hex without the leading #","","2026-09-05","passed","2026-09-05","","Utility Functions","Utility Functions hexToRgb parses hex without the leading #",""
"","1","homepage initial state","Chrome","2026-09-05","skipped","2026-09-05","Percy Visual Regression – Production > Percy – desktop (1280×720)","","",""
"","1033","clicking ""+ Add color"" opens the picker modal","bs-firefox-win11","2026-09-05","passed","2026-09-05","Color Management — Add & Delete","","",""
"","4","Server Unit Tests POST /api/colors returns 400 for name with special characters","","2026-09-05","passed","2026-09-05","","Server Unit Tests","Server Unit Tests POST /api/colors returns 400 for name with special characters",""
"","3","Server Unit Tests POST /api/reseed returns 401 when Authorization header is missing","","2026-09-05","passed","2026-09-05","","Server Unit Tests","Server Unit Tests POST /api/reseed returns 401 when Authorization header is missing",""
"","18","GET /api/colors/Red should return the correct hex code","Chrome","2026-09-05","passed","2026-09-05","Backend API Integration","tests/api.spec.ts","",""
"","7","Server Unit Tests GET /api/colors/:name returns a single color by name with correct fields","","2026-09-05","passed","2026-09-05","","Server Unit Tests","Server Unit Tests GET /api/colors/:name returns a single color by name with correct fields",""
"","1329","handle color response missing hex property","bs-iphone-15","2026-09-05","passed","2026-09-05","Edge cases and error handling","","",""
"","720","should handle fetch colors network failure gracefully","bs-firefox-win11","2026-09-05","passed","2026-09-05","UI Error Handling Coverage","","",""
"","1916","color names rendered in the UI do not trigger script execution","bs-safari-ventura","2026-09-05","passed","2026-09-05","Security > XSS Prevention","","",""
"","103","SQL injection characters in name are rejected (400)","bs-iphone-15","2026-09-05","passed","2026-09-05","Security > Injection Prevention","","",""
"","4","Server Unit Tests PUT /api/colors/:name returns 400 for invalid name in path (regex check)","","2026-09-05","passed","2026-09-05","","Server Unit Tests","Server Unit Tests PUT /api/colors/:name returns 400 for invalid name in path (regex check)",""
"","1489","should meet the accessibility threshold using Google Lighthouse","bs-iphone-15","2026-09-05","skipped","2026-09-05","Accessibility Tests","","",""
"","121","PATCH /api/colors returns 405","bs-chrome-win11","2026-09-05","passed","2026-09-05","Security > HTTP Method Restrictions","","",""
"","4","Server Unit Tests PUT /api/colors/:name returns 404 for a non-existent color","","2026-09-05","passed","2026-09-05","","Server Unit Tests","Server Unit Tests PUT /api/colors/:name returns 404 for a non-existent color",""
"","12","Server Unit Tests PUT /api/colors/:name updates the hex of an existing color","","2026-09-05","passed","2026-09-05","","Server Unit Tests","Server Unit Tests PUT /api/colors/:name updates the hex of an existing color",""
"","8","Server Unit Tests 405 Method Not Allowed returns 405 for POST, PUT, DELETE on /openapi.json","","2026-09-05","passed","2026-09-05","","Server Unit Tests","Server Unit Tests 405 Method Not Allowed returns 405 for POST, PUT, DELETE on /openapi.json",""
"","32","POST with script tag in name is rejected (400)","Chrome","2026-09-05","passed","2026-09-05","Security > XSS Prevention","tests/security.spec.ts","",""
"","629","should gracefully handle a color not found in the database","bs-pixel-7","2026-09-05","passed","2026-09-05","Network Mocking & Interception","","",""
"","109","should reject invalid hex format","bs-safari-ventura","2026-09-05","passed","2026-09-05","Backend API Integration > POST /api/colors Schema Validation","","",""
"","20","should return 404 for non-existent color deletion","Chrome","2026-09-05","passed","2026-09-05","Backend API Integration > DELETE /api/colors/:name","tests/api.spec.ts","",""
"","66","Frontend Unit Tests App Component useEffect runs only once on mount","","2026-09-05","passed","2026-09-05","","Frontend Unit Tests","Frontend Unit Tests App Component useEffect runs only once on mount",""
"","341","Server Unit Tests Surviving Mutants & Edge Cases Infrastructure uses MONGO_URI from environment if available","","2026-09-05","passed","2026-09-05","","Server Unit Tests","Server Unit Tests Surviving Mutants & Edge Cases Infrastructure uses MONGO_URI from environment if available",""
"","1011","should meet the accessibility threshold using Google Lighthouse","bs-pixel-7","2026-09-05","skipped","2026-09-05","Accessibility Tests","","",""
"","3686","shows 409 duplicate error from server inside the picker","bs-iphone-15","2026-09-05","passed","2026-09-05","Color Management — Add & Delete","","",""
"","1940","deleting the active color switches background to the first remaining","bs-chrome-win11","2026-09-05","passed","2026-09-05","Color Management — Add & Delete","","",""
"","118","POST with script tag in name is rejected (400)","bs-safari-ventura","2026-09-05","passed","2026-09-05","Security > XSS Prevention","","",""
"","1888","clicking ""+ Add color"" opens the picker modal","bs-safari-ventura","2026-09-05","passed","2026-09-05","Color Management — Add & Delete","","",""
"","0","homepage initial state","Chrome","2026-09-05","skipped","2026-09-05","Percy Visual Regression – Production > Percy – mobile (375×667)","","",""
"","9","Server Integration Tests (Testcontainers) POST /api/colors should not expose _id or __v in the creation response","","2026-09-05","passed","2026-09-05","","Server Integration Tests (Testcontainers)","Server Integration Tests (Testcontainers) POST /api/colors should not expose _id or __v in the creation response",""
"","315","oversized payload is rejected (413)","bs-safari-ventura","2026-09-05","passed","2026-09-05","Security > Input Validation","","",""
"","1","Utility Functions paintWheelPixel writes to the correct index offset in the array","","2026-09-05","passed","2026-09-05","","Utility Functions","Utility Functions paintWheelPixel writes to the correct index offset in the array",""
"","78","Frontend Unit Tests App Component picker onCancel does nothing when saving=true","","2026-09-05","passed","2026-09-05","","Frontend Unit Tests","Frontend Unit Tests App Component picker onCancel does nothing when saving=true",""
"","1744","successfully adds a new color and shows its chip","bs-firefox-win11","2026-09-05","passed","2026-09-05","Color Management — Add & Delete","","",""
"","9","Utility Functions rgbToHex converts arbitrary color","","2026-09-05","passed","2026-09-05","","Utility Functions","Utility Functions rgbToHex converts arbitrary color",""
"","1588","should update a color with valid schema","bs-chrome-win11","2026-09-05","passed","2026-09-05","Backend API Integration > PUT /api/colors/:name Schema Validation","","",""
"","966","shows a chip for each color with a swatch, name, and delete button","bs-iphone-15","2026-09-05","passed","2026-09-05","Color Management — Add & Delete","","",""
"","726","should handle color click network failure gracefully","Chrome","2026-09-05","passed","2026-09-05","UI Error Handling Coverage","tests/error-handling.spec.ts","",""
"","24","Server Unit Tests POST /api/colors creates a new color and returns 201 with correct body","","2026-09-05","passed","2026-09-05","","Server Unit Tests","Server Unit Tests POST /api/colors creates a new color and returns 201 with correct body",""
"","3050","should create color via API and verify through UI","bs-iphone-15","2026-09-05","passed","2026-09-05","Hybrid E2E Testing","","",""
"","5","Server Unit Tests OpenAPI endpoints serves Swagger UI as HTML","","2026-09-05","passed","2026-09-05","","Server Unit Tests","Server Unit Tests OpenAPI endpoints serves Swagger UI as HTML",""
"","3107","homepage initial state","percy","2026-09-05","passed","2026-09-05","Percy Visual Regression – Production > Percy – desktop-xl (1920×1080)","","",""
"","112","should reject empty name","bs-chrome-win11","2026-09-05","passed","2026-09-05","Backend API Integration > POST /api/colors Schema Validation","","",""
"","2512","should maintain accessibility in es language and verify resilient locators","Chrome","2026-09-05","passed","2026-09-05","i18n Accessibility Tests","tests/a11y.spec.ts","",""
"","13","Component Tests ColorPicker displays serverError prop in an alert banner","","2026-09-05","passed","2026-09-05","","Utility Functions","Component Tests ColorPicker displays serverError prop in an alert banner",""
"","5","Server Unit Tests POST /api/colors returns 409 for a duplicate color name with descriptive error","","2026-09-05","passed","2026-09-05","","Server Unit Tests","Server Unit Tests POST /api/colors returns 409 for a duplicate color name with descriptive error",""
"","1154","handle initial fetch with empty data","bs-firefox-win11","2026-09-05","passed","2026-09-05","Edge cases and error handling","","",""
"","115","POST with script tag in name is rejected (400)","bs-firefox-win11","2026-09-05","passed","2026-09-05","Security > XSS Prevention","","",""
"","76","Frontend Unit Tests App Component add color success closes picker and shows new chip","","2026-09-05","passed","2026-09-05","","Frontend Unit Tests","Frontend Unit Tests App Component add color success closes picker and shows new chip",""
"","3","Frontend Unit Tests i18n Configuration should translate keys correctly","","2026-09-05","passed","2026-09-05","","Frontend Unit Tests","Frontend Unit Tests i18n Configuration should translate keys correctly",""
"","815","handle color selection fetch error","bs-pixel-7","2026-09-05","passed","2026-09-05","Edge cases and error handling","","",""
"","1","Utility Functions rgbToHsl dark red (#800000): l<0.5, s=1 (l<=0.5 saturation branch)","","2026-09-05","passed","2026-09-05","","Utility Functions","Utility Functions rgbToHsl dark red (#800000): l<0.5, s=1 (l<=0.5 saturation branch)",""
"","848","homepage should match snapshot","Chrome","2026-09-05","passed","2026-09-05","Visual Regression – iphone-se (375×667)","","",""
"","7","X-Powered-By header is not exposed","Chrome","2026-09-05","passed","2026-09-05","Security > Security Headers","tests/security.spec.ts","",""
"","517","should create a new color with valid schema","bs-pixel-7","2026-09-05","passed","2026-09-05","Backend API Integration > POST /api/colors Schema Validation","","",""
"","1259","verify Turquoise ( #1abc9c ) is applied as the background color","bs-pixel-7","2026-09-05","passed","2026-09-05","Background color tests","","",""
"","206","should return 404 for non-existent color deletion","bs-chrome-win11","2026-09-05","passed","2026-09-05","Backend API Integration > DELETE /api/colors/:name","","",""
"","3","Server Unit Tests POST /api/colors returns 400 for extra unknown fields (strict schema)","","2026-09-05","passed","2026-09-05","","Server Unit Tests","Server Unit Tests POST /api/colors returns 400 for extra unknown fields (strict schema)",""
"","111","NoSQL $where operator in name is rejected (400)","bs-chrome-win11","2026-09-05","passed","2026-09-05","Security > Injection Prevention","","",""
"","0","Utility Functions rgbToHsl g max with b>r (#00ff80) → h near 150","","2026-09-05","passed","2026-09-05","","Utility Functions","Utility Functions rgbToHsl g max with b>r (#00ff80) → h near 150",""
"","4","Server Unit Tests PUT /api/colors/:name returns 400 for invalid name with special characters","","2026-09-05","passed","2026-09-05","","Server Unit Tests","Server Unit Tests PUT /api/colors/:name returns 400 for invalid name with special characters",""
"","0","Utility Functions readableOn returns #111 for an invalid/empty hex string (null rgb fallback)","","2026-09-05","passed","2026-09-05","","Utility Functions","Utility Functions readableOn returns #111 for an invalid/empty hex string (null rgb fallback)",""
"","1380","homepage should match snapshot","Chrome","2026-09-05","passed","2026-09-05","Visual Regression – desktop (1280×720)","","",""
"","12","GET /api/colors","","","passed","","","schemathesis","",""
"","116","should reject missing name","bs-iphone-15","2026-09-05","passed","2026-09-05","Backend API Integration > POST /api/colors Schema Validation","","",""
"","112","NoSQL $where operator in name is rejected (400)","bs-iphone-15","2026-09-05","passed","2026-09-05","Security > Injection Prevention","","",""
"","0","homepage after color change","Chrome","2026-09-05","skipped","2026-09-05","Percy Visual Regression – Production > Percy – tablet (768×1024)","","",""
"","1","Utility Functions hslToRgb hue=59 stays in sector 0","","2026-09-05","passed","2026-09-05","","Utility Functions","Utility Functions hslToRgb hue=59 stays in sector 0",""
"","2845","cancel in confirm dialog closes it without deleting","bs-iphone-15","2026-09-05","passed","2026-09-05","Color Management — Add & Delete","","",""
"","602","Escape key closes the confirm dialog","Chrome","2026-09-05","passed","2026-09-05","Color Management — Add & Delete","tests/color-management.spec.ts","",""
"","41","Frontend Unit Tests App Component clicking chip-x opens confirm dialog with color name and swatch","","2026-09-05","passed","2026-09-05","","Frontend Unit Tests","Frontend Unit Tests App Component clicking chip-x opens confirm dialog with color name and swatch",""
"","1814","color names rendered in the UI do not trigger script execution","bs-iphone-15","2026-09-05","passed","2026-09-05","Security > XSS Prevention","","",""
"","15","Server Integration Tests (Testcontainers) GET /api/colors/:name should be case-sensitive (lowercase name returns 404)","","2026-09-05","passed","2026-09-05","","Server Integration Tests (Testcontainers)","Server Integration Tests (Testcontainers) GET /api/colors/:name should be case-sensitive (lowercase name returns 404)",""
"","651","handle initial fetch with empty data","bs-pixel-7","2026-09-05","passed","2026-09-05","Edge cases and error handling","","",""
"","1152","verify Red ( #e74c3c ) is applied as the background color","bs-firefox-win11","2026-09-05","passed","2026-09-05","POM Refactored: Background color tests","","",""
"","128","should reject missing hex","bs-chrome-win11","2026-09-05","passed","2026-09-05","Backend API Integration > POST /api/colors Schema Validation","","",""
"","315","Server Unit Tests Surviving Mutants & Edge Cases Port Fallback reflects process.env.PORT in Swagger servers","","2026-09-05","passed","2026-09-05","","Server Unit Tests","Server Unit Tests Surviving Mutants & Edge Cases Port Fallback reflects process.env.PORT in Swagger servers",""
"","338","GET /api/colors/Turquoise should return the correct hex code","bs-chrome-win11","2026-09-05","passed","2026-09-05","Backend API Integration","","",""
"","1095","should meet the accessibility threshold using Google Lighthouse","bs-chrome-win11","2026-09-05","skipped","2026-09-05","Accessibility Tests","","",""
"Performance Test: UI Performance Test
File: ui-performance.spec.ts
Total Iterations: 0
Max VUs: 1

HTTP Request Duration:
- Avg: 3.33ms
- P(95): 3.33ms
- Max: 3.33ms

Full metrics attached in the results.","0","UI Performance Test","Performance","2026-09-05","passed","2026-09-05","ui-performance.spec.ts","UI Performance Test","",""
"","28","Component Tests ColorPicker mousemove while dragging updates hex (dragging.current=true kills mutation)","","2026-09-05","passed","2026-09-05","","Utility Functions","Component Tests ColorPicker mousemove while dragging updates hex (dragging.current=true kills mutation)",""
"","12","Server Integration Tests (Testcontainers) PUT /api/colors/:name should update the hex of an existing color and persist it in the real database","","2026-09-05","passed","2026-09-05","","Server Integration Tests (Testcontainers)","Server Integration Tests (Testcontainers) PUT /api/colors/:name should update the hex of an existing color and persist it in the real database",""
"","949","first color chip is active on load (aria-pressed=true)","bs-firefox-win11","2026-09-05","passed","2026-09-05","Color Management — Add & Delete","","",""
"","0","Utility Functions hslToRgb lightness clamped: l=1.5 gives white","","2026-09-05","passed","2026-09-05","","Utility Functions","Utility Functions hslToRgb lightness clamped: l=1.5 gives white",""
"","1342","changing color to Yellow should reflect in UI and DOM","bs-chrome-win11","2026-09-05","passed","2026-09-05","Data-Driven Testing","","",""
"","216","GET /api/colors should return colors sorted alphabetically by name","bs-firefox-win11","2026-09-05","passed","2026-09-05","Backend API Integration","","",""
"","117","POST /api-docs returns 405","bs-firefox-win11","2026-09-05","passed","2026-09-05","Security > HTTP Method Restrictions","","",""
"","1","Utility Functions hslToRgb lightness=0 gives black","","2026-09-05","passed","2026-09-05","","Utility Functions","Utility Functions hslToRgb lightness=0 gives black",""
"","6","Component Tests ConfirmDialog backdrop click does NOT call onCancel when busy","","2026-09-05","passed","2026-09-05","","Component Tests","Component Tests ConfirmDialog backdrop click does NOT call onCancel when busy",""
"","113","unknown extra fields in POST body are rejected (400)","bs-iphone-15","2026-09-05","passed","2026-09-05","Security > Input Validation","","",""
"","698","verify language switcher changes document language","Chrome","2026-09-05","passed","2026-09-05","","tests/coverage.spec.ts","",""
"","0","Utility Functions rgbToHsl mid-grey [128,128,128] → s=0","","2026-09-05","passed","2026-09-05","","Utility Functions","Utility Functions rgbToHsl mid-grey [128,128,128] → s=0",""
"","12","Server Integration Tests (Testcontainers) seedDatabase should always restore the three default seed colors","","2026-09-05","passed","2026-09-05","","Server Integration Tests (Testcontainers)","Server Integration Tests (Testcontainers) seedDatabase should always restore the three default seed colors",""
"","1541","verify Turquoise ( #1abc9c ) is applied as the background color","bs-firefox-win11","2026-09-05","passed","2026-09-05","POM Refactored: Background color tests","","",""
"","1513","verify Red ( #e74c3c ) is applied as the background color","bs-safari-ventura","2026-09-05","passed","2026-09-05","Background color tests","","",""
"","6088","homepage initial state","percy","2026-09-05","passed","2026-09-05","Percy Visual Regression – Production > Percy – desktop (1280×720)","","",""
"","1","Utility Functions hslToRgb hue=150 (spring green) → [0,255,128]","","2026-09-05","passed","2026-09-05","","Utility Functions","Utility Functions hslToRgb hue=150 (spring green) → [0,255,128]",""
"","1166","first color chip is active on load (aria-pressed=true)","bs-safari-ventura","2026-09-05","passed","2026-09-05","Color Management — Add & Delete","","",""
"","657","Escape key closes the confirm dialog","bs-pixel-7","2026-09-05","passed","2026-09-05","Color Management — Add & Delete","","",""
"","7","SQL injection characters in name are rejected (400)","Chrome","2026-09-05","passed","2026-09-05","Security > Injection Prevention","tests/security.spec.ts","",""
"","0","Utility Functions readableOn returns #111 for light-grey (L≈0.60, above 0.179 threshold)","","2026-09-05","passed","2026-09-05","","Utility Functions","Utility Functions readableOn returns #111 for light-grey (L≈0.60, above 0.179 threshold)",""
"","92","POST with HTML tag in name is rejected (400)","Chrome","2026-09-05","passed","2026-09-05","Security > XSS Prevention","tests/security.spec.ts","",""
"","1608","verify Yellow ( #f1c40f ) is applied as the background color","bs-firefox-win11","2026-09-05","passed","2026-09-05","POM Refactored: Background color tests","","",""
"","507","should create a new color with valid schema","bs-iphone-15","2026-09-05","passed","2026-09-05","Backend API Integration > POST /api/colors Schema Validation","","",""
"","1843","verify Yellow ( #f1c40f ) is applied as the background color","bs-iphone-15","2026-09-05","passed","2026-09-05","POM Refactored: Background color tests","","",""
"","1464","should meet the accessibility threshold using Google Lighthouse","bs-safari-ventura","2026-09-05","skipped","2026-09-05","Accessibility Tests","","",""
"","196","should return 404 when updating non-existent color","bs-pixel-7","2026-09-05","passed","2026-09-05","Backend API Integration > PUT /api/colors/:name Schema Validation","","",""
"","12","Component Tests ColorPicker wheel cursor is at (110,110) at center (sat=0)","","2026-09-05","passed","2026-09-05","","Utility Functions","Component Tests ColorPicker wheel cursor is at (110,110) at center (sat=0)",""
"","0","Utility Functions rgbToHsl b max (#0040ff) → h in (180,300)","","2026-09-05","passed","2026-09-05","","Utility Functions","Utility Functions rgbToHsl b max (#0040ff) → h in (180,300)",""
"","1089","successful delete removes the chip","bs-chrome-win11","2026-09-05","passed","2026-09-05","Color Management — Add & Delete","","",""
"","512","should delete an existing color","bs-chrome-win11","2026-09-05","passed","2026-09-05","Backend API Integration > DELETE /api/colors/:name","","",""
"","1228","changing color to Turquoise should reflect in UI and DOM","bs-pixel-7","2026-09-05","passed","2026-09-05","Data-Driven Testing","","",""
"","136","should reject missing name","bs-chrome-win11","2026-09-05","passed","2026-09-05","Backend API Integration > POST /api/colors Schema Validation","","",""
"","2220","should load the application and verify core functionality across browsers","Firefox","2026-09-05","passed","2026-09-05","Cross-Browser Core Functionality","","",""
"","0","Utility Functions readableOn returns #fff for black (very dark, L≈0)","","2026-09-05","passed","2026-09-05","","Utility Functions","Utility Functions readableOn returns #fff for black (very dark, L≈0)",""
"","6","Server Integration Tests (Testcontainers) PUT /api/colors/:name should return 400 for invalid hex format on update","","2026-09-05","passed","2026-09-05","","Server Integration Tests (Testcontainers)","Server Integration Tests (Testcontainers) PUT /api/colors/:name should return 400 for invalid hex format on update",""
"","1389","handle initial fetch with empty data","bs-safari-ventura","2026-09-05","passed","2026-09-05","Edge cases and error handling","","",""
"","1321","verify Red ( #e74c3c ) is applied as the background color","Chrome","2026-09-05","passed","2026-09-05","Background color tests","tests/coverage.spec.ts","",""
"","644","handle initial fetch error","bs-pixel-7","2026-09-05","passed","2026-09-05","Edge cases and error handling","","",""
"","2103","changing color to Turquoise should reflect in UI and DOM","bs-safari-ventura","2026-09-05","passed","2026-09-05","Data-Driven Testing","","",""
"","1899","should handle color click network failure gracefully","bs-iphone-15","2026-09-05","passed","2026-09-05","UI Error Handling Coverage","","",""
"","953","verify Yellow ( #f1c40f ) is applied as the background color","Chrome","2026-09-05","passed","2026-09-05","Background color tests","tests/coverage.spec.ts","",""
"","5335","shows server-error message on 500 inside the picker","bs-safari-ventura","2026-09-05","passed","2026-09-05","Color Management — Add & Delete","","",""
"","1466","verify Red ( #e74c3c ) is applied as the background color","bs-safari-ventura","2026-09-05","passed","2026-09-05","POM Refactored: Background color tests","","",""
"","36","GET /api/colors/Turquoise should return the correct hex code","Chrome","2026-09-05","passed","2026-09-05","Backend API Integration","tests/api.spec.ts","",""
"","4","Server Unit Tests Error Handling GET /api/colors returns 500 when database fails","","2026-09-05","passed","2026-09-05","","Server Unit Tests","Server Unit Tests Error Handling GET /api/colors returns 500 when database fails",""
"","13","Component Tests ConfirmDialog swatch div has the correct background color","","2026-09-05","passed","2026-09-05","","Component Tests","Component Tests ConfirmDialog swatch div has the correct background color",""
"","1110","should show loading state when API returns empty colors","bs-safari-ventura","2026-09-05","passed","2026-09-05","UI Error Handling Coverage","","",""
"","834","verify Red ( #e74c3c ) is applied as the background color","Chrome","2026-09-05","passed","2026-09-05","POM Refactored: Background color tests","tests/pom-refactored.spec.ts","",""
"","12","Server Unit Tests Surviving Mutants & Edge Cases Strict Path & Method Validation kills mutants that change route paths to empty string","","2026-09-05","passed","2026-09-05","","Server Unit Tests","Server Unit Tests Surviving Mutants & Edge Cases Strict Path & Method Validation kills mutants that change route paths to empty string",""
"","3490","shows client-side ""Name is required"" when submitting empty name","bs-safari-ventura","2026-09-05","passed","2026-09-05","Color Management — Add & Delete","","",""
"","123","POST with javascript: URI in name is rejected (400)","bs-iphone-15","2026-09-05","passed","2026-09-05","Security > XSS Prevention","","",""
"","1626","deleting the active color switches background to the first remaining","bs-firefox-win11","2026-09-05","passed","2026-09-05","Color Management — Add & Delete","","",""
"","0","Utility Functions rgbToHex converts pure green","","2026-09-05","passed","2026-09-05","","Utility Functions","Utility Functions rgbToHex converts pure green",""
"","244","GET /api/colors should return all colors","bs-safari-ventura","2026-09-05","passed","2026-09-05","Backend API Integration","","",""
"","1","Utility Functions paintWheelPixel sets alpha to 0 when dist > r (outside circle)","","2026-09-05","passed","2026-09-05","","Utility Functions","Utility Functions paintWheelPixel sets alpha to 0 when dist > r (outside circle)",""
"","18","Component Tests ConfirmDialog confirmLabel prop is reflected in the button text","","2026-09-05","passed","2026-09-05","","Component Tests","Component Tests ConfirmDialog confirmLabel prop is reflected in the button text",""
"","0","Utility Functions hslToRgb hue=300 (magenta) → [255,0,255]","","2026-09-05","passed","2026-09-05","","Utility Functions","Utility Functions hslToRgb hue=300 (magenta) → [255,0,255]",""
"","5","Server Unit Tests 405 Method Not Allowed does not return 405 for allowed PUT method on /api/colors/:name","","2026-09-05","passed","2026-09-05","","Server Unit Tests","Server Unit Tests 405 Method Not Allowed does not return 405 for allowed PUT method on /api/colors/:name",""
"","379","homepage should match snapshot","percy","2026-09-05","skipped","2026-09-05","Visual Regression – desktop (1280×720)","","",""
"","137","POST with javascript: URI in name is rejected (400)","bs-safari-ventura","2026-09-05","passed","2026-09-05","Security > XSS Prevention","","",""
"","2054","verify Yellow ( #f1c40f ) is applied as the background color","bs-safari-ventura","2026-09-05","passed","2026-09-05","POM Refactored: Background color tests","","",""
"","10","Component Tests ColorPicker editing name input calls onClearError to clear server error","","2026-09-05","passed","2026-09-05","","Utility Functions","Component Tests ColorPicker editing name input calls onClearError to clear server error",""
"","25","Component Tests ColorPicker touch start on canvas sets hex to #ff0000 at right edge","","2026-09-05","passed","2026-09-05","","Utility Functions","Component Tests ColorPicker touch start on canvas sets hex to #ff0000 at right edge",""
"","1926","verify Turquoise ( #1abc9c ) is applied as the background color","bs-safari-ventura","2026-09-05","passed","2026-09-05","POM Refactored: Background color tests","","",""
"","263","GET /api/colors/:name should return 404 for non-existent color","bs-pixel-7","2026-09-05","passed","2026-09-05","Backend API Integration","","",""
"","14","Component Tests ColorPicker typing blue hex updates internal state (b is max branch)","","2026-09-05","passed","2026-09-05","","Utility Functions","Component Tests ColorPicker typing blue hex updates internal state (b is max branch)",""
"","1326","verify Turquoise ( #1abc9c ) is applied as the background color","bs-chrome-win11","2026-09-05","passed","2026-09-05","Background color tests","","",""
"","3337","should not have any automatically detectable accessibility issues","bs-firefox-win11","2026-09-05","passed","2026-09-05","Accessibility Tests","","",""
"","24","should return 409 for duplicate color creation","Chrome","2026-09-05","passed","2026-09-05","Backend API Integration > POST /api/colors Schema Validation","tests/api.spec.ts","",""
"","1719","clicking ""+ Add color"" opens the picker modal","bs-iphone-15","2026-09-05","passed","2026-09-05","Color Management — Add & Delete","","",""
"","111","PUT /openapi.json returns 405","bs-chrome-win11","2026-09-05","passed","2026-09-05","Security > HTTP Method Restrictions","","",""
"","523","POST /api/reseed","","","passed","","","schemathesis","",""
"","7","POST /api-docs returns 405","Chrome","2026-09-05","passed","2026-09-05","Security > HTTP Method Restrictions","tests/security.spec.ts","",""
"","11","NoSQL operator in GET path param is rejected (400 or 404)","Chrome","2026-09-05","passed","2026-09-05","Security > Injection Prevention","tests/security.spec.ts","",""
"","870","should handle color click network failure gracefully","bs-chrome-win11","2026-09-05","passed","2026-09-05","UI Error Handling Coverage","","",""
"","357","GET /api/colors should return all colors","bs-firefox-win11","2026-09-05","passed","2026-09-05","Backend API Integration","","",""
"","32","Frontend Unit Tests App Component link color is dark (#003366) on light background","","2026-09-05","passed","2026-09-05","","Frontend Unit Tests","Frontend Unit Tests App Component link color is dark (#003366) on light background",""
"","60","Frontend Unit Tests App Component delete network error shows error alert","","2026-09-05","passed","2026-09-05","","Frontend Unit Tests","Frontend Unit Tests App Component delete network error shows error alert",""
"","30","Component Tests ColorPicker mousedown at bottom-center (hue=90) sets hex to #80ff00","","2026-09-05","passed","2026-09-05","","Utility Functions","Component Tests ColorPicker mousedown at bottom-center (hue=90) sets hex to #80ff00",""
"","114","empty body on POST returns 400","bs-chrome-win11","2026-09-05","passed","2026-09-05","Security > Input Validation","","",""
"","0","homepage initial state","Chrome","2026-09-05","skipped","2026-09-05","Percy Visual Regression – Production > Percy – desktop-xl (1920×1080)","","",""
"","216","GET /api/colors should return colors sorted alphabetically by name","bs-iphone-15","2026-09-05","passed","2026-09-05","Backend API Integration","","",""
"","0","Utility Functions hslToRgb saturation=0 gives pure grey [128,128,128]","","2026-09-05","passed","2026-09-05","","Utility Functions","Utility Functions hslToRgb saturation=0 gives pure grey [128,128,128]",""
"","665","should show loading state when API returns empty colors","bs-chrome-win11","2026-09-05","passed","2026-09-05","UI Error Handling Coverage","","",""
"","26","Component Tests ColorPicker valid submit calls onConfirm with trimmed name and current hex","","2026-09-05","passed","2026-09-05","","Utility Functions","Component Tests ColorPicker valid submit calls onConfirm with trimmed name and current hex",""
"","166","POST with HTML tag in name is rejected (400)","bs-safari-ventura","2026-09-05","passed","2026-09-05","Security > XSS Prevention","","",""
"","1428","color names rendered in the UI do not trigger script execution","bs-chrome-win11","2026-09-05","passed","2026-09-05","Security > XSS Prevention","","",""
"","123","PUT /openapi.json returns 405","bs-pixel-7","2026-09-05","passed","2026-09-05","Security > HTTP Method Restrictions","","",""
"","121","POST with HTML tag in name is rejected (400)","bs-chrome-win11","2026-09-05","passed","2026-09-05","Security > XSS Prevention","","",""
"","47","Frontend Unit Tests App Component first loaded color is active (aria-pressed=true)","","2026-09-05","passed","2026-09-05","","Frontend Unit Tests","Frontend Unit Tests App Component first loaded color is active (aria-pressed=true)",""
"","579","should handle fetch colors network failure gracefully","Chrome","2026-09-05","passed","2026-09-05","UI Error Handling Coverage","tests/error-handling.spec.ts","",""
"","1207","verify Turquoise ( #1abc9c ) is applied as the background color","bs-pixel-7","2026-09-05","passed","2026-09-05","POM Refactored: Background color tests","","",""
"","18","Server Unit Tests Surviving Mutants & Edge Cases Regex & Validation STRICT_NAME_REGEX is strict on forbidden special characters in the middle","","2026-09-05","passed","2026-09-05","","Server Unit Tests","Server Unit Tests Surviving Mutants & Edge Cases Regex & Validation STRICT_NAME_REGEX is strict on forbidden special characters in the middle",""
"","9","Server Integration Tests (Testcontainers) POST /api/colors should accept a color name containing spaces","","2026-09-05","passed","2026-09-05","","Server Integration Tests (Testcontainers)","Server Integration Tests (Testcontainers) POST /api/colors should accept a color name containing spaces",""
"","105","error responses return JSON, not HTML (no info leakage)","bs-iphone-15","2026-09-05","passed","2026-09-05","Security > Security Headers","","",""
"","1","Utility Functions hslToRgb high lightness l=0.75 → [255,128,128]","","2026-09-05","passed","2026-09-05","","Utility Functions","Utility Functions hslToRgb high lightness l=0.75 → [255,128,128]",""
"","667","handle initial fetch with empty data","Chrome","2026-09-05","passed","2026-09-05","Edge cases and error handling","tests/coverage.spec.ts","",""
"","69","Frontend Unit Tests App Component successful delete removes the color chip","","2026-09-05","passed","2026-09-05","","Frontend Unit Tests","Frontend Unit Tests App Component successful delete removes the color chip",""
"","782","chip-x click opens confirm dialog with color name","bs-chrome-win11","2026-09-05","passed","2026-09-05","Color Management — Add & Delete","","",""
"","180","Component Tests ConfirmDialog renders title, body, and both buttons","","2026-09-05","passed","2026-09-05","","Component Tests","Component Tests ConfirmDialog renders title, body, and both buttons",""
"","1078","should handle fetch colors network failure gracefully","bs-safari-ventura","2026-09-05","passed","2026-09-05","UI Error Handling Coverage","","",""
"","9","Server Unit Tests DELETE /api/colors/:name deletes an existing color and returns success message","","2026-09-05","passed","2026-09-05","","Server Unit Tests","Server Unit Tests DELETE /api/colors/:name deletes an existing color and returns success message",""
"","10","Server Integration Tests (Testcontainers) Concurrent writes should handle parallel GETs without errors","","2026-09-05","passed","2026-09-05","","Server Integration Tests (Testcontainers)","Server Integration Tests (Testcontainers) Concurrent writes should handle parallel GETs without errors",""
"","1089","Cancel button closes the picker","bs-pixel-7","2026-09-05","passed","2026-09-05","Color Management — Add & Delete","","",""
"","110","NoSQL $where operator in name is rejected (400)","bs-firefox-win11","2026-09-05","passed","2026-09-05","Security > Injection Prevention","","",""
"","13","GET /api/colors/Yellow should return the correct hex code","Chrome","2026-09-05","passed","2026-09-05","Backend API Integration","tests/api.spec.ts","",""
"","112","should reject invalid hex format","bs-iphone-15","2026-09-05","passed","2026-09-05","Backend API Integration > POST /api/colors Schema Validation","","",""
"","4","Server Unit Tests Middleware does not include X-Powered-By header","","2026-09-05","passed","2026-09-05","","Server Unit Tests","Server Unit Tests Middleware does not include X-Powered-By header",""
"","118","POST with javascript: URI in name is rejected (400)","bs-chrome-win11","2026-09-05","passed","2026-09-05","Security > XSS Prevention","","",""
"","704","chip-x click opens confirm dialog with color name","bs-pixel-7","2026-09-05","passed","2026-09-05","Color Management — Add & Delete","","",""
"","28","Component Tests ConfirmDialog confirm button calls onConfirm","","2026-09-05","passed","2026-09-05","","Component Tests","Component Tests ConfirmDialog confirm button calls onConfirm",""
"","1","Utility Functions rgbToHsl pure blue → h=240, s=1, l=0.5","","2026-09-05","passed","2026-09-05","","Utility Functions","Utility Functions rgbToHsl pure blue → h=240, s=1, l=0.5",""
"","373","Server Unit Tests Surviving Mutants & Edge Cases Infrastructure uses default MONGO_URI when process.env.MONGO_URI is missing","","2026-09-05","passed","2026-09-05","","Server Unit Tests","Server Unit Tests Surviving Mutants & Edge Cases Infrastructure uses default MONGO_URI when process.env.MONGO_URI is missing",""
"","1544","verify Turquoise ( #1abc9c ) is applied as the background color","bs-firefox-win11","2026-09-05","passed","2026-09-05","Background color tests","","",""
"","624","chip-x click opens confirm dialog with color name","Chrome","2026-09-05","passed","2026-09-05","Color Management — Add & Delete","tests/color-management.spec.ts","",""
"","4715","deleting the active color switches background to the first remaining","bs-safari-ventura","2026-09-05","passed","2026-09-05","Color Management — Add & Delete","","",""
"","4","Server Unit Tests Surviving Mutants & Edge Cases Swagger JSDoc Integration kills apis array mutants by verifying JSDoc content is present","","2026-09-05","passed","2026-09-05","","Server Unit Tests","Server Unit Tests Surviving Mutants & Edge Cases Swagger JSDoc Integration kills apis array mutants by verifying JSDoc content is present",""
"","475","should create a new color with valid schema","bs-firefox-win11","2026-09-05","passed","2026-09-05","Backend API Integration > POST /api/colors Schema Validation","","",""
"","116","PATCH /api/colors/:name returns 405","bs-safari-ventura","2026-09-05","passed","2026-09-05","Security > HTTP Method Restrictions","","",""
"","770","should update a color with valid schema","bs-iphone-15","2026-09-05","passed","2026-09-05","Backend API Integration > PUT /api/colors/:name Schema Validation","","",""
"","15","GET /api/colors should return colors sorted alphabetically by name","Chrome","2026-09-05","passed","2026-09-05","Backend API Integration","tests/api.spec.ts","",""
"","217","should return 404 when updating non-existent color","bs-chrome-win11","2026-09-05","passed","2026-09-05","Backend API Integration > PUT /api/colors/:name Schema Validation","","",""
"","701","should load the application and verify core functionality across browsers","Chrome","2026-09-05","passed","2026-09-05","Cross-Browser Core Functionality","","",""
"","11","Server Integration Tests (Testcontainers) GET /api/colors should not expose _id or __v fields","","2026-09-05","passed","2026-09-05","","Server Integration Tests (Testcontainers)","Server Integration Tests (Testcontainers) GET /api/colors should not expose _id or __v fields",""
"","239","GET /api/colors/Red should return the correct hex code","bs-firefox-win11","2026-09-05","passed","2026-09-05","Backend API Integration","","",""
"","5","Frontend Unit Tests App Component current color span tracks hex value","","2026-09-05","passed","2026-09-05","","Frontend Unit Tests","Frontend Unit Tests App Component current color span tracks hex value",""
"","1121","shows a chip for each color with a swatch, name, and delete button","bs-safari-ventura","2026-09-05","passed","2026-09-05","Color Management — Add & Delete","","",""
"","108","NoSQL $where operator in name is rejected (400)","bs-pixel-7","2026-09-05","passed","2026-09-05","Security > Injection Prevention","","",""
"","56","Frontend Unit Tests App Component deleting a non-active color keeps the current background","","2026-09-05","passed","2026-09-05","","Frontend Unit Tests","Frontend Unit Tests App Component deleting a non-active color keeps the current background",""
"","1125","close (×) button closes the picker","bs-pixel-7","2026-09-05","passed","2026-09-05","Color Management — Add & Delete","","",""
"","215","GET /api/colors/Yellow should return the correct hex code","bs-firefox-win11","2026-09-05","passed","2026-09-05","Backend API Integration","","",""
"","6015","close (×) button closes the picker","bs-safari-ventura","2026-09-05","passed","2026-09-05","Color Management — Add & Delete","","",""
"","1016","verify Red ( #e74c3c ) is applied as the background color","bs-chrome-win11","2026-09-05","passed","2026-09-05","POM Refactored: Background color tests","","",""
"","212","GET /api/colors/:name should return 404 for non-existent color","bs-firefox-win11","2026-09-05","passed","2026-09-05","Backend API Integration","","",""
"","266","GET /api/colors/Turquoise should return the correct hex code","bs-pixel-7","2026-09-05","passed","2026-09-05","Backend API Integration","","",""
"","196","X-Powered-By header is not exposed","bs-iphone-15","2026-09-05","passed","2026-09-05","Security > Security Headers","","",""
"","4","Component Tests ConfirmDialog Enter key calls onConfirm when not busy","","2026-09-05","passed","2026-09-05","","Component Tests","Component Tests ConfirmDialog Enter key calls onConfirm when not busy",""
"","224","should return 404 when updating non-existent color","bs-firefox-win11","2026-09-05","passed","2026-09-05","Backend API Integration > PUT /api/colors/:name Schema Validation","","",""
"","0","mobile color picker workflow","Chrome","2026-09-05","skipped","2026-09-05","Percy Visual Regression – Production > Percy – Mobile Interactions","","",""
"","3748","successful delete removes the chip","bs-safari-ventura","2026-09-05","passed","2026-09-05","Color Management — Add & Delete","","",""
"","1167","should display colors that do not exist in the database","bs-iphone-15","2026-09-05","passed","2026-09-05","Network Mocking & Interception","","",""
"","24","Frontend Unit Tests App Component colors.length > 0 does NOT show loading text","","2026-09-05","passed","2026-09-05","","Frontend Unit Tests","Frontend Unit Tests App Component colors.length > 0 does NOT show loading text",""
"","2324","should create color via API and verify through UI","bs-safari-ventura","2026-09-05","passed","2026-09-05","Hybrid E2E Testing","","",""
"","3552","should maintain accessibility in el language and verify resilient locators","bs-safari-ventura","2026-09-05","passed","2026-09-05","i18n Accessibility Tests","","",""
"","1303","verify Yellow ( #f1c40f ) is applied as the background color","bs-chrome-win11","2026-09-05","passed","2026-09-05","Background color tests","","",""
"","201","should return 404 for non-existent color deletion","bs-firefox-win11","2026-09-05","passed","2026-09-05","Backend API Integration > DELETE /api/colors/:name","","",""
"","732","shows a chip for each color with a swatch, name, and delete button","bs-chrome-win11","2026-09-05","passed","2026-09-05","Color Management — Add & Delete","","",""
"","1067","should display all core elements and handle button interaction","Chrome","2026-09-05","passed","2026-09-05","Responsive Design – iPhone SE (375×667)","","",""
"","1351","should load the application and verify core functionality across browsers","bs-firefox-win11","2026-09-05","passed","2026-09-05","Cross-Browser Core Functionality","","",""
"","28","Server Unit Tests Surviving Mutants & Edge Cases Strict Path & Method Validation kills allowedMethods mutants by exhaustive testing","","2026-09-05","passed","2026-09-05","","Server Unit Tests","Server Unit Tests Surviving Mutants & Edge Cases Strict Path & Method Validation kills allowedMethods mutants by exhaustive testing",""
"","1","Utility Functions paintWheelPixel wraps negative angle: dy<0 gives angle+360 (hue=270 → violet)","","2026-09-05","passed","2026-09-05","","Utility Functions","Utility Functions paintWheelPixel wraps negative angle: dy<0 gives angle+360 (hue=270 → violet)",""
"","519","should create a new color with valid schema","bs-safari-ventura","2026-09-05","passed","2026-09-05","Backend API Integration > POST /api/colors Schema Validation","","",""
"","802","should update a color with valid schema","bs-firefox-win11","2026-09-05","passed","2026-09-05","Backend API Integration > PUT /api/colors/:name Schema Validation","","",""
"","4","Server Unit Tests OpenAPI endpoints has exact application/json content-type","","2026-09-05","passed","2026-09-05","","Server Unit Tests","Server Unit Tests OpenAPI endpoints has exact application/json content-type",""
"","3726","should maintain accessibility in en language and verify resilient locators","bs-safari-ventura","2026-09-05","passed","2026-09-05","i18n Accessibility Tests","","",""
"","5","Server Unit Tests 405 Method Not Allowed does not return 405 for allowed GET method on /api/colors","","2026-09-05","passed","2026-09-05","","Server Unit Tests","Server Unit Tests 405 Method Not Allowed does not return 405 for allowed GET method on /api/colors",""
"","118","should reject updating with empty name","bs-firefox-win11","2026-09-05","passed","2026-09-05","Backend API Integration > PUT /api/colors/:name Schema Validation","","",""
"","30","Component Tests ColorPicker mousemove after mouseup does NOT update color (dragging stopped)","","2026-09-05","passed","2026-09-05","","Utility Functions","Component Tests ColorPicker mousemove after mouseup does NOT update color (dragging stopped)",""
"","68","Frontend Unit Tests App Component fetches and displays color chips with swatch and delete button","","2026-09-05","passed","2026-09-05","","Frontend Unit Tests","Frontend Unit Tests App Component fetches and displays color chips with swatch and delete button",""
"","2068","chip-x click opens confirm dialog with color name","bs-safari-ventura","2026-09-05","passed","2026-09-05","Color Management — Add & Delete","","",""
"","3664","should not have any automatically detectable accessibility issues","bs-iphone-15","2026-09-05","passed","2026-09-05","Accessibility Tests","","",""
"","570","should gracefully handle a color not found in the database","Chrome","2026-09-05","passed","2026-09-05","Network Mocking & Interception","tests/network-mocking.spec.ts","",""
"","110","PATCH /api/colors/:name returns 405","bs-iphone-15","2026-09-05","passed","2026-09-05","Security > HTTP Method Restrictions","","",""
"","116","SQL injection characters in name are rejected (400)","bs-firefox-win11","2026-09-05","passed","2026-09-05","Security > Injection Prevention","","",""
"","1434","verify language switcher changes document language","bs-iphone-15","2026-09-05","passed","2026-09-05","","","",""
"","115","PATCH /api/colors/:name returns 405","bs-chrome-win11","2026-09-05","passed","2026-09-05","Security > HTTP Method Restrictions","","",""
"","19","Frontend Unit Tests App Component labelFor falls back to color name for unknown/custom color","","2026-09-05","passed","2026-09-05","","Frontend Unit Tests","Frontend Unit Tests App Component labelFor falls back to color name for unknown/custom color",""
"","490","X-Powered-By header is not exposed","bs-firefox-win11","2026-09-05","passed","2026-09-05","Security > Security Headers","","",""
"","6","Server Integration Tests (Testcontainers) POST /api/reseed should return 401 when Authorization header is missing","","2026-09-05","passed","2026-09-05","","Server Integration Tests (Testcontainers)","Server Integration Tests (Testcontainers) POST /api/reseed should return 401 when Authorization header is missing",""
"","111","NoSQL operator in GET path param is rejected (400 or 404)","bs-firefox-win11","2026-09-05","passed","2026-09-05","Security > Injection Prevention","","",""
"","105","array body on POST returns 400","bs-iphone-15","2026-09-05","passed","2026-09-05","Security > Input Validation","","",""
"","5405","Cancel button closes the picker","bs-iphone-15","2026-09-05","passed","2026-09-05","Color Management — Add & Delete","","",""
"","202","should return 404 for non-existent color deletion","bs-iphone-15","2026-09-05","passed","2026-09-05","Backend API Integration > DELETE /api/colors/:name","","",""
"","1","Utility Functions paintWheelPixel anti-aliases near-edge pixel: dist=r-0.5 gives alpha=127","","2026-09-05","passed","2026-09-05","","Utility Functions","Utility Functions paintWheelPixel anti-aliases near-edge pixel: dist=r-0.5 gives alpha=127",""
"","1388","Escape key closes the confirm dialog","bs-firefox-win11","2026-09-05","passed","2026-09-05","Color Management — Add & Delete","","",""
"","1725","Escape key closes the confirm dialog","bs-safari-ventura","2026-09-05","passed","2026-09-05","Color Management — Add & Delete","","",""
"","1733","should maintain accessibility in el language and verify resilient locators","Chrome","2026-09-05","passed","2026-09-05","i18n Accessibility Tests","tests/a11y.spec.ts","",""
"","47","Frontend Unit Tests App Component existingNames passed to ColorPicker matches current color list","","2026-09-05","passed","2026-09-05","","Frontend Unit Tests","Frontend Unit Tests App Component existingNames passed to ColorPicker matches current color list",""
"","2114","should maintain accessibility in en language and verify resilient locators","Chrome","2026-09-05","passed","2026-09-05","i18n Accessibility Tests","tests/a11y.spec.ts","",""
"","41","Frontend Unit Tests App Component add color 409 conflict shows picker error (data.error message)","","2026-09-05","passed","2026-09-05","","Frontend Unit Tests","Frontend Unit Tests App Component add color 409 conflict shows picker error (data.error message)",""
"","4","Server Unit Tests POST /api/reseed returns 405 for PUT on /api/reseed","","2026-09-05","passed","2026-09-05","","Server Unit Tests","Server Unit Tests POST /api/reseed returns 405 for PUT on /api/reseed",""
"","767","verify Yellow ( #f1c40f ) is applied as the background color","Chrome","2026-09-05","passed","2026-09-05","POM Refactored: Background color tests","tests/pom-refactored.spec.ts","",""
"","914","clicking ""+ Add color"" opens the picker modal","bs-pixel-7","2026-09-05","passed","2026-09-05","Color Management — Add & Delete","","",""
"","6557","should not have any automatically detectable accessibility issues","bs-chrome-win11","2026-09-05","passed","2026-09-05","Accessibility Tests","","",""
"","211","POST with HTML tag in name is rejected (400)","bs-pixel-7","2026-09-05","passed","2026-09-05","Security > XSS Prevention","","",""
"","113","should reject invalid hex format","bs-chrome-win11","2026-09-05","passed","2026-09-05","Backend API Integration > POST /api/colors Schema Validation","","",""
"","858","should display colors that do not exist in the database","bs-chrome-win11","2026-09-05","passed","2026-09-05","Network Mocking & Interception","","",""
"","111","should reject empty name","bs-safari-ventura","2026-09-05","passed","2026-09-05","Backend API Integration > POST /api/colors Schema Validation","","",""
"","80","should return 404 when updating non-existent color","Chrome","2026-09-05","passed","2026-09-05","Backend API Integration > PUT /api/colors/:name Schema Validation","tests/api.spec.ts","",""
"","123","Frontend Unit Tests App Component handleColorClick does nothing when data is null","","2026-09-05","passed","2026-09-05","","Frontend Unit Tests","Frontend Unit Tests App Component handleColorClick does nothing when data is null",""
"","10","malformed JSON body returns 400","Chrome","2026-09-05","passed","2026-09-05","Security > Input Validation","tests/security.spec.ts","",""
"","237","GET /api/colors/Red should return the correct hex code","bs-safari-ventura","2026-09-05","passed","2026-09-05","Backend API Integration","","",""
"","13","GET /api/colors should return all colors","Chrome","2026-09-05","passed","2026-09-05","Backend API Integration","tests/api.spec.ts","",""
"","25","Component Tests ColorPicker touchend stops dragging (touchmove after touchend is ignored)","","2026-09-05","passed","2026-09-05","","Utility Functions","Component Tests ColorPicker touchend stops dragging (touchmove after touchend is ignored)",""
"","1664","handle color selection fetch error","bs-safari-ventura","2026-09-05","passed","2026-09-05","Edge cases and error handling","","",""
"","1338","handle color response missing hex property","bs-safari-ventura","2026-09-05","passed","2026-09-05","Edge cases and error handling","","",""
"","751","should handle missing image gracefully by showing alt text","bs-firefox-win11","2026-09-05","passed","2026-09-05","Network Mocking & Interception","","",""
"","131","NoSQL injection object in name is rejected (400)","bs-safari-ventura","2026-09-05","passed","2026-09-05","Security > Injection Prevention","","",""
"","4","Server Unit Tests Middleware JSON error middleware ignores SyntaxError without body","","2026-09-05","passed","2026-09-05","","Server Unit Tests","Server Unit Tests Middleware JSON error middleware ignores SyntaxError without body",""
"","655","first color chip is active on load (aria-pressed=true)","bs-chrome-win11","2026-09-05","passed","2026-09-05","Color Management — Add & Delete","","",""
"","25","Frontend Unit Tests App Component link color is light (#cfe8ff) on dark background","","2026-09-05","passed","2026-09-05","","Frontend Unit Tests","Frontend Unit Tests App Component link color is light (#cfe8ff) on dark background",""
"","10","should reject missing hex","Chrome","2026-09-05","passed","2026-09-05","Backend API Integration > POST /api/colors Schema Validation","tests/api.spec.ts","",""
"","101","should reject invalid hex format on update","bs-pixel-7","2026-09-05","passed","2026-09-05","Backend API Integration > PUT /api/colors/:name Schema Validation","","",""
"","3672","clicking the backdrop closes the picker","bs-iphone-15","2026-09-05","passed","2026-09-05","Color Management — Add & Delete","","",""
"","4","Server Unit Tests PUT /api/colors/:name returns 400 for extra unknown fields (strict schema)","","2026-09-05","passed","2026-09-05","","Server Unit Tests","Server Unit Tests PUT /api/colors/:name returns 400 for extra unknown fields (strict schema)",""
"","55","Frontend Unit Tests App Component handleColorClick shows error on non-2xx response","","2026-09-05","passed","2026-09-05","","Frontend Unit Tests","Frontend Unit Tests App Component handleColorClick shows error on non-2xx response",""
"","4","Component Tests ConfirmDialog title is rendered in the element with id confirm-title","","2026-09-05","passed","2026-09-05","","Component Tests","Component Tests ConfirmDialog title is rendered in the element with id confirm-title",""
"","63","Frontend Unit Tests App Component header color attribute changes after clicking a chip","","2026-09-05","passed","2026-09-05","","Frontend Unit Tests","Frontend Unit Tests App Component header color attribute changes after clicking a chip",""
"","253","GET /api/colors should return colors sorted alphabetically by name","bs-safari-ventura","2026-09-05","passed","2026-09-05","Backend API Integration","","",""
"","678","should show loading state when API returns empty colors","Chrome","2026-09-05","passed","2026-09-05","UI Error Handling Coverage","tests/error-handling.spec.ts","",""
"","4","Server Integration Tests (Testcontainers) POST /api/reseed should return 405 for GET on /api/reseed","","2026-09-05","passed","2026-09-05","","Server Integration Tests (Testcontainers)","Server Integration Tests (Testcontainers) POST /api/reseed should return 405 for GET on /api/reseed",""
"","27","Component Tests ColorPicker hex input updates hue/sat via rgbToHsl (green → hue≈120)","","2026-09-05","passed","2026-09-05","","Utility Functions","Component Tests ColorPicker hex input updates hue/sat via rgbToHsl (green → hue≈120)",""
"","3035","should create a new color with valid schema","bs-chrome-win11","2026-09-05","passed","2026-09-05","Backend API Integration > POST /api/colors Schema Validation","","",""
"","7","Component Tests ColorPicker falls back to window resize listener when ResizeObserver is not available","","2026-09-05","passed","2026-09-05","","Utility Functions","Component Tests ColorPicker falls back to window resize listener when ResizeObserver is not available",""
"","997","clicking a chip makes it active","Chrome","2026-09-05","passed","2026-09-05","Color Management — Add & Delete","tests/color-management.spec.ts","",""
"","7","Server Integration Tests (Testcontainers) GET /api/colors/:name should not expose _id or __v fields","","2026-09-05","passed","2026-09-05","","Server Integration Tests (Testcontainers)","Server Integration Tests (Testcontainers) GET /api/colors/:name should not expose _id or __v fields",""
"","4","Server Unit Tests POST /api/reseed returns 500 when seedDatabase throws","","2026-09-05","passed","2026-09-05","","Server Unit Tests","Server Unit Tests POST /api/reseed returns 500 when seedDatabase throws",""
"","116","POST with script tag in name is rejected (400)","bs-pixel-7","2026-09-05","passed","2026-09-05","Security > XSS Prevention","","",""
"","68","Frontend Unit Tests App Component handles empty array from initial fetch gracefully","","2026-09-05","passed","2026-09-05","","Frontend Unit Tests","Frontend Unit Tests App Component handles empty array from initial fetch gracefully",""
"","828","Color button remains functional after switching language","BDD","2026-09-05","passed","2026-09-05","Language Switching","","",""
"","690","Escape key closes the confirm dialog","bs-chrome-win11","2026-09-05","passed","2026-09-05","Color Management — Add & Delete","","",""
"","18","Component Tests ConfirmDialog cancelLabel prop is reflected in the button text","","2026-09-05","passed","2026-09-05","","Component Tests","Component Tests ConfirmDialog cancelLabel prop is reflected in the button text",""
"","358","oversized payload is rejected (413)","bs-chrome-win11","2026-09-05","passed","2026-09-05","Security > Input Validation","","",""
