"DESCRIPTION","DURATION IN MS","NAME","PARENT SUITE","START TIME","STATUS","STOP TIME","SUB SUITE","SUITE","TEST CLASS","TEST METHOD"
"","1","Frontend Unit Tests i18n Configuration should have defined resources for en, es, el","","Tue May 05 17:13:33 UTC 2026","passed","Tue May 05 17:13:33 UTC 2026","","Frontend Unit Tests","Frontend Unit Tests i18n Configuration should have defined resources for en, es, el",""
"","1","Utility Functions readableOn returns #111 for an invalid/empty hex string (null rgb fallback)","","Tue May 05 17:13:31 UTC 2026","passed","Tue May 05 17:13:31 UTC 2026","","Utility Functions","Utility Functions readableOn returns #111 for an invalid/empty hex string (null rgb fallback)",""
"","1028","should display colors that do not exist in the database","Chrome","Tue May 05 17:25:11 UTC 2026","passed","Tue May 05 17:25:12 UTC 2026","Network Mocking & Interception","tests/network-mocking.spec.ts","",""
"","992","should display all core elements and handle button interaction","Chrome","Tue May 05 17:23:03 UTC 2026","passed","Tue May 05 17:23:04 UTC 2026","Responsive Design – iPhone landscape (667×375)","","",""
"","19","Component Tests ColorPicker valid submit calls onConfirm with trimmed name and current hex","","Tue May 05 17:13:31 UTC 2026","passed","Tue May 05 17:13:31 UTC 2026","","Utility Functions","Component Tests ColorPicker valid submit calls onConfirm with trimmed name and current hex",""
"","1","Utility Functions rgbToHsl r max, g>0, b=0 → h in (0,60)","","Tue May 05 17:13:31 UTC 2026","passed","Tue May 05 17:13:31 UTC 2026","","Utility Functions","Utility Functions rgbToHsl r max, g>0, b=0 → h in (0,60)",""
"","7","Server Integration Tests (Testcontainers) Method Not Allowed should return 405 for PATCH /api/colors/:name","","Tue May 05 17:12:57 UTC 2026","passed","Tue May 05 17:12:57 UTC 2026","","Server Integration Tests (Testcontainers)","Server Integration Tests (Testcontainers) Method Not Allowed should return 405 for PATCH /api/colors/:name",""
"","21","Component Tests ConfirmDialog confirmLabel prop is reflected in the button text","","Tue May 05 17:13:31 UTC 2026","passed","Tue May 05 17:13:31 UTC 2026","","Component Tests","Component Tests ConfirmDialog confirmLabel prop is reflected in the button text",""
"","0","Utility Functions hslToRgb hue=30 (orange) → [255,128,0]","","Tue May 05 17:13:31 UTC 2026","passed","Tue May 05 17:13:31 UTC 2026","","Utility Functions","Utility Functions hslToRgb hue=30 (orange) → [255,128,0]",""
"","731","should create dynamic random color via API and verify through UI","Chrome","Tue May 05 17:27:09 UTC 2026","passed","Tue May 05 17:27:10 UTC 2026","Random Data Testing with faker.js","tests/random-data.spec.ts","",""
"","7","Server Unit Tests DELETE /api/colors/:name cannot delete the same color twice","","Tue May 05 17:13:19 UTC 2026","passed","Tue May 05 17:13:19 UTC 2026","","Server Unit Tests","Server Unit Tests DELETE /api/colors/:name cannot delete the same color twice",""
"","552","Example #1","BDD","Tue May 05 17:20:38 UTC 2026","passed","Tue May 05 17:20:38 UTC 2026","Language Switching > Switch language and verify translated UI labels","","",""
"","491","check Turquoise ( #1abc9c) is the default background color.","Chrome","Tue May 05 17:27:24 UTC 2026","passed","Tue May 05 17:27:24 UTC 2026","","tests/coverage.spec.ts","",""
"","33","Frontend Unit Tests App Component add color sends POST with correct method, headers, and body","","Tue May 05 17:13:31 UTC 2026","passed","Tue May 05 17:13:31 UTC 2026","","Frontend Unit Tests","Frontend Unit Tests App Component add color sends POST with correct method, headers, and body",""
"","1","Utility Functions hexToRgb is case-insensitive","","Tue May 05 17:13:31 UTC 2026","passed","Tue May 05 17:13:31 UTC 2026","","Utility Functions","Utility Functions hexToRgb is case-insensitive",""
"","6","Frontend Unit Tests App Component initial default background before fetch resolves","","Tue May 05 17:13:31 UTC 2026","passed","Tue May 05 17:13:31 UTC 2026","","Frontend Unit Tests","Frontend Unit Tests App Component initial default background before fetch resolves",""
"","1699","should load the application and verify core functionality across browsers","Firefox","Tue May 05 17:20:56 UTC 2026","passed","Tue May 05 17:20:58 UTC 2026","Cross-Browser Core Functionality","","",""
"","5","Server Integration Tests (Testcontainers) PUT /api/colors/:name should return 404 when updating a non-existent color","","Tue May 05 17:12:57 UTC 2026","passed","Tue May 05 17:12:57 UTC 2026","","Server Integration Tests (Testcontainers)","Server Integration Tests (Testcontainers) PUT /api/colors/:name should return 404 when updating a non-existent color",""
"","19","should reject invalid hex format","Chrome","Tue May 05 17:20:29 UTC 2026","passed","Tue May 05 17:20:29 UTC 2026","Backend API Integration > POST /api/colors Schema Validation","","",""
"","1127","shows client-side ""Name is required"" when submitting empty name","Chrome","Tue May 05 17:27:18 UTC 2026","passed","Tue May 05 17:27:19 UTC 2026","Color Management — Add & Delete","tests/color-management.spec.ts","",""
"","1","Utility Functions hslToRgb hue=90 (chartreuse) → [128,255,0]","","Tue May 05 17:13:31 UTC 2026","passed","Tue May 05 17:13:31 UTC 2026","","Utility Functions","Utility Functions hslToRgb hue=90 (chartreuse) → [128,255,0]",""
"","5","Server Unit Tests Surviving Mutants & Edge Cases PUT logic kills hex regex mutant in PUT","","Tue May 05 17:13:19 UTC 2026","passed","Tue May 05 17:13:19 UTC 2026","","Server Unit Tests","Server Unit Tests Surviving Mutants & Edge Cases PUT logic kills hex regex mutant in PUT",""
"","5","Server Unit Tests 405 Method Not Allowed does not return 405 for allowed DELETE method on /api/colors/:name","","Tue May 05 17:13:19 UTC 2026","passed","Tue May 05 17:13:19 UTC 2026","","Server Unit Tests","Server Unit Tests 405 Method Not Allowed does not return 405 for allowed DELETE method on /api/colors/:name",""
"","19","GET /api/colors should return colors sorted alphabetically by name","Chrome","Tue May 05 17:20:29 UTC 2026","passed","Tue May 05 17:20:29 UTC 2026","Backend API Integration","","",""
"","50","Frontend Unit Tests App Component handleColorClick encodes color name in URL","","Tue May 05 17:13:31 UTC 2026","passed","Tue May 05 17:13:31 UTC 2026","","Frontend Unit Tests","Frontend Unit Tests App Component handleColorClick encodes color name in URL",""
"","0","homepage after color change","Chrome","Tue May 05 17:23:02 UTC 2026","skipped","Tue May 05 17:23:02 UTC 2026","Percy Visual Regression – Production > Percy – mobile (375×667)","","",""
"","7","Server Unit Tests Error Handling GET /api/colors returns 500 when database fails","","Tue May 05 17:13:19 UTC 2026","passed","Tue May 05 17:13:19 UTC 2026","","Server Unit Tests","Server Unit Tests Error Handling GET /api/colors returns 500 when database fails",""
"","1161","shows server-error message on 500 inside the picker","Chrome","Tue May 05 17:27:20 UTC 2026","passed","Tue May 05 17:27:21 UTC 2026","Color Management — Add & Delete","tests/color-management.spec.ts","",""
"","0","Utility Functions rgbToHex value 15 pads to 0f","","Tue May 05 17:13:31 UTC 2026","passed","Tue May 05 17:13:31 UTC 2026","","Utility Functions","Utility Functions rgbToHex value 15 pads to 0f",""
"","11","Component Tests ColorPicker wheel cursor is at (110,110) at center (sat=0)","","Tue May 05 17:13:31 UTC 2026","passed","Tue May 05 17:13:31 UTC 2026","","Utility Functions","Component Tests ColorPicker wheel cursor is at (110,110) at center (sat=0)",""
"","1","Utility Functions rgbToHsl dark red (#800000): l<0.5, s=1 (l<=0.5 saturation branch)","","Tue May 05 17:13:31 UTC 2026","passed","Tue May 05 17:13:31 UTC 2026","","Utility Functions","Utility Functions rgbToHsl dark red (#800000): l<0.5, s=1 (l<=0.5 saturation branch)",""
"","11","Server Integration Tests (Testcontainers) seedDatabase should always restore the three default seed colors","","Tue May 05 17:12:57 UTC 2026","passed","Tue May 05 17:12:57 UTC 2026","","Server Integration Tests (Testcontainers)","Server Integration Tests (Testcontainers) seedDatabase should always restore the three default seed colors",""
"","12","Component Tests ColorPicker typing blue hex updates internal state (b is max branch)","","Tue May 05 17:13:31 UTC 2026","passed","Tue May 05 17:13:31 UTC 2026","","Utility Functions","Component Tests ColorPicker typing blue hex updates internal state (b is max branch)",""
"","646","should handle missing image gracefully by showing alt text","Chrome","Tue May 05 17:25:10 UTC 2026","passed","Tue May 05 17:25:11 UTC 2026","Network Mocking & Interception","tests/network-mocking.spec.ts","",""
"","841","clicking the backdrop closes the picker","Chrome","Tue May 05 17:27:17 UTC 2026","passed","Tue May 05 17:27:18 UTC 2026","Color Management — Add & Delete","tests/color-management.spec.ts","",""
"","5","Server Unit Tests OpenAPI endpoints serves Swagger UI as HTML","","Tue May 05 17:13:19 UTC 2026","passed","Tue May 05 17:13:19 UTC 2026","","Server Unit Tests","Server Unit Tests OpenAPI endpoints serves Swagger UI as HTML",""
"","1125","GET /api/colors/{name}","","","passed","","","schemathesis","",""
"","3","Server Unit Tests Surviving Mutants & Edge Cases Mongoose Schema Strictness kills empty schema mutant by checking schema paths","","Tue May 05 17:13:19 UTC 2026","passed","Tue May 05 17:13:19 UTC 2026","","Server Unit Tests","Server Unit Tests Surviving Mutants & Edge Cases Mongoose Schema Strictness kills empty schema mutant by checking schema paths",""
"","7","Server Unit Tests Middleware JSON error middleware passes non-syntax errors to next()","","Tue May 05 17:13:19 UTC 2026","passed","Tue May 05 17:13:19 UTC 2026","","Server Unit Tests","Server Unit Tests Middleware JSON error middleware passes non-syntax errors to next()",""
"","29","should update a color with valid schema","Chrome","Tue May 05 17:20:29 UTC 2026","passed","Tue May 05 17:20:29 UTC 2026","Backend API Integration > PUT /api/colors/:name Schema Validation","","",""
"","0","Utility Functions rgbToHsl white [255,255,255] → h=0, s=0, l=1","","Tue May 05 17:13:31 UTC 2026","passed","Tue May 05 17:13:31 UTC 2026","","Utility Functions","Utility Functions rgbToHsl white [255,255,255] → h=0, s=0, l=1",""
"","10","Server Unit Tests GET /api/colors returns an empty array when no colors exist","","Tue May 05 17:13:19 UTC 2026","passed","Tue May 05 17:13:19 UTC 2026","","Server Unit Tests","Server Unit Tests GET /api/colors returns an empty array when no colors exist",""
"","0","Utility Functions hslToRgb saturation clamped: s=1.5 treated as s=1","","Tue May 05 17:13:31 UTC 2026","passed","Tue May 05 17:13:31 UTC 2026","","Utility Functions","Utility Functions hslToRgb saturation clamped: s=1.5 treated as s=1",""
"","47","Frontend Unit Tests App Component learn react link has correct text","","Tue May 05 17:13:31 UTC 2026","passed","Tue May 05 17:13:31 UTC 2026","","Frontend Unit Tests","Frontend Unit Tests App Component learn react link has correct text",""
"","1","Utility Functions hexToRgb parses a standard #RRGGBB hex","","Tue May 05 17:13:31 UTC 2026","passed","Tue May 05 17:13:31 UTC 2026","","Utility Functions","Utility Functions hexToRgb parses a standard #RRGGBB hex",""
"","6","Server Integration Tests (Testcontainers) PUT /api/colors/:name should return 400 for invalid hex format on update","","Tue May 05 17:12:57 UTC 2026","passed","Tue May 05 17:12:57 UTC 2026","","Server Integration Tests (Testcontainers)","Server Integration Tests (Testcontainers) PUT /api/colors/:name should return 400 for invalid hex format on update",""
"","0","Utility Functions readableOn returns #fff for black (very dark, L≈0)","","Tue May 05 17:13:31 UTC 2026","passed","Tue May 05 17:13:31 UTC 2026","","Utility Functions","Utility Functions readableOn returns #fff for black (very dark, L≈0)",""
"","34","Frontend Unit Tests App Component clicking chip-x opens confirm dialog with color name and swatch","","Tue May 05 17:13:31 UTC 2026","passed","Tue May 05 17:13:31 UTC 2026","","Frontend Unit Tests","Frontend Unit Tests App Component clicking chip-x opens confirm dialog with color name and swatch",""
"","5","Server Unit Tests GET /api/colors/:name returns 400 for invalid name in path (regex check)","","Tue May 05 17:13:19 UTC 2026","passed","Tue May 05 17:13:19 UTC 2026","","Server Unit Tests","Server Unit Tests GET /api/colors/:name returns 400 for invalid name in path (regex check)",""
"","7","Server Unit Tests POST /api/colors applies the createColorLimiter rate limit headers","","Tue May 05 17:13:19 UTC 2026","passed","Tue May 05 17:13:19 UTC 2026","","Server Unit Tests","Server Unit Tests POST /api/colors applies the createColorLimiter rate limit headers",""
"","4","Server Unit Tests DELETE /api/colors/:name returns 404 for a non-existent color","","Tue May 05 17:13:19 UTC 2026","passed","Tue May 05 17:13:19 UTC 2026","","Server Unit Tests","Server Unit Tests DELETE /api/colors/:name returns 404 for a non-existent color",""
"","13","POST with javascript: URI in name is rejected (400)","Chrome","Tue May 05 17:27:09 UTC 2026","passed","Tue May 05 17:27:09 UTC 2026","Security > XSS Prevention","tests/security.spec.ts","",""
"","9","Component Tests ColorPicker non-Enter key on name input does not trigger submit","","Tue May 05 17:13:31 UTC 2026","passed","Tue May 05 17:13:31 UTC 2026","","Utility Functions","Component Tests ColorPicker non-Enter key on name input does not trigger submit",""
"","5","Server Unit Tests PUT /api/colors/:name does not change name when updating only hex","","Tue May 05 17:13:19 UTC 2026","passed","Tue May 05 17:13:19 UTC 2026","","Server Unit Tests","Server Unit Tests PUT /api/colors/:name does not change name when updating only hex",""
"","104","Frontend Unit Tests App Component handleColorClick does nothing when data is null","","Tue May 05 17:13:31 UTC 2026","passed","Tue May 05 17:13:31 UTC 2026","","Frontend Unit Tests","Frontend Unit Tests App Component handleColorClick does nothing when data is null",""
"","1402","should display all core elements and handle button interaction","Chrome","Tue May 05 17:23:00 UTC 2026","passed","Tue May 05 17:23:01 UTC 2026","Responsive Design – tablet (768×1024)","","",""
"","972","clicking a chip makes it active","Chrome","Tue May 05 17:27:15 UTC 2026","passed","Tue May 05 17:27:16 UTC 2026","Color Management — Add & Delete","tests/color-management.spec.ts","",""
"","22","Component Tests ColorPicker typing a valid hex clears the hex error and updates preview","","Tue May 05 17:13:31 UTC 2026","passed","Tue May 05 17:13:31 UTC 2026","","Utility Functions","Component Tests ColorPicker typing a valid hex clears the hex error and updates preview",""
"","0","Utility Functions hslToRgb negative hue wraps: hue=-120 = hue=240","","Tue May 05 17:13:31 UTC 2026","passed","Tue May 05 17:13:31 UTC 2026","","Utility Functions","Utility Functions hslToRgb negative hue wraps: hue=-120 = hue=240",""
"","0","Utility Functions hexToRgb parses hex without the leading #","","Tue May 05 17:13:31 UTC 2026","passed","Tue May 05 17:13:31 UTC 2026","","Utility Functions","Utility Functions hexToRgb parses hex without the leading #",""
"","23","Server Unit Tests Surviving Mutants & Edge Cases Regex & Validation STRICT_NAME_REGEX kills mutants on start/end/middle characters","","Tue May 05 17:13:19 UTC 2026","passed","Tue May 05 17:13:19 UTC 2026","","Server Unit Tests","Server Unit Tests Surviving Mutants & Edge Cases Regex & Validation STRICT_NAME_REGEX kills mutants on start/end/middle characters",""
"","4","Server Unit Tests POST /api/colors returns 400 when hex is missing","","Tue May 05 17:13:19 UTC 2026","passed","Tue May 05 17:13:19 UTC 2026","","Server Unit Tests","Server Unit Tests POST /api/colors returns 400 when hex is missing",""
"","5","Server Unit Tests POST /api/colors returns 400 for invalid hex format (too short)","","Tue May 05 17:13:19 UTC 2026","passed","Tue May 05 17:13:19 UTC 2026","","Server Unit Tests","Server Unit Tests POST /api/colors returns 400 for invalid hex format (too short)",""
"","0","Utility Functions hslToRgb high lightness l=0.75 → [255,128,128]","","Tue May 05 17:13:31 UTC 2026","passed","Tue May 05 17:13:31 UTC 2026","","Utility Functions","Utility Functions hslToRgb high lightness l=0.75 → [255,128,128]",""
"","6","Server Integration Tests (Testcontainers) GET /api/colors/:name should return 400 for invalid name format","","Tue May 05 17:12:57 UTC 2026","passed","Tue May 05 17:12:57 UTC 2026","","Server Integration Tests (Testcontainers)","Server Integration Tests (Testcontainers) GET /api/colors/:name should return 400 for invalid name format",""
"","6034","should load the application and verify core functionality across browsers","WebKit","Tue May 05 17:20:58 UTC 2026","passed","Tue May 05 17:21:04 UTC 2026","Cross-Browser Core Functionality","","",""
"","7","Server Unit Tests 405 Method Not Allowed returns 405 for POST, PUT, DELETE on /openapi.json","","Tue May 05 17:13:19 UTC 2026","passed","Tue May 05 17:13:19 UTC 2026","","Server Unit Tests","Server Unit Tests 405 Method Not Allowed returns 405 for POST, PUT, DELETE on /openapi.json",""
"","4","Server Unit Tests POST /api/colors returns 400 for name with whitespace","","Tue May 05 17:13:19 UTC 2026","passed","Tue May 05 17:13:19 UTC 2026","","Server Unit Tests","Server Unit Tests POST /api/colors returns 400 for name with whitespace",""
"","16","should reject updating with empty name","Chrome","Tue May 05 17:20:29 UTC 2026","passed","Tue May 05 17:20:29 UTC 2026","Backend API Integration > PUT /api/colors/:name Schema Validation","","",""
"","3","Server Unit Tests Error Handling seedDatabase logs error when database fails","","Tue May 05 17:13:19 UTC 2026","passed","Tue May 05 17:13:19 UTC 2026","","Server Unit Tests","Server Unit Tests Error Handling seedDatabase logs error when database fails",""
"","46","Frontend Unit Tests App Component add color 429 rate limit shows specific message","","Tue May 05 17:13:31 UTC 2026","passed","Tue May 05 17:13:31 UTC 2026","","Frontend Unit Tests","Frontend Unit Tests App Component add color 429 rate limit shows specific message",""
"","32","Component Tests ColorPicker cancel button calls onCancel","","Tue May 05 17:13:31 UTC 2026","passed","Tue May 05 17:13:31 UTC 2026","","Utility Functions","Component Tests ColorPicker cancel button calls onCancel",""
"","6","Server Unit Tests GET /api/colors/:name returns Yellow color correctly","","Tue May 05 17:13:19 UTC 2026","passed","Tue May 05 17:13:19 UTC 2026","","Server Unit Tests","Server Unit Tests GET /api/colors/:name returns Yellow color correctly",""
"","10","Component Tests ColorPicker typing an invalid hex shows ""Use format #RRGGBB"" error","","Tue May 05 17:13:31 UTC 2026","passed","Tue May 05 17:13:31 UTC 2026","","Utility Functions","Component Tests ColorPicker typing an invalid hex shows ""Use format #RRGGBB"" error",""
"","19","should return 404 for non-existent color deletion","Chrome","Tue May 05 17:27:14 UTC 2026","passed","Tue May 05 17:27:14 UTC 2026","Backend API Integration > DELETE /api/colors/:name","tests/api.spec.ts","",""
"","10","Component Tests ColorPicker editing name input calls onClearError to clear server error","","Tue May 05 17:13:31 UTC 2026","passed","Tue May 05 17:13:31 UTC 2026","","Utility Functions","Component Tests ColorPicker editing name input calls onClearError to clear server error",""
"","4","Server Unit Tests PUT /api/colors/:name returns 400 for invalid name with special characters","","Tue May 05 17:13:19 UTC 2026","passed","Tue May 05 17:13:19 UTC 2026","","Server Unit Tests","Server Unit Tests PUT /api/colors/:name returns 400 for invalid name with special characters",""
"","26","Component Tests ColorPicker typing in name input clears name error","","Tue May 05 17:13:31 UTC 2026","passed","Tue May 05 17:13:31 UTC 2026","","Utility Functions","Component Tests ColorPicker typing in name input clears name error",""
"","10","Server Integration Tests (Testcontainers) PUT /api/colors/:name should update both name and hex simultaneously","","Tue May 05 17:12:57 UTC 2026","passed","Tue May 05 17:12:57 UTC 2026","","Server Integration Tests (Testcontainers)","Server Integration Tests (Testcontainers) PUT /api/colors/:name should update both name and hex simultaneously",""
"","3","Server Unit Tests 405 Method Not Allowed returns 405 for PATCH on /api/colors","","Tue May 05 17:13:19 UTC 2026","passed","Tue May 05 17:13:19 UTC 2026","","Server Unit Tests","Server Unit Tests 405 Method Not Allowed returns 405 for PATCH on /api/colors",""
"","1","Utility Functions rgbToHsl pure red → h=0, s=1, l=0.5","","Tue May 05 17:13:31 UTC 2026","passed","Tue May 05 17:13:31 UTC 2026","","Utility Functions","Utility Functions rgbToHsl pure red → h=0, s=1, l=0.5",""
"","34","Frontend Unit Tests App Component active chip has is-active CSS class","","Tue May 05 17:13:31 UTC 2026","passed","Tue May 05 17:13:31 UTC 2026","","Frontend Unit Tests","Frontend Unit Tests App Component active chip has is-active CSS class",""
"","9","Component Tests ConfirmDialog clicking the card itself does NOT call onCancel","","Tue May 05 17:13:31 UTC 2026","passed","Tue May 05 17:13:31 UTC 2026","","Component Tests","Component Tests ConfirmDialog clicking the card itself does NOT call onCancel",""
"","1114","verify Turquoise ( #1abc9c ) is applied as the background color","Chrome","Tue May 05 17:25:02 UTC 2026","passed","Tue May 05 17:25:03 UTC 2026","Background color tests","tests/coverage.spec.ts","",""
"","26","POST with script tag in name is rejected (400)","Chrome","Tue May 05 17:27:09 UTC 2026","passed","Tue May 05 17:27:09 UTC 2026","Security > XSS Prevention","tests/security.spec.ts","",""
"","8","Server Unit Tests Surviving Mutants & Edge Cases Swagger Metadata & OpenAPI has exact server metadata","","Tue May 05 17:13:19 UTC 2026","passed","Tue May 05 17:13:19 UTC 2026","","Server Unit Tests","Server Unit Tests Surviving Mutants & Edge Cases Swagger Metadata & OpenAPI has exact server metadata",""
"","27","Frontend Unit Tests App Component shows add-color button even when colors are empty","","Tue May 05 17:13:31 UTC 2026","passed","Tue May 05 17:13:31 UTC 2026","","Frontend Unit Tests","Frontend Unit Tests App Component shows add-color button even when colors are empty",""
"","7","Server Unit Tests Surviving Mutants & Edge Cases Rate Limiting & Security kills mutants by verifying x-ratelimit headers","","Tue May 05 17:13:19 UTC 2026","passed","Tue May 05 17:13:19 UTC 2026","","Server Unit Tests","Server Unit Tests Surviving Mutants & Edge Cases Rate Limiting & Security kills mutants by verifying x-ratelimit headers",""
"","3","Frontend Unit Tests i18n Configuration should translate keys correctly","","Tue May 05 17:13:33 UTC 2026","passed","Tue May 05 17:13:33 UTC 2026","","Frontend Unit Tests","Frontend Unit Tests i18n Configuration should translate keys correctly",""
"","0","Utility Functions paintWheelPixel wraps negative angle: dy<0 gives angle+360 (hue=270 → violet)","","Tue May 05 17:13:31 UTC 2026","passed","Tue May 05 17:13:31 UTC 2026","","Utility Functions","Utility Functions paintWheelPixel wraps negative angle: dy<0 gives angle+360 (hue=270 → violet)",""
"","22","Component Tests ColorPicker lightness slider min value (0) gives black","","Tue May 05 17:13:31 UTC 2026","passed","Tue May 05 17:13:31 UTC 2026","","Utility Functions","Component Tests ColorPicker lightness slider min value (0) gives black",""
"","10","Server Unit Tests GET /api/colors does not expose _id or __v fields","","Tue May 05 17:13:19 UTC 2026","passed","Tue May 05 17:13:19 UTC 2026","","Server Unit Tests","Server Unit Tests GET /api/colors does not expose _id or __v fields",""
"","25","Component Tests ColorPicker duplicate check is case-insensitive","","Tue May 05 17:13:31 UTC 2026","passed","Tue May 05 17:13:31 UTC 2026","","Utility Functions","Component Tests ColorPicker duplicate check is case-insensitive",""
"","5","Server Unit Tests OpenAPI endpoints has exact application/json content-type","","Tue May 05 17:13:19 UTC 2026","passed","Tue May 05 17:13:19 UTC 2026","","Server Unit Tests","Server Unit Tests OpenAPI endpoints has exact application/json content-type",""
"","4","Server Unit Tests Surviving Mutants & Edge Cases PUT logic kills refine mutant by sending empty body","","Tue May 05 17:13:19 UTC 2026","passed","Tue May 05 17:13:19 UTC 2026","","Server Unit Tests","Server Unit Tests Surviving Mutants & Edge Cases PUT logic kills refine mutant by sending empty body",""
"","6","PATCH /api/colors returns 405","Chrome","Tue May 05 17:27:11 UTC 2026","passed","Tue May 05 17:27:11 UTC 2026","Security > HTTP Method Restrictions","tests/security.spec.ts","",""
"","19","Server Integration Tests (Testcontainers) GET /api/colors/:name should return correct data for Yellow","","Tue May 05 17:12:57 UTC 2026","passed","Tue May 05 17:12:57 UTC 2026","","Server Integration Tests (Testcontainers)","Server Integration Tests (Testcontainers) GET /api/colors/:name should return correct data for Yellow",""
"","4","Server Unit Tests PUT /api/colors/:name returns 400 for invalid name in path (regex check)","","Tue May 05 17:13:19 UTC 2026","passed","Tue May 05 17:13:19 UTC 2026","","Server Unit Tests","Server Unit Tests PUT /api/colors/:name returns 400 for invalid name in path (regex check)",""
"","87","Frontend Unit Tests App Component confirm dialog cancel does nothing when deleting=true","","Tue May 05 17:13:31 UTC 2026","passed","Tue May 05 17:13:31 UTC 2026","","Frontend Unit Tests","Frontend Unit Tests App Component confirm dialog cancel does nothing when deleting=true",""
"","29","Component Tests ColorPicker submit with duplicate name (client-side) shows duplicate error","","Tue May 05 17:13:31 UTC 2026","passed","Tue May 05 17:13:31 UTC 2026","","Utility Functions","Component Tests ColorPicker submit with duplicate name (client-side) shows duplicate error",""
"","3","Server Unit Tests POST /api/colors returns 400 for completely empty body","","Tue May 05 17:13:19 UTC 2026","passed","Tue May 05 17:13:19 UTC 2026","","Server Unit Tests","Server Unit Tests POST /api/colors returns 400 for completely empty body",""
"","95","should delete an existing color","Chrome","Tue May 05 17:27:14 UTC 2026","passed","Tue May 05 17:27:14 UTC 2026","Backend API Integration > DELETE /api/colors/:name","tests/api.spec.ts","",""
"","1034","Cancel button closes the picker","Chrome","Tue May 05 17:27:16 UTC 2026","passed","Tue May 05 17:27:17 UTC 2026","Color Management — Add & Delete","tests/color-management.spec.ts","",""
"","47","Frontend Unit Tests App Component add color 500 shows server error message","","Tue May 05 17:13:31 UTC 2026","passed","Tue May 05 17:13:31 UTC 2026","","Frontend Unit Tests","Frontend Unit Tests App Component add color 500 shows server error message",""
"","0","Utility Functions rgbToHsl b max (#0040ff) → h in (180,300)","","Tue May 05 17:13:31 UTC 2026","passed","Tue May 05 17:13:31 UTC 2026","","Utility Functions","Utility Functions rgbToHsl b max (#0040ff) → h in (180,300)",""
"","10","Server Integration Tests (Testcontainers) GET /api/colors should return colors sorted alphabetically by name","","Tue May 05 17:12:57 UTC 2026","passed","Tue May 05 17:12:57 UTC 2026","","Server Integration Tests (Testcontainers)","Server Integration Tests (Testcontainers) GET /api/colors should return colors sorted alphabetically by name",""
"","23","Component Tests ColorPicker mousedown at bottom-center (hue=90) sets hex to #80ff00","","Tue May 05 17:13:31 UTC 2026","passed","Tue May 05 17:13:31 UTC 2026","","Utility Functions","Component Tests ColorPicker mousedown at bottom-center (hue=90) sets hex to #80ff00",""
"","1018","delete API error shows alert banner","Chrome","Tue May 05 17:27:23 UTC 2026","passed","Tue May 05 17:27:24 UTC 2026","Color Management — Add & Delete","tests/color-management.spec.ts","",""
"","1190","DELETE /api/colors/{name}","","","passed","","","schemathesis","",""
"","889","Example #2","BDD","Tue May 05 17:20:36 UTC 2026","passed","Tue May 05 17:20:37 UTC 2026","Home Page Background Color > Change background color","","",""
"","11","Server Unit Tests PUT /api/colors/:name updates the hex of an existing color","","Tue May 05 17:13:19 UTC 2026","passed","Tue May 05 17:13:19 UTC 2026","","Server Unit Tests","Server Unit Tests PUT /api/colors/:name updates the hex of an existing color",""
"","1071","successful delete removes the chip","Chrome","Tue May 05 17:27:22 UTC 2026","passed","Tue May 05 17:27:23 UTC 2026","Color Management — Add & Delete","tests/color-management.spec.ts","",""
"","21","Frontend Unit Tests App Component labelFor falls back to color name for unknown/custom color","","Tue May 05 17:13:31 UTC 2026","passed","Tue May 05 17:13:31 UTC 2026","","Frontend Unit Tests","Frontend Unit Tests App Component labelFor falls back to color name for unknown/custom color",""
"","672","clicking ""+ Add color"" opens the picker modal","Chrome","Tue May 05 17:27:15 UTC 2026","passed","Tue May 05 17:27:16 UTC 2026","Color Management — Add & Delete","tests/color-management.spec.ts","",""
"","5","Server Unit Tests Surviving Mutants & Edge Cases Swagger JSDoc Integration kills apis array mutants by verifying JSDoc content is present","","Tue May 05 17:13:19 UTC 2026","passed","Tue May 05 17:13:19 UTC 2026","","Server Unit Tests","Server Unit Tests Surviving Mutants & Edge Cases Swagger JSDoc Integration kills apis array mutants by verifying JSDoc content is present",""
"","10","Server Unit Tests Surviving Mutants & Edge Cases PUT logic kills name/hex conditional mutants by providing only one field","","Tue May 05 17:13:19 UTC 2026","passed","Tue May 05 17:13:19 UTC 2026","","Server Unit Tests","Server Unit Tests Surviving Mutants & Edge Cases PUT logic kills name/hex conditional mutants by providing only one field",""
"","2","Utility Functions hslToRgb hue=0 (red) → [255,0,0]","","Tue May 05 17:13:31 UTC 2026","passed","Tue May 05 17:13:31 UTC 2026","","Utility Functions","Utility Functions hslToRgb hue=0 (red) → [255,0,0]",""
"","0","Utility Functions rgbToHex value 16 does not pad","","Tue May 05 17:13:31 UTC 2026","passed","Tue May 05 17:13:31 UTC 2026","","Utility Functions","Utility Functions rgbToHex value 16 does not pad",""
"","6","Server Integration Tests (Testcontainers) POST /api/colors should return 400 for invalid hex format (missing #)","","Tue May 05 17:12:57 UTC 2026","passed","Tue May 05 17:12:57 UTC 2026","","Server Integration Tests (Testcontainers)","Server Integration Tests (Testcontainers) POST /api/colors should return 400 for invalid hex format (missing #)",""
"","54","Frontend Unit Tests App Component renders title, logo, and calls initial fetch","","Tue May 05 17:13:31 UTC 2026","passed","Tue May 05 17:13:31 UTC 2026","","Frontend Unit Tests","Frontend Unit Tests App Component renders title, logo, and calls initial fetch",""
"","63","Frontend Unit Tests App Component delete sends DELETE request with correct method","","Tue May 05 17:13:31 UTC 2026","passed","Tue May 05 17:13:31 UTC 2026","","Frontend Unit Tests","Frontend Unit Tests App Component delete sends DELETE request with correct method",""
"","65","Frontend Unit Tests App Component add color success closes picker and shows new chip","","Tue May 05 17:13:31 UTC 2026","passed","Tue May 05 17:13:31 UTC 2026","","Frontend Unit Tests","Frontend Unit Tests App Component add color success closes picker and shows new chip",""
"","1","Utility Functions rgbToHsl pure blue → h=240, s=1, l=0.5","","Tue May 05 17:13:31 UTC 2026","passed","Tue May 05 17:13:31 UTC 2026","","Utility Functions","Utility Functions rgbToHsl pure blue → h=240, s=1, l=0.5",""
"","705","verify language switcher changes document language","Chrome","Tue May 05 17:25:05 UTC 2026","passed","Tue May 05 17:25:05 UTC 2026","","tests/coverage.spec.ts","",""
"","5","Server Unit Tests 405 Method Not Allowed sets the Allow header on /api/colors with correct methods","","Tue May 05 17:13:19 UTC 2026","passed","Tue May 05 17:13:19 UTC 2026","","Server Unit Tests","Server Unit Tests 405 Method Not Allowed sets the Allow header on /api/colors with correct methods",""
"","8","Component Tests ConfirmDialog dialog has correct ARIA attributes","","Tue May 05 17:13:31 UTC 2026","passed","Tue May 05 17:13:31 UTC 2026","","Component Tests","Component Tests ConfirmDialog dialog has correct ARIA attributes",""
"","19","should reject missing name","Chrome","Tue May 05 17:20:29 UTC 2026","passed","Tue May 05 17:20:29 UTC 2026","Backend API Integration > POST /api/colors Schema Validation","","",""
"","4","Server Unit Tests PUT /api/colors/:name returns 400 for invalid current name format in URL","","Tue May 05 17:13:19 UTC 2026","passed","Tue May 05 17:13:19 UTC 2026","","Server Unit Tests","Server Unit Tests PUT /api/colors/:name returns 400 for invalid current name format in URL",""
"","188","Component Tests ConfirmDialog renders title, body, and both buttons","","Tue May 05 17:13:31 UTC 2026","passed","Tue May 05 17:13:31 UTC 2026","","Component Tests","Component Tests ConfirmDialog renders title, body, and both buttons",""
"","0","Utility Functions hslToRgb hue=150 (spring green) → [0,255,128]","","Tue May 05 17:13:31 UTC 2026","passed","Tue May 05 17:13:31 UTC 2026","","Utility Functions","Utility Functions hslToRgb hue=150 (spring green) → [0,255,128]",""
"","18","Component Tests ConfirmDialog cancel button calls onCancel","","Tue May 05 17:13:31 UTC 2026","passed","Tue May 05 17:13:31 UTC 2026","","Component Tests","Component Tests ConfirmDialog cancel button calls onCancel",""
"","11","Server Integration Tests (Testcontainers) seedDatabase should be idempotent — calling twice always yields exactly 3 colors","","Tue May 05 17:12:57 UTC 2026","passed","Tue May 05 17:12:57 UTC 2026","","Server Integration Tests (Testcontainers)","Server Integration Tests (Testcontainers) seedDatabase should be idempotent — calling twice always yields exactly 3 colors",""
"","57","should return 404 when updating non-existent color","Chrome","Tue May 05 17:27:14 UTC 2026","passed","Tue May 05 17:27:14 UTC 2026","Backend API Integration > PUT /api/colors/:name Schema Validation","tests/api.spec.ts","",""
"","0","homepage after color change","Chrome","Tue May 05 17:23:02 UTC 2026","skipped","Tue May 05 17:23:02 UTC 2026","Percy Visual Regression – Production > Percy – desktop-xl (1920×1080)","","",""
"","89","Frontend Unit Tests App Component clicking a color chip makes it active","","Tue May 05 17:13:31 UTC 2026","passed","Tue May 05 17:13:31 UTC 2026","","Frontend Unit Tests","Frontend Unit Tests App Component clicking a color chip makes it active",""
"","640","Show error message when the initial colors fetch fails","BDD","Tue May 05 17:20:33 UTC 2026","passed","Tue May 05 17:20:34 UTC 2026","API Error Handling","","",""
"","790","handle color response missing hex property","Chrome","Tue May 05 17:25:06 UTC 2026","passed","Tue May 05 17:25:07 UTC 2026","Edge cases and error handling","tests/coverage.spec.ts","",""
"","4","Component Tests ConfirmDialog Enter key does NOT call onConfirm when busy","","Tue May 05 17:13:31 UTC 2026","passed","Tue May 05 17:13:31 UTC 2026","","Component Tests","Component Tests ConfirmDialog Enter key does NOT call onConfirm when busy",""
"","1","Utility Functions rgbToHsl round-trip hslToRgb→rgbToHsl preserves hue for all sectors","","Tue May 05 17:13:31 UTC 2026","passed","Tue May 05 17:13:31 UTC 2026","","Utility Functions","Utility Functions rgbToHsl round-trip hslToRgb→rgbToHsl preserves hue for all sectors",""
"","1501","shows 409 duplicate error from server inside the picker","Chrome","Tue May 05 17:27:19 UTC 2026","passed","Tue May 05 17:27:20 UTC 2026","Color Management — Add & Delete","tests/color-management.spec.ts","",""
"","22","Component Tests ColorPicker touchend stops dragging (touchmove after touchend is ignored)","","Tue May 05 17:13:31 UTC 2026","passed","Tue May 05 17:13:31 UTC 2026","","Utility Functions","Component Tests ColorPicker touchend stops dragging (touchmove after touchend is ignored)",""
"","2638","should maintain accessibility after state change (color update)","Chrome","Tue May 05 17:19:55 UTC 2026","passed","Tue May 05 17:19:57 UTC 2026","Accessibility Tests","tests/a11y.spec.ts","",""
"","818","homepage should match snapshot","Chrome","Tue May 05 17:22:58 UTC 2026","passed","Tue May 05 17:22:59 UTC 2026","Visual Regression – iphone-se (375×667)","","",""
"","0","Utility Functions rgbToHsl g max with b>r (#00ff80) → h near 150","","Tue May 05 17:13:31 UTC 2026","passed","Tue May 05 17:13:31 UTC 2026","","Utility Functions","Utility Functions rgbToHsl g max with b>r (#00ff80) → h near 150",""
"","4","Server Unit Tests Surviving Mutants & Edge Cases Logs seedDatabase logs success message","","Tue May 05 17:13:19 UTC 2026","passed","Tue May 05 17:13:19 UTC 2026","","Server Unit Tests","Server Unit Tests Surviving Mutants & Edge Cases Logs seedDatabase logs success message",""
"","10","Server Integration Tests (Testcontainers) DELETE /api/colors/:name should return 404 on a second delete of the same color","","Tue May 05 17:12:57 UTC 2026","passed","Tue May 05 17:12:57 UTC 2026","","Server Integration Tests (Testcontainers)","Server Integration Tests (Testcontainers) DELETE /api/colors/:name should return 404 on a second delete of the same color",""
"","5","Server Unit Tests Surviving Mutants & Edge Cases OpenAPI Content-Type has application/json content-type","","Tue May 05 17:13:19 UTC 2026","passed","Tue May 05 17:13:19 UTC 2026","","Server Unit Tests","Server Unit Tests Surviving Mutants & Edge Cases OpenAPI Content-Type has application/json content-type",""
"","23","Server Integration Tests (Testcontainers) Concurrent writes should handle simultaneous POSTs with the same name — exactly one succeeds","","Tue May 05 17:12:57 UTC 2026","passed","Tue May 05 17:12:57 UTC 2026","","Server Integration Tests (Testcontainers)","Server Integration Tests (Testcontainers) Concurrent writes should handle simultaneous POSTs with the same name — exactly one succeeds",""
"","9","Server Unit Tests PUT /api/colors/:name updates the name of an existing color and preserves hex","","Tue May 05 17:13:19 UTC 2026","passed","Tue May 05 17:13:19 UTC 2026","","Server Unit Tests","Server Unit Tests PUT /api/colors/:name updates the name of an existing color and preserves hex",""
"","42","Frontend Unit Tests App Component add color network error shows network error message","","Tue May 05 17:13:31 UTC 2026","passed","Tue May 05 17:13:31 UTC 2026","","Frontend Unit Tests","Frontend Unit Tests App Component add color network error shows network error message",""
"","52","Frontend Unit Tests App Component deleting the active color switches background to the first remaining","","Tue May 05 17:13:31 UTC 2026","passed","Tue May 05 17:13:31 UTC 2026","","Frontend Unit Tests","Frontend Unit Tests App Component deleting the active color switches background to the first remaining",""
"","6","Server Integration Tests (Testcontainers) POST /api/colors should return 400 when extra fields are provided","","Tue May 05 17:12:57 UTC 2026","passed","Tue May 05 17:12:57 UTC 2026","","Server Integration Tests (Testcontainers)","Server Integration Tests (Testcontainers) POST /api/colors should return 400 when extra fields are provided",""
"","6","Server Integration Tests (Testcontainers) DELETE /api/colors/:name should return 400 for invalid name format","","Tue May 05 17:12:57 UTC 2026","passed","Tue May 05 17:12:57 UTC 2026","","Server Integration Tests (Testcontainers)","Server Integration Tests (Testcontainers) DELETE /api/colors/:name should return 400 for invalid name format",""
"","646","first color chip is active on load (aria-pressed=true)","Chrome","Tue May 05 17:27:14 UTC 2026","passed","Tue May 05 17:27:15 UTC 2026","Color Management — Add & Delete","tests/color-management.spec.ts","",""
"","6","Server Unit Tests 405 Method Not Allowed does not return 405 for allowed POST method on /api/colors","","Tue May 05 17:13:19 UTC 2026","passed","Tue May 05 17:13:19 UTC 2026","","Server Unit Tests","Server Unit Tests 405 Method Not Allowed does not return 405 for allowed POST method on /api/colors",""
"","323","Server Unit Tests Surviving Mutants & Edge Cases Infrastructure uses default MONGO_URI when process.env.MONGO_URI is missing","","Tue May 05 17:13:19 UTC 2026","passed","Tue May 05 17:13:19 UTC 2026","","Server Unit Tests","Server Unit Tests Surviving Mutants & Edge Cases Infrastructure uses default MONGO_URI when process.env.MONGO_URI is missing",""
"","333","Server Unit Tests Surviving Mutants & Edge Cases Infrastructure uses MONGO_URI from environment if available","","Tue May 05 17:13:19 UTC 2026","passed","Tue May 05 17:13:19 UTC 2026","","Server Unit Tests","Server Unit Tests Surviving Mutants & Edge Cases Infrastructure uses MONGO_URI from environment if available",""
"","0","Utility Functions hexToRgb returns null for invalid input","","Tue May 05 17:13:31 UTC 2026","passed","Tue May 05 17:13:31 UTC 2026","","Utility Functions","Utility Functions hexToRgb returns null for invalid input",""
"","9","Server Integration Tests (Testcontainers) POST /api/colors should not expose _id or __v in the creation response","","Tue May 05 17:12:57 UTC 2026","passed","Tue May 05 17:12:57 UTC 2026","","Server Integration Tests (Testcontainers)","Server Integration Tests (Testcontainers) POST /api/colors should not expose _id or __v in the creation response",""
"","508","should show loading state when API returns empty colors","Chrome","Tue May 05 17:25:09 UTC 2026","passed","Tue May 05 17:25:10 UTC 2026","UI Error Handling Coverage","tests/error-handling.spec.ts","",""
"","1","Utility Functions rgbToHsl pure green → h=120, s=1, l=0.5","","Tue May 05 17:13:31 UTC 2026","passed","Tue May 05 17:13:31 UTC 2026","","Utility Functions","Utility Functions rgbToHsl pure green → h=120, s=1, l=0.5",""
"","654","chip-x click opens confirm dialog with color name","Chrome","Tue May 05 17:27:20 UTC 2026","passed","Tue May 05 17:27:21 UTC 2026","Color Management — Add & Delete","tests/color-management.spec.ts","",""
"","53","Frontend Unit Tests App Component header color attribute changes after clicking a chip","","Tue May 05 17:13:31 UTC 2026","passed","Tue May 05 17:13:31 UTC 2026","","Frontend Unit Tests","Frontend Unit Tests App Component header color attribute changes after clicking a chip",""
"","185","Component Tests ColorPicker renders the modal with title, hex preview, name and hex inputs","","Tue May 05 17:13:31 UTC 2026","passed","Tue May 05 17:13:31 UTC 2026","","Utility Functions","Component Tests ColorPicker renders the modal with title, hex preview, name and hex inputs",""
"","9","Server Unit Tests Surviving Mutants & Edge Cases Regex & Validation STRICT_NAME_REGEX is strict on forbidden special characters in the middle","","Tue May 05 17:13:19 UTC 2026","passed","Tue May 05 17:13:19 UTC 2026","","Server Unit Tests","Server Unit Tests Surviving Mutants & Edge Cases Regex & Validation STRICT_NAME_REGEX is strict on forbidden special characters in the middle",""
"","11","Component Tests ColorPicker wheel cursor moves to (220,110) after right-edge click (hue=0, sat=1)","","Tue May 05 17:13:31 UTC 2026","passed","Tue May 05 17:13:31 UTC 2026","","Utility Functions","Component Tests ColorPicker wheel cursor moves to (220,110) after right-edge click (hue=0, sat=1)",""
"","22","Server Integration Tests (Testcontainers) POST /api/colors should create a new color and persist it in the real database","","Tue May 05 17:12:57 UTC 2026","passed","Tue May 05 17:12:57 UTC 2026","","Server Integration Tests (Testcontainers)","Server Integration Tests (Testcontainers) POST /api/colors should create a new color and persist it in the real database",""
"","0","mobile color picker workflow","Chrome","Tue May 05 17:23:02 UTC 2026","skipped","Tue May 05 17:23:02 UTC 2026","Percy Visual Regression – Production > Percy – Mobile Interactions","","",""
"","6","Server Unit Tests Surviving Mutants & Edge Cases Regex & Validation Zod required_error messages are correct","","Tue May 05 17:13:19 UTC 2026","passed","Tue May 05 17:13:19 UTC 2026","","Server Unit Tests","Server Unit Tests Surviving Mutants & Edge Cases Regex & Validation Zod required_error messages are correct",""
"","7","Component Tests ConfirmDialog Enter key calls onConfirm when not busy","","Tue May 05 17:13:31 UTC 2026","passed","Tue May 05 17:13:31 UTC 2026","","Component Tests","Component Tests ConfirmDialog Enter key calls onConfirm when not busy",""
"","18","Server Integration Tests (Testcontainers) seedDatabase should clear custom colors when re-seeded","","Tue May 05 17:12:57 UTC 2026","passed","Tue May 05 17:12:57 UTC 2026","","Server Integration Tests (Testcontainers)","Server Integration Tests (Testcontainers) seedDatabase should clear custom colors when re-seeded",""
"","60","Frontend Unit Tests App Component successful delete removes the color chip","","Tue May 05 17:13:31 UTC 2026","passed","Tue May 05 17:13:31 UTC 2026","","Frontend Unit Tests","Frontend Unit Tests App Component successful delete removes the color chip",""
"","6","Server Integration Tests (Testcontainers) Method Not Allowed should return 405 for PATCH /api/colors","","Tue May 05 17:12:57 UTC 2026","passed","Tue May 05 17:12:57 UTC 2026","","Server Integration Tests (Testcontainers)","Server Integration Tests (Testcontainers) Method Not Allowed should return 405 for PATCH /api/colors",""
"","14","Component Tests ColorPicker Add color button shows ""Saving…"" when saving=true","","Tue May 05 17:13:31 UTC 2026","passed","Tue May 05 17:13:31 UTC 2026","","Utility Functions","Component Tests ColorPicker Add color button shows ""Saving…"" when saving=true",""
"","22","Frontend Unit Tests App Component link color is light (#cfe8ff) on dark background","","Tue May 05 17:13:31 UTC 2026","passed","Tue May 05 17:13:31 UTC 2026","","Frontend Unit Tests","Frontend Unit Tests App Component link color is light (#cfe8ff) on dark background",""
"","1","Utility Functions rgbToHsl mid-grey [128,128,128] → s=0","","Tue May 05 17:13:31 UTC 2026","passed","Tue May 05 17:13:31 UTC 2026","","Utility Functions","Utility Functions rgbToHsl mid-grey [128,128,128] → s=0",""
"","30","Component Tests ColorPicker lightness slider change updates the preview","","Tue May 05 17:13:31 UTC 2026","passed","Tue May 05 17:13:31 UTC 2026","","Utility Functions","Component Tests ColorPicker lightness slider change updates the preview",""
"","21","GET /api/colors","","","skipped","","","schemathesis","",""
"","27","Component Tests ColorPicker submit with empty name shows ""Name is required"" error","","Tue May 05 17:13:31 UTC 2026","passed","Tue May 05 17:13:31 UTC 2026","","Utility Functions","Component Tests ColorPicker submit with empty name shows ""Name is required"" error",""
"","5","Server Unit Tests Middleware handles non-JSON content type gracefully on POST","","Tue May 05 17:13:19 UTC 2026","passed","Tue May 05 17:13:19 UTC 2026","","Server Unit Tests","Server Unit Tests Middleware handles non-JSON content type gracefully on POST",""
"","10","Component Tests ConfirmDialog swatch div has the correct background color","","Tue May 05 17:13:31 UTC 2026","passed","Tue May 05 17:13:31 UTC 2026","","Component Tests","Component Tests ConfirmDialog swatch div has the correct background color",""
"","66","Frontend Unit Tests App Component handles non-array initial fetch response gracefully","","Tue May 05 17:13:31 UTC 2026","passed","Tue May 05 17:13:31 UTC 2026","","Frontend Unit Tests","Frontend Unit Tests App Component handles non-array initial fetch response gracefully",""
"","1773","should maintain accessibility in el language and verify resilient locators","Chrome","Tue May 05 17:20:04 UTC 2026","passed","Tue May 05 17:20:06 UTC 2026","i18n Accessibility Tests","tests/a11y.spec.ts","",""
"","40","should create a new color with valid schema","Chrome","Tue May 05 17:20:29 UTC 2026","passed","Tue May 05 17:20:29 UTC 2026","Backend API Integration > POST /api/colors Schema Validation","","",""
"","5","Server Integration Tests (Testcontainers) PUT /api/colors/:name should return 400 for invalid name in URL path","","Tue May 05 17:12:57 UTC 2026","passed","Tue May 05 17:12:57 UTC 2026","","Server Integration Tests (Testcontainers)","Server Integration Tests (Testcontainers) PUT /api/colors/:name should return 400 for invalid name in URL path",""
"Performance Test: UI Performance Test
File: ui-performance.spec.ts
Total Iterations: 1
Max VUs: 1

HTTP Request Duration:
- Avg: 2.70ms
- P(95): 2.70ms
- Max: 2.70ms

Full metrics attached in the results.","33731","UI Performance Test","Performance","Tue May 05 17:16:18 UTC 2026","passed","Tue May 05 17:16:52 UTC 2026","ui-performance.spec.ts","UI Performance Test","",""
"","11","Frontend Unit Tests App Component shows loading text when colors array is empty","","Tue May 05 17:13:31 UTC 2026","passed","Tue May 05 17:13:31 UTC 2026","","Frontend Unit Tests","Frontend Unit Tests App Component shows loading text when colors array is empty",""
"","8","malformed JSON body returns 400","Chrome","Tue May 05 17:27:11 UTC 2026","passed","Tue May 05 17:27:11 UTC 2026","Security > Input Validation","tests/security.spec.ts","",""
"","11","Server Integration Tests (Testcontainers) GET /api/colors/:name should return correct data for Red","","Tue May 05 17:12:57 UTC 2026","passed","Tue May 05 17:12:57 UTC 2026","","Server Integration Tests (Testcontainers)","Server Integration Tests (Testcontainers) GET /api/colors/:name should return correct data for Red",""
"","711","handle color selection fetch error","Chrome","Tue May 05 17:25:06 UTC 2026","passed","Tue May 05 17:25:07 UTC 2026","Edge cases and error handling","tests/coverage.spec.ts","",""
"","1","Utility Functions hslToRgb hue=210 (azure) → [0,128,255]","","Tue May 05 17:13:31 UTC 2026","passed","Tue May 05 17:13:31 UTC 2026","","Utility Functions","Utility Functions hslToRgb hue=210 (azure) → [0,128,255]",""
"","0","Utility Functions hslToRgb low lightness l=0.25 → [128,0,0]","","Tue May 05 17:13:31 UTC 2026","passed","Tue May 05 17:13:31 UTC 2026","","Utility Functions","Utility Functions hslToRgb low lightness l=0.25 → [128,0,0]",""
"","47","Frontend Unit Tests App Component add color 409 fallback message when data.error is absent","","Tue May 05 17:13:31 UTC 2026","passed","Tue May 05 17:13:31 UTC 2026","","Frontend Unit Tests","Frontend Unit Tests App Component add color 409 fallback message when data.error is absent",""
"","23","Component Tests ConfirmDialog cancelLabel prop is reflected in the button text","","Tue May 05 17:13:31 UTC 2026","passed","Tue May 05 17:13:31 UTC 2026","","Component Tests","Component Tests ConfirmDialog cancelLabel prop is reflected in the button text",""
"","27","Component Tests ColorPicker mousedown at top-center (hue=270) sets hex to #8000ff","","Tue May 05 17:13:31 UTC 2026","passed","Tue May 05 17:13:31 UTC 2026","","Utility Functions","Component Tests ColorPicker mousedown at top-center (hue=270) sets hex to #8000ff",""
"","4","Server Unit Tests Middleware JSON error middleware ignores SyntaxError without body","","Tue May 05 17:13:19 UTC 2026","passed","Tue May 05 17:13:19 UTC 2026","","Server Unit Tests","Server Unit Tests Middleware JSON error middleware ignores SyntaxError without body",""
"","1","Utility Functions hslToRgb hue=360 wraps to hue=0 → [255,0,0]","","Tue May 05 17:13:31 UTC 2026","passed","Tue May 05 17:13:31 UTC 2026","","Utility Functions","Utility Functions hslToRgb hue=360 wraps to hue=0 → [255,0,0]",""
"","1","Utility Functions rgbToHsl light red (#ff8080): l>0.5, s computed via (2-max-min) branch","","Tue May 05 17:13:31 UTC 2026","passed","Tue May 05 17:13:31 UTC 2026","","Utility Functions","Utility Functions rgbToHsl light red (#ff8080): l>0.5, s computed via (2-max-min) branch",""
"","10","Server Unit Tests Surviving Mutants & Edge Cases Allowed Methods kills mutants in allowedMethods object","","Tue May 05 17:13:19 UTC 2026","passed","Tue May 05 17:13:19 UTC 2026","","Server Unit Tests","Server Unit Tests Surviving Mutants & Edge Cases Allowed Methods kills mutants in allowedMethods object",""
"","0","Utility Functions readableOn returns #111 for a pale/pastel colour (high luminance)","","Tue May 05 17:13:31 UTC 2026","passed","Tue May 05 17:13:31 UTC 2026","","Utility Functions","Utility Functions readableOn returns #111 for a pale/pastel colour (high luminance)",""
"","6","Frontend Unit Tests App Component current color span tracks hex value","","Tue May 05 17:13:31 UTC 2026","passed","Tue May 05 17:13:31 UTC 2026","","Frontend Unit Tests","Frontend Unit Tests App Component current color span tracks hex value",""
"","5","Server Unit Tests POST /api/colors returns 400 for invalid hex format (no hash)","","Tue May 05 17:13:19 UTC 2026","passed","Tue May 05 17:13:19 UTC 2026","","Server Unit Tests","Server Unit Tests POST /api/colors returns 400 for invalid hex format (no hash)",""
"","1433","POST /api/colors","","","passed","","","schemathesis","",""
"","6","Utility Functions hslToRgb saturation clamped: s=-0.5 treated as s=0","","Tue May 05 17:13:31 UTC 2026","passed","Tue May 05 17:13:31 UTC 2026","","Utility Functions","Utility Functions hslToRgb saturation clamped: s=-0.5 treated as s=0",""
"","57","Component Tests ColorPicker editing name does NOT call onClearError when no serverError","","Tue May 05 17:13:31 UTC 2026","passed","Tue May 05 17:13:31 UTC 2026","","Utility Functions","Component Tests ColorPicker editing name does NOT call onClearError when no serverError",""
"","4","Server Unit Tests 405 Method Not Allowed sets the Allow header on /api/colors/:name with correct methods","","Tue May 05 17:13:19 UTC 2026","passed","Tue May 05 17:13:19 UTC 2026","","Server Unit Tests","Server Unit Tests 405 Method Not Allowed sets the Allow header on /api/colors/:name with correct methods",""
"","850","Example #3","BDD","Tue May 05 17:20:37 UTC 2026","passed","Tue May 05 17:20:38 UTC 2026","Home Page Background Color > Change background color","","",""
"","7","Server Unit Tests 405 Method Not Allowed returns 405 for POST, PUT, DELETE on /api-docs","","Tue May 05 17:13:19 UTC 2026","passed","Tue May 05 17:13:19 UTC 2026","","Server Unit Tests","Server Unit Tests 405 Method Not Allowed returns 405 for POST, PUT, DELETE on /api-docs",""
"","0","homepage initial state","Chrome","Tue May 05 17:23:02 UTC 2026","skipped","Tue May 05 17:23:02 UTC 2026","Percy Visual Regression – Production > Percy – desktop (1280×720)","","",""
"","8","unknown extra fields in POST body are rejected (400)","Chrome","Tue May 05 17:27:11 UTC 2026","passed","Tue May 05 17:27:11 UTC 2026","Security > Input Validation","tests/security.spec.ts","",""
"","6","Server Unit Tests Middleware includes CORS headers","","Tue May 05 17:13:19 UTC 2026","passed","Tue May 05 17:13:19 UTC 2026","","Server Unit Tests","Server Unit Tests Middleware includes CORS headers",""
"","26","Component Tests ColorPicker submit with invalid chars shows validation error","","Tue May 05 17:13:31 UTC 2026","passed","Tue May 05 17:13:31 UTC 2026","","Utility Functions","Component Tests ColorPicker submit with invalid chars shows validation error",""
"","7","empty body on POST returns 400","Chrome","Tue May 05 17:27:11 UTC 2026","passed","Tue May 05 17:27:11 UTC 2026","Security > Input Validation","tests/security.spec.ts","",""
"","7","array body on POST returns 400","Chrome","Tue May 05 17:27:11 UTC 2026","passed","Tue May 05 17:27:11 UTC 2026","Security > Input Validation","tests/security.spec.ts","",""
"","8","Server Integration Tests (Testcontainers) DELETE /api/colors/:name should delete a color and confirm removal from the real database","","Tue May 05 17:12:57 UTC 2026","passed","Tue May 05 17:12:57 UTC 2026","","Server Integration Tests (Testcontainers)","Server Integration Tests (Testcontainers) DELETE /api/colors/:name should delete a color and confirm removal from the real database",""
"","45","Server Integration Tests (Testcontainers) GET /api/colors should retrieve all seeded colors","","Tue May 05 17:12:57 UTC 2026","passed","Tue May 05 17:12:57 UTC 2026","","Server Integration Tests (Testcontainers)","Server Integration Tests (Testcontainers) GET /api/colors should retrieve all seeded colors",""
"","27","Component Tests ColorPicker mousemove after mouseup does NOT update color (dragging stopped)","","Tue May 05 17:13:31 UTC 2026","passed","Tue May 05 17:13:31 UTC 2026","","Utility Functions","Component Tests ColorPicker mousemove after mouseup does NOT update color (dragging stopped)",""
"","6","Server Unit Tests GET /api/colors/:name is case-sensitive","","Tue May 05 17:13:19 UTC 2026","passed","Tue May 05 17:13:19 UTC 2026","","Server Unit Tests","Server Unit Tests GET /api/colors/:name is case-sensitive",""
"","1","Utility Functions hslToRgb hue=120 (green) → [0,255,0]","","Tue May 05 17:13:31 UTC 2026","passed","Tue May 05 17:13:31 UTC 2026","","Utility Functions","Utility Functions hslToRgb hue=120 (green) → [0,255,0]",""
"","33","Frontend Unit Tests App Component picker cancel button closes the modal","","Tue May 05 17:13:31 UTC 2026","passed","Tue May 05 17:13:31 UTC 2026","","Frontend Unit Tests","Frontend Unit Tests App Component picker cancel button closes the modal",""
"","1031","close (×) button closes the picker","Chrome","Tue May 05 17:27:16 UTC 2026","passed","Tue May 05 17:27:17 UTC 2026","Color Management — Add & Delete","tests/color-management.spec.ts","",""
"","5","Server Unit Tests Error Handling GET /api/colors/:name returns 500 when database fails","","Tue May 05 17:13:19 UTC 2026","passed","Tue May 05 17:13:19 UTC 2026","","Server Unit Tests","Server Unit Tests Error Handling GET /api/colors/:name returns 500 when database fails",""
"","12","Server Unit Tests DELETE /api/colors/:name deletes an existing color and returns success message","","Tue May 05 17:13:19 UTC 2026","passed","Tue May 05 17:13:19 UTC 2026","","Server Unit Tests","Server Unit Tests DELETE /api/colors/:name deletes an existing color and returns success message",""
"","11","NoSQL $where operator in name is rejected (400)","Chrome","Tue May 05 17:27:10 UTC 2026","passed","Tue May 05 17:27:11 UTC 2026","Security > Injection Prevention","tests/security.spec.ts","",""
"","542","should handle fetch colors network failure gracefully","Chrome","Tue May 05 17:25:09 UTC 2026","passed","Tue May 05 17:25:09 UTC 2026","UI Error Handling Coverage","tests/error-handling.spec.ts","",""
"","4","Server Unit Tests PUT /api/colors/:name returns 400 for extra unknown fields (strict schema)","","Tue May 05 17:13:19 UTC 2026","passed","Tue May 05 17:13:19 UTC 2026","","Server Unit Tests","Server Unit Tests PUT /api/colors/:name returns 400 for extra unknown fields (strict schema)",""
"","0","Utility Functions hslToRgb hue=270 (violet) → [128,0,255]","","Tue May 05 17:13:31 UTC 2026","passed","Tue May 05 17:13:31 UTC 2026","","Utility Functions","Utility Functions hslToRgb hue=270 (violet) → [128,0,255]",""
"","6","DELETE /api/colors (collection) returns 405","Chrome","Tue May 05 17:27:11 UTC 2026","passed","Tue May 05 17:27:11 UTC 2026","Security > HTTP Method Restrictions","tests/security.spec.ts","",""
"","4","Server Unit Tests POST /api/colors returns 400 for name with only spaces","","Tue May 05 17:13:19 UTC 2026","passed","Tue May 05 17:13:19 UTC 2026","","Server Unit Tests","Server Unit Tests POST /api/colors returns 400 for name with only spaces",""
"","4","Server Unit Tests Surviving Mutants & Edge Cases Swagger Metadata & OpenAPI has exact info metadata","","Tue May 05 17:13:19 UTC 2026","passed","Tue May 05 17:13:19 UTC 2026","","Server Unit Tests","Server Unit Tests Surviving Mutants & Edge Cases Swagger Metadata & OpenAPI has exact info metadata",""
"","2108","should maintain accessibility in en language and verify resilient locators","Chrome","Tue May 05 17:20:00 UTC 2026","passed","Tue May 05 17:20:02 UTC 2026","i18n Accessibility Tests","tests/a11y.spec.ts","",""
"","608","should handle color click network failure gracefully","Chrome","Tue May 05 17:25:09 UTC 2026","passed","Tue May 05 17:25:10 UTC 2026","UI Error Handling Coverage","tests/error-handling.spec.ts","",""
"","1","Utility Functions hslToRgb hue=240 (blue) → [0,0,255]","","Tue May 05 17:13:31 UTC 2026","passed","Tue May 05 17:13:31 UTC 2026","","Utility Functions","Utility Functions hslToRgb hue=240 (blue) → [0,0,255]",""
"","311","Server Unit Tests Surviving Mutants & Edge Cases Port Fallback reflects process.env.PORT in Swagger servers","","Tue May 05 17:13:19 UTC 2026","passed","Tue May 05 17:13:19 UTC 2026","","Server Unit Tests","Server Unit Tests Surviving Mutants & Edge Cases Port Fallback reflects process.env.PORT in Swagger servers",""
"","337","Server Unit Tests Surviving Mutants & Edge Cases Port Fallback uses default PORT 5001 when process.env.PORT is missing","","Tue May 05 17:13:19 UTC 2026","passed","Tue May 05 17:13:19 UTC 2026","","Server Unit Tests","Server Unit Tests Surviving Mutants & Edge Cases Port Fallback uses default PORT 5001 when process.env.PORT is missing",""
"","68","Frontend Unit Tests App Component handles empty array from initial fetch gracefully","","Tue May 05 17:13:31 UTC 2026","passed","Tue May 05 17:13:31 UTC 2026","","Frontend Unit Tests","Frontend Unit Tests App Component handles empty array from initial fetch gracefully",""
"","79","POST with HTML tag in name is rejected (400)","Chrome","Tue May 05 17:27:09 UTC 2026","passed","Tue May 05 17:27:09 UTC 2026","Security > XSS Prevention","tests/security.spec.ts","",""
"","1","Utility Functions hslToRgb lightness clamped: l=1.5 gives white","","Tue May 05 17:13:31 UTC 2026","passed","Tue May 05 17:13:31 UTC 2026","","Utility Functions","Utility Functions hslToRgb lightness clamped: l=1.5 gives white",""
"","7","Component Tests ConfirmDialog Escape key calls onCancel when not busy","","Tue May 05 17:13:31 UTC 2026","passed","Tue May 05 17:13:31 UTC 2026","","Component Tests","Component Tests ConfirmDialog Escape key calls onCancel when not busy",""
"","29","Component Tests ColorPicker submit is blocked when hex input has an error","","Tue May 05 17:13:31 UTC 2026","passed","Tue May 05 17:13:31 UTC 2026","","Utility Functions","Component Tests ColorPicker submit is blocked when hex input has an error",""
"","30","Frontend Unit Tests App Component picker × button closes the modal","","Tue May 05 17:13:31 UTC 2026","passed","Tue May 05 17:13:31 UTC 2026","","Frontend Unit Tests","Frontend Unit Tests App Component picker × button closes the modal",""
"","25","Frontend Unit Tests App Component colors.length > 0 does NOT show loading text","","Tue May 05 17:13:31 UTC 2026","passed","Tue May 05 17:13:31 UTC 2026","","Frontend Unit Tests","Frontend Unit Tests App Component colors.length > 0 does NOT show loading text",""
"","40","Frontend Unit Tests App Component deleting the last color sets activeName to null","","Tue May 05 17:13:31 UTC 2026","passed","Tue May 05 17:13:31 UTC 2026","","Frontend Unit Tests","Frontend Unit Tests App Component deleting the last color sets activeName to null",""
"","1","Utility Functions paintWheelPixel paints grey at center (dx=0, dy=0, dist=0, sat=0)","","Tue May 05 17:13:31 UTC 2026","passed","Tue May 05 17:13:31 UTC 2026","","Utility Functions","Utility Functions paintWheelPixel paints grey at center (dx=0, dy=0, dist=0, sat=0)",""
"","1063","verify Yellow ( #f1c40f ) is applied as the background color","Chrome","Tue May 05 17:25:04 UTC 2026","passed","Tue May 05 17:25:05 UTC 2026","Background color tests","tests/coverage.spec.ts","",""
"","2045","deleting the active color switches background to the first remaining","Chrome","Tue May 05 17:27:22 UTC 2026","passed","Tue May 05 17:27:24 UTC 2026","Color Management — Add & Delete","tests/color-management.spec.ts","",""
"","1","Utility Functions paintWheelPixel anti-aliases the outermost ring: dist=r gives alpha=0","","Tue May 05 17:13:31 UTC 2026","passed","Tue May 05 17:13:31 UTC 2026","","Utility Functions","Utility Functions paintWheelPixel anti-aliases the outermost ring: dist=r gives alpha=0",""
"","6","Server Unit Tests GET /api/colors/:name returns Turquoise color correctly","","Tue May 05 17:13:19 UTC 2026","passed","Tue May 05 17:13:19 UTC 2026","","Server Unit Tests","Server Unit Tests GET /api/colors/:name returns Turquoise color correctly",""
"","5","Server Unit Tests Middleware JSON error middleware ignores SyntaxError with status != 400","","Tue May 05 17:13:19 UTC 2026","passed","Tue May 05 17:13:19 UTC 2026","","Server Unit Tests","Server Unit Tests Middleware JSON error middleware ignores SyntaxError with status != 400",""
"","1","Frontend Unit Tests i18n Configuration should have translation keys in resources","","Tue May 05 17:13:33 UTC 2026","passed","Tue May 05 17:13:33 UTC 2026","","Frontend Unit Tests","Frontend Unit Tests i18n Configuration should have translation keys in resources",""
"","0","Utility Functions hslToRgb lightness clamped: l=-0.5 gives black","","Tue May 05 17:13:31 UTC 2026","passed","Tue May 05 17:13:31 UTC 2026","","Utility Functions","Utility Functions hslToRgb lightness clamped: l=-0.5 gives black",""
"Performance Test: API Performance Test
File: api-performance.spec.ts
Total Iterations: 1
Max VUs: 1

HTTP Request Duration:
- Avg: 5.74ms
- P(95): 13.67ms
- Max: 16.15ms

Full metrics attached in the results.","1746","API Performance Test","Performance","Tue May 05 17:14:42 UTC 2026","passed","Tue May 05 17:14:43 UTC 2026","api-performance.spec.ts","API Performance Test","",""
"","1037","homepage should match snapshot","Chrome","Tue May 05 17:22:54 UTC 2026","passed","Tue May 05 17:22:55 UTC 2026","Visual Regression – desktop (1280×720)","","",""
"","47","Frontend Unit Tests App Component add color 400 without data.error falls back to generic message","","Tue May 05 17:13:31 UTC 2026","passed","Tue May 05 17:13:31 UTC 2026","","Frontend Unit Tests","Frontend Unit Tests App Component add color 400 without data.error falls back to generic message",""
"","4","Server Unit Tests POST /api/colors returns 400 for extra unknown fields (strict schema)","","Tue May 05 17:13:19 UTC 2026","passed","Tue May 05 17:13:19 UTC 2026","","Server Unit Tests","Server Unit Tests POST /api/colors returns 400 for extra unknown fields (strict schema)",""
"","61","Frontend Unit Tests App Component confirm button shows ""Deleting…"" label while delete is in-flight","","Tue May 05 17:13:31 UTC 2026","passed","Tue May 05 17:13:31 UTC 2026","","Frontend Unit Tests","Frontend Unit Tests App Component confirm button shows ""Deleting…"" label while delete is in-flight",""
"","519","Example #3","BDD","Tue May 05 17:20:39 UTC 2026","passed","Tue May 05 17:20:39 UTC 2026","Language Switching > Switch language and verify translated UI labels","","",""
"","6","Server Unit Tests POST /api/colors returns 400 for name with special characters","","Tue May 05 17:13:19 UTC 2026","passed","Tue May 05 17:13:19 UTC 2026","","Server Unit Tests","Server Unit Tests POST /api/colors returns 400 for name with special characters",""
"","13","oversized payload is rejected (413)","Chrome","Tue May 05 17:27:11 UTC 2026","passed","Tue May 05 17:27:11 UTC 2026","Security > Input Validation","tests/security.spec.ts","",""
"","641","homepage should match snapshot","Chrome","Tue May 05 17:22:59 UTC 2026","passed","Tue May 05 17:23:00 UTC 2026","Visual Regression – iphone-landscape (667×375)","","",""
"","35","Server Unit Tests Surviving Mutants & Edge Cases Strict Path & Method Validation kills allowedMethods mutants by exhaustive testing","","Tue May 05 17:13:19 UTC 2026","passed","Tue May 05 17:13:19 UTC 2026","","Server Unit Tests","Server Unit Tests Surviving Mutants & Edge Cases Strict Path & Method Validation kills allowedMethods mutants by exhaustive testing",""
"","5","Server Unit Tests PUT /api/colors/:name returns 400 for invalid hex on update","","Tue May 05 17:13:19 UTC 2026","passed","Tue May 05 17:13:19 UTC 2026","","Server Unit Tests","Server Unit Tests PUT /api/colors/:name returns 400 for invalid hex on update",""
"","1","Utility Functions readableOn returns #111 for turquoise (L≈0.39, black gives better contrast)","","Tue May 05 17:13:31 UTC 2026","passed","Tue May 05 17:13:31 UTC 2026","","Utility Functions","Utility Functions readableOn returns #111 for turquoise (L≈0.39, black gives better contrast)",""
"","9","Server Integration Tests (Testcontainers) GET /api/colors/:name should return 404 for a non-existent color","","Tue May 05 17:12:57 UTC 2026","passed","Tue May 05 17:12:57 UTC 2026","","Server Integration Tests (Testcontainers)","Server Integration Tests (Testcontainers) GET /api/colors/:name should return 404 for a non-existent color",""
"","5","Server Unit Tests Surviving Mutants & Edge Cases Swagger Metadata & OpenAPI has exact API info","","Tue May 05 17:13:19 UTC 2026","passed","Tue May 05 17:13:19 UTC 2026","","Server Unit Tests","Server Unit Tests Surviving Mutants & Edge Cases Swagger Metadata & OpenAPI has exact API info",""
"","1008","Color button remains functional after switching language","BDD","Tue May 05 17:20:39 UTC 2026","passed","Tue May 05 17:20:40 UTC 2026","Language Switching","","",""
"","3","Server Unit Tests DELETE /api/colors/:name returns 400 for invalid name in path (regex check)","","Tue May 05 17:13:19 UTC 2026","passed","Tue May 05 17:13:19 UTC 2026","","Server Unit Tests","Server Unit Tests DELETE /api/colors/:name returns 400 for invalid name in path (regex check)",""
"","47","Frontend Unit Tests App Component handleColorClick shows error on non-2xx response","","Tue May 05 17:13:31 UTC 2026","passed","Tue May 05 17:13:31 UTC 2026","","Frontend Unit Tests","Frontend Unit Tests App Component handleColorClick shows error on non-2xx response",""
"","6","Component Tests ConfirmDialog backdrop click calls onCancel when not busy","","Tue May 05 17:13:31 UTC 2026","passed","Tue May 05 17:13:31 UTC 2026","","Component Tests","Component Tests ConfirmDialog backdrop click calls onCancel when not busy",""
"","5","Server Unit Tests 405 Method Not Allowed does not return 405 for allowed GET method on /api/colors","","Tue May 05 17:13:19 UTC 2026","passed","Tue May 05 17:13:19 UTC 2026","","Server Unit Tests","Server Unit Tests 405 Method Not Allowed does not return 405 for allowed GET method on /api/colors",""
"","2390","should maintain accessibility in es language and verify resilient locators","Chrome","Tue May 05 17:20:02 UTC 2026","passed","Tue May 05 17:20:04 UTC 2026","i18n Accessibility Tests","tests/a11y.spec.ts","",""
"","8111","should meet the accessibility threshold using Google Lighthouse","Chrome","Tue May 05 17:20:00 UTC 2026","passed","Tue May 05 17:20:08 UTC 2026","Accessibility Tests","tests/a11y.spec.ts","",""
"","11","Component Tests ConfirmDialog backdrop click does NOT call onCancel when busy","","Tue May 05 17:13:31 UTC 2026","passed","Tue May 05 17:13:31 UTC 2026","","Component Tests","Component Tests ConfirmDialog backdrop click does NOT call onCancel when busy",""
"","0","Utility Functions hslToRgb lightness=0 gives black","","Tue May 05 17:13:31 UTC 2026","passed","Tue May 05 17:13:31 UTC 2026","","Utility Functions","Utility Functions hslToRgb lightness=0 gives black",""
"","7","Server Integration Tests (Testcontainers) POST /api/colors should return 400 when name is missing","","Tue May 05 17:12:57 UTC 2026","passed","Tue May 05 17:12:57 UTC 2026","","Server Integration Tests (Testcontainers)","Server Integration Tests (Testcontainers) POST /api/colors should return 400 when name is missing",""
"","6","Server Unit Tests 405 Method Not Allowed does not return 405 for allowed GET method on /api/colors/:name","","Tue May 05 17:13:19 UTC 2026","passed","Tue May 05 17:13:19 UTC 2026","","Server Unit Tests","Server Unit Tests 405 Method Not Allowed does not return 405 for allowed GET method on /api/colors/:name",""
"","0","homepage after color change","Chrome","Tue May 05 17:23:02 UTC 2026","skipped","Tue May 05 17:23:02 UTC 2026","Percy Visual Regression – Production > Percy – tablet (768×1024)","","",""
"","21","Server Unit Tests POST /api/colors creates a new color and returns 201 with correct body","","Tue May 05 17:13:19 UTC 2026","passed","Tue May 05 17:13:19 UTC 2026","","Server Unit Tests","Server Unit Tests POST /api/colors creates a new color and returns 201 with correct body",""
"","1010","cancel in confirm dialog closes it without deleting","Chrome","Tue May 05 17:27:21 UTC 2026","passed","Tue May 05 17:27:22 UTC 2026","Color Management — Add & Delete","tests/color-management.spec.ts","",""
"","25","Component Tests ColorPicker mousedown at right-center (hue=0) sets hex to #ff0000","","Tue May 05 17:13:31 UTC 2026","passed","Tue May 05 17:13:31 UTC 2026","","Utility Functions","Component Tests ColorPicker mousedown at right-center (hue=0) sets hex to #ff0000",""
"","0","Utility Functions hslToRgb hue=330 (rose) → [255,0,128]","","Tue May 05 17:13:31 UTC 2026","passed","Tue May 05 17:13:31 UTC 2026","","Utility Functions","Utility Functions hslToRgb hue=330 (rose) → [255,0,128]",""
"","62","Frontend Unit Tests App Component fetches and displays color chips with swatch and delete button","","Tue May 05 17:13:31 UTC 2026","passed","Tue May 05 17:13:31 UTC 2026","","Frontend Unit Tests","Frontend Unit Tests App Component fetches and displays color chips with swatch and delete button",""
"","20","GET /api/colors/:name should return 404 for non-existent color","Chrome","Tue May 05 17:20:29 UTC 2026","passed","Tue May 05 17:20:29 UTC 2026","Backend API Integration","","",""
"","777","verify Turquoise ( #1abc9c ) is applied as the background color","Chrome","Tue May 05 17:25:12 UTC 2026","passed","Tue May 05 17:25:13 UTC 2026","POM Refactored: Background color tests","tests/pom-refactored.spec.ts","",""
"","7","Server Unit Tests GET /api/colors/:name returns 404 for a non-existent color","","Tue May 05 17:13:19 UTC 2026","passed","Tue May 05 17:13:19 UTC 2026","","Server Unit Tests","Server Unit Tests GET /api/colors/:name returns 404 for a non-existent color",""
"","6","Server Unit Tests Error Handling POST /api/colors returns 409 when database throws duplicate key error (code 11000)","","Tue May 05 17:13:19 UTC 2026","passed","Tue May 05 17:13:19 UTC 2026","","Server Unit Tests","Server Unit Tests Error Handling POST /api/colors returns 409 when database throws duplicate key error (code 11000)",""
"","81","Frontend Unit Tests App Component deleting is false again after a failed delete (finally block)","","Tue May 05 17:13:31 UTC 2026","passed","Tue May 05 17:13:31 UTC 2026","","Frontend Unit Tests","Frontend Unit Tests App Component deleting is false again after a failed delete (finally block)",""
"","4","Server Unit Tests Error Handling DELETE /api/colors/:name returns 500 when database fails","","Tue May 05 17:13:19 UTC 2026","passed","Tue May 05 17:13:19 UTC 2026","","Server Unit Tests","Server Unit Tests Error Handling DELETE /api/colors/:name returns 500 when database fails",""
"","0","Utility Functions paintWheelPixel writes to the correct index offset in the array","","Tue May 05 17:13:31 UTC 2026","passed","Tue May 05 17:13:31 UTC 2026","","Utility Functions","Utility Functions paintWheelPixel writes to the correct index offset in the array",""
"","4","Component Tests ConfirmDialog title is rendered in the element with id confirm-title","","Tue May 05 17:13:31 UTC 2026","passed","Tue May 05 17:13:31 UTC 2026","","Component Tests","Component Tests ConfirmDialog title is rendered in the element with id confirm-title",""
"","1920","homepage should match snapshot","Chrome","Tue May 05 17:23:00 UTC 2026","failed","Tue May 05 17:23:02 UTC 2026","Visual Regression – desktop-xl (1920×1080)","","",""
"","9","Server Unit Tests seedDatabase clears existing colors and re-seeds with 3 defaults","","Tue May 05 17:13:19 UTC 2026","passed","Tue May 05 17:13:19 UTC 2026","","Server Unit Tests","Server Unit Tests seedDatabase clears existing colors and re-seeds with 3 defaults",""
"","0","Utility Functions rgbToHex converts arbitrary color","","Tue May 05 17:13:31 UTC 2026","passed","Tue May 05 17:13:31 UTC 2026","","Utility Functions","Utility Functions rgbToHex converts arbitrary color",""
"","37","Component Tests ColorPicker mousemove while dragging updates hex (dragging.current=true kills mutation)","","Tue May 05 17:13:31 UTC 2026","passed","Tue May 05 17:13:31 UTC 2026","","Utility Functions","Component Tests ColorPicker mousemove while dragging updates hex (dragging.current=true kills mutation)",""
"","12","Component Tests ColorPicker Cancel button is disabled when saving=true","","Tue May 05 17:13:31 UTC 2026","passed","Tue May 05 17:13:31 UTC 2026","","Utility Functions","Component Tests ColorPicker Cancel button is disabled when saving=true",""
"","8","Server Unit Tests GET /api/colors returns colors sorted alphabetically by name","","Tue May 05 17:13:19 UTC 2026","passed","Tue May 05 17:13:19 UTC 2026","","Server Unit Tests","Server Unit Tests GET /api/colors returns colors sorted alphabetically by name",""
"","1126","Example #1","BDD","Tue May 05 17:20:35 UTC 2026","passed","Tue May 05 17:20:36 UTC 2026","Home Page Background Color > Change background color","","",""
"","25","Component Tests ColorPicker mousedown at left-center (hue=180) sets hex to #00ffff","","Tue May 05 17:13:31 UTC 2026","passed","Tue May 05 17:13:31 UTC 2026","","Utility Functions","Component Tests ColorPicker mousedown at left-center (hue=180) sets hex to #00ffff",""
"","15","should reject invalid hex format on update","Chrome","Tue May 05 17:20:29 UTC 2026","passed","Tue May 05 17:20:29 UTC 2026","Backend API Integration > PUT /api/colors/:name Schema Validation","","",""
"","0","homepage initial state","Chrome","Tue May 05 17:23:02 UTC 2026","skipped","Tue May 05 17:23:02 UTC 2026","Percy Visual Regression – Production > Percy – mobile (375×667)","","",""
"","66","Frontend Unit Tests App Component useEffect runs only once on mount","","Tue May 05 17:13:31 UTC 2026","passed","Tue May 05 17:13:31 UTC 2026","","Frontend Unit Tests","Frontend Unit Tests App Component useEffect runs only once on mount",""
"","25","Component Tests ColorPicker touchmove while dragging updates hex","","Tue May 05 17:13:31 UTC 2026","passed","Tue May 05 17:13:31 UTC 2026","","Utility Functions","Component Tests ColorPicker touchmove while dragging updates hex",""
"","0","Utility Functions hslToRgb lightness=1 gives white","","Tue May 05 17:13:31 UTC 2026","passed","Tue May 05 17:13:31 UTC 2026","","Utility Functions","Utility Functions hslToRgb lightness=1 gives white",""
"","708","shows a chip for each color with a swatch, name, and delete button","Chrome","Tue May 05 17:27:14 UTC 2026","passed","Tue May 05 17:27:15 UTC 2026","Color Management — Add & Delete","tests/color-management.spec.ts","",""
"","1","homepage initial state","Chrome","Tue May 05 17:23:02 UTC 2026","skipped","Tue May 05 17:23:02 UTC 2026","Percy Visual Regression – Production > Percy – tablet (768×1024)","","",""
"","11","Frontend Unit Tests App Component shows error alert when initial fetch returns non-2xx","","Tue May 05 17:13:31 UTC 2026","passed","Tue May 05 17:13:31 UTC 2026","","Frontend Unit Tests","Frontend Unit Tests App Component shows error alert when initial fetch returns non-2xx",""
"","109","Frontend Unit Tests App Component handleColorClick does nothing when data has no hex","","Tue May 05 17:13:31 UTC 2026","passed","Tue May 05 17:13:31 UTC 2026","","Frontend Unit Tests","Frontend Unit Tests App Component handleColorClick does nothing when data has no hex",""
"","8","X-Powered-By header is not exposed","Chrome","Tue May 05 17:27:11 UTC 2026","passed","Tue May 05 17:27:11 UTC 2026","Security > Security Headers","tests/security.spec.ts","",""
"","23","Component Tests ColorPicker close (×) button calls onCancel","","Tue May 05 17:13:31 UTC 2026","passed","Tue May 05 17:13:31 UTC 2026","","Utility Functions","Component Tests ColorPicker close (×) button calls onCancel",""
"","12","Server Integration Tests (Testcontainers) PUT /api/colors/:name should update the hex of an existing color and persist it in the real database","","Tue May 05 17:12:57 UTC 2026","passed","Tue May 05 17:12:57 UTC 2026","","Server Integration Tests (Testcontainers)","Server Integration Tests (Testcontainers) PUT /api/colors/:name should update the hex of an existing color and persist it in the real database",""
"","1168","should create color via API and verify through UI","Chrome","Tue May 05 17:25:10 UTC 2026","passed","Tue May 05 17:25:11 UTC 2026","Hybrid E2E Testing","tests/hybrid.spec.ts","",""
"","789","verify Red ( #e74c3c ) is applied as the background color","Chrome","Tue May 05 17:25:02 UTC 2026","passed","Tue May 05 17:25:03 UTC 2026","Background color tests","tests/coverage.spec.ts","",""
"","25","Component Tests ColorPicker hex input updates hue/sat via rgbToHsl (green → hue≈120)","","Tue May 05 17:13:31 UTC 2026","passed","Tue May 05 17:13:31 UTC 2026","","Utility Functions","Component Tests ColorPicker hex input updates hue/sat via rgbToHsl (green → hue≈120)",""
"","1029","changing color to Red should reflect in UI and DOM","Chrome","Tue May 05 17:25:08 UTC 2026","passed","Tue May 05 17:25:09 UTC 2026","Data-Driven Testing","tests/data-driven.spec.ts","",""
"","5","Server Unit Tests Middleware returns 413 for payload too large","","Tue May 05 17:13:19 UTC 2026","passed","Tue May 05 17:13:19 UTC 2026","","Server Unit Tests","Server Unit Tests Middleware returns 413 for payload too large",""
"","0","Utility Functions rgbToHsl r max with g<b (#ff0040) → h near 345","","Tue May 05 17:13:31 UTC 2026","passed","Tue May 05 17:13:31 UTC 2026","","Utility Functions","Utility Functions rgbToHsl r max with g<b (#ff0040) → h near 345",""
"","26","Frontend Unit Tests App Component link color is dark (#003366) on light background","","Tue May 05 17:13:31 UTC 2026","passed","Tue May 05 17:13:31 UTC 2026","","Frontend Unit Tests","Frontend Unit Tests App Component link color is dark (#003366) on light background",""
"","29","Component Tests ColorPicker lightness slider max value (100) gives white","","Tue May 05 17:13:31 UTC 2026","passed","Tue May 05 17:13:31 UTC 2026","","Utility Functions","Component Tests ColorPicker lightness slider max value (100) gives white",""
"","1","Utility Functions rgbToHsl black [0,0,0] → h=0, s=0, l=0","","Tue May 05 17:13:31 UTC 2026","passed","Tue May 05 17:13:31 UTC 2026","","Utility Functions","Utility Functions rgbToHsl black [0,0,0] → h=0, s=0, l=0",""
"","12","Server Integration Tests (Testcontainers) POST /api/colors should return 409 when creating a duplicate color name","","Tue May 05 17:12:57 UTC 2026","passed","Tue May 05 17:12:57 UTC 2026","","Server Integration Tests (Testcontainers)","Server Integration Tests (Testcontainers) POST /api/colors should return 409 when creating a duplicate color name",""
"","7","PATCH /api/colors/:name returns 405","Chrome","Tue May 05 17:27:11 UTC 2026","passed","Tue May 05 17:27:11 UTC 2026","Security > HTTP Method Restrictions","tests/security.spec.ts","",""
"","7","NoSQL operator in GET path param is rejected (400 or 404)","Chrome","Tue May 05 17:27:11 UTC 2026","passed","Tue May 05 17:27:11 UTC 2026","Security > Injection Prevention","tests/security.spec.ts","",""
"","22","GET /api/colors should return all colors","Chrome","Tue May 05 17:20:29 UTC 2026","passed","Tue May 05 17:20:29 UTC 2026","Backend API Integration","","",""
"","11","Component Tests ColorPicker clicking the backdrop calls onCancel","","Tue May 05 17:13:31 UTC 2026","passed","Tue May 05 17:13:31 UTC 2026","","Utility Functions","Component Tests ColorPicker clicking the backdrop calls onCancel",""
"","3","Server Unit Tests 405 Method Not Allowed returns 405 for PATCH on /api/colors/:name","","Tue May 05 17:13:19 UTC 2026","passed","Tue May 05 17:13:19 UTC 2026","","Server Unit Tests","Server Unit Tests 405 Method Not Allowed returns 405 for PATCH on /api/colors/:name",""
"","34","Frontend Unit Tests App Component confirm dialog Escape key closes it","","Tue May 05 17:13:31 UTC 2026","passed","Tue May 05 17:13:31 UTC 2026","","Frontend Unit Tests","Frontend Unit Tests App Component confirm dialog Escape key closes it",""
"","1621","successfully adds a new color and shows its chip","Chrome","Tue May 05 17:27:17 UTC 2026","passed","Tue May 05 17:27:19 UTC 2026","Color Management — Add & Delete","tests/color-management.spec.ts","",""
"","768","should load the application and verify core functionality across browsers","Chrome","Tue May 05 17:25:07 UTC 2026","passed","Tue May 05 17:25:08 UTC 2026","Cross-Browser Core Functionality","tests/cross-browser.spec.ts","",""
"","26","Server Integration Tests (Testcontainers) End-to-end CRUD workflow should create, read, update, and delete a color in sequence","","Tue May 05 17:12:57 UTC 2026","passed","Tue May 05 17:12:57 UTC 2026","","Server Integration Tests (Testcontainers)","Server Integration Tests (Testcontainers) End-to-end CRUD workflow should create, read, update, and delete a color in sequence",""
"","14","Server Integration Tests (Testcontainers) GET /api/colors should return an empty array after all colors are deleted","","Tue May 05 17:12:57 UTC 2026","passed","Tue May 05 17:12:57 UTC 2026","","Server Integration Tests (Testcontainers)","Server Integration Tests (Testcontainers) GET /api/colors should return an empty array after all colors are deleted",""
"","50","Frontend Unit Tests App Component delete network error shows error alert","","Tue May 05 17:13:31 UTC 2026","passed","Tue May 05 17:13:31 UTC 2026","","Frontend Unit Tests","Frontend Unit Tests App Component delete network error shows error alert",""
"","6","Server Unit Tests PUT /api/colors/:name returns 400 when no fields are provided (empty body)","","Tue May 05 17:13:19 UTC 2026","passed","Tue May 05 17:13:19 UTC 2026","","Server Unit Tests","Server Unit Tests PUT /api/colors/:name returns 400 when no fields are provided (empty body)",""
"","11","Server Unit Tests Error Handling POST /api/colors returns 500 when database fails (findOne)","","Tue May 05 17:13:19 UTC 2026","passed","Tue May 05 17:13:19 UTC 2026","","Server Unit Tests","Server Unit Tests Error Handling POST /api/colors returns 500 when database fails (findOne)",""
"","618","Escape key closes the confirm dialog","Chrome","Tue May 05 17:27:21 UTC 2026","passed","Tue May 05 17:27:22 UTC 2026","Color Management — Add & Delete","tests/color-management.spec.ts","",""
"","5","Server Unit Tests Middleware returns 400 for malformed JSON body","","Tue May 05 17:13:19 UTC 2026","passed","Tue May 05 17:13:19 UTC 2026","","Server Unit Tests","Server Unit Tests Middleware returns 400 for malformed JSON body",""
"","49","Frontend Unit Tests App Component add color 400 shows data.error message","","Tue May 05 17:13:31 UTC 2026","passed","Tue May 05 17:13:31 UTC 2026","","Frontend Unit Tests","Frontend Unit Tests App Component add color 400 shows data.error message",""
"","1","Utility Functions hslToRgb hue=180 (cyan) → [0,255,255]","","Tue May 05 17:13:31 UTC 2026","passed","Tue May 05 17:13:31 UTC 2026","","Utility Functions","Utility Functions hslToRgb hue=180 (cyan) → [0,255,255]",""
"","12","Server Unit Tests Surviving Mutants & Edge Cases Regex & Validation STRICT_NAME_REGEX kills mutants on optionality and length","","Tue May 05 17:13:19 UTC 2026","passed","Tue May 05 17:13:19 UTC 2026","","Server Unit Tests","Server Unit Tests Surviving Mutants & Edge Cases Regex & Validation STRICT_NAME_REGEX kills mutants on optionality and length",""
"","0","homepage initial state","Chrome","Tue May 05 17:23:02 UTC 2026","skipped","Tue May 05 17:23:02 UTC 2026","Percy Visual Regression – Production > Percy – desktop-xl (1920×1080)","","",""
"","17","should reject empty name","Chrome","Tue May 05 17:20:29 UTC 2026","passed","Tue May 05 17:20:29 UTC 2026","Backend API Integration > POST /api/colors Schema Validation","","",""
"","6","Frontend Unit Tests App Component language selector change calls i18n and updates html lang","","Tue May 05 17:13:31 UTC 2026","passed","Tue May 05 17:13:31 UTC 2026","","Frontend Unit Tests","Frontend Unit Tests App Component language selector change calls i18n and updates html lang",""
"","52","Frontend Unit Tests App Component confirm dialog cancel button closes it","","Tue May 05 17:13:31 UTC 2026","passed","Tue May 05 17:13:31 UTC 2026","","Frontend Unit Tests","Frontend Unit Tests App Component confirm dialog cancel button closes it",""
"","6","Server Unit Tests Surviving Mutants & Edge Cases Rate Limiting & Security kills mutants by verifying x-powered-by is removed","","Tue May 05 17:13:19 UTC 2026","passed","Tue May 05 17:13:19 UTC 2026","","Server Unit Tests","Server Unit Tests Surviving Mutants & Edge Cases Rate Limiting & Security kills mutants by verifying x-powered-by is removed",""
"","11","NoSQL injection object in name is rejected (400)","Chrome","Tue May 05 17:27:10 UTC 2026","passed","Tue May 05 17:27:10 UTC 2026","Security > Injection Prevention","tests/security.spec.ts","",""
"","12","Component Tests ColorPicker renders the color wheel canvas","","Tue May 05 17:13:31 UTC 2026","passed","Tue May 05 17:13:31 UTC 2026","","Utility Functions","Component Tests ColorPicker renders the color wheel canvas",""
"","36","Frontend Unit Tests App Component initial background is first color hex","","Tue May 05 17:13:31 UTC 2026","passed","Tue May 05 17:13:31 UTC 2026","","Frontend Unit Tests","Frontend Unit Tests App Component initial background is first color hex",""
"","5","Server Unit Tests Error Handling PUT /api/colors/:name returns 409 when database throws duplicate key error (code 11000) on save","","Tue May 05 17:13:19 UTC 2026","passed","Tue May 05 17:13:19 UTC 2026","","Server Unit Tests","Server Unit Tests Error Handling PUT /api/colors/:name returns 409 when database throws duplicate key error (code 11000) on save",""
"","6","error responses return JSON, not HTML (no info leakage)","Chrome","Tue May 05 17:27:11 UTC 2026","passed","Tue May 05 17:27:11 UTC 2026","Security > Security Headers","tests/security.spec.ts","",""
"","0","Utility Functions rgbToHex pads single-digit hex values with leading zero","","Tue May 05 17:13:31 UTC 2026","passed","Tue May 05 17:13:31 UTC 2026","","Utility Functions","Utility Functions rgbToHex pads single-digit hex values with leading zero",""
"","7","Server Integration Tests (Testcontainers) POST /api/colors should return 400 when hex is missing","","Tue May 05 17:12:57 UTC 2026","passed","Tue May 05 17:12:57 UTC 2026","","Server Integration Tests (Testcontainers)","Server Integration Tests (Testcontainers) POST /api/colors should return 400 when hex is missing",""
"","721","handle initial fetch with empty data","Chrome","Tue May 05 17:25:06 UTC 2026","passed","Tue May 05 17:25:06 UTC 2026","Edge cases and error handling","tests/coverage.spec.ts","",""
"","15","Component Tests ColorPicker typing a valid hex without # prefix is accepted","","Tue May 05 17:13:31 UTC 2026","passed","Tue May 05 17:13:31 UTC 2026","","Utility Functions","Component Tests ColorPicker typing a valid hex without # prefix is accepted",""
"","9","Server Unit Tests Error Handling PUT /api/colors/:name returns 500 when database fails","","Tue May 05 17:13:19 UTC 2026","passed","Tue May 05 17:13:19 UTC 2026","","Server Unit Tests","Server Unit Tests Error Handling PUT /api/colors/:name returns 500 when database fails",""
"","8","Server Unit Tests GET /api/colors/:name returns a single color by name with correct fields","","Tue May 05 17:13:19 UTC 2026","passed","Tue May 05 17:13:19 UTC 2026","","Server Unit Tests","Server Unit Tests GET /api/colors/:name returns a single color by name with correct fields",""
"","663","should gracefully handle a color not found in the database","Chrome","Tue May 05 17:25:11 UTC 2026","passed","Tue May 05 17:25:12 UTC 2026","Network Mocking & Interception","tests/network-mocking.spec.ts","",""
"","3","Server Unit Tests Surviving Mutants & Edge Cases Swagger Metadata & OpenAPI has exact application/json content-type","","Tue May 05 17:13:19 UTC 2026","passed","Tue May 05 17:13:19 UTC 2026","","Server Unit Tests","Server Unit Tests Surviving Mutants & Edge Cases Swagger Metadata & OpenAPI has exact application/json content-type",""
"","49","Frontend Unit Tests App Component deleting a non-active color keeps the current background","","Tue May 05 17:13:31 UTC 2026","passed","Tue May 05 17:13:31 UTC 2026","","Frontend Unit Tests","Frontend Unit Tests App Component deleting a non-active color keeps the current background",""
"","7","Frontend Unit Tests App Component colors.length === 0 shows loading text","","Tue May 05 17:13:31 UTC 2026","passed","Tue May 05 17:13:31 UTC 2026","","Frontend Unit Tests","Frontend Unit Tests App Component colors.length === 0 shows loading text",""
"","1","Utility Functions paintWheelPixel paints red at right edge (dx=r, dy=0, hue=0)","","Tue May 05 17:13:31 UTC 2026","passed","Tue May 05 17:13:31 UTC 2026","","Utility Functions","Utility Functions paintWheelPixel paints red at right edge (dx=r, dy=0, hue=0)",""
"","0","Utility Functions hslToRgb hue=60 (yellow) → [255,255,0]","","Tue May 05 17:13:31 UTC 2026","passed","Tue May 05 17:13:31 UTC 2026","","Utility Functions","Utility Functions hslToRgb hue=60 (yellow) → [255,255,0]",""
"","1","Utility Functions hslToRgb hue just below 60 is in sector 0, not sector 1","","Tue May 05 17:13:31 UTC 2026","passed","Tue May 05 17:13:31 UTC 2026","","Utility Functions","Utility Functions hslToRgb hue just below 60 is in sector 0, not sector 1",""
"","10","Server Unit Tests Error Handling POST /api/colors returns 500 when database fails (create)","","Tue May 05 17:13:19 UTC 2026","passed","Tue May 05 17:13:19 UTC 2026","","Server Unit Tests","Server Unit Tests Error Handling POST /api/colors returns 500 when database fails (create)",""
"","0","Utility Functions rgbToHex converts pure green","","Tue May 05 17:13:31 UTC 2026","passed","Tue May 05 17:13:31 UTC 2026","","Utility Functions","Utility Functions rgbToHex converts pure green",""
"","50","GET /api/colors/Red should return the correct hex code","Chrome","Tue May 05 17:20:29 UTC 2026","passed","Tue May 05 17:20:29 UTC 2026","Backend API Integration","","",""
"","4","Server Unit Tests OpenAPI endpoints spec includes component schemas","","Tue May 05 17:13:19 UTC 2026","passed","Tue May 05 17:13:19 UTC 2026","","Server Unit Tests","Server Unit Tests OpenAPI endpoints spec includes component schemas",""
"","661","Show loading state when the API returns an empty colors list","BDD","Tue May 05 17:20:33 UTC 2026","passed","Tue May 05 17:20:34 UTC 2026","API Error Handling","","",""
"","44","Frontend Unit Tests App Component first loaded color is active (aria-pressed=true)","","Tue May 05 17:13:31 UTC 2026","passed","Tue May 05 17:13:31 UTC 2026","","Frontend Unit Tests","Frontend Unit Tests App Component first loaded color is active (aria-pressed=true)",""
"","2","Frontend Unit Tests i18n Configuration should handle language change correctly","","Tue May 05 17:13:33 UTC 2026","passed","Tue May 05 17:13:33 UTC 2026","","Frontend Unit Tests","Frontend Unit Tests i18n Configuration should handle language change correctly",""
"","19","Component Tests ColorPicker mousemove without prior mousedown (not dragging) does not change color","","Tue May 05 17:13:31 UTC 2026","passed","Tue May 05 17:13:31 UTC 2026","","Utility Functions","Component Tests ColorPicker mousemove without prior mousedown (not dragging) does not change color",""
"","10","should reject missing hex","Chrome","Tue May 05 17:20:29 UTC 2026","passed","Tue May 05 17:20:29 UTC 2026","Backend API Integration > POST /api/colors Schema Validation","","",""
"","5555","Background stays unchanged when fetching a specific color fails","BDD","Tue May 05 17:20:48 UTC 2026","failed","Tue May 05 17:20:53 UTC 2026","API Error Handling","","",""
"","10","Server Unit Tests Surviving Mutants & Edge Cases Regex & Validation STRICT_NAME_REGEX kills mutants by testing multiple spaces in the middle and rejecting pluses","","Tue May 05 17:13:19 UTC 2026","passed","Tue May 05 17:13:19 UTC 2026","","Server Unit Tests","Server Unit Tests Surviving Mutants & Edge Cases Regex & Validation STRICT_NAME_REGEX kills mutants by testing multiple spaces in the middle and rejecting pluses",""
"","0","homepage after color change","Chrome","Tue May 05 17:23:02 UTC 2026","skipped","Tue May 05 17:23:02 UTC 2026","Percy Visual Regression – Production > Percy – desktop (1280×720)","","",""
"","1","Utility Functions readableOn returns #111 for mid-grey (L≈0.35, black gives better contrast)","","Tue May 05 17:13:31 UTC 2026","passed","Tue May 05 17:13:31 UTC 2026","","Utility Functions","Utility Functions readableOn returns #111 for mid-grey (L≈0.35, black gives better contrast)",""
"","1071","verify Red ( #e74c3c ) is applied as the background color","Chrome","Tue May 05 17:25:12 UTC 2026","passed","Tue May 05 17:25:13 UTC 2026","POM Refactored: Background color tests","tests/pom-refactored.spec.ts","",""
"","16","Component Tests ColorPicker Enter key on name input triggers submit","","Tue May 05 17:13:31 UTC 2026","passed","Tue May 05 17:13:31 UTC 2026","","Utility Functions","Component Tests ColorPicker Enter key on name input triggers submit",""
"","4","Server Unit Tests POST /api/colors rejects names with the + character (+ encodes as space in URLs, causing lookup mismatches)","","Tue May 05 17:13:19 UTC 2026","passed","Tue May 05 17:13:19 UTC 2026","","Server Unit Tests","Server Unit Tests POST /api/colors rejects names with the + character (+ encodes as space in URLs, causing lookup mismatches)",""
"","2503","should not have any automatically detectable accessibility issues","Chrome","Tue May 05 17:19:55 UTC 2026","passed","Tue May 05 17:19:57 UTC 2026","Accessibility Tests","tests/a11y.spec.ts","",""
"","16","Component Tests ColorPicker typing red with g<b hex updates internal state","","Tue May 05 17:13:31 UTC 2026","passed","Tue May 05 17:13:31 UTC 2026","","Utility Functions","Component Tests ColorPicker typing red with g<b hex updates internal state",""
"","5","Server Unit Tests POST /api/colors returns 409 for a duplicate color name with descriptive error","","Tue May 05 17:13:19 UTC 2026","passed","Tue May 05 17:13:19 UTC 2026","","Server Unit Tests","Server Unit Tests POST /api/colors returns 409 for a duplicate color name with descriptive error",""
"","9","Frontend Unit Tests App Component shows error alert when initial fetch fails","","Tue May 05 17:13:31 UTC 2026","passed","Tue May 05 17:13:31 UTC 2026","","Frontend Unit Tests","Frontend Unit Tests App Component shows error alert when initial fetch fails",""
"","1348","shows client-side validation error for invalid name chars","Chrome","Tue May 05 17:27:19 UTC 2026","passed","Tue May 05 17:27:20 UTC 2026","Color Management — Add & Delete","tests/color-management.spec.ts","",""
"","9","Server Integration Tests (Testcontainers) POST /api/colors should accept a color name containing spaces","","Tue May 05 17:12:57 UTC 2026","passed","Tue May 05 17:12:57 UTC 2026","","Server Integration Tests (Testcontainers)","Server Integration Tests (Testcontainers) POST /api/colors should accept a color name containing spaces",""
"","5","Server Unit Tests POST /api/colors accepts names with alphanumeric characters and spaces","","Tue May 05 17:13:19 UTC 2026","passed","Tue May 05 17:13:19 UTC 2026","","Server Unit Tests","Server Unit Tests POST /api/colors accepts names with alphanumeric characters and spaces",""
"","14","Server Integration Tests (Testcontainers) PUT /api/colors/:name should rename a color and make old name return 404","","Tue May 05 17:12:57 UTC 2026","passed","Tue May 05 17:12:57 UTC 2026","","Server Integration Tests (Testcontainers)","Server Integration Tests (Testcontainers) PUT /api/colors/:name should rename a color and make old name return 404",""
"","9","SQL injection characters in name are rejected (400)","Chrome","Tue May 05 17:27:11 UTC 2026","passed","Tue May 05 17:27:11 UTC 2026","Security > Injection Prevention","tests/security.spec.ts","",""
"","5","Server Unit Tests POST /api/colors returns 400 when name is missing","","Tue May 05 17:13:19 UTC 2026","passed","Tue May 05 17:13:19 UTC 2026","","Server Unit Tests","Server Unit Tests POST /api/colors returns 400 when name is missing",""
"","10","Component Tests ColorPicker displays serverError prop in an alert banner","","Tue May 05 17:13:31 UTC 2026","passed","Tue May 05 17:13:31 UTC 2026","","Utility Functions","Component Tests ColorPicker displays serverError prop in an alert banner",""
"","46","Frontend Unit Tests App Component handleColorClick shows error alert on fetch failure","","Tue May 05 17:13:31 UTC 2026","passed","Tue May 05 17:13:31 UTC 2026","","Frontend Unit Tests","Frontend Unit Tests App Component handleColorClick shows error alert on fetch failure",""
"","0","Utility Functions rgbToHex converts pure red","","Tue May 05 17:13:31 UTC 2026","passed","Tue May 05 17:13:31 UTC 2026","","Utility Functions","Utility Functions rgbToHex converts pure red",""
"","48","GET /api/colors/Turquoise should return the correct hex code","Chrome","Tue May 05 17:20:29 UTC 2026","passed","Tue May 05 17:20:29 UTC 2026","Backend API Integration","","",""
"","9","Server Unit Tests Surviving Mutants & Edge Cases Regex & Validation hex regex kills mutants by testing boundaries and formats","","Tue May 05 17:13:19 UTC 2026","passed","Tue May 05 17:13:19 UTC 2026","","Server Unit Tests","Server Unit Tests Surviving Mutants & Edge Cases Regex & Validation hex regex kills mutants by testing boundaries and formats",""
"","31","Frontend Unit Tests App Component clicking Add color button opens picker modal","","Tue May 05 17:13:31 UTC 2026","passed","Tue May 05 17:13:31 UTC 2026","","Frontend Unit Tests","Frontend Unit Tests App Component clicking Add color button opens picker modal",""
"","0","Utility Functions readableOn returns #111 for light-grey (L≈0.60, above 0.179 threshold)","","Tue May 05 17:13:31 UTC 2026","passed","Tue May 05 17:13:31 UTC 2026","","Utility Functions","Utility Functions readableOn returns #111 for light-grey (L≈0.60, above 0.179 threshold)",""
"","1","Utility Functions paintWheelPixel sets alpha to 0 when dist > r (outside circle)","","Tue May 05 17:13:31 UTC 2026","passed","Tue May 05 17:13:31 UTC 2026","","Utility Functions","Utility Functions paintWheelPixel sets alpha to 0 when dist > r (outside circle)",""
"","10","Utility Functions rgbToHex output is lowercase","","Tue May 05 17:13:31 UTC 2026","passed","Tue May 05 17:13:31 UTC 2026","","Utility Functions","Utility Functions rgbToHex output is lowercase",""
"","10","should reject omitting both name and hex on update","Chrome","Tue May 05 17:20:29 UTC 2026","passed","Tue May 05 17:20:29 UTC 2026","Backend API Integration > PUT /api/colors/:name Schema Validation","","",""
"","8","Server Integration Tests (Testcontainers) GET /api/colors/:name should be case-sensitive (lowercase name returns 404)","","Tue May 05 17:12:57 UTC 2026","passed","Tue May 05 17:12:57 UTC 2026","","Server Integration Tests (Testcontainers)","Server Integration Tests (Testcontainers) GET /api/colors/:name should be case-sensitive (lowercase name returns 404)",""
"","21","Component Tests ColorPicker touch start on canvas sets hex to #ff0000 at right edge","","Tue May 05 17:13:31 UTC 2026","passed","Tue May 05 17:13:31 UTC 2026","","Utility Functions","Component Tests ColorPicker touch start on canvas sets hex to #ff0000 at right edge",""
"","13","Server Unit Tests Surviving Mutants & Edge Cases Strict Path & Method Validation kills mutants that change route paths to empty string","","Tue May 05 17:13:19 UTC 2026","passed","Tue May 05 17:13:19 UTC 2026","","Server Unit Tests","Server Unit Tests Surviving Mutants & Edge Cases Strict Path & Method Validation kills mutants that change route paths to empty string",""
"","5","Server Unit Tests OpenAPI endpoints serves the OpenAPI JSON spec with exact metadata","","Tue May 05 17:13:19 UTC 2026","passed","Tue May 05 17:13:19 UTC 2026","","Server Unit Tests","Server Unit Tests OpenAPI endpoints serves the OpenAPI JSON spec with exact metadata",""
"","53","Frontend Unit Tests App Component handleColorClick clears previous error on new successful click","","Tue May 05 17:13:31 UTC 2026","passed","Tue May 05 17:13:31 UTC 2026","","Frontend Unit Tests","Frontend Unit Tests App Component handleColorClick clears previous error on new successful click",""
"","954","verify Yellow ( #f1c40f ) is applied as the background color","Chrome","Tue May 05 17:25:13 UTC 2026","passed","Tue May 05 17:25:14 UTC 2026","POM Refactored: Background color tests","tests/pom-refactored.spec.ts","",""
"","71","Frontend Unit Tests App Component picker onCancel does nothing when saving=true","","Tue May 05 17:13:31 UTC 2026","passed","Tue May 05 17:13:31 UTC 2026","","Frontend Unit Tests","Frontend Unit Tests App Component picker onCancel does nothing when saving=true",""
"","11","Server Integration Tests (Testcontainers) GET /api/colors should not expose _id or __v fields","","Tue May 05 17:12:57 UTC 2026","passed","Tue May 05 17:12:57 UTC 2026","","Server Integration Tests (Testcontainers)","Server Integration Tests (Testcontainers) GET /api/colors should not expose _id or __v fields",""
"","6","Server Unit Tests 405 Method Not Allowed does not return 405 for allowed PUT method on /api/colors/:name","","Tue May 05 17:13:19 UTC 2026","passed","Tue May 05 17:13:19 UTC 2026","","Server Unit Tests","Server Unit Tests 405 Method Not Allowed does not return 405 for allowed PUT method on /api/colors/:name",""
"","2730","PUT /api/colors/{name}","","","passed","","","schemathesis","",""
"","5","Component Tests ConfirmDialog Escape key does NOT call onCancel when busy","","Tue May 05 17:13:31 UTC 2026","passed","Tue May 05 17:13:31 UTC 2026","","Component Tests","Component Tests ConfirmDialog Escape key does NOT call onCancel when busy",""
"","7","POST /api-docs returns 405","Chrome","Tue May 05 17:27:11 UTC 2026","passed","Tue May 05 17:27:11 UTC 2026","Security > HTTP Method Restrictions","tests/security.spec.ts","",""
"","5","Server Unit Tests PUT /api/colors/:name updates both name and hex simultaneously","","Tue May 05 17:13:19 UTC 2026","passed","Tue May 05 17:13:19 UTC 2026","","Server Unit Tests","Server Unit Tests PUT /api/colors/:name updates both name and hex simultaneously",""
"","","[HIGH] CVE-2026-27135","","","failed","","","test-automation-best-practices-app:latest (alpine 3.23.4)","nghttp2-libs-1.68.0-r0",""
"","23","Frontend Unit Tests App Component text color on light background is dark","","Tue May 05 17:13:31 UTC 2026","passed","Tue May 05 17:13:31 UTC 2026","","Frontend Unit Tests","Frontend Unit Tests App Component text color on light background is dark",""
"","1","Utility Functions hslToRgb hue=300 (magenta) → [255,0,255]","","Tue May 05 17:13:31 UTC 2026","passed","Tue May 05 17:13:31 UTC 2026","","Utility Functions","Utility Functions hslToRgb hue=300 (magenta) → [255,0,255]",""
"","886","changing color to Turquoise should reflect in UI and DOM","Chrome","Tue May 05 17:25:07 UTC 2026","passed","Tue May 05 17:25:08 UTC 2026","Data-Driven Testing","tests/data-driven.spec.ts","",""
"","52","Frontend Unit Tests App Component delete API error shows error alert without closing dialog","","Tue May 05 17:13:31 UTC 2026","passed","Tue May 05 17:13:31 UTC 2026","","Frontend Unit Tests","Frontend Unit Tests App Component delete API error shows error alert without closing dialog",""
"","64","Server Unit Tests GET /api/colors returns all seeded colors with correct names and hex values","","Tue May 05 17:13:19 UTC 2026","passed","Tue May 05 17:13:19 UTC 2026","","Server Unit Tests","Server Unit Tests GET /api/colors returns all seeded colors with correct names and hex values",""
"","27","Frontend Unit Tests App Component labelFor returns translation for known color (Turquoise)","","Tue May 05 17:13:31 UTC 2026","passed","Tue May 05 17:13:31 UTC 2026","","Frontend Unit Tests","Frontend Unit Tests App Component labelFor returns translation for known color (Turquoise)",""
"","9","Server Unit Tests GET /api/colors returns JSON content type","","Tue May 05 17:13:19 UTC 2026","passed","Tue May 05 17:13:19 UTC 2026","","Server Unit Tests","Server Unit Tests GET /api/colors returns JSON content type",""
"","2","Utility Functions hslToRgb hue=59 stays in sector 0","","Tue May 05 17:13:31 UTC 2026","passed","Tue May 05 17:13:31 UTC 2026","","Utility Functions","Utility Functions hslToRgb hue=59 stays in sector 0",""
"","56","Frontend Unit Tests App Component saving is false again after a failed add (finally block)","","Tue May 05 17:13:31 UTC 2026","passed","Tue May 05 17:13:31 UTC 2026","","Frontend Unit Tests","Frontend Unit Tests App Component saving is false again after a failed add (finally block)",""
"","9","Server Integration Tests (Testcontainers) POST /api/colors should accept a single alphanumeric character as a name","","Tue May 05 17:12:57 UTC 2026","passed","Tue May 05 17:12:57 UTC 2026","","Server Integration Tests (Testcontainers)","Server Integration Tests (Testcontainers) POST /api/colors should accept a single alphanumeric character as a name",""
"","37","should return 409 for duplicate color creation","Chrome","Tue May 05 17:20:29 UTC 2026","passed","Tue May 05 17:20:29 UTC 2026","Backend API Integration > POST /api/colors Schema Validation","","",""
"","11","Component Tests ColorPicker clicking inside the card does NOT call onCancel","","Tue May 05 17:13:31 UTC 2026","passed","Tue May 05 17:13:31 UTC 2026","","Utility Functions","Component Tests ColorPicker clicking inside the card does NOT call onCancel",""
"","37","Component Tests ConfirmDialog confirm button calls onConfirm","","Tue May 05 17:13:31 UTC 2026","passed","Tue May 05 17:13:31 UTC 2026","","Component Tests","Component Tests ConfirmDialog confirm button calls onConfirm",""
"","7","Server Integration Tests (Testcontainers) PUT /api/colors/:name should return 400 when update body is empty","","Tue May 05 17:12:57 UTC 2026","passed","Tue May 05 17:12:57 UTC 2026","","Server Integration Tests (Testcontainers)","Server Integration Tests (Testcontainers) PUT /api/colors/:name should return 400 when update body is empty",""
"","41","Frontend Unit Tests App Component existingNames passed to ColorPicker matches current color list","","Tue May 05 17:13:31 UTC 2026","passed","Tue May 05 17:13:31 UTC 2026","","Frontend Unit Tests","Frontend Unit Tests App Component existingNames passed to ColorPicker matches current color list",""
"","5","Server Unit Tests PUT /api/colors/:name returns 404 for a non-existent color","","Tue May 05 17:13:19 UTC 2026","passed","Tue May 05 17:13:19 UTC 2026","","Server Unit Tests","Server Unit Tests PUT /api/colors/:name returns 404 for a non-existent color",""
"","776","handle initial fetch error","Chrome","Tue May 05 17:25:05 UTC 2026","passed","Tue May 05 17:25:06 UTC 2026","Edge cases and error handling","tests/coverage.spec.ts","",""
"","5","Server Unit Tests Middleware does not include X-Powered-By header","","Tue May 05 17:13:19 UTC 2026","passed","Tue May 05 17:13:19 UTC 2026","","Server Unit Tests","Server Unit Tests Middleware does not include X-Powered-By header",""
"","4","Utility Functions rgbToHex converts pure blue","","Tue May 05 17:13:31 UTC 2026","passed","Tue May 05 17:13:31 UTC 2026","","Utility Functions","Utility Functions rgbToHex converts pure blue",""
"","25","Component Tests ColorPicker mousedown outside circle clamps sat to 1","","Tue May 05 17:13:31 UTC 2026","passed","Tue May 05 17:13:31 UTC 2026","","Utility Functions","Component Tests ColorPicker mousedown outside circle clamps sat to 1",""
"","601","Example #2","BDD","Tue May 05 17:20:38 UTC 2026","passed","Tue May 05 17:20:39 UTC 2026","Language Switching > Switch language and verify translated UI labels","","",""
"","30","Component Tests ConfirmDialog both buttons are disabled when busy=true","","Tue May 05 17:13:31 UTC 2026","passed","Tue May 05 17:13:31 UTC 2026","","Component Tests","Component Tests ConfirmDialog both buttons are disabled when busy=true",""
"","0","Utility Functions readableOn returns #111 for white (very light, L=1)","","Tue May 05 17:13:31 UTC 2026","passed","Tue May 05 17:13:31 UTC 2026","","Utility Functions","Utility Functions readableOn returns #111 for white (very light, L=1)",""
"","1354","color names rendered in the UI do not trigger script execution","Chrome","Tue May 05 17:27:09 UTC 2026","passed","Tue May 05 17:27:10 UTC 2026","Security > XSS Prevention","tests/security.spec.ts","",""
"","5","PUT /openapi.json returns 405","Chrome","Tue May 05 17:27:11 UTC 2026","passed","Tue May 05 17:27:11 UTC 2026","Security > HTTP Method Restrictions","tests/security.spec.ts","",""
"","0","Frontend Unit Tests i18n Configuration interpolation should not escape value","","Tue May 05 17:13:33 UTC 2026","passed","Tue May 05 17:13:33 UTC 2026","","Frontend Unit Tests","Frontend Unit Tests i18n Configuration interpolation should not escape value",""
"","18","Server Integration Tests (Testcontainers) GET /api/colors/:name should return correct data for Turquoise","","Tue May 05 17:12:57 UTC 2026","passed","Tue May 05 17:12:57 UTC 2026","","Server Integration Tests (Testcontainers)","Server Integration Tests (Testcontainers) GET /api/colors/:name should return correct data for Turquoise",""
"","20","GET /api/colors/Yellow should return the correct hex code","Chrome","Tue May 05 17:20:29 UTC 2026","passed","Tue May 05 17:20:29 UTC 2026","Backend API Integration","","",""
"","5","Component Tests ColorPicker serverError banner is absent when serverError is null","","Tue May 05 17:13:31 UTC 2026","passed","Tue May 05 17:13:31 UTC 2026","","Utility Functions","Component Tests ColorPicker serverError banner is absent when serverError is null",""
"","12","Server Integration Tests (Testcontainers) Concurrent writes should handle parallel GETs without errors","","Tue May 05 17:12:57 UTC 2026","passed","Tue May 05 17:12:57 UTC 2026","","Server Integration Tests (Testcontainers)","Server Integration Tests (Testcontainers) Concurrent writes should handle parallel GETs without errors",""
"","7","Component Tests ColorPicker falls back to window resize listener when ResizeObserver is not available","","Tue May 05 17:13:31 UTC 2026","passed","Tue May 05 17:13:31 UTC 2026","","Utility Functions","Component Tests ColorPicker falls back to window resize listener when ResizeObserver is not available",""
"","21","Frontend Unit Tests App Component text color on dark background is white","","Tue May 05 17:13:31 UTC 2026","passed","Tue May 05 17:13:31 UTC 2026","","Frontend Unit Tests","Frontend Unit Tests App Component text color on dark background is white",""
"","1019","changing color to Yellow should reflect in UI and DOM","Chrome","Tue May 05 17:25:08 UTC 2026","passed","Tue May 05 17:25:09 UTC 2026","Data-Driven Testing","tests/data-driven.spec.ts","",""
"","4","Server Unit Tests Surviving Mutants & Edge Cases Mongoose Schema & Persistence kills empty schema mutant by verifying field persistence","","Tue May 05 17:13:19 UTC 2026","passed","Tue May 05 17:13:19 UTC 2026","","Server Unit Tests","Server Unit Tests Surviving Mutants & Edge Cases Mongoose Schema & Persistence kills empty schema mutant by verifying field persistence",""
"","8","Server Unit Tests POST /api/colors accepts single alphanumeric characters as names","","Tue May 05 17:13:19 UTC 2026","passed","Tue May 05 17:13:19 UTC 2026","","Server Unit Tests","Server Unit Tests POST /api/colors accepts single alphanumeric characters as names",""
"","0","Utility Functions paintWheelPixel anti-aliases near-edge pixel: dist=r-0.5 gives alpha=127","","Tue May 05 17:13:31 UTC 2026","passed","Tue May 05 17:13:31 UTC 2026","","Utility Functions","Utility Functions paintWheelPixel anti-aliases near-edge pixel: dist=r-0.5 gives alpha=127",""
"","67","Frontend Unit Tests App Component handles null data from initial fetch gracefully","","Tue May 05 17:13:31 UTC 2026","passed","Tue May 05 17:13:31 UTC 2026","","Frontend Unit Tests","Frontend Unit Tests App Component handles null data from initial fetch gracefully",""
"","0","Utility Functions readableOn returns #fff for a very dark blue","","Tue May 05 17:13:31 UTC 2026","passed","Tue May 05 17:13:31 UTC 2026","","Utility Functions","Utility Functions readableOn returns #fff for a very dark blue",""
"","45","Frontend Unit Tests App Component add color 501 also triggers server error message (>= 500)","","Tue May 05 17:13:31 UTC 2026","passed","Tue May 05 17:13:31 UTC 2026","","Frontend Unit Tests","Frontend Unit Tests App Component add color 501 also triggers server error message (>= 500)",""
"","9","Server Integration Tests (Testcontainers) GET /api/colors/:name should not expose _id or __v fields","","Tue May 05 17:12:57 UTC 2026","passed","Tue May 05 17:12:57 UTC 2026","","Server Integration Tests (Testcontainers)","Server Integration Tests (Testcontainers) GET /api/colors/:name should not expose _id or __v fields",""
"","1","Frontend Unit Tests i18n Configuration should be initialized with correct settings","","Tue May 05 17:13:33 UTC 2026","passed","Tue May 05 17:13:33 UTC 2026","","Frontend Unit Tests","Frontend Unit Tests i18n Configuration should be initialized with correct settings",""
"","1070","should display all core elements and handle button interaction","Chrome","Tue May 05 17:23:01 UTC 2026","passed","Tue May 05 17:23:02 UTC 2026","Responsive Design – iPhone SE (375×667)","","",""
"","2","Utility Functions hslToRgb saturation=0 gives pure grey [128,128,128]","","Tue May 05 17:13:31 UTC 2026","passed","Tue May 05 17:13:31 UTC 2026","","Utility Functions","Utility Functions hslToRgb saturation=0 gives pure grey [128,128,128]",""
"","1178","homepage should match snapshot","Chrome","Tue May 05 17:22:57 UTC 2026","passed","Tue May 05 17:22:58 UTC 2026","Visual Regression – tablet (768×1024)","","",""
"","38","Frontend Unit Tests App Component add color 409 conflict shows picker error (data.error message)","","Tue May 05 17:13:31 UTC 2026","passed","Tue May 05 17:13:31 UTC 2026","","Frontend Unit Tests","Frontend Unit Tests App Component add color 409 conflict shows picker error (data.error message)",""
