"DESCRIPTION","DURATION IN MS","NAME","PARENT SUITE","START TIME","STATUS","STOP TIME","SUB SUITE","SUITE","TEST CLASS","TEST METHOD"
"","127","empty body on POST returns 400","bs-pixel-7","2026-10-09","passed","2026-10-09","Security > Input Validation","","",""
"","655","should display all core elements and handle button interaction","Chrome","2026-10-09","passed","2026-10-09","Responsive Design – iPhone landscape (667×375)","","",""
"","1343","verify Red ( #e74c3c ) is applied as the background color","bs-firefox-win11","2026-10-09","passed","2026-10-09","Background color tests","","",""
"","264","GET /api/colors should return colors sorted alphabetically by name","bs-chrome-win11","2026-10-09","passed","2026-10-09","Backend API Integration","","",""
"","232","GET /api/colors/:name should return 404 for non-existent color","bs-chrome-win11","2026-10-09","passed","2026-10-09","Backend API Integration","","",""
"","17","oversized payload is rejected (413)","Chrome","2026-10-09","passed","2026-10-09","Security > Input Validation","tests/security.spec.ts","",""
"","290","should handle fetch colors network failure gracefully","Chrome","2026-10-09","passed","2026-10-09","UI Error Handling Coverage","tests/error-handling.spec.ts","",""
"","112","POST /api-docs returns 405","bs-pixel-7","2026-10-09","passed","2026-10-09","Security > HTTP Method Restrictions","","",""
"","5","Server Unit Tests GET /api/colors/:name returns 400 for invalid name in path (regex check)","","2026-10-09","passed","2026-10-09","","Server Unit Tests","Server Unit Tests GET /api/colors/:name returns 400 for invalid name in path (regex check)",""
"","1298","handle color selection fetch error","bs-firefox-win11","2026-10-09","passed","2026-10-09","Edge cases and error handling","","",""
"","120","empty body on POST returns 400","bs-chrome-win11","2026-10-09","passed","2026-10-09","Security > Input Validation","","",""
"","601","verify Yellow ( #f1c40f ) is applied as the background color","Chrome","2026-10-09","passed","2026-10-09","POM Refactored: Background color tests","tests/pom-refactored.spec.ts","",""
"","3801","deleting the active color switches background to the first remaining","bs-iphone-15","2026-10-09","passed","2026-10-09","Color Management — Add & Delete","","",""
"","236","X-Powered-By header is not exposed","bs-firefox-win11","2026-10-09","passed","2026-10-09","Security > Security Headers","","",""
"","13","Server Unit Tests GET /api/colors does not expose _id or __v fields","","2026-10-09","passed","2026-10-09","","Server Unit Tests","Server Unit Tests GET /api/colors does not expose _id or __v fields",""
"","137","POST with script tag in name is rejected (400)","bs-safari-ventura","2026-10-09","passed","2026-10-09","Security > XSS Prevention","","",""
"","4","Server Unit Tests Middleware includes CORS headers","","2026-10-09","passed","2026-10-09","","Server Unit Tests","Server Unit Tests Middleware includes CORS headers",""
"","1361","handle initial fetch error","bs-iphone-15","2026-10-09","passed","2026-10-09","Edge cases and error handling","","",""
"","1010","should display colors that do not exist in the database","bs-chrome-win11","2026-10-09","passed","2026-10-09","Network Mocking & Interception","","",""
"","127","NoSQL injection object in name is rejected (400)","bs-safari-ventura","2026-10-09","passed","2026-10-09","Security > Injection Prevention","","",""
"","32","GET /api/colors/{name}","","","passed","","","schemathesis","",""
"","1257","shows client-side validation error for invalid name chars","bs-chrome-win11","2026-10-09","passed","2026-10-09","Color Management — Add & Delete","","",""
"","688","verify language switcher changes document language","bs-pixel-7","2026-10-09","passed","2026-10-09","","","",""
"","987","verify Red ( #e74c3c ) is applied as the background color","bs-chrome-win11","2026-10-09","passed","2026-10-09","Background color tests","","",""
"","160","should reject omitting both name and hex on update","bs-safari-ventura","2026-10-09","passed","2026-10-09","Backend API Integration > PUT /api/colors/:name Schema Validation","","",""
"","743","should show loading state when API returns empty colors","bs-pixel-7","2026-10-09","passed","2026-10-09","UI Error Handling Coverage","","",""
"","1401","verify Red ( #e74c3c ) is applied as the background color","bs-firefox-win11","2026-10-09","passed","2026-10-09","POM Refactored: Background color tests","","",""
"","460","should delete an existing color","bs-iphone-15","2026-10-09","passed","2026-10-09","Backend API Integration > DELETE /api/colors/:name","","",""
"","133","unknown extra fields in POST body are rejected (400)","bs-firefox-win11","2026-10-09","passed","2026-10-09","Security > Input Validation","","",""
"","9","Server Integration Tests (Testcontainers) GET /api/colors/:name should return 404 for a non-existent color","","2026-10-09","passed","2026-10-09","","Server Integration Tests (Testcontainers)","Server Integration Tests (Testcontainers) GET /api/colors/:name should return 404 for a non-existent color",""
"","119","NoSQL $where operator in name is rejected (400)","bs-chrome-win11","2026-10-09","passed","2026-10-09","Security > Injection Prevention","","",""
"","4373","clicking the backdrop closes the picker","bs-safari-ventura","2026-10-09","passed","2026-10-09","Color Management — Add & Delete","","",""
"","4044","should maintain accessibility in en language and verify resilient locators","bs-safari-ventura","2026-10-09","passed","2026-10-09","i18n Accessibility Tests","","",""
"","1097","delete API error shows alert banner","bs-pixel-7","2026-10-09","passed","2026-10-09","Color Management — Add & Delete","","",""
"","5","Server Unit Tests POST /api/colors accepts names with alphanumeric characters and spaces","","2026-10-09","passed","2026-10-09","","Server Unit Tests","Server Unit Tests POST /api/colors accepts names with alphanumeric characters and spaces",""
"","255","should return 404 for non-existent color deletion","bs-iphone-15","2026-10-09","passed","2026-10-09","Backend API Integration > DELETE /api/colors/:name","","",""
"","114","should reject omitting both name and hex on update","bs-chrome-win11","2026-10-09","passed","2026-10-09","Backend API Integration > PUT /api/colors/:name Schema Validation","","",""
"","6","Server Unit Tests POST /api/colors applies the createColorLimiter rate limit headers","","2026-10-09","passed","2026-10-09","","Server Unit Tests","Server Unit Tests POST /api/colors applies the createColorLimiter rate limit headers",""
"","1058","first color chip is active on load (aria-pressed=true)","bs-firefox-win11","2026-10-09","passed","2026-10-09","Color Management — Add & Delete","","",""
"","2157","changing color to Turquoise should reflect in UI and DOM","bs-safari-ventura","2026-10-09","passed","2026-10-09","Data-Driven Testing","","",""
"","8","Server Unit Tests GET /api/colors returns JSON content type","","2026-10-09","passed","2026-10-09","","Server Unit Tests","Server Unit Tests GET /api/colors returns JSON content type",""
"","113","POST with javascript: URI in name is rejected (400)","bs-firefox-win11","2026-10-09","passed","2026-10-09","Security > XSS Prevention","","",""
"","1242","clicking ""+ Add color"" opens the picker modal","bs-firefox-win11","2026-10-09","passed","2026-10-09","Color Management — Add & Delete","","",""
"","125","NoSQL injection object in name is rejected (400)","bs-pixel-7","2026-10-09","passed","2026-10-09","Security > Injection Prevention","","",""
"","2071","should create dynamic random color via API and verify through UI","bs-safari-ventura","2026-10-09","passed","2026-10-09","Random Data Testing with faker.js","","",""
"","801","chip-x click opens confirm dialog with color name","bs-pixel-7","2026-10-09","passed","2026-10-09","Color Management — Add & Delete","","",""
"","2764","should maintain accessibility in en language and verify resilient locators","bs-firefox-win11","2026-10-09","passed","2026-10-09","i18n Accessibility Tests","","",""
"","780","Escape key closes the confirm dialog","bs-pixel-7","2026-10-09","passed","2026-10-09","Color Management — Add & Delete","","",""
"","99","should reject omitting both name and hex on update","bs-pixel-7","2026-10-09","passed","2026-10-09","Backend API Integration > PUT /api/colors/:name Schema Validation","","",""
"","251","GET /api/colors/Red should return the correct hex code","bs-safari-ventura","2026-10-09","passed","2026-10-09","Backend API Integration","","",""
"","501","Example #1","BDD","2026-10-09","passed","2026-10-09","Home Page Background Color > Change background color","","",""
"","252","GET /api/colors should return all colors","bs-pixel-7","2026-10-09","passed","2026-10-09","Backend API Integration","","",""
"","1705","handle color response missing hex property","bs-safari-ventura","2026-10-09","passed","2026-10-09","Edge cases and error handling","","",""
"","1377","clicking the backdrop closes the picker","bs-firefox-win11","2026-10-09","passed","2026-10-09","Color Management — Add & Delete","","",""
"","1275","verify Turquoise ( #1abc9c ) is applied as the background color","bs-chrome-win11","2026-10-09","passed","2026-10-09","Background color tests","","",""
"","380","should handle missing image gracefully by showing alt text","Chrome","2026-10-09","passed","2026-10-09","Network Mocking & Interception","tests/network-mocking.spec.ts","",""
"","147","POST with javascript: URI in name is rejected (400)","bs-safari-ventura","2026-10-09","passed","2026-10-09","Security > XSS Prevention","","",""
"","218","oversized payload is rejected (413)","bs-pixel-7","2026-10-09","passed","2026-10-09","Security > Input Validation","","",""
"","192","should return 404 for non-existent color deletion","bs-pixel-7","2026-10-09","passed","2026-10-09","Backend API Integration > DELETE /api/colors/:name","","",""
"","12","Server Unit Tests Surviving Mutants & Edge Cases Strict Path & Method Validation kills mutants that change route paths to empty string","","2026-10-09","passed","2026-10-09","","Server Unit Tests","Server Unit Tests Surviving Mutants & Edge Cases Strict Path & Method Validation kills mutants that change route paths to empty string",""
"","1845","deleting the active color switches background to the first remaining","bs-firefox-win11","2026-10-09","passed","2026-10-09","Color Management — Add & Delete","","",""
"","1902","clicking ""+ Add color"" opens the picker modal","bs-iphone-15","2026-10-09","passed","2026-10-09","Color Management — Add & Delete","","",""
"","1400","shows 409 duplicate error from server inside the picker","bs-chrome-win11","2026-10-09","passed","2026-10-09","Color Management — Add & Delete","","",""
"","7","Server Integration Tests (Testcontainers) GET /api/colors/:name should return 400 for invalid name format","","2026-10-09","passed","2026-10-09","","Server Integration Tests (Testcontainers)","Server Integration Tests (Testcontainers) GET /api/colors/:name should return 400 for invalid name format",""
"","810","handle initial fetch with empty data","bs-chrome-win11","2026-10-09","passed","2026-10-09","Edge cases and error handling","","",""
"","5","Server Integration Tests (Testcontainers) PUT /api/colors/:name should return 400 when update body is empty","","2026-10-09","passed","2026-10-09","","Server Integration Tests (Testcontainers)","Server Integration Tests (Testcontainers) PUT /api/colors/:name should return 400 when update body is empty",""
"","1","homepage after color change","Chrome","2026-10-09","skipped","2026-10-09","Percy Visual Regression – Production > Percy – desktop (1280×720)","","",""
"","5","Server Unit Tests POST /api/colors returns 409 for a duplicate color name with descriptive error","","2026-10-09","passed","2026-10-09","","Server Unit Tests","Server Unit Tests POST /api/colors returns 409 for a duplicate color name with descriptive error",""
"","115","array body on POST returns 400","bs-safari-ventura","2026-10-09","passed","2026-10-09","Security > Input Validation","","",""
"","206","PUT /openapi.json returns 405","bs-safari-ventura","2026-10-09","passed","2026-10-09","Security > HTTP Method Restrictions","","",""
"","976","should create dynamic random color via API and verify through UI","Chrome","2026-10-09","passed","2026-10-09","Random Data Testing with faker.js","tests/random-data.spec.ts","",""
"","696","homepage should match snapshot","Chrome","2026-10-09","passed","2026-10-09","Visual Regression – tablet (768×1024)","","",""
"","4","Server Unit Tests POST /api/colors returns 400 when hex is missing","","2026-10-09","passed","2026-10-09","","Server Unit Tests","Server Unit Tests POST /api/colors returns 400 when hex is missing",""
"","1319","verify Yellow ( #f1c40f ) is applied as the background color","bs-chrome-win11","2026-10-09","passed","2026-10-09","POM Refactored: Background color tests","","",""
"","6484","close (×) button closes the picker","bs-safari-ventura","2026-10-09","passed","2026-10-09","Color Management — Add & Delete","","",""
"","2668","should maintain accessibility in en language and verify resilient locators","Chrome","2026-10-09","passed","2026-10-09","i18n Accessibility Tests","tests/a11y.spec.ts","",""
"","17","Server Unit Tests Surviving Mutants & Edge Cases Regex & Validation STRICT_NAME_REGEX kills mutants on start/end/middle characters","","2026-10-09","passed","2026-10-09","","Server Unit Tests","Server Unit Tests Surviving Mutants & Edge Cases Regex & Validation STRICT_NAME_REGEX kills mutants on start/end/middle characters",""
"","4","Server Unit Tests PUT /api/colors/:name returns 404 for a non-existent color","","2026-10-09","passed","2026-10-09","","Server Unit Tests","Server Unit Tests PUT /api/colors/:name returns 404 for a non-existent color",""
"","3542","homepage initial state","percy","2026-10-09","passed","2026-10-09","Percy Visual Regression – Production > Percy – desktop (1280×720)","","",""
"","1808","verify Yellow ( #f1c40f ) is applied as the background color","bs-firefox-win11","2026-10-09","passed","2026-10-09","Background color tests","","",""
"","119","NoSQL operator in GET path param is rejected (400 or 404)","bs-firefox-win11","2026-10-09","passed","2026-10-09","Security > Injection Prevention","","",""
"","1241","handle initial fetch with empty data","bs-iphone-15","2026-10-09","passed","2026-10-09","Edge cases and error handling","","",""
"","843","should handle fetch colors network failure gracefully","bs-firefox-win11","2026-10-09","passed","2026-10-09","UI Error Handling Coverage","","",""
"","7","Server Integration Tests (Testcontainers) GET /api/colors/:name should return correct data for Red","","2026-10-09","passed","2026-10-09","","Server Integration Tests (Testcontainers)","Server Integration Tests (Testcontainers) GET /api/colors/:name should return correct data for Red",""
"","609","shows a chip for each color with a swatch, name, and delete button","bs-pixel-7","2026-10-09","passed","2026-10-09","Color Management — Add & Delete","","",""
"","1918","verify Red ( #e74c3c ) is applied as the background color","bs-safari-ventura","2026-10-09","passed","2026-10-09","Background color tests","","",""
"","203","should return 404 when updating non-existent color","bs-chrome-win11","2026-10-09","passed","2026-10-09","Backend API Integration > PUT /api/colors/:name Schema Validation","","",""
"","6","Server Unit Tests PUT /api/colors/:name updates both name and hex simultaneously","","2026-10-09","passed","2026-10-09","","Server Unit Tests","Server Unit Tests PUT /api/colors/:name updates both name and hex simultaneously",""
"","460","should delete an existing color","bs-chrome-win11","2026-10-09","passed","2026-10-09","Backend API Integration > DELETE /api/colors/:name","","",""
"","2804","should create color via API and verify through UI","bs-iphone-15","2026-10-09","passed","2026-10-09","Hybrid E2E Testing","","",""
"","1914","changing color to Turquoise should reflect in UI and DOM","bs-iphone-15","2026-10-09","passed","2026-10-09","Data-Driven Testing","","",""
"","720","should update a color with valid schema","bs-firefox-win11","2026-10-09","passed","2026-10-09","Backend API Integration > PUT /api/colors/:name Schema Validation","","",""
"","1767","clicking a chip makes it active","bs-iphone-15","2026-10-09","passed","2026-10-09","Color Management — Add & Delete","","",""
"","205","X-Powered-By header is not exposed","bs-safari-ventura","2026-10-09","passed","2026-10-09","Security > Security Headers","","",""
"","1674","should create dynamic random color via API and verify through UI","bs-firefox-win11","2026-10-09","passed","2026-10-09","Random Data Testing with faker.js","","",""
"","3","Server Unit Tests POST /api/reseed returns 405 for GET on /api/reseed","","2026-10-09","passed","2026-10-09","","Server Unit Tests","Server Unit Tests POST /api/reseed returns 405 for GET on /api/reseed",""
"","1466","color names rendered in the UI do not trigger script execution","Chrome","2026-10-09","passed","2026-10-09","Security > XSS Prevention","tests/security.spec.ts","",""
"","1193","Cancel button closes the picker","bs-pixel-7","2026-10-09","passed","2026-10-09","Color Management — Add & Delete","","",""
"","1383","should reject missing hex","bs-iphone-15","2026-10-09","passed","2026-10-09","Backend API Integration > POST /api/colors Schema Validation","","",""
"","1278","shows client-side validation error for invalid name chars","bs-pixel-7","2026-10-09","passed","2026-10-09","Color Management — Add & Delete","","",""
"","2057","verify Turquoise ( #1abc9c ) is applied as the background color","bs-iphone-15","2026-10-09","passed","2026-10-09","Background color tests","","",""
"","250","GET /api/colors should return all colors","bs-safari-ventura","2026-10-09","passed","2026-10-09","Backend API Integration","","",""
"","577","should handle missing image gracefully by showing alt text","bs-chrome-win11","2026-10-09","passed","2026-10-09","Network Mocking & Interception","","",""
"","1033","should handle color click network failure gracefully","bs-firefox-win11","2026-10-09","passed","2026-10-09","UI Error Handling Coverage","","",""
"","24","Server Integration Tests (Testcontainers) End-to-end CRUD workflow should create, read, update, and delete a color in sequence","","2026-10-09","passed","2026-10-09","","Server Integration Tests (Testcontainers)","Server Integration Tests (Testcontainers) End-to-end CRUD workflow should create, read, update, and delete a color in sequence",""
"","158","NoSQL operator in GET path param is rejected (400 or 404)","bs-safari-ventura","2026-10-09","passed","2026-10-09","Security > Injection Prevention","","",""
"","1358","should load the application and verify core functionality across browsers","bs-firefox-win11","2026-10-09","passed","2026-10-09","Cross-Browser Core Functionality","","",""
"","775","should display all core elements and handle button interaction","Chrome","2026-10-09","passed","2026-10-09","Responsive Design – iPhone SE (375×667)","","",""
"","431","should load the application and verify core functionality across browsers","Chrome","2026-10-09","passed","2026-10-09","Cross-Browser Core Functionality","tests/cross-browser.spec.ts","",""
"","119","should reject updating with empty name","bs-chrome-win11","2026-10-09","passed","2026-10-09","Backend API Integration > PUT /api/colors/:name Schema Validation","","",""
"","1667","should create dynamic random color via API and verify through UI","bs-chrome-win11","2026-10-09","passed","2026-10-09","Random Data Testing with faker.js","","",""
"","1996","changing color to Yellow should reflect in UI and DOM","bs-safari-ventura","2026-10-09","passed","2026-10-09","Data-Driven Testing","","",""
"","1590","successfully adds a new color and shows its chip","bs-pixel-7","2026-10-09","passed","2026-10-09","Color Management — Add & Delete","","",""
"","399","homepage should match snapshot","percy","2026-10-09","skipped","2026-10-09","Visual Regression – desktop-xl (1920×1080)","","",""
"","1063","shows a chip for each color with a swatch, name, and delete button","bs-firefox-win11","2026-10-09","passed","2026-10-09","Color Management — Add & Delete","","",""
"","9","Server Unit Tests Surviving Mutants & Edge Cases PUT logic kills name/hex conditional mutants by providing only one field","","2026-10-09","passed","2026-10-09","","Server Unit Tests","Server Unit Tests Surviving Mutants & Edge Cases PUT logic kills name/hex conditional mutants by providing only one field",""
"","360","Server Unit Tests Surviving Mutants & Edge Cases Infrastructure uses MONGO_URI from environment if available","","2026-10-09","passed","2026-10-09","","Server Unit Tests","Server Unit Tests Surviving Mutants & Edge Cases Infrastructure uses MONGO_URI from environment if available",""
"","6","Server Integration Tests (Testcontainers) Method Not Allowed should return 405 for PATCH /api/colors/:name","","2026-10-09","passed","2026-10-09","","Server Integration Tests (Testcontainers)","Server Integration Tests (Testcontainers) Method Not Allowed should return 405 for PATCH /api/colors/:name",""
"","4","Server Unit Tests Surviving Mutants & Edge Cases Swagger Metadata & OpenAPI has exact info metadata","","2026-10-09","passed","2026-10-09","","Server Unit Tests","Server Unit Tests Surviving Mutants & Edge Cases Swagger Metadata & OpenAPI has exact info metadata",""
"","2572","should maintain accessibility in en language and verify resilient locators","bs-chrome-win11","2026-10-09","passed","2026-10-09","i18n Accessibility Tests","","",""
"","1619","successfully adds a new color and shows its chip","bs-chrome-win11","2026-10-09","passed","2026-10-09","Color Management — Add & Delete","","",""
"","1833","should maintain accessibility in el language and verify resilient locators","Chrome","2026-10-09","passed","2026-10-09","i18n Accessibility Tests","tests/a11y.spec.ts","",""
"","8","Server Integration Tests (Testcontainers) POST /api/colors should not expose _id or __v in the creation response","","2026-10-09","passed","2026-10-09","","Server Integration Tests (Testcontainers)","Server Integration Tests (Testcontainers) POST /api/colors should not expose _id or __v in the creation response",""
"","206","should return 404 when updating non-existent color","bs-firefox-win11","2026-10-09","passed","2026-10-09","Backend API Integration > PUT /api/colors/:name Schema Validation","","",""
"","14","should delete an existing color","Chrome","2026-10-09","passed","2026-10-09","Backend API Integration > DELETE /api/colors/:name","","",""
"","127","PATCH /api/colors returns 405","bs-chrome-win11","2026-10-09","passed","2026-10-09","Security > HTTP Method Restrictions","","",""
"","4","Server Unit Tests OpenAPI endpoints serves the OpenAPI JSON spec with exact metadata","","2026-10-09","passed","2026-10-09","","Server Unit Tests","Server Unit Tests OpenAPI endpoints serves the OpenAPI JSON spec with exact metadata",""
"","12","Server Integration Tests (Testcontainers) GET /api/colors should return an empty array after all colors are deleted","","2026-10-09","passed","2026-10-09","","Server Integration Tests (Testcontainers)","Server Integration Tests (Testcontainers) GET /api/colors should return an empty array after all colors are deleted",""
"","7","Server Unit Tests Surviving Mutants & Edge Cases Allowed Methods kills mutants in allowedMethods object","","2026-10-09","passed","2026-10-09","","Server Unit Tests","Server Unit Tests Surviving Mutants & Edge Cases Allowed Methods kills mutants in allowedMethods object",""
"","2225","should maintain accessibility in es language and verify resilient locators","Chrome","2026-10-09","passed","2026-10-09","i18n Accessibility Tests","tests/a11y.spec.ts","",""
"","4081","cancel in confirm dialog closes it without deleting","bs-firefox-win11","2026-10-09","passed","2026-10-09","Color Management — Add & Delete","","",""
"","1007","handle color selection fetch error","bs-chrome-win11","2026-10-09","passed","2026-10-09","Edge cases and error handling","","",""
"","536","changing color to Red should reflect in UI and DOM","Chrome","2026-10-09","passed","2026-10-09","Data-Driven Testing","tests/data-driven.spec.ts","",""
"","107","DELETE /api/colors (collection) returns 405","bs-firefox-win11","2026-10-09","passed","2026-10-09","Security > HTTP Method Restrictions","","",""
"","1064","verify Red ( #e74c3c ) is applied as the background color","bs-chrome-win11","2026-10-09","passed","2026-10-09","POM Refactored: Background color tests","","",""
"","1095","homepage should match snapshot","Chrome","2026-10-09","passed","2026-10-09","Visual Regression – desktop (1280×720)","","",""
"","18","should reject omitting both name and hex on update","Chrome","2026-10-09","passed","2026-10-09","Backend API Integration > PUT /api/colors/:name Schema Validation","tests/api.spec.ts","",""
"","5851","should not have any automatically detectable accessibility issues","bs-chrome-win11","2026-10-09","passed","2026-10-09","Accessibility Tests","","",""
"","3","Server Unit Tests Surviving Mutants & Edge Cases Swagger Metadata & OpenAPI has exact API info","","2026-10-09","passed","2026-10-09","","Server Unit Tests","Server Unit Tests Surviving Mutants & Edge Cases Swagger Metadata & OpenAPI has exact API info",""
"","24","Server Unit Tests POST /api/colors creates a new color and returns 201 with correct body","","2026-10-09","passed","2026-10-09","","Server Unit Tests","Server Unit Tests POST /api/colors creates a new color and returns 201 with correct body",""
"","5","Server Unit Tests PUT /api/colors/:name does not change name when updating only hex","","2026-10-09","passed","2026-10-09","","Server Unit Tests","Server Unit Tests PUT /api/colors/:name does not change name when updating only hex",""
"","1623","should gracefully handle a color not found in the database","bs-safari-ventura","2026-10-09","passed","2026-10-09","Network Mocking & Interception","","",""
"","9","Server Unit Tests GET /api/colors/:name returns Turquoise color correctly","","2026-10-09","passed","2026-10-09","","Server Unit Tests","Server Unit Tests GET /api/colors/:name returns Turquoise color correctly",""
"","34","POST with script tag in name is rejected (400)","Chrome","2026-10-09","passed","2026-10-09","Security > XSS Prevention","tests/security.spec.ts","",""
"","1540","color names rendered in the UI do not trigger script execution","bs-chrome-win11","2026-10-09","passed","2026-10-09","Security > XSS Prevention","","",""
"","4467","mobile color picker workflow","percy","2026-10-09","passed","2026-10-09","Percy Visual Regression – Production > Percy – Mobile Interactions","","",""
"","210","oversized payload is rejected (413)","bs-iphone-15","2026-10-09","passed","2026-10-09","Security > Input Validation","","",""
"","195","oversized payload is rejected (413)","bs-chrome-win11","2026-10-09","passed","2026-10-09","Security > Input Validation","","",""
"","328","should gracefully handle a color not found in the database","Chrome","2026-10-09","passed","2026-10-09","Network Mocking & Interception","tests/network-mocking.spec.ts","",""
"","523","should create a new color with valid schema","bs-safari-ventura","2026-10-09","passed","2026-10-09","Backend API Integration > POST /api/colors Schema Validation","","",""
"","1408","check Turquoise ( #1abc9c) is the default background color.","bs-firefox-win11","2026-10-09","passed","2026-10-09","","","",""
"","206","homepage should match snapshot","percy","2026-10-09","skipped","2026-10-09","Visual Regression – iphone-landscape (667×375)","","",""
"","5480","homepage initial state","percy","2026-10-09","passed","2026-10-09","Percy Visual Regression – Production > Percy – mobile (375×667)","","",""
"","1435","verify Turquoise ( #1abc9c ) is applied as the background color","bs-chrome-win11","2026-10-09","passed","2026-10-09","POM Refactored: Background color tests","","",""
"","1448","shows a chip for each color with a swatch, name, and delete button","bs-safari-ventura","2026-10-09","passed","2026-10-09","Color Management — Add & Delete","","",""
"","638","should return 409 for duplicate color creation","bs-firefox-win11","2026-10-09","passed","2026-10-09","Backend API Integration > POST /api/colors Schema Validation","","",""
"","22","Server Unit Tests Surviving Mutants & Edge Cases Regex & Validation STRICT_NAME_REGEX kills mutants on optionality and length","","2026-10-09","passed","2026-10-09","","Server Unit Tests","Server Unit Tests Surviving Mutants & Edge Cases Regex & Validation STRICT_NAME_REGEX kills mutants on optionality and length",""
"","454","Color button remains functional after switching language","BDD","2026-10-09","passed","2026-10-09","Language Switching","","",""
"","567","Example #2","BDD","2026-10-09","passed","2026-10-09","Home Page Background Color > Change background color","","",""
"","1195","verify Turquoise ( #1abc9c ) is applied as the background color","bs-pixel-7","2026-10-09","passed","2026-10-09","Background color tests","","",""
"","733","should update a color with valid schema","bs-chrome-win11","2026-10-09","passed","2026-10-09","Backend API Integration > PUT /api/colors/:name Schema Validation","","",""
"","2695","should maintain accessibility in es language and verify resilient locators","bs-firefox-win11","2026-10-09","passed","2026-10-09","i18n Accessibility Tests","","",""
"","341","GET /api/colors/Turquoise should return the correct hex code","bs-chrome-win11","2026-10-09","passed","2026-10-09","Backend API Integration","","",""
"","118","PATCH /api/colors returns 405","bs-firefox-win11","2026-10-09","passed","2026-10-09","Security > HTTP Method Restrictions","","",""
"","1601","should create color via API and verify through UI","bs-pixel-7","2026-10-09","passed","2026-10-09","Hybrid E2E Testing","","",""
"","1659","verify Yellow ( #f1c40f ) is applied as the background color","bs-iphone-15","2026-10-09","passed","2026-10-09","POM Refactored: Background color tests","","",""
"","111","array body on POST returns 400","bs-pixel-7","2026-10-09","passed","2026-10-09","Security > Input Validation","","",""
"","1045","clicking the backdrop closes the picker","bs-pixel-7","2026-10-09","passed","2026-10-09","Color Management — Add & Delete","","",""
"","116","DELETE /api/colors (collection) returns 405","bs-chrome-win11","2026-10-09","passed","2026-10-09","Security > HTTP Method Restrictions","","",""
"","232","GET /api/colors should return colors sorted alphabetically by name","bs-firefox-win11","2026-10-09","passed","2026-10-09","Backend API Integration","","",""
"","0","mobile color picker workflow","Chrome","2026-10-09","skipped","2026-10-09","Percy Visual Regression – Production > Percy – Mobile Interactions","","",""
"","4309","should maintain accessibility in en language and verify resilient locators","bs-iphone-15","2026-10-09","passed","2026-10-09","i18n Accessibility Tests","","",""
"","17","POST with javascript: URI in name is rejected (400)","Chrome","2026-10-09","passed","2026-10-09","Security > XSS Prevention","tests/security.spec.ts","",""
"","8","Server Integration Tests (Testcontainers) POST /api/colors should accept a color name containing spaces","","2026-10-09","passed","2026-10-09","","Server Integration Tests (Testcontainers)","Server Integration Tests (Testcontainers) POST /api/colors should accept a color name containing spaces",""
"","13","Server Unit Tests Surviving Mutants & Edge Cases Regex & Validation STRICT_NAME_REGEX kills mutants by testing multiple spaces in the middle and rejecting pluses","","2026-10-09","passed","2026-10-09","","Server Unit Tests","Server Unit Tests Surviving Mutants & Edge Cases Regex & Validation STRICT_NAME_REGEX kills mutants by testing multiple spaces in the middle and rejecting pluses",""
"","1413","shows server-error message on 500 inside the picker","bs-chrome-win11","2026-10-09","passed","2026-10-09","Color Management — Add & Delete","","",""
"","1562","check Turquoise ( #1abc9c) is the default background color.","bs-iphone-15","2026-10-09","passed","2026-10-09","","","",""
"","5","Server Unit Tests Middleware returns 413 for payload too large","","2026-10-09","passed","2026-10-09","","Server Unit Tests","Server Unit Tests Middleware returns 413 for payload too large",""
"","1921","clicking ""+ Add color"" opens the picker modal","bs-safari-ventura","2026-10-09","passed","2026-10-09","Color Management — Add & Delete","","",""
"","711","handle initial fetch error","bs-pixel-7","2026-10-09","passed","2026-10-09","Edge cases and error handling","","",""
"","116","should reject missing hex","bs-pixel-7","2026-10-09","passed","2026-10-09","Backend API Integration > POST /api/colors Schema Validation","","",""
"","1268","shows client-side ""Name is required"" when submitting empty name","bs-chrome-win11","2026-10-09","passed","2026-10-09","Color Management — Add & Delete","","",""
"","41","should update a color with valid schema","Chrome","2026-10-09","passed","2026-10-09","Backend API Integration > PUT /api/colors/:name Schema Validation","tests/api.spec.ts","",""
"","8","Server Unit Tests GET /api/colors/:name returns 404 for a non-existent color","","2026-10-09","passed","2026-10-09","","Server Unit Tests","Server Unit Tests GET /api/colors/:name returns 404 for a non-existent color",""
"","3","Server Unit Tests Surviving Mutants & Edge Cases OpenAPI Content-Type has application/json content-type","","2026-10-09","passed","2026-10-09","","Server Unit Tests","Server Unit Tests Surviving Mutants & Edge Cases OpenAPI Content-Type has application/json content-type",""
"","3666","shows client-side ""Name is required"" when submitting empty name","bs-safari-ventura","2026-10-09","passed","2026-10-09","Color Management — Add & Delete","","",""
"","2019","POST /api/colors","","","passed","","","schemathesis","",""
"","5","Server Unit Tests Surviving Mutants & Edge Cases Regex & Validation Zod required_error messages are correct","","2026-10-09","passed","2026-10-09","","Server Unit Tests","Server Unit Tests Surviving Mutants & Edge Cases Regex & Validation Zod required_error messages are correct",""
"","2346","should maintain accessibility in el language and verify resilient locators","bs-chrome-win11","2026-10-09","passed","2026-10-09","i18n Accessibility Tests","","",""
"","1908","color names rendered in the UI do not trigger script execution","bs-safari-ventura","2026-10-09","passed","2026-10-09","Security > XSS Prevention","","",""
"","324","Server Unit Tests Surviving Mutants & Edge Cases Port Fallback reflects process.env.PORT in Swagger servers","","2026-10-09","passed","2026-10-09","","Server Unit Tests","Server Unit Tests Surviving Mutants & Edge Cases Port Fallback reflects process.env.PORT in Swagger servers",""
"","114","malformed JSON body returns 400","bs-safari-ventura","2026-10-09","passed","2026-10-09","Security > Input Validation","","",""
"","1447","handle color selection fetch error","bs-iphone-15","2026-10-09","passed","2026-10-09","Edge cases and error handling","","",""
"","310","should show loading state when API returns empty colors","Chrome","2026-10-09","passed","2026-10-09","UI Error Handling Coverage","tests/error-handling.spec.ts","",""
"","134","POST with javascript: URI in name is rejected (400)","bs-chrome-win11","2026-10-09","passed","2026-10-09","Security > XSS Prevention","","",""
"","106","SQL injection characters in name are rejected (400)","bs-chrome-win11","2026-10-09","passed","2026-10-09","Security > Injection Prevention","","",""
"","138","POST with javascript: URI in name is rejected (400)","bs-pixel-7","2026-10-09","passed","2026-10-09","Security > XSS Prevention","","",""
"","7","Server Integration Tests (Testcontainers) PUT /api/colors/:name should return 404 when updating a non-existent color","","2026-10-09","passed","2026-10-09","","Server Integration Tests (Testcontainers)","Server Integration Tests (Testcontainers) PUT /api/colors/:name should return 404 when updating a non-existent color",""
"","211","unknown extra fields in POST body are rejected (400)","bs-safari-ventura","2026-10-09","passed","2026-10-09","Security > Input Validation","","",""
"","178","PUT /openapi.json returns 405","bs-iphone-15","2026-10-09","passed","2026-10-09","Security > HTTP Method Restrictions","","",""
"","1013","shows client-side ""Name is required"" when submitting empty name","Chrome","2026-10-09","passed","2026-10-09","Color Management — Add & Delete","tests/color-management.spec.ts","",""
"","14","should reject missing name","Chrome","2026-10-09","passed","2026-10-09","Backend API Integration > POST /api/colors Schema Validation","tests/api.spec.ts","",""
"","1052","cancel in confirm dialog closes it without deleting","Chrome","2026-10-09","passed","2026-10-09","Color Management — Add & Delete","tests/color-management.spec.ts","",""
"","4","Server Unit Tests POST /api/colors returns 400 for name with only spaces","","2026-10-09","passed","2026-10-09","","Server Unit Tests","Server Unit Tests POST /api/colors returns 400 for name with only spaces",""
"","5","Server Unit Tests Error Handling POST /api/colors returns 409 when database throws duplicate key error (code 11000)","","2026-10-09","passed","2026-10-09","","Server Unit Tests","Server Unit Tests Error Handling POST /api/colors returns 409 when database throws duplicate key error (code 11000)",""
"","473","should delete an existing color","bs-pixel-7","2026-10-09","passed","2026-10-09","Backend API Integration > DELETE /api/colors/:name","","",""
"","100","should reject empty name","bs-pixel-7","2026-10-09","passed","2026-10-09","Backend API Integration > POST /api/colors Schema Validation","","",""
"","479","verify Turquoise ( #1abc9c ) is applied as the background color","Chrome","2026-10-09","passed","2026-10-09","POM Refactored: Background color tests","tests/pom-refactored.spec.ts","",""
"","105","POST /api-docs returns 405","bs-chrome-win11","2026-10-09","passed","2026-10-09","Security > HTTP Method Restrictions","","",""
"","473","verify language switcher changes document language","Chrome","2026-10-09","passed","2026-10-09","","tests/coverage.spec.ts","",""
"","166","NoSQL operator in GET path param is rejected (400 or 404)","bs-chrome-win11","2026-10-09","passed","2026-10-09","Security > Injection Prevention","","",""
"","404","should handle color click network failure gracefully","Chrome","2026-10-09","passed","2026-10-09","UI Error Handling Coverage","tests/error-handling.spec.ts","",""
"","1831","clicking a chip makes it active","bs-safari-ventura","2026-10-09","passed","2026-10-09","Color Management — Add & Delete","","",""
"","1058","cancel in confirm dialog closes it without deleting","bs-chrome-win11","2026-10-09","passed","2026-10-09","Color Management — Add & Delete","","",""
"","18","Server Integration Tests (Testcontainers) POST /api/reseed should reseed the database to the three default colors with a valid token","","2026-10-09","passed","2026-10-09","","Server Integration Tests (Testcontainers)","Server Integration Tests (Testcontainers) POST /api/reseed should reseed the database to the three default colors with a valid token",""
"","3","Server Unit Tests PUT /api/colors/:name returns 400 for invalid name in path (regex check)","","2026-10-09","passed","2026-10-09","","Server Unit Tests","Server Unit Tests PUT /api/colors/:name returns 400 for invalid name in path (regex check)",""
"","6","Server Unit Tests 405 Method Not Allowed returns 405 for POST, PUT, DELETE on /openapi.json","","2026-10-09","passed","2026-10-09","","Server Unit Tests","Server Unit Tests 405 Method Not Allowed returns 405 for POST, PUT, DELETE on /openapi.json",""
"","232","GET /api/colors/Yellow should return the correct hex code","bs-pixel-7","2026-10-09","passed","2026-10-09","Backend API Integration","","",""
"","1193","verify language switcher changes document language","bs-firefox-win11","2026-10-09","passed","2026-10-09","","","",""
"","956","shows 409 duplicate error from server inside the picker","Chrome","2026-10-09","passed","2026-10-09","Color Management — Add & Delete","tests/color-management.spec.ts","",""
"","1103","clicking a chip makes it active","bs-pixel-7","2026-10-09","passed","2026-10-09","Color Management — Add & Delete","","",""
"","1413","should handle color click network failure gracefully","bs-iphone-15","2026-10-09","passed","2026-10-09","UI Error Handling Coverage","","",""
"","1317","changing color to Turquoise should reflect in UI and DOM","bs-pixel-7","2026-10-09","passed","2026-10-09","Data-Driven Testing","","",""
"","714","should gracefully handle a color not found in the database","bs-pixel-7","2026-10-09","passed","2026-10-09","Network Mocking & Interception","","",""
"","8","Server Unit Tests Error Handling PUT /api/colors/:name returns 500 when database fails","","2026-10-09","passed","2026-10-09","","Server Unit Tests","Server Unit Tests Error Handling PUT /api/colors/:name returns 500 when database fails",""
"","611","verify Red ( #e74c3c ) is applied as the background color","Chrome","2026-10-09","passed","2026-10-09","POM Refactored: Background color tests","tests/pom-refactored.spec.ts","",""
"","4524","should show loading state when API returns empty colors","bs-firefox-win11","2026-10-09","passed","2026-10-09","UI Error Handling Coverage","","",""
"","127","should reject invalid hex format on update","bs-chrome-win11","2026-10-09","passed","2026-10-09","Backend API Integration > PUT /api/colors/:name Schema Validation","","",""
"","4","Server Unit Tests POST /api/colors rejects names with the + character (+ encodes as space in URLs, causing lookup mismatches)","","2026-10-09","passed","2026-10-09","","Server Unit Tests","Server Unit Tests POST /api/colors rejects names with the + character (+ encodes as space in URLs, causing lookup mismatches)",""
"","7","Server Unit Tests Surviving Mutants & Edge Cases Regex & Validation hex regex kills mutants by testing boundaries and formats","","2026-10-09","passed","2026-10-09","","Server Unit Tests","Server Unit Tests Surviving Mutants & Edge Cases Regex & Validation hex regex kills mutants by testing boundaries and formats",""
"","1654","verify Turquoise ( #1abc9c ) is applied as the background color","bs-firefox-win11","2026-10-09","passed","2026-10-09","POM Refactored: Background color tests","","",""
"","1006","changing color to Red should reflect in UI and DOM","bs-chrome-win11","2026-10-09","passed","2026-10-09","Data-Driven Testing","","",""
"","714","shows a chip for each color with a swatch, name, and delete button","bs-chrome-win11","2026-10-09","passed","2026-10-09","Color Management — Add & Delete","","",""
"","2184","should not have any automatically detectable accessibility issues","bs-pixel-7","2026-10-09","passed","2026-10-09","Accessibility Tests","","",""
"","91","POST with HTML tag in name is rejected (400)","Chrome","2026-10-09","passed","2026-10-09","Security > XSS Prevention","tests/security.spec.ts","",""
"","192","should return 404 for non-existent color deletion","bs-firefox-win11","2026-10-09","passed","2026-10-09","Backend API Integration > DELETE /api/colors/:name","","",""
"","115","malformed JSON body returns 400","bs-firefox-win11","2026-10-09","passed","2026-10-09","Security > Input Validation","","",""
"","1075","should meet the accessibility threshold using Google Lighthouse","bs-pixel-7","2026-10-09","skipped","2026-10-09","Accessibility Tests","","",""
"","4","Server Unit Tests POST /api/colors returns 400 for invalid hex format (too short)","","2026-10-09","passed","2026-10-09","","Server Unit Tests","Server Unit Tests POST /api/colors returns 400 for invalid hex format (too short)",""
"","133","unknown extra fields in POST body are rejected (400)","bs-chrome-win11","2026-10-09","passed","2026-10-09","Security > Input Validation","","",""
"","189","should return 404 when updating non-existent color","bs-safari-ventura","2026-10-09","passed","2026-10-09","Backend API Integration > PUT /api/colors/:name Schema Validation","","",""
"","1282","verify Turquoise ( #1abc9c ) is applied as the background color","bs-pixel-7","2026-10-09","passed","2026-10-09","POM Refactored: Background color tests","","",""
"","1494","verify language switcher changes document language","bs-safari-ventura","2026-10-09","passed","2026-10-09","","","",""
"","4672","deleting the active color switches background to the first remaining","bs-safari-ventura","2026-10-09","passed","2026-10-09","Color Management — Add & Delete","","",""
"","197","should reject missing name","bs-chrome-win11","2026-10-09","passed","2026-10-09","Backend API Integration > POST /api/colors Schema Validation","","",""
"","7","error responses return JSON, not HTML (no info leakage)","Chrome","2026-10-09","passed","2026-10-09","Security > Security Headers","tests/security.spec.ts","",""
"","4","Server Unit Tests PUT /api/colors/:name returns 400 for invalid name with special characters","","2026-10-09","passed","2026-10-09","","Server Unit Tests","Server Unit Tests PUT /api/colors/:name returns 400 for invalid name with special characters",""
"","9","GET /api/colors","","","passed","","","schemathesis","",""
"","689","should return 409 for duplicate color creation","bs-safari-ventura","2026-10-09","passed","2026-10-09","Backend API Integration > POST /api/colors Schema Validation","","",""
"","124","should reject invalid hex format","bs-chrome-win11","2026-10-09","passed","2026-10-09","Backend API Integration > POST /api/colors Schema Validation","","",""
"","1179","Cancel button closes the picker","bs-chrome-win11","2026-10-09","passed","2026-10-09","Color Management — Add & Delete","","",""
"","515","should display all core elements and handle button interaction","percy","2026-10-09","skipped","2026-10-09","Responsive Design – iPhone landscape (667×375)","","",""
"","1547","changing color to Red should reflect in UI and DOM","bs-safari-ventura","2026-10-09","passed","2026-10-09","Data-Driven Testing","","",""
"","146","error responses return JSON, not HTML (no info leakage)","bs-iphone-15","2026-10-09","passed","2026-10-09","Security > Security Headers","","",""
"","638","changing color to Yellow should reflect in UI and DOM","Chrome","2026-10-09","passed","2026-10-09","Data-Driven Testing","tests/data-driven.spec.ts","",""
"","211","should return 404 when updating non-existent color","bs-iphone-15","2026-10-09","passed","2026-10-09","Backend API Integration > PUT /api/colors/:name Schema Validation","","",""
"","11","Server Unit Tests GET /api/colors returns an empty array when no colors exist","","2026-10-09","passed","2026-10-09","","Server Unit Tests","Server Unit Tests GET /api/colors returns an empty array when no colors exist",""
"","11","Server Unit Tests PUT /api/colors/:name updates the hex of an existing color","","2026-10-09","passed","2026-10-09","","Server Unit Tests","Server Unit Tests PUT /api/colors/:name updates the hex of an existing color",""
"","113","POST with script tag in name is rejected (400)","bs-pixel-7","2026-10-09","passed","2026-10-09","Security > XSS Prevention","","",""
"","3","Server Unit Tests 405 Method Not Allowed returns 405 for PATCH on /api/colors/:name","","2026-10-09","passed","2026-10-09","","Server Unit Tests","Server Unit Tests 405 Method Not Allowed returns 405 for PATCH on /api/colors/:name",""
"","678","should handle fetch colors network failure gracefully","bs-chrome-win11","2026-10-09","passed","2026-10-09","UI Error Handling Coverage","","",""
"","2235","should create color via API and verify through UI","bs-safari-ventura","2026-10-09","passed","2026-10-09","Hybrid E2E Testing","","",""
"","139","malformed JSON body returns 400","bs-iphone-15","2026-10-09","passed","2026-10-09","Security > Input Validation","","",""
"","117","PUT /openapi.json returns 405","bs-chrome-win11","2026-10-09","passed","2026-10-09","Security > HTTP Method Restrictions","","",""
"","688","should show loading state when API returns empty colors","bs-chrome-win11","2026-10-09","passed","2026-10-09","UI Error Handling Coverage","","",""
"","863","should display colors that do not exist in the database","bs-pixel-7","2026-10-09","passed","2026-10-09","Network Mocking & Interception","","",""
"","1907","chip-x click opens confirm dialog with color name","bs-safari-ventura","2026-10-09","passed","2026-10-09","Color Management — Add & Delete","","",""
"","4","Server Unit Tests Error Handling seedDatabase logs error and re-throws when database fails","","2026-10-09","passed","2026-10-09","","Server Unit Tests","Server Unit Tests Error Handling seedDatabase logs error and re-throws when database fails",""
"","1092","should load the application and verify core functionality across browsers","bs-chrome-win11","2026-10-09","passed","2026-10-09","Cross-Browser Core Functionality","","",""
"","2299","should maintain accessibility in en language and verify resilient locators","bs-pixel-7","2026-10-09","passed","2026-10-09","i18n Accessibility Tests","","",""
"","183","should reject missing hex","bs-chrome-win11","2026-10-09","passed","2026-10-09","Backend API Integration > POST /api/colors Schema Validation","","",""
"","4","Server Unit Tests PUT /api/colors/:name returns 400 for invalid current name format in URL","","2026-10-09","passed","2026-10-09","","Server Unit Tests","Server Unit Tests PUT /api/colors/:name returns 400 for invalid current name format in URL",""
"","5","Server Unit Tests DELETE /api/colors/:name returns 400 for invalid name in path (regex check)","","2026-10-09","passed","2026-10-09","","Server Unit Tests","Server Unit Tests DELETE /api/colors/:name returns 400 for invalid name in path (regex check)",""
"","17","should reject empty name","Chrome","2026-10-09","passed","2026-10-09","Backend API Integration > POST /api/colors Schema Validation","tests/api.spec.ts","",""
"","858","should handle missing image gracefully by showing alt text","bs-iphone-15","2026-10-09","passed","2026-10-09","Network Mocking & Interception","","",""
"","116","NoSQL $where operator in name is rejected (400)","bs-safari-ventura","2026-10-09","passed","2026-10-09","Security > Injection Prevention","","",""
"","4404","close (×) button closes the picker","bs-iphone-15","2026-10-09","passed","2026-10-09","Color Management — Add & Delete","","",""
"","7","Server Integration Tests (Testcontainers) Method Not Allowed should return 405 for PATCH /api/colors","","2026-10-09","passed","2026-10-09","","Server Integration Tests (Testcontainers)","Server Integration Tests (Testcontainers) Method Not Allowed should return 405 for PATCH /api/colors",""
"","115","should reject invalid hex format on update","bs-safari-ventura","2026-10-09","passed","2026-10-09","Backend API Integration > PUT /api/colors/:name Schema Validation","","",""
"","1392","should load the application and verify core functionality across browsers","Firefox","2026-10-09","passed","2026-10-09","Cross-Browser Core Functionality","","",""
"","107","should reject updating with empty name","bs-pixel-7","2026-10-09","passed","2026-10-09","Backend API Integration > PUT /api/colors/:name Schema Validation","","",""
"","4","Server Unit Tests Middleware returns 400 for malformed JSON body","","2026-10-09","passed","2026-10-09","","Server Unit Tests","Server Unit Tests Middleware returns 400 for malformed JSON body",""
"","5","Server Unit Tests Error Handling PUT /api/colors/:name returns 409 when database throws duplicate key error (code 11000) on save","","2026-10-09","passed","2026-10-09","","Server Unit Tests","Server Unit Tests Error Handling PUT /api/colors/:name returns 409 when database throws duplicate key error (code 11000) on save",""
"","1090","should handle fetch colors network failure gracefully","bs-safari-ventura","2026-10-09","passed","2026-10-09","UI Error Handling Coverage","","",""
"","1414","should display colors that do not exist in the database","bs-iphone-15","2026-10-09","passed","2026-10-09","Network Mocking & Interception","","",""
"","1197","should show loading state when API returns empty colors","bs-iphone-15","2026-10-09","passed","2026-10-09","UI Error Handling Coverage","","",""
"","113","error responses return JSON, not HTML (no info leakage)","bs-safari-ventura","2026-10-09","passed","2026-10-09","Security > Security Headers","","",""
"","1568","should create color via API and verify through UI","bs-chrome-win11","2026-10-09","passed","2026-10-09","Hybrid E2E Testing","","",""
"","1730","deleting the active color switches background to the first remaining","Chrome","2026-10-09","passed","2026-10-09","Color Management — Add & Delete","tests/color-management.spec.ts","",""
"","878","should display all core elements and handle button interaction","Chrome","2026-10-09","passed","2026-10-09","Responsive Design – tablet (768×1024)","","",""
"","1066","clicking ""+ Add color"" opens the picker modal","bs-pixel-7","2026-10-09","passed","2026-10-09","Color Management — Add & Delete","","",""
"","1709","shows server-error message on 500 inside the picker","bs-firefox-win11","2026-10-09","passed","2026-10-09","Color Management — Add & Delete","","",""
"","3","Server Unit Tests Surviving Mutants & Edge Cases Swagger Metadata & OpenAPI has exact server metadata","","2026-10-09","passed","2026-10-09","","Server Unit Tests","Server Unit Tests Surviving Mutants & Edge Cases Swagger Metadata & OpenAPI has exact server metadata",""
"","1668","should load the application and verify core functionality across browsers","bs-iphone-15","2026-10-09","passed","2026-10-09","Cross-Browser Core Functionality","","",""
"","1277","changing color to Turquoise should reflect in UI and DOM","bs-chrome-win11","2026-10-09","passed","2026-10-09","Data-Driven Testing","","",""
"","19","Server Integration Tests (Testcontainers) seedDatabase should be idempotent — calling twice always yields exactly 3 colors","","2026-10-09","passed","2026-10-09","","Server Integration Tests (Testcontainers)","Server Integration Tests (Testcontainers) seedDatabase should be idempotent — calling twice always yields exactly 3 colors",""
"","665","homepage should match snapshot","Chrome","2026-10-09","passed","2026-10-09","Visual Regression – iphone-se (375×667)","","",""
"","4","Server Unit Tests Surviving Mutants & Edge Cases Swagger JSDoc Integration kills apis array mutants by verifying JSDoc content is present","","2026-10-09","passed","2026-10-09","","Server Unit Tests","Server Unit Tests Surviving Mutants & Edge Cases Swagger JSDoc Integration kills apis array mutants by verifying JSDoc content is present",""
"","1636","should handle color click network failure gracefully","bs-safari-ventura","2026-10-09","passed","2026-10-09","UI Error Handling Coverage","","",""
"","16","GET /api/colors should return all colors","Chrome","2026-10-09","passed","2026-10-09","Backend API Integration","tests/api.spec.ts","",""
"","14","SQL injection characters in name are rejected (400)","Chrome","2026-10-09","passed","2026-10-09","Security > Injection Prevention","tests/security.spec.ts","",""
"","716","should update a color with valid schema","bs-safari-ventura","2026-10-09","passed","2026-10-09","Backend API Integration > PUT /api/colors/:name Schema Validation","","",""
"","264","GET /api/colors/Yellow should return the correct hex code","bs-iphone-15","2026-10-09","passed","2026-10-09","Backend API Integration","","",""
"","4","Server Unit Tests Surviving Mutants & Edge Cases Swagger Metadata & OpenAPI has exact application/json content-type","","2026-10-09","passed","2026-10-09","","Server Unit Tests","Server Unit Tests Surviving Mutants & Edge Cases Swagger Metadata & OpenAPI has exact application/json content-type",""
"","1322","changing color to Yellow should reflect in UI and DOM","bs-pixel-7","2026-10-09","passed","2026-10-09","Data-Driven Testing","","",""
"","114","NoSQL injection object in name is rejected (400)","bs-chrome-win11","2026-10-09","passed","2026-10-09","Security > Injection Prevention","","",""
"","124","should reject missing hex","bs-firefox-win11","2026-10-09","passed","2026-10-09","Backend API Integration > POST /api/colors Schema Validation","","",""
"","5","Server Unit Tests Middleware does not include X-Powered-By header","","2026-10-09","passed","2026-10-09","","Server Unit Tests","Server Unit Tests Middleware does not include X-Powered-By header",""
"","126","NoSQL $where operator in name is rejected (400)","bs-pixel-7","2026-10-09","passed","2026-10-09","Security > Injection Prevention","","",""
"","15","should reject updating with empty name","Chrome","2026-10-09","passed","2026-10-09","Backend API Integration > PUT /api/colors/:name Schema Validation","tests/api.spec.ts","",""
"","33","Server Integration Tests (Testcontainers) GET /api/colors should retrieve all seeded colors","","2026-10-09","passed","2026-10-09","","Server Integration Tests (Testcontainers)","Server Integration Tests (Testcontainers) GET /api/colors should retrieve all seeded colors",""
"","132","unknown extra fields in POST body are rejected (400)","bs-pixel-7","2026-10-09","passed","2026-10-09","Security > Input Validation","","",""
"","8","Server Integration Tests (Testcontainers) GET /api/colors should return colors sorted alphabetically by name","","2026-10-09","passed","2026-10-09","","Server Integration Tests (Testcontainers)","Server Integration Tests (Testcontainers) GET /api/colors should return colors sorted alphabetically by name",""
"","8","empty body on POST returns 400","Chrome","2026-10-09","passed","2026-10-09","Security > Input Validation","tests/security.spec.ts","",""
"","1372","handle initial fetch with empty data","bs-safari-ventura","2026-10-09","passed","2026-10-09","Edge cases and error handling","","",""
"","6","Server Integration Tests (Testcontainers) PUT /api/colors/:name should return 400 for invalid hex format on update","","2026-10-09","passed","2026-10-09","","Server Integration Tests (Testcontainers)","Server Integration Tests (Testcontainers) PUT /api/colors/:name should return 400 for invalid hex format on update",""
"","17","Server Integration Tests (Testcontainers) POST /api/reseed should be idempotent — calling reseed twice always yields exactly 3 colors","","2026-10-09","passed","2026-10-09","","Server Integration Tests (Testcontainers)","Server Integration Tests (Testcontainers) POST /api/reseed should be idempotent — calling reseed twice always yields exactly 3 colors",""
"","138","should reject empty name","bs-safari-ventura","2026-10-09","passed","2026-10-09","Backend API Integration > POST /api/colors Schema Validation","","",""
"","233","GET /api/colors/Red should return the correct hex code","bs-iphone-15","2026-10-09","passed","2026-10-09","Backend API Integration","","",""
"","860","delete API error shows alert banner","Chrome","2026-10-09","passed","2026-10-09","Color Management — Add & Delete","tests/color-management.spec.ts","",""
"","1945","verify Yellow ( #f1c40f ) is applied as the background color","bs-safari-ventura","2026-10-09","passed","2026-10-09","POM Refactored: Background color tests","","",""
"","118","PATCH /api/colors returns 405","bs-safari-ventura","2026-10-09","passed","2026-10-09","Security > HTTP Method Restrictions","","",""
"","330","Server Unit Tests Surviving Mutants & Edge Cases Port Fallback uses default PORT 5001 when process.env.PORT is missing","","2026-10-09","passed","2026-10-09","","Server Unit Tests","Server Unit Tests Surviving Mutants & Edge Cases Port Fallback uses default PORT 5001 when process.env.PORT is missing",""
"","1689","Cancel button closes the picker","bs-firefox-win11","2026-10-09","passed","2026-10-09","Color Management — Add & Delete","","",""
"","1752","PUT /api/colors/{name}","","","passed","","","schemathesis","",""
"","214","X-Powered-By header is not exposed","bs-chrome-win11","2026-10-09","passed","2026-10-09","Security > Security Headers","","",""
"","270","oversized payload is rejected (413)","bs-firefox-win11","2026-10-09","passed","2026-10-09","Security > Input Validation","","",""
"","441","Background stays unchanged when fetching a specific color fails","BDD","2026-10-09","passed","2026-10-09","API Error Handling","","",""
"","237","GET /api/colors should return all colors","bs-iphone-15","2026-10-09","passed","2026-10-09","Backend API Integration","","",""
"","9","X-Powered-By header is not exposed","Chrome","2026-10-09","passed","2026-10-09","Security > Security Headers","tests/security.spec.ts","",""
"","11","NoSQL operator in GET path param is rejected (400 or 404)","Chrome","2026-10-09","passed","2026-10-09","Security > Injection Prevention","tests/security.spec.ts","",""
"","3","Server Unit Tests Error Handling GET /api/colors/:name returns 500 when database fails","","2026-10-09","passed","2026-10-09","","Server Unit Tests","Server Unit Tests Error Handling GET /api/colors/:name returns 500 when database fails",""
"","3507","should not have any automatically detectable accessibility issues","bs-iphone-15","2026-10-09","passed","2026-10-09","Accessibility Tests","","",""
"","","[CRITICAL] CVE-2026-90711","","","failed","","","Node.js","proxy-addr-2.0.7",""
"","5","Server Integration Tests (Testcontainers) POST /api/colors should return 400 for invalid hex format (missing #)","","2026-10-09","passed","2026-10-09","","Server Integration Tests (Testcontainers)","Server Integration Tests (Testcontainers) POST /api/colors should return 400 for invalid hex format (missing #)",""
"","1127","should load the application and verify core functionality across browsers","bs-pixel-7","2026-10-09","passed","2026-10-09","Cross-Browser Core Functionality","","",""
"","112","error responses return JSON, not HTML (no info leakage)","bs-pixel-7","2026-10-09","passed","2026-10-09","Security > Security Headers","","",""
"","160","POST with HTML tag in name is rejected (400)","bs-chrome-win11","2026-10-09","passed","2026-10-09","Security > XSS Prevention","","",""
"","851","close (×) button closes the picker","Chrome","2026-10-09","passed","2026-10-09","Color Management — Add & Delete","tests/color-management.spec.ts","",""
"","1188","shows a chip for each color with a swatch, name, and delete button","bs-iphone-15","2026-10-09","passed","2026-10-09","Color Management — Add & Delete","","",""
"","6","Server Unit Tests GET /api/colors/:name is case-sensitive","","2026-10-09","passed","2026-10-09","","Server Unit Tests","Server Unit Tests GET /api/colors/:name is case-sensitive",""
"","628","first color chip is active on load (aria-pressed=true)","Chrome","2026-10-09","passed","2026-10-09","Color Management — Add & Delete","tests/color-management.spec.ts","",""
"","705","handle initial fetch with empty data","bs-pixel-7","2026-10-09","passed","2026-10-09","Edge cases and error handling","","",""
"","5","Server Integration Tests (Testcontainers) POST /api/reseed should return 405 for GET on /api/reseed","","2026-10-09","passed","2026-10-09","","Server Integration Tests (Testcontainers)","Server Integration Tests (Testcontainers) POST /api/reseed should return 405 for GET on /api/reseed",""
"","121","PATCH /api/colors returns 405","bs-pixel-7","2026-10-09","passed","2026-10-09","Security > HTTP Method Restrictions","","",""
"","3","Server Unit Tests 405 Method Not Allowed sets the Allow header on /api/colors/:name with correct methods","","2026-10-09","passed","2026-10-09","","Server Unit Tests","Server Unit Tests 405 Method Not Allowed sets the Allow header on /api/colors/:name with correct methods",""
"","122","array body on POST returns 400","bs-firefox-win11","2026-10-09","passed","2026-10-09","Security > Input Validation","","",""
"","146","should reject missing name","bs-safari-ventura","2026-10-09","passed","2026-10-09","Backend API Integration > POST /api/colors Schema Validation","","",""
"","130","PATCH /api/colors/:name returns 405","bs-iphone-15","2026-10-09","passed","2026-10-09","Security > HTTP Method Restrictions","","",""
"","1","homepage initial state","Chrome","2026-10-09","skipped","2026-10-09","Percy Visual Regression – Production > Percy – tablet (768×1024)","","",""
"","1008","verify Red ( #e74c3c ) is applied as the background color","bs-pixel-7","2026-10-09","passed","2026-10-09","POM Refactored: Background color tests","","",""
"","267","GET /api/colors/Yellow should return the correct hex code","bs-chrome-win11","2026-10-09","passed","2026-10-09","Backend API Integration","","",""
"","0","homepage after color change","Chrome","2026-10-09","skipped","2026-10-09","Percy Visual Regression – Production > Percy – tablet (768×1024)","","",""
"","112","malformed JSON body returns 400","bs-chrome-win11","2026-10-09","passed","2026-10-09","Security > Input Validation","","",""
"","544","chip-x click opens confirm dialog with color name","Chrome","2026-10-09","passed","2026-10-09","Color Management — Add & Delete","tests/color-management.spec.ts","",""
"","357","POST /api/reseed","","","passed","","","schemathesis","",""
"","1661","should load the application and verify core functionality across browsers","bs-safari-ventura","2026-10-09","passed","2026-10-09","Cross-Browser Core Functionality","","",""
"","1317","close (×) button closes the picker","bs-chrome-win11","2026-10-09","passed","2026-10-09","Color Management — Add & Delete","","",""
"","391","handle color response missing hex property","Chrome","2026-10-09","passed","2026-10-09","Edge cases and error handling","tests/coverage.spec.ts","",""
"","6","Server Integration Tests (Testcontainers) POST /api/colors should return 400 when extra fields are provided","","2026-10-09","passed","2026-10-09","","Server Integration Tests (Testcontainers)","Server Integration Tests (Testcontainers) POST /api/colors should return 400 when extra fields are provided",""
"","740","homepage should match snapshot","percy","2026-10-09","skipped","2026-10-09","Visual Regression – desktop (1280×720)","","",""
"","1364","verify Yellow ( #f1c40f ) is applied as the background color","bs-pixel-7","2026-10-09","passed","2026-10-09","Background color tests","","",""
"","7","Server Integration Tests (Testcontainers) GET /api/colors/:name should return correct data for Turquoise","","2026-10-09","passed","2026-10-09","","Server Integration Tests (Testcontainers)","Server Integration Tests (Testcontainers) GET /api/colors/:name should return correct data for Turquoise",""
"","2125","verify Yellow ( #f1c40f ) is applied as the background color","bs-safari-ventura","2026-10-09","passed","2026-10-09","Background color tests","","",""
"","2531","should maintain accessibility after state change (color update)","Chrome","2026-10-09","passed","2026-10-09","Accessibility Tests","tests/a11y.spec.ts","",""
"","7","POST /api-docs returns 405","Chrome","2026-10-09","passed","2026-10-09","Security > HTTP Method Restrictions","tests/security.spec.ts","",""
"","163","POST with HTML tag in name is rejected (400)","bs-iphone-15","2026-10-09","passed","2026-10-09","Security > XSS Prevention","","",""
"","242","GET /api/colors should return colors sorted alphabetically by name","bs-safari-ventura","2026-10-09","passed","2026-10-09","Backend API Integration","","",""
"","8553","should meet the accessibility threshold using Google Lighthouse","Chrome","2026-10-09","passed","2026-10-09","Accessibility Tests","tests/a11y.spec.ts","",""
"","268","should return 404 for non-existent color deletion","bs-chrome-win11","2026-10-09","passed","2026-10-09","Backend API Integration > DELETE /api/colors/:name","","",""
"","124","should reject missing hex","bs-safari-ventura","2026-10-09","passed","2026-10-09","Backend API Integration > POST /api/colors Schema Validation","","",""
"","1144","cancel in confirm dialog closes it without deleting","bs-pixel-7","2026-10-09","passed","2026-10-09","Color Management — Add & Delete","","",""
"","6347","Cancel button closes the picker","bs-safari-ventura","2026-10-09","passed","2026-10-09","Color Management — Add & Delete","","",""
"","5004","should maintain accessibility in es language and verify resilient locators","bs-safari-ventura","2026-10-09","passed","2026-10-09","i18n Accessibility Tests","","",""
"","8","array body on POST returns 400","Chrome","2026-10-09","passed","2026-10-09","Security > Input Validation","tests/security.spec.ts","",""
"","3571","successful delete removes the chip","bs-safari-ventura","2026-10-09","passed","2026-10-09","Color Management — Add & Delete","","",""
"","237","GET /api/colors/Red should return the correct hex code","bs-firefox-win11","2026-10-09","passed","2026-10-09","Backend API Integration","","",""
"","1660","successful delete removes the chip","bs-chrome-win11","2026-10-09","passed","2026-10-09","Color Management — Add & Delete","","",""
"","33","should return 409 for duplicate color creation","Chrome","2026-10-09","passed","2026-10-09","Backend API Integration > POST /api/colors Schema Validation","tests/api.spec.ts","",""
"","212","X-Powered-By header is not exposed","bs-pixel-7","2026-10-09","passed","2026-10-09","Security > Security Headers","","",""
"","11","Server Integration Tests (Testcontainers) GET /api/colors should not expose _id or __v fields","","2026-10-09","passed","2026-10-09","","Server Integration Tests (Testcontainers)","Server Integration Tests (Testcontainers) GET /api/colors should not expose _id or __v fields",""
"","824","Cancel button closes the picker","Chrome","2026-10-09","passed","2026-10-09","Color Management — Add & Delete","tests/color-management.spec.ts","",""
"","8353","homepage after color change","percy","2026-10-09","passed","2026-10-09","Percy Visual Regression – Production > Percy – tablet (768×1024)","","",""
"","232","GET /api/colors should return all colors","bs-chrome-win11","2026-10-09","passed","2026-10-09","Backend API Integration","","",""
"","40","Server Unit Tests GET /api/colors returns all seeded colors with correct names and hex values","","2026-10-09","passed","2026-10-09","","Server Unit Tests","Server Unit Tests GET /api/colors returns all seeded colors with correct names and hex values",""
"","116","POST /api-docs returns 405","bs-firefox-win11","2026-10-09","passed","2026-10-09","Security > HTTP Method Restrictions","","",""
"","1009","should show loading state when API returns empty colors","bs-safari-ventura","2026-10-09","passed","2026-10-09","UI Error Handling Coverage","","",""
"","122","should reject invalid hex format on update","bs-pixel-7","2026-10-09","passed","2026-10-09","Backend API Integration > PUT /api/colors/:name Schema Validation","","",""
"","1002","clicking a chip makes it active","Chrome","2026-10-09","passed","2026-10-09","Color Management — Add & Delete","tests/color-management.spec.ts","",""
"","657","Escape key closes the confirm dialog","Chrome","2026-10-09","passed","2026-10-09","Color Management — Add & Delete","tests/color-management.spec.ts","",""
"","14","should reject invalid hex format on update","Chrome","2026-10-09","passed","2026-10-09","Backend API Integration > PUT /api/colors/:name Schema Validation","tests/api.spec.ts","",""
"","196","should return 404 when updating non-existent color","bs-pixel-7","2026-10-09","passed","2026-10-09","Backend API Integration > PUT /api/colors/:name Schema Validation","","",""
"","7","Server Unit Tests 405 Method Not Allowed returns 405 for POST, PUT, DELETE on /api-docs","","2026-10-09","passed","2026-10-09","","Server Unit Tests","Server Unit Tests 405 Method Not Allowed returns 405 for POST, PUT, DELETE on /api-docs",""
"","127","SQL injection characters in name are rejected (400)","bs-iphone-15","2026-10-09","passed","2026-10-09","Security > Injection Prevention","","",""
"","104","should reject missing name","bs-pixel-7","2026-10-09","passed","2026-10-09","Backend API Integration > POST /api/colors Schema Validation","","",""
"","5","Server Unit Tests POST /api/reseed returns 500 when seedDatabase throws","","2026-10-09","passed","2026-10-09","","Server Unit Tests","Server Unit Tests POST /api/reseed returns 500 when seedDatabase throws",""
"","2021","should display colors that do not exist in the database","bs-firefox-win11","2026-10-09","passed","2026-10-09","Network Mocking & Interception","","",""
"","3641","should not have any automatically detectable accessibility issues","bs-firefox-win11","2026-10-09","passed","2026-10-09","Accessibility Tests","","",""
"","746","clicking ""+ Add color"" opens the picker modal","Chrome","2026-10-09","passed","2026-10-09","Color Management — Add & Delete","tests/color-management.spec.ts","",""
"","10","Server Integration Tests (Testcontainers) DELETE /api/colors/:name should delete a color and confirm removal from the real database","","2026-10-09","passed","2026-10-09","","Server Integration Tests (Testcontainers)","Server Integration Tests (Testcontainers) DELETE /api/colors/:name should delete a color and confirm removal from the real database",""
"Performance Test: API Performance Test
File: api-performance.spec.ts
Total Iterations: 48
Max VUs: 1

HTTP Request Duration:
- Avg: 253.56ms
- P(95): 311.34ms
- Max: 2743.04ms

Full metrics attached in the results.","774682","API Performance Test","Performance","2026-10-09","passed","2026-10-09","api-performance.spec.ts","API Performance Test","",""
"","5131","changing color to Red should reflect in UI and DOM","bs-firefox-win11","2026-10-09","passed","2026-10-09","Data-Driven Testing","","",""
"","720","verify Turquoise ( #1abc9c ) is applied as the background color","Chrome","2026-10-09","passed","2026-10-09","Background color tests","tests/coverage.spec.ts","",""
"","99","malformed JSON body returns 400","bs-pixel-7","2026-10-09","passed","2026-10-09","Security > Input Validation","","",""
"","1466","should meet the accessibility threshold using Google Lighthouse","bs-safari-ventura","2026-10-09","skipped","2026-10-09","Accessibility Tests","","",""
"","123","POST with HTML tag in name is rejected (400)","bs-pixel-7","2026-10-09","passed","2026-10-09","Security > XSS Prevention","","",""
"","228","oversized payload is rejected (413)","bs-safari-ventura","2026-10-09","passed","2026-10-09","Security > Input Validation","","",""
"","11","Server Integration Tests (Testcontainers) POST /api/colors should return 409 when creating a duplicate color name","","2026-10-09","passed","2026-10-09","","Server Integration Tests (Testcontainers)","Server Integration Tests (Testcontainers) POST /api/colors should return 409 when creating a duplicate color name",""
"","113","SQL injection characters in name are rejected (400)","bs-firefox-win11","2026-10-09","passed","2026-10-09","Security > Injection Prevention","","",""
"","1175","clicking a chip makes it active","bs-chrome-win11","2026-10-09","passed","2026-10-09","Color Management — Add & Delete","","",""
"","2560","delete API error shows alert banner","bs-iphone-15","2026-10-09","passed","2026-10-09","Color Management — Add & Delete","","",""
"","103","should reject updating with empty name","bs-safari-ventura","2026-10-09","passed","2026-10-09","Backend API Integration > PUT /api/colors/:name Schema Validation","","",""
"","285","GET /api/colors/Turquoise should return the correct hex code","bs-iphone-15","2026-10-09","passed","2026-10-09","Backend API Integration","","",""
"","495","should create a new color with valid schema","bs-firefox-win11","2026-10-09","passed","2026-10-09","Backend API Integration > POST /api/colors Schema Validation","","",""
"","3342","homepage after color change","percy","2026-10-09","passed","2026-10-09","Percy Visual Regression – Production > Percy – desktop (1280×720)","","",""
"","945","should handle missing image gracefully by showing alt text","bs-safari-ventura","2026-10-09","passed","2026-10-09","Network Mocking & Interception","","",""
"","4517","should maintain accessibility in el language and verify resilient locators","bs-iphone-15","2026-10-09","passed","2026-10-09","i18n Accessibility Tests","","",""
"","114","should reject missing name","bs-firefox-win11","2026-10-09","passed","2026-10-09","Backend API Integration > POST /api/colors Schema Validation","","",""
"","1647","shows client-side ""Name is required"" when submitting empty name","bs-firefox-win11","2026-10-09","passed","2026-10-09","Color Management — Add & Delete","","",""
"","13","Server Integration Tests (Testcontainers) PUT /api/colors/:name should rename a color and make old name return 404","","2026-10-09","passed","2026-10-09","","Server Integration Tests (Testcontainers)","Server Integration Tests (Testcontainers) PUT /api/colors/:name should rename a color and make old name return 404",""
"","5781","Cancel button closes the picker","bs-iphone-15","2026-10-09","passed","2026-10-09","Color Management — Add & Delete","","",""
"","2375","should maintain accessibility in es language and verify resilient locators","bs-pixel-7","2026-10-09","passed","2026-10-09","i18n Accessibility Tests","","",""
"","1929","color names rendered in the UI do not trigger script execution","bs-iphone-15","2026-10-09","passed","2026-10-09","Security > XSS Prevention","","",""
"","574","should handle fetch colors network failure gracefully","bs-pixel-7","2026-10-09","passed","2026-10-09","UI Error Handling Coverage","","",""
"","4","Server Unit Tests Middleware JSON error middleware ignores SyntaxError with status != 400","","2026-10-09","passed","2026-10-09","","Server Unit Tests","Server Unit Tests Middleware JSON error middleware ignores SyntaxError with status != 400",""
"","1936","delete API error shows alert banner","bs-firefox-win11","2026-10-09","passed","2026-10-09","Color Management — Add & Delete","","",""
"","506","should delete an existing color","bs-safari-ventura","2026-10-09","passed","2026-10-09","Backend API Integration > DELETE /api/colors/:name","","",""
"","299","GET /api/colors/Yellow should return the correct hex code","bs-firefox-win11","2026-10-09","passed","2026-10-09","Backend API Integration","","",""
"","3","Server Unit Tests POST /api/colors returns 400 for completely empty body","","2026-10-09","passed","2026-10-09","","Server Unit Tests","Server Unit Tests POST /api/colors returns 400 for completely empty body",""
"","3284","delete API error shows alert banner","bs-safari-ventura","2026-10-09","passed","2026-10-09","Color Management — Add & Delete","","",""
"","1412","should display colors that do not exist in the database","bs-safari-ventura","2026-10-09","passed","2026-10-09","Network Mocking & Interception","","",""
"","6","Server Integration Tests (Testcontainers) GET /api/colors/:name should return correct data for Yellow","","2026-10-09","passed","2026-10-09","","Server Integration Tests (Testcontainers)","Server Integration Tests (Testcontainers) GET /api/colors/:name should return correct data for Yellow",""
"","6","Server Integration Tests (Testcontainers) GET /api/colors/:name should be case-sensitive (lowercase name returns 404)","","2026-10-09","passed","2026-10-09","","Server Integration Tests (Testcontainers)","Server Integration Tests (Testcontainers) GET /api/colors/:name should be case-sensitive (lowercase name returns 404)",""
"","3908","shows 409 duplicate error from server inside the picker","bs-iphone-15","2026-10-09","passed","2026-10-09","Color Management — Add & Delete","","",""
"","113","DELETE /api/colors (collection) returns 405","bs-pixel-7","2026-10-09","passed","2026-10-09","Security > HTTP Method Restrictions","","",""
"","653","homepage should match snapshot","Chrome","2026-10-09","passed","2026-10-09","Visual Regression – iphone-landscape (667×375)","","",""
"","1385","handle initial fetch error","bs-safari-ventura","2026-10-09","passed","2026-10-09","Edge cases and error handling","","",""
"","7","Server Integration Tests (Testcontainers) POST /api/colors should return 400 when hex is missing","","2026-10-09","passed","2026-10-09","","Server Integration Tests (Testcontainers)","Server Integration Tests (Testcontainers) POST /api/colors should return 400 when hex is missing",""
"","112","PATCH /api/colors/:name returns 405","bs-chrome-win11","2026-10-09","passed","2026-10-09","Security > HTTP Method Restrictions","","",""
"","4","Server Unit Tests POST /api/reseed returns 401 when Bearer scheme prefix is missing","","2026-10-09","passed","2026-10-09","","Server Unit Tests","Server Unit Tests POST /api/reseed returns 401 when Bearer scheme prefix is missing",""
"","13","should reject invalid hex format","Chrome","2026-10-09","passed","2026-10-09","Backend API Integration > POST /api/colors Schema Validation","tests/api.spec.ts","",""
"","5","Server Unit Tests POST /api/colors returns 400 for name with special characters","","2026-10-09","passed","2026-10-09","","Server Unit Tests","Server Unit Tests POST /api/colors returns 400 for name with special characters",""
"","1776","verify Turquoise ( #1abc9c ) is applied as the background color","bs-iphone-15","2026-10-09","passed","2026-10-09","POM Refactored: Background color tests","","",""
"","3200","homepage after color change","percy","2026-10-09","passed","2026-10-09","Percy Visual Regression – Production > Percy – desktop-xl (1920×1080)","","",""
"","26","GET /api/colors/Red should return the correct hex code","Chrome","2026-10-09","passed","2026-10-09","Backend API Integration","tests/api.spec.ts","",""
"","590","changing color to Turquoise should reflect in UI and DOM","Chrome","2026-10-09","passed","2026-10-09","Data-Driven Testing","tests/data-driven.spec.ts","",""
"","124","should reject empty name","bs-iphone-15","2026-10-09","passed","2026-10-09","Backend API Integration > POST /api/colors Schema Validation","","",""
"","6","Server Unit Tests Surviving Mutants & Edge Cases Rate Limiting & Security kills mutants by verifying x-ratelimit headers","","2026-10-09","passed","2026-10-09","","Server Unit Tests","Server Unit Tests Surviving Mutants & Edge Cases Rate Limiting & Security kills mutants by verifying x-ratelimit headers",""
"","226","should return 404 for non-existent color deletion","bs-safari-ventura","2026-10-09","passed","2026-10-09","Backend API Integration > DELETE /api/colors/:name","","",""
"","1633","clicking a chip makes it active","bs-firefox-win11","2026-10-09","passed","2026-10-09","Color Management — Add & Delete","","",""
"","18","Server Integration Tests (Testcontainers) POST /api/colors should create a new color and persist it in the real database","","2026-10-09","passed","2026-10-09","","Server Integration Tests (Testcontainers)","Server Integration Tests (Testcontainers) POST /api/colors should create a new color and persist it in the real database",""
"","140","SQL injection characters in name are rejected (400)","bs-safari-ventura","2026-10-09","passed","2026-10-09","Security > Injection Prevention","","",""
"","977","chip-x click opens confirm dialog with color name","bs-firefox-win11","2026-10-09","passed","2026-10-09","Color Management — Add & Delete","","",""
"","865","verify language switcher changes document language","bs-chrome-win11","2026-10-09","passed","2026-10-09","","","",""
"","10","Server Integration Tests (Testcontainers) PUT /api/colors/:name should update both name and hex simultaneously","","2026-10-09","passed","2026-10-09","","Server Integration Tests (Testcontainers)","Server Integration Tests (Testcontainers) PUT /api/colors/:name should update both name and hex simultaneously",""
"","5","Server Unit Tests OpenAPI endpoints serves Swagger UI as HTML","","2026-10-09","passed","2026-10-09","","Server Unit Tests","Server Unit Tests OpenAPI endpoints serves Swagger UI as HTML",""
"","442","check Turquoise ( #1abc9c) is the default background color.","Chrome","2026-10-09","passed","2026-10-09","","tests/coverage.spec.ts","",""
"","220","GET /api/colors should return colors sorted alphabetically by name","bs-iphone-15","2026-10-09","passed","2026-10-09","Backend API Integration","","",""
"","0","homepage initial state","Chrome","2026-10-09","skipped","2026-10-09","Percy Visual Regression – Production > Percy – desktop-xl (1920×1080)","","",""
"","1637","should gracefully handle a color not found in the database","bs-iphone-15","2026-10-09","passed","2026-10-09","Network Mocking & Interception","","",""
"","1531","changing color to Red should reflect in UI and DOM","bs-iphone-15","2026-10-09","passed","2026-10-09","Data-Driven Testing","","",""
"","4","Server Unit Tests POST /api/colors returns 400 for extra unknown fields (strict schema)","","2026-10-09","passed","2026-10-09","","Server Unit Tests","Server Unit Tests POST /api/colors returns 400 for extra unknown fields (strict schema)",""
"","377","Server Unit Tests Surviving Mutants & Edge Cases Infrastructure uses default MONGO_URI when process.env.MONGO_URI is missing","","2026-10-09","passed","2026-10-09","","Server Unit Tests","Server Unit Tests Surviving Mutants & Edge Cases Infrastructure uses default MONGO_URI when process.env.MONGO_URI is missing",""
"","120","DELETE /api/colors (collection) returns 405","bs-iphone-15","2026-10-09","passed","2026-10-09","Security > HTTP Method Restrictions","","",""
"","361","handle color selection fetch error","Chrome","2026-10-09","passed","2026-10-09","Edge cases and error handling","tests/coverage.spec.ts","",""
"","1025","changing color to Red should reflect in UI and DOM","bs-pixel-7","2026-10-09","passed","2026-10-09","Data-Driven Testing","","",""
"","25","Server Integration Tests (Testcontainers) seedDatabase should clear custom colors when re-seeded","","2026-10-09","passed","2026-10-09","","Server Integration Tests (Testcontainers)","Server Integration Tests (Testcontainers) seedDatabase should clear custom colors when re-seeded",""
"","3666","shows client-side validation error for invalid name chars","bs-iphone-15","2026-10-09","passed","2026-10-09","Color Management — Add & Delete","","",""
"","7","Server Integration Tests (Testcontainers) POST /api/colors should accept a single alphanumeric character as a name","","2026-10-09","passed","2026-10-09","","Server Integration Tests (Testcontainers)","Server Integration Tests (Testcontainers) POST /api/colors should accept a single alphanumeric character as a name",""
"","290","GET /api/colors should return colors sorted alphabetically by name","bs-pixel-7","2026-10-09","passed","2026-10-09","Backend API Integration","","",""
"","1048","should display all core elements and handle button interaction","percy","2026-10-09","skipped","2026-10-09","Responsive Design – tablet (768×1024)","","",""
"","1934","verify Yellow ( #f1c40f ) is applied as the background color","bs-iphone-15","2026-10-09","passed","2026-10-09","Background color tests","","",""
"","429","Example #2","BDD","2026-10-09","passed","2026-10-09","Language Switching > Switch language and verify translated UI labels","","",""
"","114","should reject invalid hex format","bs-pixel-7","2026-10-09","passed","2026-10-09","Backend API Integration > POST /api/colors Schema Validation","","",""
"","729","should update a color with valid schema","bs-pixel-7","2026-10-09","passed","2026-10-09","Backend API Integration > PUT /api/colors/:name Schema Validation","","",""
"","54","GET /api/colors/Turquoise should return the correct hex code","Chrome","2026-10-09","passed","2026-10-09","Backend API Integration","tests/api.spec.ts","",""
"","5","Server Unit Tests POST /api/colors returns 400 when name is missing","","2026-10-09","passed","2026-10-09","","Server Unit Tests","Server Unit Tests POST /api/colors returns 400 when name is missing",""
"","287","NoSQL $where operator in name is rejected (400)","bs-firefox-win11","2026-10-09","passed","2026-10-09","Security > Injection Prevention","","",""
"","10","Server Unit Tests POST /api/colors accepts single alphanumeric characters as names","","2026-10-09","passed","2026-10-09","","Server Unit Tests","Server Unit Tests POST /api/colors accepts single alphanumeric characters as names",""
"","4113","shows client-side validation error for invalid name chars","bs-safari-ventura","2026-10-09","passed","2026-10-09","Color Management — Add & Delete","","",""
"","117","POST with HTML tag in name is rejected (400)","bs-firefox-win11","2026-10-09","passed","2026-10-09","Security > XSS Prevention","","",""
"","2939","homepage initial state","percy","2026-10-09","passed","2026-10-09","Percy Visual Regression – Production > Percy – tablet (768×1024)","","",""
"","3071","homepage after color change","percy","2026-10-09","passed","2026-10-09","Percy Visual Regression – Production > Percy – mobile (375×667)","","",""
"","4","Server Unit Tests Surviving Mutants & Edge Cases Mongoose Schema & Persistence kills empty schema mutant by verifying field persistence","","2026-10-09","passed","2026-10-09","","Server Unit Tests","Server Unit Tests Surviving Mutants & Edge Cases Mongoose Schema & Persistence kills empty schema mutant by verifying field persistence",""
"","516","should create a new color with valid schema","bs-chrome-win11","2026-10-09","passed","2026-10-09","Backend API Integration > POST /api/colors Schema Validation","","",""
"","0","homepage after color change","Chrome","2026-10-09","skipped","2026-10-09","Percy Visual Regression – Production > Percy – mobile (375×667)","","",""
"","1868","shows client-side validation error for invalid name chars","bs-firefox-win11","2026-10-09","passed","2026-10-09","Color Management — Add & Delete","","",""
"","693","Example #3","BDD","2026-10-09","passed","2026-10-09","Home Page Background Color > Change background color","","",""
"","123","should reject omitting both name and hex on update","bs-firefox-win11","2026-10-09","passed","2026-10-09","Backend API Integration > PUT /api/colors/:name Schema Validation","","",""
"","3","Server Unit Tests Surviving Mutants & Edge Cases Mongoose Schema Strictness kills empty schema mutant by checking schema paths","","2026-10-09","passed","2026-10-09","","Server Unit Tests","Server Unit Tests Surviving Mutants & Edge Cases Mongoose Schema Strictness kills empty schema mutant by checking schema paths",""
"","125","should reject updating with empty name","bs-iphone-15","2026-10-09","passed","2026-10-09","Backend API Integration > PUT /api/colors/:name Schema Validation","","",""
"","12","Server Integration Tests (Testcontainers) PUT /api/colors/:name should update the hex of an existing color and persist it in the real database","","2026-10-09","passed","2026-10-09","","Server Integration Tests (Testcontainers)","Server Integration Tests (Testcontainers) PUT /api/colors/:name should update the hex of an existing color and persist it in the real database",""
"","1336","handle initial fetch with empty data","bs-firefox-win11","2026-10-09","passed","2026-10-09","Edge cases and error handling","","",""
"","955","handle color response missing hex property","bs-chrome-win11","2026-10-09","passed","2026-10-09","Edge cases and error handling","","",""
"","543","should delete an existing color","bs-firefox-win11","2026-10-09","passed","2026-10-09","Backend API Integration > DELETE /api/colors/:name","","",""
"","4","Server Unit Tests PUT /api/colors/:name returns 400 for invalid hex on update","","2026-10-09","passed","2026-10-09","","Server Unit Tests","Server Unit Tests PUT /api/colors/:name returns 400 for invalid hex on update",""
"","6","Server Integration Tests (Testcontainers) POST /api/colors should return 400 when name is missing","","2026-10-09","passed","2026-10-09","","Server Integration Tests (Testcontainers)","Server Integration Tests (Testcontainers) POST /api/colors should return 400 when name is missing",""
"","120","should reject omitting both name and hex on update","bs-iphone-15","2026-10-09","passed","2026-10-09","Backend API Integration > PUT /api/colors/:name Schema Validation","","",""
"","4","Server Unit Tests POST /api/reseed returns 401 when token is incorrect","","2026-10-09","passed","2026-10-09","","Server Unit Tests","Server Unit Tests POST /api/reseed returns 401 when token is incorrect",""
"","12","Server Unit Tests Error Handling POST /api/colors returns 500 when database fails (findOne)","","2026-10-09","passed","2026-10-09","","Server Unit Tests","Server Unit Tests Error Handling POST /api/colors returns 500 when database fails (findOne)",""
"","136","unknown extra fields in POST body are rejected (400)","bs-iphone-15","2026-10-09","passed","2026-10-09","Security > Input Validation","","",""
"","6092","should load the application and verify core functionality across browsers","WebKit","2026-10-09","passed","2026-10-09","Cross-Browser Core Functionality","","",""
"","133","should reject invalid hex format","bs-firefox-win11","2026-10-09","passed","2026-10-09","Backend API Integration > POST /api/colors Schema Validation","","",""
"","4","Server Unit Tests 405 Method Not Allowed returns 405 for PATCH on /api/colors","","2026-10-09","passed","2026-10-09","","Server Unit Tests","Server Unit Tests 405 Method Not Allowed returns 405 for PATCH on /api/colors",""
"","1448","verify language switcher changes document language","bs-iphone-15","2026-10-09","passed","2026-10-09","","","",""
"","261","GET /api/colors/:name should return 404 for non-existent color","bs-safari-ventura","2026-10-09","passed","2026-10-09","Backend API Integration","","",""
"","134","should reject invalid hex format","bs-iphone-15","2026-10-09","passed","2026-10-09","Backend API Integration > POST /api/colors Schema Validation","","",""
"","3688","should maintain accessibility in el language and verify resilient locators","bs-safari-ventura","2026-10-09","passed","2026-10-09","i18n Accessibility Tests","","",""
"","1910","deleting the active color switches background to the first remaining","bs-chrome-win11","2026-10-09","passed","2026-10-09","Color Management — Add & Delete","","",""
"","3842","shows server-error message on 500 inside the picker","bs-safari-ventura","2026-10-09","passed","2026-10-09","Color Management — Add & Delete","","",""
"","1471","verify Red ( #e74c3c ) is applied as the background color","bs-iphone-15","2026-10-09","passed","2026-10-09","Background color tests","","",""
"","138","SQL injection characters in name are rejected (400)","bs-pixel-7","2026-10-09","passed","2026-10-09","Security > Injection Prevention","","",""
"","2559","should not have any automatically detectable accessibility issues","Chrome","2026-10-09","passed","2026-10-09","Accessibility Tests","tests/a11y.spec.ts","",""
"","9","Server Unit Tests DELETE /api/colors/:name deletes an existing color and returns success message","","2026-10-09","passed","2026-10-09","","Server Unit Tests","Server Unit Tests DELETE /api/colors/:name deletes an existing color and returns success message",""
"","647","should display colors that do not exist in the database","Chrome","2026-10-09","passed","2026-10-09","Network Mocking & Interception","tests/network-mocking.spec.ts","",""
"","124","NoSQL injection object in name is rejected (400)","bs-firefox-win11","2026-10-09","passed","2026-10-09","Security > Injection Prevention","","",""
"","1052","shows server-error message on 500 inside the picker","Chrome","2026-10-09","passed","2026-10-09","Color Management — Add & Delete","tests/color-management.spec.ts","",""
"","9","should return 404 for non-existent color deletion","Chrome","2026-10-09","passed","2026-10-09","Backend API Integration > DELETE /api/colors/:name","","",""
"","141","POST /api-docs returns 405","bs-iphone-15","2026-10-09","passed","2026-10-09","Security > HTTP Method Restrictions","","",""
"","836","chip-x click opens confirm dialog with color name","bs-chrome-win11","2026-10-09","passed","2026-10-09","Color Management — Add & Delete","","",""
"","230","GET /api/colors should return all colors","bs-firefox-win11","2026-10-09","passed","2026-10-09","Backend API Integration","","",""
"","1021","clicking the backdrop closes the picker","bs-chrome-win11","2026-10-09","passed","2026-10-09","Color Management — Add & Delete","","",""
"","4","Server Unit Tests POST /api/colors returns 400 for name with whitespace","","2026-10-09","passed","2026-10-09","","Server Unit Tests","Server Unit Tests POST /api/colors returns 400 for name with whitespace",""
"","826","should gracefully handle a color not found in the database","bs-chrome-win11","2026-10-09","passed","2026-10-09","Network Mocking & Interception","","",""
"","253","GET /api/colors/Red should return the correct hex code","bs-chrome-win11","2026-10-09","passed","2026-10-09","Backend API Integration","","",""
"","608","should return 409 for duplicate color creation","bs-pixel-7","2026-10-09","passed","2026-10-09","Backend API Integration > POST /api/colors Schema Validation","","",""
"","3","Server Unit Tests 405 Method Not Allowed sets the Allow header on /api/colors with correct methods","","2026-10-09","passed","2026-10-09","","Server Unit Tests","Server Unit Tests 405 Method Not Allowed sets the Allow header on /api/colors with correct methods",""
"","3","Server Unit Tests POST /api/reseed returns 401 when Authorization header is missing","","2026-10-09","passed","2026-10-09","","Server Unit Tests","Server Unit Tests POST /api/reseed returns 401 when Authorization header is missing",""
"","1585","Escape key closes the confirm dialog","bs-firefox-win11","2026-10-09","passed","2026-10-09","Color Management — Add & Delete","","",""
"","116","error responses return JSON, not HTML (no info leakage)","bs-firefox-win11","2026-10-09","passed","2026-10-09","Security > Security Headers","","",""
"","426","Example #3","BDD","2026-10-09","passed","2026-10-09","Language Switching > Switch language and verify translated UI labels","","",""
"","20","GET /api/colors/Yellow should return the correct hex code","Chrome","2026-10-09","passed","2026-10-09","Backend API Integration","tests/api.spec.ts","",""
"","99","should reject invalid hex format on update","bs-firefox-win11","2026-10-09","passed","2026-10-09","Backend API Integration > PUT /api/colors/:name Schema Validation","","",""
"","681","first color chip is active on load (aria-pressed=true)","bs-pixel-7","2026-10-09","passed","2026-10-09","Color Management — Add & Delete","","",""
"","1471","color names rendered in the UI do not trigger script execution","bs-pixel-7","2026-10-09","passed","2026-10-09","Security > XSS Prevention","","",""
"","881","should handle color click network failure gracefully","bs-pixel-7","2026-10-09","passed","2026-10-09","UI Error Handling Coverage","","",""
"","147","POST with javascript: URI in name is rejected (400)","bs-iphone-15","2026-10-09","passed","2026-10-09","Security > XSS Prevention","","",""
"","770","successful delete removes the chip","Chrome","2026-10-09","passed","2026-10-09","Color Management — Add & Delete","tests/color-management.spec.ts","",""
"","1167","should handle fetch colors network failure gracefully","bs-iphone-15","2026-10-09","passed","2026-10-09","UI Error Handling Coverage","","",""
"","29","Server Unit Tests Surviving Mutants & Edge Cases Strict Path & Method Validation kills allowedMethods mutants by exhaustive testing","","2026-10-09","passed","2026-10-09","","Server Unit Tests","Server Unit Tests Surviving Mutants & Edge Cases Strict Path & Method Validation kills allowedMethods mutants by exhaustive testing",""
"","4","Server Unit Tests Error Handling DELETE /api/colors/:name returns 500 when database fails","","2026-10-09","passed","2026-10-09","","Server Unit Tests","Server Unit Tests Error Handling DELETE /api/colors/:name returns 500 when database fails",""
"","171","should reject empty name","bs-chrome-win11","2026-10-09","passed","2026-10-09","Backend API Integration > POST /api/colors Schema Validation","","",""
"","4852","should not have any automatically detectable accessibility issues","bs-safari-ventura","2026-10-09","passed","2026-10-09","Accessibility Tests","","",""
"","1491","verify Red ( #e74c3c ) is applied as the background color","bs-safari-ventura","2026-10-09","passed","2026-10-09","POM Refactored: Background color tests","","",""
"","123","POST /api-docs returns 405","bs-safari-ventura","2026-10-09","passed","2026-10-09","Security > HTTP Method Restrictions","","",""
"","2710","should maintain accessibility after state change (color update)","bs-pixel-7","2026-10-09","passed","2026-10-09","Accessibility Tests","","",""
"","3357","cancel in confirm dialog closes it without deleting","bs-safari-ventura","2026-10-09","passed","2026-10-09","Color Management — Add & Delete","","",""
"","314","Example #1","BDD","2026-10-09","passed","2026-10-09","Language Switching > Switch language and verify translated UI labels","","",""
"","1427","handle color response missing hex property","bs-iphone-15","2026-10-09","passed","2026-10-09","Edge cases and error handling","","",""
"","4","Server Unit Tests OpenAPI endpoints spec includes component schemas","","2026-10-09","passed","2026-10-09","","Server Unit Tests","Server Unit Tests OpenAPI endpoints spec includes component schemas",""
"Performance Test: UI Performance Test
File: ui-performance.spec.ts
Total Iterations: 48
Max VUs: 1

HTTP Request Duration:
- Avg: 213.41ms
- P(95): 213.41ms
- Max: 213.41ms

Full metrics attached in the results.","698960","UI Performance Test","Performance","2026-10-09","passed","2026-10-09","ui-performance.spec.ts","UI Performance Test","",""
"","6","Server Unit Tests Middleware JSON error middleware passes non-syntax errors to next()","","2026-10-09","passed","2026-10-09","","Server Unit Tests","Server Unit Tests Middleware JSON error middleware passes non-syntax errors to next()",""
"","230","GET /api/colors/Red should return the correct hex code","bs-pixel-7","2026-10-09","passed","2026-10-09","Backend API Integration","","",""
"","1576","verify Red ( #e74c3c ) is applied as the background color","bs-iphone-15","2026-10-09","passed","2026-10-09","POM Refactored: Background color tests","","",""
"","6","PUT /openapi.json returns 405","Chrome","2026-10-09","passed","2026-10-09","Security > HTTP Method Restrictions","tests/security.spec.ts","",""
"","988","homepage should match snapshot","Chrome","2026-10-09","passed","2026-10-09","Visual Regression – desktop-xl (1920×1080)","","",""
"","1072","first color chip is active on load (aria-pressed=true)","bs-iphone-15","2026-10-09","passed","2026-10-09","Color Management — Add & Delete","","",""
"","1329","deleting the active color switches background to the first remaining","bs-pixel-7","2026-10-09","passed","2026-10-09","Color Management — Add & Delete","","",""
"","239","GET /api/colors/Turquoise should return the correct hex code","bs-firefox-win11","2026-10-09","passed","2026-10-09","Backend API Integration","","",""
"","126","POST with HTML tag in name is rejected (400)","bs-safari-ventura","2026-10-09","passed","2026-10-09","Security > XSS Prevention","","",""
"","4618","should maintain accessibility in es language and verify resilient locators","bs-iphone-15","2026-10-09","passed","2026-10-09","i18n Accessibility Tests","","",""
"","1346","verify Yellow ( #f1c40f ) is applied as the background color","bs-chrome-win11","2026-10-09","passed","2026-10-09","Background color tests","","",""
"","115","PATCH /api/colors/:name returns 405","bs-firefox-win11","2026-10-09","passed","2026-10-09","Security > HTTP Method Restrictions","","",""
"","1146","successful delete removes the chip","bs-pixel-7","2026-10-09","passed","2026-10-09","Color Management — Add & Delete","","",""
"","7","PATCH /api/colors/:name returns 405","Chrome","2026-10-09","passed","2026-10-09","Security > HTTP Method Restrictions","tests/security.spec.ts","",""
"","1422","Escape key closes the confirm dialog","bs-iphone-15","2026-10-09","passed","2026-10-09","Color Management — Add & Delete","","",""
"","126","PATCH /api/colors/:name returns 405","bs-pixel-7","2026-10-09","passed","2026-10-09","Security > HTTP Method Restrictions","","",""
"","155","should reject missing name","bs-iphone-15","2026-10-09","passed","2026-10-09","Backend API Integration > POST /api/colors Schema Validation","","",""
"","4212","shows 409 duplicate error from server inside the picker","bs-safari-ventura","2026-10-09","passed","2026-10-09","Color Management — Add & Delete","","",""
"","127","empty body on POST returns 400","bs-iphone-15","2026-10-09","passed","2026-10-09","Security > Input Validation","","",""
"","5","Server Unit Tests DELETE /api/colors/:name returns 404 for a non-existent color","","2026-10-09","passed","2026-10-09","","Server Unit Tests","Server Unit Tests DELETE /api/colors/:name returns 404 for a non-existent color",""
"","255","GET /api/colors/Turquoise should return the correct hex code","bs-pixel-7","2026-10-09","passed","2026-10-09","Backend API Integration","","",""
"","123","empty body on POST returns 400","bs-safari-ventura","2026-10-09","passed","2026-10-09","Security > Input Validation","","",""
"","10","Server Unit Tests PUT /api/colors/:name updates the name of an existing color and preserves hex","","2026-10-09","passed","2026-10-09","","Server Unit Tests","Server Unit Tests PUT /api/colors/:name updates the name of an existing color and preserves hex",""
"","1202","should meet the accessibility threshold using Google Lighthouse","bs-chrome-win11","2026-10-09","skipped","2026-10-09","Accessibility Tests","","",""
"","4","Server Unit Tests 405 Method Not Allowed does not return 405 for allowed DELETE method on /api/colors/:name","","2026-10-09","passed","2026-10-09","","Server Unit Tests","Server Unit Tests 405 Method Not Allowed does not return 405 for allowed DELETE method on /api/colors/:name",""
"","499","handle initial fetch error","Chrome","2026-10-09","passed","2026-10-09","Edge cases and error handling","tests/coverage.spec.ts","",""
"","112","should reject updating with empty name","bs-firefox-win11","2026-10-09","passed","2026-10-09","Backend API Integration > PUT /api/colors/:name Schema Validation","","",""
"","2686","should create color via API and verify through UI","bs-firefox-win11","2026-10-09","passed","2026-10-09","Hybrid E2E Testing","","",""
"","620","should return 409 for duplicate color creation","bs-chrome-win11","2026-10-09","passed","2026-10-09","Backend API Integration > POST /api/colors Schema Validation","","",""
"","120","POST with script tag in name is rejected (400)","bs-chrome-win11","2026-10-09","passed","2026-10-09","Security > XSS Prevention","","",""
"","929","should handle missing image gracefully by showing alt text","bs-firefox-win11","2026-10-09","passed","2026-10-09","Network Mocking & Interception","","",""
"","4826","successfully adds a new color and shows its chip","bs-iphone-15","2026-10-09","passed","2026-10-09","Color Management — Add & Delete","","",""
"","15","NoSQL $where operator in name is rejected (400)","Chrome","2026-10-09","passed","2026-10-09","Security > Injection Prevention","tests/security.spec.ts","",""
"","18","GET /api/colors/:name should return 404 for non-existent color","Chrome","2026-10-09","passed","2026-10-09","Backend API Integration","tests/api.spec.ts","",""
"","16","GET /api/colors should return colors sorted alphabetically by name","Chrome","2026-10-09","passed","2026-10-09","Backend API Integration","tests/api.spec.ts","",""
"","4","Server Unit Tests PUT /api/colors/:name returns 400 for extra unknown fields (strict schema)","","2026-10-09","passed","2026-10-09","","Server Unit Tests","Server Unit Tests PUT /api/colors/:name returns 400 for extra unknown fields (strict schema)",""
"","268","GET /api/colors/Turquoise should return the correct hex code","bs-safari-ventura","2026-10-09","passed","2026-10-09","Backend API Integration","","",""
"","835","check Turquoise ( #1abc9c) is the default background color.","bs-pixel-7","2026-10-09","passed","2026-10-09","","","",""
"","846","handle color response missing hex property","bs-pixel-7","2026-10-09","passed","2026-10-09","Edge cases and error handling","","",""
"","3","Server Unit Tests OpenAPI endpoints has exact application/json content-type","","2026-10-09","passed","2026-10-09","","Server Unit Tests","Server Unit Tests OpenAPI endpoints has exact application/json content-type",""
"","704","verify Red ( #e74c3c ) is applied as the background color","Chrome","2026-10-09","passed","2026-10-09","Background color tests","tests/coverage.spec.ts","",""
"","4","Server Unit Tests Error Handling GET /api/colors returns 500 when database fails","","2026-10-09","passed","2026-10-09","","Server Unit Tests","Server Unit Tests Error Handling GET /api/colors returns 500 when database fails",""
"","16","NoSQL injection object in name is rejected (400)","Chrome","2026-10-09","passed","2026-10-09","Security > Injection Prevention","tests/security.spec.ts","",""
"","3073","should maintain accessibility in el language and verify resilient locators","bs-firefox-win11","2026-10-09","passed","2026-10-09","i18n Accessibility Tests","","",""
"","48","should create a new color with valid schema","Chrome","2026-10-09","passed","2026-10-09","Backend API Integration > POST /api/colors Schema Validation","tests/api.spec.ts","",""
"","1969","verify Turquoise ( #1abc9c ) is applied as the background color","bs-safari-ventura","2026-10-09","passed","2026-10-09","POM Refactored: Background color tests","","",""
"","118","PUT /openapi.json returns 405","bs-pixel-7","2026-10-09","passed","2026-10-09","Security > HTTP Method Restrictions","","",""
"","242","homepage should match snapshot","percy","2026-10-09","skipped","2026-10-09","Visual Regression – iphone-se (375×667)","","",""
"","18","Server Integration Tests (Testcontainers) Concurrent writes should handle simultaneous POSTs with the same name — exactly one succeeds","","2026-10-09","passed","2026-10-09","","Server Integration Tests (Testcontainers)","Server Integration Tests (Testcontainers) Concurrent writes should handle simultaneous POSTs with the same name — exactly one succeeds",""
"","4","Server Unit Tests POST /api/reseed returns 401 when RESEED_API_TOKEN is not configured","","2026-10-09","passed","2026-10-09","","Server Unit Tests","Server Unit Tests POST /api/reseed returns 401 when RESEED_API_TOKEN is not configured",""
"","737","first color chip is active on load (aria-pressed=true)","bs-chrome-win11","2026-10-09","passed","2026-10-09","Color Management — Add & Delete","","",""
"","1373","first color chip is active on load (aria-pressed=true)","bs-safari-ventura","2026-10-09","passed","2026-10-09","Color Management — Add & Delete","","",""
"","6","Server Unit Tests POST /api/reseed returns 405 for PUT on /api/reseed","","2026-10-09","passed","2026-10-09","","Server Unit Tests","Server Unit Tests POST /api/reseed returns 405 for PUT on /api/reseed",""
"","10","malformed JSON body returns 400","Chrome","2026-10-09","passed","2026-10-09","Security > Input Validation","tests/security.spec.ts","",""
"","5117","successfully adds a new color and shows its chip","bs-safari-ventura","2026-10-09","passed","2026-10-09","Color Management — Add & Delete","","",""
"","1075","delete API error shows alert banner","bs-chrome-win11","2026-10-09","passed","2026-10-09","Color Management — Add & Delete","","",""
"","2281","verify Turquoise ( #1abc9c ) is applied as the background color","bs-safari-ventura","2026-10-09","passed","2026-10-09","Background color tests","","",""
"","725","verify Yellow ( #f1c40f ) is applied as the background color","Chrome","2026-10-09","passed","2026-10-09","Background color tests","tests/coverage.spec.ts","",""
"","974","shows client-side validation error for invalid name chars","Chrome","2026-10-09","passed","2026-10-09","Color Management — Add & Delete","tests/color-management.spec.ts","",""
"","4","Server Unit Tests Surviving Mutants & Edge Cases PUT logic kills hex regex mutant in PUT","","2026-10-09","passed","2026-10-09","","Server Unit Tests","Server Unit Tests Surviving Mutants & Edge Cases PUT logic kills hex regex mutant in PUT",""
"","1597","close (×) button closes the picker","bs-firefox-win11","2026-10-09","passed","2026-10-09","Color Management — Add & Delete","","",""
"","3895","shows 409 duplicate error from server inside the picker","bs-firefox-win11","2026-10-09","passed","2026-10-09","Color Management — Add & Delete","","",""
"","491","should create a new color with valid schema","bs-iphone-15","2026-10-09","passed","2026-10-09","Backend API Integration > POST /api/colors Schema Validation","","",""
"","12","unknown extra fields in POST body are rejected (400)","Chrome","2026-10-09","passed","2026-10-09","Security > Input Validation","tests/security.spec.ts","",""
"","10","Server Integration Tests (Testcontainers) DELETE /api/colors/:name should return 404 on a second delete of the same color","","2026-10-09","passed","2026-10-09","","Server Integration Tests (Testcontainers)","Server Integration Tests (Testcontainers) DELETE /api/colors/:name should return 404 on a second delete of the same color",""
"","799","handle color selection fetch error","bs-pixel-7","2026-10-09","passed","2026-10-09","Edge cases and error handling","","",""
"","4","Server Unit Tests Surviving Mutants & Edge Cases Logs seedDatabase logs success message","","2026-10-09","passed","2026-10-09","","Server Unit Tests","Server Unit Tests Surviving Mutants & Edge Cases Logs seedDatabase logs success message",""
"","5","Server Unit Tests 405 Method Not Allowed does not return 405 for allowed POST method on /api/colors","","2026-10-09","passed","2026-10-09","","Server Unit Tests","Server Unit Tests 405 Method Not Allowed does not return 405 for allowed POST method on /api/colors",""
"","1538","handle color selection fetch error","bs-safari-ventura","2026-10-09","passed","2026-10-09","Edge cases and error handling","","",""
"","432","handle initial fetch with empty data","Chrome","2026-10-09","passed","2026-10-09","Edge cases and error handling","tests/coverage.spec.ts","",""
"","540","should handle missing image gracefully by showing alt text","bs-pixel-7","2026-10-09","passed","2026-10-09","Network Mocking & Interception","","",""
"","6","Server Integration Tests (Testcontainers) DELETE /api/colors/:name should return 400 for invalid name format","","2026-10-09","passed","2026-10-09","","Server Integration Tests (Testcontainers)","Server Integration Tests (Testcontainers) DELETE /api/colors/:name should return 400 for invalid name format",""
"","595","should return 409 for duplicate color creation","bs-iphone-15","2026-10-09","passed","2026-10-09","Backend API Integration > POST /api/colors Schema Validation","","",""
"","1285","successfully adds a new color and shows its chip","Chrome","2026-10-09","passed","2026-10-09","Color Management — Add & Delete","tests/color-management.spec.ts","",""
"","134","PATCH /api/colors/:name returns 405","bs-safari-ventura","2026-10-09","passed","2026-10-09","Security > HTTP Method Restrictions","","",""
"","3631","clicking the backdrop closes the picker","bs-iphone-15","2026-10-09","passed","2026-10-09","Color Management — Add & Delete","","",""
"","9","Server Integration Tests (Testcontainers) Concurrent writes should handle parallel GETs without errors","","2026-10-09","passed","2026-10-09","","Server Integration Tests (Testcontainers)","Server Integration Tests (Testcontainers) Concurrent writes should handle parallel GETs without errors",""
"","8","Server Unit Tests seedDatabase clears existing colors and re-seeds with 3 defaults","","2026-10-09","passed","2026-10-09","","Server Unit Tests","Server Unit Tests seedDatabase clears existing colors and re-seeds with 3 defaults",""
"","1647","verify Turquoise ( #1abc9c ) is applied as the background color","bs-firefox-win11","2026-10-09","passed","2026-10-09","Background color tests","","",""
"","784","handle initial fetch error","bs-chrome-win11","2026-10-09","passed","2026-10-09","Edge cases and error handling","","",""
"","2342","should create dynamic random color via API and verify through UI","bs-iphone-15","2026-10-09","passed","2026-10-09","Random Data Testing with faker.js","","",""
"","3492","shows client-side ""Name is required"" when submitting empty name","bs-iphone-15","2026-10-09","passed","2026-10-09","Color Management — Add & Delete","","",""
"","863","check Turquoise ( #1abc9c) is the default background color.","bs-chrome-win11","2026-10-09","passed","2026-10-09","","","",""
"","1380","should create dynamic random color via API and verify through UI","bs-pixel-7","2026-10-09","passed","2026-10-09","Random Data Testing with faker.js","","",""
"","129","error responses return JSON, not HTML (no info leakage)","bs-chrome-win11","2026-10-09","passed","2026-10-09","Security > Security Headers","","",""
"","8","Server Integration Tests (Testcontainers) POST /api/reseed should not modify the database when token is invalid","","2026-10-09","passed","2026-10-09","","Server Integration Tests (Testcontainers)","Server Integration Tests (Testcontainers) POST /api/reseed should not modify the database when token is invalid",""
"","138","NoSQL injection object in name is rejected (400)","bs-iphone-15","2026-10-09","passed","2026-10-09","Security > Injection Prevention","","",""
"","135","NoSQL $where operator in name is rejected (400)","bs-iphone-15","2026-10-09","passed","2026-10-09","Security > Injection Prevention","","",""
"","1793","changing color to Yellow should reflect in UI and DOM","bs-iphone-15","2026-10-09","passed","2026-10-09","Data-Driven Testing","","",""
"","155","empty body on POST returns 400","bs-firefox-win11","2026-10-09","passed","2026-10-09","Security > Input Validation","","",""
"","1316","shows server-error message on 500 inside the picker","bs-pixel-7","2026-10-09","passed","2026-10-09","Color Management — Add & Delete","","",""
"","1267","handle color response missing hex property","bs-firefox-win11","2026-10-09","passed","2026-10-09","Edge cases and error handling","","",""
"","0","homepage initial state","Chrome","2026-10-09","skipped","2026-10-09","Percy Visual Regression – Production > Percy – mobile (375×667)","","",""
"","715","clicking the backdrop closes the picker","Chrome","2026-10-09","passed","2026-10-09","Color Management — Add & Delete","tests/color-management.spec.ts","",""
"","1320","verify Yellow ( #f1c40f ) is applied as the background color","bs-pixel-7","2026-10-09","passed","2026-10-09","POM Refactored: Background color tests","","",""
"","2342","Escape key closes the confirm dialog","bs-safari-ventura","2026-10-09","passed","2026-10-09","Color Management — Add & Delete","","",""
"","1457","check Turquoise ( #1abc9c) is the default background color.","bs-safari-ventura","2026-10-09","passed","2026-10-09","","","",""
"","1306","shows 409 duplicate error from server inside the picker","bs-pixel-7","2026-10-09","passed","2026-10-09","Color Management — Add & Delete","","",""
"","16","should reject missing hex","Chrome","2026-10-09","passed","2026-10-09","Backend API Integration > POST /api/colors Schema Validation","tests/api.spec.ts","",""
"","128","array body on POST returns 400","bs-iphone-15","2026-10-09","passed","2026-10-09","Security > Input Validation","","",""
"","5","Server Integration Tests (Testcontainers) POST /api/reseed should return 401 when token is invalid","","2026-10-09","passed","2026-10-09","","Server Integration Tests (Testcontainers)","Server Integration Tests (Testcontainers) POST /api/reseed should return 401 when token is invalid",""
"","121","DELETE /api/colors (collection) returns 405","bs-safari-ventura","2026-10-09","passed","2026-10-09","Security > HTTP Method Restrictions","","",""
"","971","verify Red ( #e74c3c ) is applied as the background color","bs-pixel-7","2026-10-09","passed","2026-10-09","Background color tests","","",""
"","825","Escape key closes the confirm dialog","bs-chrome-win11","2026-10-09","passed","2026-10-09","Color Management — Add & Delete","","",""
"","33","DELETE /api/colors/{name}","","","passed","","","schemathesis","",""
"","6191","should maintain accessibility after state change (color update)","bs-chrome-win11","2026-10-09","passed","2026-10-09","Accessibility Tests","","",""
"","2009","should maintain accessibility in el language and verify resilient locators","bs-pixel-7","2026-10-09","passed","2026-10-09","i18n Accessibility Tests","","",""
"","352","homepage should match snapshot","percy","2026-10-09","skipped","2026-10-09","Visual Regression – tablet (768×1024)","","",""
"","565","Show loading state when the API returns an empty colors list","BDD","2026-10-09","passed","2026-10-09","API Error Handling","","",""
"","219","X-Powered-By header is not exposed","bs-iphone-15","2026-10-09","passed","2026-10-09","Security > Security Headers","","",""
"","4813","should maintain accessibility after state change (color update)","bs-iphone-15","2026-10-09","passed","2026-10-09","Accessibility Tests","","",""
"","11","Server Unit Tests Surviving Mutants & Edge Cases Regex & Validation STRICT_NAME_REGEX is strict on forbidden special characters in the middle","","2026-10-09","passed","2026-10-09","","Server Unit Tests","Server Unit Tests Surviving Mutants & Edge Cases Regex & Validation STRICT_NAME_REGEX is strict on forbidden special characters in the middle",""
"","779","should display all core elements and handle button interaction","percy","2026-10-09","skipped","2026-10-09","Responsive Design – iPhone SE (375×667)","","",""
"","127","PATCH /api/colors returns 405","bs-iphone-15","2026-10-09","passed","2026-10-09","Security > HTTP Method Restrictions","","",""
"","137","should reject empty name","bs-firefox-win11","2026-10-09","passed","2026-10-09","Backend API Integration > POST /api/colors Schema Validation","","",""
"","2785","homepage initial state","percy","2026-10-09","passed","2026-10-09","Percy Visual Regression – Production > Percy – desktop-xl (1920×1080)","","",""
"","6","Server Unit Tests GET /api/colors/:name returns Yellow color correctly","","2026-10-09","passed","2026-10-09","","Server Unit Tests","Server Unit Tests GET /api/colors/:name returns Yellow color correctly",""
"","254","GET /api/colors/Yellow should return the correct hex code","bs-safari-ventura","2026-10-09","passed","2026-10-09","Backend API Integration","","",""
"","1654","changing color to Yellow should reflect in UI and DOM","bs-firefox-win11","2026-10-09","passed","2026-10-09","Data-Driven Testing","","",""
"","4","Server Integration Tests (Testcontainers) POST /api/reseed should return 401 when Authorization header is missing","","2026-10-09","passed","2026-10-09","","Server Integration Tests (Testcontainers)","Server Integration Tests (Testcontainers) POST /api/reseed should return 401 when Authorization header is missing",""
"","230","GET /api/colors/:name should return 404 for non-existent color","bs-iphone-15","2026-10-09","passed","2026-10-09","Backend API Integration","","",""
"","11","Server Unit Tests Error Handling POST /api/colors returns 500 when database fails (create)","","2026-10-09","passed","2026-10-09","","Server Unit Tests","Server Unit Tests Error Handling POST /api/colors returns 500 when database fails (create)",""
"","4","Server Unit Tests PUT /api/colors/:name returns 400 when no fields are provided (empty body)","","2026-10-09","passed","2026-10-09","","Server Unit Tests","Server Unit Tests PUT /api/colors/:name returns 400 when no fields are provided (empty body)",""
"","3279","cancel in confirm dialog closes it without deleting","bs-iphone-15","2026-10-09","passed","2026-10-09","Color Management — Add & Delete","","",""
"","4310","shows server-error message on 500 inside the picker","bs-iphone-15","2026-10-09","passed","2026-10-09","Color Management — Add & Delete","","",""
"","6","Server Unit Tests Surviving Mutants & Edge Cases Rate Limiting & Security kills mutants by verifying x-powered-by is removed","","2026-10-09","passed","2026-10-09","","Server Unit Tests","Server Unit Tests Surviving Mutants & Edge Cases Rate Limiting & Security kills mutants by verifying x-powered-by is removed",""
"","9","Server Unit Tests GET /api/colors returns colors sorted alphabetically by name","","2026-10-09","passed","2026-10-09","","Server Unit Tests","Server Unit Tests GET /api/colors returns colors sorted alphabetically by name",""
"","111","should reject invalid hex format on update","bs-iphone-15","2026-10-09","passed","2026-10-09","Backend API Integration > PUT /api/colors/:name Schema Validation","","",""
"","700","should update a color with valid schema","bs-iphone-15","2026-10-09","passed","2026-10-09","Backend API Integration > PUT /api/colors/:name Schema Validation","","",""
"","155","NoSQL operator in GET path param is rejected (400 or 404)","bs-iphone-15","2026-10-09","passed","2026-10-09","Security > Injection Prevention","","",""
"","1947","successfully adds a new color and shows its chip","bs-firefox-win11","2026-10-09","passed","2026-10-09","Color Management — Add & Delete","","",""
"","7","PATCH /api/colors returns 405","Chrome","2026-10-09","passed","2026-10-09","Security > HTTP Method Restrictions","tests/security.spec.ts","",""
"","1848","chip-x click opens confirm dialog with color name","bs-iphone-15","2026-10-09","passed","2026-10-09","Color Management — Add & Delete","","",""
"","12","Server Integration Tests (Testcontainers) seedDatabase should always restore the three default seed colors","","2026-10-09","passed","2026-10-09","","Server Integration Tests (Testcontainers)","Server Integration Tests (Testcontainers) seedDatabase should always restore the three default seed colors",""
"","11","should return 404 when updating non-existent color","Chrome","2026-10-09","passed","2026-10-09","Backend API Integration > PUT /api/colors/:name Schema Validation","","",""
"","1597","verify Yellow ( #f1c40f ) is applied as the background color","bs-firefox-win11","2026-10-09","passed","2026-10-09","POM Refactored: Background color tests","","",""
"","1168","should gracefully handle a color not found in the database","bs-firefox-win11","2026-10-09","passed","2026-10-09","Network Mocking & Interception","","",""
"","123","PUT /openapi.json returns 405","bs-firefox-win11","2026-10-09","passed","2026-10-09","Security > HTTP Method Restrictions","","",""
"","894","clicking ""+ Add color"" opens the picker modal","bs-chrome-win11","2026-10-09","passed","2026-10-09","Color Management — Add & Delete","","",""
"","226","GET /api/colors/:name should return 404 for non-existent color","bs-pixel-7","2026-10-09","passed","2026-10-09","Backend API Integration","","",""
"","4","Server Unit Tests Surviving Mutants & Edge Cases PUT logic kills refine mutant by sending empty body","","2026-10-09","passed","2026-10-09","","Server Unit Tests","Server Unit Tests Surviving Mutants & Edge Cases PUT logic kills refine mutant by sending empty body",""
"","1398","should meet the accessibility threshold using Google Lighthouse","bs-firefox-win11","2026-10-09","skipped","2026-10-09","Accessibility Tests","","",""
"","139","should reject invalid hex format","bs-safari-ventura","2026-10-09","passed","2026-10-09","Backend API Integration > POST /api/colors Schema Validation","","",""
"","6","Server Unit Tests 405 Method Not Allowed does not return 405 for allowed PUT method on /api/colors/:name","","2026-10-09","passed","2026-10-09","","Server Unit Tests","Server Unit Tests 405 Method Not Allowed does not return 405 for allowed PUT method on /api/colors/:name",""
"","2956","successful delete removes the chip","bs-iphone-15","2026-10-09","passed","2026-10-09","Color Management — Add & Delete","","",""
"","1577","handle initial fetch error","bs-firefox-win11","2026-10-09","passed","2026-10-09","Edge cases and error handling","","",""
"","0","homepage after color change","Chrome","2026-10-09","skipped","2026-10-09","Percy Visual Regression – Production > Percy – desktop-xl (1920×1080)","","",""
"","7","Server Integration Tests (Testcontainers) GET /api/colors/:name should not expose _id or __v fields","","2026-10-09","passed","2026-10-09","","Server Integration Tests (Testcontainers)","Server Integration Tests (Testcontainers) GET /api/colors/:name should not expose _id or __v fields",""
"","7","Server Integration Tests (Testcontainers) PUT /api/colors/:name should return 400 for invalid name in URL path","","2026-10-09","passed","2026-10-09","","Server Integration Tests (Testcontainers)","Server Integration Tests (Testcontainers) PUT /api/colors/:name should return 400 for invalid name in URL path",""
"","1","homepage initial state","Chrome","2026-10-09","skipped","2026-10-09","Percy Visual Regression – Production > Percy – desktop (1280×720)","","",""
"","7","Server Unit Tests GET /api/colors/:name returns a single color by name with correct fields","","2026-10-09","passed","2026-10-09","","Server Unit Tests","Server Unit Tests GET /api/colors/:name returns a single color by name with correct fields",""
"","1714","changing color to Turquoise should reflect in UI and DOM","bs-firefox-win11","2026-10-09","passed","2026-10-09","Data-Driven Testing","","",""
"","248","GET /api/colors/:name should return 404 for non-existent color","bs-firefox-win11","2026-10-09","passed","2026-10-09","Backend API Integration","","",""
"","4","Server Unit Tests Middleware handles non-JSON content type gracefully on POST","","2026-10-09","passed","2026-10-09","","Server Unit Tests","Server Unit Tests Middleware handles non-JSON content type gracefully on POST",""
"","1404","successful delete removes the chip","bs-firefox-win11","2026-10-09","passed","2026-10-09","Color Management — Add & Delete","","",""
"","5629","should maintain accessibility after state change (color update)","bs-safari-ventura","2026-10-09","passed","2026-10-09","Accessibility Tests","","",""
"","2701","should maintain accessibility in es language and verify resilient locators","bs-chrome-win11","2026-10-09","passed","2026-10-09","i18n Accessibility Tests","","",""
"","4","Server Unit Tests Middleware JSON error middleware ignores SyntaxError without body","","2026-10-09","passed","2026-10-09","","Server Unit Tests","Server Unit Tests Middleware JSON error middleware ignores SyntaxError without body",""
"","460","should create a new color with valid schema","bs-pixel-7","2026-10-09","passed","2026-10-09","Backend API Integration > POST /api/colors Schema Validation","","",""
"","114","array body on POST returns 400","bs-chrome-win11","2026-10-09","passed","2026-10-09","Security > Input Validation","","",""
"","111","NoSQL operator in GET path param is rejected (400 or 404)","bs-pixel-7","2026-10-09","passed","2026-10-09","Security > Injection Prevention","","",""
"","10","Server Unit Tests POST /api/reseed returns 200 and reseeds the database with a valid token","","2026-10-09","passed","2026-10-09","","Server Unit Tests","Server Unit Tests POST /api/reseed returns 200 and reseeds the database with a valid token",""
"","1275","close (×) button closes the picker","bs-pixel-7","2026-10-09","passed","2026-10-09","Color Management — Add & Delete","","",""
"","1487","should meet the accessibility threshold using Google Lighthouse","bs-iphone-15","2026-10-09","skipped","2026-10-09","Accessibility Tests","","",""
"","606","Show error message when the initial colors fetch fails","BDD","2026-10-09","passed","2026-10-09","API Error Handling","","",""
"","5","Server Unit Tests 405 Method Not Allowed does not return 405 for allowed GET method on /api/colors","","2026-10-09","passed","2026-10-09","","Server Unit Tests","Server Unit Tests 405 Method Not Allowed does not return 405 for allowed GET method on /api/colors",""
"","102","POST with script tag in name is rejected (400)","bs-firefox-win11","2026-10-09","passed","2026-10-09","Security > XSS Prevention","","",""
"","6","Server Unit Tests DELETE /api/colors/:name cannot delete the same color twice","","2026-10-09","passed","2026-10-09","","Server Unit Tests","Server Unit Tests DELETE /api/colors/:name cannot delete the same color twice",""
"","667","should create color via API and verify through UI","Chrome","2026-10-09","passed","2026-10-09","Hybrid E2E Testing","tests/hybrid.spec.ts","",""
"","1209","shows client-side ""Name is required"" when submitting empty name","bs-pixel-7","2026-10-09","passed","2026-10-09","Color Management — Add & Delete","","",""
"","1406","changing color to Yellow should reflect in UI and DOM","bs-chrome-win11","2026-10-09","passed","2026-10-09","Data-Driven Testing","","",""
"","971","should handle color click network failure gracefully","bs-chrome-win11","2026-10-09","passed","2026-10-09","UI Error Handling Coverage","","",""
"","5","Server Unit Tests POST /api/colors returns 400 for invalid hex format (no hash)","","2026-10-09","passed","2026-10-09","","Server Unit Tests","Server Unit Tests POST /api/colors returns 400 for invalid hex format (no hash)",""
"","8","DELETE /api/colors (collection) returns 405","Chrome","2026-10-09","passed","2026-10-09","Security > HTTP Method Restrictions","tests/security.spec.ts","",""
"","4","Server Unit Tests 405 Method Not Allowed does not return 405 for allowed GET method on /api/colors/:name","","2026-10-09","passed","2026-10-09","","Server Unit Tests","Server Unit Tests 405 Method Not Allowed does not return 405 for allowed GET method on /api/colors/:name",""
"","156","POST with script tag in name is rejected (400)","bs-iphone-15","2026-10-09","passed","2026-10-09","Security > XSS Prevention","","",""
"","633","shows a chip for each color with a swatch, name, and delete button","Chrome","2026-10-09","passed","2026-10-09","Color Management — Add & Delete","tests/color-management.spec.ts","",""
"","1884","color names rendered in the UI do not trigger script execution","bs-firefox-win11","2026-10-09","passed","2026-10-09","Security > XSS Prevention","","",""
"","4669","should maintain accessibility after state change (color update)","bs-firefox-win11","2026-10-09","passed","2026-10-09","Accessibility Tests","","",""
