"DESCRIPTION","DURATION IN MS","NAME","PARENT SUITE","START TIME","STATUS","STOP TIME","SUB SUITE","SUITE","TEST CLASS","TEST METHOD"
"","1052","handle initial fetch with empty data","Chrome","Wed May 06 13:20:51 UTC 2026","passed","Wed May 06 13:20:53 UTC 2026","Edge cases and error handling","","",""
"","18","Frontend Unit Tests App Component labelFor falls back to color name for unknown/custom color","","Wed May 06 12:53:49 UTC 2026","passed","Wed May 06 12:53:49 UTC 2026","","Frontend Unit Tests","Frontend Unit Tests App Component labelFor falls back to color name for unknown/custom color",""
"","16","Component Tests ColorPicker wheel cursor moves to (220,110) after right-edge click (hue=0, sat=1)","","Wed May 06 12:53:49 UTC 2026","passed","Wed May 06 12:53:49 UTC 2026","","Utility Functions","Component Tests ColorPicker wheel cursor moves to (220,110) after right-edge click (hue=0, sat=1)",""
"","1578","verify Turquoise ( #1abc9c ) is applied as the background color","Chrome","Wed May 06 13:20:59 UTC 2026","passed","Wed May 06 13:21:01 UTC 2026","POM Refactored: Background color tests","","",""
"","16","Server Integration Tests (Testcontainers) GET /api/colors/:name should be case-sensitive (lowercase name returns 404)","","Wed May 06 12:55:16 UTC 2026","passed","Wed May 06 12:55:16 UTC 2026","","Server Integration Tests (Testcontainers)","Server Integration Tests (Testcontainers) GET /api/colors/:name should be case-sensitive (lowercase name returns 404)",""
"","6","Server Unit Tests 405 Method Not Allowed does not return 405 for allowed GET method on /api/colors/:name","","Wed May 06 12:55:19 UTC 2026","passed","Wed May 06 12:55:19 UTC 2026","","Server Unit Tests","Server Unit Tests 405 Method Not Allowed does not return 405 for allowed GET method on /api/colors/:name",""
"","119","Component Tests ConfirmDialog renders title, body, and both buttons","","Wed May 06 12:53:49 UTC 2026","passed","Wed May 06 12:53:49 UTC 2026","","Component Tests","Component Tests ConfirmDialog renders title, body, and both buttons",""
"","14","Server Integration Tests (Testcontainers) GET /api/colors/:name should return correct data for Turquoise","","Wed May 06 12:55:16 UTC 2026","passed","Wed May 06 12:55:16 UTC 2026","","Server Integration Tests (Testcontainers)","Server Integration Tests (Testcontainers) GET /api/colors/:name should return correct data for Turquoise",""
"","6","Component Tests ColorPicker displays serverError prop in an alert banner","","Wed May 06 12:53:49 UTC 2026","passed","Wed May 06 12:53:49 UTC 2026","","Utility Functions","Component Tests ColorPicker displays serverError prop in an alert banner",""
"","3","Server Unit Tests PUT /api/colors/:name returns 400 for invalid current name format in URL","","Wed May 06 12:55:19 UTC 2026","passed","Wed May 06 12:55:19 UTC 2026","","Server Unit Tests","Server Unit Tests PUT /api/colors/:name returns 400 for invalid current name format in URL",""
"","1198","Cancel button closes the picker","Chrome","Wed May 06 13:20:39 UTC 2026","passed","Wed May 06 13:20:40 UTC 2026","Color Management — Add & Delete","","",""
"","8","Server Integration Tests (Testcontainers) POST /api/colors should accept a single alphanumeric character as a name","","Wed May 06 12:55:16 UTC 2026","passed","Wed May 06 12:55:16 UTC 2026","","Server Integration Tests (Testcontainers)","Server Integration Tests (Testcontainers) POST /api/colors should accept a single alphanumeric character as a name",""
"","15","Server Integration Tests (Testcontainers) seedDatabase should clear custom colors when re-seeded","","Wed May 06 12:55:16 UTC 2026","passed","Wed May 06 12:55:16 UTC 2026","","Server Integration Tests (Testcontainers)","Server Integration Tests (Testcontainers) seedDatabase should clear custom colors when re-seeded",""
"","17","Server Integration Tests (Testcontainers) POST /api/colors should create a new color and persist it in the real database","","Wed May 06 12:55:16 UTC 2026","passed","Wed May 06 12:55:16 UTC 2026","","Server Integration Tests (Testcontainers)","Server Integration Tests (Testcontainers) POST /api/colors should create a new color and persist it in the real database",""
"","124","DELETE /api/colors (collection) returns 405","Chrome","Wed May 06 13:21:06 UTC 2026","passed","Wed May 06 13:21:07 UTC 2026","Security > HTTP Method Restrictions","","",""
"","5","Server Integration Tests (Testcontainers) PUT /api/colors/:name should return 400 for invalid name in URL path","","Wed May 06 12:55:16 UTC 2026","passed","Wed May 06 12:55:16 UTC 2026","","Server Integration Tests (Testcontainers)","Server Integration Tests (Testcontainers) PUT /api/colors/:name should return 400 for invalid name in URL path",""
"","30","Frontend Unit Tests App Component deleting the last color sets activeName to null","","Wed May 06 12:53:49 UTC 2026","passed","Wed May 06 12:53:49 UTC 2026","","Frontend Unit Tests","Frontend Unit Tests App Component deleting the last color sets activeName to null",""
"","4","Server Unit Tests OpenAPI endpoints serves the OpenAPI JSON spec with exact metadata","","Wed May 06 12:55:19 UTC 2026","passed","Wed May 06 12:55:19 UTC 2026","","Server Unit Tests","Server Unit Tests OpenAPI endpoints serves the OpenAPI JSON spec with exact metadata",""
"","12","Component Tests ColorPicker renders the color wheel canvas","","Wed May 06 12:53:49 UTC 2026","passed","Wed May 06 12:53:49 UTC 2026","","Utility Functions","Component Tests ColorPicker renders the color wheel canvas",""
"","131","should reject invalid hex format on update","Chrome","Wed May 06 13:20:36 UTC 2026","passed","Wed May 06 13:20:36 UTC 2026","Backend API Integration > PUT /api/colors/:name Schema Validation","","",""
"","23","Component Tests ConfirmDialog confirm button calls onConfirm","","Wed May 06 12:53:49 UTC 2026","passed","Wed May 06 12:53:49 UTC 2026","","Component Tests","Component Tests ConfirmDialog confirm button calls onConfirm",""
"","13","Component Tests ColorPicker typing a valid hex clears the hex error and updates preview","","Wed May 06 12:53:49 UTC 2026","passed","Wed May 06 12:53:49 UTC 2026","","Utility Functions","Component Tests ColorPicker typing a valid hex clears the hex error and updates preview",""
"","5","Server Unit Tests PUT /api/colors/:name does not change name when updating only hex","","Wed May 06 12:55:19 UTC 2026","passed","Wed May 06 12:55:19 UTC 2026","","Server Unit Tests","Server Unit Tests PUT /api/colors/:name does not change name when updating only hex",""
"","11","Component Tests ColorPicker typing a valid hex without # prefix is accepted","","Wed May 06 12:53:49 UTC 2026","passed","Wed May 06 12:53:49 UTC 2026","","Utility Functions","Component Tests ColorPicker typing a valid hex without # prefix is accepted",""
"","0","Utility Functions readableOn returns #111 for light-grey (L≈0.60, above 0.179 threshold)","","Wed May 06 12:53:49 UTC 2026","passed","Wed May 06 12:53:49 UTC 2026","","Utility Functions","Utility Functions readableOn returns #111 for light-grey (L≈0.60, above 0.179 threshold)",""
"","0","mobile color picker workflow","Chrome","Wed May 06 13:02:07 UTC 2026","skipped","Wed May 06 13:02:07 UTC 2026","Percy Visual Regression – Production > Percy – Mobile Interactions","","",""
"","997","verify Red ( #e74c3c ) is applied as the background color","Chrome","Wed May 06 13:21:00 UTC 2026","passed","Wed May 06 13:21:01 UTC 2026","POM Refactored: Background color tests","","",""
"","1108","DELETE /api/colors/{name}","","","passed","","","schemathesis","",""
"","625","Example #2","BDD","Wed May 06 12:59:57 UTC 2026","passed","Wed May 06 12:59:57 UTC 2026","Language Switching > Switch language and verify translated UI labels","","",""
"","6","Component Tests ColorPicker non-Enter key on name input does not trigger submit","","Wed May 06 12:53:49 UTC 2026","passed","Wed May 06 12:53:49 UTC 2026","","Utility Functions","Component Tests ColorPicker non-Enter key on name input does not trigger submit",""
"","4","Server Unit Tests Error Handling POST /api/colors returns 409 when database throws duplicate key error (code 11000)","","Wed May 06 12:55:19 UTC 2026","passed","Wed May 06 12:55:19 UTC 2026","","Server Unit Tests","Server Unit Tests Error Handling POST /api/colors returns 409 when database throws duplicate key error (code 11000)",""
"","718","Example #2","BDD","Wed May 06 12:59:55 UTC 2026","passed","Wed May 06 12:59:56 UTC 2026","Home Page Background Color > Change background color","","",""
"","0","homepage after color change","Chrome","Wed May 06 13:02:07 UTC 2026","skipped","Wed May 06 13:02:07 UTC 2026","Percy Visual Regression – Production > Percy – desktop (1280×720)","","",""
"","1256","should load the application and verify core functionality across browsers","Chrome","Wed May 06 13:20:53 UTC 2026","passed","Wed May 06 13:20:55 UTC 2026","Cross-Browser Core Functionality","","",""
"","114","array body on POST returns 400","Chrome","Wed May 06 13:21:06 UTC 2026","passed","Wed May 06 13:21:06 UTC 2026","Security > Input Validation","","",""
"","951","should display colors that do not exist in the database","Chrome","Wed May 06 13:20:58 UTC 2026","passed","Wed May 06 13:20:59 UTC 2026","Network Mocking & Interception","","",""
"Performance Test: API Performance Test
File: api-performance.spec.ts
Total Iterations: 1
Max VUs: 1

HTTP Request Duration:
- Avg: 5.28ms
- P(95): 12.04ms
- Max: 14.09ms

Full metrics attached in the results.","1085","API Performance Test","Performance","Wed May 06 12:56:59 UTC 2026","passed","Wed May 06 12:57:01 UTC 2026","api-performance.spec.ts","API Performance Test","",""
"","297","Server Unit Tests Surviving Mutants & Edge Cases Port Fallback uses default PORT 5001 when process.env.PORT is missing","","Wed May 06 12:55:19 UTC 2026","passed","Wed May 06 12:55:19 UTC 2026","","Server Unit Tests","Server Unit Tests Surviving Mutants & Edge Cases Port Fallback uses default PORT 5001 when process.env.PORT is missing",""
"","124","should reject missing name","Chrome","Wed May 06 13:20:35 UTC 2026","passed","Wed May 06 13:20:35 UTC 2026","Backend API Integration > POST /api/colors Schema Validation","","",""
"","66","Frontend Unit Tests App Component handles null data from initial fetch gracefully","","Wed May 06 12:53:49 UTC 2026","passed","Wed May 06 12:53:49 UTC 2026","","Frontend Unit Tests","Frontend Unit Tests App Component handles null data from initial fetch gracefully",""
"","4","Server Unit Tests POST /api/colors returns 400 for completely empty body","","Wed May 06 12:55:19 UTC 2026","passed","Wed May 06 12:55:19 UTC 2026","","Server Unit Tests","Server Unit Tests POST /api/colors returns 400 for completely empty body",""
"","232","GET /api/colors/:name should return 404 for non-existent color","Chrome","Wed May 06 13:20:34 UTC 2026","passed","Wed May 06 13:20:35 UTC 2026","Backend API Integration","","",""
"","23","Component Tests ColorPicker hex input updates hue/sat via rgbToHsl (green → hue≈120)","","Wed May 06 12:53:49 UTC 2026","passed","Wed May 06 12:53:49 UTC 2026","","Utility Functions","Component Tests ColorPicker hex input updates hue/sat via rgbToHsl (green → hue≈120)",""
"","6","Component Tests ColorPicker editing name input calls onClearError to clear server error","","Wed May 06 12:53:49 UTC 2026","passed","Wed May 06 12:53:49 UTC 2026","","Utility Functions","Component Tests ColorPicker editing name input calls onClearError to clear server error",""
"","20","Component Tests ColorPicker touchmove while dragging updates hex","","Wed May 06 12:53:49 UTC 2026","passed","Wed May 06 12:53:49 UTC 2026","","Utility Functions","Component Tests ColorPicker touchmove while dragging updates hex",""
"","4","Server Unit Tests Middleware does not include X-Powered-By header","","Wed May 06 12:55:19 UTC 2026","passed","Wed May 06 12:55:19 UTC 2026","","Server Unit Tests","Server Unit Tests Middleware does not include X-Powered-By header",""
"","911","should display all core elements and handle button interaction","Chrome","Wed May 06 13:02:07 UTC 2026","passed","Wed May 06 13:02:08 UTC 2026","Responsive Design – iPhone landscape (667×375)","","",""
"","4","Server Unit Tests POST /api/colors returns 400 for invalid hex format (too short)","","Wed May 06 12:55:19 UTC 2026","passed","Wed May 06 12:55:19 UTC 2026","","Server Unit Tests","Server Unit Tests POST /api/colors returns 400 for invalid hex format (too short)",""
"","166","NoSQL operator in GET path param is rejected (400 or 404)","Chrome","Wed May 06 13:21:05 UTC 2026","passed","Wed May 06 13:21:05 UTC 2026","Security > Injection Prevention","","",""
"","0","Utility Functions hslToRgb hue=120 (green) → [0,255,0]","","Wed May 06 12:53:49 UTC 2026","passed","Wed May 06 12:53:49 UTC 2026","","Utility Functions","Utility Functions hslToRgb hue=120 (green) → [0,255,0]",""
"","5","Server Integration Tests (Testcontainers) POST /api/colors should return 400 when name is missing","","Wed May 06 12:55:16 UTC 2026","passed","Wed May 06 12:55:16 UTC 2026","","Server Integration Tests (Testcontainers)","Server Integration Tests (Testcontainers) POST /api/colors should return 400 when name is missing",""
"","0","Utility Functions hexToRgb parses a standard #RRGGBB hex","","Wed May 06 12:53:49 UTC 2026","passed","Wed May 06 12:53:49 UTC 2026","","Utility Functions","Utility Functions hexToRgb parses a standard #RRGGBB hex",""
"","1170","shows a chip for each color with a swatch, name, and delete button","Chrome","Wed May 06 13:20:37 UTC 2026","passed","Wed May 06 13:20:38 UTC 2026","Color Management — Add & Delete","","",""
"","17","Component Tests ColorPicker lightness slider change updates the preview","","Wed May 06 12:53:49 UTC 2026","passed","Wed May 06 12:53:49 UTC 2026","","Utility Functions","Component Tests ColorPicker lightness slider change updates the preview",""
"","65","Frontend Unit Tests App Component handles non-array initial fetch response gracefully","","Wed May 06 12:53:49 UTC 2026","passed","Wed May 06 12:53:49 UTC 2026","","Frontend Unit Tests","Frontend Unit Tests App Component handles non-array initial fetch response gracefully",""
"","0","Utility Functions hexToRgb is case-insensitive","","Wed May 06 12:53:49 UTC 2026","passed","Wed May 06 12:53:49 UTC 2026","","Utility Functions","Utility Functions hexToRgb is case-insensitive",""
"","64","Frontend Unit Tests App Component confirm dialog cancel does nothing when deleting=true","","Wed May 06 12:53:49 UTC 2026","passed","Wed May 06 12:53:49 UTC 2026","","Frontend Unit Tests","Frontend Unit Tests App Component confirm dialog cancel does nothing when deleting=true",""
"","7","Server Unit Tests GET /api/colors/:name returns 404 for a non-existent color","","Wed May 06 12:55:19 UTC 2026","passed","Wed May 06 12:55:19 UTC 2026","","Server Unit Tests","Server Unit Tests GET /api/colors/:name returns 404 for a non-existent color",""
"","139","should reject invalid hex format","Chrome","Wed May 06 13:20:35 UTC 2026","passed","Wed May 06 13:20:36 UTC 2026","Backend API Integration > POST /api/colors Schema Validation","","",""
"","107","Frontend Unit Tests App Component handleColorClick does nothing when data has no hex","","Wed May 06 12:53:49 UTC 2026","passed","Wed May 06 12:53:49 UTC 2026","","Frontend Unit Tests","Frontend Unit Tests App Component handleColorClick does nothing when data has no hex",""
"","157","should reject empty name","Chrome","Wed May 06 13:20:35 UTC 2026","passed","Wed May 06 13:20:35 UTC 2026","Backend API Integration > POST /api/colors Schema Validation","","",""
"","17","Component Tests ColorPicker mousedown at top-center (hue=270) sets hex to #8000ff","","Wed May 06 12:53:49 UTC 2026","passed","Wed May 06 12:53:49 UTC 2026","","Utility Functions","Component Tests ColorPicker mousedown at top-center (hue=270) sets hex to #8000ff",""
"","57","Frontend Unit Tests App Component deleting is false again after a failed delete (finally block)","","Wed May 06 12:53:49 UTC 2026","passed","Wed May 06 12:53:49 UTC 2026","","Frontend Unit Tests","Frontend Unit Tests App Component deleting is false again after a failed delete (finally block)",""
"","10","Server Unit Tests Surviving Mutants & Edge Cases Regex & Validation STRICT_NAME_REGEX kills mutants by testing multiple spaces in the middle and rejecting pluses","","Wed May 06 12:55:19 UTC 2026","passed","Wed May 06 12:55:19 UTC 2026","","Server Unit Tests","Server Unit Tests Surviving Mutants & Edge Cases Regex & Validation STRICT_NAME_REGEX kills mutants by testing multiple spaces in the middle and rejecting pluses",""
"","18","Component Tests ColorPicker mousedown at right-center (hue=0) sets hex to #ff0000","","Wed May 06 12:53:49 UTC 2026","passed","Wed May 06 12:53:49 UTC 2026","","Utility Functions","Component Tests ColorPicker mousedown at right-center (hue=0) sets hex to #ff0000",""
"","1","Utility Functions paintWheelPixel paints grey at center (dx=0, dy=0, dist=0, sat=0)","","Wed May 06 12:53:49 UTC 2026","passed","Wed May 06 12:53:49 UTC 2026","","Utility Functions","Utility Functions paintWheelPixel paints grey at center (dx=0, dy=0, dist=0, sat=0)",""
"","8","Server Integration Tests (Testcontainers) GET /api/colors should return colors sorted alphabetically by name","","Wed May 06 12:55:16 UTC 2026","passed","Wed May 06 12:55:16 UTC 2026","","Server Integration Tests (Testcontainers)","Server Integration Tests (Testcontainers) GET /api/colors should return colors sorted alphabetically by name",""
"","15","Component Tests ColorPicker mousedown outside circle clamps sat to 1","","Wed May 06 12:53:49 UTC 2026","passed","Wed May 06 12:53:49 UTC 2026","","Utility Functions","Component Tests ColorPicker mousedown outside circle clamps sat to 1",""
"","329","GET /api/colors should return all colors","Chrome","Wed May 06 13:20:34 UTC 2026","passed","Wed May 06 13:20:35 UTC 2026","Backend API Integration","","",""
"","29","Frontend Unit Tests App Component handleColorClick shows error alert on fetch failure","","Wed May 06 12:53:49 UTC 2026","passed","Wed May 06 12:53:49 UTC 2026","","Frontend Unit Tests","Frontend Unit Tests App Component handleColorClick shows error alert on fetch failure",""
"","4","Server Unit Tests POST /api/colors returns 400 for invalid hex format (no hash)","","Wed May 06 12:55:19 UTC 2026","passed","Wed May 06 12:55:19 UTC 2026","","Server Unit Tests","Server Unit Tests POST /api/colors returns 400 for invalid hex format (no hash)",""
"","0","Frontend Unit Tests i18n Configuration interpolation should not escape value","","Wed May 06 12:53:50 UTC 2026","passed","Wed May 06 12:53:50 UTC 2026","","Frontend Unit Tests","Frontend Unit Tests i18n Configuration interpolation should not escape value",""
"","1","Utility Functions rgbToHsl round-trip hslToRgb→rgbToHsl preserves hue for all sectors","","Wed May 06 12:53:49 UTC 2026","passed","Wed May 06 12:53:49 UTC 2026","","Utility Functions","Utility Functions rgbToHsl round-trip hslToRgb→rgbToHsl preserves hue for all sectors",""
"","1312","homepage should match snapshot","Chrome","Wed May 06 13:02:03 UTC 2026","passed","Wed May 06 13:02:04 UTC 2026","Visual Regression – desktop (1280×720)","","",""
"","5","Server Unit Tests GET /api/colors/:name returns Yellow color correctly","","Wed May 06 12:55:19 UTC 2026","passed","Wed May 06 12:55:19 UTC 2026","","Server Unit Tests","Server Unit Tests GET /api/colors/:name returns Yellow color correctly",""
"","0","Utility Functions rgbToHex output is lowercase","","Wed May 06 12:53:49 UTC 2026","passed","Wed May 06 12:53:49 UTC 2026","","Utility Functions","Utility Functions rgbToHex output is lowercase",""
"","19","Component Tests ColorPicker close (×) button calls onCancel","","Wed May 06 12:53:49 UTC 2026","passed","Wed May 06 12:53:49 UTC 2026","","Utility Functions","Component Tests ColorPicker close (×) button calls onCancel",""
"","2","Frontend Unit Tests i18n Configuration should translate keys correctly","","Wed May 06 12:53:50 UTC 2026","passed","Wed May 06 12:53:50 UTC 2026","","Frontend Unit Tests","Frontend Unit Tests i18n Configuration should translate keys correctly",""
"","20","Frontend Unit Tests App Component text color on dark background is white","","Wed May 06 12:53:49 UTC 2026","passed","Wed May 06 12:53:49 UTC 2026","","Frontend Unit Tests","Frontend Unit Tests App Component text color on dark background is white",""
"","30","Frontend Unit Tests App Component add color 400 without data.error falls back to generic message","","Wed May 06 12:53:49 UTC 2026","passed","Wed May 06 12:53:49 UTC 2026","","Frontend Unit Tests","Frontend Unit Tests App Component add color 400 without data.error falls back to generic message",""
"","2","Server Unit Tests Error Handling seedDatabase logs error when database fails","","Wed May 06 12:55:19 UTC 2026","passed","Wed May 06 12:55:19 UTC 2026","","Server Unit Tests","Server Unit Tests Error Handling seedDatabase logs error when database fails",""
"","5","Server Integration Tests (Testcontainers) Method Not Allowed should return 405 for PATCH /api/colors","","Wed May 06 12:55:16 UTC 2026","passed","Wed May 06 12:55:16 UTC 2026","","Server Integration Tests (Testcontainers)","Server Integration Tests (Testcontainers) Method Not Allowed should return 405 for PATCH /api/colors",""
"","34","Server Integration Tests (Testcontainers) PUT /api/colors/:name should return 400 when update body is empty","","Wed May 06 12:55:16 UTC 2026","passed","Wed May 06 12:55:16 UTC 2026","","Server Integration Tests (Testcontainers)","Server Integration Tests (Testcontainers) PUT /api/colors/:name should return 400 when update body is empty",""
"","568","should create a new color with valid schema","Chrome","Wed May 06 13:20:35 UTC 2026","passed","Wed May 06 13:20:35 UTC 2026","Backend API Integration > POST /api/colors Schema Validation","","",""
"","39","Frontend Unit Tests App Component handleColorClick clears previous error on new successful click","","Wed May 06 12:53:49 UTC 2026","passed","Wed May 06 12:53:49 UTC 2026","","Frontend Unit Tests","Frontend Unit Tests App Component handleColorClick clears previous error on new successful click",""
"","1","Utility Functions hslToRgb hue=59 stays in sector 0","","Wed May 06 12:53:49 UTC 2026","passed","Wed May 06 12:53:49 UTC 2026","","Utility Functions","Utility Functions hslToRgb hue=59 stays in sector 0",""
"","3","Server Unit Tests Surviving Mutants & Edge Cases Swagger Metadata & OpenAPI has exact application/json content-type","","Wed May 06 12:55:19 UTC 2026","passed","Wed May 06 12:55:19 UTC 2026","","Server Unit Tests","Server Unit Tests Surviving Mutants & Edge Cases Swagger Metadata & OpenAPI has exact application/json content-type",""
"","731","should show loading state when API returns empty colors","Chrome","Wed May 06 13:20:57 UTC 2026","passed","Wed May 06 13:20:57 UTC 2026","UI Error Handling Coverage","","",""
"","19","Component Tests ColorPicker typing in name input clears name error","","Wed May 06 12:53:49 UTC 2026","passed","Wed May 06 12:53:49 UTC 2026","","Utility Functions","Component Tests ColorPicker typing in name input clears name error",""
"","0","Utility Functions hslToRgb lightness=0 gives black","","Wed May 06 12:53:49 UTC 2026","passed","Wed May 06 12:53:49 UTC 2026","","Utility Functions","Utility Functions hslToRgb lightness=0 gives black",""
"","8822","should meet the accessibility threshold using Google Lighthouse","Chrome","Wed May 06 13:20:25 UTC 2026","passed","Wed May 06 13:20:34 UTC 2026","Accessibility Tests","","",""
"","6593","should not have any automatically detectable accessibility issues","Chrome","Wed May 06 13:20:18 UTC 2026","passed","Wed May 06 13:20:25 UTC 2026","Accessibility Tests","","",""
"","3","Server Unit Tests OpenAPI endpoints spec includes component schemas","","Wed May 06 12:55:19 UTC 2026","passed","Wed May 06 12:55:19 UTC 2026","","Server Unit Tests","Server Unit Tests OpenAPI endpoints spec includes component schemas",""
"","1288","verify Red ( #e74c3c ) is applied as the background color","Chrome","Wed May 06 13:20:49 UTC 2026","passed","Wed May 06 13:20:51 UTC 2026","Background color tests","","",""
"","8","Server Unit Tests Error Handling POST /api/colors returns 500 when database fails (create)","","Wed May 06 12:55:19 UTC 2026","passed","Wed May 06 12:55:19 UTC 2026","","Server Unit Tests","Server Unit Tests Error Handling POST /api/colors returns 500 when database fails (create)",""
"","4","Server Unit Tests Surviving Mutants & Edge Cases Mongoose Schema & Persistence kills empty schema mutant by verifying field persistence","","Wed May 06 12:55:19 UTC 2026","passed","Wed May 06 12:55:19 UTC 2026","","Server Unit Tests","Server Unit Tests Surviving Mutants & Edge Cases Mongoose Schema & Persistence kills empty schema mutant by verifying field persistence",""
"","22","GET /api/colors","","","skipped","","","schemathesis","",""
"","4","Server Unit Tests PUT /api/colors/:name returns 404 for a non-existent color","","Wed May 06 12:55:19 UTC 2026","passed","Wed May 06 12:55:19 UTC 2026","","Server Unit Tests","Server Unit Tests PUT /api/colors/:name returns 404 for a non-existent color",""
"","3","Server Unit Tests Surviving Mutants & Edge Cases PUT logic kills refine mutant by sending empty body","","Wed May 06 12:55:19 UTC 2026","passed","Wed May 06 12:55:19 UTC 2026","","Server Unit Tests","Server Unit Tests Surviving Mutants & Edge Cases PUT logic kills refine mutant by sending empty body",""
"","4","Component Tests ConfirmDialog backdrop click does NOT call onCancel when busy","","Wed May 06 12:53:49 UTC 2026","passed","Wed May 06 12:53:49 UTC 2026","","Component Tests","Component Tests ConfirmDialog backdrop click does NOT call onCancel when busy",""
"","4","Server Unit Tests Middleware JSON error middleware ignores SyntaxError with status != 400","","Wed May 06 12:55:19 UTC 2026","passed","Wed May 06 12:55:19 UTC 2026","","Server Unit Tests","Server Unit Tests Middleware JSON error middleware ignores SyntaxError with status != 400",""
"","5","Server Unit Tests PUT /api/colors/:name updates both name and hex simultaneously","","Wed May 06 12:55:19 UTC 2026","passed","Wed May 06 12:55:19 UTC 2026","","Server Unit Tests","Server Unit Tests PUT /api/colors/:name updates both name and hex simultaneously",""
"","832","homepage should match snapshot","Chrome","Wed May 06 13:02:05 UTC 2026","passed","Wed May 06 13:02:06 UTC 2026","Visual Regression – iphone-landscape (667×375)","","",""
"","3","Server Unit Tests OpenAPI endpoints has exact application/json content-type","","Wed May 06 12:55:19 UTC 2026","passed","Wed May 06 12:55:19 UTC 2026","","Server Unit Tests","Server Unit Tests OpenAPI endpoints has exact application/json content-type",""
"","1","Utility Functions hslToRgb high lightness l=0.75 → [255,128,128]","","Wed May 06 12:53:49 UTC 2026","passed","Wed May 06 12:53:49 UTC 2026","","Utility Functions","Utility Functions hslToRgb high lightness l=0.75 → [255,128,128]",""
"","5","Server Unit Tests 405 Method Not Allowed does not return 405 for allowed GET method on /api/colors","","Wed May 06 12:55:19 UTC 2026","passed","Wed May 06 12:55:19 UTC 2026","","Server Unit Tests","Server Unit Tests 405 Method Not Allowed does not return 405 for allowed GET method on /api/colors",""
"","29","Frontend Unit Tests App Component add color network error shows network error message","","Wed May 06 12:53:49 UTC 2026","passed","Wed May 06 12:53:49 UTC 2026","","Frontend Unit Tests","Frontend Unit Tests App Component add color network error shows network error message",""
"","253","GET /api/colors/Red should return the correct hex code","Chrome","Wed May 06 13:20:34 UTC 2026","passed","Wed May 06 13:20:34 UTC 2026","Backend API Integration","","",""
"","9","Server Integration Tests (Testcontainers) seedDatabase should be idempotent — calling twice always yields exactly 3 colors","","Wed May 06 12:55:16 UTC 2026","passed","Wed May 06 12:55:16 UTC 2026","","Server Integration Tests (Testcontainers)","Server Integration Tests (Testcontainers) seedDatabase should be idempotent — calling twice always yields exactly 3 colors",""
"","10","Component Tests ConfirmDialog confirmLabel prop is reflected in the button text","","Wed May 06 12:53:49 UTC 2026","passed","Wed May 06 12:53:49 UTC 2026","","Component Tests","Component Tests ConfirmDialog confirmLabel prop is reflected in the button text",""
"","8","Server Integration Tests (Testcontainers) PUT /api/colors/:name should update both name and hex simultaneously","","Wed May 06 12:55:16 UTC 2026","passed","Wed May 06 12:55:16 UTC 2026","","Server Integration Tests (Testcontainers)","Server Integration Tests (Testcontainers) PUT /api/colors/:name should update both name and hex simultaneously",""
"","133","POST with javascript: URI in name is rejected (400)","Chrome","Wed May 06 13:21:03 UTC 2026","passed","Wed May 06 13:21:03 UTC 2026","Security > XSS Prevention","","",""
"","4","Server Unit Tests POST /api/colors returns 400 when name is missing","","Wed May 06 12:55:19 UTC 2026","passed","Wed May 06 12:55:19 UTC 2026","","Server Unit Tests","Server Unit Tests POST /api/colors returns 400 when name is missing",""
"","34","Frontend Unit Tests App Component learn react link has correct text","","Wed May 06 12:53:49 UTC 2026","passed","Wed May 06 12:53:49 UTC 2026","","Frontend Unit Tests","Frontend Unit Tests App Component learn react link has correct text",""
"","25","Component Tests ColorPicker submit with duplicate name (client-side) shows duplicate error","","Wed May 06 12:53:49 UTC 2026","passed","Wed May 06 12:53:49 UTC 2026","","Utility Functions","Component Tests ColorPicker submit with duplicate name (client-side) shows duplicate error",""
"","282","Server Unit Tests Surviving Mutants & Edge Cases Infrastructure uses MONGO_URI from environment if available","","Wed May 06 12:55:19 UTC 2026","passed","Wed May 06 12:55:19 UTC 2026","","Server Unit Tests","Server Unit Tests Surviving Mutants & Edge Cases Infrastructure uses MONGO_URI from environment if available",""
"","1","Utility Functions hslToRgb hue=60 (yellow) → [255,255,0]","","Wed May 06 12:53:49 UTC 2026","passed","Wed May 06 12:53:49 UTC 2026","","Utility Functions","Utility Functions hslToRgb hue=60 (yellow) → [255,255,0]",""
"","119","should reject updating with empty name","Chrome","Wed May 06 13:20:36 UTC 2026","passed","Wed May 06 13:20:36 UTC 2026","Backend API Integration > PUT /api/colors/:name Schema Validation","","",""
"","4","Server Unit Tests Middleware returns 400 for malformed JSON body","","Wed May 06 12:55:19 UTC 2026","passed","Wed May 06 12:55:19 UTC 2026","","Server Unit Tests","Server Unit Tests Middleware returns 400 for malformed JSON body",""
"","44","Frontend Unit Tests App Component add color success closes picker and shows new chip","","Wed May 06 12:53:49 UTC 2026","passed","Wed May 06 12:53:49 UTC 2026","","Frontend Unit Tests","Frontend Unit Tests App Component add color success closes picker and shows new chip",""
"","0","Utility Functions readableOn returns #fff for black (very dark, L≈0)","","Wed May 06 12:53:49 UTC 2026","passed","Wed May 06 12:53:49 UTC 2026","","Utility Functions","Utility Functions readableOn returns #fff for black (very dark, L≈0)",""
"","1413","POST /api/colors","","","passed","","","schemathesis","",""
"","598","Example #3","BDD","Wed May 06 12:59:57 UTC 2026","passed","Wed May 06 12:59:57 UTC 2026","Language Switching > Switch language and verify translated UI labels","","",""
"","11","Component Tests ConfirmDialog cancelLabel prop is reflected in the button text","","Wed May 06 12:53:49 UTC 2026","passed","Wed May 06 12:53:49 UTC 2026","","Component Tests","Component Tests ConfirmDialog cancelLabel prop is reflected in the button text",""
"","1076","should display all core elements and handle button interaction","Chrome","Wed May 06 13:02:06 UTC 2026","passed","Wed May 06 13:02:07 UTC 2026","Responsive Design – iPhone SE (375×667)","","",""
"","7","Server Integration Tests (Testcontainers) GET /api/colors/:name should not expose _id or __v fields","","Wed May 06 12:55:16 UTC 2026","passed","Wed May 06 12:55:16 UTC 2026","","Server Integration Tests (Testcontainers)","Server Integration Tests (Testcontainers) GET /api/colors/:name should not expose _id or __v fields",""
"","126","malformed JSON body returns 400","Chrome","Wed May 06 13:21:06 UTC 2026","passed","Wed May 06 13:21:06 UTC 2026","Security > Input Validation","","",""
"","125","empty body on POST returns 400","Chrome","Wed May 06 13:21:06 UTC 2026","passed","Wed May 06 13:21:06 UTC 2026","Security > Input Validation","","",""
"","1018","clicking the backdrop closes the picker","Chrome","Wed May 06 13:20:40 UTC 2026","passed","Wed May 06 13:20:41 UTC 2026","Color Management — Add & Delete","","",""
"","0","homepage initial state","Chrome","Wed May 06 13:02:07 UTC 2026","skipped","Wed May 06 13:02:07 UTC 2026","Percy Visual Regression – Production > Percy – mobile (375×667)","","",""
"","15","Component Tests ColorPicker valid submit calls onConfirm with trimmed name and current hex","","Wed May 06 12:53:49 UTC 2026","passed","Wed May 06 12:53:49 UTC 2026","","Utility Functions","Component Tests ColorPicker valid submit calls onConfirm with trimmed name and current hex",""
"","661","Show error message when the initial colors fetch fails","BDD","Wed May 06 12:59:53 UTC 2026","passed","Wed May 06 12:59:54 UTC 2026","API Error Handling","","",""
"","30","Frontend Unit Tests App Component add color 429 rate limit shows specific message","","Wed May 06 12:53:49 UTC 2026","passed","Wed May 06 12:53:49 UTC 2026","","Frontend Unit Tests","Frontend Unit Tests App Component add color 429 rate limit shows specific message",""
"","4","Server Unit Tests DELETE /api/colors/:name returns 400 for invalid name in path (regex check)","","Wed May 06 12:55:19 UTC 2026","passed","Wed May 06 12:55:19 UTC 2026","","Server Unit Tests","Server Unit Tests DELETE /api/colors/:name returns 400 for invalid name in path (regex check)",""
"","5","Server Unit Tests PUT /api/colors/:name returns 400 when no fields are provided (empty body)","","Wed May 06 12:55:19 UTC 2026","passed","Wed May 06 12:55:19 UTC 2026","","Server Unit Tests","Server Unit Tests PUT /api/colors/:name returns 400 when no fields are provided (empty body)",""
"","7","Server Integration Tests (Testcontainers) POST /api/colors should not expose _id or __v in the creation response","","Wed May 06 12:55:16 UTC 2026","passed","Wed May 06 12:55:16 UTC 2026","","Server Integration Tests (Testcontainers)","Server Integration Tests (Testcontainers) POST /api/colors should not expose _id or __v in the creation response",""
"","1125","check Turquoise ( #1abc9c) is the default background color.","Chrome","Wed May 06 13:20:48 UTC 2026","passed","Wed May 06 13:20:49 UTC 2026","","","",""
"","19","Frontend Unit Tests App Component picker × button closes the modal","","Wed May 06 12:53:49 UTC 2026","passed","Wed May 06 12:53:49 UTC 2026","","Frontend Unit Tests","Frontend Unit Tests App Component picker × button closes the modal",""
"","832","Escape key closes the confirm dialog","Chrome","Wed May 06 13:20:45 UTC 2026","passed","Wed May 06 13:20:46 UTC 2026","Color Management — Add & Delete","","",""
"","2725","should maintain accessibility in es language and verify resilient locators","Chrome","Wed May 06 13:20:28 UTC 2026","passed","Wed May 06 13:20:31 UTC 2026","i18n Accessibility Tests","","",""
"","36","Frontend Unit Tests App Component renders title, logo, and calls initial fetch","","Wed May 06 12:53:49 UTC 2026","passed","Wed May 06 12:53:49 UTC 2026","","Frontend Unit Tests","Frontend Unit Tests App Component renders title, logo, and calls initial fetch",""
"","10","Server Unit Tests Error Handling POST /api/colors returns 500 when database fails (findOne)","","Wed May 06 12:55:19 UTC 2026","passed","Wed May 06 12:55:19 UTC 2026","","Server Unit Tests","Server Unit Tests Error Handling POST /api/colors returns 500 when database fails (findOne)",""
"","7","Frontend Unit Tests App Component shows error alert when initial fetch fails","","Wed May 06 12:53:49 UTC 2026","passed","Wed May 06 12:53:49 UTC 2026","","Frontend Unit Tests","Frontend Unit Tests App Component shows error alert when initial fetch fails",""
"","3","Server Unit Tests Middleware JSON error middleware ignores SyntaxError without body","","Wed May 06 12:55:19 UTC 2026","passed","Wed May 06 12:55:19 UTC 2026","","Server Unit Tests","Server Unit Tests Middleware JSON error middleware ignores SyntaxError without body",""
"","128","POST with script tag in name is rejected (400)","Chrome","Wed May 06 13:21:03 UTC 2026","passed","Wed May 06 13:21:03 UTC 2026","Security > XSS Prevention","","",""
"","0","Utility Functions rgbToHex converts pure red","","Wed May 06 12:53:49 UTC 2026","passed","Wed May 06 12:53:49 UTC 2026","","Utility Functions","Utility Functions rgbToHex converts pure red",""
"","909","handle color response missing hex property","Chrome","Wed May 06 13:20:53 UTC 2026","passed","Wed May 06 13:20:53 UTC 2026","Edge cases and error handling","","",""
"","17","Server Integration Tests (Testcontainers) Concurrent writes should handle simultaneous POSTs with the same name — exactly one succeeds","","Wed May 06 12:55:16 UTC 2026","passed","Wed May 06 12:55:16 UTC 2026","","Server Integration Tests (Testcontainers)","Server Integration Tests (Testcontainers) Concurrent writes should handle simultaneous POSTs with the same name — exactly one succeeds",""
"","697","should handle fetch colors network failure gracefully","Chrome","Wed May 06 13:20:56 UTC 2026","passed","Wed May 06 13:20:57 UTC 2026","UI Error Handling Coverage","","",""
"","1136","clicking ""+ Add color"" opens the picker modal","Chrome","Wed May 06 13:20:38 UTC 2026","passed","Wed May 06 13:20:39 UTC 2026","Color Management — Add & Delete","","",""
"","69","Server Integration Tests (Testcontainers) End-to-end CRUD workflow should create, read, update, and delete a color in sequence","","Wed May 06 12:55:16 UTC 2026","passed","Wed May 06 12:55:16 UTC 2026","","Server Integration Tests (Testcontainers)","Server Integration Tests (Testcontainers) End-to-end CRUD workflow should create, read, update, and delete a color in sequence",""
"","1436","shows server-error message on 500 inside the picker","Chrome","Wed May 06 13:20:43 UTC 2026","passed","Wed May 06 13:20:45 UTC 2026","Color Management — Add & Delete","","",""
"","0","homepage after color change","Chrome","Wed May 06 13:02:07 UTC 2026","skipped","Wed May 06 13:02:07 UTC 2026","Percy Visual Regression – Production > Percy – mobile (375×667)","","",""
"","6","Server Unit Tests Surviving Mutants & Edge Cases Regex & Validation Zod required_error messages are correct","","Wed May 06 12:55:19 UTC 2026","passed","Wed May 06 12:55:19 UTC 2026","","Server Unit Tests","Server Unit Tests Surviving Mutants & Edge Cases Regex & Validation Zod required_error messages are correct",""
"","7","Utility Functions hslToRgb saturation clamped: s=-0.5 treated as s=0","","Wed May 06 12:53:49 UTC 2026","passed","Wed May 06 12:53:49 UTC 2026","","Utility Functions","Utility Functions hslToRgb saturation clamped: s=-0.5 treated as s=0",""
"","0","Utility Functions hslToRgb hue=330 (rose) → [255,0,128]","","Wed May 06 12:53:49 UTC 2026","passed","Wed May 06 12:53:49 UTC 2026","","Utility Functions","Utility Functions hslToRgb hue=330 (rose) → [255,0,128]",""
"","65","Frontend Unit Tests App Component useEffect runs only once on mount","","Wed May 06 12:53:49 UTC 2026","passed","Wed May 06 12:53:49 UTC 2026","","Frontend Unit Tests","Frontend Unit Tests App Component useEffect runs only once on mount",""
"","45","Frontend Unit Tests App Component delete sends DELETE request with correct method","","Wed May 06 12:53:49 UTC 2026","passed","Wed May 06 12:53:49 UTC 2026","","Frontend Unit Tests","Frontend Unit Tests App Component delete sends DELETE request with correct method",""
"","10","Frontend Unit Tests App Component shows loading text when colors array is empty","","Wed May 06 12:53:49 UTC 2026","passed","Wed May 06 12:53:49 UTC 2026","","Frontend Unit Tests","Frontend Unit Tests App Component shows loading text when colors array is empty",""
"","1284","changing color to Yellow should reflect in UI and DOM","Chrome","Wed May 06 13:20:55 UTC 2026","passed","Wed May 06 13:20:56 UTC 2026","Data-Driven Testing","","",""
"","0","homepage after color change","Chrome","Wed May 06 13:02:07 UTC 2026","skipped","Wed May 06 13:02:07 UTC 2026","Percy Visual Regression – Production > Percy – tablet (768×1024)","","",""
"","8","Server Unit Tests Error Handling PUT /api/colors/:name returns 500 when database fails","","Wed May 06 12:55:19 UTC 2026","passed","Wed May 06 12:55:19 UTC 2026","","Server Unit Tests","Server Unit Tests Error Handling PUT /api/colors/:name returns 500 when database fails",""
"","5","Server Unit Tests POST /api/colors returns 409 for a duplicate color name with descriptive error","","Wed May 06 12:55:19 UTC 2026","passed","Wed May 06 12:55:19 UTC 2026","","Server Unit Tests","Server Unit Tests POST /api/colors returns 409 for a duplicate color name with descriptive error",""
"","5","Server Integration Tests (Testcontainers) POST /api/colors should return 400 when hex is missing","","Wed May 06 12:55:16 UTC 2026","passed","Wed May 06 12:55:16 UTC 2026","","Server Integration Tests (Testcontainers)","Server Integration Tests (Testcontainers) POST /api/colors should return 400 when hex is missing",""
"","15","Component Tests ColorPicker submit is blocked when hex input has an error","","Wed May 06 12:53:49 UTC 2026","passed","Wed May 06 12:53:49 UTC 2026","","Utility Functions","Component Tests ColorPicker submit is blocked when hex input has an error",""
"","56","Server Unit Tests GET /api/colors returns all seeded colors with correct names and hex values","","Wed May 06 12:55:19 UTC 2026","passed","Wed May 06 12:55:19 UTC 2026","","Server Unit Tests","Server Unit Tests GET /api/colors returns all seeded colors with correct names and hex values",""
"","1037","homepage should match snapshot","Chrome","Wed May 06 13:02:04 UTC 2026","passed","Wed May 06 13:02:06 UTC 2026","Visual Regression – tablet (768×1024)","","",""
"","6","Server Unit Tests 405 Method Not Allowed returns 405 for POST, PUT, DELETE on /api-docs","","Wed May 06 12:55:19 UTC 2026","passed","Wed May 06 12:55:19 UTC 2026","","Server Unit Tests","Server Unit Tests 405 Method Not Allowed returns 405 for POST, PUT, DELETE on /api-docs",""
"","6","Server Integration Tests (Testcontainers) GET /api/colors/:name should return 400 for invalid name format","","Wed May 06 12:55:16 UTC 2026","passed","Wed May 06 12:55:16 UTC 2026","","Server Integration Tests (Testcontainers)","Server Integration Tests (Testcontainers) GET /api/colors/:name should return 400 for invalid name format",""
"","45","Frontend Unit Tests App Component confirm button shows ""Deleting…"" label while delete is in-flight","","Wed May 06 12:53:49 UTC 2026","passed","Wed May 06 12:53:49 UTC 2026","","Frontend Unit Tests","Frontend Unit Tests App Component confirm button shows ""Deleting…"" label while delete is in-flight",""
"","5","Server Unit Tests Surviving Mutants & Edge Cases Swagger JSDoc Integration kills apis array mutants by verifying JSDoc content is present","","Wed May 06 12:55:19 UTC 2026","passed","Wed May 06 12:55:19 UTC 2026","","Server Unit Tests","Server Unit Tests Surviving Mutants & Edge Cases Swagger JSDoc Integration kills apis array mutants by verifying JSDoc content is present",""
"","0","Utility Functions readableOn returns #111 for mid-grey (L≈0.35, black gives better contrast)","","Wed May 06 12:53:49 UTC 2026","passed","Wed May 06 12:53:49 UTC 2026","","Utility Functions","Utility Functions readableOn returns #111 for mid-grey (L≈0.35, black gives better contrast)",""
"","23","Frontend Unit Tests App Component add color sends POST with correct method, headers, and body","","Wed May 06 12:53:49 UTC 2026","passed","Wed May 06 12:53:49 UTC 2026","","Frontend Unit Tests","Frontend Unit Tests App Component add color sends POST with correct method, headers, and body",""
"","0","Utility Functions hslToRgb saturation clamped: s=1.5 treated as s=1","","Wed May 06 12:53:49 UTC 2026","passed","Wed May 06 12:53:49 UTC 2026","","Utility Functions","Utility Functions hslToRgb saturation clamped: s=1.5 treated as s=1",""
"","4","Server Unit Tests POST /api/colors returns 400 when hex is missing","","Wed May 06 12:55:19 UTC 2026","passed","Wed May 06 12:55:19 UTC 2026","","Server Unit Tests","Server Unit Tests POST /api/colors returns 400 when hex is missing",""
"","30","Frontend Unit Tests App Component add color 400 shows data.error message","","Wed May 06 12:53:49 UTC 2026","passed","Wed May 06 12:53:49 UTC 2026","","Frontend Unit Tests","Frontend Unit Tests App Component add color 400 shows data.error message",""
"","20","Component Tests ColorPicker mousedown at bottom-center (hue=90) sets hex to #80ff00","","Wed May 06 12:53:49 UTC 2026","passed","Wed May 06 12:53:49 UTC 2026","","Utility Functions","Component Tests ColorPicker mousedown at bottom-center (hue=90) sets hex to #80ff00",""
"Performance Test: UI Performance Test
File: ui-performance.spec.ts
Total Iterations: 1
Max VUs: 1

HTTP Request Duration:
- Avg: 3.15ms
- P(95): 3.15ms
- Max: 3.15ms

Full metrics attached in the results.","33601","UI Performance Test","Performance","Wed May 06 12:58:16 UTC 2026","passed","Wed May 06 12:58:50 UTC 2026","ui-performance.spec.ts","UI Performance Test","",""
"","7","Server Unit Tests Surviving Mutants & Edge Cases Regex & Validation hex regex kills mutants by testing boundaries and formats","","Wed May 06 12:55:19 UTC 2026","passed","Wed May 06 12:55:19 UTC 2026","","Server Unit Tests","Server Unit Tests Surviving Mutants & Edge Cases Regex & Validation hex regex kills mutants by testing boundaries and formats",""
"","1193","close (×) button closes the picker","Chrome","Wed May 06 13:20:39 UTC 2026","passed","Wed May 06 13:20:41 UTC 2026","Color Management — Add & Delete","","",""
"","4","Component Tests ColorPicker serverError banner is absent when serverError is null","","Wed May 06 12:53:49 UTC 2026","passed","Wed May 06 12:53:49 UTC 2026","","Utility Functions","Component Tests ColorPicker serverError banner is absent when serverError is null",""
"","0","Utility Functions rgbToHsl dark red (#800000): l<0.5, s=1 (l<=0.5 saturation branch)","","Wed May 06 12:53:49 UTC 2026","passed","Wed May 06 12:53:49 UTC 2026","","Utility Functions","Utility Functions rgbToHsl dark red (#800000): l<0.5, s=1 (l<=0.5 saturation branch)",""
"","130","PATCH /api/colors/:name returns 405","Chrome","Wed May 06 13:21:07 UTC 2026","passed","Wed May 06 13:21:07 UTC 2026","Security > HTTP Method Restrictions","","",""
"","1","Utility Functions rgbToHsl pure green → h=120, s=1, l=0.5","","Wed May 06 12:53:49 UTC 2026","passed","Wed May 06 12:53:49 UTC 2026","","Utility Functions","Utility Functions rgbToHsl pure green → h=120, s=1, l=0.5",""
"","0","Utility Functions rgbToHsl b max (#0040ff) → h in (180,300)","","Wed May 06 12:53:49 UTC 2026","passed","Wed May 06 12:53:49 UTC 2026","","Utility Functions","Utility Functions rgbToHsl b max (#0040ff) → h in (180,300)",""
"","3","Component Tests ConfirmDialog Escape key does NOT call onCancel when busy","","Wed May 06 12:53:49 UTC 2026","passed","Wed May 06 12:53:49 UTC 2026","","Component Tests","Component Tests ConfirmDialog Escape key does NOT call onCancel when busy",""
"","12","Server Integration Tests (Testcontainers) GET /api/colors/:name should return correct data for Red","","Wed May 06 12:55:16 UTC 2026","passed","Wed May 06 12:55:16 UTC 2026","","Server Integration Tests (Testcontainers)","Server Integration Tests (Testcontainers) GET /api/colors/:name should return correct data for Red",""
"","4","Server Unit Tests POST /api/colors returns 400 for extra unknown fields (strict schema)","","Wed May 06 12:55:19 UTC 2026","passed","Wed May 06 12:55:19 UTC 2026","","Server Unit Tests","Server Unit Tests POST /api/colors returns 400 for extra unknown fields (strict schema)",""
"","842","should gracefully handle a color not found in the database","Chrome","Wed May 06 13:20:59 UTC 2026","passed","Wed May 06 13:21:00 UTC 2026","Network Mocking & Interception","","",""
"","0","Utility Functions readableOn returns #111 for turquoise (L≈0.39, black gives better contrast)","","Wed May 06 12:53:49 UTC 2026","passed","Wed May 06 12:53:49 UTC 2026","","Utility Functions","Utility Functions readableOn returns #111 for turquoise (L≈0.39, black gives better contrast)",""
"","1","Utility Functions rgbToHsl r max, g>0, b=0 → h in (0,60)","","Wed May 06 12:53:49 UTC 2026","passed","Wed May 06 12:53:49 UTC 2026","","Utility Functions","Utility Functions rgbToHsl r max, g>0, b=0 → h in (0,60)",""
"","3","Server Unit Tests Error Handling GET /api/colors/:name returns 500 when database fails","","Wed May 06 12:55:19 UTC 2026","passed","Wed May 06 12:55:19 UTC 2026","","Server Unit Tests","Server Unit Tests Error Handling GET /api/colors/:name returns 500 when database fails",""
"","875","should handle color click network failure gracefully","Chrome","Wed May 06 13:20:56 UTC 2026","passed","Wed May 06 13:20:57 UTC 2026","UI Error Handling Coverage","","",""
"","5","Component Tests ConfirmDialog Escape key calls onCancel when not busy","","Wed May 06 12:53:49 UTC 2026","passed","Wed May 06 12:53:49 UTC 2026","","Component Tests","Component Tests ConfirmDialog Escape key calls onCancel when not busy",""
"","122","NoSQL injection object in name is rejected (400)","Chrome","Wed May 06 13:21:04 UTC 2026","passed","Wed May 06 13:21:05 UTC 2026","Security > Injection Prevention","","",""
"","4","Server Unit Tests Middleware handles non-JSON content type gracefully on POST","","Wed May 06 12:55:19 UTC 2026","passed","Wed May 06 12:55:19 UTC 2026","","Server Unit Tests","Server Unit Tests Middleware handles non-JSON content type gracefully on POST",""
"","1008","should handle missing image gracefully by showing alt text","Chrome","Wed May 06 13:20:57 UTC 2026","passed","Wed May 06 13:20:58 UTC 2026","Network Mocking & Interception","","",""
"","5","Component Tests ConfirmDialog Enter key does NOT call onConfirm when busy","","Wed May 06 12:53:49 UTC 2026","passed","Wed May 06 12:53:49 UTC 2026","","Component Tests","Component Tests ConfirmDialog Enter key does NOT call onConfirm when busy",""
"","121","error responses return JSON, not HTML (no info leakage)","Chrome","Wed May 06 13:21:06 UTC 2026","passed","Wed May 06 13:21:06 UTC 2026","Security > Security Headers","","",""
"","24","Component Tests ColorPicker duplicate check is case-insensitive","","Wed May 06 12:53:49 UTC 2026","passed","Wed May 06 12:53:49 UTC 2026","","Utility Functions","Component Tests ColorPicker duplicate check is case-insensitive",""
"","15","Component Tests ColorPicker touchend stops dragging (touchmove after touchend is ignored)","","Wed May 06 12:53:49 UTC 2026","passed","Wed May 06 12:53:49 UTC 2026","","Utility Functions","Component Tests ColorPicker touchend stops dragging (touchmove after touchend is ignored)",""
"","2","Utility Functions hslToRgb hue=0 (red) → [255,0,0]","","Wed May 06 12:53:49 UTC 2026","passed","Wed May 06 12:53:49 UTC 2026","","Utility Functions","Utility Functions hslToRgb hue=0 (red) → [255,0,0]",""
"","41","Frontend Unit Tests App Component fetches and displays color chips with swatch and delete button","","Wed May 06 12:53:49 UTC 2026","passed","Wed May 06 12:53:49 UTC 2026","","Frontend Unit Tests","Frontend Unit Tests App Component fetches and displays color chips with swatch and delete button",""
"","21","Frontend Unit Tests App Component clicking Add color button opens picker modal","","Wed May 06 12:53:49 UTC 2026","passed","Wed May 06 12:53:49 UTC 2026","","Frontend Unit Tests","Frontend Unit Tests App Component clicking Add color button opens picker modal",""
"","8","Server Unit Tests GET /api/colors returns colors sorted alphabetically by name","","Wed May 06 12:55:19 UTC 2026","passed","Wed May 06 12:55:19 UTC 2026","","Server Unit Tests","Server Unit Tests GET /api/colors returns colors sorted alphabetically by name",""
"","6","Component Tests ColorPicker clicking inside the card does NOT call onCancel","","Wed May 06 12:53:49 UTC 2026","passed","Wed May 06 12:53:49 UTC 2026","","Utility Functions","Component Tests ColorPicker clicking inside the card does NOT call onCancel",""
"","0","Utility Functions hslToRgb lightness clamped: l=-0.5 gives black","","Wed May 06 12:53:49 UTC 2026","passed","Wed May 06 12:53:49 UTC 2026","","Utility Functions","Utility Functions hslToRgb lightness clamped: l=-0.5 gives black",""
"","15","Frontend Unit Tests App Component text color on light background is dark","","Wed May 06 12:53:49 UTC 2026","passed","Wed May 06 12:53:49 UTC 2026","","Frontend Unit Tests","Frontend Unit Tests App Component text color on light background is dark",""
"","241","should return 404 for non-existent color deletion","Chrome","Wed May 06 13:20:36 UTC 2026","passed","Wed May 06 13:20:37 UTC 2026","Backend API Integration > DELETE /api/colors/:name","","",""
"","37","Frontend Unit Tests App Component saving is false again after a failed add (finally block)","","Wed May 06 12:53:49 UTC 2026","passed","Wed May 06 12:53:49 UTC 2026","","Frontend Unit Tests","Frontend Unit Tests App Component saving is false again after a failed add (finally block)",""
"","2547","PUT /api/colors/{name}","","","passed","","","schemathesis","",""
"","5","Server Unit Tests GET /api/colors/:name is case-sensitive","","Wed May 06 12:55:19 UTC 2026","passed","Wed May 06 12:55:19 UTC 2026","","Server Unit Tests","Server Unit Tests GET /api/colors/:name is case-sensitive",""
"","3","Server Unit Tests Surviving Mutants & Edge Cases Swagger Metadata & OpenAPI has exact info metadata","","Wed May 06 12:55:19 UTC 2026","passed","Wed May 06 12:55:19 UTC 2026","","Server Unit Tests","Server Unit Tests Surviving Mutants & Edge Cases Swagger Metadata & OpenAPI has exact info metadata",""
"","","[HIGH] CVE-2026-27135","","","failed","","","test-automation-best-practices-app:latest (alpine 3.23.4)","nghttp2-libs-1.68.0-r0",""
"","754","Example #1","BDD","Wed May 06 12:59:56 UTC 2026","passed","Wed May 06 12:59:57 UTC 2026","Language Switching > Switch language and verify translated UI labels","","",""
"","19","Component Tests ConfirmDialog cancel button calls onCancel","","Wed May 06 12:53:49 UTC 2026","passed","Wed May 06 12:53:49 UTC 2026","","Component Tests","Component Tests ConfirmDialog cancel button calls onCancel",""
"","1","Frontend Unit Tests i18n Configuration should have defined resources for en, es, el","","Wed May 06 12:53:50 UTC 2026","passed","Wed May 06 12:53:50 UTC 2026","","Frontend Unit Tests","Frontend Unit Tests i18n Configuration should have defined resources for en, es, el",""
"","22","Frontend Unit Tests App Component labelFor returns translation for known color (Turquoise)","","Wed May 06 12:53:49 UTC 2026","passed","Wed May 06 12:53:49 UTC 2026","","Frontend Unit Tests","Frontend Unit Tests App Component labelFor returns translation for known color (Turquoise)",""
"","8","Server Unit Tests POST /api/colors accepts single alphanumeric characters as names","","Wed May 06 12:55:19 UTC 2026","passed","Wed May 06 12:55:19 UTC 2026","","Server Unit Tests","Server Unit Tests POST /api/colors accepts single alphanumeric characters as names",""
"","1040","Example #3","BDD","Wed May 06 12:59:56 UTC 2026","passed","Wed May 06 12:59:57 UTC 2026","Home Page Background Color > Change background color","","",""
"","72","Frontend Unit Tests App Component clicking a color chip makes it active","","Wed May 06 12:53:49 UTC 2026","passed","Wed May 06 12:53:49 UTC 2026","","Frontend Unit Tests","Frontend Unit Tests App Component clicking a color chip makes it active",""
"","193","SQL injection characters in name are rejected (400)","Chrome","Wed May 06 13:21:05 UTC 2026","passed","Wed May 06 13:21:05 UTC 2026","Security > Injection Prevention","","",""
"","0","Utility Functions hslToRgb lightness clamped: l=1.5 gives white","","Wed May 06 12:53:49 UTC 2026","passed","Wed May 06 12:53:49 UTC 2026","","Utility Functions","Utility Functions hslToRgb lightness clamped: l=1.5 gives white",""
"","4","Server Unit Tests Surviving Mutants & Edge Cases Swagger Metadata & OpenAPI has exact API info","","Wed May 06 12:55:19 UTC 2026","passed","Wed May 06 12:55:19 UTC 2026","","Server Unit Tests","Server Unit Tests Surviving Mutants & Edge Cases Swagger Metadata & OpenAPI has exact API info",""
"","137","POST with HTML tag in name is rejected (400)","Chrome","Wed May 06 13:21:02 UTC 2026","passed","Wed May 06 13:21:03 UTC 2026","Security > XSS Prevention","","",""
"","18","Component Tests ColorPicker mousemove without prior mousedown (not dragging) does not change color","","Wed May 06 12:53:49 UTC 2026","passed","Wed May 06 12:53:49 UTC 2026","","Utility Functions","Component Tests ColorPicker mousemove without prior mousedown (not dragging) does not change color",""
"","0","Utility Functions rgbToHex pads single-digit hex values with leading zero","","Wed May 06 12:53:49 UTC 2026","passed","Wed May 06 12:53:49 UTC 2026","","Utility Functions","Utility Functions rgbToHex pads single-digit hex values with leading zero",""
"","864","should update a color with valid schema","Chrome","Wed May 06 13:20:36 UTC 2026","passed","Wed May 06 13:20:36 UTC 2026","Backend API Integration > PUT /api/colors/:name Schema Validation","","",""
"","35","Server Integration Tests (Testcontainers) PUT /api/colors/:name should rename a color and make old name return 404","","Wed May 06 12:55:16 UTC 2026","passed","Wed May 06 12:55:16 UTC 2026","","Server Integration Tests (Testcontainers)","Server Integration Tests (Testcontainers) PUT /api/colors/:name should rename a color and make old name return 404",""
"","1","Frontend Unit Tests i18n Configuration should be initialized with correct settings","","Wed May 06 12:53:50 UTC 2026","passed","Wed May 06 12:53:50 UTC 2026","","Frontend Unit Tests","Frontend Unit Tests i18n Configuration should be initialized with correct settings",""
"","20","Frontend Unit Tests App Component link color is dark (#003366) on light background","","Wed May 06 12:53:49 UTC 2026","passed","Wed May 06 12:53:49 UTC 2026","","Frontend Unit Tests","Frontend Unit Tests App Component link color is dark (#003366) on light background",""
"","216","should return 404 when updating non-existent color","Chrome","Wed May 06 13:20:36 UTC 2026","passed","Wed May 06 13:20:36 UTC 2026","Backend API Integration > PUT /api/colors/:name Schema Validation","","",""
"","1","Utility Functions hexToRgb returns null for invalid input","","Wed May 06 12:53:49 UTC 2026","passed","Wed May 06 12:53:49 UTC 2026","","Utility Functions","Utility Functions hexToRgb returns null for invalid input",""
"","0","Utility Functions hslToRgb hue=180 (cyan) → [0,255,255]","","Wed May 06 12:53:49 UTC 2026","passed","Wed May 06 12:53:49 UTC 2026","","Utility Functions","Utility Functions hslToRgb hue=180 (cyan) → [0,255,255]",""
"","3","Server Unit Tests PUT /api/colors/:name returns 400 for invalid name in path (regex check)","","Wed May 06 12:55:19 UTC 2026","passed","Wed May 06 12:55:19 UTC 2026","","Server Unit Tests","Server Unit Tests PUT /api/colors/:name returns 400 for invalid name in path (regex check)",""
"","6","Server Unit Tests Surviving Mutants & Edge Cases Rate Limiting & Security kills mutants by verifying x-powered-by is removed","","Wed May 06 12:55:19 UTC 2026","passed","Wed May 06 12:55:19 UTC 2026","","Server Unit Tests","Server Unit Tests Surviving Mutants & Edge Cases Rate Limiting & Security kills mutants by verifying x-powered-by is removed",""
"","29","Frontend Unit Tests App Component handleColorClick shows error on non-2xx response","","Wed May 06 12:53:49 UTC 2026","passed","Wed May 06 12:53:49 UTC 2026","","Frontend Unit Tests","Frontend Unit Tests App Component handleColorClick shows error on non-2xx response",""
"","20","Component Tests ColorPicker touch start on canvas sets hex to #ff0000 at right edge","","Wed May 06 12:53:49 UTC 2026","passed","Wed May 06 12:53:49 UTC 2026","","Utility Functions","Component Tests ColorPicker touch start on canvas sets hex to #ff0000 at right edge",""
"","0","Utility Functions paintWheelPixel anti-aliases near-edge pixel: dist=r-0.5 gives alpha=127","","Wed May 06 12:53:49 UTC 2026","passed","Wed May 06 12:53:49 UTC 2026","","Utility Functions","Utility Functions paintWheelPixel anti-aliases near-edge pixel: dist=r-0.5 gives alpha=127",""
"","0","Utility Functions paintWheelPixel writes to the correct index offset in the array","","Wed May 06 12:53:49 UTC 2026","passed","Wed May 06 12:53:49 UTC 2026","","Utility Functions","Utility Functions paintWheelPixel writes to the correct index offset in the array",""
"","9","Component Tests ColorPicker typing an invalid hex shows ""Use format #RRGGBB"" error","","Wed May 06 12:53:49 UTC 2026","passed","Wed May 06 12:53:49 UTC 2026","","Utility Functions","Component Tests ColorPicker typing an invalid hex shows ""Use format #RRGGBB"" error",""
"","741","should return 409 for duplicate color creation","Chrome","Wed May 06 13:20:35 UTC 2026","passed","Wed May 06 13:20:35 UTC 2026","Backend API Integration > POST /api/colors Schema Validation","","",""
"","33","Frontend Unit Tests App Component handleColorClick encodes color name in URL","","Wed May 06 12:53:49 UTC 2026","passed","Wed May 06 12:53:49 UTC 2026","","Frontend Unit Tests","Frontend Unit Tests App Component handleColorClick encodes color name in URL",""
"","0","Utility Functions rgbToHsl mid-grey [128,128,128] → s=0","","Wed May 06 12:53:49 UTC 2026","passed","Wed May 06 12:53:49 UTC 2026","","Utility Functions","Utility Functions rgbToHsl mid-grey [128,128,128] → s=0",""
"","86","Frontend Unit Tests App Component handleColorClick does nothing when data is null","","Wed May 06 12:53:49 UTC 2026","passed","Wed May 06 12:53:49 UTC 2026","","Frontend Unit Tests","Frontend Unit Tests App Component handleColorClick does nothing when data is null",""
"","8","Component Tests ColorPicker clicking the backdrop calls onCancel","","Wed May 06 12:53:49 UTC 2026","passed","Wed May 06 12:53:49 UTC 2026","","Utility Functions","Component Tests ColorPicker clicking the backdrop calls onCancel",""
"","4","Server Unit Tests PUT /api/colors/:name returns 400 for invalid name with special characters","","Wed May 06 12:55:19 UTC 2026","passed","Wed May 06 12:55:19 UTC 2026","","Server Unit Tests","Server Unit Tests PUT /api/colors/:name returns 400 for invalid name with special characters",""
"","619","Show loading state when the API returns an empty colors list","BDD","Wed May 06 12:59:53 UTC 2026","passed","Wed May 06 12:59:54 UTC 2026","API Error Handling","","",""
"","0","Utility Functions paintWheelPixel anti-aliases the outermost ring: dist=r gives alpha=0","","Wed May 06 12:53:49 UTC 2026","passed","Wed May 06 12:53:49 UTC 2026","","Utility Functions","Utility Functions paintWheelPixel anti-aliases the outermost ring: dist=r gives alpha=0",""
"","1885","should load the application and verify core functionality across browsers","Firefox","Wed May 06 13:00:00 UTC 2026","passed","Wed May 06 13:00:02 UTC 2026","Cross-Browser Core Functionality","","",""
"","5","Component Tests ConfirmDialog title is rendered in the element with id confirm-title","","Wed May 06 12:53:49 UTC 2026","passed","Wed May 06 12:53:49 UTC 2026","","Component Tests","Component Tests ConfirmDialog title is rendered in the element with id confirm-title",""
"","338","oversized payload is rejected (413)","Chrome","Wed May 06 13:21:05 UTC 2026","passed","Wed May 06 13:21:06 UTC 2026","Security > Input Validation","","",""
"","5","Server Unit Tests GET /api/colors/:name returns 400 for invalid name in path (regex check)","","Wed May 06 12:55:19 UTC 2026","passed","Wed May 06 12:55:19 UTC 2026","","Server Unit Tests","Server Unit Tests GET /api/colors/:name returns 400 for invalid name in path (regex check)",""
"","7","Server Unit Tests Middleware JSON error middleware passes non-syntax errors to next()","","Wed May 06 12:55:19 UTC 2026","passed","Wed May 06 12:55:19 UTC 2026","","Server Unit Tests","Server Unit Tests Middleware JSON error middleware passes non-syntax errors to next()",""
"","2386","should maintain accessibility in el language and verify resilient locators","Chrome","Wed May 06 13:20:31 UTC 2026","passed","Wed May 06 13:20:33 UTC 2026","i18n Accessibility Tests","","",""
"","24","Frontend Unit Tests App Component clicking chip-x opens confirm dialog with color name and swatch","","Wed May 06 12:53:49 UTC 2026","passed","Wed May 06 12:53:49 UTC 2026","","Frontend Unit Tests","Frontend Unit Tests App Component clicking chip-x opens confirm dialog with color name and swatch",""
"","5","Server Unit Tests DELETE /api/colors/:name cannot delete the same color twice","","Wed May 06 12:55:19 UTC 2026","passed","Wed May 06 12:55:19 UTC 2026","","Server Unit Tests","Server Unit Tests DELETE /api/colors/:name cannot delete the same color twice",""
"","1381","homepage should match snapshot","Chrome","Wed May 06 13:02:03 UTC 2026","passed","Wed May 06 13:02:04 UTC 2026","Visual Regression – desktop-xl (1920×1080)","","",""
"","18","Frontend Unit Tests App Component colors.length > 0 does NOT show loading text","","Wed May 06 12:53:49 UTC 2026","passed","Wed May 06 12:53:49 UTC 2026","","Frontend Unit Tests","Frontend Unit Tests App Component colors.length > 0 does NOT show loading text",""
"","5","Component Tests ConfirmDialog dialog has correct ARIA attributes","","Wed May 06 12:53:49 UTC 2026","passed","Wed May 06 12:53:49 UTC 2026","","Component Tests","Component Tests ConfirmDialog dialog has correct ARIA attributes",""
"","0","Utility Functions hslToRgb hue=270 (violet) → [128,0,255]","","Wed May 06 12:53:49 UTC 2026","passed","Wed May 06 12:53:49 UTC 2026","","Utility Functions","Utility Functions hslToRgb hue=270 (violet) → [128,0,255]",""
"","8","Component Tests ColorPicker typing blue hex updates internal state (b is max branch)","","Wed May 06 12:53:49 UTC 2026","passed","Wed May 06 12:53:49 UTC 2026","","Utility Functions","Component Tests ColorPicker typing blue hex updates internal state (b is max branch)",""
"","6","Server Unit Tests 405 Method Not Allowed returns 405 for POST, PUT, DELETE on /openapi.json","","Wed May 06 12:55:19 UTC 2026","passed","Wed May 06 12:55:19 UTC 2026","","Server Unit Tests","Server Unit Tests 405 Method Not Allowed returns 405 for POST, PUT, DELETE on /openapi.json",""
"","6","Server Unit Tests DELETE /api/colors/:name returns 404 for a non-existent color","","Wed May 06 12:55:19 UTC 2026","passed","Wed May 06 12:55:19 UTC 2026","","Server Unit Tests","Server Unit Tests DELETE /api/colors/:name returns 404 for a non-existent color",""
"","6","Server Unit Tests 405 Method Not Allowed does not return 405 for allowed POST method on /api/colors","","Wed May 06 12:55:19 UTC 2026","passed","Wed May 06 12:55:19 UTC 2026","","Server Unit Tests","Server Unit Tests 405 Method Not Allowed does not return 405 for allowed POST method on /api/colors",""
"","1512","color names rendered in the UI do not trigger script execution","Chrome","Wed May 06 13:21:03 UTC 2026","passed","Wed May 06 13:21:04 UTC 2026","Security > XSS Prevention","","",""
"","33","Frontend Unit Tests App Component add color 501 also triggers server error message (>= 500)","","Wed May 06 12:53:49 UTC 2026","passed","Wed May 06 12:53:49 UTC 2026","","Frontend Unit Tests","Frontend Unit Tests App Component add color 501 also triggers server error message (>= 500)",""
"","1161","shows client-side ""Name is required"" when submitting empty name","Chrome","Wed May 06 13:20:41 UTC 2026","passed","Wed May 06 13:20:43 UTC 2026","Color Management — Add & Delete","","",""
"","8","Frontend Unit Tests App Component shows error alert when initial fetch returns non-2xx","","Wed May 06 12:53:49 UTC 2026","passed","Wed May 06 12:53:49 UTC 2026","","Frontend Unit Tests","Frontend Unit Tests App Component shows error alert when initial fetch returns non-2xx",""
"","9","Server Unit Tests DELETE /api/colors/:name deletes an existing color and returns success message","","Wed May 06 12:55:19 UTC 2026","passed","Wed May 06 12:55:19 UTC 2026","","Server Unit Tests","Server Unit Tests DELETE /api/colors/:name deletes an existing color and returns success message",""
"","36","Server Integration Tests (Testcontainers) GET /api/colors should retrieve all seeded colors","","Wed May 06 12:55:16 UTC 2026","passed","Wed May 06 12:55:16 UTC 2026","","Server Integration Tests (Testcontainers)","Server Integration Tests (Testcontainers) GET /api/colors should retrieve all seeded colors",""
"","12","Server Integration Tests (Testcontainers) GET /api/colors should not expose _id or __v fields","","Wed May 06 12:55:16 UTC 2026","passed","Wed May 06 12:55:16 UTC 2026","","Server Integration Tests (Testcontainers)","Server Integration Tests (Testcontainers) GET /api/colors should not expose _id or __v fields",""
"","9","Server Integration Tests (Testcontainers) POST /api/colors should return 409 when creating a duplicate color name","","Wed May 06 12:55:16 UTC 2026","passed","Wed May 06 12:55:16 UTC 2026","","Server Integration Tests (Testcontainers)","Server Integration Tests (Testcontainers) POST /api/colors should return 409 when creating a duplicate color name",""
"","1459","clicking a chip makes it active","Chrome","Wed May 06 13:20:38 UTC 2026","passed","Wed May 06 13:20:39 UTC 2026","Color Management — Add & Delete","","",""
"","25","Frontend Unit Tests App Component add color 409 conflict shows picker error (data.error message)","","Wed May 06 12:53:49 UTC 2026","passed","Wed May 06 12:53:49 UTC 2026","","Frontend Unit Tests","Frontend Unit Tests App Component add color 409 conflict shows picker error (data.error message)",""
"","9","Server Unit Tests GET /api/colors/:name returns a single color by name with correct fields","","Wed May 06 12:55:19 UTC 2026","passed","Wed May 06 12:55:19 UTC 2026","","Server Unit Tests","Server Unit Tests GET /api/colors/:name returns a single color by name with correct fields",""
"","1444","verify Turquoise ( #1abc9c ) is applied as the background color","Chrome","Wed May 06 13:20:49 UTC 2026","passed","Wed May 06 13:20:50 UTC 2026","Background color tests","","",""
"","15","Server Unit Tests Surviving Mutants & Edge Cases Regex & Validation STRICT_NAME_REGEX kills mutants on start/end/middle characters","","Wed May 06 12:55:19 UTC 2026","passed","Wed May 06 12:55:19 UTC 2026","","Server Unit Tests","Server Unit Tests Surviving Mutants & Edge Cases Regex & Validation STRICT_NAME_REGEX kills mutants on start/end/middle characters",""
"","4","Frontend Unit Tests App Component language selector change calls i18n and updates html lang","","Wed May 06 12:53:49 UTC 2026","passed","Wed May 06 12:53:49 UTC 2026","","Frontend Unit Tests","Frontend Unit Tests App Component language selector change calls i18n and updates html lang",""
"","10","Server Integration Tests (Testcontainers) GET /api/colors/:name should return correct data for Yellow","","Wed May 06 12:55:16 UTC 2026","passed","Wed May 06 12:55:16 UTC 2026","","Server Integration Tests (Testcontainers)","Server Integration Tests (Testcontainers) GET /api/colors/:name should return correct data for Yellow",""
"","9","Component Tests ColorPicker wheel cursor is at (110,110) at center (sat=0)","","Wed May 06 12:53:49 UTC 2026","passed","Wed May 06 12:53:49 UTC 2026","","Utility Functions","Component Tests ColorPicker wheel cursor is at (110,110) at center (sat=0)",""
"","8","Component Tests ColorPicker Cancel button is disabled when saving=true","","Wed May 06 12:53:49 UTC 2026","passed","Wed May 06 12:53:49 UTC 2026","","Utility Functions","Component Tests ColorPicker Cancel button is disabled when saving=true",""
"","120","PUT /openapi.json returns 405","Chrome","Wed May 06 13:21:07 UTC 2026","passed","Wed May 06 13:21:07 UTC 2026","Security > HTTP Method Restrictions","","",""
"","1","Utility Functions hslToRgb lightness=1 gives white","","Wed May 06 12:53:49 UTC 2026","passed","Wed May 06 12:53:49 UTC 2026","","Utility Functions","Utility Functions hslToRgb lightness=1 gives white",""
"","120","PATCH /api/colors returns 405","Chrome","Wed May 06 13:21:06 UTC 2026","passed","Wed May 06 13:21:06 UTC 2026","Security > HTTP Method Restrictions","","",""
"","5","Server Unit Tests Error Handling GET /api/colors returns 500 when database fails","","Wed May 06 12:55:19 UTC 2026","passed","Wed May 06 12:55:19 UTC 2026","","Server Unit Tests","Server Unit Tests Error Handling GET /api/colors returns 500 when database fails",""
"","4","Server Unit Tests OpenAPI endpoints serves Swagger UI as HTML","","Wed May 06 12:55:19 UTC 2026","passed","Wed May 06 12:55:19 UTC 2026","","Server Unit Tests","Server Unit Tests OpenAPI endpoints serves Swagger UI as HTML",""
"","1","Utility Functions rgbToHsl pure blue → h=240, s=1, l=0.5","","Wed May 06 12:53:49 UTC 2026","passed","Wed May 06 12:53:49 UTC 2026","","Utility Functions","Utility Functions rgbToHsl pure blue → h=240, s=1, l=0.5",""
"","0","homepage initial state","Chrome","Wed May 06 13:02:07 UTC 2026","skipped","Wed May 06 13:02:07 UTC 2026","Percy Visual Regression – Production > Percy – tablet (768×1024)","","",""
"","227","X-Powered-By header is not exposed","Chrome","Wed May 06 13:21:06 UTC 2026","passed","Wed May 06 13:21:06 UTC 2026","Security > Security Headers","","",""
"","9","Server Integration Tests (Testcontainers) Concurrent writes should handle parallel GETs without errors","","Wed May 06 12:55:16 UTC 2026","passed","Wed May 06 12:55:16 UTC 2026","","Server Integration Tests (Testcontainers)","Server Integration Tests (Testcontainers) Concurrent writes should handle parallel GETs without errors",""
"","26","Frontend Unit Tests App Component active chip has is-active CSS class","","Wed May 06 12:53:49 UTC 2026","passed","Wed May 06 12:53:49 UTC 2026","","Frontend Unit Tests","Frontend Unit Tests App Component active chip has is-active CSS class",""
"","1044","Example #1","BDD","Wed May 06 12:59:55 UTC 2026","passed","Wed May 06 12:59:56 UTC 2026","Home Page Background Color > Change background color","","",""
"","1","Utility Functions rgbToHex value 16 does not pad","","Wed May 06 12:53:49 UTC 2026","passed","Wed May 06 12:53:49 UTC 2026","","Utility Functions","Utility Functions rgbToHex value 16 does not pad",""
"","2717","should maintain accessibility in en language and verify resilient locators","Chrome","Wed May 06 13:20:25 UTC 2026","passed","Wed May 06 13:20:28 UTC 2026","i18n Accessibility Tests","","",""
"","0","Utility Functions rgbToHsl black [0,0,0] → h=0, s=0, l=0","","Wed May 06 12:53:49 UTC 2026","passed","Wed May 06 12:53:49 UTC 2026","","Utility Functions","Utility Functions rgbToHsl black [0,0,0] → h=0, s=0, l=0",""
"","55","Component Tests ColorPicker editing name does NOT call onClearError when no serverError","","Wed May 06 12:53:49 UTC 2026","passed","Wed May 06 12:53:49 UTC 2026","","Utility Functions","Component Tests ColorPicker editing name does NOT call onClearError when no serverError",""
"","974","first color chip is active on load (aria-pressed=true)","Chrome","Wed May 06 13:20:37 UTC 2026","passed","Wed May 06 13:20:38 UTC 2026","Color Management — Add & Delete","","",""
"","0","Utility Functions hslToRgb hue just below 60 is in sector 0, not sector 1","","Wed May 06 12:53:49 UTC 2026","passed","Wed May 06 12:53:49 UTC 2026","","Utility Functions","Utility Functions hslToRgb hue just below 60 is in sector 0, not sector 1",""
"","6","Server Integration Tests (Testcontainers) POST /api/colors should return 400 when extra fields are provided","","Wed May 06 12:55:16 UTC 2026","passed","Wed May 06 12:55:16 UTC 2026","","Server Integration Tests (Testcontainers)","Server Integration Tests (Testcontainers) POST /api/colors should return 400 when extra fields are provided",""
"","47","Frontend Unit Tests App Component picker onCancel does nothing when saving=true","","Wed May 06 12:53:49 UTC 2026","passed","Wed May 06 12:53:49 UTC 2026","","Frontend Unit Tests","Frontend Unit Tests App Component picker onCancel does nothing when saving=true",""
"","23","Component Tests ColorPicker lightness slider min value (0) gives black","","Wed May 06 12:53:49 UTC 2026","passed","Wed May 06 12:53:49 UTC 2026","","Utility Functions","Component Tests ColorPicker lightness slider min value (0) gives black",""
"","1148","GET /api/colors/{name}","","","passed","","","schemathesis","",""
"","1156","delete API error shows alert banner","Chrome","Wed May 06 13:20:47 UTC 2026","passed","Wed May 06 13:20:49 UTC 2026","Color Management — Add & Delete","","",""
"","4","Server Unit Tests 405 Method Not Allowed does not return 405 for allowed DELETE method on /api/colors/:name","","Wed May 06 12:55:19 UTC 2026","passed","Wed May 06 12:55:19 UTC 2026","","Server Unit Tests","Server Unit Tests 405 Method Not Allowed does not return 405 for allowed DELETE method on /api/colors/:name",""
"","37","Server Integration Tests (Testcontainers) DELETE /api/colors/:name should delete a color and confirm removal from the real database","","Wed May 06 12:55:16 UTC 2026","passed","Wed May 06 12:55:16 UTC 2026","","Server Integration Tests (Testcontainers)","Server Integration Tests (Testcontainers) DELETE /api/colors/:name should delete a color and confirm removal from the real database",""
"","1","Frontend Unit Tests i18n Configuration should handle language change correctly","","Wed May 06 12:53:50 UTC 2026","passed","Wed May 06 12:53:50 UTC 2026","","Frontend Unit Tests","Frontend Unit Tests i18n Configuration should handle language change correctly",""
"","24","Frontend Unit Tests App Component confirm dialog Escape key closes it","","Wed May 06 12:53:49 UTC 2026","passed","Wed May 06 12:53:49 UTC 2026","","Frontend Unit Tests","Frontend Unit Tests App Component confirm dialog Escape key closes it",""
"","7","Server Integration Tests (Testcontainers) GET /api/colors/:name should return 404 for a non-existent color","","Wed May 06 12:55:16 UTC 2026","passed","Wed May 06 12:55:16 UTC 2026","","Server Integration Tests (Testcontainers)","Server Integration Tests (Testcontainers) GET /api/colors/:name should return 404 for a non-existent color",""
"","29","Frontend Unit Tests App Component existingNames passed to ColorPicker matches current color list","","Wed May 06 12:53:49 UTC 2026","passed","Wed May 06 12:53:49 UTC 2026","","Frontend Unit Tests","Frontend Unit Tests App Component existingNames passed to ColorPicker matches current color list",""
"","905","homepage should match snapshot","Chrome","Wed May 06 13:02:05 UTC 2026","passed","Wed May 06 13:02:05 UTC 2026","Visual Regression – iphone-se (375×667)","","",""
"","3","Server Unit Tests PUT /api/colors/:name returns 400 for invalid hex on update","","Wed May 06 12:55:19 UTC 2026","passed","Wed May 06 12:55:19 UTC 2026","","Server Unit Tests","Server Unit Tests PUT /api/colors/:name returns 400 for invalid hex on update",""
"","9","Server Unit Tests GET /api/colors returns an empty array when no colors exist","","Wed May 06 12:55:19 UTC 2026","passed","Wed May 06 12:55:19 UTC 2026","","Server Unit Tests","Server Unit Tests GET /api/colors returns an empty array when no colors exist",""
"","276","Server Unit Tests Surviving Mutants & Edge Cases Infrastructure uses default MONGO_URI when process.env.MONGO_URI is missing","","Wed May 06 12:55:19 UTC 2026","passed","Wed May 06 12:55:19 UTC 2026","","Server Unit Tests","Server Unit Tests Surviving Mutants & Edge Cases Infrastructure uses default MONGO_URI when process.env.MONGO_URI is missing",""
"","1","Utility Functions hexToRgb parses hex without the leading #","","Wed May 06 12:53:49 UTC 2026","passed","Wed May 06 12:53:49 UTC 2026","","Utility Functions","Utility Functions hexToRgb parses hex without the leading #",""
"","6","Server Unit Tests Surviving Mutants & Edge Cases Rate Limiting & Security kills mutants by verifying x-ratelimit headers","","Wed May 06 12:55:19 UTC 2026","passed","Wed May 06 12:55:19 UTC 2026","","Server Unit Tests","Server Unit Tests Surviving Mutants & Edge Cases Rate Limiting & Security kills mutants by verifying x-ratelimit headers",""
"","0","Utility Functions hslToRgb saturation=0 gives pure grey [128,128,128]","","Wed May 06 12:53:49 UTC 2026","passed","Wed May 06 12:53:49 UTC 2026","","Utility Functions","Utility Functions hslToRgb saturation=0 gives pure grey [128,128,128]",""
"","3","Server Unit Tests PUT /api/colors/:name returns 400 for extra unknown fields (strict schema)","","Wed May 06 12:55:19 UTC 2026","passed","Wed May 06 12:55:19 UTC 2026","","Server Unit Tests","Server Unit Tests PUT /api/colors/:name returns 400 for extra unknown fields (strict schema)",""
"","1991","deleting the active color switches background to the first remaining","Chrome","Wed May 06 13:20:46 UTC 2026","passed","Wed May 06 13:20:48 UTC 2026","Color Management — Add & Delete","","",""
"","1","Utility Functions paintWheelPixel paints red at right edge (dx=r, dy=0, hue=0)","","Wed May 06 12:53:49 UTC 2026","passed","Wed May 06 12:53:49 UTC 2026","","Utility Functions","Utility Functions paintWheelPixel paints red at right edge (dx=r, dy=0, hue=0)",""
"","1","Utility Functions rgbToHex converts pure green","","Wed May 06 12:53:49 UTC 2026","passed","Wed May 06 12:53:49 UTC 2026","","Utility Functions","Utility Functions rgbToHex converts pure green",""
"","3","Server Unit Tests POST /api/colors rejects names with the + character (+ encodes as space in URLs, causing lookup mismatches)","","Wed May 06 12:55:19 UTC 2026","passed","Wed May 06 12:55:19 UTC 2026","","Server Unit Tests","Server Unit Tests POST /api/colors rejects names with the + character (+ encodes as space in URLs, causing lookup mismatches)",""
"","0","Utility Functions rgbToHex converts pure blue","","Wed May 06 12:53:49 UTC 2026","passed","Wed May 06 12:53:49 UTC 2026","","Utility Functions","Utility Functions rgbToHex converts pure blue",""
"","28","Server Unit Tests Surviving Mutants & Edge Cases Strict Path & Method Validation kills allowedMethods mutants by exhaustive testing","","Wed May 06 12:55:19 UTC 2026","passed","Wed May 06 12:55:19 UTC 2026","","Server Unit Tests","Server Unit Tests Surviving Mutants & Edge Cases Strict Path & Method Validation kills allowedMethods mutants by exhaustive testing",""
"","0","homepage initial state","Chrome","Wed May 06 13:02:07 UTC 2026","skipped","Wed May 06 13:02:07 UTC 2026","Percy Visual Regression – Production > Percy – desktop (1280×720)","","",""
"","6","Server Unit Tests 405 Method Not Allowed does not return 405 for allowed PUT method on /api/colors/:name","","Wed May 06 12:55:19 UTC 2026","passed","Wed May 06 12:55:19 UTC 2026","","Server Unit Tests","Server Unit Tests 405 Method Not Allowed does not return 405 for allowed PUT method on /api/colors/:name",""
"","8","Server Unit Tests Surviving Mutants & Edge Cases PUT logic kills name/hex conditional mutants by providing only one field","","Wed May 06 12:55:19 UTC 2026","passed","Wed May 06 12:55:19 UTC 2026","","Server Unit Tests","Server Unit Tests Surviving Mutants & Edge Cases PUT logic kills name/hex conditional mutants by providing only one field",""
"","4","Frontend Unit Tests App Component current color span tracks hex value","","Wed May 06 12:53:49 UTC 2026","passed","Wed May 06 12:53:49 UTC 2026","","Frontend Unit Tests","Frontend Unit Tests App Component current color span tracks hex value",""
"","125","Component Tests ColorPicker renders the modal with title, hex preview, name and hex inputs","","Wed May 06 12:53:49 UTC 2026","passed","Wed May 06 12:53:49 UTC 2026","","Utility Functions","Component Tests ColorPicker renders the modal with title, hex preview, name and hex inputs",""
"","5","Component Tests ColorPicker falls back to window resize listener when ResizeObserver is not available","","Wed May 06 12:53:49 UTC 2026","passed","Wed May 06 12:53:49 UTC 2026","","Utility Functions","Component Tests ColorPicker falls back to window resize listener when ResizeObserver is not available",""
"","239","GET /api/colors should return colors sorted alphabetically by name","Chrome","Wed May 06 13:20:34 UTC 2026","passed","Wed May 06 13:20:34 UTC 2026","Backend API Integration","","",""
"","1110","handle color selection fetch error","Chrome","Wed May 06 13:20:52 UTC 2026","passed","Wed May 06 13:20:54 UTC 2026","Edge cases and error handling","","",""
"","1","homepage initial state","Chrome","Wed May 06 13:02:07 UTC 2026","skipped","Wed May 06 13:02:07 UTC 2026","Percy Visual Regression – Production > Percy – desktop-xl (1920×1080)","","",""
"","7","Server Unit Tests GET /api/colors returns JSON content type","","Wed May 06 12:55:19 UTC 2026","passed","Wed May 06 12:55:19 UTC 2026","","Server Unit Tests","Server Unit Tests GET /api/colors returns JSON content type",""
"","0","Utility Functions hslToRgb hue=90 (chartreuse) → [128,255,0]","","Wed May 06 12:53:49 UTC 2026","passed","Wed May 06 12:53:49 UTC 2026","","Utility Functions","Utility Functions hslToRgb hue=90 (chartreuse) → [128,255,0]",""
"","1052","handle initial fetch error","Chrome","Wed May 06 13:20:51 UTC 2026","passed","Wed May 06 13:20:52 UTC 2026","Edge cases and error handling","","",""
"","21","Component Tests ConfirmDialog both buttons are disabled when busy=true","","Wed May 06 12:53:49 UTC 2026","passed","Wed May 06 12:53:49 UTC 2026","","Component Tests","Component Tests ConfirmDialog both buttons are disabled when busy=true",""
"","1","Utility Functions hslToRgb hue=240 (blue) → [0,0,255]","","Wed May 06 12:53:49 UTC 2026","passed","Wed May 06 12:53:49 UTC 2026","","Utility Functions","Utility Functions hslToRgb hue=240 (blue) → [0,0,255]",""
"","38","Frontend Unit Tests App Component deleting the active color switches background to the first remaining","","Wed May 06 12:53:49 UTC 2026","passed","Wed May 06 12:53:49 UTC 2026","","Frontend Unit Tests","Frontend Unit Tests App Component deleting the active color switches background to the first remaining",""
"","10","Component Tests ColorPicker Add color button shows ""Saving…"" when saving=true","","Wed May 06 12:53:49 UTC 2026","passed","Wed May 06 12:53:49 UTC 2026","","Utility Functions","Component Tests ColorPicker Add color button shows ""Saving…"" when saving=true",""
"","9","Server Unit Tests Surviving Mutants & Edge Cases Allowed Methods kills mutants in allowedMethods object","","Wed May 06 12:55:19 UTC 2026","passed","Wed May 06 12:55:19 UTC 2026","","Server Unit Tests","Server Unit Tests Surviving Mutants & Edge Cases Allowed Methods kills mutants in allowedMethods object",""
"","8","Server Integration Tests (Testcontainers) POST /api/colors should accept a color name containing spaces","","Wed May 06 12:55:16 UTC 2026","passed","Wed May 06 12:55:16 UTC 2026","","Server Integration Tests (Testcontainers)","Server Integration Tests (Testcontainers) POST /api/colors should accept a color name containing spaces",""
"","0","Utility Functions hslToRgb low lightness l=0.25 → [128,0,0]","","Wed May 06 12:53:49 UTC 2026","passed","Wed May 06 12:53:49 UTC 2026","","Utility Functions","Utility Functions hslToRgb low lightness l=0.25 → [128,0,0]",""
"","566","Background stays unchanged when fetching a specific color fails","BDD","Wed May 06 12:59:55 UTC 2026","passed","Wed May 06 12:59:55 UTC 2026","API Error Handling","","",""
"","0","Utility Functions rgbToHex value 15 pads to 0f","","Wed May 06 12:53:49 UTC 2026","passed","Wed May 06 12:53:49 UTC 2026","","Utility Functions","Utility Functions rgbToHex value 15 pads to 0f",""
"","6","Server Unit Tests Middleware includes CORS headers","","Wed May 06 12:55:19 UTC 2026","passed","Wed May 06 12:55:19 UTC 2026","","Server Unit Tests","Server Unit Tests Middleware includes CORS headers",""
"","5","Server Unit Tests POST /api/colors applies the createColorLimiter rate limit headers","","Wed May 06 12:55:19 UTC 2026","passed","Wed May 06 12:55:19 UTC 2026","","Server Unit Tests","Server Unit Tests POST /api/colors applies the createColorLimiter rate limit headers",""
"","1550","should create dynamic random color via API and verify through UI","Chrome","Wed May 06 13:21:01 UTC 2026","passed","Wed May 06 13:21:03 UTC 2026","Random Data Testing with faker.js","","",""
"","65","Frontend Unit Tests App Component handles empty array from initial fetch gracefully","","Wed May 06 12:53:49 UTC 2026","passed","Wed May 06 12:53:49 UTC 2026","","Frontend Unit Tests","Frontend Unit Tests App Component handles empty array from initial fetch gracefully",""
"","0","Utility Functions rgbToHsl g max with b>r (#00ff80) → h near 150","","Wed May 06 12:53:49 UTC 2026","passed","Wed May 06 12:53:49 UTC 2026","","Utility Functions","Utility Functions rgbToHsl g max with b>r (#00ff80) → h near 150",""
"","33","Frontend Unit Tests App Component first loaded color is active (aria-pressed=true)","","Wed May 06 12:53:49 UTC 2026","passed","Wed May 06 12:53:49 UTC 2026","","Frontend Unit Tests","Frontend Unit Tests App Component first loaded color is active (aria-pressed=true)",""
"","8","Component Tests ConfirmDialog swatch div has the correct background color","","Wed May 06 12:53:49 UTC 2026","passed","Wed May 06 12:53:49 UTC 2026","","Component Tests","Component Tests ConfirmDialog swatch div has the correct background color",""
"","1496","successful delete removes the chip","Chrome","Wed May 06 13:20:46 UTC 2026","passed","Wed May 06 13:20:47 UTC 2026","Color Management — Add & Delete","","",""
"","31","Frontend Unit Tests App Component add color 500 shows server error message","","Wed May 06 12:53:49 UTC 2026","passed","Wed May 06 12:53:49 UTC 2026","","Frontend Unit Tests","Frontend Unit Tests App Component add color 500 shows server error message",""
"","140","should reject missing hex","Chrome","Wed May 06 13:20:35 UTC 2026","passed","Wed May 06 13:20:36 UTC 2026","Backend API Integration > POST /api/colors Schema Validation","","",""
"","1","Utility Functions rgbToHex converts arbitrary color","","Wed May 06 12:53:49 UTC 2026","passed","Wed May 06 12:53:49 UTC 2026","","Utility Functions","Utility Functions rgbToHex converts arbitrary color",""
"","34","Frontend Unit Tests App Component deleting a non-active color keeps the current background","","Wed May 06 12:53:49 UTC 2026","passed","Wed May 06 12:53:49 UTC 2026","","Frontend Unit Tests","Frontend Unit Tests App Component deleting a non-active color keeps the current background",""
"","3","Server Unit Tests Surviving Mutants & Edge Cases PUT logic kills hex regex mutant in PUT","","Wed May 06 12:55:19 UTC 2026","passed","Wed May 06 12:55:19 UTC 2026","","Server Unit Tests","Server Unit Tests Surviving Mutants & Edge Cases PUT logic kills hex regex mutant in PUT",""
"","0","Utility Functions paintWheelPixel wraps negative angle: dy<0 gives angle+360 (hue=270 → violet)","","Wed May 06 12:53:49 UTC 2026","passed","Wed May 06 12:53:49 UTC 2026","","Utility Functions","Utility Functions paintWheelPixel wraps negative angle: dy<0 gives angle+360 (hue=270 → violet)",""
"","29","Frontend Unit Tests App Component add color 409 fallback message when data.error is absent","","Wed May 06 12:53:49 UTC 2026","passed","Wed May 06 12:53:49 UTC 2026","","Frontend Unit Tests","Frontend Unit Tests App Component add color 409 fallback message when data.error is absent",""
"","6633","should maintain accessibility after state change (color update)","Chrome","Wed May 06 13:20:18 UTC 2026","passed","Wed May 06 13:20:25 UTC 2026","Accessibility Tests","","",""
"","3","Component Tests ConfirmDialog Enter key calls onConfirm when not busy","","Wed May 06 12:53:49 UTC 2026","passed","Wed May 06 12:53:49 UTC 2026","","Component Tests","Component Tests ConfirmDialog Enter key calls onConfirm when not busy",""
"","42","Frontend Unit Tests App Component successful delete removes the color chip","","Wed May 06 12:53:49 UTC 2026","passed","Wed May 06 12:53:49 UTC 2026","","Frontend Unit Tests","Frontend Unit Tests App Component successful delete removes the color chip",""
"","45","Frontend Unit Tests App Component header color attribute changes after clicking a chip","","Wed May 06 12:53:49 UTC 2026","passed","Wed May 06 12:53:49 UTC 2026","","Frontend Unit Tests","Frontend Unit Tests App Component header color attribute changes after clicking a chip",""
"","2078","should create color via API and verify through UI","Chrome","Wed May 06 13:20:57 UTC 2026","passed","Wed May 06 13:20:59 UTC 2026","Hybrid E2E Testing","","",""
"","5","Server Unit Tests POST /api/colors accepts names with alphanumeric characters and spaces","","Wed May 06 12:55:19 UTC 2026","passed","Wed May 06 12:55:19 UTC 2026","","Server Unit Tests","Server Unit Tests POST /api/colors accepts names with alphanumeric characters and spaces",""
"","11","Component Tests ColorPicker Enter key on name input triggers submit","","Wed May 06 12:53:49 UTC 2026","passed","Wed May 06 12:53:49 UTC 2026","","Utility Functions","Component Tests ColorPicker Enter key on name input triggers submit",""
"","5","Server Integration Tests (Testcontainers) Method Not Allowed should return 405 for PATCH /api/colors/:name","","Wed May 06 12:55:16 UTC 2026","passed","Wed May 06 12:55:16 UTC 2026","","Server Integration Tests (Testcontainers)","Server Integration Tests (Testcontainers) Method Not Allowed should return 405 for PATCH /api/colors/:name",""
"","10","Server Integration Tests (Testcontainers) GET /api/colors should return an empty array after all colors are deleted","","Wed May 06 12:55:16 UTC 2026","passed","Wed May 06 12:55:16 UTC 2026","","Server Integration Tests (Testcontainers)","Server Integration Tests (Testcontainers) GET /api/colors should return an empty array after all colors are deleted",""
"","31","Component Tests ColorPicker cancel button calls onCancel","","Wed May 06 12:53:49 UTC 2026","passed","Wed May 06 12:53:49 UTC 2026","","Utility Functions","Component Tests ColorPicker cancel button calls onCancel",""
"","19","Server Unit Tests POST /api/colors creates a new color and returns 201 with correct body","","Wed May 06 12:55:19 UTC 2026","passed","Wed May 06 12:55:19 UTC 2026","","Server Unit Tests","Server Unit Tests POST /api/colors creates a new color and returns 201 with correct body",""
"","3","Server Unit Tests Surviving Mutants & Edge Cases Logs seedDatabase logs success message","","Wed May 06 12:55:19 UTC 2026","passed","Wed May 06 12:55:19 UTC 2026","","Server Unit Tests","Server Unit Tests Surviving Mutants & Edge Cases Logs seedDatabase logs success message",""
"","8","Server Unit Tests Surviving Mutants & Edge Cases Regex & Validation STRICT_NAME_REGEX is strict on forbidden special characters in the middle","","Wed May 06 12:55:19 UTC 2026","passed","Wed May 06 12:55:19 UTC 2026","","Server Unit Tests","Server Unit Tests Surviving Mutants & Edge Cases Regex & Validation STRICT_NAME_REGEX is strict on forbidden special characters in the middle",""
"","1220","shows client-side validation error for invalid name chars","Chrome","Wed May 06 13:20:42 UTC 2026","passed","Wed May 06 13:20:43 UTC 2026","Color Management — Add & Delete","","",""
"","0","Utility Functions readableOn returns #111 for an invalid/empty hex string (null rgb fallback)","","Wed May 06 12:53:49 UTC 2026","passed","Wed May 06 12:53:49 UTC 2026","","Utility Functions","Utility Functions readableOn returns #111 for an invalid/empty hex string (null rgb fallback)",""
"","5","Server Integration Tests (Testcontainers) PUT /api/colors/:name should return 400 for invalid hex format on update","","Wed May 06 12:55:16 UTC 2026","passed","Wed May 06 12:55:16 UTC 2026","","Server Integration Tests (Testcontainers)","Server Integration Tests (Testcontainers) PUT /api/colors/:name should return 400 for invalid hex format on update",""
"","38","Frontend Unit Tests App Component delete API error shows error alert without closing dialog","","Wed May 06 12:53:49 UTC 2026","passed","Wed May 06 12:53:49 UTC 2026","","Frontend Unit Tests","Frontend Unit Tests App Component delete API error shows error alert without closing dialog",""
"","11","Server Unit Tests Surviving Mutants & Edge Cases Strict Path & Method Validation kills mutants that change route paths to empty string","","Wed May 06 12:55:19 UTC 2026","passed","Wed May 06 12:55:19 UTC 2026","","Server Unit Tests","Server Unit Tests Surviving Mutants & Edge Cases Strict Path & Method Validation kills mutants that change route paths to empty string",""
"","1","Utility Functions rgbToHsl light red (#ff8080): l>0.5, s computed via (2-max-min) branch","","Wed May 06 12:53:49 UTC 2026","passed","Wed May 06 12:53:49 UTC 2026","","Utility Functions","Utility Functions rgbToHsl light red (#ff8080): l>0.5, s computed via (2-max-min) branch",""
"","128","POST /api-docs returns 405","Chrome","Wed May 06 13:21:07 UTC 2026","passed","Wed May 06 13:21:07 UTC 2026","Security > HTTP Method Restrictions","","",""
"","7","Server Integration Tests (Testcontainers) seedDatabase should always restore the three default seed colors","","Wed May 06 12:55:16 UTC 2026","passed","Wed May 06 12:55:16 UTC 2026","","Server Integration Tests (Testcontainers)","Server Integration Tests (Testcontainers) seedDatabase should always restore the three default seed colors",""
"","132","should reject omitting both name and hex on update","Chrome","Wed May 06 13:20:36 UTC 2026","passed","Wed May 06 13:20:36 UTC 2026","Backend API Integration > PUT /api/colors/:name Schema Validation","","",""
"","3","Server Unit Tests Surviving Mutants & Edge Cases OpenAPI Content-Type has application/json content-type","","Wed May 06 12:55:19 UTC 2026","passed","Wed May 06 12:55:19 UTC 2026","","Server Unit Tests","Server Unit Tests Surviving Mutants & Edge Cases OpenAPI Content-Type has application/json content-type",""
"","5","Server Integration Tests (Testcontainers) DELETE /api/colors/:name should return 400 for invalid name format","","Wed May 06 12:55:16 UTC 2026","passed","Wed May 06 12:55:16 UTC 2026","","Server Integration Tests (Testcontainers)","Server Integration Tests (Testcontainers) DELETE /api/colors/:name should return 400 for invalid name format",""
"","494","Color button remains functional after switching language","BDD","Wed May 06 12:59:57 UTC 2026","passed","Wed May 06 12:59:58 UTC 2026","Language Switching","","",""
"","11","Server Unit Tests Surviving Mutants & Edge Cases Regex & Validation STRICT_NAME_REGEX kills mutants on optionality and length","","Wed May 06 12:55:19 UTC 2026","passed","Wed May 06 12:55:19 UTC 2026","","Server Unit Tests","Server Unit Tests Surviving Mutants & Edge Cases Regex & Validation STRICT_NAME_REGEX kills mutants on optionality and length",""
"","24","Frontend Unit Tests App Component shows add-color button even when colors are empty","","Wed May 06 12:53:49 UTC 2026","passed","Wed May 06 12:53:49 UTC 2026","","Frontend Unit Tests","Frontend Unit Tests App Component shows add-color button even when colors are empty",""
"","959","chip-x click opens confirm dialog with color name","Chrome","Wed May 06 13:20:44 UTC 2026","passed","Wed May 06 13:20:45 UTC 2026","Color Management — Add & Delete","","",""
"","28","Frontend Unit Tests App Component initial background is first color hex","","Wed May 06 12:53:49 UTC 2026","passed","Wed May 06 12:53:49 UTC 2026","","Frontend Unit Tests","Frontend Unit Tests App Component initial background is first color hex",""
"","16","Component Tests ColorPicker submit with invalid chars shows validation error","","Wed May 06 12:53:49 UTC 2026","passed","Wed May 06 12:53:49 UTC 2026","","Utility Functions","Component Tests ColorPicker submit with invalid chars shows validation error",""
"","1338","should display all core elements and handle button interaction","Chrome","Wed May 06 13:02:06 UTC 2026","passed","Wed May 06 13:02:07 UTC 2026","Responsive Design – tablet (768×1024)","","",""
"","36","Frontend Unit Tests App Component delete network error shows error alert","","Wed May 06 12:53:49 UTC 2026","passed","Wed May 06 12:53:49 UTC 2026","","Frontend Unit Tests","Frontend Unit Tests App Component delete network error shows error alert",""
"","5","Server Unit Tests GET /api/colors/:name returns Turquoise color correctly","","Wed May 06 12:55:19 UTC 2026","passed","Wed May 06 12:55:19 UTC 2026","","Server Unit Tests","Server Unit Tests GET /api/colors/:name returns Turquoise color correctly",""
"","22","Component Tests ColorPicker lightness slider max value (100) gives white","","Wed May 06 12:53:49 UTC 2026","passed","Wed May 06 12:53:49 UTC 2026","","Utility Functions","Component Tests ColorPicker lightness slider max value (100) gives white",""
"","1639","successfully adds a new color and shows its chip","Chrome","Wed May 06 13:20:41 UTC 2026","passed","Wed May 06 13:20:42 UTC 2026","Color Management — Add & Delete","","",""
"","10","Component Tests ColorPicker typing red with g<b hex updates internal state","","Wed May 06 12:53:49 UTC 2026","passed","Wed May 06 12:53:49 UTC 2026","","Utility Functions","Component Tests ColorPicker typing red with g<b hex updates internal state",""
"","21","Component Tests ColorPicker mousemove after mouseup does NOT update color (dragging stopped)","","Wed May 06 12:53:49 UTC 2026","passed","Wed May 06 12:53:49 UTC 2026","","Utility Functions","Component Tests ColorPicker mousemove after mouseup does NOT update color (dragging stopped)",""
"","1","Utility Functions hslToRgb hue=300 (magenta) → [255,0,255]","","Wed May 06 12:53:49 UTC 2026","passed","Wed May 06 12:53:49 UTC 2026","","Utility Functions","Utility Functions hslToRgb hue=300 (magenta) → [255,0,255]",""
"","0","homepage after color change","Chrome","Wed May 06 13:02:07 UTC 2026","skipped","Wed May 06 13:02:07 UTC 2026","Percy Visual Regression – Production > Percy – desktop-xl (1920×1080)","","",""
"","0","Utility Functions hslToRgb hue=30 (orange) → [255,128,0]","","Wed May 06 12:53:49 UTC 2026","passed","Wed May 06 12:53:49 UTC 2026","","Utility Functions","Utility Functions hslToRgb hue=30 (orange) → [255,128,0]",""
"","7","Server Integration Tests (Testcontainers) DELETE /api/colors/:name should return 404 on a second delete of the same color","","Wed May 06 12:55:16 UTC 2026","passed","Wed May 06 12:55:16 UTC 2026","","Server Integration Tests (Testcontainers)","Server Integration Tests (Testcontainers) DELETE /api/colors/:name should return 404 on a second delete of the same color",""
"","4","Server Unit Tests Error Handling PUT /api/colors/:name returns 409 when database throws duplicate key error (code 11000) on save","","Wed May 06 12:55:19 UTC 2026","passed","Wed May 06 12:55:19 UTC 2026","","Server Unit Tests","Server Unit Tests Error Handling PUT /api/colors/:name returns 409 when database throws duplicate key error (code 11000) on save",""
"","9","Server Unit Tests PUT /api/colors/:name updates the hex of an existing color","","Wed May 06 12:55:19 UTC 2026","passed","Wed May 06 12:55:19 UTC 2026","","Server Unit Tests","Server Unit Tests PUT /api/colors/:name updates the hex of an existing color",""
"","6","Server Unit Tests Middleware returns 413 for payload too large","","Wed May 06 12:55:19 UTC 2026","passed","Wed May 06 12:55:19 UTC 2026","","Server Unit Tests","Server Unit Tests Middleware returns 413 for payload too large",""
"","761","should delete an existing color","Chrome","Wed May 06 13:20:36 UTC 2026","passed","Wed May 06 13:20:37 UTC 2026","Backend API Integration > DELETE /api/colors/:name","","",""
"","1551","verify Yellow ( #f1c40f ) is applied as the background color","Chrome","Wed May 06 13:21:01 UTC 2026","passed","Wed May 06 13:21:02 UTC 2026","POM Refactored: Background color tests","","",""
"","0","Utility Functions paintWheelPixel sets alpha to 0 when dist > r (outside circle)","","Wed May 06 12:53:49 UTC 2026","passed","Wed May 06 12:53:49 UTC 2026","","Utility Functions","Utility Functions paintWheelPixel sets alpha to 0 when dist > r (outside circle)",""
"","1328","shows 409 duplicate error from server inside the picker","Chrome","Wed May 06 13:20:43 UTC 2026","passed","Wed May 06 13:20:44 UTC 2026","Color Management — Add & Delete","","",""
"","9","Server Unit Tests PUT /api/colors/:name updates the name of an existing color and preserves hex","","Wed May 06 12:55:19 UTC 2026","passed","Wed May 06 12:55:19 UTC 2026","","Server Unit Tests","Server Unit Tests PUT /api/colors/:name updates the name of an existing color and preserves hex",""
"","233","GET /api/colors/Yellow should return the correct hex code","Chrome","Wed May 06 13:20:34 UTC 2026","passed","Wed May 06 13:20:34 UTC 2026","Backend API Integration","","",""
"","342","GET /api/colors/Turquoise should return the correct hex code","Chrome","Wed May 06 13:20:33 UTC 2026","passed","Wed May 06 13:20:34 UTC 2026","Backend API Integration","","",""
"","2","Server Unit Tests Surviving Mutants & Edge Cases Mongoose Schema Strictness kills empty schema mutant by checking schema paths","","Wed May 06 12:55:19 UTC 2026","passed","Wed May 06 12:55:19 UTC 2026","","Server Unit Tests","Server Unit Tests Surviving Mutants & Edge Cases Mongoose Schema Strictness kills empty schema mutant by checking schema paths",""
"","3940","should load the application and verify core functionality across browsers","WebKit","Wed May 06 13:00:02 UTC 2026","passed","Wed May 06 13:00:06 UTC 2026","Cross-Browser Core Functionality","","",""
"","786","verify language switcher changes document language","Chrome","Wed May 06 13:20:51 UTC 2026","passed","Wed May 06 13:20:51 UTC 2026","","","",""
"","1","Utility Functions rgbToHsl white [255,255,255] → h=0, s=0, l=1","","Wed May 06 12:53:49 UTC 2026","passed","Wed May 06 12:53:49 UTC 2026","","Utility Functions","Utility Functions rgbToHsl white [255,255,255] → h=0, s=0, l=1",""
"","9","Server Unit Tests GET /api/colors does not expose _id or __v fields","","Wed May 06 12:55:19 UTC 2026","passed","Wed May 06 12:55:19 UTC 2026","","Server Unit Tests","Server Unit Tests GET /api/colors does not expose _id or __v fields",""
"","1181","cancel in confirm dialog closes it without deleting","Chrome","Wed May 06 13:20:45 UTC 2026","passed","Wed May 06 13:20:46 UTC 2026","Color Management — Add & Delete","","",""
"","8","Server Unit Tests seedDatabase clears existing colors and re-seeds with 3 defaults","","Wed May 06 12:55:19 UTC 2026","passed","Wed May 06 12:55:19 UTC 2026","","Server Unit Tests","Server Unit Tests seedDatabase clears existing colors and re-seeds with 3 defaults",""
"","25","Component Tests ColorPicker mousemove while dragging updates hex (dragging.current=true kills mutation)","","Wed May 06 12:53:49 UTC 2026","passed","Wed May 06 12:53:49 UTC 2026","","Utility Functions","Component Tests ColorPicker mousemove while dragging updates hex (dragging.current=true kills mutation)",""
"","17","Component Tests ColorPicker submit with empty name shows ""Name is required"" error","","Wed May 06 12:53:49 UTC 2026","passed","Wed May 06 12:53:49 UTC 2026","","Utility Functions","Component Tests ColorPicker submit with empty name shows ""Name is required"" error",""
"","5","Server Integration Tests (Testcontainers) PUT /api/colors/:name should return 404 when updating a non-existent color","","Wed May 06 12:55:16 UTC 2026","passed","Wed May 06 12:55:16 UTC 2026","","Server Integration Tests (Testcontainers)","Server Integration Tests (Testcontainers) PUT /api/colors/:name should return 404 when updating a non-existent color",""
"","4","Server Unit Tests POST /api/colors returns 400 for name with special characters","","Wed May 06 12:55:19 UTC 2026","passed","Wed May 06 12:55:19 UTC 2026","","Server Unit Tests","Server Unit Tests POST /api/colors returns 400 for name with special characters",""
"","0","Utility Functions rgbToHsl r max with g<b (#ff0040) → h near 345","","Wed May 06 12:53:49 UTC 2026","passed","Wed May 06 12:53:49 UTC 2026","","Utility Functions","Utility Functions rgbToHsl r max with g<b (#ff0040) → h near 345",""
"","0","Utility Functions rgbToHsl pure red → h=0, s=1, l=0.5","","Wed May 06 12:53:49 UTC 2026","passed","Wed May 06 12:53:49 UTC 2026","","Utility Functions","Utility Functions rgbToHsl pure red → h=0, s=1, l=0.5",""
"","0","Utility Functions hslToRgb hue=360 wraps to hue=0 → [255,0,0]","","Wed May 06 12:53:49 UTC 2026","passed","Wed May 06 12:53:49 UTC 2026","","Utility Functions","Utility Functions hslToRgb hue=360 wraps to hue=0 → [255,0,0]",""
"","1","Frontend Unit Tests i18n Configuration should have translation keys in resources","","Wed May 06 12:53:50 UTC 2026","passed","Wed May 06 12:53:50 UTC 2026","","Frontend Unit Tests","Frontend Unit Tests i18n Configuration should have translation keys in resources",""
"","4","Server Unit Tests POST /api/colors returns 400 for name with whitespace","","Wed May 06 12:55:19 UTC 2026","passed","Wed May 06 12:55:19 UTC 2026","","Server Unit Tests","Server Unit Tests POST /api/colors returns 400 for name with whitespace",""
"","22","Frontend Unit Tests App Component picker cancel button closes the modal","","Wed May 06 12:53:49 UTC 2026","passed","Wed May 06 12:53:49 UTC 2026","","Frontend Unit Tests","Frontend Unit Tests App Component picker cancel button closes the modal",""
"","4","Server Unit Tests 405 Method Not Allowed returns 405 for PATCH on /api/colors/:name","","Wed May 06 12:55:19 UTC 2026","passed","Wed May 06 12:55:19 UTC 2026","","Server Unit Tests","Server Unit Tests 405 Method Not Allowed returns 405 for PATCH on /api/colors/:name",""
"","3","Server Unit Tests 405 Method Not Allowed returns 405 for PATCH on /api/colors","","Wed May 06 12:55:19 UTC 2026","passed","Wed May 06 12:55:19 UTC 2026","","Server Unit Tests","Server Unit Tests 405 Method Not Allowed returns 405 for PATCH on /api/colors",""
"","4","Server Unit Tests Error Handling DELETE /api/colors/:name returns 500 when database fails","","Wed May 06 12:55:19 UTC 2026","passed","Wed May 06 12:55:19 UTC 2026","","Server Unit Tests","Server Unit Tests Error Handling DELETE /api/colors/:name returns 500 when database fails",""
"","17","Frontend Unit Tests App Component link color is light (#cfe8ff) on dark background","","Wed May 06 12:53:49 UTC 2026","passed","Wed May 06 12:53:49 UTC 2026","","Frontend Unit Tests","Frontend Unit Tests App Component link color is light (#cfe8ff) on dark background",""
"","4","Server Unit Tests 405 Method Not Allowed sets the Allow header on /api/colors with correct methods","","Wed May 06 12:55:19 UTC 2026","passed","Wed May 06 12:55:19 UTC 2026","","Server Unit Tests","Server Unit Tests 405 Method Not Allowed sets the Allow header on /api/colors with correct methods",""
"","0","Utility Functions readableOn returns #111 for a pale/pastel colour (high luminance)","","Wed May 06 12:53:49 UTC 2026","passed","Wed May 06 12:53:49 UTC 2026","","Utility Functions","Utility Functions readableOn returns #111 for a pale/pastel colour (high luminance)",""
"","1355","verify Yellow ( #f1c40f ) is applied as the background color","Chrome","Wed May 06 13:20:50 UTC 2026","passed","Wed May 06 13:20:51 UTC 2026","Background color tests","","",""
"","35","Frontend Unit Tests App Component confirm dialog cancel button closes it","","Wed May 06 12:53:49 UTC 2026","passed","Wed May 06 12:53:49 UTC 2026","","Frontend Unit Tests","Frontend Unit Tests App Component confirm dialog cancel button closes it",""
"","3","Server Unit Tests 405 Method Not Allowed sets the Allow header on /api/colors/:name with correct methods","","Wed May 06 12:55:19 UTC 2026","passed","Wed May 06 12:55:19 UTC 2026","","Server Unit Tests","Server Unit Tests 405 Method Not Allowed sets the Allow header on /api/colors/:name with correct methods",""
"","1285","changing color to Turquoise should reflect in UI and DOM","Chrome","Wed May 06 13:20:54 UTC 2026","passed","Wed May 06 13:20:55 UTC 2026","Data-Driven Testing","","",""
"","0","Utility Functions hslToRgb negative hue wraps: hue=-120 = hue=240","","Wed May 06 12:53:49 UTC 2026","passed","Wed May 06 12:53:49 UTC 2026","","Utility Functions","Utility Functions hslToRgb negative hue wraps: hue=-120 = hue=240",""
"","261","Server Unit Tests Surviving Mutants & Edge Cases Port Fallback reflects process.env.PORT in Swagger servers","","Wed May 06 12:55:19 UTC 2026","passed","Wed May 06 12:55:19 UTC 2026","","Server Unit Tests","Server Unit Tests Surviving Mutants & Edge Cases Port Fallback reflects process.env.PORT in Swagger servers",""
"","5","Component Tests ConfirmDialog backdrop click calls onCancel when not busy","","Wed May 06 12:53:49 UTC 2026","passed","Wed May 06 12:53:49 UTC 2026","","Component Tests","Component Tests ConfirmDialog backdrop click calls onCancel when not busy",""
"","0","Utility Functions hslToRgb hue=210 (azure) → [0,128,255]","","Wed May 06 12:53:49 UTC 2026","passed","Wed May 06 12:53:49 UTC 2026","","Utility Functions","Utility Functions hslToRgb hue=210 (azure) → [0,128,255]",""
"","0","Utility Functions hslToRgb hue=150 (spring green) → [0,255,128]","","Wed May 06 12:53:49 UTC 2026","passed","Wed May 06 12:53:49 UTC 2026","","Utility Functions","Utility Functions hslToRgb hue=150 (spring green) → [0,255,128]",""
"","0","Utility Functions readableOn returns #fff for a very dark blue","","Wed May 06 12:53:49 UTC 2026","passed","Wed May 06 12:53:49 UTC 2026","","Utility Functions","Utility Functions readableOn returns #fff for a very dark blue",""
"","4","Server Unit Tests Surviving Mutants & Edge Cases Swagger Metadata & OpenAPI has exact server metadata","","Wed May 06 12:55:19 UTC 2026","passed","Wed May 06 12:55:19 UTC 2026","","Server Unit Tests","Server Unit Tests Surviving Mutants & Edge Cases Swagger Metadata & OpenAPI has exact server metadata",""
"","4","Frontend Unit Tests App Component initial default background before fetch resolves","","Wed May 06 12:53:49 UTC 2026","passed","Wed May 06 12:53:49 UTC 2026","","Frontend Unit Tests","Frontend Unit Tests App Component initial default background before fetch resolves",""
"","5","Server Integration Tests (Testcontainers) POST /api/colors should return 400 for invalid hex format (missing #)","","Wed May 06 12:55:16 UTC 2026","passed","Wed May 06 12:55:16 UTC 2026","","Server Integration Tests (Testcontainers)","Server Integration Tests (Testcontainers) POST /api/colors should return 400 for invalid hex format (missing #)",""
"","1065","changing color to Red should reflect in UI and DOM","Chrome","Wed May 06 13:20:55 UTC 2026","passed","Wed May 06 13:20:56 UTC 2026","Data-Driven Testing","","",""
"","132","unknown extra fields in POST body are rejected (400)","Chrome","Wed May 06 13:21:05 UTC 2026","passed","Wed May 06 13:21:05 UTC 2026","Security > Input Validation","","",""
"","1","Utility Functions readableOn returns #111 for white (very light, L=1)","","Wed May 06 12:53:49 UTC 2026","passed","Wed May 06 12:53:49 UTC 2026","","Utility Functions","Utility Functions readableOn returns #111 for white (very light, L=1)",""
"","22","Component Tests ColorPicker mousedown at left-center (hue=180) sets hex to #00ffff","","Wed May 06 12:53:49 UTC 2026","passed","Wed May 06 12:53:49 UTC 2026","","Utility Functions","Component Tests ColorPicker mousedown at left-center (hue=180) sets hex to #00ffff",""
"","128","NoSQL $where operator in name is rejected (400)","Chrome","Wed May 06 13:21:05 UTC 2026","passed","Wed May 06 13:21:05 UTC 2026","Security > Injection Prevention","","",""
"","5","Frontend Unit Tests App Component colors.length === 0 shows loading text","","Wed May 06 12:53:49 UTC 2026","passed","Wed May 06 12:53:49 UTC 2026","","Frontend Unit Tests","Frontend Unit Tests App Component colors.length === 0 shows loading text",""
"","8","Component Tests ConfirmDialog clicking the card itself does NOT call onCancel","","Wed May 06 12:53:49 UTC 2026","passed","Wed May 06 12:53:49 UTC 2026","","Component Tests","Component Tests ConfirmDialog clicking the card itself does NOT call onCancel",""
"","12","Server Integration Tests (Testcontainers) PUT /api/colors/:name should update the hex of an existing color and persist it in the real database","","Wed May 06 12:55:16 UTC 2026","passed","Wed May 06 12:55:16 UTC 2026","","Server Integration Tests (Testcontainers)","Server Integration Tests (Testcontainers) PUT /api/colors/:name should update the hex of an existing color and persist it in the real database",""
"","3","Server Unit Tests POST /api/colors returns 400 for name with only spaces","","Wed May 06 12:55:19 UTC 2026","passed","Wed May 06 12:55:19 UTC 2026","","Server Unit Tests","Server Unit Tests POST /api/colors returns 400 for name with only spaces",""
