"DESCRIPTION","DURATION IN MS","NAME","PARENT SUITE","START TIME","STATUS","STOP TIME","SUB SUITE","SUITE","TEST CLASS","TEST METHOD"
"","5","Server Unit Tests POST /api/colors returns 409 for a duplicate color name with descriptive error","","Mon Apr 27 19:10:28 UTC 2026","passed","Mon Apr 27 19:10:28 UTC 2026","","Server Unit Tests","Server Unit Tests POST /api/colors returns 409 for a duplicate color name with descriptive error",""
"","1418","color names rendered in the UI do not trigger script execution","Chrome","Mon Apr 27 19:27:11 UTC 2026","passed","Mon Apr 27 19:27:12 UTC 2026","Security > XSS Prevention","tests/security.spec.ts","",""
"","17","Frontend Unit Tests App Component labelFor falls back to color name for unknown/custom color","","Mon Apr 27 19:09:42 UTC 2026","passed","Mon Apr 27 19:09:42 UTC 2026","","Frontend Unit Tests","Frontend Unit Tests App Component labelFor falls back to color name for unknown/custom color",""
"","6","PATCH /api/colors/:name returns 405","Chrome","Mon Apr 27 19:27:13 UTC 2026","passed","Mon Apr 27 19:27:13 UTC 2026","Security > HTTP Method Restrictions","tests/security.spec.ts","",""
"","0","Utility Functions hslToRgb hue=300 (magenta) → [255,0,255]","","Mon Apr 27 19:09:42 UTC 2026","passed","Mon Apr 27 19:09:42 UTC 2026","","Utility Functions","Utility Functions hslToRgb hue=300 (magenta) → [255,0,255]",""
"","14","Server Integration Tests (Testcontainers) GET /api/colors should return an empty array after all colors are deleted","","Mon Apr 27 19:10:31 UTC 2026","passed","Mon Apr 27 19:10:31 UTC 2026","","Server Integration Tests (Testcontainers)","Server Integration Tests (Testcontainers) GET /api/colors should return an empty array after all colors are deleted",""
"","0","homepage after color change","Chrome","Mon Apr 27 19:26:36 UTC 2026","skipped","Mon Apr 27 19:26:36 UTC 2026","Percy Visual Regression – Production > Percy – tablet (768×1024)","","",""
"","4","Server Unit Tests Surviving Mutants & Edge Cases Swagger Metadata & OpenAPI has exact API info","","Mon Apr 27 19:10:28 UTC 2026","passed","Mon Apr 27 19:10:28 UTC 2026","","Server Unit Tests","Server Unit Tests Surviving Mutants & Edge Cases Swagger Metadata & OpenAPI has exact API info",""
"","589","Example #3","BDD","Mon Apr 27 19:24:41 UTC 2026","passed","Mon Apr 27 19:24:42 UTC 2026","Language Switching > Switch language and verify translated UI labels","","",""
"","8","empty body on POST returns 400","Chrome","Mon Apr 27 19:27:12 UTC 2026","passed","Mon Apr 27 19:27:13 UTC 2026","Security > Input Validation","tests/security.spec.ts","",""
"","694","shows a chip for each color with a swatch, name, and delete button","Chrome","Mon Apr 27 19:27:34 UTC 2026","passed","Mon Apr 27 19:27:35 UTC 2026","Color Management — Add & Delete","tests/color-management.spec.ts","",""
"","57","Frontend Unit Tests App Component header color attribute changes after clicking a chip","","Mon Apr 27 19:09:42 UTC 2026","passed","Mon Apr 27 19:09:42 UTC 2026","","Frontend Unit Tests","Frontend Unit Tests App Component header color attribute changes after clicking a chip",""
"","626","Escape key closes the confirm dialog","Chrome","Mon Apr 27 19:27:43 UTC 2026","passed","Mon Apr 27 19:27:44 UTC 2026","Color Management — Add & Delete","tests/color-management.spec.ts","",""
"","0","homepage after color change","Chrome","Mon Apr 27 19:26:36 UTC 2026","skipped","Mon Apr 27 19:26:36 UTC 2026","Percy Visual Regression – Production > Percy – desktop (1280×720)","","",""
"","631","handle color response missing hex property","Chrome","Mon Apr 27 19:18:53 UTC 2026","passed","Mon Apr 27 19:18:54 UTC 2026","Edge cases and error handling","tests/coverage.spec.ts","",""
"","6","Server Unit Tests POST /api/colors accepts names with alphanumeric characters and spaces","","Mon Apr 27 19:10:28 UTC 2026","passed","Mon Apr 27 19:10:28 UTC 2026","","Server Unit Tests","Server Unit Tests POST /api/colors accepts names with alphanumeric characters and spaces",""
"","31","Server Unit Tests Surviving Mutants & Edge Cases Strict Path & Method Validation kills allowedMethods mutants by exhaustive testing","","Mon Apr 27 19:10:28 UTC 2026","passed","Mon Apr 27 19:10:28 UTC 2026","","Server Unit Tests","Server Unit Tests Surviving Mutants & Edge Cases Strict Path & Method Validation kills allowedMethods mutants by exhaustive testing",""
"","4","Server Unit Tests Surviving Mutants & Edge Cases Mongoose Schema & Persistence kills empty schema mutant by verifying field persistence","","Mon Apr 27 19:10:28 UTC 2026","passed","Mon Apr 27 19:10:28 UTC 2026","","Server Unit Tests","Server Unit Tests Surviving Mutants & Edge Cases Mongoose Schema & Persistence kills empty schema mutant by verifying field persistence",""
"","4","Server Unit Tests POST /api/colors returns 400 for invalid hex format (too short)","","Mon Apr 27 19:10:28 UTC 2026","passed","Mon Apr 27 19:10:28 UTC 2026","","Server Unit Tests","Server Unit Tests POST /api/colors returns 400 for invalid hex format (too short)",""
"","1","Utility Functions rgbToHsl pure green → h=120, s=1, l=0.5","","Mon Apr 27 19:09:42 UTC 2026","passed","Mon Apr 27 19:09:42 UTC 2026","","Utility Functions","Utility Functions rgbToHsl pure green → h=120, s=1, l=0.5",""
"","8","Server Integration Tests (Testcontainers) POST /api/colors should accept a color name containing spaces","","Mon Apr 27 19:10:31 UTC 2026","passed","Mon Apr 27 19:10:31 UTC 2026","","Server Integration Tests (Testcontainers)","Server Integration Tests (Testcontainers) POST /api/colors should accept a color name containing spaces",""
"","5","Server Unit Tests POST /api/colors accepts names with the + character","","Mon Apr 27 19:10:28 UTC 2026","passed","Mon Apr 27 19:10:28 UTC 2026","","Server Unit Tests","Server Unit Tests POST /api/colors accepts names with the + character",""
"","643","changing color to Turquoise should reflect in UI and DOM","Chrome","Mon Apr 27 19:18:54 UTC 2026","passed","Mon Apr 27 19:18:54 UTC 2026","Data-Driven Testing","tests/data-driven.spec.ts","",""
"","13","POST with javascript: URI in name is rejected (400)","Chrome","Mon Apr 27 19:27:11 UTC 2026","passed","Mon Apr 27 19:27:11 UTC 2026","Security > XSS Prevention","tests/security.spec.ts","",""
"","4","Component Tests ConfirmDialog title is rendered in the element with id confirm-title","","Mon Apr 27 19:09:42 UTC 2026","passed","Mon Apr 27 19:09:42 UTC 2026","","Component Tests","Component Tests ConfirmDialog title is rendered in the element with id confirm-title",""
"","32","Frontend Unit Tests App Component confirm dialog Escape key closes it","","Mon Apr 27 19:09:42 UTC 2026","passed","Mon Apr 27 19:09:42 UTC 2026","","Frontend Unit Tests","Frontend Unit Tests App Component confirm dialog Escape key closes it",""
"","27","Frontend Unit Tests App Component picker × button closes the modal","","Mon Apr 27 19:09:42 UTC 2026","passed","Mon Apr 27 19:09:42 UTC 2026","","Frontend Unit Tests","Frontend Unit Tests App Component picker × button closes the modal",""
"","1718","successfully adds a new color and shows its chip","Chrome","Mon Apr 27 19:27:39 UTC 2026","passed","Mon Apr 27 19:27:41 UTC 2026","Color Management — Add & Delete","tests/color-management.spec.ts","",""
"","1","Utility Functions hslToRgb low lightness l=0.25 → [128,0,0]","","Mon Apr 27 19:09:42 UTC 2026","passed","Mon Apr 27 19:09:42 UTC 2026","","Utility Functions","Utility Functions hslToRgb low lightness l=0.25 → [128,0,0]",""
"","23","Component Tests ColorPicker mousedown outside circle clamps sat to 1","","Mon Apr 27 19:09:42 UTC 2026","passed","Mon Apr 27 19:09:42 UTC 2026","","Utility Functions","Component Tests ColorPicker mousedown outside circle clamps sat to 1",""
"","62","Frontend Unit Tests App Component delete sends DELETE request with correct method","","Mon Apr 27 19:09:42 UTC 2026","passed","Mon Apr 27 19:09:42 UTC 2026","","Frontend Unit Tests","Frontend Unit Tests App Component delete sends DELETE request with correct method",""
"","0","Utility Functions readableOn returns #111 for turquoise (L≈0.39, black gives better contrast)","","Mon Apr 27 19:09:42 UTC 2026","passed","Mon Apr 27 19:09:42 UTC 2026","","Utility Functions","Utility Functions readableOn returns #111 for turquoise (L≈0.39, black gives better contrast)",""
"","32","Frontend Unit Tests App Component add color sends POST with correct method, headers, and body","","Mon Apr 27 19:09:42 UTC 2026","passed","Mon Apr 27 19:09:42 UTC 2026","","Frontend Unit Tests","Frontend Unit Tests App Component add color sends POST with correct method, headers, and body",""
"","0","homepage after color change","Chrome","Mon Apr 27 19:26:36 UTC 2026","skipped","Mon Apr 27 19:26:36 UTC 2026","Percy Visual Regression – Production > Percy – desktop-xl (1920×1080)","","",""
"","47","Frontend Unit Tests App Component deleting a non-active color keeps the current background","","Mon Apr 27 19:09:42 UTC 2026","passed","Mon Apr 27 19:09:42 UTC 2026","","Frontend Unit Tests","Frontend Unit Tests App Component deleting a non-active color keeps the current background",""
"","117","Frontend Unit Tests App Component handleColorClick does nothing when data has no hex","","Mon Apr 27 19:09:42 UTC 2026","passed","Mon Apr 27 19:09:42 UTC 2026","","Frontend Unit Tests","Frontend Unit Tests App Component handleColorClick does nothing when data has no hex",""
"","11","Server Integration Tests (Testcontainers) GET /api/colors/:name should return correct data for Yellow","","Mon Apr 27 19:10:31 UTC 2026","passed","Mon Apr 27 19:10:31 UTC 2026","","Server Integration Tests (Testcontainers)","Server Integration Tests (Testcontainers) GET /api/colors/:name should return correct data for Yellow",""
"","48","Frontend Unit Tests App Component delete API error shows error alert without closing dialog","","Mon Apr 27 19:09:42 UTC 2026","passed","Mon Apr 27 19:09:42 UTC 2026","","Frontend Unit Tests","Frontend Unit Tests App Component delete API error shows error alert without closing dialog",""
"","1069","shows client-side validation error for invalid name chars","Chrome","Mon Apr 27 19:27:41 UTC 2026","passed","Mon Apr 27 19:27:42 UTC 2026","Color Management — Add & Delete","tests/color-management.spec.ts","",""
"","12","Server Integration Tests (Testcontainers) PUT /api/colors/:name should update the hex of an existing color and persist it in the real database","","Mon Apr 27 19:10:31 UTC 2026","passed","Mon Apr 27 19:10:31 UTC 2026","","Server Integration Tests (Testcontainers)","Server Integration Tests (Testcontainers) PUT /api/colors/:name should update the hex of an existing color and persist it in the real database",""
"","1008","homepage should match snapshot","Chrome","Mon Apr 27 19:26:32 UTC 2026","passed","Mon Apr 27 19:26:33 UTC 2026","Visual Regression – desktop (1280×720)","","",""
"","1","Utility Functions rgbToHsl pure red → h=0, s=1, l=0.5","","Mon Apr 27 19:09:42 UTC 2026","passed","Mon Apr 27 19:09:42 UTC 2026","","Utility Functions","Utility Functions rgbToHsl pure red → h=0, s=1, l=0.5",""
"","7","Frontend Unit Tests App Component initial default background before fetch resolves","","Mon Apr 27 19:09:42 UTC 2026","passed","Mon Apr 27 19:09:42 UTC 2026","","Frontend Unit Tests","Frontend Unit Tests App Component initial default background before fetch resolves",""
"","7","PATCH /api/colors returns 405","Chrome","Mon Apr 27 19:27:13 UTC 2026","passed","Mon Apr 27 19:27:13 UTC 2026","Security > HTTP Method Restrictions","tests/security.spec.ts","",""
"","41","Frontend Unit Tests App Component add color network error shows network error message","","Mon Apr 27 19:09:42 UTC 2026","passed","Mon Apr 27 19:09:42 UTC 2026","","Frontend Unit Tests","Frontend Unit Tests App Component add color network error shows network error message",""
"","21","Component Tests ColorPicker touchend stops dragging (touchmove after touchend is ignored)","","Mon Apr 27 19:09:42 UTC 2026","passed","Mon Apr 27 19:09:42 UTC 2026","","Utility Functions","Component Tests ColorPicker touchend stops dragging (touchmove after touchend is ignored)",""
"","58","POST with HTML tag in name is rejected (400)","Chrome","Mon Apr 27 19:27:10 UTC 2026","passed","Mon Apr 27 19:27:11 UTC 2026","Security > XSS Prevention","tests/security.spec.ts","",""
"","3","Frontend Unit Tests i18n Configuration should translate keys correctly","","Mon Apr 27 19:09:44 UTC 2026","passed","Mon Apr 27 19:09:44 UTC 2026","","Frontend Unit Tests","Frontend Unit Tests i18n Configuration should translate keys correctly",""
"","4","Server Unit Tests Middleware does not include X-Powered-By header","","Mon Apr 27 19:10:28 UTC 2026","passed","Mon Apr 27 19:10:28 UTC 2026","","Server Unit Tests","Server Unit Tests Middleware does not include X-Powered-By header",""
"","11","Component Tests ColorPicker wheel cursor is at (110,110) at center (sat=0)","","Mon Apr 27 19:09:42 UTC 2026","passed","Mon Apr 27 19:09:42 UTC 2026","","Utility Functions","Component Tests ColorPicker wheel cursor is at (110,110) at center (sat=0)",""
"","6","Server Unit Tests GET /api/colors/:name returns Yellow color correctly","","Mon Apr 27 19:10:28 UTC 2026","passed","Mon Apr 27 19:10:28 UTC 2026","","Server Unit Tests","Server Unit Tests GET /api/colors/:name returns Yellow color correctly",""
"","28","should return 409 for duplicate color creation","Chrome","Mon Apr 27 19:29:28 UTC 2026","passed","Mon Apr 27 19:29:28 UTC 2026","Backend API Integration > POST /api/colors Schema Validation","tests/api.spec.ts","",""
"","1","Utility Functions hslToRgb hue=210 (azure) → [0,128,255]","","Mon Apr 27 19:09:42 UTC 2026","passed","Mon Apr 27 19:09:42 UTC 2026","","Utility Functions","Utility Functions hslToRgb hue=210 (azure) → [0,128,255]",""
"","665","handle initial fetch with empty data","Chrome","Mon Apr 27 19:18:52 UTC 2026","passed","Mon Apr 27 19:18:53 UTC 2026","Edge cases and error handling","tests/coverage.spec.ts","",""
"","67","Frontend Unit Tests App Component handles non-array initial fetch response gracefully","","Mon Apr 27 19:09:42 UTC 2026","passed","Mon Apr 27 19:09:42 UTC 2026","","Frontend Unit Tests","Frontend Unit Tests App Component handles non-array initial fetch response gracefully",""
"","4","Server Unit Tests POST /api/colors returns 400 for extra unknown fields (strict schema)","","Mon Apr 27 19:10:28 UTC 2026","passed","Mon Apr 27 19:10:28 UTC 2026","","Server Unit Tests","Server Unit Tests POST /api/colors returns 400 for extra unknown fields (strict schema)",""
"","593","homepage should match snapshot","Chrome","Mon Apr 27 19:26:33 UTC 2026","passed","Mon Apr 27 19:26:34 UTC 2026","Visual Regression – iphone-se (375×667)","","",""
"","10","NoSQL injection object in name is rejected (400)","Chrome","Mon Apr 27 19:27:12 UTC 2026","passed","Mon Apr 27 19:27:12 UTC 2026","Security > Injection Prevention","tests/security.spec.ts","",""
"","0","homepage initial state","Chrome","Mon Apr 27 19:26:36 UTC 2026","skipped","Mon Apr 27 19:26:36 UTC 2026","Percy Visual Regression – Production > Percy – tablet (768×1024)","","",""
"","9","Server Unit Tests PUT /api/colors/:name updates the hex of an existing color","","Mon Apr 27 19:10:28 UTC 2026","passed","Mon Apr 27 19:10:28 UTC 2026","","Server Unit Tests","Server Unit Tests PUT /api/colors/:name updates the hex of an existing color",""
"","4","Server Unit Tests OpenAPI endpoints spec includes component schemas","","Mon Apr 27 19:10:28 UTC 2026","passed","Mon Apr 27 19:10:28 UTC 2026","","Server Unit Tests","Server Unit Tests OpenAPI endpoints spec includes component schemas",""
"","20","Server Integration Tests (Testcontainers) seedDatabase should clear custom colors when re-seeded","","Mon Apr 27 19:10:31 UTC 2026","passed","Mon Apr 27 19:10:31 UTC 2026","","Server Integration Tests (Testcontainers)","Server Integration Tests (Testcontainers) seedDatabase should clear custom colors when re-seeded",""
"","5","Server Unit Tests POST /api/colors applies the createColorLimiter rate limit headers","","Mon Apr 27 19:10:28 UTC 2026","passed","Mon Apr 27 19:10:28 UTC 2026","","Server Unit Tests","Server Unit Tests POST /api/colors applies the createColorLimiter rate limit headers",""
"","22","Component Tests ColorPicker submit with invalid chars shows validation error","","Mon Apr 27 19:09:42 UTC 2026","passed","Mon Apr 27 19:09:42 UTC 2026","","Utility Functions","Component Tests ColorPicker submit with invalid chars shows validation error",""
"","0","Utility Functions hslToRgb lightness clamped: l=-0.5 gives black","","Mon Apr 27 19:09:42 UTC 2026","passed","Mon Apr 27 19:09:42 UTC 2026","","Utility Functions","Utility Functions hslToRgb lightness clamped: l=-0.5 gives black",""
"","9","Server Unit Tests DELETE /api/colors/:name deletes an existing color and returns success message","","Mon Apr 27 19:10:28 UTC 2026","passed","Mon Apr 27 19:10:28 UTC 2026","","Server Unit Tests","Server Unit Tests DELETE /api/colors/:name deletes an existing color and returns success message",""
"Performance Test: API Performance Test
File: api-performance.spec.ts
Total Iterations: 1
Max VUs: 1

HTTP Request Duration:
- Avg: 5.70ms
- P(95): 13.05ms
- Max: 15.24ms

Full metrics attached in the results.","1434","API Performance Test","Performance","Mon Apr 27 19:16:45 UTC 2026","passed","Mon Apr 27 19:16:46 UTC 2026","api-performance.spec.ts","API Performance Test","",""
"","23","Component Tests ConfirmDialog confirm button calls onConfirm","","Mon Apr 27 19:09:42 UTC 2026","passed","Mon Apr 27 19:09:42 UTC 2026","","Component Tests","Component Tests ConfirmDialog confirm button calls onConfirm",""
"","11","Server Unit Tests Surviving Mutants & Edge Cases Regex & Validation STRICT_NAME_REGEX kills mutants on optionality and length","","Mon Apr 27 19:10:28 UTC 2026","passed","Mon Apr 27 19:10:28 UTC 2026","","Server Unit Tests","Server Unit Tests Surviving Mutants & Edge Cases Regex & Validation STRICT_NAME_REGEX kills mutants on optionality and length",""
"","1","Utility Functions hslToRgb hue=150 (spring green) → [0,255,128]","","Mon Apr 27 19:09:42 UTC 2026","passed","Mon Apr 27 19:09:42 UTC 2026","","Utility Functions","Utility Functions hslToRgb hue=150 (spring green) → [0,255,128]",""
"","649","verify Turquoise ( #1abc9c ) is applied as the background color","Chrome","Mon Apr 27 19:27:46 UTC 2026","passed","Mon Apr 27 19:27:47 UTC 2026","Background color tests","tests/coverage.spec.ts","",""
"","10","Frontend Unit Tests App Component shows error alert when initial fetch returns non-2xx","","Mon Apr 27 19:09:42 UTC 2026","passed","Mon Apr 27 19:09:42 UTC 2026","","Frontend Unit Tests","Frontend Unit Tests App Component shows error alert when initial fetch returns non-2xx",""
"","5","Server Unit Tests POST /api/colors returns 400 for name with only spaces","","Mon Apr 27 19:10:28 UTC 2026","passed","Mon Apr 27 19:10:28 UTC 2026","","Server Unit Tests","Server Unit Tests POST /api/colors returns 400 for name with only spaces",""
"","0","Utility Functions paintWheelPixel sets alpha to 0 when dist > r (outside circle)","","Mon Apr 27 19:09:42 UTC 2026","passed","Mon Apr 27 19:09:42 UTC 2026","","Utility Functions","Utility Functions paintWheelPixel sets alpha to 0 when dist > r (outside circle)",""
"","0","Utility Functions rgbToHex converts pure green","","Mon Apr 27 19:09:42 UTC 2026","passed","Mon Apr 27 19:09:42 UTC 2026","","Utility Functions","Utility Functions rgbToHex converts pure green",""
"","0","Utility Functions rgbToHsl r max with g<b (#ff0040) → h near 345","","Mon Apr 27 19:09:42 UTC 2026","passed","Mon Apr 27 19:09:42 UTC 2026","","Utility Functions","Utility Functions rgbToHsl r max with g<b (#ff0040) → h near 345",""
"","1","Utility Functions rgbToHex value 16 does not pad","","Mon Apr 27 19:09:42 UTC 2026","passed","Mon Apr 27 19:09:42 UTC 2026","","Utility Functions","Utility Functions rgbToHex value 16 does not pad",""
"","0","Utility Functions rgbToHsl r max, g>0, b=0 → h in (0,60)","","Mon Apr 27 19:09:42 UTC 2026","passed","Mon Apr 27 19:09:42 UTC 2026","","Utility Functions","Utility Functions rgbToHsl r max, g>0, b=0 → h in (0,60)",""
"","11","should reject invalid hex format on update","Chrome","Mon Apr 27 19:29:28 UTC 2026","passed","Mon Apr 27 19:29:28 UTC 2026","Backend API Integration > PUT /api/colors/:name Schema Validation","tests/api.spec.ts","",""
"","3","Server Unit Tests OpenAPI endpoints has exact application/json content-type","","Mon Apr 27 19:10:28 UTC 2026","passed","Mon Apr 27 19:10:28 UTC 2026","","Server Unit Tests","Server Unit Tests OpenAPI endpoints has exact application/json content-type",""
"","1","Frontend Unit Tests i18n Configuration should have defined resources for en, es, el","","Mon Apr 27 19:09:44 UTC 2026","passed","Mon Apr 27 19:09:44 UTC 2026","","Frontend Unit Tests","Frontend Unit Tests i18n Configuration should have defined resources for en, es, el",""
"","2","Utility Functions hslToRgb hue=0 (red) → [255,0,0]","","Mon Apr 27 19:09:42 UTC 2026","passed","Mon Apr 27 19:09:42 UTC 2026","","Utility Functions","Utility Functions hslToRgb hue=0 (red) → [255,0,0]",""
"","13","Frontend Unit Tests App Component shows loading text when colors array is empty","","Mon Apr 27 19:09:42 UTC 2026","passed","Mon Apr 27 19:09:42 UTC 2026","","Frontend Unit Tests","Frontend Unit Tests App Component shows loading text when colors array is empty",""
"","42","Frontend Unit Tests App Component deleting the last color sets activeName to null","","Mon Apr 27 19:09:42 UTC 2026","passed","Mon Apr 27 19:09:42 UTC 2026","","Frontend Unit Tests","Frontend Unit Tests App Component deleting the last color sets activeName to null",""
"","43","should create a new color with valid schema","Chrome","Mon Apr 27 19:29:28 UTC 2026","passed","Mon Apr 27 19:29:28 UTC 2026","Backend API Integration > POST /api/colors Schema Validation","tests/api.spec.ts","",""
"","0","Utility Functions paintWheelPixel anti-aliases the outermost ring: dist=r gives alpha=0","","Mon Apr 27 19:09:42 UTC 2026","passed","Mon Apr 27 19:09:42 UTC 2026","","Utility Functions","Utility Functions paintWheelPixel anti-aliases the outermost ring: dist=r gives alpha=0",""
"","41","Frontend Unit Tests App Component add color 500 shows server error message","","Mon Apr 27 19:09:42 UTC 2026","passed","Mon Apr 27 19:09:42 UTC 2026","","Frontend Unit Tests","Frontend Unit Tests App Component add color 500 shows server error message",""
"","34","Component Tests ColorPicker cancel button calls onCancel","","Mon Apr 27 19:09:42 UTC 2026","passed","Mon Apr 27 19:09:42 UTC 2026","","Utility Functions","Component Tests ColorPicker cancel button calls onCancel",""
"","26","Component Tests ColorPicker lightness slider change updates the preview","","Mon Apr 27 19:09:42 UTC 2026","passed","Mon Apr 27 19:09:42 UTC 2026","","Utility Functions","Component Tests ColorPicker lightness slider change updates the preview",""
"","58","Frontend Unit Tests App Component handleColorClick clears previous error on new successful click","","Mon Apr 27 19:09:42 UTC 2026","passed","Mon Apr 27 19:09:42 UTC 2026","","Frontend Unit Tests","Frontend Unit Tests App Component handleColorClick clears previous error on new successful click",""
"","26","Server Integration Tests (Testcontainers) End-to-end CRUD workflow should create, read, update, and delete a color in sequence","","Mon Apr 27 19:10:31 UTC 2026","passed","Mon Apr 27 19:10:31 UTC 2026","","Server Integration Tests (Testcontainers)","Server Integration Tests (Testcontainers) End-to-end CRUD workflow should create, read, update, and delete a color in sequence",""
"","6","Server Unit Tests PUT /api/colors/:name updates both name and hex simultaneously","","Mon Apr 27 19:10:28 UTC 2026","passed","Mon Apr 27 19:10:28 UTC 2026","","Server Unit Tests","Server Unit Tests PUT /api/colors/:name updates both name and hex simultaneously",""
"","1","Frontend Unit Tests i18n Configuration should be initialized with correct settings","","Mon Apr 27 19:09:44 UTC 2026","passed","Mon Apr 27 19:09:44 UTC 2026","","Frontend Unit Tests","Frontend Unit Tests i18n Configuration should be initialized with correct settings",""
"","994","Example #2","BDD","Mon Apr 27 19:24:40 UTC 2026","passed","Mon Apr 27 19:24:41 UTC 2026","Home Page Background Color > Change background color","","",""
"","97","Frontend Unit Tests App Component clicking a color chip makes it active","","Mon Apr 27 19:09:42 UTC 2026","passed","Mon Apr 27 19:09:42 UTC 2026","","Frontend Unit Tests","Frontend Unit Tests App Component clicking a color chip makes it active",""
"","5","Server Unit Tests 405 Method Not Allowed does not return 405 for allowed PUT method on /api/colors/:name","","Mon Apr 27 19:10:28 UTC 2026","passed","Mon Apr 27 19:10:28 UTC 2026","","Server Unit Tests","Server Unit Tests 405 Method Not Allowed does not return 405 for allowed PUT method on /api/colors/:name",""
"","5","Component Tests ColorPicker serverError banner is absent when serverError is null","","Mon Apr 27 19:09:42 UTC 2026","passed","Mon Apr 27 19:09:42 UTC 2026","","Utility Functions","Component Tests ColorPicker serverError banner is absent when serverError is null",""
"","49","Frontend Unit Tests App Component saving is false again after a failed add (finally block)","","Mon Apr 27 19:09:42 UTC 2026","passed","Mon Apr 27 19:09:42 UTC 2026","","Frontend Unit Tests","Frontend Unit Tests App Component saving is false again after a failed add (finally block)",""
"","5","Component Tests ConfirmDialog Enter key does NOT call onConfirm when busy","","Mon Apr 27 19:09:42 UTC 2026","passed","Mon Apr 27 19:09:42 UTC 2026","","Component Tests","Component Tests ConfirmDialog Enter key does NOT call onConfirm when busy",""
"","53","Frontend Unit Tests App Component first loaded color is active (aria-pressed=true)","","Mon Apr 27 19:09:42 UTC 2026","passed","Mon Apr 27 19:09:42 UTC 2026","","Frontend Unit Tests","Frontend Unit Tests App Component first loaded color is active (aria-pressed=true)",""
"","6","Server Unit Tests Surviving Mutants & Edge Cases Rate Limiting & Security kills mutants by verifying x-powered-by is removed","","Mon Apr 27 19:10:28 UTC 2026","passed","Mon Apr 27 19:10:28 UTC 2026","","Server Unit Tests","Server Unit Tests Surviving Mutants & Edge Cases Rate Limiting & Security kills mutants by verifying x-powered-by is removed",""
"","31","Component Tests ColorPicker submit with duplicate name (client-side) shows duplicate error","","Mon Apr 27 19:09:42 UTC 2026","passed","Mon Apr 27 19:09:42 UTC 2026","","Utility Functions","Component Tests ColorPicker submit with duplicate name (client-side) shows duplicate error",""
"","11","should reject missing hex","Chrome","Mon Apr 27 19:29:28 UTC 2026","passed","Mon Apr 27 19:29:28 UTC 2026","Backend API Integration > POST /api/colors Schema Validation","tests/api.spec.ts","",""
"","49","Frontend Unit Tests App Component renders title, logo, and calls initial fetch","","Mon Apr 27 19:09:42 UTC 2026","passed","Mon Apr 27 19:09:42 UTC 2026","","Frontend Unit Tests","Frontend Unit Tests App Component renders title, logo, and calls initial fetch",""
"","733","should gracefully handle a color not found in the database","Chrome","Mon Apr 27 19:18:58 UTC 2026","passed","Mon Apr 27 19:18:58 UTC 2026","Network Mocking & Interception","tests/network-mocking.spec.ts","",""
"","1226","verify Red ( #e74c3c ) is applied as the background color","Chrome","Mon Apr 27 19:18:50 UTC 2026","passed","Mon Apr 27 19:18:51 UTC 2026","Background color tests","tests/coverage.spec.ts","",""
"","1","Utility Functions hslToRgb hue=59 stays in sector 0","","Mon Apr 27 19:09:42 UTC 2026","passed","Mon Apr 27 19:09:42 UTC 2026","","Utility Functions","Utility Functions hslToRgb hue=59 stays in sector 0",""
"","28","Server Unit Tests POST /api/colors creates a new color and returns 201 with correct body","","Mon Apr 27 19:10:28 UTC 2026","passed","Mon Apr 27 19:10:28 UTC 2026","","Server Unit Tests","Server Unit Tests POST /api/colors creates a new color and returns 201 with correct body",""
"","9","Component Tests ColorPicker clicking the backdrop calls onCancel","","Mon Apr 27 19:09:42 UTC 2026","passed","Mon Apr 27 19:09:42 UTC 2026","","Utility Functions","Component Tests ColorPicker clicking the backdrop calls onCancel",""
"","2667","should not have any automatically detectable accessibility issues","Chrome","Mon Apr 27 19:29:17 UTC 2026","passed","Mon Apr 27 19:29:19 UTC 2026","Accessibility Tests","tests/a11y.spec.ts","",""
"","5","Server Integration Tests (Testcontainers) PUT /api/colors/:name should return 400 for invalid hex format on update","","Mon Apr 27 19:10:31 UTC 2026","passed","Mon Apr 27 19:10:31 UTC 2026","","Server Integration Tests (Testcontainers)","Server Integration Tests (Testcontainers) PUT /api/colors/:name should return 400 for invalid hex format on update",""
"","6","Server Unit Tests 405 Method Not Allowed returns 405 for POST, PUT, DELETE on /api-docs","","Mon Apr 27 19:10:28 UTC 2026","passed","Mon Apr 27 19:10:28 UTC 2026","","Server Unit Tests","Server Unit Tests 405 Method Not Allowed returns 405 for POST, PUT, DELETE on /api-docs",""
"","13","Server Integration Tests (Testcontainers) PUT /api/colors/:name should rename a color and make old name return 404","","Mon Apr 27 19:10:31 UTC 2026","passed","Mon Apr 27 19:10:31 UTC 2026","","Server Integration Tests (Testcontainers)","Server Integration Tests (Testcontainers) PUT /api/colors/:name should rename a color and make old name return 404",""
"","0","Utility Functions rgbToHex value 15 pads to 0f","","Mon Apr 27 19:09:42 UTC 2026","passed","Mon Apr 27 19:09:42 UTC 2026","","Utility Functions","Utility Functions rgbToHex value 15 pads to 0f",""
"","3","Server Unit Tests 405 Method Not Allowed returns 405 for PATCH on /api/colors","","Mon Apr 27 19:10:28 UTC 2026","passed","Mon Apr 27 19:10:28 UTC 2026","","Server Unit Tests","Server Unit Tests 405 Method Not Allowed returns 405 for PATCH on /api/colors",""
"","9","Component Tests ColorPicker displays serverError prop in an alert banner","","Mon Apr 27 19:09:42 UTC 2026","passed","Mon Apr 27 19:09:42 UTC 2026","","Utility Functions","Component Tests ColorPicker displays serverError prop in an alert banner",""
"","9","Server Integration Tests (Testcontainers) DELETE /api/colors/:name should delete a color and confirm removal from the real database","","Mon Apr 27 19:10:31 UTC 2026","passed","Mon Apr 27 19:10:31 UTC 2026","","Server Integration Tests (Testcontainers)","Server Integration Tests (Testcontainers) DELETE /api/colors/:name should delete a color and confirm removal from the real database",""
"","8","Server Integration Tests (Testcontainers) GET /api/colors/:name should return 404 for a non-existent color","","Mon Apr 27 19:10:31 UTC 2026","passed","Mon Apr 27 19:10:31 UTC 2026","","Server Integration Tests (Testcontainers)","Server Integration Tests (Testcontainers) GET /api/colors/:name should return 404 for a non-existent color",""
"","8","Server Integration Tests (Testcontainers) DELETE /api/colors/:name should return 404 on a second delete of the same color","","Mon Apr 27 19:10:31 UTC 2026","passed","Mon Apr 27 19:10:31 UTC 2026","","Server Integration Tests (Testcontainers)","Server Integration Tests (Testcontainers) DELETE /api/colors/:name should return 404 on a second delete of the same color",""
"","3","Server Unit Tests Surviving Mutants & Edge Cases OpenAPI Content-Type has application/json content-type","","Mon Apr 27 19:10:28 UTC 2026","passed","Mon Apr 27 19:10:28 UTC 2026","","Server Unit Tests","Server Unit Tests Surviving Mutants & Edge Cases OpenAPI Content-Type has application/json content-type",""
"","26","GET /api/colors should return all colors","Chrome","Mon Apr 27 19:29:28 UTC 2026","passed","Mon Apr 27 19:29:28 UTC 2026","Backend API Integration","tests/api.spec.ts","",""
"","11","Server Unit Tests Surviving Mutants & Edge Cases Strict Path & Method Validation kills mutants that change route paths to empty string","","Mon Apr 27 19:10:28 UTC 2026","passed","Mon Apr 27 19:10:28 UTC 2026","","Server Unit Tests","Server Unit Tests Surviving Mutants & Edge Cases Strict Path & Method Validation kills mutants that change route paths to empty string",""
"","5","Frontend Unit Tests App Component current color span tracks hex value","","Mon Apr 27 19:09:42 UTC 2026","passed","Mon Apr 27 19:09:42 UTC 2026","","Frontend Unit Tests","Frontend Unit Tests App Component current color span tracks hex value",""
"","10","Server Integration Tests (Testcontainers) seedDatabase should always restore the three default seed colors","","Mon Apr 27 19:10:31 UTC 2026","passed","Mon Apr 27 19:10:31 UTC 2026","","Server Integration Tests (Testcontainers)","Server Integration Tests (Testcontainers) seedDatabase should always restore the three default seed colors",""
"","762","should create dynamic random color via API and verify through UI","Chrome","Mon Apr 27 19:27:11 UTC 2026","passed","Mon Apr 27 19:27:12 UTC 2026","Random Data Testing with faker.js","tests/random-data.spec.ts","",""
"","9","Component Tests ColorPicker non-Enter key on name input does not trigger submit","","Mon Apr 27 19:09:42 UTC 2026","passed","Mon Apr 27 19:09:42 UTC 2026","","Utility Functions","Component Tests ColorPicker non-Enter key on name input does not trigger submit",""
"","11","NoSQL $where operator in name is rejected (400)","Chrome","Mon Apr 27 19:27:12 UTC 2026","passed","Mon Apr 27 19:27:12 UTC 2026","Security > Injection Prevention","tests/security.spec.ts","",""
"","67","Frontend Unit Tests App Component handles empty array from initial fetch gracefully","","Mon Apr 27 19:09:42 UTC 2026","passed","Mon Apr 27 19:09:42 UTC 2026","","Frontend Unit Tests","Frontend Unit Tests App Component handles empty array from initial fetch gracefully",""
"","1313","POST /api/colors","","","passed","","","schemathesis","",""
"","12","GET /api/colors/:name should return 404 for non-existent color","Chrome","Mon Apr 27 19:29:28 UTC 2026","passed","Mon Apr 27 19:29:28 UTC 2026","Backend API Integration","tests/api.spec.ts","",""
"","0","Utility Functions hslToRgb lightness=0 gives black","","Mon Apr 27 19:09:42 UTC 2026","passed","Mon Apr 27 19:09:42 UTC 2026","","Utility Functions","Utility Functions hslToRgb lightness=0 gives black",""
"","4","Server Unit Tests Middleware returns 400 for malformed JSON body","","Mon Apr 27 19:10:28 UTC 2026","passed","Mon Apr 27 19:10:28 UTC 2026","","Server Unit Tests","Server Unit Tests Middleware returns 400 for malformed JSON body",""
"","22","Component Tests ColorPicker typing a valid hex clears the hex error and updates preview","","Mon Apr 27 19:09:42 UTC 2026","passed","Mon Apr 27 19:09:42 UTC 2026","","Utility Functions","Component Tests ColorPicker typing a valid hex clears the hex error and updates preview",""
"","11","Component Tests ColorPicker renders the color wheel canvas","","Mon Apr 27 19:09:42 UTC 2026","passed","Mon Apr 27 19:09:42 UTC 2026","","Utility Functions","Component Tests ColorPicker renders the color wheel canvas",""
"","9","Component Tests ColorPicker typing an invalid hex shows ""Use format #RRGGBB"" error","","Mon Apr 27 19:09:42 UTC 2026","passed","Mon Apr 27 19:09:42 UTC 2026","","Utility Functions","Component Tests ColorPicker typing an invalid hex shows ""Use format #RRGGBB"" error",""
"","11","Component Tests ConfirmDialog confirmLabel prop is reflected in the button text","","Mon Apr 27 19:09:42 UTC 2026","passed","Mon Apr 27 19:09:42 UTC 2026","","Component Tests","Component Tests ConfirmDialog confirmLabel prop is reflected in the button text",""
"","1006","clicking a chip makes it active","Chrome","Mon Apr 27 19:27:37 UTC 2026","passed","Mon Apr 27 19:27:38 UTC 2026","Color Management — Add & Delete","tests/color-management.spec.ts","",""
"","21","Frontend Unit Tests App Component text color on dark background is white","","Mon Apr 27 19:09:42 UTC 2026","passed","Mon Apr 27 19:09:42 UTC 2026","","Frontend Unit Tests","Frontend Unit Tests App Component text color on dark background is white",""
"","45","Server Unit Tests GET /api/colors returns all seeded colors with correct names and hex values","","Mon Apr 27 19:10:28 UTC 2026","passed","Mon Apr 27 19:10:28 UTC 2026","","Server Unit Tests","Server Unit Tests GET /api/colors returns all seeded colors with correct names and hex values",""
"","3","Server Unit Tests 405 Method Not Allowed sets the Allow header on /api/colors with correct methods","","Mon Apr 27 19:10:28 UTC 2026","passed","Mon Apr 27 19:10:28 UTC 2026","","Server Unit Tests","Server Unit Tests 405 Method Not Allowed sets the Allow header on /api/colors with correct methods",""
"","0","Utility Functions hslToRgb hue=270 (violet) → [128,0,255]","","Mon Apr 27 19:09:42 UTC 2026","passed","Mon Apr 27 19:09:42 UTC 2026","","Utility Functions","Utility Functions hslToRgb hue=270 (violet) → [128,0,255]",""
"","5","Server Unit Tests Surviving Mutants & Edge Cases Regex & Validation Zod required_error messages are correct","","Mon Apr 27 19:10:28 UTC 2026","passed","Mon Apr 27 19:10:28 UTC 2026","","Server Unit Tests","Server Unit Tests Surviving Mutants & Edge Cases Regex & Validation Zod required_error messages are correct",""
"","6","Component Tests ConfirmDialog Escape key calls onCancel when not busy","","Mon Apr 27 19:09:42 UTC 2026","passed","Mon Apr 27 19:09:42 UTC 2026","","Component Tests","Component Tests ConfirmDialog Escape key calls onCancel when not busy",""
"","0","Utility Functions hslToRgb saturation clamped: s=1.5 treated as s=1","","Mon Apr 27 19:09:42 UTC 2026","passed","Mon Apr 27 19:09:42 UTC 2026","","Utility Functions","Utility Functions hslToRgb saturation clamped: s=1.5 treated as s=1",""
"","23","Component Tests ColorPicker touchmove while dragging updates hex","","Mon Apr 27 19:09:42 UTC 2026","passed","Mon Apr 27 19:09:42 UTC 2026","","Utility Functions","Component Tests ColorPicker touchmove while dragging updates hex",""
"","6","PUT /openapi.json returns 405","Chrome","Mon Apr 27 19:27:13 UTC 2026","passed","Mon Apr 27 19:27:13 UTC 2026","Security > HTTP Method Restrictions","tests/security.spec.ts","",""
"","2","Utility Functions hslToRgb hue=330 (rose) → [255,0,128]","","Mon Apr 27 19:09:42 UTC 2026","passed","Mon Apr 27 19:09:42 UTC 2026","","Utility Functions","Utility Functions hslToRgb hue=330 (rose) → [255,0,128]",""
"","8","Server Unit Tests Surviving Mutants & Edge Cases Allowed Methods kills mutants in allowedMethods object","","Mon Apr 27 19:10:28 UTC 2026","passed","Mon Apr 27 19:10:28 UTC 2026","","Server Unit Tests","Server Unit Tests Surviving Mutants & Edge Cases Allowed Methods kills mutants in allowedMethods object",""
"","1","Utility Functions hslToRgb hue just below 60 is in sector 0, not sector 1","","Mon Apr 27 19:09:42 UTC 2026","passed","Mon Apr 27 19:09:42 UTC 2026","","Utility Functions","Utility Functions hslToRgb hue just below 60 is in sector 0, not sector 1",""
"","779","clicking ""+ Add color"" opens the picker modal","Chrome","Mon Apr 27 19:27:37 UTC 2026","passed","Mon Apr 27 19:27:38 UTC 2026","Color Management — Add & Delete","tests/color-management.spec.ts","",""
"","7","Server Integration Tests (Testcontainers) POST /api/colors should return 400 for invalid hex format (missing #)","","Mon Apr 27 19:10:31 UTC 2026","passed","Mon Apr 27 19:10:31 UTC 2026","","Server Integration Tests (Testcontainers)","Server Integration Tests (Testcontainers) POST /api/colors should return 400 for invalid hex format (missing #)",""
"","630","chip-x click opens confirm dialog with color name","Chrome","Mon Apr 27 19:27:42 UTC 2026","passed","Mon Apr 27 19:27:43 UTC 2026","Color Management — Add & Delete","tests/color-management.spec.ts","",""
"","41","Frontend Unit Tests App Component handleColorClick shows error alert on fetch failure","","Mon Apr 27 19:09:42 UTC 2026","passed","Mon Apr 27 19:09:42 UTC 2026","","Frontend Unit Tests","Frontend Unit Tests App Component handleColorClick shows error alert on fetch failure",""
"","0","Utility Functions readableOn returns #111 for a pale/pastel colour (high luminance)","","Mon Apr 27 19:09:42 UTC 2026","passed","Mon Apr 27 19:09:42 UTC 2026","","Utility Functions","Utility Functions readableOn returns #111 for a pale/pastel colour (high luminance)",""
"","8","X-Powered-By header is not exposed","Chrome","Mon Apr 27 19:27:13 UTC 2026","passed","Mon Apr 27 19:27:13 UTC 2026","Security > Security Headers","tests/security.spec.ts","",""
"","19","Frontend Unit Tests App Component text color on light background is dark","","Mon Apr 27 19:09:42 UTC 2026","passed","Mon Apr 27 19:09:42 UTC 2026","","Frontend Unit Tests","Frontend Unit Tests App Component text color on light background is dark",""
"","1099","Example #3","BDD","Mon Apr 27 19:24:40 UTC 2026","passed","Mon Apr 27 19:24:41 UTC 2026","Home Page Background Color > Change background color","","",""
"","19","Server Integration Tests (Testcontainers) GET /api/colors/:name should be case-sensitive (lowercase name returns 404)","","Mon Apr 27 19:10:31 UTC 2026","passed","Mon Apr 27 19:10:31 UTC 2026","","Server Integration Tests (Testcontainers)","Server Integration Tests (Testcontainers) GET /api/colors/:name should be case-sensitive (lowercase name returns 404)",""
"","1101","should display colors that do not exist in the database","Chrome","Mon Apr 27 19:18:57 UTC 2026","passed","Mon Apr 27 19:18:58 UTC 2026","Network Mocking & Interception","tests/network-mocking.spec.ts","",""
"","4","Server Unit Tests POST /api/colors returns 400 when hex is missing","","Mon Apr 27 19:10:28 UTC 2026","passed","Mon Apr 27 19:10:28 UTC 2026","","Server Unit Tests","Server Unit Tests POST /api/colors returns 400 when hex is missing",""
"","3","Server Unit Tests Surviving Mutants & Edge Cases Swagger Metadata & OpenAPI has exact server metadata","","Mon Apr 27 19:10:28 UTC 2026","passed","Mon Apr 27 19:10:28 UTC 2026","","Server Unit Tests","Server Unit Tests Surviving Mutants & Edge Cases Swagger Metadata & OpenAPI has exact server metadata",""
"","21","Server Integration Tests (Testcontainers) Concurrent writes should handle simultaneous POSTs with the same name — exactly one succeeds","","Mon Apr 27 19:10:31 UTC 2026","passed","Mon Apr 27 19:10:31 UTC 2026","","Server Integration Tests (Testcontainers)","Server Integration Tests (Testcontainers) Concurrent writes should handle simultaneous POSTs with the same name — exactly one succeeds",""
"","23","Frontend Unit Tests App Component shows add-color button even when colors are empty","","Mon Apr 27 19:09:42 UTC 2026","passed","Mon Apr 27 19:09:42 UTC 2026","","Frontend Unit Tests","Frontend Unit Tests App Component shows add-color button even when colors are empty",""
"","699","verify language switcher changes document language","Chrome","Mon Apr 27 19:18:52 UTC 2026","passed","Mon Apr 27 19:18:52 UTC 2026","","tests/coverage.spec.ts","",""
"","585","Show loading state when the API returns an empty colors list","BDD","Mon Apr 27 19:24:37 UTC 2026","passed","Mon Apr 27 19:24:38 UTC 2026","API Error Handling","","",""
"","0","mobile color picker workflow","Chrome","Mon Apr 27 19:26:36 UTC 2026","skipped","Mon Apr 27 19:26:36 UTC 2026","Percy Visual Regression – Production > Percy – Mobile Interactions","","",""
"","39","Frontend Unit Tests App Component active chip has is-active CSS class","","Mon Apr 27 19:09:42 UTC 2026","passed","Mon Apr 27 19:09:42 UTC 2026","","Frontend Unit Tests","Frontend Unit Tests App Component active chip has is-active CSS class",""
"","5","Server Integration Tests (Testcontainers) DELETE /api/colors/:name should return 400 for invalid name format","","Mon Apr 27 19:10:31 UTC 2026","passed","Mon Apr 27 19:10:31 UTC 2026","","Server Integration Tests (Testcontainers)","Server Integration Tests (Testcontainers) DELETE /api/colors/:name should return 400 for invalid name format",""
"","6","Server Unit Tests Surviving Mutants & Edge Cases Regex & Validation hex regex kills mutants by testing boundaries and formats","","Mon Apr 27 19:10:28 UTC 2026","passed","Mon Apr 27 19:10:28 UTC 2026","","Server Unit Tests","Server Unit Tests Surviving Mutants & Edge Cases Regex & Validation hex regex kills mutants by testing boundaries and formats",""
"","28","Frontend Unit Tests App Component link color is dark (#003366) on light background","","Mon Apr 27 19:09:42 UTC 2026","passed","Mon Apr 27 19:09:42 UTC 2026","","Frontend Unit Tests","Frontend Unit Tests App Component link color is dark (#003366) on light background",""
"","4","Server Unit Tests PUT /api/colors/:name returns 400 for invalid name with special characters","","Mon Apr 27 19:10:28 UTC 2026","passed","Mon Apr 27 19:10:28 UTC 2026","","Server Unit Tests","Server Unit Tests PUT /api/colors/:name returns 400 for invalid name with special characters",""
"","0","Utility Functions readableOn returns #111 for light-grey (L≈0.60, above 0.179 threshold)","","Mon Apr 27 19:09:42 UTC 2026","passed","Mon Apr 27 19:09:42 UTC 2026","","Utility Functions","Utility Functions readableOn returns #111 for light-grey (L≈0.60, above 0.179 threshold)",""
"","644","verify Turquoise ( #1abc9c ) is applied as the background color","Chrome","Mon Apr 27 19:18:58 UTC 2026","passed","Mon Apr 27 19:18:59 UTC 2026","POM Refactored: Background color tests","tests/pom-refactored.spec.ts","",""
"","0","Utility Functions hexToRgb parses hex without the leading #","","Mon Apr 27 19:09:42 UTC 2026","passed","Mon Apr 27 19:09:42 UTC 2026","","Utility Functions","Utility Functions hexToRgb parses hex without the leading #",""
"","15","Component Tests ConfirmDialog cancelLabel prop is reflected in the button text","","Mon Apr 27 19:09:42 UTC 2026","passed","Mon Apr 27 19:09:42 UTC 2026","","Component Tests","Component Tests ConfirmDialog cancelLabel prop is reflected in the button text",""
"","11","Server Unit Tests Error Handling POST /api/colors returns 500 when database fails (findOne)","","Mon Apr 27 19:10:28 UTC 2026","passed","Mon Apr 27 19:10:28 UTC 2026","","Server Unit Tests","Server Unit Tests Error Handling POST /api/colors returns 500 when database fails (findOne)",""
"","29","Component Tests ColorPicker duplicate check is case-insensitive","","Mon Apr 27 19:09:42 UTC 2026","passed","Mon Apr 27 19:09:42 UTC 2026","","Utility Functions","Component Tests ColorPicker duplicate check is case-insensitive",""
"","1","Utility Functions hexToRgb parses a standard #RRGGBB hex","","Mon Apr 27 19:09:42 UTC 2026","passed","Mon Apr 27 19:09:42 UTC 2026","","Utility Functions","Utility Functions hexToRgb parses a standard #RRGGBB hex",""
"","4","Server Unit Tests PUT /api/colors/:name returns 400 for invalid current name format in URL","","Mon Apr 27 19:10:28 UTC 2026","passed","Mon Apr 27 19:10:28 UTC 2026","","Server Unit Tests","Server Unit Tests PUT /api/colors/:name returns 400 for invalid current name format in URL",""
"","6","Server Unit Tests DELETE /api/colors/:name cannot delete the same color twice","","Mon Apr 27 19:10:28 UTC 2026","passed","Mon Apr 27 19:10:28 UTC 2026","","Server Unit Tests","Server Unit Tests DELETE /api/colors/:name cannot delete the same color twice",""
"","11","Server Unit Tests Surviving Mutants & Edge Cases Regex & Validation STRICT_NAME_REGEX kills mutants by testing multiple spaces and pluses in the middle","","Mon Apr 27 19:10:28 UTC 2026","passed","Mon Apr 27 19:10:28 UTC 2026","","Server Unit Tests","Server Unit Tests Surviving Mutants & Edge Cases Regex & Validation STRICT_NAME_REGEX kills mutants by testing multiple spaces and pluses in the middle",""
"","1","Utility Functions rgbToHsl white [255,255,255] → h=0, s=0, l=1","","Mon Apr 27 19:09:42 UTC 2026","passed","Mon Apr 27 19:09:42 UTC 2026","","Utility Functions","Utility Functions rgbToHsl white [255,255,255] → h=0, s=0, l=1",""
"","956","DELETE /api/colors/{name}","","","passed","","","schemathesis","",""
"","1","Frontend Unit Tests i18n Configuration should handle language change correctly","","Mon Apr 27 19:09:44 UTC 2026","passed","Mon Apr 27 19:09:44 UTC 2026","","Frontend Unit Tests","Frontend Unit Tests i18n Configuration should handle language change correctly",""
"","1","Utility Functions rgbToHsl pure blue → h=240, s=1, l=0.5","","Mon Apr 27 19:09:42 UTC 2026","passed","Mon Apr 27 19:09:42 UTC 2026","","Utility Functions","Utility Functions rgbToHsl pure blue → h=240, s=1, l=0.5",""
"","5","Server Unit Tests Middleware JSON error middleware passes non-syntax errors to next()","","Mon Apr 27 19:10:28 UTC 2026","passed","Mon Apr 27 19:10:28 UTC 2026","","Server Unit Tests","Server Unit Tests Middleware JSON error middleware passes non-syntax errors to next()",""
"","0","Utility Functions hslToRgb hue=60 (yellow) → [255,255,0]","","Mon Apr 27 19:09:42 UTC 2026","passed","Mon Apr 27 19:09:42 UTC 2026","","Utility Functions","Utility Functions hslToRgb hue=60 (yellow) → [255,255,0]",""
"","6","Server Unit Tests GET /api/colors/:name returns Turquoise color correctly","","Mon Apr 27 19:10:28 UTC 2026","passed","Mon Apr 27 19:10:28 UTC 2026","","Server Unit Tests","Server Unit Tests GET /api/colors/:name returns Turquoise color correctly",""
"","4","Server Unit Tests Middleware handles non-JSON content type gracefully on POST","","Mon Apr 27 19:10:28 UTC 2026","passed","Mon Apr 27 19:10:28 UTC 2026","","Server Unit Tests","Server Unit Tests Middleware handles non-JSON content type gracefully on POST",""
"","5","Component Tests ConfirmDialog dialog has correct ARIA attributes","","Mon Apr 27 19:09:42 UTC 2026","passed","Mon Apr 27 19:09:42 UTC 2026","","Component Tests","Component Tests ConfirmDialog dialog has correct ARIA attributes",""
"","1","Utility Functions rgbToHsl round-trip hslToRgb→rgbToHsl preserves hue for all sectors","","Mon Apr 27 19:09:42 UTC 2026","passed","Mon Apr 27 19:09:42 UTC 2026","","Utility Functions","Utility Functions rgbToHsl round-trip hslToRgb→rgbToHsl preserves hue for all sectors",""
"","1044","changing color to Yellow should reflect in UI and DOM","Chrome","Mon Apr 27 19:18:54 UTC 2026","passed","Mon Apr 27 19:18:55 UTC 2026","Data-Driven Testing","tests/data-driven.spec.ts","",""
"","5","Server Unit Tests 405 Method Not Allowed does not return 405 for allowed POST method on /api/colors","","Mon Apr 27 19:10:28 UTC 2026","passed","Mon Apr 27 19:10:28 UTC 2026","","Server Unit Tests","Server Unit Tests 405 Method Not Allowed does not return 405 for allowed POST method on /api/colors",""
"","9","SQL injection characters in name are rejected (400)","Chrome","Mon Apr 27 19:27:12 UTC 2026","passed","Mon Apr 27 19:27:12 UTC 2026","Security > Injection Prevention","tests/security.spec.ts","",""
"","3","Server Unit Tests Surviving Mutants & Edge Cases Swagger Metadata & OpenAPI has exact application/json content-type","","Mon Apr 27 19:10:28 UTC 2026","passed","Mon Apr 27 19:10:28 UTC 2026","","Server Unit Tests","Server Unit Tests Surviving Mutants & Edge Cases Swagger Metadata & OpenAPI has exact application/json content-type",""
"","1","Utility Functions rgbToHex converts pure blue","","Mon Apr 27 19:09:42 UTC 2026","passed","Mon Apr 27 19:09:42 UTC 2026","","Utility Functions","Utility Functions rgbToHex converts pure blue",""
"","0","Utility Functions hslToRgb hue=90 (chartreuse) → [128,255,0]","","Mon Apr 27 19:09:42 UTC 2026","passed","Mon Apr 27 19:09:42 UTC 2026","","Utility Functions","Utility Functions hslToRgb hue=90 (chartreuse) → [128,255,0]",""
"","4","Server Unit Tests 405 Method Not Allowed returns 405 for PATCH on /api/colors/:name","","Mon Apr 27 19:10:28 UTC 2026","passed","Mon Apr 27 19:10:28 UTC 2026","","Server Unit Tests","Server Unit Tests 405 Method Not Allowed returns 405 for PATCH on /api/colors/:name",""
"","70","should return 404 for non-existent color deletion","Chrome","Mon Apr 27 19:27:34 UTC 2026","passed","Mon Apr 27 19:27:34 UTC 2026","Backend API Integration > DELETE /api/colors/:name","tests/api.spec.ts","",""
"","671","Background stays unchanged when fetching a specific color fails","BDD","Mon Apr 27 19:24:39 UTC 2026","passed","Mon Apr 27 19:24:40 UTC 2026","API Error Handling","","",""
"","4","Server Unit Tests OpenAPI endpoints serves the OpenAPI JSON spec with exact metadata","","Mon Apr 27 19:10:28 UTC 2026","passed","Mon Apr 27 19:10:28 UTC 2026","","Server Unit Tests","Server Unit Tests OpenAPI endpoints serves the OpenAPI JSON spec with exact metadata",""
"","2016","should load the application and verify core functionality across browsers","Firefox","Mon Apr 27 19:24:45 UTC 2026","passed","Mon Apr 27 19:24:47 UTC 2026","Cross-Browser Core Functionality","","",""
"","9","should reject invalid hex format","Chrome","Mon Apr 27 19:29:28 UTC 2026","passed","Mon Apr 27 19:29:28 UTC 2026","Backend API Integration > POST /api/colors Schema Validation","tests/api.spec.ts","",""
"","2030","should maintain accessibility in es language and verify resilient locators","Chrome","Mon Apr 27 19:29:23 UTC 2026","passed","Mon Apr 27 19:29:25 UTC 2026","i18n Accessibility Tests","tests/a11y.spec.ts","",""
"","1842","should maintain accessibility in el language and verify resilient locators","Chrome","Mon Apr 27 19:29:25 UTC 2026","passed","Mon Apr 27 19:29:27 UTC 2026","i18n Accessibility Tests","tests/a11y.spec.ts","",""
"","46","Frontend Unit Tests App Component add color 501 also triggers server error message (>= 500)","","Mon Apr 27 19:09:42 UTC 2026","passed","Mon Apr 27 19:09:42 UTC 2026","","Frontend Unit Tests","Frontend Unit Tests App Component add color 501 also triggers server error message (>= 500)",""
"","93","Frontend Unit Tests App Component confirm dialog cancel does nothing when deleting=true","","Mon Apr 27 19:09:42 UTC 2026","passed","Mon Apr 27 19:09:42 UTC 2026","","Frontend Unit Tests","Frontend Unit Tests App Component confirm dialog cancel does nothing when deleting=true",""
"","4","Server Unit Tests POST /api/colors returns 400 for completely empty body","","Mon Apr 27 19:10:28 UTC 2026","passed","Mon Apr 27 19:10:28 UTC 2026","","Server Unit Tests","Server Unit Tests POST /api/colors returns 400 for completely empty body",""
"","10","Server Unit Tests GET /api/colors returns an empty array when no colors exist","","Mon Apr 27 19:10:28 UTC 2026","passed","Mon Apr 27 19:10:28 UTC 2026","","Server Unit Tests","Server Unit Tests GET /api/colors returns an empty array when no colors exist",""
"","31","Component Tests ConfirmDialog both buttons are disabled when busy=true","","Mon Apr 27 19:09:42 UTC 2026","passed","Mon Apr 27 19:09:42 UTC 2026","","Component Tests","Component Tests ConfirmDialog both buttons are disabled when busy=true",""
"","6","Server Unit Tests 405 Method Not Allowed does not return 405 for allowed GET method on /api/colors/:name","","Mon Apr 27 19:10:28 UTC 2026","passed","Mon Apr 27 19:10:28 UTC 2026","","Server Unit Tests","Server Unit Tests 405 Method Not Allowed does not return 405 for allowed GET method on /api/colors/:name",""
"","1054","Cancel button closes the picker","Chrome","Mon Apr 27 19:27:38 UTC 2026","passed","Mon Apr 27 19:27:39 UTC 2026","Color Management — Add & Delete","tests/color-management.spec.ts","",""
"","9","Server Unit Tests GET /api/colors does not expose _id or __v fields","","Mon Apr 27 19:10:28 UTC 2026","passed","Mon Apr 27 19:10:28 UTC 2026","","Server Unit Tests","Server Unit Tests GET /api/colors does not expose _id or __v fields",""
"","958","verify Yellow ( #f1c40f ) is applied as the background color","Chrome","Mon Apr 27 19:18:59 UTC 2026","passed","Mon Apr 27 19:19:00 UTC 2026","POM Refactored: Background color tests","tests/pom-refactored.spec.ts","",""
"","1045","delete API error shows alert banner","Chrome","Mon Apr 27 19:27:45 UTC 2026","passed","Mon Apr 27 19:27:46 UTC 2026","Color Management — Add & Delete","tests/color-management.spec.ts","",""
"","1010","should display all core elements and handle button interaction","Chrome","Mon Apr 27 19:26:35 UTC 2026","passed","Mon Apr 27 19:26:36 UTC 2026","Responsive Design – iPhone SE (375×667)","","",""
"","4","Server Unit Tests GET /api/colors/:name returns 400 for invalid name in path (regex check)","","Mon Apr 27 19:10:28 UTC 2026","passed","Mon Apr 27 19:10:28 UTC 2026","","Server Unit Tests","Server Unit Tests GET /api/colors/:name returns 400 for invalid name in path (regex check)",""
"","18","Component Tests ColorPicker Cancel button is disabled when saving=true","","Mon Apr 27 19:09:42 UTC 2026","passed","Mon Apr 27 19:09:42 UTC 2026","","Utility Functions","Component Tests ColorPicker Cancel button is disabled when saving=true",""
"","5","Server Unit Tests 405 Method Not Allowed does not return 405 for allowed GET method on /api/colors","","Mon Apr 27 19:10:28 UTC 2026","passed","Mon Apr 27 19:10:28 UTC 2026","","Server Unit Tests","Server Unit Tests 405 Method Not Allowed does not return 405 for allowed GET method on /api/colors",""
"","0","Utility Functions paintWheelPixel paints red at right edge (dx=r, dy=0, hue=0)","","Mon Apr 27 19:09:42 UTC 2026","passed","Mon Apr 27 19:09:42 UTC 2026","","Utility Functions","Utility Functions paintWheelPixel paints red at right edge (dx=r, dy=0, hue=0)",""
"","2","Server Unit Tests Surviving Mutants & Edge Cases Mongoose Schema Strictness kills empty schema mutant by checking schema paths","","Mon Apr 27 19:10:28 UTC 2026","passed","Mon Apr 27 19:10:28 UTC 2026","","Server Unit Tests","Server Unit Tests Surviving Mutants & Edge Cases Mongoose Schema Strictness kills empty schema mutant by checking schema paths",""
"","10","Server Unit Tests Error Handling POST /api/colors returns 500 when database fails (create)","","Mon Apr 27 19:10:28 UTC 2026","passed","Mon Apr 27 19:10:28 UTC 2026","","Server Unit Tests","Server Unit Tests Error Handling POST /api/colors returns 500 when database fails (create)",""
"","1061","changing color to Red should reflect in UI and DOM","Chrome","Mon Apr 27 19:18:54 UTC 2026","passed","Mon Apr 27 19:18:55 UTC 2026","Data-Driven Testing","tests/data-driven.spec.ts","",""
"","90","should delete an existing color","Chrome","Mon Apr 27 19:27:34 UTC 2026","passed","Mon Apr 27 19:27:34 UTC 2026","Backend API Integration > DELETE /api/colors/:name","tests/api.spec.ts","",""
"","955","verify Red ( #e74c3c ) is applied as the background color","Chrome","Mon Apr 27 19:18:59 UTC 2026","passed","Mon Apr 27 19:18:59 UTC 2026","POM Refactored: Background color tests","tests/pom-refactored.spec.ts","",""
"","44","Server Integration Tests (Testcontainers) GET /api/colors should retrieve all seeded colors","","Mon Apr 27 19:10:31 UTC 2026","passed","Mon Apr 27 19:10:31 UTC 2026","","Server Integration Tests (Testcontainers)","Server Integration Tests (Testcontainers) GET /api/colors should retrieve all seeded colors",""
"","4","Server Unit Tests Surviving Mutants & Edge Cases PUT logic kills refine mutant by sending empty body","","Mon Apr 27 19:10:28 UTC 2026","passed","Mon Apr 27 19:10:28 UTC 2026","","Server Unit Tests","Server Unit Tests Surviving Mutants & Edge Cases PUT logic kills refine mutant by sending empty body",""
"","1","Utility Functions hslToRgb hue=30 (orange) → [255,128,0]","","Mon Apr 27 19:09:42 UTC 2026","passed","Mon Apr 27 19:09:42 UTC 2026","","Utility Functions","Utility Functions hslToRgb hue=30 (orange) → [255,128,0]",""
"","0","Utility Functions hslToRgb saturation=0 gives pure grey [128,128,128]","","Mon Apr 27 19:09:42 UTC 2026","passed","Mon Apr 27 19:09:42 UTC 2026","","Utility Functions","Utility Functions hslToRgb saturation=0 gives pure grey [128,128,128]",""
"","4","Component Tests ConfirmDialog Escape key does NOT call onCancel when busy","","Mon Apr 27 19:09:42 UTC 2026","passed","Mon Apr 27 19:09:42 UTC 2026","","Component Tests","Component Tests ConfirmDialog Escape key does NOT call onCancel when busy",""
"","0","Utility Functions rgbToHsl mid-grey [128,128,128] → s=0","","Mon Apr 27 19:09:42 UTC 2026","passed","Mon Apr 27 19:09:42 UTC 2026","","Utility Functions","Utility Functions rgbToHsl mid-grey [128,128,128] → s=0",""
"","4","Server Unit Tests Surviving Mutants & Edge Cases Logs seedDatabase logs success message","","Mon Apr 27 19:10:28 UTC 2026","passed","Mon Apr 27 19:10:28 UTC 2026","","Server Unit Tests","Server Unit Tests Surviving Mutants & Edge Cases Logs seedDatabase logs success message",""
"","696","should handle color click network failure gracefully","Chrome","Mon Apr 27 19:18:56 UTC 2026","passed","Mon Apr 27 19:18:56 UTC 2026","UI Error Handling Coverage","tests/error-handling.spec.ts","",""
"","0","Utility Functions hexToRgb is case-insensitive","","Mon Apr 27 19:09:42 UTC 2026","passed","Mon Apr 27 19:09:42 UTC 2026","","Utility Functions","Utility Functions hexToRgb is case-insensitive",""
"","0","Frontend Unit Tests i18n Configuration interpolation should not escape value","","Mon Apr 27 19:09:44 UTC 2026","passed","Mon Apr 27 19:09:44 UTC 2026","","Frontend Unit Tests","Frontend Unit Tests i18n Configuration interpolation should not escape value",""
"","2178","should maintain accessibility in en language and verify resilient locators","Chrome","Mon Apr 27 19:29:21 UTC 2026","passed","Mon Apr 27 19:29:23 UTC 2026","i18n Accessibility Tests","tests/a11y.spec.ts","",""
"","60","Frontend Unit Tests App Component confirm button shows ""Deleting…"" label while delete is in-flight","","Mon Apr 27 19:09:42 UTC 2026","passed","Mon Apr 27 19:09:42 UTC 2026","","Frontend Unit Tests","Frontend Unit Tests App Component confirm button shows ""Deleting…"" label while delete is in-flight",""
"","7","Frontend Unit Tests App Component colors.length === 0 shows loading text","","Mon Apr 27 19:09:42 UTC 2026","passed","Mon Apr 27 19:09:42 UTC 2026","","Frontend Unit Tests","Frontend Unit Tests App Component colors.length === 0 shows loading text",""
"","45","Frontend Unit Tests App Component add color 429 rate limit shows specific message","","Mon Apr 27 19:09:42 UTC 2026","passed","Mon Apr 27 19:09:42 UTC 2026","","Frontend Unit Tests","Frontend Unit Tests App Component add color 429 rate limit shows specific message",""
"","108","Frontend Unit Tests App Component handleColorClick does nothing when data is null","","Mon Apr 27 19:09:42 UTC 2026","passed","Mon Apr 27 19:09:42 UTC 2026","","Frontend Unit Tests","Frontend Unit Tests App Component handleColorClick does nothing when data is null",""
"","29","should update a color with valid schema","Chrome","Mon Apr 27 19:29:28 UTC 2026","passed","Mon Apr 27 19:29:28 UTC 2026","Backend API Integration > PUT /api/colors/:name Schema Validation","tests/api.spec.ts","",""
"","8","NoSQL operator in GET path param is rejected (400 or 404)","Chrome","Mon Apr 27 19:27:12 UTC 2026","passed","Mon Apr 27 19:27:12 UTC 2026","Security > Injection Prevention","tests/security.spec.ts","",""
"","4","Server Unit Tests POST /api/colors returns 400 for name with whitespace","","Mon Apr 27 19:10:28 UTC 2026","passed","Mon Apr 27 19:10:28 UTC 2026","","Server Unit Tests","Server Unit Tests POST /api/colors returns 400 for name with whitespace",""
"","43","Frontend Unit Tests App Component add color 409 fallback message when data.error is absent","","Mon Apr 27 19:09:42 UTC 2026","passed","Mon Apr 27 19:09:42 UTC 2026","","Frontend Unit Tests","Frontend Unit Tests App Component add color 409 fallback message when data.error is absent",""
"","3","Server Unit Tests Error Handling GET /api/colors/:name returns 500 when database fails","","Mon Apr 27 19:10:28 UTC 2026","passed","Mon Apr 27 19:10:28 UTC 2026","","Server Unit Tests","Server Unit Tests Error Handling GET /api/colors/:name returns 500 when database fails",""
"","25","Component Tests ColorPicker mousemove while dragging updates hex (dragging.current=true kills mutation)","","Mon Apr 27 19:09:42 UTC 2026","passed","Mon Apr 27 19:09:42 UTC 2026","","Utility Functions","Component Tests ColorPicker mousemove while dragging updates hex (dragging.current=true kills mutation)",""
"","8","Server Unit Tests GET /api/colors/:name returns a single color by name with correct fields","","Mon Apr 27 19:10:28 UTC 2026","passed","Mon Apr 27 19:10:28 UTC 2026","","Server Unit Tests","Server Unit Tests GET /api/colors/:name returns a single color by name with correct fields",""
"","35","GET /api/colors/Yellow should return the correct hex code","Chrome","Mon Apr 27 19:29:28 UTC 2026","passed","Mon Apr 27 19:29:28 UTC 2026","Backend API Integration","tests/api.spec.ts","",""
"","6","Server Integration Tests (Testcontainers) POST /api/colors should return 400 when hex is missing","","Mon Apr 27 19:10:31 UTC 2026","passed","Mon Apr 27 19:10:31 UTC 2026","","Server Integration Tests (Testcontainers)","Server Integration Tests (Testcontainers) POST /api/colors should return 400 when hex is missing",""
"","51","Frontend Unit Tests App Component deleting the active color switches background to the first remaining","","Mon Apr 27 19:09:42 UTC 2026","passed","Mon Apr 27 19:09:42 UTC 2026","","Frontend Unit Tests","Frontend Unit Tests App Component deleting the active color switches background to the first remaining",""
"","24","Frontend Unit Tests App Component link color is light (#cfe8ff) on dark background","","Mon Apr 27 19:09:42 UTC 2026","passed","Mon Apr 27 19:09:42 UTC 2026","","Frontend Unit Tests","Frontend Unit Tests App Component link color is light (#cfe8ff) on dark background",""
"","0","Utility Functions paintWheelPixel writes to the correct index offset in the array","","Mon Apr 27 19:09:42 UTC 2026","passed","Mon Apr 27 19:09:42 UTC 2026","","Utility Functions","Utility Functions paintWheelPixel writes to the correct index offset in the array",""
"","6","Server Integration Tests (Testcontainers) POST /api/colors should return 400 when name is missing","","Mon Apr 27 19:10:31 UTC 2026","passed","Mon Apr 27 19:10:31 UTC 2026","","Server Integration Tests (Testcontainers)","Server Integration Tests (Testcontainers) POST /api/colors should return 400 when name is missing",""
"","586","Example #2","BDD","Mon Apr 27 19:24:41 UTC 2026","passed","Mon Apr 27 19:24:42 UTC 2026","Language Switching > Switch language and verify translated UI labels","","",""
"","21","Component Tests ColorPicker mousemove after mouseup does NOT update color (dragging stopped)","","Mon Apr 27 19:09:42 UTC 2026","passed","Mon Apr 27 19:09:42 UTC 2026","","Utility Functions","Component Tests ColorPicker mousemove after mouseup does NOT update color (dragging stopped)",""
"","0","Utility Functions rgbToHex output is lowercase","","Mon Apr 27 19:09:42 UTC 2026","passed","Mon Apr 27 19:09:42 UTC 2026","","Utility Functions","Utility Functions rgbToHex output is lowercase",""
"","8","Server Unit Tests POST /api/colors accepts single alphanumeric characters as names","","Mon Apr 27 19:10:28 UTC 2026","passed","Mon Apr 27 19:10:28 UTC 2026","","Server Unit Tests","Server Unit Tests POST /api/colors accepts single alphanumeric characters as names",""
"","1299","shows 409 duplicate error from server inside the picker","Chrome","Mon Apr 27 19:27:41 UTC 2026","passed","Mon Apr 27 19:27:42 UTC 2026","Color Management — Add & Delete","tests/color-management.spec.ts","",""
"","0","Utility Functions readableOn returns #fff for a very dark blue","","Mon Apr 27 19:09:42 UTC 2026","passed","Mon Apr 27 19:09:42 UTC 2026","","Utility Functions","Utility Functions readableOn returns #fff for a very dark blue",""
"","6","Server Integration Tests (Testcontainers) PUT /api/colors/:name should return 400 for invalid name in URL path","","Mon Apr 27 19:10:31 UTC 2026","passed","Mon Apr 27 19:10:31 UTC 2026","","Server Integration Tests (Testcontainers)","Server Integration Tests (Testcontainers) PUT /api/colors/:name should return 400 for invalid name in URL path",""
"","1235","successful delete removes the chip","Chrome","Mon Apr 27 19:27:44 UTC 2026","passed","Mon Apr 27 19:27:45 UTC 2026","Color Management — Add & Delete","tests/color-management.spec.ts","",""
"","8","Server Integration Tests (Testcontainers) POST /api/colors should not expose _id or __v in the creation response","","Mon Apr 27 19:10:31 UTC 2026","passed","Mon Apr 27 19:10:31 UTC 2026","","Server Integration Tests (Testcontainers)","Server Integration Tests (Testcontainers) POST /api/colors should not expose _id or __v in the creation response",""
"","25","GET /api/colors","","","skipped","","","schemathesis","",""
"","35","Component Tests ColorPicker mousedown at top-center (hue=270) sets hex to #8000ff","","Mon Apr 27 19:09:42 UTC 2026","passed","Mon Apr 27 19:09:42 UTC 2026","","Utility Functions","Component Tests ColorPicker mousedown at top-center (hue=270) sets hex to #8000ff",""
"","6","DELETE /api/colors (collection) returns 405","Chrome","Mon Apr 27 19:27:13 UTC 2026","passed","Mon Apr 27 19:27:13 UTC 2026","Security > HTTP Method Restrictions","tests/security.spec.ts","",""
"","16","Component Tests ColorPicker Add color button shows ""Saving…"" when saving=true","","Mon Apr 27 19:09:42 UTC 2026","passed","Mon Apr 27 19:09:42 UTC 2026","","Utility Functions","Component Tests ColorPicker Add color button shows ""Saving…"" when saving=true",""
"","5","Server Unit Tests Middleware JSON error middleware ignores SyntaxError with status != 400","","Mon Apr 27 19:10:28 UTC 2026","passed","Mon Apr 27 19:10:28 UTC 2026","","Server Unit Tests","Server Unit Tests Middleware JSON error middleware ignores SyntaxError with status != 400",""
"","8","array body on POST returns 400","Chrome","Mon Apr 27 19:27:13 UTC 2026","passed","Mon Apr 27 19:27:13 UTC 2026","Security > Input Validation","tests/security.spec.ts","",""
"","26","Component Tests ColorPicker close (×) button calls onCancel","","Mon Apr 27 19:09:42 UTC 2026","passed","Mon Apr 27 19:09:42 UTC 2026","","Utility Functions","Component Tests ColorPicker close (×) button calls onCancel",""
"","67","Frontend Unit Tests App Component useEffect runs only once on mount","","Mon Apr 27 19:09:42 UTC 2026","passed","Mon Apr 27 19:09:42 UTC 2026","","Frontend Unit Tests","Frontend Unit Tests App Component useEffect runs only once on mount",""
"","51","Frontend Unit Tests App Component delete network error shows error alert","","Mon Apr 27 19:09:42 UTC 2026","passed","Mon Apr 27 19:09:42 UTC 2026","","Frontend Unit Tests","Frontend Unit Tests App Component delete network error shows error alert",""
"","36","Frontend Unit Tests App Component clicking chip-x opens confirm dialog with color name and swatch","","Mon Apr 27 19:09:42 UTC 2026","passed","Mon Apr 27 19:09:42 UTC 2026","","Frontend Unit Tests","Frontend Unit Tests App Component clicking chip-x opens confirm dialog with color name and swatch",""
"","27","Component Tests ColorPicker mousedown at bottom-center (hue=90) sets hex to #80ff00","","Mon Apr 27 19:09:42 UTC 2026","passed","Mon Apr 27 19:09:42 UTC 2026","","Utility Functions","Component Tests ColorPicker mousedown at bottom-center (hue=90) sets hex to #80ff00",""
"","0","Utility Functions paintWheelPixel anti-aliases near-edge pixel: dist=r-0.5 gives alpha=127","","Mon Apr 27 19:09:42 UTC 2026","passed","Mon Apr 27 19:09:42 UTC 2026","","Utility Functions","Utility Functions paintWheelPixel anti-aliases near-edge pixel: dist=r-0.5 gives alpha=127",""
"","6","Server Integration Tests (Testcontainers) POST /api/colors should return 400 when extra fields are provided","","Mon Apr 27 19:10:31 UTC 2026","passed","Mon Apr 27 19:10:31 UTC 2026","","Server Integration Tests (Testcontainers)","Server Integration Tests (Testcontainers) POST /api/colors should return 400 when extra fields are provided",""
"","29","Component Tests ColorPicker hex input updates hue/sat via rgbToHsl (green → hue≈120)","","Mon Apr 27 19:09:42 UTC 2026","passed","Mon Apr 27 19:09:42 UTC 2026","","Utility Functions","Component Tests ColorPicker hex input updates hue/sat via rgbToHsl (green → hue≈120)",""
"","5","Utility Functions hexToRgb returns null for invalid input","","Mon Apr 27 19:09:42 UTC 2026","passed","Mon Apr 27 19:09:42 UTC 2026","","Utility Functions","Utility Functions hexToRgb returns null for invalid input",""
"","6","Server Unit Tests Surviving Mutants & Edge Cases Rate Limiting & Security kills mutants by verifying x-ratelimit headers","","Mon Apr 27 19:10:28 UTC 2026","passed","Mon Apr 27 19:10:28 UTC 2026","","Server Unit Tests","Server Unit Tests Surviving Mutants & Edge Cases Rate Limiting & Security kills mutants by verifying x-ratelimit headers",""
"","47","Frontend Unit Tests App Component handleColorClick shows error on non-2xx response","","Mon Apr 27 19:09:42 UTC 2026","passed","Mon Apr 27 19:09:42 UTC 2026","","Frontend Unit Tests","Frontend Unit Tests App Component handleColorClick shows error on non-2xx response",""
"","4","Component Tests ConfirmDialog Enter key calls onConfirm when not busy","","Mon Apr 27 19:09:42 UTC 2026","passed","Mon Apr 27 19:09:42 UTC 2026","","Component Tests","Component Tests ConfirmDialog Enter key calls onConfirm when not busy",""
"","27","Component Tests ColorPicker mousedown at right-center (hue=0) sets hex to #ff0000","","Mon Apr 27 19:09:42 UTC 2026","passed","Mon Apr 27 19:09:42 UTC 2026","","Utility Functions","Component Tests ColorPicker mousedown at right-center (hue=0) sets hex to #ff0000",""
"","5","Server Unit Tests POST /api/colors returns 400 when name is missing","","Mon Apr 27 19:10:28 UTC 2026","passed","Mon Apr 27 19:10:28 UTC 2026","","Server Unit Tests","Server Unit Tests POST /api/colors returns 400 when name is missing",""
"","21","Frontend Unit Tests App Component colors.length > 0 does NOT show loading text","","Mon Apr 27 19:09:42 UTC 2026","passed","Mon Apr 27 19:09:42 UTC 2026","","Frontend Unit Tests","Frontend Unit Tests App Component colors.length > 0 does NOT show loading text",""
"","39","Frontend Unit Tests App Component initial background is first color hex","","Mon Apr 27 19:09:42 UTC 2026","passed","Mon Apr 27 19:09:42 UTC 2026","","Frontend Unit Tests","Frontend Unit Tests App Component initial background is first color hex",""
"","8","malformed JSON body returns 400","Chrome","Mon Apr 27 19:27:12 UTC 2026","passed","Mon Apr 27 19:27:12 UTC 2026","Security > Input Validation","tests/security.spec.ts","",""
"","1271","verify Yellow ( #f1c40f ) is applied as the background color","Chrome","Mon Apr 27 19:18:50 UTC 2026","passed","Mon Apr 27 19:18:51 UTC 2026","Background color tests","tests/coverage.spec.ts","",""
"","152","Component Tests ConfirmDialog renders title, body, and both buttons","","Mon Apr 27 19:09:42 UTC 2026","passed","Mon Apr 27 19:09:42 UTC 2026","","Component Tests","Component Tests ConfirmDialog renders title, body, and both buttons",""
"","0","Utility Functions readableOn returns #111 for white (very light, L=1)","","Mon Apr 27 19:09:42 UTC 2026","passed","Mon Apr 27 19:09:42 UTC 2026","","Utility Functions","Utility Functions readableOn returns #111 for white (very light, L=1)",""
"","618","Show error message when the initial colors fetch fails","BDD","Mon Apr 27 19:24:37 UTC 2026","passed","Mon Apr 27 19:24:38 UTC 2026","API Error Handling","","",""
"","5","Server Unit Tests POST /api/colors returns 400 for name with special characters","","Mon Apr 27 19:10:28 UTC 2026","passed","Mon Apr 27 19:10:28 UTC 2026","","Server Unit Tests","Server Unit Tests POST /api/colors returns 400 for name with special characters",""
"","62","Frontend Unit Tests App Component fetches and displays color chips with swatch and delete button","","Mon Apr 27 19:09:42 UTC 2026","passed","Mon Apr 27 19:09:42 UTC 2026","","Frontend Unit Tests","Frontend Unit Tests App Component fetches and displays color chips with swatch and delete button",""
"","20","Component Tests ColorPicker typing a valid hex without # prefix is accepted","","Mon Apr 27 19:09:42 UTC 2026","passed","Mon Apr 27 19:09:42 UTC 2026","","Utility Functions","Component Tests ColorPicker typing a valid hex without # prefix is accepted",""
"","634","handle color selection fetch error","Chrome","Mon Apr 27 19:18:53 UTC 2026","passed","Mon Apr 27 19:18:53 UTC 2026","Edge cases and error handling","tests/coverage.spec.ts","",""
"","584","should show loading state when API returns empty colors","Chrome","Mon Apr 27 19:18:56 UTC 2026","passed","Mon Apr 27 19:18:56 UTC 2026","UI Error Handling Coverage","tests/error-handling.spec.ts","",""
"","617","Example #1","BDD","Mon Apr 27 19:24:39 UTC 2026","passed","Mon Apr 27 19:24:40 UTC 2026","Home Page Background Color > Change background color","","",""
"","4","Server Unit Tests POST /api/colors returns 400 for invalid hex format (no hash)","","Mon Apr 27 19:10:28 UTC 2026","passed","Mon Apr 27 19:10:28 UTC 2026","","Server Unit Tests","Server Unit Tests POST /api/colors returns 400 for invalid hex format (no hash)",""
"","36","Frontend Unit Tests App Component add color 409 conflict shows picker error (data.error message)","","Mon Apr 27 19:09:42 UTC 2026","passed","Mon Apr 27 19:09:42 UTC 2026","","Frontend Unit Tests","Frontend Unit Tests App Component add color 409 conflict shows picker error (data.error message)",""
"","531","should handle missing image gracefully by showing alt text","Chrome","Mon Apr 27 19:18:56 UTC 2026","passed","Mon Apr 27 19:18:57 UTC 2026","Network Mocking & Interception","tests/network-mocking.spec.ts","",""
"","9","unknown extra fields in POST body are rejected (400)","Chrome","Mon Apr 27 19:27:12 UTC 2026","passed","Mon Apr 27 19:27:12 UTC 2026","Security > Input Validation","tests/security.spec.ts","",""
"","735","check Turquoise ( #1abc9c) is the default background color.","Chrome","Mon Apr 27 19:27:46 UTC 2026","passed","Mon Apr 27 19:27:47 UTC 2026","","tests/coverage.spec.ts","",""
"","0","Utility Functions hslToRgb hue=180 (cyan) → [0,255,255]","","Mon Apr 27 19:09:42 UTC 2026","passed","Mon Apr 27 19:09:42 UTC 2026","","Utility Functions","Utility Functions hslToRgb hue=180 (cyan) → [0,255,255]",""
"","14","Server Integration Tests (Testcontainers) GET /api/colors/:name should return correct data for Red","","Mon Apr 27 19:10:31 UTC 2026","passed","Mon Apr 27 19:10:31 UTC 2026","","Server Integration Tests (Testcontainers)","Server Integration Tests (Testcontainers) GET /api/colors/:name should return correct data for Red",""
"","7","Server Integration Tests (Testcontainers) GET /api/colors/:name should return 400 for invalid name format","","Mon Apr 27 19:10:31 UTC 2026","passed","Mon Apr 27 19:10:31 UTC 2026","","Server Integration Tests (Testcontainers)","Server Integration Tests (Testcontainers) GET /api/colors/:name should return 400 for invalid name format",""
"","773","handle initial fetch error","Chrome","Mon Apr 27 19:18:52 UTC 2026","passed","Mon Apr 27 19:18:52 UTC 2026","Edge cases and error handling","tests/coverage.spec.ts","",""
"","49","Frontend Unit Tests App Component confirm dialog cancel button closes it","","Mon Apr 27 19:09:42 UTC 2026","passed","Mon Apr 27 19:09:42 UTC 2026","","Frontend Unit Tests","Frontend Unit Tests App Component confirm dialog cancel button closes it",""
"","3","Component Tests ConfirmDialog backdrop click does NOT call onCancel when busy","","Mon Apr 27 19:09:42 UTC 2026","passed","Mon Apr 27 19:09:42 UTC 2026","","Component Tests","Component Tests ConfirmDialog backdrop click does NOT call onCancel when busy",""
"","12","should reject missing name","Chrome","Mon Apr 27 19:29:28 UTC 2026","passed","Mon Apr 27 19:29:28 UTC 2026","Backend API Integration > POST /api/colors Schema Validation","tests/api.spec.ts","",""
"","5","Server Unit Tests Middleware includes CORS headers","","Mon Apr 27 19:10:28 UTC 2026","passed","Mon Apr 27 19:10:28 UTC 2026","","Server Unit Tests","Server Unit Tests Middleware includes CORS headers",""
"","20","Component Tests ColorPicker lightness slider min value (0) gives black","","Mon Apr 27 19:09:42 UTC 2026","passed","Mon Apr 27 19:09:42 UTC 2026","","Utility Functions","Component Tests ColorPicker lightness slider min value (0) gives black",""
"","57","Component Tests ColorPicker editing name does NOT call onClearError when no serverError","","Mon Apr 27 19:09:42 UTC 2026","passed","Mon Apr 27 19:09:42 UTC 2026","","Utility Functions","Component Tests ColorPicker editing name does NOT call onClearError when no serverError",""
"","29","Component Tests ColorPicker touch start on canvas sets hex to #ff0000 at right edge","","Mon Apr 27 19:09:42 UTC 2026","passed","Mon Apr 27 19:09:42 UTC 2026","","Utility Functions","Component Tests ColorPicker touch start on canvas sets hex to #ff0000 at right edge",""
"","1","Utility Functions rgbToHsl dark red (#800000): l<0.5, s=1 (l<=0.5 saturation branch)","","Mon Apr 27 19:09:42 UTC 2026","passed","Mon Apr 27 19:09:42 UTC 2026","","Utility Functions","Utility Functions rgbToHsl dark red (#800000): l<0.5, s=1 (l<=0.5 saturation branch)",""
"","49","Frontend Unit Tests App Component handleColorClick encodes color name in URL","","Mon Apr 27 19:09:42 UTC 2026","passed","Mon Apr 27 19:09:42 UTC 2026","","Frontend Unit Tests","Frontend Unit Tests App Component handleColorClick encodes color name in URL",""
"","1996","deleting the active color switches background to the first remaining","Chrome","Mon Apr 27 19:27:44 UTC 2026","passed","Mon Apr 27 19:27:46 UTC 2026","Color Management — Add & Delete","tests/color-management.spec.ts","",""
"","6","Server Unit Tests 405 Method Not Allowed returns 405 for POST, PUT, DELETE on /openapi.json","","Mon Apr 27 19:10:28 UTC 2026","passed","Mon Apr 27 19:10:28 UTC 2026","","Server Unit Tests","Server Unit Tests 405 Method Not Allowed returns 405 for POST, PUT, DELETE on /openapi.json",""
"","7","Server Unit Tests GET /api/colors returns JSON content type","","Mon Apr 27 19:10:28 UTC 2026","passed","Mon Apr 27 19:10:28 UTC 2026","","Server Unit Tests","Server Unit Tests GET /api/colors returns JSON content type",""
"","68","Frontend Unit Tests App Component handles null data from initial fetch gracefully","","Mon Apr 27 19:09:42 UTC 2026","passed","Mon Apr 27 19:09:42 UTC 2026","","Frontend Unit Tests","Frontend Unit Tests App Component handles null data from initial fetch gracefully",""
"","1112","homepage should match snapshot","Chrome","Mon Apr 27 19:26:32 UTC 2026","passed","Mon Apr 27 19:26:33 UTC 2026","Visual Regression – desktop-xl (1920×1080)","","",""
"","4915","should load the application and verify core functionality across browsers","WebKit","Mon Apr 27 19:24:46 UTC 2026","passed","Mon Apr 27 19:24:51 UTC 2026","Cross-Browser Core Functionality","","",""
"","325","Server Unit Tests Surviving Mutants & Edge Cases Port Fallback uses default PORT 5001 when process.env.PORT is missing","","Mon Apr 27 19:10:28 UTC 2026","passed","Mon Apr 27 19:10:28 UTC 2026","","Server Unit Tests","Server Unit Tests Surviving Mutants & Edge Cases Port Fallback uses default PORT 5001 when process.env.PORT is missing",""
"","12","Component Tests ColorPicker typing blue hex updates internal state (b is max branch)","","Mon Apr 27 19:09:42 UTC 2026","passed","Mon Apr 27 19:09:42 UTC 2026","","Utility Functions","Component Tests ColorPicker typing blue hex updates internal state (b is max branch)",""
"","7","Server Unit Tests GET /api/colors/:name is case-sensitive","","Mon Apr 27 19:10:28 UTC 2026","passed","Mon Apr 27 19:10:28 UTC 2026","","Server Unit Tests","Server Unit Tests GET /api/colors/:name is case-sensitive",""
"","0","Utility Functions rgbToHex converts arbitrary color","","Mon Apr 27 19:09:42 UTC 2026","passed","Mon Apr 27 19:09:42 UTC 2026","","Utility Functions","Utility Functions rgbToHex converts arbitrary color",""
"","11","Component Tests ColorPicker editing name input calls onClearError to clear server error","","Mon Apr 27 19:09:42 UTC 2026","passed","Mon Apr 27 19:09:42 UTC 2026","","Utility Functions","Component Tests ColorPicker editing name input calls onClearError to clear server error",""
"","12","Server Integration Tests (Testcontainers) Concurrent writes should handle parallel GETs without errors","","Mon Apr 27 19:10:31 UTC 2026","passed","Mon Apr 27 19:10:31 UTC 2026","","Server Integration Tests (Testcontainers)","Server Integration Tests (Testcontainers) Concurrent writes should handle parallel GETs without errors",""
"","1190","shows client-side ""Name is required"" when submitting empty name","Chrome","Mon Apr 27 19:27:40 UTC 2026","passed","Mon Apr 27 19:27:41 UTC 2026","Color Management — Add & Delete","tests/color-management.spec.ts","",""
"","7","Component Tests ColorPicker falls back to window resize listener when ResizeObserver is not available","","Mon Apr 27 19:09:42 UTC 2026","passed","Mon Apr 27 19:09:42 UTC 2026","","Utility Functions","Component Tests ColorPicker falls back to window resize listener when ResizeObserver is not available",""
"","0","homepage after color change","Chrome","Mon Apr 27 19:26:36 UTC 2026","skipped","Mon Apr 27 19:26:36 UTC 2026","Percy Visual Regression – Production > Percy – mobile (375×667)","","",""
"","5","Server Unit Tests Middleware returns 413 for payload too large","","Mon Apr 27 19:10:28 UTC 2026","passed","Mon Apr 27 19:10:28 UTC 2026","","Server Unit Tests","Server Unit Tests Middleware returns 413 for payload too large",""
"","5","Server Unit Tests Error Handling GET /api/colors returns 500 when database fails","","Mon Apr 27 19:10:28 UTC 2026","passed","Mon Apr 27 19:10:28 UTC 2026","","Server Unit Tests","Server Unit Tests Error Handling GET /api/colors returns 500 when database fails",""
"","10","Server Unit Tests PUT /api/colors/:name updates the name of an existing color and preserves hex","","Mon Apr 27 19:10:28 UTC 2026","passed","Mon Apr 27 19:10:28 UTC 2026","","Server Unit Tests","Server Unit Tests PUT /api/colors/:name updates the name of an existing color and preserves hex",""
"","6","Component Tests ConfirmDialog backdrop click calls onCancel when not busy","","Mon Apr 27 19:09:42 UTC 2026","passed","Mon Apr 27 19:09:42 UTC 2026","","Component Tests","Component Tests ConfirmDialog backdrop click calls onCancel when not busy",""
"","22","Component Tests ColorPicker typing in name input clears name error","","Mon Apr 27 19:09:42 UTC 2026","passed","Mon Apr 27 19:09:42 UTC 2026","","Utility Functions","Component Tests ColorPicker typing in name input clears name error",""
"","15","Server Unit Tests Surviving Mutants & Edge Cases Regex & Validation STRICT_NAME_REGEX kills mutants on start/end/middle characters","","Mon Apr 27 19:10:28 UTC 2026","passed","Mon Apr 27 19:10:28 UTC 2026","","Server Unit Tests","Server Unit Tests Surviving Mutants & Edge Cases Regex & Validation STRICT_NAME_REGEX kills mutants on start/end/middle characters",""
"","1","Utility Functions hslToRgb lightness=1 gives white","","Mon Apr 27 19:09:42 UTC 2026","passed","Mon Apr 27 19:09:42 UTC 2026","","Utility Functions","Utility Functions hslToRgb lightness=1 gives white",""
"","12","should reject omitting both name and hex on update","Chrome","Mon Apr 27 19:29:28 UTC 2026","passed","Mon Apr 27 19:29:28 UTC 2026","Backend API Integration > PUT /api/colors/:name Schema Validation","tests/api.spec.ts","",""
"","2546","should maintain accessibility after state change (color update)","Chrome","Mon Apr 27 19:29:17 UTC 2026","passed","Mon Apr 27 19:29:19 UTC 2026","Accessibility Tests","tests/a11y.spec.ts","",""
"","46","Frontend Unit Tests App Component add color 400 without data.error falls back to generic message","","Mon Apr 27 19:09:42 UTC 2026","passed","Mon Apr 27 19:09:42 UTC 2026","","Frontend Unit Tests","Frontend Unit Tests App Component add color 400 without data.error falls back to generic message",""
"","5","Server Unit Tests Surviving Mutants & Edge Cases Swagger JSDoc Integration kills apis array mutants by verifying JSDoc content is present","","Mon Apr 27 19:10:28 UTC 2026","passed","Mon Apr 27 19:10:28 UTC 2026","","Server Unit Tests","Server Unit Tests Surviving Mutants & Edge Cases Swagger JSDoc Integration kills apis array mutants by verifying JSDoc content is present",""
"","566","should handle fetch colors network failure gracefully","Chrome","Mon Apr 27 19:18:55 UTC 2026","passed","Mon Apr 27 19:18:56 UTC 2026","UI Error Handling Coverage","tests/error-handling.spec.ts","",""
"","5","Server Unit Tests 405 Method Not Allowed does not return 405 for allowed DELETE method on /api/colors/:name","","Mon Apr 27 19:10:28 UTC 2026","passed","Mon Apr 27 19:10:28 UTC 2026","","Server Unit Tests","Server Unit Tests 405 Method Not Allowed does not return 405 for allowed DELETE method on /api/colors/:name",""
"","10","Component Tests ConfirmDialog swatch div has the correct background color","","Mon Apr 27 19:09:42 UTC 2026","passed","Mon Apr 27 19:09:42 UTC 2026","","Component Tests","Component Tests ConfirmDialog swatch div has the correct background color",""
"","26","Component Tests ColorPicker lightness slider max value (100) gives white","","Mon Apr 27 19:09:42 UTC 2026","passed","Mon Apr 27 19:09:42 UTC 2026","","Utility Functions","Component Tests ColorPicker lightness slider max value (100) gives white",""
"","0","Utility Functions hslToRgb hue=360 wraps to hue=0 → [255,0,0]","","Mon Apr 27 19:09:42 UTC 2026","passed","Mon Apr 27 19:09:42 UTC 2026","","Utility Functions","Utility Functions hslToRgb hue=360 wraps to hue=0 → [255,0,0]",""
"","304","Server Unit Tests Surviving Mutants & Edge Cases Infrastructure uses default MONGO_URI when process.env.MONGO_URI is missing","","Mon Apr 27 19:10:28 UTC 2026","passed","Mon Apr 27 19:10:28 UTC 2026","","Server Unit Tests","Server Unit Tests Surviving Mutants & Edge Cases Infrastructure uses default MONGO_URI when process.env.MONGO_URI is missing",""
"","1","Utility Functions readableOn returns #fff for black (very dark, L≈0)","","Mon Apr 27 19:09:42 UTC 2026","passed","Mon Apr 27 19:09:42 UTC 2026","","Utility Functions","Utility Functions readableOn returns #fff for black (very dark, L≈0)",""
"","14","Component Tests ColorPicker typing red with g<b hex updates internal state","","Mon Apr 27 19:09:42 UTC 2026","passed","Mon Apr 27 19:09:42 UTC 2026","","Utility Functions","Component Tests ColorPicker typing red with g<b hex updates internal state",""
"","5","Server Unit Tests GET /api/colors/:name returns 404 for a non-existent color","","Mon Apr 27 19:10:28 UTC 2026","passed","Mon Apr 27 19:10:28 UTC 2026","","Server Unit Tests","Server Unit Tests GET /api/colors/:name returns 404 for a non-existent color",""
"","63","Frontend Unit Tests App Component picker onCancel does nothing when saving=true","","Mon Apr 27 19:09:42 UTC 2026","passed","Mon Apr 27 19:09:42 UTC 2026","","Frontend Unit Tests","Frontend Unit Tests App Component picker onCancel does nothing when saving=true",""
"","70","GET /api/colors/Turquoise should return the correct hex code","Chrome","Mon Apr 27 19:29:27 UTC 2026","passed","Mon Apr 27 19:29:28 UTC 2026","Backend API Integration","tests/api.spec.ts","",""
"","621","homepage should match snapshot","Chrome","Mon Apr 27 19:26:34 UTC 2026","passed","Mon Apr 27 19:26:35 UTC 2026","Visual Regression – iphone-landscape (667×375)","","",""
"","1333","shows server-error message on 500 inside the picker","Chrome","Mon Apr 27 19:27:42 UTC 2026","passed","Mon Apr 27 19:27:43 UTC 2026","Color Management — Add & Delete","tests/color-management.spec.ts","",""
"","89","Component Tests ColorPicker renders the modal with title, hex preview, name and hex inputs","","Mon Apr 27 19:09:42 UTC 2026","passed","Mon Apr 27 19:09:42 UTC 2026","","Utility Functions","Component Tests ColorPicker renders the modal with title, hex preview, name and hex inputs",""
"","2221","PUT /api/colors/{name}","","","passed","","","schemathesis","",""
"","0","Utility Functions rgbToHex pads single-digit hex values with leading zero","","Mon Apr 27 19:09:42 UTC 2026","passed","Mon Apr 27 19:09:42 UTC 2026","","Utility Functions","Utility Functions rgbToHex pads single-digit hex values with leading zero",""
"","6","Server Integration Tests (Testcontainers) Method Not Allowed should return 405 for PATCH /api/colors/:name","","Mon Apr 27 19:10:31 UTC 2026","passed","Mon Apr 27 19:10:31 UTC 2026","","Server Integration Tests (Testcontainers)","Server Integration Tests (Testcontainers) Method Not Allowed should return 405 for PATCH /api/colors/:name",""
"","4","Server Unit Tests DELETE /api/colors/:name returns 400 for invalid name in path (regex check)","","Mon Apr 27 19:10:28 UTC 2026","passed","Mon Apr 27 19:10:28 UTC 2026","","Server Unit Tests","Server Unit Tests DELETE /api/colors/:name returns 400 for invalid name in path (regex check)",""
"","12","should reject empty name","Chrome","Mon Apr 27 19:29:28 UTC 2026","passed","Mon Apr 27 19:29:28 UTC 2026","Backend API Integration > POST /api/colors Schema Validation","tests/api.spec.ts","",""
"","0","Utility Functions readableOn returns #111 for an invalid/empty hex string (null rgb fallback)","","Mon Apr 27 19:09:42 UTC 2026","passed","Mon Apr 27 19:09:42 UTC 2026","","Utility Functions","Utility Functions readableOn returns #111 for an invalid/empty hex string (null rgb fallback)",""
"","4","Server Unit Tests DELETE /api/colors/:name returns 404 for a non-existent color","","Mon Apr 27 19:10:28 UTC 2026","passed","Mon Apr 27 19:10:28 UTC 2026","","Server Unit Tests","Server Unit Tests DELETE /api/colors/:name returns 404 for a non-existent color",""
"","18","GET /api/colors/Red should return the correct hex code","Chrome","Mon Apr 27 19:29:28 UTC 2026","passed","Mon Apr 27 19:29:28 UTC 2026","Backend API Integration","tests/api.spec.ts","",""
"","1224","should display all core elements and handle button interaction","Chrome","Mon Apr 27 19:26:34 UTC 2026","passed","Mon Apr 27 19:26:35 UTC 2026","Responsive Design – tablet (768×1024)","","",""
"","926","clicking the backdrop closes the picker","Chrome","Mon Apr 27 19:27:39 UTC 2026","passed","Mon Apr 27 19:27:40 UTC 2026","Color Management — Add & Delete","tests/color-management.spec.ts","",""
"","48","Frontend Unit Tests App Component learn react link has correct text","","Mon Apr 27 19:09:42 UTC 2026","passed","Mon Apr 27 19:09:42 UTC 2026","","Frontend Unit Tests","Frontend Unit Tests App Component learn react link has correct text",""
"","904","should display all core elements and handle button interaction","Chrome","Mon Apr 27 19:26:35 UTC 2026","passed","Mon Apr 27 19:26:36 UTC 2026","Responsive Design – iPhone landscape (667×375)","","",""
"","6","Frontend Unit Tests App Component language selector change calls i18n and updates html lang","","Mon Apr 27 19:09:42 UTC 2026","passed","Mon Apr 27 19:09:42 UTC 2026","","Frontend Unit Tests","Frontend Unit Tests App Component language selector change calls i18n and updates html lang",""
"","82","Frontend Unit Tests App Component deleting is false again after a failed delete (finally block)","","Mon Apr 27 19:09:42 UTC 2026","passed","Mon Apr 27 19:09:42 UTC 2026","","Frontend Unit Tests","Frontend Unit Tests App Component deleting is false again after a failed delete (finally block)",""
"","9","Server Integration Tests (Testcontainers) POST /api/colors should accept a single alphanumeric character as a name","","Mon Apr 27 19:10:31 UTC 2026","passed","Mon Apr 27 19:10:31 UTC 2026","","Server Integration Tests (Testcontainers)","Server Integration Tests (Testcontainers) POST /api/colors should accept a single alphanumeric character as a name",""
"","6","Server Integration Tests (Testcontainers) PUT /api/colors/:name should return 404 when updating a non-existent color","","Mon Apr 27 19:10:31 UTC 2026","passed","Mon Apr 27 19:10:31 UTC 2026","","Server Integration Tests (Testcontainers)","Server Integration Tests (Testcontainers) PUT /api/colors/:name should return 404 when updating a non-existent color",""
"","8","Server Unit Tests Error Handling PUT /api/colors/:name returns 500 when database fails","","Mon Apr 27 19:10:28 UTC 2026","passed","Mon Apr 27 19:10:28 UTC 2026","","Server Unit Tests","Server Unit Tests Error Handling PUT /api/colors/:name returns 500 when database fails",""
"","9","Server Integration Tests (Testcontainers) PUT /api/colors/:name should update both name and hex simultaneously","","Mon Apr 27 19:10:31 UTC 2026","passed","Mon Apr 27 19:10:31 UTC 2026","","Server Integration Tests (Testcontainers)","Server Integration Tests (Testcontainers) PUT /api/colors/:name should update both name and hex simultaneously",""
"","5","Server Unit Tests PUT /api/colors/:name returns 404 for a non-existent color","","Mon Apr 27 19:10:28 UTC 2026","passed","Mon Apr 27 19:10:28 UTC 2026","","Server Unit Tests","Server Unit Tests PUT /api/colors/:name returns 404 for a non-existent color",""
"","1","Utility Functions readableOn returns #111 for mid-grey (L≈0.35, black gives better contrast)","","Mon Apr 27 19:09:42 UTC 2026","passed","Mon Apr 27 19:09:42 UTC 2026","","Utility Functions","Utility Functions readableOn returns #111 for mid-grey (L≈0.35, black gives better contrast)",""
"","0","Utility Functions hslToRgb hue=120 (green) → [0,255,0]","","Mon Apr 27 19:09:42 UTC 2026","passed","Mon Apr 27 19:09:42 UTC 2026","","Utility Functions","Utility Functions hslToRgb hue=120 (green) → [0,255,0]",""
"","10","Server Unit Tests seedDatabase clears existing colors and re-seeds with 3 defaults","","Mon Apr 27 19:10:28 UTC 2026","passed","Mon Apr 27 19:10:28 UTC 2026","","Server Unit Tests","Server Unit Tests seedDatabase clears existing colors and re-seeds with 3 defaults",""
"","4","Server Unit Tests Surviving Mutants & Edge Cases Swagger Metadata & OpenAPI has exact info metadata","","Mon Apr 27 19:10:28 UTC 2026","passed","Mon Apr 27 19:10:28 UTC 2026","","Server Unit Tests","Server Unit Tests Surviving Mutants & Edge Cases Swagger Metadata & OpenAPI has exact info metadata",""
"","6","Server Unit Tests PUT /api/colors/:name does not change name when updating only hex","","Mon Apr 27 19:10:28 UTC 2026","passed","Mon Apr 27 19:10:28 UTC 2026","","Server Unit Tests","Server Unit Tests PUT /api/colors/:name does not change name when updating only hex",""
"","578","Example #1","BDD","Mon Apr 27 19:24:41 UTC 2026","passed","Mon Apr 27 19:24:41 UTC 2026","Language Switching > Switch language and verify translated UI labels","","",""
"","44","Frontend Unit Tests App Component add color 400 shows data.error message","","Mon Apr 27 19:09:42 UTC 2026","passed","Mon Apr 27 19:09:42 UTC 2026","","Frontend Unit Tests","Frontend Unit Tests App Component add color 400 shows data.error message",""
"","1069","cancel in confirm dialog closes it without deleting","Chrome","Mon Apr 27 19:27:43 UTC 2026","passed","Mon Apr 27 19:27:44 UTC 2026","Color Management — Add & Delete","tests/color-management.spec.ts","",""
"","800","homepage should match snapshot","Chrome","Mon Apr 27 19:26:33 UTC 2026","passed","Mon Apr 27 19:26:34 UTC 2026","Visual Regression – tablet (768×1024)","","",""
"","29","Component Tests ColorPicker submit with empty name shows ""Name is required"" error","","Mon Apr 27 19:09:42 UTC 2026","passed","Mon Apr 27 19:09:42 UTC 2026","","Utility Functions","Component Tests ColorPicker submit with empty name shows ""Name is required"" error",""
"","0","Utility Functions rgbToHsl black [0,0,0] → h=0, s=0, l=0","","Mon Apr 27 19:09:42 UTC 2026","passed","Mon Apr 27 19:09:42 UTC 2026","","Utility Functions","Utility Functions rgbToHsl black [0,0,0] → h=0, s=0, l=0",""
"","4","Server Unit Tests PUT /api/colors/:name returns 400 for extra unknown fields (strict schema)","","Mon Apr 27 19:10:28 UTC 2026","passed","Mon Apr 27 19:10:28 UTC 2026","","Server Unit Tests","Server Unit Tests PUT /api/colors/:name returns 400 for extra unknown fields (strict schema)",""
"","5","Component Tests ConfirmDialog clicking the card itself does NOT call onCancel","","Mon Apr 27 19:09:42 UTC 2026","passed","Mon Apr 27 19:09:42 UTC 2026","","Component Tests","Component Tests ConfirmDialog clicking the card itself does NOT call onCancel",""
"","6","Server Integration Tests (Testcontainers) PUT /api/colors/:name should return 400 when update body is empty","","Mon Apr 27 19:10:31 UTC 2026","passed","Mon Apr 27 19:10:31 UTC 2026","","Server Integration Tests (Testcontainers)","Server Integration Tests (Testcontainers) PUT /api/colors/:name should return 400 when update body is empty",""
"","10","Component Tests ColorPicker clicking inside the card does NOT call onCancel","","Mon Apr 27 19:09:42 UTC 2026","passed","Mon Apr 27 19:09:42 UTC 2026","","Utility Functions","Component Tests ColorPicker clicking inside the card does NOT call onCancel",""
"","4","Server Unit Tests PUT /api/colors/:name returns 400 for invalid name in path (regex check)","","Mon Apr 27 19:10:28 UTC 2026","passed","Mon Apr 27 19:10:28 UTC 2026","","Server Unit Tests","Server Unit Tests PUT /api/colors/:name returns 400 for invalid name in path (regex check)",""
"","39","Frontend Unit Tests App Component existingNames passed to ColorPicker matches current color list","","Mon Apr 27 19:09:42 UTC 2026","passed","Mon Apr 27 19:09:42 UTC 2026","","Frontend Unit Tests","Frontend Unit Tests App Component existingNames passed to ColorPicker matches current color list",""
"","59","Frontend Unit Tests App Component successful delete removes the color chip","","Mon Apr 27 19:09:42 UTC 2026","passed","Mon Apr 27 19:09:42 UTC 2026","","Frontend Unit Tests","Frontend Unit Tests App Component successful delete removes the color chip",""
"","30","Frontend Unit Tests App Component clicking Add color button opens picker modal","","Mon Apr 27 19:09:42 UTC 2026","passed","Mon Apr 27 19:09:42 UTC 2026","","Frontend Unit Tests","Frontend Unit Tests App Component clicking Add color button opens picker modal",""
"","13","Component Tests ColorPicker wheel cursor moves to (220,110) after right-edge click (hue=0, sat=1)","","Mon Apr 27 19:09:42 UTC 2026","passed","Mon Apr 27 19:09:42 UTC 2026","","Utility Functions","Component Tests ColorPicker wheel cursor moves to (220,110) after right-edge click (hue=0, sat=1)",""
"","18","Component Tests ColorPicker valid submit calls onConfirm with trimmed name and current hex","","Mon Apr 27 19:09:42 UTC 2026","passed","Mon Apr 27 19:09:42 UTC 2026","","Utility Functions","Component Tests ColorPicker valid submit calls onConfirm with trimmed name and current hex",""
"","314","Server Unit Tests Surviving Mutants & Edge Cases Infrastructure uses MONGO_URI from environment if available","","Mon Apr 27 19:10:28 UTC 2026","passed","Mon Apr 27 19:10:28 UTC 2026","","Server Unit Tests","Server Unit Tests Surviving Mutants & Edge Cases Infrastructure uses MONGO_URI from environment if available",""
"","12","Server Integration Tests (Testcontainers) POST /api/colors should return 409 when creating a duplicate color name","","Mon Apr 27 19:10:31 UTC 2026","passed","Mon Apr 27 19:10:31 UTC 2026","","Server Integration Tests (Testcontainers)","Server Integration Tests (Testcontainers) POST /api/colors should return 409 when creating a duplicate color name",""
"","62","Frontend Unit Tests App Component add color success closes picker and shows new chip","","Mon Apr 27 19:09:42 UTC 2026","passed","Mon Apr 27 19:09:42 UTC 2026","","Frontend Unit Tests","Frontend Unit Tests App Component add color success closes picker and shows new chip",""
"","15","Component Tests ColorPicker Enter key on name input triggers submit","","Mon Apr 27 19:09:42 UTC 2026","passed","Mon Apr 27 19:09:42 UTC 2026","","Utility Functions","Component Tests ColorPicker Enter key on name input triggers submit",""
"","5","Server Unit Tests Error Handling DELETE /api/colors/:name returns 500 when database fails","","Mon Apr 27 19:10:28 UTC 2026","passed","Mon Apr 27 19:10:28 UTC 2026","","Server Unit Tests","Server Unit Tests Error Handling DELETE /api/colors/:name returns 500 when database fails",""
"","8","POST /api-docs returns 405","Chrome","Mon Apr 27 19:27:13 UTC 2026","passed","Mon Apr 27 19:27:13 UTC 2026","Security > HTTP Method Restrictions","tests/security.spec.ts","",""
"","286","Server Unit Tests Surviving Mutants & Edge Cases Port Fallback reflects process.env.PORT in Swagger servers","","Mon Apr 27 19:10:28 UTC 2026","passed","Mon Apr 27 19:10:28 UTC 2026","","Server Unit Tests","Server Unit Tests Surviving Mutants & Edge Cases Port Fallback reflects process.env.PORT in Swagger servers",""
"","1052","GET /api/colors/{name}","","","passed","","","schemathesis","",""
"","1097","close (×) button closes the picker","Chrome","Mon Apr 27 19:27:38 UTC 2026","passed","Mon Apr 27 19:27:39 UTC 2026","Color Management — Add & Delete","tests/color-management.spec.ts","",""
"","1","Frontend Unit Tests i18n Configuration should have translation keys in resources","","Mon Apr 27 19:09:44 UTC 2026","passed","Mon Apr 27 19:09:44 UTC 2026","","Frontend Unit Tests","Frontend Unit Tests i18n Configuration should have translation keys in resources",""
"","0","Utility Functions hslToRgb negative hue wraps: hue=-120 = hue=240","","Mon Apr 27 19:09:42 UTC 2026","passed","Mon Apr 27 19:09:42 UTC 2026","","Utility Functions","Utility Functions hslToRgb negative hue wraps: hue=-120 = hue=240",""
"","7","Server Integration Tests (Testcontainers) GET /api/colors/:name should not expose _id or __v fields","","Mon Apr 27 19:10:31 UTC 2026","passed","Mon Apr 27 19:10:31 UTC 2026","","Server Integration Tests (Testcontainers)","Server Integration Tests (Testcontainers) GET /api/colors/:name should not expose _id or __v fields",""
"","13","Server Integration Tests (Testcontainers) GET /api/colors/:name should return correct data for Turquoise","","Mon Apr 27 19:10:31 UTC 2026","passed","Mon Apr 27 19:10:31 UTC 2026","","Server Integration Tests (Testcontainers)","Server Integration Tests (Testcontainers) GET /api/colors/:name should return correct data for Turquoise",""
"","659","first color chip is active on load (aria-pressed=true)","Chrome","Mon Apr 27 19:27:34 UTC 2026","passed","Mon Apr 27 19:27:35 UTC 2026","Color Management — Add & Delete","tests/color-management.spec.ts","",""
"","11","should return 404 when updating non-existent color","Chrome","Mon Apr 27 19:29:28 UTC 2026","passed","Mon Apr 27 19:29:28 UTC 2026","Backend API Integration > PUT /api/colors/:name Schema Validation","tests/api.spec.ts","",""
"","1210","should create color via API and verify through UI","Chrome","Mon Apr 27 19:18:56 UTC 2026","passed","Mon Apr 27 19:18:58 UTC 2026","Hybrid E2E Testing","tests/hybrid.spec.ts","",""
"","11","Server Integration Tests (Testcontainers) seedDatabase should be idempotent — calling twice always yields exactly 3 colors","","Mon Apr 27 19:10:31 UTC 2026","passed","Mon Apr 27 19:10:31 UTC 2026","","Server Integration Tests (Testcontainers)","Server Integration Tests (Testcontainers) seedDatabase should be idempotent — calling twice always yields exactly 3 colors",""
"","8","Server Unit Tests Surviving Mutants & Edge Cases Regex & Validation STRICT_NAME_REGEX is strict on forbidden special characters in the middle","","Mon Apr 27 19:10:28 UTC 2026","passed","Mon Apr 27 19:10:28 UTC 2026","","Server Unit Tests","Server Unit Tests Surviving Mutants & Edge Cases Regex & Validation STRICT_NAME_REGEX is strict on forbidden special characters in the middle",""
"","4","Server Unit Tests PUT /api/colors/:name returns 400 for invalid hex on update","","Mon Apr 27 19:10:28 UTC 2026","passed","Mon Apr 27 19:10:28 UTC 2026","","Server Unit Tests","Server Unit Tests PUT /api/colors/:name returns 400 for invalid hex on update",""
"","515","should load the application and verify core functionality across browsers","Chrome","Mon Apr 27 19:24:49 UTC 2026","passed","Mon Apr 27 19:24:49 UTC 2026","Cross-Browser Core Functionality","","",""
"Performance Test: UI Performance Test
File: ui-performance.spec.ts
Total Iterations: 1
Max VUs: 1

HTTP Request Duration:
- Avg: 2.93ms
- P(95): 2.93ms
- Max: 2.93ms

Full metrics attached in the results.","33332","UI Performance Test","Performance","Mon Apr 27 19:26:37 UTC 2026","passed","Mon Apr 27 19:27:10 UTC 2026","ui-performance.spec.ts","UI Performance Test","",""
"","3","Server Unit Tests 405 Method Not Allowed sets the Allow header on /api/colors/:name with correct methods","","Mon Apr 27 19:10:28 UTC 2026","passed","Mon Apr 27 19:10:28 UTC 2026","","Server Unit Tests","Server Unit Tests 405 Method Not Allowed sets the Allow header on /api/colors/:name with correct methods",""
"","0","Utility Functions rgbToHsl light red (#ff8080): l>0.5, s computed via (2-max-min) branch","","Mon Apr 27 19:09:42 UTC 2026","passed","Mon Apr 27 19:09:42 UTC 2026","","Utility Functions","Utility Functions rgbToHsl light red (#ff8080): l>0.5, s computed via (2-max-min) branch",""
"","32","Frontend Unit Tests App Component picker cancel button closes the modal","","Mon Apr 27 19:09:42 UTC 2026","passed","Mon Apr 27 19:09:42 UTC 2026","","Frontend Unit Tests","Frontend Unit Tests App Component picker cancel button closes the modal",""
"","25","Component Tests ColorPicker mousedown at left-center (hue=180) sets hex to #00ffff","","Mon Apr 27 19:09:42 UTC 2026","passed","Mon Apr 27 19:09:42 UTC 2026","","Utility Functions","Component Tests ColorPicker mousedown at left-center (hue=180) sets hex to #00ffff",""
"","11","should reject updating with empty name","Chrome","Mon Apr 27 19:29:28 UTC 2026","passed","Mon Apr 27 19:29:28 UTC 2026","Backend API Integration > PUT /api/colors/:name Schema Validation","tests/api.spec.ts","",""
"","0","Utility Functions rgbToHsl g max with b>r (#00ff80) → h near 150","","Mon Apr 27 19:09:42 UTC 2026","passed","Mon Apr 27 19:09:42 UTC 2026","","Utility Functions","Utility Functions rgbToHsl g max with b>r (#00ff80) → h near 150",""
"","0","Utility Functions hslToRgb high lightness l=0.75 → [255,128,128]","","Mon Apr 27 19:09:42 UTC 2026","passed","Mon Apr 27 19:09:42 UTC 2026","","Utility Functions","Utility Functions hslToRgb high lightness l=0.75 → [255,128,128]",""
"","565","Color button remains functional after switching language","BDD","Mon Apr 27 19:24:42 UTC 2026","passed","Mon Apr 27 19:24:42 UTC 2026","Language Switching","","",""
"","7852","should meet the accessibility threshold using Google Lighthouse","Chrome","Mon Apr 27 19:29:21 UTC 2026","passed","Mon Apr 27 19:29:29 UTC 2026","Accessibility Tests","tests/a11y.spec.ts","",""
"","1","Utility Functions paintWheelPixel paints grey at center (dx=0, dy=0, dist=0, sat=0)","","Mon Apr 27 19:09:42 UTC 2026","passed","Mon Apr 27 19:09:42 UTC 2026","","Utility Functions","Utility Functions paintWheelPixel paints grey at center (dx=0, dy=0, dist=0, sat=0)",""
"","6","Server Unit Tests Middleware JSON error middleware ignores SyntaxError without body","","Mon Apr 27 19:10:28 UTC 2026","passed","Mon Apr 27 19:10:28 UTC 2026","","Server Unit Tests","Server Unit Tests Middleware JSON error middleware ignores SyntaxError without body",""
"","6","Server Unit Tests Surviving Mutants & Edge Cases PUT logic kills hex regex mutant in PUT","","Mon Apr 27 19:10:28 UTC 2026","passed","Mon Apr 27 19:10:28 UTC 2026","","Server Unit Tests","Server Unit Tests Surviving Mutants & Edge Cases PUT logic kills hex regex mutant in PUT",""
"","0","Utility Functions hslToRgb hue=240 (blue) → [0,0,255]","","Mon Apr 27 19:09:42 UTC 2026","passed","Mon Apr 27 19:09:42 UTC 2026","","Utility Functions","Utility Functions hslToRgb hue=240 (blue) → [0,0,255]",""
"","12","oversized payload is rejected (413)","Chrome","Mon Apr 27 19:27:12 UTC 2026","passed","Mon Apr 27 19:27:12 UTC 2026","Security > Input Validation","tests/security.spec.ts","",""
"","8","error responses return JSON, not HTML (no info leakage)","Chrome","Mon Apr 27 19:27:13 UTC 2026","passed","Mon Apr 27 19:27:13 UTC 2026","Security > Security Headers","tests/security.spec.ts","",""
"","9","Server Unit Tests Surviving Mutants & Edge Cases PUT logic kills name/hex conditional mutants by providing only one field","","Mon Apr 27 19:10:28 UTC 2026","passed","Mon Apr 27 19:10:28 UTC 2026","","Server Unit Tests","Server Unit Tests Surviving Mutants & Edge Cases PUT logic kills name/hex conditional mutants by providing only one field",""
"","17","Component Tests ColorPicker mousemove without prior mousedown (not dragging) does not change color","","Mon Apr 27 19:09:42 UTC 2026","passed","Mon Apr 27 19:09:42 UTC 2026","","Utility Functions","Component Tests ColorPicker mousemove without prior mousedown (not dragging) does not change color",""
"","1","Utility Functions hslToRgb lightness clamped: l=1.5 gives white","","Mon Apr 27 19:09:42 UTC 2026","passed","Mon Apr 27 19:09:42 UTC 2026","","Utility Functions","Utility Functions hslToRgb lightness clamped: l=1.5 gives white",""
"","23","Server Integration Tests (Testcontainers) POST /api/colors should create a new color and persist it in the real database","","Mon Apr 27 19:10:31 UTC 2026","passed","Mon Apr 27 19:10:31 UTC 2026","","Server Integration Tests (Testcontainers)","Server Integration Tests (Testcontainers) POST /api/colors should create a new color and persist it in the real database",""
"","18","Component Tests ConfirmDialog cancel button calls onCancel","","Mon Apr 27 19:09:42 UTC 2026","passed","Mon Apr 27 19:09:42 UTC 2026","","Component Tests","Component Tests ConfirmDialog cancel button calls onCancel",""
"","0","homepage initial state","Chrome","Mon Apr 27 19:26:36 UTC 2026","skipped","Mon Apr 27 19:26:36 UTC 2026","Percy Visual Regression – Production > Percy – desktop (1280×720)","","",""
"","22","Component Tests ColorPicker submit is blocked when hex input has an error","","Mon Apr 27 19:09:42 UTC 2026","passed","Mon Apr 27 19:09:42 UTC 2026","","Utility Functions","Component Tests ColorPicker submit is blocked when hex input has an error",""
"","6","Server Integration Tests (Testcontainers) Method Not Allowed should return 405 for PATCH /api/colors","","Mon Apr 27 19:10:31 UTC 2026","passed","Mon Apr 27 19:10:31 UTC 2026","","Server Integration Tests (Testcontainers)","Server Integration Tests (Testcontainers) Method Not Allowed should return 405 for PATCH /api/colors",""
"","13","Server Integration Tests (Testcontainers) GET /api/colors should not expose _id or __v fields","","Mon Apr 27 19:10:31 UTC 2026","passed","Mon Apr 27 19:10:31 UTC 2026","","Server Integration Tests (Testcontainers)","Server Integration Tests (Testcontainers) GET /api/colors should not expose _id or __v fields",""
"","0","homepage initial state","Chrome","Mon Apr 27 19:26:36 UTC 2026","skipped","Mon Apr 27 19:26:36 UTC 2026","Percy Visual Regression – Production > Percy – desktop-xl (1920×1080)","","",""
"","1","Utility Functions hslToRgb saturation clamped: s=-0.5 treated as s=0","","Mon Apr 27 19:09:42 UTC 2026","passed","Mon Apr 27 19:09:42 UTC 2026","","Utility Functions","Utility Functions hslToRgb saturation clamped: s=-0.5 treated as s=0",""
"","19","POST with script tag in name is rejected (400)","Chrome","Mon Apr 27 19:27:11 UTC 2026","passed","Mon Apr 27 19:27:11 UTC 2026","Security > XSS Prevention","tests/security.spec.ts","",""
"","0","homepage initial state","Chrome","Mon Apr 27 19:26:36 UTC 2026","skipped","Mon Apr 27 19:26:36 UTC 2026","Percy Visual Regression – Production > Percy – mobile (375×667)","","",""
"","4","Server Unit Tests Error Handling seedDatabase logs error when database fails","","Mon Apr 27 19:10:28 UTC 2026","passed","Mon Apr 27 19:10:28 UTC 2026","","Server Unit Tests","Server Unit Tests Error Handling seedDatabase logs error when database fails",""
"","8","Frontend Unit Tests App Component shows error alert when initial fetch fails","","Mon Apr 27 19:09:42 UTC 2026","passed","Mon Apr 27 19:09:42 UTC 2026","","Frontend Unit Tests","Frontend Unit Tests App Component shows error alert when initial fetch fails",""
"","4","Server Unit Tests OpenAPI endpoints serves Swagger UI as HTML","","Mon Apr 27 19:10:28 UTC 2026","passed","Mon Apr 27 19:10:28 UTC 2026","","Server Unit Tests","Server Unit Tests OpenAPI endpoints serves Swagger UI as HTML",""
"","0","Utility Functions rgbToHex converts pure red","","Mon Apr 27 19:09:42 UTC 2026","passed","Mon Apr 27 19:09:42 UTC 2026","","Utility Functions","Utility Functions rgbToHex converts pure red",""
"","23","Frontend Unit Tests App Component labelFor returns translation for known color (Turquoise)","","Mon Apr 27 19:09:42 UTC 2026","passed","Mon Apr 27 19:09:42 UTC 2026","","Frontend Unit Tests","Frontend Unit Tests App Component labelFor returns translation for known color (Turquoise)",""
"","0","Utility Functions paintWheelPixel wraps negative angle: dy<0 gives angle+360 (hue=270 → violet)","","Mon Apr 27 19:09:42 UTC 2026","passed","Mon Apr 27 19:09:42 UTC 2026","","Utility Functions","Utility Functions paintWheelPixel wraps negative angle: dy<0 gives angle+360 (hue=270 → violet)",""
"","3","Server Unit Tests PUT /api/colors/:name returns 400 when no fields are provided (empty body)","","Mon Apr 27 19:10:28 UTC 2026","passed","Mon Apr 27 19:10:28 UTC 2026","","Server Unit Tests","Server Unit Tests PUT /api/colors/:name returns 400 when no fields are provided (empty body)",""
"","1","Utility Functions rgbToHsl b max (#0040ff) → h in (180,300)","","Mon Apr 27 19:09:42 UTC 2026","passed","Mon Apr 27 19:09:42 UTC 2026","","Utility Functions","Utility Functions rgbToHsl b max (#0040ff) → h in (180,300)",""
