"DESCRIPTION","DURATION IN MS","NAME","PARENT SUITE","START TIME","STATUS","STOP TIME","SUB SUITE","SUITE","TEST CLASS","TEST METHOD"
"","158","POST with script tag in name is rejected (400)","bs-safari-ventura","2026-09-27","passed","2026-09-27","Security > XSS Prevention","","",""
"","1997","should maintain accessibility in el language and verify resilient locators","bs-chrome-win11","2026-09-27","passed","2026-09-27","i18n Accessibility Tests","","",""
"","182","should reject invalid hex format on update","bs-chrome-win11","2026-09-27","passed","2026-09-27","Backend API Integration > PUT /api/colors/:name Schema Validation","","",""
"","1","Frontend Unit Tests i18n Configuration should have translation keys in resources","","2026-09-27","passed","2026-09-27","","Frontend Unit Tests","Frontend Unit Tests i18n Configuration should have translation keys in resources",""
"","5","Server Unit Tests GET /api/colors/:name returns Turquoise color correctly","","2026-09-27","passed","2026-09-27","","Server Unit Tests","Server Unit Tests GET /api/colors/:name returns Turquoise color correctly",""
"","935","first color chip is active on load (aria-pressed=true)","bs-firefox-win11","2026-09-27","passed","2026-09-27","Color Management — Add & Delete","","",""
"","5","Server Unit Tests POST /api/reseed returns 401 when token is incorrect","","2026-09-27","passed","2026-09-27","","Server Unit Tests","Server Unit Tests POST /api/reseed returns 401 when token is incorrect",""
"","1821","should display colors that do not exist in the database","bs-firefox-win11","2026-09-27","passed","2026-09-27","Network Mocking & Interception","","",""
"","896","should update a color with valid schema","bs-chrome-win11","2026-09-27","passed","2026-09-27","Backend API Integration > PUT /api/colors/:name Schema Validation","","",""
"","1318","clicking a chip makes it active","bs-firefox-win11","2026-09-27","passed","2026-09-27","Color Management — Add & Delete","","",""
"","30","GET /api/colors/Yellow should return the correct hex code","Chrome","2026-09-27","passed","2026-09-27","Backend API Integration","","",""
"","4","Server Unit Tests PUT /api/colors/:name returns 404 for a non-existent color","","2026-09-27","passed","2026-09-27","","Server Unit Tests","Server Unit Tests PUT /api/colors/:name returns 404 for a non-existent color",""
"","6","Server Integration Tests (Testcontainers) POST /api/reseed should return 405 for GET on /api/reseed","","2026-09-27","passed","2026-09-27","","Server Integration Tests (Testcontainers)","Server Integration Tests (Testcontainers) POST /api/reseed should return 405 for GET on /api/reseed",""
"","1","Utility Functions rgbToHsl pure blue → h=240, s=1, l=0.5","","2026-09-27","passed","2026-09-27","","Utility Functions","Utility Functions rgbToHsl pure blue → h=240, s=1, l=0.5",""
"","44","Frontend Unit Tests App Component add color 400 shows data.error message","","2026-09-27","passed","2026-09-27","","Frontend Unit Tests","Frontend Unit Tests App Component add color 400 shows data.error message",""
"","624","should show loading state when API returns empty colors","bs-chrome-win11","2026-09-27","passed","2026-09-27","UI Error Handling Coverage","","",""
"","5","Server Unit Tests POST /api/colors returns 409 for a duplicate color name with descriptive error","","2026-09-27","passed","2026-09-27","","Server Unit Tests","Server Unit Tests POST /api/colors returns 409 for a duplicate color name with descriptive error",""
"","4","Server Unit Tests POST /api/colors returns 400 for invalid hex format (no hash)","","2026-09-27","passed","2026-09-27","","Server Unit Tests","Server Unit Tests POST /api/colors returns 400 for invalid hex format (no hash)",""
"","42","Frontend Unit Tests App Component add color 400 without data.error falls back to generic message","","2026-09-27","passed","2026-09-27","","Frontend Unit Tests","Frontend Unit Tests App Component add color 400 without data.error falls back to generic message",""
"","1160","handle color selection fetch error","bs-firefox-win11","2026-09-27","passed","2026-09-27","Edge cases and error handling","","",""
"","164","DELETE /api/colors (collection) returns 405","bs-chrome-win11","2026-09-27","passed","2026-09-27","Security > HTTP Method Restrictions","","",""
"","161","should reject invalid hex format","bs-safari-ventura","2026-09-27","passed","2026-09-27","Backend API Integration > POST /api/colors Schema Validation","","",""
"","0","Utility Functions readableOn returns #111 for an invalid/empty hex string (null rgb fallback)","","2026-09-27","passed","2026-09-27","","Utility Functions","Utility Functions readableOn returns #111 for an invalid/empty hex string (null rgb fallback)",""
"","9","Server Integration Tests (Testcontainers) DELETE /api/colors/:name should return 404 on a second delete of the same color","","2026-09-27","passed","2026-09-27","","Server Integration Tests (Testcontainers)","Server Integration Tests (Testcontainers) DELETE /api/colors/:name should return 404 on a second delete of the same color",""
"","983","shows a chip for each color with a swatch, name, and delete button","bs-iphone-15","2026-09-27","passed","2026-09-27","Color Management — Add & Delete","","",""
"","268","GET /api/colors/:name should return 404 for non-existent color","bs-chrome-win11","2026-09-27","passed","2026-09-27","Backend API Integration","","",""
"","852","handle color selection fetch error","bs-pixel-7","2026-09-27","passed","2026-09-27","Edge cases and error handling","","",""
"","344","homepage should match snapshot","percy","2026-09-27","skipped","2026-09-27","Visual Regression – iphone-landscape (667×375)","","",""
"","500","should handle missing image gracefully by showing alt text","bs-chrome-win11","2026-09-27","passed","2026-09-27","Network Mocking & Interception","","",""
"","4388","shows server-error message on 500 inside the picker","bs-safari-ventura","2026-09-27","passed","2026-09-27","Color Management — Add & Delete","","",""
"","155","should reject updating with empty name","bs-pixel-7","2026-09-27","passed","2026-09-27","Backend API Integration > PUT /api/colors/:name Schema Validation","","",""
"","163","array body on POST returns 400","bs-safari-ventura","2026-09-27","passed","2026-09-27","Security > Input Validation","","",""
"","497","should show loading state when API returns empty colors","Chrome","2026-09-27","passed","2026-09-27","UI Error Handling Coverage","tests/error-handling.spec.ts","",""
"","158","NoSQL operator in GET path param is rejected (400 or 404)","bs-pixel-7","2026-09-27","passed","2026-09-27","Security > Injection Prevention","","",""
"","7","Component Tests ColorPicker Enter key on name input triggers submit","","2026-09-27","passed","2026-09-27","","Utility Functions","Component Tests ColorPicker Enter key on name input triggers submit",""
"","1","Utility Functions hslToRgb hue=300 (magenta) → [255,0,255]","","2026-09-27","passed","2026-09-27","","Utility Functions","Utility Functions hslToRgb hue=300 (magenta) → [255,0,255]",""
"","9","Component Tests ColorPicker clicking the backdrop calls onCancel","","2026-09-27","passed","2026-09-27","","Utility Functions","Component Tests ColorPicker clicking the backdrop calls onCancel",""
"","721","first color chip is active on load (aria-pressed=true)","bs-pixel-7","2026-09-27","passed","2026-09-27","Color Management — Add & Delete","","",""
"","4","Server Unit Tests POST /api/colors returns 400 for invalid hex format (too short)","","2026-09-27","passed","2026-09-27","","Server Unit Tests","Server Unit Tests POST /api/colors returns 400 for invalid hex format (too short)",""
"","23","Server Integration Tests (Testcontainers) Concurrent writes should handle simultaneous POSTs with the same name — exactly one succeeds","","2026-09-27","passed","2026-09-27","","Server Integration Tests (Testcontainers)","Server Integration Tests (Testcontainers) Concurrent writes should handle simultaneous POSTs with the same name — exactly one succeeds",""
"","845","successful delete removes the chip","Chrome","2026-09-27","passed","2026-09-27","Color Management — Add & Delete","tests/color-management.spec.ts","",""
"","28","Component Tests ColorPicker valid submit calls onConfirm with trimmed name and current hex","","2026-09-27","passed","2026-09-27","","Utility Functions","Component Tests ColorPicker valid submit calls onConfirm with trimmed name and current hex",""
"","12","Server Unit Tests Surviving Mutants & Edge Cases Strict Path & Method Validation kills mutants that change route paths to empty string","","2026-09-27","passed","2026-09-27","","Server Unit Tests","Server Unit Tests Surviving Mutants & Edge Cases Strict Path & Method Validation kills mutants that change route paths to empty string",""
"","585","handle color selection fetch error","Chrome","2026-09-27","passed","2026-09-27","Edge cases and error handling","tests/coverage.spec.ts","",""
"","629","Background stays unchanged when fetching a specific color fails","BDD","2026-09-27","passed","2026-09-27","API Error Handling","","",""
"","1527","verify Red ( #e74c3c ) is applied as the background color","bs-iphone-15","2026-09-27","passed","2026-09-27","POM Refactored: Background color tests","","",""
"","270","X-Powered-By header is not exposed","bs-safari-ventura","2026-09-27","passed","2026-09-27","Security > Security Headers","","",""
"","3435","cancel in confirm dialog closes it without deleting","bs-safari-ventura","2026-09-27","passed","2026-09-27","Color Management — Add & Delete","","",""
"","1176","verify Red ( #e74c3c ) is applied as the background color","bs-firefox-win11","2026-09-27","passed","2026-09-27","Background color tests","","",""
"","12","should reject updating with empty name","Chrome","2026-09-27","passed","2026-09-27","Backend API Integration > PUT /api/colors/:name Schema Validation","","",""
"","3260","homepage after color change","percy","2026-09-27","passed","2026-09-27","Percy Visual Regression – Production > Percy – tablet (768×1024)","","",""
"","1308","changing color to Yellow should reflect in UI and DOM","bs-pixel-7","2026-09-27","passed","2026-09-27","Data-Driven Testing","","",""
"","1441","successfully adds a new color and shows its chip","bs-pixel-7","2026-09-27","passed","2026-09-27","Color Management — Add & Delete","","",""
"","351","oversized payload is rejected (413)","bs-firefox-win11","2026-09-27","passed","2026-09-27","Security > Input Validation","","",""
"","0","Utility Functions hslToRgb negative hue wraps: hue=-120 = hue=240","","2026-09-27","passed","2026-09-27","","Utility Functions","Utility Functions hslToRgb negative hue wraps: hue=-120 = hue=240",""
"","169","should reject empty name","bs-iphone-15","2026-09-27","passed","2026-09-27","Backend API Integration > POST /api/colors Schema Validation","","",""
"","1442","should meet the accessibility threshold using Google Lighthouse","bs-iphone-15","2026-09-27","skipped","2026-09-27","Accessibility Tests","","",""
"","1266","shows client-side validation error for invalid name chars","bs-pixel-7","2026-09-27","passed","2026-09-27","Color Management — Add & Delete","","",""
"","39","Server Unit Tests GET /api/colors returns all seeded colors with correct names and hex values","","2026-09-27","passed","2026-09-27","","Server Unit Tests","Server Unit Tests GET /api/colors returns all seeded colors with correct names and hex values",""
"","2131","POST /api/colors","","","passed","","","schemathesis","",""
"","175","POST /api-docs returns 405","bs-safari-ventura","2026-09-27","passed","2026-09-27","Security > HTTP Method Restrictions","","",""
"","144","should reject omitting both name and hex on update","bs-safari-ventura","2026-09-27","passed","2026-09-27","Backend API Integration > PUT /api/colors/:name Schema Validation","","",""
"","9","Server Integration Tests (Testcontainers) GET /api/colors/:name should return correct data for Turquoise","","2026-09-27","passed","2026-09-27","","Server Integration Tests (Testcontainers)","Server Integration Tests (Testcontainers) GET /api/colors/:name should return correct data for Turquoise",""
"","1929","Escape key closes the confirm dialog","bs-iphone-15","2026-09-27","passed","2026-09-27","Color Management — Add & Delete","","",""
"","9","Server Unit Tests Error Handling PUT /api/colors/:name returns 500 when database fails","","2026-09-27","passed","2026-09-27","","Server Unit Tests","Server Unit Tests Error Handling PUT /api/colors/:name returns 500 when database fails",""
"","534","should load the application and verify core functionality across browsers","Chrome","2026-09-27","passed","2026-09-27","Cross-Browser Core Functionality","","",""
"","1005","changing color to Red should reflect in UI and DOM","bs-chrome-win11","2026-09-27","passed","2026-09-27","Data-Driven Testing","","",""
"","139","should reject missing name","bs-iphone-15","2026-09-27","passed","2026-09-27","Backend API Integration > POST /api/colors Schema Validation","","",""
"","251","X-Powered-By header is not exposed","bs-pixel-7","2026-09-27","passed","2026-09-27","Security > Security Headers","","",""
"","158","PATCH /api/colors returns 405","bs-safari-ventura","2026-09-27","passed","2026-09-27","Security > HTTP Method Restrictions","","",""
"","1122","shows a chip for each color with a swatch, name, and delete button","bs-safari-ventura","2026-09-27","passed","2026-09-27","Color Management — Add & Delete","","",""
"","4","Server Unit Tests PUT /api/colors/:name returns 400 for invalid name in path (regex check)","","2026-09-27","passed","2026-09-27","","Server Unit Tests","Server Unit Tests PUT /api/colors/:name returns 400 for invalid name in path (regex check)",""
"","8","Server Integration Tests (Testcontainers) GET /api/colors/:name should not expose _id or __v fields","","2026-09-27","passed","2026-09-27","","Server Integration Tests (Testcontainers)","Server Integration Tests (Testcontainers) GET /api/colors/:name should not expose _id or __v fields",""
"","8","Server Unit Tests POST /api/colors accepts single alphanumeric characters as names","","2026-09-27","passed","2026-09-27","","Server Unit Tests","Server Unit Tests POST /api/colors accepts single alphanumeric characters as names",""
"","4","Server Unit Tests GET /api/colors/:name returns 400 for invalid name in path (regex check)","","2026-09-27","passed","2026-09-27","","Server Unit Tests","Server Unit Tests GET /api/colors/:name returns 400 for invalid name in path (regex check)",""
"","5","Server Unit Tests Middleware includes CORS headers","","2026-09-27","passed","2026-09-27","","Server Unit Tests","Server Unit Tests Middleware includes CORS headers",""
"","1065","clicking a chip makes it active","bs-pixel-7","2026-09-27","passed","2026-09-27","Color Management — Add & Delete","","",""
"","4831","close (×) button closes the picker","bs-iphone-15","2026-09-27","passed","2026-09-27","Color Management — Add & Delete","","",""
"","843","close (×) button closes the picker","Chrome","2026-09-27","passed","2026-09-27","Color Management — Add & Delete","tests/color-management.spec.ts","",""
"","4","Server Unit Tests Surviving Mutants & Edge Cases Swagger JSDoc Integration kills apis array mutants by verifying JSDoc content is present","","2026-09-27","passed","2026-09-27","","Server Unit Tests","Server Unit Tests Surviving Mutants & Edge Cases Swagger JSDoc Integration kills apis array mutants by verifying JSDoc content is present",""
"","163","error responses return JSON, not HTML (no info leakage)","bs-firefox-win11","2026-09-27","passed","2026-09-27","Security > Security Headers","","",""
"","1830","changing color to Turquoise should reflect in UI and DOM","bs-firefox-win11","2026-09-27","passed","2026-09-27","Data-Driven Testing","","",""
"","56","Frontend Unit Tests App Component handleColorClick clears previous error on new successful click","","2026-09-27","passed","2026-09-27","","Frontend Unit Tests","Frontend Unit Tests App Component handleColorClick clears previous error on new successful click",""
"","151","NoSQL $where operator in name is rejected (400)","bs-firefox-win11","2026-09-27","passed","2026-09-27","Security > Injection Prevention","","",""
"","845","verify Red ( #e74c3c ) is applied as the background color","Chrome","2026-09-27","passed","2026-09-27","Background color tests","tests/coverage.spec.ts","",""
"","2539","delete API error shows alert banner","bs-iphone-15","2026-09-27","passed","2026-09-27","Color Management — Add & Delete","","",""
"","34","Frontend Unit Tests App Component add color 409 conflict shows picker error (data.error message)","","2026-09-27","passed","2026-09-27","","Frontend Unit Tests","Frontend Unit Tests App Component add color 409 conflict shows picker error (data.error message)",""
"","42","Frontend Unit Tests App Component handleColorClick shows error alert on fetch failure","","2026-09-27","passed","2026-09-27","","Frontend Unit Tests","Frontend Unit Tests App Component handleColorClick shows error alert on fetch failure",""
"","224","homepage should match snapshot","percy","2026-09-27","skipped","2026-09-27","Visual Regression – iphone-se (375×667)","","",""
"","1747","should load the application and verify core functionality across browsers","bs-safari-ventura","2026-09-27","passed","2026-09-27","Cross-Browser Core Functionality","","",""
"","1427","should create dynamic random color via API and verify through UI","bs-pixel-7","2026-09-27","passed","2026-09-27","Random Data Testing with faker.js","","",""
"","228","NoSQL injection object in name is rejected (400)","bs-pixel-7","2026-09-27","passed","2026-09-27","Security > Injection Prevention","","",""
"","155","NoSQL injection object in name is rejected (400)","bs-safari-ventura","2026-09-27","passed","2026-09-27","Security > Injection Prevention","","",""
"","261","X-Powered-By header is not exposed","bs-firefox-win11","2026-09-27","passed","2026-09-27","Security > Security Headers","","",""
"","173","NoSQL $where operator in name is rejected (400)","bs-chrome-win11","2026-09-27","passed","2026-09-27","Security > Injection Prevention","","",""
"","0","Utility Functions readableOn returns #111 for mid-grey (L≈0.35, black gives better contrast)","","2026-09-27","passed","2026-09-27","","Utility Functions","Utility Functions readableOn returns #111 for mid-grey (L≈0.35, black gives better contrast)",""
"","160","SQL injection characters in name are rejected (400)","bs-firefox-win11","2026-09-27","passed","2026-09-27","Security > Injection Prevention","","",""
"","3","Server Unit Tests PUT /api/colors/:name returns 400 when no fields are provided (empty body)","","2026-09-27","passed","2026-09-27","","Server Unit Tests","Server Unit Tests PUT /api/colors/:name returns 400 when no fields are provided (empty body)",""
"","1230","should gracefully handle a color not found in the database","bs-iphone-15","2026-09-27","passed","2026-09-27","Network Mocking & Interception","","",""
"","12","Server Integration Tests (Testcontainers) GET /api/colors should not expose _id or __v fields","","2026-09-27","passed","2026-09-27","","Server Integration Tests (Testcontainers)","Server Integration Tests (Testcontainers) GET /api/colors should not expose _id or __v fields",""
"","173","should reject invalid hex format","bs-pixel-7","2026-09-27","passed","2026-09-27","Backend API Integration > POST /api/colors Schema Validation","","",""
"","543","should create a new color with valid schema","bs-safari-ventura","2026-09-27","passed","2026-09-27","Backend API Integration > POST /api/colors Schema Validation","","",""
"","2","Utility Functions hslToRgb hue=0 (red) → [255,0,0]","","2026-09-27","passed","2026-09-27","","Utility Functions","Utility Functions hslToRgb hue=0 (red) → [255,0,0]",""
"","5","Server Integration Tests (Testcontainers) Method Not Allowed should return 405 for PATCH /api/colors","","2026-09-27","passed","2026-09-27","","Server Integration Tests (Testcontainers)","Server Integration Tests (Testcontainers) Method Not Allowed should return 405 for PATCH /api/colors",""
"","342","GET /api/colors/Turquoise should return the correct hex code","bs-chrome-win11","2026-09-27","passed","2026-09-27","Backend API Integration","","",""
"","1510","verify Yellow ( #f1c40f ) is applied as the background color","bs-firefox-win11","2026-09-27","passed","2026-09-27","POM Refactored: Background color tests","","",""
"","1419","changing color to Red should reflect in UI and DOM","bs-iphone-15","2026-09-27","passed","2026-09-27","Data-Driven Testing","","",""
"","250","NoSQL operator in GET path param is rejected (400 or 404)","bs-firefox-win11","2026-09-27","passed","2026-09-27","Security > Injection Prevention","","",""
"","0","Utility Functions rgbToHex converts pure blue","","2026-09-27","passed","2026-09-27","","Utility Functions","Utility Functions rgbToHex converts pure blue",""
"","10","Server Unit Tests GET /api/colors returns an empty array when no colors exist","","2026-09-27","passed","2026-09-27","","Server Unit Tests","Server Unit Tests GET /api/colors returns an empty array when no colors exist",""
"","3444","shows client-side ""Name is required"" when submitting empty name","bs-safari-ventura","2026-09-27","passed","2026-09-27","Color Management — Add & Delete","","",""
"","2594","should create color via API and verify through UI","bs-safari-ventura","2026-09-27","passed","2026-09-27","Hybrid E2E Testing","","",""
"","23","Frontend Unit Tests App Component link color is light (#cfe8ff) on dark background","","2026-09-27","passed","2026-09-27","","Frontend Unit Tests","Frontend Unit Tests App Component link color is light (#cfe8ff) on dark background",""
"","160","malformed JSON body returns 400","bs-chrome-win11","2026-09-27","passed","2026-09-27","Security > Input Validation","","",""
"","205","Component Tests ColorPicker renders the modal with title, hex preview, name and hex inputs","","2026-09-27","passed","2026-09-27","","Utility Functions","Component Tests ColorPicker renders the modal with title, hex preview, name and hex inputs",""
"","5","Server Integration Tests (Testcontainers) DELETE /api/colors/:name should return 400 for invalid name format","","2026-09-27","passed","2026-09-27","","Server Integration Tests (Testcontainers)","Server Integration Tests (Testcontainers) DELETE /api/colors/:name should return 400 for invalid name format",""
"","29","Component Tests ColorPicker submit with invalid chars shows validation error","","2026-09-27","passed","2026-09-27","","Utility Functions","Component Tests ColorPicker submit with invalid chars shows validation error",""
"","575","should delete an existing color","bs-safari-ventura","2026-09-27","passed","2026-09-27","Backend API Integration > DELETE /api/colors/:name","","",""
"","107","Frontend Unit Tests App Component handleColorClick does nothing when data has no hex","","2026-09-27","passed","2026-09-27","","Frontend Unit Tests","Frontend Unit Tests App Component handleColorClick does nothing when data has no hex",""
"","9","Server Integration Tests (Testcontainers) GET /api/colors/:name should be case-sensitive (lowercase name returns 404)","","2026-09-27","passed","2026-09-27","","Server Integration Tests (Testcontainers)","Server Integration Tests (Testcontainers) GET /api/colors/:name should be case-sensitive (lowercase name returns 404)",""
"","3","Server Unit Tests 405 Method Not Allowed sets the Allow header on /api/colors with correct methods","","2026-09-27","passed","2026-09-27","","Server Unit Tests","Server Unit Tests 405 Method Not Allowed sets the Allow header on /api/colors with correct methods",""
"","159","should reject invalid hex format","bs-chrome-win11","2026-09-27","passed","2026-09-27","Backend API Integration > POST /api/colors Schema Validation","","",""
"","494","should show loading state when API returns empty colors","bs-pixel-7","2026-09-27","passed","2026-09-27","UI Error Handling Coverage","","",""
"","0","Utility Functions readableOn returns #fff for black (very dark, L≈0)","","2026-09-27","passed","2026-09-27","","Utility Functions","Utility Functions readableOn returns #fff for black (very dark, L≈0)",""
"","1748","color names rendered in the UI do not trigger script execution","bs-iphone-15","2026-09-27","passed","2026-09-27","Security > XSS Prevention","","",""
"","4","Server Unit Tests PUT /api/colors/:name returns 400 for invalid name with special characters","","2026-09-27","passed","2026-09-27","","Server Unit Tests","Server Unit Tests PUT /api/colors/:name returns 400 for invalid name with special characters",""
"","605","should handle missing image gracefully by showing alt text","Chrome","2026-09-27","passed","2026-09-27","Network Mocking & Interception","tests/network-mocking.spec.ts","",""
"","7","PUT /openapi.json returns 405","Chrome","2026-09-27","passed","2026-09-27","Security > HTTP Method Restrictions","tests/security.spec.ts","",""
"","0","homepage initial state","Chrome","2026-09-27","skipped","2026-09-27","Percy Visual Regression – Production > Percy – mobile (375×667)","","",""
"","6","Server Unit Tests DELETE /api/colors/:name cannot delete the same color twice","","2026-09-27","passed","2026-09-27","","Server Unit Tests","Server Unit Tests DELETE /api/colors/:name cannot delete the same color twice",""
"","1033","verify Red ( #e74c3c ) is applied as the background color","bs-chrome-win11","2026-09-27","passed","2026-09-27","Background color tests","","",""
"","162","POST with HTML tag in name is rejected (400)","bs-safari-ventura","2026-09-27","passed","2026-09-27","Security > XSS Prevention","","",""
"","0","Utility Functions rgbToHex pads single-digit hex values with leading zero","","2026-09-27","passed","2026-09-27","","Utility Functions","Utility Functions rgbToHex pads single-digit hex values with leading zero",""
"","33","Frontend Unit Tests App Component picker cancel button closes the modal","","2026-09-27","passed","2026-09-27","","Frontend Unit Tests","Frontend Unit Tests App Component picker cancel button closes the modal",""
"","32","Frontend Unit Tests App Component add color sends POST with correct method, headers, and body","","2026-09-27","passed","2026-09-27","","Frontend Unit Tests","Frontend Unit Tests App Component add color sends POST with correct method, headers, and body",""
"","1000","should load the application and verify core functionality across browsers","bs-pixel-7","2026-09-27","passed","2026-09-27","Cross-Browser Core Functionality","","",""
"","12","Server Integration Tests (Testcontainers) GET /api/colors/:name should return correct data for Yellow","","2026-09-27","passed","2026-09-27","","Server Integration Tests (Testcontainers)","Server Integration Tests (Testcontainers) GET /api/colors/:name should return correct data for Yellow",""
"","1232","shows 409 duplicate error from server inside the picker","bs-chrome-win11","2026-09-27","passed","2026-09-27","Color Management — Add & Delete","","",""
"","758","shows a chip for each color with a swatch, name, and delete button","Chrome","2026-09-27","passed","2026-09-27","Color Management — Add & Delete","tests/color-management.spec.ts","",""
"","758","shows client-side validation error for invalid name chars","Chrome","2026-09-27","passed","2026-09-27","Color Management — Add & Delete","tests/color-management.spec.ts","",""
"","1278","changing color to Turquoise should reflect in UI and DOM","bs-pixel-7","2026-09-27","passed","2026-09-27","Data-Driven Testing","","",""
"","1466","changing color to Red should reflect in UI and DOM","bs-safari-ventura","2026-09-27","passed","2026-09-27","Data-Driven Testing","","",""
"","1279","verify Turquoise ( #1abc9c ) is applied as the background color","bs-pixel-7","2026-09-27","passed","2026-09-27","POM Refactored: Background color tests","","",""
"","639","Example #3","BDD","2026-09-27","passed","2026-09-27","Language Switching > Switch language and verify translated UI labels","","",""
"","577","should create a new color with valid schema","bs-chrome-win11","2026-09-27","passed","2026-09-27","Backend API Integration > POST /api/colors Schema Validation","","",""
"","610","shows a chip for each color with a swatch, name, and delete button","bs-chrome-win11","2026-09-27","passed","2026-09-27","Color Management — Add & Delete","","",""
"","716","should return 409 for duplicate color creation","bs-iphone-15","2026-09-27","passed","2026-09-27","Backend API Integration > POST /api/colors Schema Validation","","",""
"","704","Escape key closes the confirm dialog","bs-pixel-7","2026-09-27","passed","2026-09-27","Color Management — Add & Delete","","",""
"","154","POST /api-docs returns 405","bs-firefox-win11","2026-09-27","passed","2026-09-27","Security > HTTP Method Restrictions","","",""
"","726","should return 409 for duplicate color creation","bs-pixel-7","2026-09-27","passed","2026-09-27","Backend API Integration > POST /api/colors Schema Validation","","",""
"","158","empty body on POST returns 400","bs-pixel-7","2026-09-27","passed","2026-09-27","Security > Input Validation","","",""
"","1053","successful delete removes the chip","bs-pixel-7","2026-09-27","passed","2026-09-27","Color Management — Add & Delete","","",""
"","311","Server Unit Tests Surviving Mutants & Edge Cases Port Fallback reflects process.env.PORT in Swagger servers","","2026-09-27","passed","2026-09-27","","Server Unit Tests","Server Unit Tests Surviving Mutants & Edge Cases Port Fallback reflects process.env.PORT in Swagger servers",""
"","3385","shows 409 duplicate error from server inside the picker","bs-firefox-win11","2026-09-27","passed","2026-09-27","Color Management — Add & Delete","","",""
"","1","Utility Functions rgbToHsl round-trip hslToRgb→rgbToHsl preserves hue for all sectors","","2026-09-27","passed","2026-09-27","","Utility Functions","Utility Functions rgbToHsl round-trip hslToRgb→rgbToHsl preserves hue for all sectors",""
"","1","Utility Functions hslToRgb lightness=0 gives black","","2026-09-27","passed","2026-09-27","","Utility Functions","Utility Functions hslToRgb lightness=0 gives black",""
"","981","chip-x click opens confirm dialog with color name","bs-firefox-win11","2026-09-27","passed","2026-09-27","Color Management — Add & Delete","","",""
"","12","NoSQL injection object in name is rejected (400)","Chrome","2026-09-27","passed","2026-09-27","Security > Injection Prevention","tests/security.spec.ts","",""
"","1625","verify Turquoise ( #1abc9c ) is applied as the background color","bs-firefox-win11","2026-09-27","passed","2026-09-27","Background color tests","","",""
"","0","Utility Functions hslToRgb low lightness l=0.25 → [128,0,0]","","2026-09-27","passed","2026-09-27","","Utility Functions","Utility Functions hslToRgb low lightness l=0.25 → [128,0,0]",""
"Performance Test: API Performance Test
File: api-performance.spec.ts
Total Iterations: 37
Max VUs: 1

HTTP Request Duration:
- Avg: 142.34ms
- P(95): 231.80ms
- Max: 271.76ms

Full metrics attached in the results.","808721","API Performance Test","Performance","2026-09-27","failed","2026-09-27","api-performance.spec.ts","API Performance Test","",""
"","160","array body on POST returns 400","bs-pixel-7","2026-09-27","passed","2026-09-27","Security > Input Validation","","",""
"","824","should display colors that do not exist in the database","Chrome","2026-09-27","passed","2026-09-27","Network Mocking & Interception","tests/network-mocking.spec.ts","",""
"","3226","homepage after color change","percy","2026-09-27","passed","2026-09-27","Percy Visual Regression – Production > Percy – desktop-xl (1920×1080)","","",""
"","6","Server Unit Tests GET /api/colors/:name returns Yellow color correctly","","2026-09-27","passed","2026-09-27","","Server Unit Tests","Server Unit Tests GET /api/colors/:name returns Yellow color correctly",""
"","1292","verify Turquoise ( #1abc9c ) is applied as the background color","bs-pixel-7","2026-09-27","passed","2026-09-27","Background color tests","","",""
"","6","Server Unit Tests POST /api/reseed returns 401 when RESEED_API_TOKEN is not configured","","2026-09-27","passed","2026-09-27","","Server Unit Tests","Server Unit Tests POST /api/reseed returns 401 when RESEED_API_TOKEN is not configured",""
"","26","Component Tests ColorPicker lightness slider change updates the preview","","2026-09-27","passed","2026-09-27","","Utility Functions","Component Tests ColorPicker lightness slider change updates the preview",""
"","1","Utility Functions hslToRgb hue=180 (cyan) → [0,255,255]","","2026-09-27","passed","2026-09-27","","Utility Functions","Utility Functions hslToRgb hue=180 (cyan) → [0,255,255]",""
"","147","empty body on POST returns 400","bs-firefox-win11","2026-09-27","passed","2026-09-27","Security > Input Validation","","",""
"","140","should reject invalid hex format on update","bs-iphone-15","2026-09-27","passed","2026-09-27","Backend API Integration > PUT /api/colors/:name Schema Validation","","",""
"","2669","should maintain accessibility in en language and verify resilient locators","bs-firefox-win11","2026-09-27","passed","2026-09-27","i18n Accessibility Tests","","",""
"","146","PATCH /api/colors/:name returns 405","bs-iphone-15","2026-09-27","passed","2026-09-27","Security > HTTP Method Restrictions","","",""
"","0","Utility Functions hslToRgb hue=270 (violet) → [128,0,255]","","2026-09-27","passed","2026-09-27","","Utility Functions","Utility Functions hslToRgb hue=270 (violet) → [128,0,255]",""
"","450","chip-x click opens confirm dialog with color name","Chrome","2026-09-27","passed","2026-09-27","Color Management — Add & Delete","tests/color-management.spec.ts","",""
"","1108","Cancel button closes the picker","bs-pixel-7","2026-09-27","passed","2026-09-27","Color Management — Add & Delete","","",""
"","5","Frontend Unit Tests App Component language selector change calls i18n and updates html lang","","2026-09-27","passed","2026-09-27","","Frontend Unit Tests","Frontend Unit Tests App Component language selector change calls i18n and updates html lang",""
"","3","Server Unit Tests PUT /api/colors/:name returns 400 for invalid current name format in URL","","2026-09-27","passed","2026-09-27","","Server Unit Tests","Server Unit Tests PUT /api/colors/:name returns 400 for invalid current name format in URL",""
"","1546","handle color response missing hex property","bs-safari-ventura","2026-09-27","passed","2026-09-27","Edge cases and error handling","","",""
"","34","should update a color with valid schema","Chrome","2026-09-27","passed","2026-09-27","Backend API Integration > PUT /api/colors/:name Schema Validation","","",""
"","166","POST with script tag in name is rejected (400)","bs-iphone-15","2026-09-27","passed","2026-09-27","Security > XSS Prevention","","",""
"","7213","should load the application and verify core functionality across browsers","WebKit","2026-09-27","passed","2026-09-27","Cross-Browser Core Functionality","","",""
"","1551","verify Red ( #e74c3c ) is applied as the background color","bs-safari-ventura","2026-09-27","passed","2026-09-27","POM Refactored: Background color tests","","",""
"","0","homepage initial state","Chrome","2026-09-27","skipped","2026-09-27","Percy Visual Regression – Production > Percy – tablet (768×1024)","","",""
"","3431","shows client-side validation error for invalid name chars","bs-iphone-15","2026-09-27","passed","2026-09-27","Color Management — Add & Delete","","",""
"","3","Server Unit Tests Middleware JSON error middleware ignores SyntaxError without body","","2026-09-27","passed","2026-09-27","","Server Unit Tests","Server Unit Tests Middleware JSON error middleware ignores SyntaxError without body",""
"","10","Component Tests ColorPicker typing an invalid hex shows ""Use format #RRGGBB"" error","","2026-09-27","passed","2026-09-27","","Utility Functions","Component Tests ColorPicker typing an invalid hex shows ""Use format #RRGGBB"" error",""
"","2133","should create dynamic random color via API and verify through UI","bs-iphone-15","2026-09-27","passed","2026-09-27","Random Data Testing with faker.js","","",""
"","150","array body on POST returns 400","bs-iphone-15","2026-09-27","passed","2026-09-27","Security > Input Validation","","",""
"","259","should return 404 when updating non-existent color","bs-iphone-15","2026-09-27","passed","2026-09-27","Backend API Integration > PUT /api/colors/:name Schema Validation","","",""
"","0","Utility Functions rgbToHex converts arbitrary color","","2026-09-27","passed","2026-09-27","","Utility Functions","Utility Functions rgbToHex converts arbitrary color",""
"","13","Component Tests ConfirmDialog clicking the card itself does NOT call onCancel","","2026-09-27","passed","2026-09-27","","Component Tests","Component Tests ConfirmDialog clicking the card itself does NOT call onCancel",""
"","302","GET /api/colors/Yellow should return the correct hex code","bs-safari-ventura","2026-09-27","passed","2026-09-27","Backend API Integration","","",""
"","0","homepage after color change","Chrome","2026-09-27","skipped","2026-09-27","Percy Visual Regression – Production > Percy – tablet (768×1024)","","",""
"","10","Server Integration Tests (Testcontainers) GET /api/colors should return colors sorted alphabetically by name","","2026-09-27","passed","2026-09-27","","Server Integration Tests (Testcontainers)","Server Integration Tests (Testcontainers) GET /api/colors should return colors sorted alphabetically by name",""
"","953","shows server-error message on 500 inside the picker","Chrome","2026-09-27","passed","2026-09-27","Color Management — Add & Delete","tests/color-management.spec.ts","",""
"","3","Server Unit Tests Error Handling GET /api/colors/:name returns 500 when database fails","","2026-09-27","passed","2026-09-27","","Server Unit Tests","Server Unit Tests Error Handling GET /api/colors/:name returns 500 when database fails",""
"","3691","should maintain accessibility in en language and verify resilient locators","bs-safari-ventura","2026-09-27","passed","2026-09-27","i18n Accessibility Tests","","",""
"","247","should return 404 when updating non-existent color","bs-pixel-7","2026-09-27","passed","2026-09-27","Backend API Integration > PUT /api/colors/:name Schema Validation","","",""
"","1352","deleting the active color switches background to the first remaining","bs-pixel-7","2026-09-27","passed","2026-09-27","Color Management — Add & Delete","","",""
"","840","shows 409 duplicate error from server inside the picker","Chrome","2026-09-27","passed","2026-09-27","Color Management — Add & Delete","tests/color-management.spec.ts","",""
"","1897","clicking a chip makes it active","bs-safari-ventura","2026-09-27","passed","2026-09-27","Color Management — Add & Delete","","",""
"","575","should create a new color with valid schema","bs-iphone-15","2026-09-27","passed","2026-09-27","Backend API Integration > POST /api/colors Schema Validation","","",""
"","724","verify Yellow ( #f1c40f ) is applied as the background color","Chrome","2026-09-27","passed","2026-09-27","POM Refactored: Background color tests","tests/pom-refactored.spec.ts","",""
"","1365","handle color response missing hex property","bs-iphone-15","2026-09-27","passed","2026-09-27","Edge cases and error handling","","",""
"","825","should handle missing image gracefully by showing alt text","bs-iphone-15","2026-09-27","passed","2026-09-27","Network Mocking & Interception","","",""
"","1212","successful delete removes the chip","bs-chrome-win11","2026-09-27","passed","2026-09-27","Color Management — Add & Delete","","",""
"","172","array body on POST returns 400","bs-chrome-win11","2026-09-27","passed","2026-09-27","Security > Input Validation","","",""
"","160","PATCH /api/colors/:name returns 405","bs-firefox-win11","2026-09-27","passed","2026-09-27","Security > HTTP Method Restrictions","","",""
"","66","Frontend Unit Tests App Component picker onCancel does nothing when saving=true","","2026-09-27","passed","2026-09-27","","Frontend Unit Tests","Frontend Unit Tests App Component picker onCancel does nothing when saving=true",""
"","1463","handle color selection fetch error","bs-iphone-15","2026-09-27","passed","2026-09-27","Edge cases and error handling","","",""
"","24","Component Tests ColorPicker mousemove after mouseup does NOT update color (dragging stopped)","","2026-09-27","passed","2026-09-27","","Utility Functions","Component Tests ColorPicker mousemove after mouseup does NOT update color (dragging stopped)",""
"","341","Server Unit Tests Surviving Mutants & Edge Cases Infrastructure uses MONGO_URI from environment if available","","2026-09-27","passed","2026-09-27","","Server Unit Tests","Server Unit Tests Surviving Mutants & Edge Cases Infrastructure uses MONGO_URI from environment if available",""
"","31","Frontend Unit Tests App Component labelFor returns translation for known color (Turquoise)","","2026-09-27","passed","2026-09-27","","Frontend Unit Tests","Frontend Unit Tests App Component labelFor returns translation for known color (Turquoise)",""
"","161","DELETE /api/colors (collection) returns 405","bs-pixel-7","2026-09-27","passed","2026-09-27","Security > HTTP Method Restrictions","","",""
"","875","clicking ""+ Add color"" opens the picker modal","bs-chrome-win11","2026-09-27","passed","2026-09-27","Color Management — Add & Delete","","",""
"","148","POST /api-docs returns 405","bs-pixel-7","2026-09-27","passed","2026-09-27","Security > HTTP Method Restrictions","","",""
"","870","delete API error shows alert banner","Chrome","2026-09-27","passed","2026-09-27","Color Management — Add & Delete","tests/color-management.spec.ts","",""
"","4","Server Unit Tests POST /api/colors returns 400 for extra unknown fields (strict schema)","","2026-09-27","passed","2026-09-27","","Server Unit Tests","Server Unit Tests POST /api/colors returns 400 for extra unknown fields (strict schema)",""
"","41","Frontend Unit Tests App Component initial background is first color hex","","2026-09-27","passed","2026-09-27","","Frontend Unit Tests","Frontend Unit Tests App Component initial background is first color hex",""
"","10","GET /api/colors","","","passed","","","schemathesis","",""
"","4","Server Unit Tests POST /api/reseed returns 500 when seedDatabase throws","","2026-09-27","passed","2026-09-27","","Server Unit Tests","Server Unit Tests POST /api/reseed returns 500 when seedDatabase throws",""
"","23","GET /api/colors should return colors sorted alphabetically by name","Chrome","2026-09-27","passed","2026-09-27","Backend API Integration","","",""
"","1","homepage after color change","Chrome","2026-09-27","skipped","2026-09-27","Percy Visual Regression – Production > Percy – mobile (375×667)","","",""
"","346","homepage should match snapshot","percy","2026-09-27","skipped","2026-09-27","Visual Regression – desktop (1280×720)","","",""
"","7","Server Unit Tests GET /api/colors returns JSON content type","","2026-09-27","passed","2026-09-27","","Server Unit Tests","Server Unit Tests GET /api/colors returns JSON content type",""
"","60","Frontend Unit Tests App Component fetches and displays color chips with swatch and delete button","","2026-09-27","passed","2026-09-27","","Frontend Unit Tests","Frontend Unit Tests App Component fetches and displays color chips with swatch and delete button",""
"","1160","should handle color click network failure gracefully","bs-firefox-win11","2026-09-27","passed","2026-09-27","UI Error Handling Coverage","","",""
"","1265","verify Yellow ( #f1c40f ) is applied as the background color","bs-pixel-7","2026-09-27","passed","2026-09-27","POM Refactored: Background color tests","","",""
"","1401","changing color to Yellow should reflect in UI and DOM","bs-chrome-win11","2026-09-27","passed","2026-09-27","Data-Driven Testing","","",""
"","165","PATCH /api/colors returns 405","bs-chrome-win11","2026-09-27","passed","2026-09-27","Security > HTTP Method Restrictions","","",""
"","1926","should maintain accessibility in el language and verify resilient locators","bs-pixel-7","2026-09-27","passed","2026-09-27","i18n Accessibility Tests","","",""
"","161","malformed JSON body returns 400","bs-safari-ventura","2026-09-27","passed","2026-09-27","Security > Input Validation","","",""
"","474","Escape key closes the confirm dialog","Chrome","2026-09-27","passed","2026-09-27","Color Management — Add & Delete","tests/color-management.spec.ts","",""
"","3","Server Unit Tests POST /api/reseed returns 405 for PUT on /api/reseed","","2026-09-27","passed","2026-09-27","","Server Unit Tests","Server Unit Tests POST /api/reseed returns 405 for PUT on /api/reseed",""
"","744","check Turquoise ( #1abc9c) is the default background color.","bs-pixel-7","2026-09-27","passed","2026-09-27","","","",""
"","21","POST with javascript: URI in name is rejected (400)","Chrome","2026-09-27","passed","2026-09-27","Security > XSS Prevention","tests/security.spec.ts","",""
"","168","PATCH /api/colors returns 405","bs-firefox-win11","2026-09-27","passed","2026-09-27","Security > HTTP Method Restrictions","","",""
"","1214","should display all core elements and handle button interaction","Chrome","2026-09-27","passed","2026-09-27","Responsive Design – tablet (768×1024)","","",""
"","152","empty body on POST returns 400","bs-iphone-15","2026-09-27","passed","2026-09-27","Security > Input Validation","","",""
"","9","Frontend Unit Tests App Component shows error alert when initial fetch fails","","2026-09-27","passed","2026-09-27","","Frontend Unit Tests","Frontend Unit Tests App Component shows error alert when initial fetch fails",""
"","856","should handle missing image gracefully by showing alt text","bs-firefox-win11","2026-09-27","passed","2026-09-27","Network Mocking & Interception","","",""
"","5620","should maintain accessibility after state change (color update)","bs-safari-ventura","2026-09-27","passed","2026-09-27","Accessibility Tests","","",""
"","8","DELETE /api/colors (collection) returns 405","Chrome","2026-09-27","passed","2026-09-27","Security > HTTP Method Restrictions","tests/security.spec.ts","",""
"","21","Server Integration Tests (Testcontainers) POST /api/colors should create a new color and persist it in the real database","","2026-09-27","passed","2026-09-27","","Server Integration Tests (Testcontainers)","Server Integration Tests (Testcontainers) POST /api/colors should create a new color and persist it in the real database",""
"","1","Utility Functions rgbToHsl mid-grey [128,128,128] → s=0","","2026-09-27","passed","2026-09-27","","Utility Functions","Utility Functions rgbToHsl mid-grey [128,128,128] → s=0",""
"","9","Component Tests ColorPicker non-Enter key on name input does not trigger submit","","2026-09-27","passed","2026-09-27","","Utility Functions","Component Tests ColorPicker non-Enter key on name input does not trigger submit",""
"","10","Component Tests ColorPicker wheel cursor is at (110,110) at center (sat=0)","","2026-09-27","passed","2026-09-27","","Utility Functions","Component Tests ColorPicker wheel cursor is at (110,110) at center (sat=0)",""
"","4","Server Unit Tests POST /api/colors returns 400 when name is missing","","2026-09-27","passed","2026-09-27","","Server Unit Tests","Server Unit Tests POST /api/colors returns 400 when name is missing",""
"","7","Server Integration Tests (Testcontainers) PUT /api/colors/:name should return 400 for invalid name in URL path","","2026-09-27","passed","2026-09-27","","Server Integration Tests (Testcontainers)","Server Integration Tests (Testcontainers) PUT /api/colors/:name should return 400 for invalid name in URL path",""
"","26","Component Tests ColorPicker touch start on canvas sets hex to #ff0000 at right edge","","2026-09-27","passed","2026-09-27","","Utility Functions","Component Tests ColorPicker touch start on canvas sets hex to #ff0000 at right edge",""
"","881","should handle missing image gracefully by showing alt text","bs-safari-ventura","2026-09-27","passed","2026-09-27","Network Mocking & Interception","","",""
"","1276","handle initial fetch error","bs-iphone-15","2026-09-27","passed","2026-09-27","Edge cases and error handling","","",""
"","173","POST with HTML tag in name is rejected (400)","bs-chrome-win11","2026-09-27","passed","2026-09-27","Security > XSS Prevention","","",""
"","4","Server Unit Tests Error Handling DELETE /api/colors/:name returns 500 when database fails","","2026-09-27","passed","2026-09-27","","Server Unit Tests","Server Unit Tests Error Handling DELETE /api/colors/:name returns 500 when database fails",""
"","2093","verify Yellow ( #f1c40f ) is applied as the background color","bs-safari-ventura","2026-09-27","passed","2026-09-27","Background color tests","","",""
"","1059","should gracefully handle a color not found in the database","bs-firefox-win11","2026-09-27","passed","2026-09-27","Network Mocking & Interception","","",""
"","3526","shows 409 duplicate error from server inside the picker","bs-iphone-15","2026-09-27","passed","2026-09-27","Color Management — Add & Delete","","",""
"","1","Utility Functions hslToRgb lightness=1 gives white","","2026-09-27","passed","2026-09-27","","Utility Functions","Utility Functions hslToRgb lightness=1 gives white",""
"","1235","should meet the accessibility threshold using Google Lighthouse","bs-chrome-win11","2026-09-27","skipped","2026-09-27","Accessibility Tests","","",""
"","3761","should show loading state when API returns empty colors","bs-firefox-win11","2026-09-27","passed","2026-09-27","UI Error Handling Coverage","","",""
"","145","should reject omitting both name and hex on update","bs-iphone-15","2026-09-27","passed","2026-09-27","Backend API Integration > PUT /api/colors/:name Schema Validation","","",""
"","1312","Escape key closes the confirm dialog","bs-firefox-win11","2026-09-27","passed","2026-09-27","Color Management — Add & Delete","","",""
"","616","verify language switcher changes document language","bs-pixel-7","2026-09-27","passed","2026-09-27","","","",""
"","260","should return 404 when updating non-existent color","bs-safari-ventura","2026-09-27","passed","2026-09-27","Backend API Integration > PUT /api/colors/:name Schema Validation","","",""
"","1","Utility Functions rgbToHsl pure green → h=120, s=1, l=0.5","","2026-09-27","passed","2026-09-27","","Utility Functions","Utility Functions rgbToHsl pure green → h=120, s=1, l=0.5",""
"","0","Utility Functions rgbToHsl dark red (#800000): l<0.5, s=1 (l<=0.5 saturation branch)","","2026-09-27","passed","2026-09-27","","Utility Functions","Utility Functions rgbToHsl dark red (#800000): l<0.5, s=1 (l<=0.5 saturation branch)",""
"","534","should handle missing image gracefully by showing alt text","bs-pixel-7","2026-09-27","passed","2026-09-27","Network Mocking & Interception","","",""
"","35","GET /api/colors/{name}","","","passed","","","schemathesis","",""
"","1","Utility Functions readableOn returns #111 for a pale/pastel colour (high luminance)","","2026-09-27","passed","2026-09-27","","Utility Functions","Utility Functions readableOn returns #111 for a pale/pastel colour (high luminance)",""
"","266","GET /api/colors should return colors sorted alphabetically by name","bs-chrome-win11","2026-09-27","passed","2026-09-27","Backend API Integration","","",""
"","1358","verify Turquoise ( #1abc9c ) is applied as the background color","bs-chrome-win11","2026-09-27","passed","2026-09-27","POM Refactored: Background color tests","","",""
"","2786","should create color via API and verify through UI","bs-firefox-win11","2026-09-27","passed","2026-09-27","Hybrid E2E Testing","","",""
"","148","should reject updating with empty name","bs-safari-ventura","2026-09-27","passed","2026-09-27","Backend API Integration > PUT /api/colors/:name Schema Validation","","",""
"","149","NoSQL operator in GET path param is rejected (400 or 404)","bs-iphone-15","2026-09-27","passed","2026-09-27","Security > Injection Prevention","","",""
"","239","X-Powered-By header is not exposed","bs-iphone-15","2026-09-27","passed","2026-09-27","Security > Security Headers","","",""
"","1","Frontend Unit Tests i18n Configuration should handle language change correctly","","2026-09-27","passed","2026-09-27","","Frontend Unit Tests","Frontend Unit Tests i18n Configuration should handle language change correctly",""
"","5","Server Integration Tests (Testcontainers) POST /api/reseed should return 401 when Authorization header is missing","","2026-09-27","passed","2026-09-27","","Server Integration Tests (Testcontainers)","Server Integration Tests (Testcontainers) POST /api/reseed should return 401 when Authorization header is missing",""
"","2308","should maintain accessibility in en language and verify resilient locators","Chrome","2026-09-27","passed","2026-09-27","i18n Accessibility Tests","tests/a11y.spec.ts","",""
"","162","POST with javascript: URI in name is rejected (400)","bs-pixel-7","2026-09-27","passed","2026-09-27","Security > XSS Prevention","","",""
"","539","should delete an existing color","bs-pixel-7","2026-09-27","passed","2026-09-27","Backend API Integration > DELETE /api/colors/:name","","",""
"","3","Server Unit Tests 405 Method Not Allowed returns 405 for PATCH on /api/colors/:name","","2026-09-27","passed","2026-09-27","","Server Unit Tests","Server Unit Tests 405 Method Not Allowed returns 405 for PATCH on /api/colors/:name",""
"","4024","shows client-side validation error for invalid name chars","bs-safari-ventura","2026-09-27","passed","2026-09-27","Color Management — Add & Delete","","",""
"","22","Server Integration Tests (Testcontainers) End-to-end CRUD workflow should create, read, update, and delete a color in sequence","","2026-09-27","passed","2026-09-27","","Server Integration Tests (Testcontainers)","Server Integration Tests (Testcontainers) End-to-end CRUD workflow should create, read, update, and delete a color in sequence",""
"","1","homepage initial state","Chrome","2026-09-27","skipped","2026-09-27","Percy Visual Regression – Production > Percy – desktop-xl (1920×1080)","","",""
"","28","Server Unit Tests Surviving Mutants & Edge Cases Strict Path & Method Validation kills allowedMethods mutants by exhaustive testing","","2026-09-27","passed","2026-09-27","","Server Unit Tests","Server Unit Tests Surviving Mutants & Edge Cases Strict Path & Method Validation kills allowedMethods mutants by exhaustive testing",""
"","180","SQL injection characters in name are rejected (400)","bs-safari-ventura","2026-09-27","passed","2026-09-27","Security > Injection Prevention","","",""
"","6","Server Unit Tests DELETE /api/colors/:name returns 404 for a non-existent color","","2026-09-27","passed","2026-09-27","","Server Unit Tests","Server Unit Tests DELETE /api/colors/:name returns 404 for a non-existent color",""
"","4702","shows 409 duplicate error from server inside the picker","bs-safari-ventura","2026-09-27","passed","2026-09-27","Color Management — Add & Delete","","",""
"","1432","color names rendered in the UI do not trigger script execution","bs-chrome-win11","2026-09-27","passed","2026-09-27","Security > XSS Prevention","","",""
"","4","Server Unit Tests Surviving Mutants & Edge Cases Mongoose Schema & Persistence kills empty schema mutant by verifying field persistence","","2026-09-27","passed","2026-09-27","","Server Unit Tests","Server Unit Tests Surviving Mutants & Edge Cases Mongoose Schema & Persistence kills empty schema mutant by verifying field persistence",""
"","275","GET /api/colors/Red should return the correct hex code","bs-firefox-win11","2026-09-27","passed","2026-09-27","Backend API Integration","","",""
"","281","GET /api/colors/Yellow should return the correct hex code","bs-firefox-win11","2026-09-27","passed","2026-09-27","Backend API Integration","","",""
"","161","unknown extra fields in POST body are rejected (400)","bs-iphone-15","2026-09-27","passed","2026-09-27","Security > Input Validation","","",""
"","1312","verify Yellow ( #f1c40f ) is applied as the background color","bs-chrome-win11","2026-09-27","passed","2026-09-27","POM Refactored: Background color tests","","",""
"","10","X-Powered-By header is not exposed","Chrome","2026-09-27","passed","2026-09-27","Security > Security Headers","tests/security.spec.ts","",""
"","6","Server Unit Tests 405 Method Not Allowed returns 405 for POST, PUT, DELETE on /openapi.json","","2026-09-27","passed","2026-09-27","","Server Unit Tests","Server Unit Tests 405 Method Not Allowed returns 405 for POST, PUT, DELETE on /openapi.json",""
"","1","Utility Functions rgbToHsl pure red → h=0, s=1, l=0.5","","2026-09-27","passed","2026-09-27","","Utility Functions","Utility Functions rgbToHsl pure red → h=0, s=1, l=0.5",""
"","2014","should not have any automatically detectable accessibility issues","bs-pixel-7","2026-09-27","passed","2026-09-27","Accessibility Tests","","",""
"","2307","should maintain accessibility in el language and verify resilient locators","bs-firefox-win11","2026-09-27","passed","2026-09-27","i18n Accessibility Tests","","",""
"","168","DELETE /api/colors (collection) returns 405","bs-safari-ventura","2026-09-27","passed","2026-09-27","Security > HTTP Method Restrictions","","",""
"","9","Server Integration Tests (Testcontainers) POST /api/colors should not expose _id or __v in the creation response","","2026-09-27","passed","2026-09-27","","Server Integration Tests (Testcontainers)","Server Integration Tests (Testcontainers) POST /api/colors should not expose _id or __v in the creation response",""
"","49","Frontend Unit Tests App Component deleting a non-active color keeps the current background","","2026-09-27","passed","2026-09-27","","Frontend Unit Tests","Frontend Unit Tests App Component deleting a non-active color keeps the current background",""
"","6","Utility Functions rgbToHex output is lowercase","","2026-09-27","passed","2026-09-27","","Utility Functions","Utility Functions rgbToHex output is lowercase",""
"","151","error responses return JSON, not HTML (no info leakage)","bs-pixel-7","2026-09-27","passed","2026-09-27","Security > Security Headers","","",""
"","8","Server Integration Tests (Testcontainers) POST /api/colors should accept a single alphanumeric character as a name","","2026-09-27","passed","2026-09-27","","Server Integration Tests (Testcontainers)","Server Integration Tests (Testcontainers) POST /api/colors should accept a single alphanumeric character as a name",""
"","0","Utility Functions hslToRgb hue=210 (azure) → [0,128,255]","","2026-09-27","passed","2026-09-27","","Utility Functions","Utility Functions hslToRgb hue=210 (azure) → [0,128,255]",""
"","2617","cancel in confirm dialog closes it without deleting","bs-iphone-15","2026-09-27","passed","2026-09-27","Color Management — Add & Delete","","",""
"","1","Utility Functions hslToRgb hue=240 (blue) → [0,0,255]","","2026-09-27","passed","2026-09-27","","Utility Functions","Utility Functions hslToRgb hue=240 (blue) → [0,0,255]",""
"","1036","shows a chip for each color with a swatch, name, and delete button","bs-firefox-win11","2026-09-27","passed","2026-09-27","Color Management — Add & Delete","","",""
"","0","Utility Functions hslToRgb saturation clamped: s=-0.5 treated as s=0","","2026-09-27","passed","2026-09-27","","Utility Functions","Utility Functions hslToRgb saturation clamped: s=-0.5 treated as s=0",""
"","815","should display colors that do not exist in the database","bs-pixel-7","2026-09-27","passed","2026-09-27","Network Mocking & Interception","","",""
"","61","Frontend Unit Tests App Component saving is false again after a failed add (finally block)","","2026-09-27","passed","2026-09-27","","Frontend Unit Tests","Frontend Unit Tests App Component saving is false again after a failed add (finally block)",""
"","3","Server Unit Tests POST /api/reseed returns 401 when Authorization header is missing","","2026-09-27","passed","2026-09-27","","Server Unit Tests","Server Unit Tests POST /api/reseed returns 401 when Authorization header is missing",""
"","3","Server Unit Tests Surviving Mutants & Edge Cases Swagger Metadata & OpenAPI has exact application/json content-type","","2026-09-27","passed","2026-09-27","","Server Unit Tests","Server Unit Tests Surviving Mutants & Edge Cases Swagger Metadata & OpenAPI has exact application/json content-type",""
"","516","should display all core elements and handle button interaction","percy","2026-09-27","skipped","2026-09-27","Responsive Design – iPhone landscape (667×375)","","",""
"","1500","handle initial fetch error","bs-firefox-win11","2026-09-27","passed","2026-09-27","Edge cases and error handling","","",""
"","263","GET /api/colors/Red should return the correct hex code","bs-pixel-7","2026-09-27","passed","2026-09-27","Backend API Integration","","",""
"","1047","verify Red ( #e74c3c ) is applied as the background color","bs-chrome-win11","2026-09-27","passed","2026-09-27","POM Refactored: Background color tests","","",""
"","1487","should create dynamic random color via API and verify through UI","bs-chrome-win11","2026-09-27","passed","2026-09-27","Random Data Testing with faker.js","","",""
"","847","handle color response missing hex property","bs-pixel-7","2026-09-27","passed","2026-09-27","Edge cases and error handling","","",""
"","2083","should create dynamic random color via API and verify through UI","bs-safari-ventura","2026-09-27","passed","2026-09-27","Random Data Testing with faker.js","","",""
"","296","oversized payload is rejected (413)","bs-safari-ventura","2026-09-27","passed","2026-09-27","Security > Input Validation","","",""
"","913","should create color via API and verify through UI","Chrome","2026-09-27","passed","2026-09-27","Hybrid E2E Testing","tests/hybrid.spec.ts","",""
"","9","PATCH /api/colors returns 405","Chrome","2026-09-27","passed","2026-09-27","Security > HTTP Method Restrictions","tests/security.spec.ts","",""
"","31","Component Tests ConfirmDialog both buttons are disabled when busy=true","","2026-09-27","passed","2026-09-27","","Component Tests","Component Tests ConfirmDialog both buttons are disabled when busy=true",""
"","149","should reject invalid hex format on update","bs-pixel-7","2026-09-27","passed","2026-09-27","Backend API Integration > PUT /api/colors/:name Schema Validation","","",""
"","5115","successfully adds a new color and shows its chip","bs-safari-ventura","2026-09-27","passed","2026-09-27","Color Management — Add & Delete","","",""
"","732","should return 409 for duplicate color creation","bs-firefox-win11","2026-09-27","passed","2026-09-27","Backend API Integration > POST /api/colors Schema Validation","","",""
"","12","should reject empty name","Chrome","2026-09-27","passed","2026-09-27","Backend API Integration > POST /api/colors Schema Validation","","",""
"","754","should return 409 for duplicate color creation","bs-chrome-win11","2026-09-27","passed","2026-09-27","Backend API Integration > POST /api/colors Schema Validation","","",""
"","1168","close (×) button closes the picker","bs-chrome-win11","2026-09-27","passed","2026-09-27","Color Management — Add & Delete","","",""
"","3977","should maintain accessibility in es language and verify resilient locators","bs-iphone-15","2026-09-27","passed","2026-09-27","i18n Accessibility Tests","","",""
"","8225","should meet the accessibility threshold using Google Lighthouse","Chrome","2026-09-27","passed","2026-09-27","Accessibility Tests","tests/a11y.spec.ts","",""
"","2406","should maintain accessibility in es language and verify resilient locators","bs-chrome-win11","2026-09-27","passed","2026-09-27","i18n Accessibility Tests","","",""
"","26","Component Tests ColorPicker duplicate check is case-insensitive","","2026-09-27","passed","2026-09-27","","Utility Functions","Component Tests ColorPicker duplicate check is case-insensitive",""
"","1475","should gracefully handle a color not found in the database","bs-safari-ventura","2026-09-27","passed","2026-09-27","Network Mocking & Interception","","",""
"","1152","verify Yellow ( #f1c40f ) is applied as the background color","Chrome","2026-09-27","passed","2026-09-27","Background color tests","tests/coverage.spec.ts","",""
"","189","unknown extra fields in POST body are rejected (400)","bs-pixel-7","2026-09-27","passed","2026-09-27","Security > Input Validation","","",""
"","4","Server Unit Tests PUT /api/colors/:name returns 400 for invalid hex on update","","2026-09-27","passed","2026-09-27","","Server Unit Tests","Server Unit Tests PUT /api/colors/:name returns 400 for invalid hex on update",""
"","1","Utility Functions hslToRgb hue=30 (orange) → [255,128,0]","","2026-09-27","passed","2026-09-27","","Utility Functions","Utility Functions hslToRgb hue=30 (orange) → [255,128,0]",""
"","11","Server Unit Tests POST /api/reseed returns 200 and reseeds the database with a valid token","","2026-09-27","passed","2026-09-27","","Server Unit Tests","Server Unit Tests POST /api/reseed returns 200 and reseeds the database with a valid token",""
"","833","should update a color with valid schema","bs-pixel-7","2026-09-27","passed","2026-09-27","Backend API Integration > PUT /api/colors/:name Schema Validation","","",""
"","0","Utility Functions paintWheelPixel anti-aliases the outermost ring: dist=r gives alpha=0","","2026-09-27","passed","2026-09-27","","Utility Functions","Utility Functions paintWheelPixel anti-aliases the outermost ring: dist=r gives alpha=0",""
"","7","Component Tests ColorPicker pressing a non-Escape key does not call onCancel","","2026-09-27","passed","2026-09-27","","Utility Functions","Component Tests ColorPicker pressing a non-Escape key does not call onCancel",""
"","1382","verify Yellow ( #f1c40f ) is applied as the background color","bs-chrome-win11","2026-09-27","passed","2026-09-27","Background color tests","","",""
"","1576","close (×) button closes the picker","bs-firefox-win11","2026-09-27","passed","2026-09-27","Color Management — Add & Delete","","",""
"","834","should update a color with valid schema","bs-firefox-win11","2026-09-27","passed","2026-09-27","Backend API Integration > PUT /api/colors/:name Schema Validation","","",""
"","618","handle initial fetch with empty data","Chrome","2026-09-27","passed","2026-09-27","Edge cases and error handling","tests/coverage.spec.ts","",""
"","20","Component Tests ColorPicker typing in name input clears name error","","2026-09-27","passed","2026-09-27","","Utility Functions","Component Tests ColorPicker typing in name input clears name error",""
"","4","Server Unit Tests Middleware does not include X-Powered-By header","","2026-09-27","passed","2026-09-27","","Server Unit Tests","Server Unit Tests Middleware does not include X-Powered-By header",""
"","49","Frontend Unit Tests App Component renders title, logo, and calls initial fetch","","2026-09-27","passed","2026-09-27","","Frontend Unit Tests","Frontend Unit Tests App Component renders title, logo, and calls initial fetch",""
"","14","NoSQL $where operator in name is rejected (400)","Chrome","2026-09-27","passed","2026-09-27","Security > Injection Prevention","tests/security.spec.ts","",""
"","10","unknown extra fields in POST body are rejected (400)","Chrome","2026-09-27","passed","2026-09-27","Security > Input Validation","tests/security.spec.ts","",""
"","41","Frontend Unit Tests App Component add color 500 shows server error message","","2026-09-27","passed","2026-09-27","","Frontend Unit Tests","Frontend Unit Tests App Component add color 500 shows server error message",""
"","1451","verify Red ( #e74c3c ) is applied as the background color","bs-safari-ventura","2026-09-27","passed","2026-09-27","Background color tests","","",""
"","3404","shows client-side ""Name is required"" when submitting empty name","bs-iphone-15","2026-09-27","passed","2026-09-27","Color Management — Add & Delete","","",""
"","1907","verify Turquoise ( #1abc9c ) is applied as the background color","bs-iphone-15","2026-09-27","passed","2026-09-27","POM Refactored: Background color tests","","",""
"","331","GET /api/colors/Red should return the correct hex code","bs-safari-ventura","2026-09-27","passed","2026-09-27","Backend API Integration","","",""
"","799","handle initial fetch with empty data","bs-chrome-win11","2026-09-27","passed","2026-09-27","Edge cases and error handling","","",""
"","1525","handle color selection fetch error","bs-safari-ventura","2026-09-27","passed","2026-09-27","Edge cases and error handling","","",""
"","19","Frontend Unit Tests App Component text color on light background is dark","","2026-09-27","passed","2026-09-27","","Frontend Unit Tests","Frontend Unit Tests App Component text color on light background is dark",""
"","3870","should maintain accessibility in el language and verify resilient locators","bs-safari-ventura","2026-09-27","passed","2026-09-27","i18n Accessibility Tests","","",""
"","12","Component Tests ConfirmDialog backdrop click calls onCancel when not busy","","2026-09-27","passed","2026-09-27","","Component Tests","Component Tests ConfirmDialog backdrop click calls onCancel when not busy",""
"","4","Component Tests ConfirmDialog backdrop click does NOT call onCancel when busy","","2026-09-27","passed","2026-09-27","","Component Tests","Component Tests ConfirmDialog backdrop click does NOT call onCancel when busy",""
"","4","Server Unit Tests Error Handling seedDatabase logs error and re-throws when database fails","","2026-09-27","passed","2026-09-27","","Server Unit Tests","Server Unit Tests Error Handling seedDatabase logs error and re-throws when database fails",""
"","67","Frontend Unit Tests App Component handles non-array initial fetch response gracefully","","2026-09-27","passed","2026-09-27","","Frontend Unit Tests","Frontend Unit Tests App Component handles non-array initial fetch response gracefully",""
"","8","Server Integration Tests (Testcontainers) GET /api/colors/:name should return 400 for invalid name format","","2026-09-27","passed","2026-09-27","","Server Integration Tests (Testcontainers)","Server Integration Tests (Testcontainers) GET /api/colors/:name should return 400 for invalid name format",""
"","948","first color chip is active on load (aria-pressed=true)","bs-iphone-15","2026-09-27","passed","2026-09-27","Color Management — Add & Delete","","",""
"","276","GET /api/colors/Yellow should return the correct hex code","bs-pixel-7","2026-09-27","passed","2026-09-27","Backend API Integration","","",""
"","157","should reject missing hex","bs-iphone-15","2026-09-27","passed","2026-09-27","Backend API Integration > POST /api/colors Schema Validation","","",""
"","1","homepage after color change","Chrome","2026-09-27","skipped","2026-09-27","Percy Visual Regression – Production > Percy – desktop (1280×720)","","",""
"","47","Frontend Unit Tests App Component confirm dialog cancel button closes it","","2026-09-27","passed","2026-09-27","","Frontend Unit Tests","Frontend Unit Tests App Component confirm dialog cancel button closes it",""
"","4","Server Unit Tests Middleware handles non-JSON content type gracefully on POST","","2026-09-27","passed","2026-09-27","","Server Unit Tests","Server Unit Tests Middleware handles non-JSON content type gracefully on POST",""
"","78","Frontend Unit Tests App Component deleting is false again after a failed delete (finally block)","","2026-09-27","passed","2026-09-27","","Frontend Unit Tests","Frontend Unit Tests App Component deleting is false again after a failed delete (finally block)",""
"","4","Server Unit Tests Middleware returns 413 for payload too large","","2026-09-27","passed","2026-09-27","","Server Unit Tests","Server Unit Tests Middleware returns 413 for payload too large",""
"","20","Server Integration Tests (Testcontainers) POST /api/colors should return 409 when creating a duplicate color name","","2026-09-27","passed","2026-09-27","","Server Integration Tests (Testcontainers)","Server Integration Tests (Testcontainers) POST /api/colors should return 409 when creating a duplicate color name",""
"","5758","Cancel button closes the picker","bs-safari-ventura","2026-09-27","passed","2026-09-27","Color Management — Add & Delete","","",""
"","954","should handle fetch colors network failure gracefully","bs-iphone-15","2026-09-27","passed","2026-09-27","UI Error Handling Coverage","","",""
"","1378","verify Red ( #e74c3c ) is applied as the background color","bs-iphone-15","2026-09-27","passed","2026-09-27","Background color tests","","",""
"","1469","cancel in confirm dialog closes it without deleting","bs-chrome-win11","2026-09-27","passed","2026-09-27","Color Management — Add & Delete","","",""
"","3","Server Unit Tests 405 Method Not Allowed sets the Allow header on /api/colors/:name with correct methods","","2026-09-27","passed","2026-09-27","","Server Unit Tests","Server Unit Tests 405 Method Not Allowed sets the Allow header on /api/colors/:name with correct methods",""
"","779","clicking a chip makes it active","Chrome","2026-09-27","passed","2026-09-27","Color Management — Add & Delete","tests/color-management.spec.ts","",""
"","1415","clicking the backdrop closes the picker","bs-firefox-win11","2026-09-27","passed","2026-09-27","Color Management — Add & Delete","","",""
"","3519","should maintain accessibility in en language and verify resilient locators","bs-iphone-15","2026-09-27","passed","2026-09-27","i18n Accessibility Tests","","",""
"","24","Frontend Unit Tests App Component shows add-color button even when colors are empty","","2026-09-27","passed","2026-09-27","","Frontend Unit Tests","Frontend Unit Tests App Component shows add-color button even when colors are empty",""
"","781","Example #1","BDD","2026-09-27","passed","2026-09-27","Home Page Background Color > Change background color","","",""
"","1562","check Turquoise ( #1abc9c) is the default background color.","bs-safari-ventura","2026-09-27","passed","2026-09-27","","","",""
"","159","NoSQL $where operator in name is rejected (400)","bs-safari-ventura","2026-09-27","passed","2026-09-27","Security > Injection Prevention","","",""
"","15","should reject invalid hex format","Chrome","2026-09-27","passed","2026-09-27","Backend API Integration > POST /api/colors Schema Validation","","",""
"","56","Component Tests ColorPicker editing name does NOT call onClearError when no serverError","","2026-09-27","passed","2026-09-27","","Utility Functions","Component Tests ColorPicker editing name does NOT call onClearError when no serverError",""
"","3079","cancel in confirm dialog closes it without deleting","bs-firefox-win11","2026-09-27","passed","2026-09-27","Color Management — Add & Delete","","",""
"","813","should display all core elements and handle button interaction","Chrome","2026-09-27","passed","2026-09-27","Responsive Design – iPhone landscape (667×375)","","",""
"","1695","changing color to Yellow should reflect in UI and DOM","bs-firefox-win11","2026-09-27","passed","2026-09-27","Data-Driven Testing","","",""
"","55","Frontend Unit Tests App Component handleColorClick encodes color name in URL","","2026-09-27","passed","2026-09-27","","Frontend Unit Tests","Frontend Unit Tests App Component handleColorClick encodes color name in URL",""
"","1228","check Turquoise ( #1abc9c) is the default background color.","bs-iphone-15","2026-09-27","passed","2026-09-27","","","",""
"","103","Frontend Unit Tests App Component handleColorClick does nothing when data is null","","2026-09-27","passed","2026-09-27","","Frontend Unit Tests","Frontend Unit Tests App Component handleColorClick does nothing when data is null",""
"","1897","changing color to Yellow should reflect in UI and DOM","bs-iphone-15","2026-09-27","passed","2026-09-27","Data-Driven Testing","","",""
"","7","Server Unit Tests GET /api/colors/:name returns a single color by name with correct fields","","2026-09-27","passed","2026-09-27","","Server Unit Tests","Server Unit Tests GET /api/colors/:name returns a single color by name with correct fields",""
"","8","Server Integration Tests (Testcontainers) PUT /api/colors/:name should return 400 for invalid hex format on update","","2026-09-27","passed","2026-09-27","","Server Integration Tests (Testcontainers)","Server Integration Tests (Testcontainers) PUT /api/colors/:name should return 400 for invalid hex format on update",""
"","160","PUT /openapi.json returns 405","bs-pixel-7","2026-09-27","passed","2026-09-27","Security > HTTP Method Restrictions","","",""
"","1854","verify Yellow ( #f1c40f ) is applied as the background color","bs-safari-ventura","2026-09-27","passed","2026-09-27","POM Refactored: Background color tests","","",""
"","25","Component Tests ColorPicker hex input updates hue/sat via rgbToHsl (green → hue≈120)","","2026-09-27","passed","2026-09-27","","Utility Functions","Component Tests ColorPicker hex input updates hue/sat via rgbToHsl (green → hue≈120)",""
"","169","should reject updating with empty name","bs-iphone-15","2026-09-27","passed","2026-09-27","Backend API Integration > PUT /api/colors/:name Schema Validation","","",""
"","67","Frontend Unit Tests App Component useEffect runs only once on mount","","2026-09-27","passed","2026-09-27","","Frontend Unit Tests","Frontend Unit Tests App Component useEffect runs only once on mount",""
"","42","Server Integration Tests (Testcontainers) GET /api/colors should retrieve all seeded colors","","2026-09-27","passed","2026-09-27","","Server Integration Tests (Testcontainers)","Server Integration Tests (Testcontainers) GET /api/colors should retrieve all seeded colors",""
"","9","empty body on POST returns 400","Chrome","2026-09-27","passed","2026-09-27","Security > Input Validation","tests/security.spec.ts","",""
"","1","Utility Functions rgbToHex converts pure green","","2026-09-27","passed","2026-09-27","","Utility Functions","Utility Functions rgbToHex converts pure green",""
"","1517","should create color via API and verify through UI","bs-pixel-7","2026-09-27","passed","2026-09-27","Hybrid E2E Testing","","",""
"","6","Server Integration Tests (Testcontainers) POST /api/colors should return 400 when extra fields are provided","","2026-09-27","passed","2026-09-27","","Server Integration Tests (Testcontainers)","Server Integration Tests (Testcontainers) POST /api/colors should return 400 when extra fields are provided",""
"","0","Utility Functions readableOn returns #111 for white (very light, L=1)","","2026-09-27","passed","2026-09-27","","Utility Functions","Utility Functions readableOn returns #111 for white (very light, L=1)",""
"","4","Component Tests ConfirmDialog Enter key calls onConfirm when not busy","","2026-09-27","passed","2026-09-27","","Component Tests","Component Tests ConfirmDialog Enter key calls onConfirm when not busy",""
"","700","Example #2","BDD","2026-09-27","passed","2026-09-27","Home Page Background Color > Change background color","","",""
"","929","should display all core elements and handle button interaction","Chrome","2026-09-27","passed","2026-09-27","Responsive Design – iPhone SE (375×667)","","",""
"","253","should return 404 when updating non-existent color","bs-chrome-win11","2026-09-27","passed","2026-09-27","Backend API Integration > PUT /api/colors/:name Schema Validation","","",""
"","930","should display colors that do not exist in the database","bs-chrome-win11","2026-09-27","passed","2026-09-27","Network Mocking & Interception","","",""
"","6","Component Tests ConfirmDialog Escape key calls onCancel when not busy","","2026-09-27","passed","2026-09-27","","Component Tests","Component Tests ConfirmDialog Escape key calls onCancel when not busy",""
"","11","Frontend Unit Tests App Component initial default background before fetch resolves","","2026-09-27","passed","2026-09-27","","Frontend Unit Tests","Frontend Unit Tests App Component initial default background before fetch resolves",""
"","15","Component Tests ColorPicker Add color button shows ""Saving…"" when saving=true","","2026-09-27","passed","2026-09-27","","Utility Functions","Component Tests ColorPicker Add color button shows ""Saving…"" when saving=true",""
"","162","empty body on POST returns 400","bs-safari-ventura","2026-09-27","passed","2026-09-27","Security > Input Validation","","",""
"","12","Frontend Unit Tests App Component shows loading text when colors array is empty","","2026-09-27","passed","2026-09-27","","Frontend Unit Tests","Frontend Unit Tests App Component shows loading text when colors array is empty",""
"","15","Component Tests ColorPicker backdrop dismiss button is aria-hidden and not in tab order","","2026-09-27","passed","2026-09-27","","Utility Functions","Component Tests ColorPicker backdrop dismiss button is aria-hidden and not in tab order",""
"","329","oversized payload is rejected (413)","bs-chrome-win11","2026-09-27","passed","2026-09-27","Security > Input Validation","","",""
"","16","GET /api/colors/:name should return 404 for non-existent color","Chrome","2026-09-27","passed","2026-09-27","Backend API Integration","","",""
"","14","Server Integration Tests (Testcontainers) GET /api/colors/:name should return correct data for Red","","2026-09-27","passed","2026-09-27","","Server Integration Tests (Testcontainers)","Server Integration Tests (Testcontainers) GET /api/colors/:name should return correct data for Red",""
"","296","GET /api/colors should return all colors","bs-safari-ventura","2026-09-27","passed","2026-09-27","Backend API Integration","","",""
"","0","homepage after color change","Chrome","2026-09-27","skipped","2026-09-27","Percy Visual Regression – Production > Percy – desktop-xl (1920×1080)","","",""
"","238","should return 404 for non-existent color deletion","bs-firefox-win11","2026-09-27","passed","2026-09-27","Backend API Integration > DELETE /api/colors/:name","","",""
"","6664","should not have any automatically detectable accessibility issues","bs-chrome-win11","2026-09-27","passed","2026-09-27","Accessibility Tests","","",""
"","17","Server Integration Tests (Testcontainers) GET /api/colors/:name should return 404 for a non-existent color","","2026-09-27","passed","2026-09-27","","Server Integration Tests (Testcontainers)","Server Integration Tests (Testcontainers) GET /api/colors/:name should return 404 for a non-existent color",""
"","473","check Turquoise ( #1abc9c) is the default background color.","Chrome","2026-09-27","passed","2026-09-27","","tests/coverage.spec.ts","",""
"","9","Server Unit Tests DELETE /api/colors/:name deletes an existing color and returns success message","","2026-09-27","passed","2026-09-27","","Server Unit Tests","Server Unit Tests DELETE /api/colors/:name deletes an existing color and returns success message",""
"","159","NoSQL injection object in name is rejected (400)","bs-iphone-15","2026-09-27","passed","2026-09-27","Security > Injection Prevention","","",""
"","4","Server Unit Tests POST /api/reseed returns 401 when Bearer scheme prefix is missing","","2026-09-27","passed","2026-09-27","","Server Unit Tests","Server Unit Tests POST /api/reseed returns 401 when Bearer scheme prefix is missing",""
"","1649","clicking a chip makes it active","bs-iphone-15","2026-09-27","passed","2026-09-27","Color Management — Add & Delete","","",""
"","8","Component Tests ColorPicker wheel cursor moves to (220,110) after right-edge click (hue=0, sat=1)","","2026-09-27","passed","2026-09-27","","Utility Functions","Component Tests ColorPicker wheel cursor moves to (220,110) after right-edge click (hue=0, sat=1)",""
"","2560","should maintain accessibility in en language and verify resilient locators","bs-chrome-win11","2026-09-27","passed","2026-09-27","i18n Accessibility Tests","","",""
"","231","should reject updating with empty name","bs-chrome-win11","2026-09-27","passed","2026-09-27","Backend API Integration > PUT /api/colors/:name Schema Validation","","",""
"","22","Frontend Unit Tests App Component text color on dark background is white","","2026-09-27","passed","2026-09-27","","Frontend Unit Tests","Frontend Unit Tests App Component text color on dark background is white",""
"","562","Example #1","BDD","2026-09-27","passed","2026-09-27","Language Switching > Switch language and verify translated UI labels","","",""
"","314","GET /api/colors/Turquoise should return the correct hex code","bs-iphone-15","2026-09-27","passed","2026-09-27","Backend API Integration","","",""
"","28","Frontend Unit Tests App Component link color is dark (#003366) on light background","","2026-09-27","passed","2026-09-27","","Frontend Unit Tests","Frontend Unit Tests App Component link color is dark (#003366) on light background",""
"","2399","should maintain accessibility in es language and verify resilient locators","bs-pixel-7","2026-09-27","passed","2026-09-27","i18n Accessibility Tests","","",""
"","4","Server Unit Tests POST /api/colors rejects names with the + character (+ encodes as space in URLs, causing lookup mismatches)","","2026-09-27","passed","2026-09-27","","Server Unit Tests","Server Unit Tests POST /api/colors rejects names with the + character (+ encodes as space in URLs, causing lookup mismatches)",""
"","1609","should load the application and verify core functionality across browsers","bs-iphone-15","2026-09-27","passed","2026-09-27","Cross-Browser Core Functionality","","",""
"","23","Component Tests ColorPicker touchmove while dragging updates hex","","2026-09-27","passed","2026-09-27","","Utility Functions","Component Tests ColorPicker touchmove while dragging updates hex",""
"","625","Show loading state when the API returns an empty colors list","BDD","2026-09-27","passed","2026-09-27","API Error Handling","","",""
"","57","should return 404 when updating non-existent color","Chrome","2026-09-27","passed","2026-09-27","Backend API Integration > PUT /api/colors/:name Schema Validation","tests/api.spec.ts","",""
"","158","NoSQL injection object in name is rejected (400)","bs-firefox-win11","2026-09-27","passed","2026-09-27","Security > Injection Prevention","","",""
"","45","Frontend Unit Tests App Component learn react link has correct text","","2026-09-27","passed","2026-09-27","","Frontend Unit Tests","Frontend Unit Tests App Component learn react link has correct text",""
"","9","Server Unit Tests Error Handling POST /api/colors returns 500 when database fails (create)","","2026-09-27","passed","2026-09-27","","Server Unit Tests","Server Unit Tests Error Handling POST /api/colors returns 500 when database fails (create)",""
"","1126","clicking ""+ Add color"" opens the picker modal","bs-firefox-win11","2026-09-27","passed","2026-09-27","Color Management — Add & Delete","","",""
"","30","Component Tests ColorPicker close (×) button calls onCancel","","2026-09-27","passed","2026-09-27","","Utility Functions","Component Tests ColorPicker close (×) button calls onCancel",""
"","1626","Cancel button closes the picker","bs-firefox-win11","2026-09-27","passed","2026-09-27","Color Management — Add & Delete","","",""
"","8","Component Tests ColorPicker clicking inside the card does NOT call onCancel","","2026-09-27","passed","2026-09-27","","Utility Functions","Component Tests ColorPicker clicking inside the card does NOT call onCancel",""
"","2062","verify Turquoise ( #1abc9c ) is applied as the background color","bs-safari-ventura","2026-09-27","passed","2026-09-27","Background color tests","","",""
"","1972","verify Yellow ( #f1c40f ) is applied as the background color","bs-iphone-15","2026-09-27","passed","2026-09-27","POM Refactored: Background color tests","","",""
"","1332","verify Red ( #e74c3c ) is applied as the background color","bs-firefox-win11","2026-09-27","passed","2026-09-27","POM Refactored: Background color tests","","",""
"","13","should reject invalid hex format on update","Chrome","2026-09-27","passed","2026-09-27","Backend API Integration > PUT /api/colors/:name Schema Validation","","",""
"","1208","chip-x click opens confirm dialog with color name","bs-chrome-win11","2026-09-27","passed","2026-09-27","Color Management — Add & Delete","","",""
"","4","Server Unit Tests POST /api/colors returns 400 for name with only spaces","","2026-09-27","passed","2026-09-27","","Server Unit Tests","Server Unit Tests POST /api/colors returns 400 for name with only spaces",""
"","0","Utility Functions hslToRgb hue=90 (chartreuse) → [128,255,0]","","2026-09-27","passed","2026-09-27","","Utility Functions","Utility Functions hslToRgb hue=90 (chartreuse) → [128,255,0]",""
"","5","Server Unit Tests 405 Method Not Allowed does not return 405 for allowed POST method on /api/colors","","2026-09-27","passed","2026-09-27","","Server Unit Tests","Server Unit Tests 405 Method Not Allowed does not return 405 for allowed POST method on /api/colors",""
"","3859","clicking the backdrop closes the picker","bs-safari-ventura","2026-09-27","passed","2026-09-27","Color Management — Add & Delete","","",""
"","51","Frontend Unit Tests App Component header color attribute changes after clicking a chip","","2026-09-27","passed","2026-09-27","","Frontend Unit Tests","Frontend Unit Tests App Component header color attribute changes after clicking a chip",""
"","149","PATCH /api/colors/:name returns 405","bs-chrome-win11","2026-09-27","passed","2026-09-27","Security > HTTP Method Restrictions","","",""
"","743","verify Red ( #e74c3c ) is applied as the background color","Chrome","2026-09-27","passed","2026-09-27","POM Refactored: Background color tests","tests/pom-refactored.spec.ts","",""
"","522","should create a new color with valid schema","bs-firefox-win11","2026-09-27","passed","2026-09-27","Backend API Integration > POST /api/colors Schema Validation","","",""
"","5","Server Unit Tests POST /api/colors returns 400 for name with special characters","","2026-09-27","passed","2026-09-27","","Server Unit Tests","Server Unit Tests POST /api/colors returns 400 for name with special characters",""
"","13","Component Tests ColorPicker typing blue hex updates internal state (b is max branch)","","2026-09-27","passed","2026-09-27","","Utility Functions","Component Tests ColorPicker typing blue hex updates internal state (b is max branch)",""
"","3","Component Tests ConfirmDialog title is rendered in the element with id confirm-title","","2026-09-27","passed","2026-09-27","","Component Tests","Component Tests ConfirmDialog title is rendered in the element with id confirm-title",""
"","176","PATCH /api/colors/:name returns 405","bs-safari-ventura","2026-09-27","passed","2026-09-27","Security > HTTP Method Restrictions","","",""
"","309","GET /api/colors should return all colors","bs-pixel-7","2026-09-27","passed","2026-09-27","Backend API Integration","","",""
"","3719","successful delete removes the chip","bs-safari-ventura","2026-09-27","passed","2026-09-27","Color Management — Add & Delete","","",""
"","1414","shows client-side ""Name is required"" when submitting empty name","bs-firefox-win11","2026-09-27","passed","2026-09-27","Color Management — Add & Delete","","",""
"","153","should reject missing name","bs-chrome-win11","2026-09-27","passed","2026-09-27","Backend API Integration > POST /api/colors Schema Validation","","",""
"","0","Utility Functions hslToRgb saturation=0 gives pure grey [128,128,128]","","2026-09-27","passed","2026-09-27","","Utility Functions","Utility Functions hslToRgb saturation=0 gives pure grey [128,128,128]",""
"","290","oversized payload is rejected (413)","bs-iphone-15","2026-09-27","passed","2026-09-27","Security > Input Validation","","",""
"","1038","homepage should match snapshot","Chrome","2026-09-27","passed","2026-09-27","Visual Regression – tablet (768×1024)","","",""
"","8","Component Tests ColorPicker displays serverError prop in an alert banner","","2026-09-27","passed","2026-09-27","","Utility Functions","Component Tests ColorPicker displays serverError prop in an alert banner",""
"","845","should display all core elements and handle button interaction","percy","2026-09-27","skipped","2026-09-27","Responsive Design – iPhone SE (375×667)","","",""
"","2993","homepage initial state","percy","2026-09-27","passed","2026-09-27","Percy Visual Regression – Production > Percy – tablet (768×1024)","","",""
"","152","should reject invalid hex format on update","bs-safari-ventura","2026-09-27","passed","2026-09-27","Backend API Integration > PUT /api/colors/:name Schema Validation","","",""
"","4","Server Unit Tests Surviving Mutants & Edge Cases Swagger Metadata & OpenAPI has exact info metadata","","2026-09-27","passed","2026-09-27","","Server Unit Tests","Server Unit Tests Surviving Mutants & Edge Cases Swagger Metadata & OpenAPI has exact info metadata",""
"","958","chip-x click opens confirm dialog with color name","bs-pixel-7","2026-09-27","passed","2026-09-27","Color Management — Add & Delete","","",""
"","0","Utility Functions paintWheelPixel paints grey at center (dx=0, dy=0, dist=0, sat=0)","","2026-09-27","passed","2026-09-27","","Utility Functions","Utility Functions paintWheelPixel paints grey at center (dx=0, dy=0, dist=0, sat=0)",""
"","321","Server Unit Tests Surviving Mutants & Edge Cases Port Fallback uses default PORT 5001 when process.env.PORT is missing","","2026-09-27","passed","2026-09-27","","Server Unit Tests","Server Unit Tests Surviving Mutants & Edge Cases Port Fallback uses default PORT 5001 when process.env.PORT is missing",""
"","559","should delete an existing color","bs-iphone-15","2026-09-27","passed","2026-09-27","Backend API Integration > DELETE /api/colors/:name","","",""
"","274","GET /api/colors should return colors sorted alphabetically by name","bs-iphone-15","2026-09-27","passed","2026-09-27","Backend API Integration","","",""
"","156","malformed JSON body returns 400","bs-pixel-7","2026-09-27","passed","2026-09-27","Security > Input Validation","","",""
"","541","clicking ""+ Add color"" opens the picker modal","Chrome","2026-09-27","passed","2026-09-27","Color Management — Add & Delete","tests/color-management.spec.ts","",""
"","1165","clicking a chip makes it active","bs-chrome-win11","2026-09-27","passed","2026-09-27","Color Management — Add & Delete","","",""
"","20","Frontend Unit Tests App Component labelFor falls back to color name for unknown/custom color","","2026-09-27","passed","2026-09-27","","Frontend Unit Tests","Frontend Unit Tests App Component labelFor falls back to color name for unknown/custom color",""
"","5","Server Unit Tests Middleware JSON error middleware passes non-syntax errors to next()","","2026-09-27","passed","2026-09-27","","Server Unit Tests","Server Unit Tests Middleware JSON error middleware passes non-syntax errors to next()",""
"","33","Frontend Unit Tests App Component confirm dialog Escape key closes it","","2026-09-27","passed","2026-09-27","","Frontend Unit Tests","Frontend Unit Tests App Component confirm dialog Escape key closes it",""
"","3002","homepage initial state","percy","2026-09-27","passed","2026-09-27","Percy Visual Regression – Production > Percy – desktop-xl (1920×1080)","","",""
"","1259","check Turquoise ( #1abc9c) is the default background color.","bs-firefox-win11","2026-09-27","passed","2026-09-27","","","",""
"","169","Component Tests ConfirmDialog renders title, body, and both buttons","","2026-09-27","passed","2026-09-27","","Component Tests","Component Tests ConfirmDialog renders title, body, and both buttons",""
"","1202","shows client-side validation error for invalid name chars","bs-chrome-win11","2026-09-27","passed","2026-09-27","Color Management — Add & Delete","","",""
"","737","verify Turquoise ( #1abc9c ) is applied as the background color","Chrome","2026-09-27","passed","2026-09-27","POM Refactored: Background color tests","tests/pom-refactored.spec.ts","",""
"","162","should reject omitting both name and hex on update","bs-firefox-win11","2026-09-27","passed","2026-09-27","Backend API Integration > PUT /api/colors/:name Schema Validation","","",""
"","624","handle initial fetch error","bs-pixel-7","2026-09-27","passed","2026-09-27","Edge cases and error handling","","",""
"","0","Utility Functions rgbToHex converts pure red","","2026-09-27","passed","2026-09-27","","Utility Functions","Utility Functions rgbToHex converts pure red",""
"","1","Utility Functions hslToRgb hue=59 stays in sector 0","","2026-09-27","passed","2026-09-27","","Utility Functions","Utility Functions hslToRgb hue=59 stays in sector 0",""
"","670","handle initial fetch with empty data","bs-pixel-7","2026-09-27","passed","2026-09-27","Edge cases and error handling","","",""
"","2357","should create color via API and verify through UI","bs-iphone-15","2026-09-27","passed","2026-09-27","Hybrid E2E Testing","","",""
"","21","Frontend Unit Tests App Component colors.length > 0 does NOT show loading text","","2026-09-27","passed","2026-09-27","","Frontend Unit Tests","Frontend Unit Tests App Component colors.length > 0 does NOT show loading text",""
"","631","handle initial fetch error","Chrome","2026-09-27","passed","2026-09-27","Edge cases and error handling","tests/coverage.spec.ts","",""
"","6","Component Tests ColorPicker falls back to window resize listener when ResizeObserver is not available","","2026-09-27","passed","2026-09-27","","Utility Functions","Component Tests ColorPicker falls back to window resize listener when ResizeObserver is not available",""
"","5419","Cancel button closes the picker","bs-iphone-15","2026-09-27","passed","2026-09-27","Color Management — Add & Delete","","",""
"","34","DELETE /api/colors/{name}","","","passed","","","schemathesis","",""
"","14","Component Tests ColorPicker typing a valid hex clears the hex error and updates preview","","2026-09-27","passed","2026-09-27","","Utility Functions","Component Tests ColorPicker typing a valid hex clears the hex error and updates preview",""
"","200","SQL injection characters in name are rejected (400)","bs-chrome-win11","2026-09-27","passed","2026-09-27","Security > Injection Prevention","","",""
"","1604","should handle color click network failure gracefully","bs-iphone-15","2026-09-27","passed","2026-09-27","UI Error Handling Coverage","","",""
"","7","Server Unit Tests Surviving Mutants & Edge Cases Allowed Methods kills mutants in allowedMethods object","","2026-09-27","passed","2026-09-27","","Server Unit Tests","Server Unit Tests Surviving Mutants & Edge Cases Allowed Methods kills mutants in allowedMethods object",""
"","145","error responses return JSON, not HTML (no info leakage)","bs-iphone-15","2026-09-27","passed","2026-09-27","Security > Security Headers","","",""
"","1077","verify Turquoise ( #1abc9c ) is applied as the background color","Chrome","2026-09-27","passed","2026-09-27","Background color tests","tests/coverage.spec.ts","",""
"","3366","homepage after color change","percy","2026-09-27","passed","2026-09-27","Percy Visual Regression – Production > Percy – desktop (1280×720)","","",""
"","3471","should not have any automatically detectable accessibility issues","bs-firefox-win11","2026-09-27","passed","2026-09-27","Accessibility Tests","","",""
"","10","Server Integration Tests (Testcontainers) POST /api/reseed should not modify the database when token is invalid","","2026-09-27","passed","2026-09-27","","Server Integration Tests (Testcontainers)","Server Integration Tests (Testcontainers) POST /api/reseed should not modify the database when token is invalid",""
"","6","Server Unit Tests GET /api/colors/:name returns 404 for a non-existent color","","2026-09-27","passed","2026-09-27","","Server Unit Tests","Server Unit Tests GET /api/colors/:name returns 404 for a non-existent color",""
"","0","Utility Functions paintWheelPixel writes to the correct index offset in the array","","2026-09-27","passed","2026-09-27","","Utility Functions","Utility Functions paintWheelPixel writes to the correct index offset in the array",""
"","55","GET /api/colors/Turquoise should return the correct hex code","Chrome","2026-09-27","passed","2026-09-27","Backend API Integration","","",""
"","9","Component Tests ConfirmDialog dialog has correct ARIA attributes","","2026-09-27","passed","2026-09-27","","Component Tests","Component Tests ConfirmDialog dialog has correct ARIA attributes",""
"","2324","should maintain accessibility in es language and verify resilient locators","Chrome","2026-09-27","passed","2026-09-27","i18n Accessibility Tests","tests/a11y.spec.ts","",""
"","1589","verify Turquoise ( #1abc9c ) is applied as the background color","bs-firefox-win11","2026-09-27","passed","2026-09-27","POM Refactored: Background color tests","","",""
"","1461","verify language switcher changes document language","bs-iphone-15","2026-09-27","passed","2026-09-27","","","",""
"","297","GET /api/colors/Red should return the correct hex code","bs-iphone-15","2026-09-27","passed","2026-09-27","Backend API Integration","","",""
"","3188","should maintain accessibility in el language and verify resilient locators","bs-iphone-15","2026-09-27","passed","2026-09-27","i18n Accessibility Tests","","",""
"","1119","successfully adds a new color and shows its chip","Chrome","2026-09-27","passed","2026-09-27","Color Management — Add & Delete","tests/color-management.spec.ts","",""
"","44","Frontend Unit Tests App Component first loaded color is active (aria-pressed=true)","","2026-09-27","passed","2026-09-27","","Frontend Unit Tests","Frontend Unit Tests App Component first loaded color is active (aria-pressed=true)",""
"","161","should reject invalid hex format","bs-iphone-15","2026-09-27","passed","2026-09-27","Backend API Integration > POST /api/colors Schema Validation","","",""
"","6","Server Unit Tests Surviving Mutants & Edge Cases Regex & Validation hex regex kills mutants by testing boundaries and formats","","2026-09-27","passed","2026-09-27","","Server Unit Tests","Server Unit Tests Surviving Mutants & Edge Cases Regex & Validation hex regex kills mutants by testing boundaries and formats",""
"","1777","clicking ""+ Add color"" opens the picker modal","bs-safari-ventura","2026-09-27","passed","2026-09-27","Color Management — Add & Delete","","",""
"","328","GET /api/colors should return all colors","bs-chrome-win11","2026-09-27","passed","2026-09-27","Backend API Integration","","",""
"","15","Component Tests ColorPicker mousemove without prior mousedown (not dragging) does not change color","","2026-09-27","passed","2026-09-27","","Utility Functions","Component Tests ColorPicker mousemove without prior mousedown (not dragging) does not change color",""
"","1961","should maintain accessibility in el language and verify resilient locators","Chrome","2026-09-27","passed","2026-09-27","i18n Accessibility Tests","tests/a11y.spec.ts","",""
"","568","should delete an existing color","bs-chrome-win11","2026-09-27","passed","2026-09-27","Backend API Integration > DELETE /api/colors/:name","","",""
"","2093","verify Yellow ( #f1c40f ) is applied as the background color","bs-iphone-15","2026-09-27","passed","2026-09-27","Background color tests","","",""
"","646","Show error message when the initial colors fetch fails","BDD","2026-09-27","passed","2026-09-27","API Error Handling","","",""
"","31","Component Tests ColorPicker mousedown at top-center (hue=270) sets hex to #8000ff","","2026-09-27","passed","2026-09-27","","Utility Functions","Component Tests ColorPicker mousedown at top-center (hue=270) sets hex to #8000ff",""
"","0","Utility Functions rgbToHex value 15 pads to 0f","","2026-09-27","passed","2026-09-27","","Utility Functions","Utility Functions rgbToHex value 15 pads to 0f",""
"","9","Server Integration Tests (Testcontainers) DELETE /api/colors/:name should delete a color and confirm removal from the real database","","2026-09-27","passed","2026-09-27","","Server Integration Tests (Testcontainers)","Server Integration Tests (Testcontainers) DELETE /api/colors/:name should delete a color and confirm removal from the real database",""
"","5","Server Unit Tests 405 Method Not Allowed does not return 405 for allowed GET method on /api/colors","","2026-09-27","passed","2026-09-27","","Server Unit Tests","Server Unit Tests 405 Method Not Allowed does not return 405 for allowed GET method on /api/colors",""
"","4","Server Unit Tests POST /api/colors returns 400 for completely empty body","","2026-09-27","passed","2026-09-27","","Server Unit Tests","Server Unit Tests POST /api/colors returns 400 for completely empty body",""
"","842","check Turquoise ( #1abc9c) is the default background color.","bs-chrome-win11","2026-09-27","passed","2026-09-27","","","",""
"","557","should delete an existing color","bs-firefox-win11","2026-09-27","passed","2026-09-27","Backend API Integration > DELETE /api/colors/:name","","",""
"","1466","shows server-error message on 500 inside the picker","bs-pixel-7","2026-09-27","passed","2026-09-27","Color Management — Add & Delete","","",""
"","282","GET /api/colors/:name should return 404 for non-existent color","bs-firefox-win11","2026-09-27","passed","2026-09-27","Backend API Integration","","",""
"","160","PUT /openapi.json returns 405","bs-firefox-win11","2026-09-27","passed","2026-09-27","Security > HTTP Method Restrictions","","",""
"","163","DELETE /api/colors (collection) returns 405","bs-firefox-win11","2026-09-27","passed","2026-09-27","Security > HTTP Method Restrictions","","",""
"","9","error responses return JSON, not HTML (no info leakage)","Chrome","2026-09-27","passed","2026-09-27","Security > Security Headers","tests/security.spec.ts","",""
"","53","Frontend Unit Tests App Component handleColorClick shows error on non-2xx response","","2026-09-27","passed","2026-09-27","","Frontend Unit Tests","Frontend Unit Tests App Component handleColorClick shows error on non-2xx response",""
"","244","should return 404 for non-existent color deletion","bs-safari-ventura","2026-09-27","passed","2026-09-27","Backend API Integration > DELETE /api/colors/:name","","",""
"","0","Utility Functions readableOn returns #fff for a very dark blue","","2026-09-27","passed","2026-09-27","","Utility Functions","Utility Functions readableOn returns #fff for a very dark blue",""
"","842","changing color to Turquoise should reflect in UI and DOM","Chrome","2026-09-27","passed","2026-09-27","Data-Driven Testing","tests/data-driven.spec.ts","",""
"","13","should reject omitting both name and hex on update","Chrome","2026-09-27","passed","2026-09-27","Backend API Integration > PUT /api/colors/:name Schema Validation","","",""
"","191","should reject empty name","bs-chrome-win11","2026-09-27","passed","2026-09-27","Backend API Integration > POST /api/colors Schema Validation","","",""
"","6","Server Integration Tests (Testcontainers) POST /api/colors should return 400 when hex is missing","","2026-09-27","passed","2026-09-27","","Server Integration Tests (Testcontainers)","Server Integration Tests (Testcontainers) POST /api/colors should return 400 when hex is missing",""
"","10","Server Integration Tests (Testcontainers) seedDatabase should be idempotent — calling twice always yields exactly 3 colors","","2026-09-27","passed","2026-09-27","","Server Integration Tests (Testcontainers)","Server Integration Tests (Testcontainers) seedDatabase should be idempotent — calling twice always yields exactly 3 colors",""
"","0","Utility Functions rgbToHex value 16 does not pad","","2026-09-27","passed","2026-09-27","","Utility Functions","Utility Functions rgbToHex value 16 does not pad",""
"","4","Server Unit Tests POST /api/reseed returns 405 for GET on /api/reseed","","2026-09-27","passed","2026-09-27","","Server Unit Tests","Server Unit Tests POST /api/reseed returns 405 for GET on /api/reseed",""
"","1","mobile color picker workflow","Chrome","2026-09-27","skipped","2026-09-27","Percy Visual Regression – Production > Percy – Mobile Interactions","","",""
"","166","NoSQL operator in GET path param is rejected (400 or 404)","bs-safari-ventura","2026-09-27","passed","2026-09-27","Security > Injection Prevention","","",""
"","686","first color chip is active on load (aria-pressed=true)","bs-chrome-win11","2026-09-27","passed","2026-09-27","Color Management — Add & Delete","","",""
"","62","Frontend Unit Tests App Component delete sends DELETE request with correct method","","2026-09-27","passed","2026-09-27","","Frontend Unit Tests","Frontend Unit Tests App Component delete sends DELETE request with correct method",""
"","1372","verify Turquoise ( #1abc9c ) is applied as the background color","bs-chrome-win11","2026-09-27","passed","2026-09-27","Background color tests","","",""
"","1299","handle initial fetch with empty data","bs-firefox-win11","2026-09-27","passed","2026-09-27","Edge cases and error handling","","",""
"","167","should reject missing hex","bs-firefox-win11","2026-09-27","passed","2026-09-27","Backend API Integration > POST /api/colors Schema Validation","","",""
"","916","verify language switcher changes document language","Chrome","2026-09-27","passed","2026-09-27","","tests/coverage.spec.ts","",""
"","370","Server Unit Tests Surviving Mutants & Edge Cases Infrastructure uses default MONGO_URI when process.env.MONGO_URI is missing","","2026-09-27","passed","2026-09-27","","Server Unit Tests","Server Unit Tests Surviving Mutants & Edge Cases Infrastructure uses default MONGO_URI when process.env.MONGO_URI is missing",""
"","1","Utility Functions hslToRgb lightness clamped: l=1.5 gives white","","2026-09-27","passed","2026-09-27","","Utility Functions","Utility Functions hslToRgb lightness clamped: l=1.5 gives white",""
"","4053","should maintain accessibility after state change (color update)","bs-firefox-win11","2026-09-27","passed","2026-09-27","Accessibility Tests","","",""
"","1493","successfully adds a new color and shows its chip","bs-chrome-win11","2026-09-27","passed","2026-09-27","Color Management — Add & Delete","","",""
"","76","POST with HTML tag in name is rejected (400)","Chrome","2026-09-27","passed","2026-09-27","Security > XSS Prevention","tests/security.spec.ts","",""
"","1","Utility Functions paintWheelPixel wraps negative angle: dy<0 gives angle+360 (hue=270 → violet)","","2026-09-27","passed","2026-09-27","","Utility Functions","Utility Functions paintWheelPixel wraps negative angle: dy<0 gives angle+360 (hue=270 → violet)",""
"","1","Utility Functions rgbToHsl r max with g<b (#ff0040) → h near 345","","2026-09-27","passed","2026-09-27","","Utility Functions","Utility Functions rgbToHsl r max with g<b (#ff0040) → h near 345",""
"","2029","deleting the active color switches background to the first remaining","bs-chrome-win11","2026-09-27","passed","2026-09-27","Color Management — Add & Delete","","",""
"","1390","should load the application and verify core functionality across browsers","bs-firefox-win11","2026-09-27","passed","2026-09-27","Cross-Browser Core Functionality","","",""
"","93","Frontend Unit Tests App Component confirm dialog cancel does nothing when deleting=true","","2026-09-27","passed","2026-09-27","","Frontend Unit Tests","Frontend Unit Tests App Component confirm dialog cancel does nothing when deleting=true",""
"","174","POST with script tag in name is rejected (400)","bs-chrome-win11","2026-09-27","passed","2026-09-27","Security > XSS Prevention","","",""
"","157","NoSQL operator in GET path param is rejected (400 or 404)","bs-chrome-win11","2026-09-27","passed","2026-09-27","Security > Injection Prevention","","",""
"","1268","shows 409 duplicate error from server inside the picker","bs-pixel-7","2026-09-27","passed","2026-09-27","Color Management — Add & Delete","","",""
"","51","Frontend Unit Tests App Component deleting the active color switches background to the first remaining","","2026-09-27","passed","2026-09-27","","Frontend Unit Tests","Frontend Unit Tests App Component deleting the active color switches background to the first remaining",""
"","6","Server Integration Tests (Testcontainers) POST /api/colors should return 400 when name is missing","","2026-09-27","passed","2026-09-27","","Server Integration Tests (Testcontainers)","Server Integration Tests (Testcontainers) POST /api/colors should return 400 when name is missing",""
"","4742","should maintain accessibility in es language and verify resilient locators","bs-safari-ventura","2026-09-27","passed","2026-09-27","i18n Accessibility Tests","","",""
"","1342","homepage should match snapshot","Chrome","2026-09-27","passed","2026-09-27","Visual Regression – desktop (1280×720)","","",""
"","12","Server Unit Tests Surviving Mutants & Edge Cases Regex & Validation STRICT_NAME_REGEX kills mutants on optionality and length","","2026-09-27","passed","2026-09-27","","Server Unit Tests","Server Unit Tests Surviving Mutants & Edge Cases Regex & Validation STRICT_NAME_REGEX kills mutants on optionality and length",""
"","4","Server Unit Tests PUT /api/colors/:name returns 400 for extra unknown fields (strict schema)","","2026-09-27","passed","2026-09-27","","Server Unit Tests","Server Unit Tests PUT /api/colors/:name returns 400 for extra unknown fields (strict schema)",""
"","3294","should not have any automatically detectable accessibility issues","bs-iphone-15","2026-09-27","passed","2026-09-27","Accessibility Tests","","",""
"","5","Server Unit Tests Surviving Mutants & Edge Cases Logs seedDatabase logs success message","","2026-09-27","passed","2026-09-27","","Server Unit Tests","Server Unit Tests Surviving Mutants & Edge Cases Logs seedDatabase logs success message",""
"","184","PUT /openapi.json returns 405","bs-safari-ventura","2026-09-27","passed","2026-09-27","Security > HTTP Method Restrictions","","",""
"","7","Server Unit Tests 405 Method Not Allowed returns 405 for POST, PUT, DELETE on /api-docs","","2026-09-27","passed","2026-09-27","","Server Unit Tests","Server Unit Tests 405 Method Not Allowed returns 405 for POST, PUT, DELETE on /api-docs",""
"","1168","close (×) button closes the picker","bs-pixel-7","2026-09-27","passed","2026-09-27","Color Management — Add & Delete","","",""
"","2","Frontend Unit Tests i18n Configuration should translate keys correctly","","2026-09-27","passed","2026-09-27","","Frontend Unit Tests","Frontend Unit Tests i18n Configuration should translate keys correctly",""
"","760","changing color to Red should reflect in UI and DOM","Chrome","2026-09-27","passed","2026-09-27","Data-Driven Testing","tests/data-driven.spec.ts","",""
"","163","POST /api-docs returns 405","bs-chrome-win11","2026-09-27","passed","2026-09-27","Security > HTTP Method Restrictions","","",""
"","757","should return 409 for duplicate color creation","bs-safari-ventura","2026-09-27","passed","2026-09-27","Backend API Integration > POST /api/colors Schema Validation","","",""
"","24","Component Tests ColorPicker mousedown at right-center (hue=0) sets hex to #ff0000","","2026-09-27","passed","2026-09-27","","Utility Functions","Component Tests ColorPicker mousedown at right-center (hue=0) sets hex to #ff0000",""
"","857","should update a color with valid schema","bs-safari-ventura","2026-09-27","passed","2026-09-27","Backend API Integration > PUT /api/colors/:name Schema Validation","","",""
"","184","PUT /openapi.json returns 405","bs-iphone-15","2026-09-27","passed","2026-09-27","Security > HTTP Method Restrictions","","",""
"","4","Server Unit Tests Middleware returns 400 for malformed JSON body","","2026-09-27","passed","2026-09-27","","Server Unit Tests","Server Unit Tests Middleware returns 400 for malformed JSON body",""
"","20","Component Tests ColorPicker touchend stops dragging (touchmove after touchend is ignored)","","2026-09-27","passed","2026-09-27","","Utility Functions","Component Tests ColorPicker touchend stops dragging (touchmove after touchend is ignored)",""
"","772","should handle color click network failure gracefully","bs-pixel-7","2026-09-27","passed","2026-09-27","UI Error Handling Coverage","","",""
"","15","Server Unit Tests Surviving Mutants & Edge Cases Regex & Validation STRICT_NAME_REGEX kills mutants by testing multiple spaces in the middle and rejecting pluses","","2026-09-27","passed","2026-09-27","","Server Unit Tests","Server Unit Tests Surviving Mutants & Edge Cases Regex & Validation STRICT_NAME_REGEX kills mutants by testing multiple spaces in the middle and rejecting pluses",""
"","7","Frontend Unit Tests App Component colors.length === 0 shows loading text","","2026-09-27","passed","2026-09-27","","Frontend Unit Tests","Frontend Unit Tests App Component colors.length === 0 shows loading text",""
"","4","Server Unit Tests OpenAPI endpoints serves the OpenAPI JSON spec with exact metadata","","2026-09-27","passed","2026-09-27","","Server Unit Tests","Server Unit Tests OpenAPI endpoints serves the OpenAPI JSON spec with exact metadata",""
"","29","Component Tests ConfirmDialog cancel button calls onCancel","","2026-09-27","passed","2026-09-27","","Component Tests","Component Tests ConfirmDialog cancel button calls onCancel",""
"","3700","shows server-error message on 500 inside the picker","bs-iphone-15","2026-09-27","passed","2026-09-27","Color Management — Add & Delete","","",""
"","11","Component Tests ColorPicker renders the color wheel canvas","","2026-09-27","passed","2026-09-27","","Utility Functions","Component Tests ColorPicker renders the color wheel canvas",""
"","831","Cancel button closes the picker","Chrome","2026-09-27","passed","2026-09-27","Color Management — Add & Delete","tests/color-management.spec.ts","",""
"","12","Component Tests ColorPicker typing a valid hex without # prefix is accepted","","2026-09-27","passed","2026-09-27","","Utility Functions","Component Tests ColorPicker typing a valid hex without # prefix is accepted",""
"","1143","deleting the active color switches background to the first remaining","Chrome","2026-09-27","passed","2026-09-27","Color Management — Add & Delete","tests/color-management.spec.ts","",""
"","3","Server Unit Tests DELETE /api/colors/:name returns 400 for invalid name in path (regex check)","","2026-09-27","passed","2026-09-27","","Server Unit Tests","Server Unit Tests DELETE /api/colors/:name returns 400 for invalid name in path (regex check)",""
"","4","Server Unit Tests Error Handling POST /api/colors returns 409 when database throws duplicate key error (code 11000)","","2026-09-27","passed","2026-09-27","","Server Unit Tests","Server Unit Tests Error Handling POST /api/colors returns 409 when database throws duplicate key error (code 11000)",""
"","1842","chip-x click opens confirm dialog with color name","bs-safari-ventura","2026-09-27","passed","2026-09-27","Color Management — Add & Delete","","",""
"","1130","should load the application and verify core functionality across browsers","bs-chrome-win11","2026-09-27","passed","2026-09-27","Cross-Browser Core Functionality","","",""
"","767","should handle fetch colors network failure gracefully","bs-firefox-win11","2026-09-27","passed","2026-09-27","UI Error Handling Coverage","","",""
"","1022","Cancel button closes the picker","bs-chrome-win11","2026-09-27","passed","2026-09-27","Color Management — Add & Delete","","",""
"","2049","should maintain accessibility in en language and verify resilient locators","bs-pixel-7","2026-09-27","passed","2026-09-27","i18n Accessibility Tests","","",""
"","1026","cancel in confirm dialog closes it without deleting","bs-pixel-7","2026-09-27","passed","2026-09-27","Color Management — Add & Delete","","",""
"","1157","should create dynamic random color via API and verify through UI","Chrome","2026-09-27","passed","2026-09-27","Random Data Testing with faker.js","tests/random-data.spec.ts","",""
"","167","should reject empty name","bs-safari-ventura","2026-09-27","passed","2026-09-27","Backend API Integration > POST /api/colors Schema Validation","","",""
"","57","Frontend Unit Tests App Component successful delete removes the color chip","","2026-09-27","passed","2026-09-27","","Frontend Unit Tests","Frontend Unit Tests App Component successful delete removes the color chip",""
"","163","error responses return JSON, not HTML (no info leakage)","bs-chrome-win11","2026-09-27","passed","2026-09-27","Security > Security Headers","","",""
"","30","POST with script tag in name is rejected (400)","Chrome","2026-09-27","passed","2026-09-27","Security > XSS Prevention","tests/security.spec.ts","",""
"","6","Server Integration Tests (Testcontainers) PUT /api/colors/:name should return 400 when update body is empty","","2026-09-27","passed","2026-09-27","","Server Integration Tests (Testcontainers)","Server Integration Tests (Testcontainers) PUT /api/colors/:name should return 400 when update body is empty",""
"","174","POST with script tag in name is rejected (400)","bs-firefox-win11","2026-09-27","passed","2026-09-27","Security > XSS Prevention","","",""
"","1317","should display colors that do not exist in the database","bs-iphone-15","2026-09-27","passed","2026-09-27","Network Mocking & Interception","","",""
"","8","PATCH /api/colors/:name returns 405","Chrome","2026-09-27","passed","2026-09-27","Security > HTTP Method Restrictions","tests/security.spec.ts","",""
"","2655","homepage initial state","percy","2026-09-27","passed","2026-09-27","Percy Visual Regression – Production > Percy – mobile (375×667)","","",""
"","4","Server Unit Tests POST /api/colors returns 400 for name with whitespace","","2026-09-27","passed","2026-09-27","","Server Unit Tests","Server Unit Tests POST /api/colors returns 400 for name with whitespace",""
"","13","Component Tests ConfirmDialog swatch div has the correct background color","","2026-09-27","passed","2026-09-27","","Component Tests","Component Tests ConfirmDialog swatch div has the correct background color",""
"","54","Frontend Unit Tests App Component delete API error shows error alert without closing dialog","","2026-09-27","passed","2026-09-27","","Frontend Unit Tests","Frontend Unit Tests App Component delete API error shows error alert without closing dialog",""
"","25","Component Tests ColorPicker mousedown at left-center (hue=180) sets hex to #00ffff","","2026-09-27","passed","2026-09-27","","Utility Functions","Component Tests ColorPicker mousedown at left-center (hue=180) sets hex to #00ffff",""
"","11","Server Integration Tests (Testcontainers) seedDatabase should always restore the three default seed colors","","2026-09-27","passed","2026-09-27","","Server Integration Tests (Testcontainers)","Server Integration Tests (Testcontainers) seedDatabase should always restore the three default seed colors",""
"","4120","mobile color picker workflow","percy","2026-09-27","passed","2026-09-27","Percy Visual Regression – Production > Percy – Mobile Interactions","","",""
"","8","Server Unit Tests Surviving Mutants & Edge Cases PUT logic kills name/hex conditional mutants by providing only one field","","2026-09-27","passed","2026-09-27","","Server Unit Tests","Server Unit Tests Surviving Mutants & Edge Cases PUT logic kills name/hex conditional mutants by providing only one field",""
"","149","SQL injection characters in name are rejected (400)","bs-iphone-15","2026-09-27","passed","2026-09-27","Security > Injection Prevention","","",""
"","258","should return 404 when updating non-existent color","bs-firefox-win11","2026-09-27","passed","2026-09-27","Backend API Integration > PUT /api/colors/:name Schema Validation","","",""
"","179","empty body on POST returns 400","bs-chrome-win11","2026-09-27","passed","2026-09-27","Security > Input Validation","","",""
"","4","Server Unit Tests Error Handling PUT /api/colors/:name returns 409 when database throws duplicate key error (code 11000) on save","","2026-09-27","passed","2026-09-27","","Server Unit Tests","Server Unit Tests Error Handling PUT /api/colors/:name returns 409 when database throws duplicate key error (code 11000) on save",""
"","24","Component Tests ColorPicker mousedown at bottom-center (hue=90) sets hex to #80ff00","","2026-09-27","passed","2026-09-27","","Utility Functions","Component Tests ColorPicker mousedown at bottom-center (hue=90) sets hex to #80ff00",""
"","4","Component Tests ConfirmDialog Escape key does NOT call onCancel when busy","","2026-09-27","passed","2026-09-27","","Component Tests","Component Tests ConfirmDialog Escape key does NOT call onCancel when busy",""
"","2835","should maintain accessibility after state change (color update)","Chrome","2026-09-27","passed","2026-09-27","Accessibility Tests","tests/a11y.spec.ts","",""
"","1","Frontend Unit Tests i18n Configuration should have defined resources for en, es, el","","2026-09-27","passed","2026-09-27","","Frontend Unit Tests","Frontend Unit Tests i18n Configuration should have defined resources for en, es, el",""
"","598","handle color response missing hex property","Chrome","2026-09-27","passed","2026-09-27","Edge cases and error handling","tests/coverage.spec.ts","",""
"","2864","homepage after color change","percy","2026-09-27","passed","2026-09-27","Percy Visual Regression – Production > Percy – mobile (375×667)","","",""
"","179","PATCH /api/colors returns 405","bs-pixel-7","2026-09-27","passed","2026-09-27","Security > HTTP Method Restrictions","","",""
"","497","should handle fetch colors network failure gracefully","Chrome","2026-09-27","passed","2026-09-27","UI Error Handling Coverage","tests/error-handling.spec.ts","",""
"","1013","clicking the backdrop closes the picker","bs-pixel-7","2026-09-27","passed","2026-09-27","Color Management — Add & Delete","","",""
"","7","Component Tests ColorPicker Escape listener is removed after unmount","","2026-09-27","passed","2026-09-27","","Utility Functions","Component Tests ColorPicker Escape listener is removed after unmount",""
"","1150","shows client-side ""Name is required"" when submitting empty name","bs-chrome-win11","2026-09-27","passed","2026-09-27","Color Management — Add & Delete","","",""
"","0","Utility Functions paintWheelPixel anti-aliases near-edge pixel: dist=r-0.5 gives alpha=127","","2026-09-27","passed","2026-09-27","","Utility Functions","Utility Functions paintWheelPixel anti-aliases near-edge pixel: dist=r-0.5 gives alpha=127",""
"","169","POST with HTML tag in name is rejected (400)","bs-firefox-win11","2026-09-27","passed","2026-09-27","Security > XSS Prevention","","",""
"","14","Server Integration Tests (Testcontainers) PUT /api/colors/:name should rename a color and make old name return 404","","2026-09-27","passed","2026-09-27","","Server Integration Tests (Testcontainers)","Server Integration Tests (Testcontainers) PUT /api/colors/:name should rename a color and make old name return 404",""
"","164","POST /api-docs returns 405","bs-iphone-15","2026-09-27","passed","2026-09-27","Security > HTTP Method Restrictions","","",""
"","1","Utility Functions hexToRgb returns null for invalid input","","2026-09-27","passed","2026-09-27","","Utility Functions","Utility Functions hexToRgb returns null for invalid input",""
"","4","Server Unit Tests POST /api/colors returns 400 when hex is missing","","2026-09-27","passed","2026-09-27","","Server Unit Tests","Server Unit Tests POST /api/colors returns 400 when hex is missing",""
"","1922","changing color to Yellow should reflect in UI and DOM","bs-safari-ventura","2026-09-27","passed","2026-09-27","Data-Driven Testing","","",""
"","41","Frontend Unit Tests App Component add color network error shows network error message","","2026-09-27","passed","2026-09-27","","Frontend Unit Tests","Frontend Unit Tests App Component add color network error shows network error message",""
"","2060","changing color to Turquoise should reflect in UI and DOM","bs-safari-ventura","2026-09-27","passed","2026-09-27","Data-Driven Testing","","",""
"","1071","first color chip is active on load (aria-pressed=true)","bs-safari-ventura","2026-09-27","passed","2026-09-27","Color Management — Add & Delete","","",""
"","1197","handle color response missing hex property","bs-firefox-win11","2026-09-27","passed","2026-09-27","Edge cases and error handling","","",""
"","3301","clicking the backdrop closes the picker","bs-iphone-15","2026-09-27","passed","2026-09-27","Color Management — Add & Delete","","",""
"","5","Server Unit Tests Surviving Mutants & Edge Cases Regex & Validation Zod required_error messages are correct","","2026-09-27","passed","2026-09-27","","Server Unit Tests","Server Unit Tests Surviving Mutants & Edge Cases Regex & Validation Zod required_error messages are correct",""
"","612","Example #2","BDD","2026-09-27","passed","2026-09-27","Language Switching > Switch language and verify translated UI labels","","",""
"","9","Server Unit Tests Error Handling POST /api/colors returns 500 when database fails (findOne)","","2026-09-27","passed","2026-09-27","","Server Unit Tests","Server Unit Tests Error Handling POST /api/colors returns 500 when database fails (findOne)",""
"","4","Server Unit Tests OpenAPI endpoints has exact application/json content-type","","2026-09-27","passed","2026-09-27","","Server Unit Tests","Server Unit Tests OpenAPI endpoints has exact application/json content-type",""
"","6","Server Unit Tests Surviving Mutants & Edge Cases Rate Limiting & Security kills mutants by verifying x-ratelimit headers","","2026-09-27","passed","2026-09-27","","Server Unit Tests","Server Unit Tests Surviving Mutants & Edge Cases Rate Limiting & Security kills mutants by verifying x-ratelimit headers",""
"","167","SQL injection characters in name are rejected (400)","bs-pixel-7","2026-09-27","passed","2026-09-27","Security > Injection Prevention","","",""
"","5","Server Unit Tests PUT /api/colors/:name updates both name and hex simultaneously","","2026-09-27","passed","2026-09-27","","Server Unit Tests","Server Unit Tests PUT /api/colors/:name updates both name and hex simultaneously",""
"","2817","successful delete removes the chip","bs-iphone-15","2026-09-27","passed","2026-09-27","Color Management — Add & Delete","","",""
"","260","X-Powered-By header is not exposed","bs-chrome-win11","2026-09-27","passed","2026-09-27","Security > Security Headers","","",""
"","591","shows a chip for each color with a swatch, name, and delete button","bs-pixel-7","2026-09-27","passed","2026-09-27","Color Management — Add & Delete","","",""
"","282","GET /api/colors should return all colors","bs-iphone-15","2026-09-27","passed","2026-09-27","Backend API Integration","","",""
"","0","Utility Functions rgbToHsl r max, g>0, b=0 → h in (0,60)","","2026-09-27","passed","2026-09-27","","Utility Functions","Utility Functions rgbToHsl r max, g>0, b=0 → h in (0,60)",""
"","22","GET /api/colors should return all colors","Chrome","2026-09-27","passed","2026-09-27","Backend API Integration","","",""
"","29","Component Tests ColorPicker mousemove while dragging updates hex (dragging.current=true kills mutation)","","2026-09-27","passed","2026-09-27","","Utility Functions","Component Tests ColorPicker mousemove while dragging updates hex (dragging.current=true kills mutation)",""
"","153","POST with HTML tag in name is rejected (400)","bs-pixel-7","2026-09-27","passed","2026-09-27","Security > XSS Prevention","","",""
"","632","should handle color click network failure gracefully","Chrome","2026-09-27","passed","2026-09-27","UI Error Handling Coverage","tests/error-handling.spec.ts","",""
"","6","Server Integration Tests (Testcontainers) PUT /api/colors/:name should return 404 when updating a non-existent color","","2026-09-27","passed","2026-09-27","","Server Integration Tests (Testcontainers)","Server Integration Tests (Testcontainers) PUT /api/colors/:name should return 404 when updating a non-existent color",""
"","155","PATCH /api/colors returns 405","bs-iphone-15","2026-09-27","passed","2026-09-27","Security > HTTP Method Restrictions","","",""
"","733","handle initial fetch error","bs-chrome-win11","2026-09-27","passed","2026-09-27","Edge cases and error handling","","",""
"","62","Frontend Unit Tests App Component add color success closes picker and shows new chip","","2026-09-27","passed","2026-09-27","","Frontend Unit Tests","Frontend Unit Tests App Component add color success closes picker and shows new chip",""
"","4","Server Unit Tests OpenAPI endpoints serves Swagger UI as HTML","","2026-09-27","passed","2026-09-27","","Server Unit Tests","Server Unit Tests OpenAPI endpoints serves Swagger UI as HTML",""
"","49","Frontend Unit Tests App Component add color 429 rate limit shows specific message","","2026-09-27","passed","2026-09-27","","Frontend Unit Tests","Frontend Unit Tests App Component add color 429 rate limit shows specific message",""
"","40","Component Tests ConfirmDialog confirm button calls onConfirm","","2026-09-27","passed","2026-09-27","","Component Tests","Component Tests ConfirmDialog confirm button calls onConfirm",""
"","3","Server Unit Tests Surviving Mutants & Edge Cases PUT logic kills refine mutant by sending empty body","","2026-09-27","passed","2026-09-27","","Server Unit Tests","Server Unit Tests Surviving Mutants & Edge Cases PUT logic kills refine mutant by sending empty body",""
"","18","Server Integration Tests (Testcontainers) POST /api/reseed should reseed the database to the three default colors with a valid token","","2026-09-27","passed","2026-09-27","","Server Integration Tests (Testcontainers)","Server Integration Tests (Testcontainers) POST /api/reseed should reseed the database to the three default colors with a valid token",""
"","4","Frontend Unit Tests App Component current color span tracks hex value","","2026-09-27","passed","2026-09-27","","Frontend Unit Tests","Frontend Unit Tests App Component current color span tracks hex value",""
"","0","Utility Functions hslToRgb hue=120 (green) → [0,255,0]","","2026-09-27","passed","2026-09-27","","Utility Functions","Utility Functions hslToRgb hue=120 (green) → [0,255,0]",""
"","260","should reject updating with empty name","bs-firefox-win11","2026-09-27","passed","2026-09-27","Backend API Integration > PUT /api/colors/:name Schema Validation","","",""
"","2","homepage initial state","Chrome","2026-09-27","skipped","2026-09-27","Percy Visual Regression – Production > Percy – desktop (1280×720)","","",""
"","1896","should load the application and verify core functionality across browsers","Firefox","2026-09-27","passed","2026-09-27","Cross-Browser Core Functionality","","",""
"","329","GET /api/colors/Turquoise should return the correct hex code","bs-safari-ventura","2026-09-27","passed","2026-09-27","Backend API Integration","","",""
"","156","unknown extra fields in POST body are rejected (400)","bs-safari-ventura","2026-09-27","passed","2026-09-27","Security > Input Validation","","",""
"","1955","color names rendered in the UI do not trigger script execution","bs-safari-ventura","2026-09-27","passed","2026-09-27","Security > XSS Prevention","","",""
"","979","verify language switcher changes document language","bs-firefox-win11","2026-09-27","passed","2026-09-27","","","",""
"","826","homepage should match snapshot","Chrome","2026-09-27","passed","2026-09-27","Visual Regression – iphone-landscape (667×375)","","",""
"","0","Utility Functions rgbToHsl white [255,255,255] → h=0, s=0, l=1","","2026-09-27","passed","2026-09-27","","Utility Functions","Utility Functions rgbToHsl white [255,255,255] → h=0, s=0, l=1",""
"","310","GET /api/colors/Yellow should return the correct hex code","bs-chrome-win11","2026-09-27","passed","2026-09-27","Backend API Integration","","",""
"","3","Server Unit Tests Surviving Mutants & Edge Cases Swagger Metadata & OpenAPI has exact server metadata","","2026-09-27","passed","2026-09-27","","Server Unit Tests","Server Unit Tests Surviving Mutants & Edge Cases Swagger Metadata & OpenAPI has exact server metadata",""
"","264","should return 404 for non-existent color deletion","bs-iphone-15","2026-09-27","passed","2026-09-27","Backend API Integration > DELETE /api/colors/:name","","",""
"","0","Utility Functions rgbToHsl b max (#0040ff) → h in (180,300)","","2026-09-27","passed","2026-09-27","","Utility Functions","Utility Functions rgbToHsl b max (#0040ff) → h in (180,300)",""
"","4383","deleting the active color switches background to the first remaining","bs-safari-ventura","2026-09-27","passed","2026-09-27","Color Management — Add & Delete","","",""
"","7","Server Unit Tests POST /api/colors accepts names with alphanumeric characters and spaces","","2026-09-27","passed","2026-09-27","","Server Unit Tests","Server Unit Tests POST /api/colors accepts names with alphanumeric characters and spaces",""
"","147","should reject missing name","bs-safari-ventura","2026-09-27","passed","2026-09-27","Backend API Integration > POST /api/colors Schema Validation","","",""
"","3314","delete API error shows alert banner","bs-safari-ventura","2026-09-27","passed","2026-09-27","Color Management — Add & Delete","","",""
"","630","should handle fetch colors network failure gracefully","bs-chrome-win11","2026-09-27","passed","2026-09-27","UI Error Handling Coverage","","",""
"","1777","deleting the active color switches background to the first remaining","bs-firefox-win11","2026-09-27","passed","2026-09-27","Color Management — Add & Delete","","",""
"","3248","deleting the active color switches background to the first remaining","bs-iphone-15","2026-09-27","passed","2026-09-27","Color Management — Add & Delete","","",""
"","156","should reject empty name","bs-firefox-win11","2026-09-27","passed","2026-09-27","Backend API Integration > POST /api/colors Schema Validation","","",""
"","773","changing color to Yellow should reflect in UI and DOM","Chrome","2026-09-27","passed","2026-09-27","Data-Driven Testing","tests/data-driven.spec.ts","",""
"","2438","PUT /api/colors/{name}","","","passed","","","schemathesis","",""
"","3704","homepage initial state","percy","2026-09-27","passed","2026-09-27","Percy Visual Regression – Production > Percy – desktop (1280×720)","","",""
"","736","verify language switcher changes document language","bs-chrome-win11","2026-09-27","passed","2026-09-27","","","",""
"","0","Utility Functions paintWheelPixel sets alpha to 0 when dist > r (outside circle)","","2026-09-27","passed","2026-09-27","","Utility Functions","Utility Functions paintWheelPixel sets alpha to 0 when dist > r (outside circle)",""
"","2197","verify Turquoise ( #1abc9c ) is applied as the background color","bs-iphone-15","2026-09-27","passed","2026-09-27","Background color tests","","",""
"","0","Utility Functions hslToRgb hue=150 (spring green) → [0,255,128]","","2026-09-27","passed","2026-09-27","","Utility Functions","Utility Functions hslToRgb hue=150 (spring green) → [0,255,128]",""
"","5","Server Integration Tests (Testcontainers) POST /api/reseed should return 401 when token is invalid","","2026-09-27","passed","2026-09-27","","Server Integration Tests (Testcontainers)","Server Integration Tests (Testcontainers) POST /api/reseed should return 401 when token is invalid",""
"","1","Frontend Unit Tests i18n Configuration should be initialized with correct settings","","2026-09-27","passed","2026-09-27","","Frontend Unit Tests","Frontend Unit Tests i18n Configuration should be initialized with correct settings",""
"","1337","changing color to Turquoise should reflect in UI and DOM","bs-chrome-win11","2026-09-27","passed","2026-09-27","Data-Driven Testing","","",""
"","0","Utility Functions hslToRgb hue=360 wraps to hue=0 → [255,0,0]","","2026-09-27","passed","2026-09-27","","Utility Functions","Utility Functions hslToRgb hue=360 wraps to hue=0 → [255,0,0]",""
"","829","should gracefully handle a color not found in the database","Chrome","2026-09-27","passed","2026-09-27","Network Mocking & Interception","tests/network-mocking.spec.ts","",""
"","306","GET /api/colors/Red should return the correct hex code","bs-chrome-win11","2026-09-27","passed","2026-09-27","Backend API Integration","","",""
"","8","Server Integration Tests (Testcontainers) POST /api/colors should accept a color name containing spaces","","2026-09-27","passed","2026-09-27","","Server Integration Tests (Testcontainers)","Server Integration Tests (Testcontainers) POST /api/colors should accept a color name containing spaces",""
"","10","Server Integration Tests (Testcontainers) Concurrent writes should handle parallel GETs without errors","","2026-09-27","passed","2026-09-27","","Server Integration Tests (Testcontainers)","Server Integration Tests (Testcontainers) Concurrent writes should handle parallel GETs without errors",""
"","2872","should maintain accessibility in es language and verify resilient locators","bs-firefox-win11","2026-09-27","passed","2026-09-27","i18n Accessibility Tests","","",""
"","144","should reject invalid hex format on update","bs-firefox-win11","2026-09-27","passed","2026-09-27","Backend API Integration > PUT /api/colors/:name Schema Validation","","",""
"","39","should return 409 for duplicate color creation","Chrome","2026-09-27","passed","2026-09-27","Backend API Integration > POST /api/colors Schema Validation","","",""
"","162","should reject missing hex","bs-chrome-win11","2026-09-27","passed","2026-09-27","Backend API Integration > POST /api/colors Schema Validation","","",""
"","1062","should handle fetch colors network failure gracefully","bs-safari-ventura","2026-09-27","passed","2026-09-27","UI Error Handling Coverage","","",""
"","1738","shows server-error message on 500 inside the picker","bs-firefox-win11","2026-09-27","passed","2026-09-27","Color Management — Add & Delete","","",""
"","897","should show loading state when API returns empty colors","bs-iphone-15","2026-09-27","passed","2026-09-27","UI Error Handling Coverage","","",""
"","267","GET /api/colors/:name should return 404 for non-existent color","bs-iphone-15","2026-09-27","passed","2026-09-27","Backend API Integration","","",""
"","0","Utility Functions hslToRgb lightness clamped: l=-0.5 gives black","","2026-09-27","passed","2026-09-27","","Utility Functions","Utility Functions hslToRgb lightness clamped: l=-0.5 gives black",""
"","0","Utility Functions rgbToHsl light red (#ff8080): l>0.5, s computed via (2-max-min) branch","","2026-09-27","passed","2026-09-27","","Utility Functions","Utility Functions rgbToHsl light red (#ff8080): l>0.5, s computed via (2-max-min) branch",""
"","4760","should maintain accessibility after state change (color update)","bs-iphone-15","2026-09-27","passed","2026-09-27","Accessibility Tests","","",""
"","3680","successfully adds a new color and shows its chip","bs-iphone-15","2026-09-27","passed","2026-09-27","Color Management — Add & Delete","","",""
"","66","Frontend Unit Tests App Component handles empty array from initial fetch gracefully","","2026-09-27","passed","2026-09-27","","Frontend Unit Tests","Frontend Unit Tests App Component handles empty array from initial fetch gracefully",""
"","211","unknown extra fields in POST body are rejected (400)","bs-chrome-win11","2026-09-27","passed","2026-09-27","Security > Input Validation","","",""
"","20","should reject missing hex","Chrome","2026-09-27","passed","2026-09-27","Backend API Integration > POST /api/colors Schema Validation","","",""
"","533","clicking the backdrop closes the picker","Chrome","2026-09-27","passed","2026-09-27","Color Management — Add & Delete","tests/color-management.spec.ts","",""
"","161","error responses return JSON, not HTML (no info leakage)","bs-safari-ventura","2026-09-27","passed","2026-09-27","Security > Security Headers","","",""
"","269","GET /api/colors/Turquoise should return the correct hex code","bs-firefox-win11","2026-09-27","passed","2026-09-27","Backend API Integration","","",""
"","14","Component Tests ConfirmDialog cancelLabel prop is reflected in the button text","","2026-09-27","passed","2026-09-27","","Component Tests","Component Tests ConfirmDialog cancelLabel prop is reflected in the button text",""
"","13","should reject missing name","Chrome","2026-09-27","passed","2026-09-27","Backend API Integration > POST /api/colors Schema Validation","","",""
"","161","NoSQL injection object in name is rejected (400)","bs-chrome-win11","2026-09-27","passed","2026-09-27","Security > Injection Prevention","","",""
"","1255","shows client-side ""Name is required"" when submitting empty name","bs-pixel-7","2026-09-27","passed","2026-09-27","Color Management — Add & Delete","","",""
"","161","should reject missing name","bs-pixel-7","2026-09-27","passed","2026-09-27","Backend API Integration > POST /api/colors Schema Validation","","",""
"","1336","verify Yellow ( #f1c40f ) is applied as the background color","bs-pixel-7","2026-09-27","passed","2026-09-27","Background color tests","","",""
"","3","Server Unit Tests 405 Method Not Allowed returns 405 for PATCH on /api/colors","","2026-09-27","passed","2026-09-27","","Server Unit Tests","Server Unit Tests 405 Method Not Allowed returns 405 for PATCH on /api/colors",""
"","968","should show loading state when API returns empty colors","bs-safari-ventura","2026-09-27","passed","2026-09-27","UI Error Handling Coverage","","",""
"","1484","should display colors that do not exist in the database","bs-safari-ventura","2026-09-27","passed","2026-09-27","Network Mocking & Interception","","",""
"","921","homepage should match snapshot","Chrome","2026-09-27","passed","2026-09-27","Visual Regression – iphone-se (375×667)","","",""
"","0","Utility Functions hexToRgb parses a standard #RRGGBB hex","","2026-09-27","passed","2026-09-27","","Utility Functions","Utility Functions hexToRgb parses a standard #RRGGBB hex",""
"","1024","delete API error shows alert banner","bs-pixel-7","2026-09-27","passed","2026-09-27","Color Management — Add & Delete","","",""
"","0","Utility Functions hslToRgb hue=330 (rose) → [255,0,128]","","2026-09-27","passed","2026-09-27","","Utility Functions","Utility Functions hslToRgb hue=330 (rose) → [255,0,128]",""
"","53","Frontend Unit Tests App Component delete network error shows error alert","","2026-09-27","passed","2026-09-27","","Frontend Unit Tests","Frontend Unit Tests App Component delete network error shows error alert",""
"","767","shows client-side ""Name is required"" when submitting empty name","Chrome","2026-09-27","passed","2026-09-27","Color Management — Add & Delete","tests/color-management.spec.ts","",""
"","11","Frontend Unit Tests App Component shows error alert when initial fetch returns non-2xx","","2026-09-27","passed","2026-09-27","","Frontend Unit Tests","Frontend Unit Tests App Component shows error alert when initial fetch returns non-2xx",""
"","4796","should not have any automatically detectable accessibility issues","bs-safari-ventura","2026-09-27","passed","2026-09-27","Accessibility Tests","","",""
"","1421","color names rendered in the UI do not trigger script execution","bs-pixel-7","2026-09-27","passed","2026-09-27","Security > XSS Prevention","","",""
"","299","GET /api/colors/Turquoise should return the correct hex code","bs-pixel-7","2026-09-27","passed","2026-09-27","Backend API Integration","","",""
"","8","Server Unit Tests seedDatabase clears existing colors and re-seeds with 3 defaults","","2026-09-27","passed","2026-09-27","","Server Unit Tests","Server Unit Tests seedDatabase clears existing colors and re-seeds with 3 defaults",""
"","3","Server Unit Tests Surviving Mutants & Edge Cases OpenAPI Content-Type has application/json content-type","","2026-09-27","passed","2026-09-27","","Server Unit Tests","Server Unit Tests Surviving Mutants & Edge Cases OpenAPI Content-Type has application/json content-type",""
"","29","Component Tests ColorPicker submit is blocked when hex input has an error","","2026-09-27","passed","2026-09-27","","Utility Functions","Component Tests ColorPicker submit is blocked when hex input has an error",""
"","966","clicking the backdrop closes the picker","bs-chrome-win11","2026-09-27","passed","2026-09-27","Color Management — Add & Delete","","",""
"","31","Frontend Unit Tests App Component picker × button closes the modal","","2026-09-27","passed","2026-09-27","","Frontend Unit Tests","Frontend Unit Tests App Component picker × button closes the modal",""
"","11","Component Tests ColorPicker typing red with g<b hex updates internal state","","2026-09-27","passed","2026-09-27","","Utility Functions","Component Tests ColorPicker typing red with g<b hex updates internal state",""
"","1958","should create dynamic random color via API and verify through UI","bs-firefox-win11","2026-09-27","passed","2026-09-27","Random Data Testing with faker.js","","",""
"","1394","verify language switcher changes document language","bs-safari-ventura","2026-09-27","passed","2026-09-27","","","",""
"","156","should reject missing hex","bs-safari-ventura","2026-09-27","passed","2026-09-27","Backend API Integration > POST /api/colors Schema Validation","","",""
"","9","SQL injection characters in name are rejected (400)","Chrome","2026-09-27","passed","2026-09-27","Security > Injection Prevention","tests/security.spec.ts","",""
"","2014","verify Turquoise ( #1abc9c ) is applied as the background color","bs-safari-ventura","2026-09-27","passed","2026-09-27","POM Refactored: Background color tests","","",""
"","35","Frontend Unit Tests App Component clicking chip-x opens confirm dialog with color name and swatch","","2026-09-27","passed","2026-09-27","","Frontend Unit Tests","Frontend Unit Tests App Component clicking chip-x opens confirm dialog with color name and swatch",""
"","204","POST with javascript: URI in name is rejected (400)","bs-chrome-win11","2026-09-27","passed","2026-09-27","Security > XSS Prevention","","",""
"","22","Server Unit Tests Surviving Mutants & Edge Cases Regex & Validation STRICT_NAME_REGEX kills mutants on start/end/middle characters","","2026-09-27","passed","2026-09-27","","Server Unit Tests","Server Unit Tests Surviving Mutants & Edge Cases Regex & Validation STRICT_NAME_REGEX kills mutants on start/end/middle characters",""
"","167","should reject invalid hex format","bs-firefox-win11","2026-09-27","passed","2026-09-27","Backend API Integration > POST /api/colors Schema Validation","","",""
"","10","Server Unit Tests GET /api/colors does not expose _id or __v fields","","2026-09-27","passed","2026-09-27","","Server Unit Tests","Server Unit Tests GET /api/colors does not expose _id or __v fields",""
"","8","array body on POST returns 400","Chrome","2026-09-27","passed","2026-09-27","Security > Input Validation","tests/security.spec.ts","",""
"","17","Server Integration Tests (Testcontainers) seedDatabase should clear custom colors when re-seeded","","2026-09-27","passed","2026-09-27","","Server Integration Tests (Testcontainers)","Server Integration Tests (Testcontainers) seedDatabase should clear custom colors when re-seeded",""
"","4","Server Unit Tests 405 Method Not Allowed does not return 405 for allowed GET method on /api/colors/:name","","2026-09-27","passed","2026-09-27","","Server Unit Tests","Server Unit Tests 405 Method Not Allowed does not return 405 for allowed GET method on /api/colors/:name",""
"","5","Server Unit Tests GET /api/colors/:name is case-sensitive","","2026-09-27","passed","2026-09-27","","Server Unit Tests","Server Unit Tests GET /api/colors/:name is case-sensitive",""
"","16","Server Integration Tests (Testcontainers) POST /api/reseed should be idempotent — calling reseed twice always yields exactly 3 colors","","2026-09-27","passed","2026-09-27","","Server Integration Tests (Testcontainers)","Server Integration Tests (Testcontainers) POST /api/reseed should be idempotent — calling reseed twice always yields exactly 3 colors",""
"","146","POST with javascript: URI in name is rejected (400)","bs-firefox-win11","2026-09-27","passed","2026-09-27","Security > XSS Prevention","","",""
"","34","Component Tests ColorPicker cancel button calls onCancel","","2026-09-27","passed","2026-09-27","","Utility Functions","Component Tests ColorPicker cancel button calls onCancel",""
"","0","Utility Functions hslToRgb hue=60 (yellow) → [255,255,0]","","2026-09-27","passed","2026-09-27","","Utility Functions","Utility Functions hslToRgb hue=60 (yellow) → [255,255,0]",""
"","29","Frontend Unit Tests App Component clicking Add color button opens picker modal","","2026-09-27","passed","2026-09-27","","Frontend Unit Tests","Frontend Unit Tests App Component clicking Add color button opens picker modal",""
"","1154","delete API error shows alert banner","bs-chrome-win11","2026-09-27","passed","2026-09-27","Color Management — Add & Delete","","",""
"","155","malformed JSON body returns 400","bs-firefox-win11","2026-09-27","passed","2026-09-27","Security > Input Validation","","",""
"","1821","delete API error shows alert banner","bs-firefox-win11","2026-09-27","passed","2026-09-27","Color Management — Add & Delete","","",""
"","160","array body on POST returns 400","bs-firefox-win11","2026-09-27","passed","2026-09-27","Security > Input Validation","","",""
"","1163","should display all core elements and handle button interaction","percy","2026-09-27","skipped","2026-09-27","Responsive Design – tablet (768×1024)","","",""
"","270","GET /api/colors/:name should return 404 for non-existent color","bs-safari-ventura","2026-09-27","passed","2026-09-27","Backend API Integration","","",""
"","157","should reject empty name","bs-pixel-7","2026-09-27","passed","2026-09-27","Backend API Integration > POST /api/colors Schema Validation","","",""
"","172","NoSQL $where operator in name is rejected (400)","bs-iphone-15","2026-09-27","passed","2026-09-27","Security > Injection Prevention","","",""
"","999","changing color to Red should reflect in UI and DOM","bs-pixel-7","2026-09-27","passed","2026-09-27","Data-Driven Testing","","",""
"","29","Component Tests ColorPicker submit with empty name shows ""Name is required"" error","","2026-09-27","passed","2026-09-27","","Utility Functions","Component Tests ColorPicker submit with empty name shows ""Name is required"" error",""
"","8","Component Tests ColorPicker editing name input calls onClearError to clear server error","","2026-09-27","passed","2026-09-27","","Utility Functions","Component Tests ColorPicker editing name input calls onClearError to clear server error",""
"","12","Server Integration Tests (Testcontainers) PUT /api/colors/:name should update the hex of an existing color and persist it in the real database","","2026-09-27","passed","2026-09-27","","Server Integration Tests (Testcontainers)","Server Integration Tests (Testcontainers) PUT /api/colors/:name should update the hex of an existing color and persist it in the real database",""
"","197","should reject omitting both name and hex on update","bs-chrome-win11","2026-09-27","passed","2026-09-27","Backend API Integration > PUT /api/colors/:name Schema Validation","","",""
"","1412","handle initial fetch error","bs-safari-ventura","2026-09-27","passed","2026-09-27","Edge cases and error handling","","",""
"","98","Frontend Unit Tests App Component clicking a color chip makes it active","","2026-09-27","passed","2026-09-27","","Frontend Unit Tests","Frontend Unit Tests App Component clicking a color chip makes it active",""
"","0","Utility Functions readableOn returns #111 for light-grey (L≈0.60, above 0.179 threshold)","","2026-09-27","passed","2026-09-27","","Utility Functions","Utility Functions readableOn returns #111 for light-grey (L≈0.60, above 0.179 threshold)",""
"","272","GET /api/colors should return all colors","bs-firefox-win11","2026-09-27","passed","2026-09-27","Backend API Integration","","",""
"","38","should create a new color with valid schema","Chrome","2026-09-27","passed","2026-09-27","Backend API Integration > POST /api/colors Schema Validation","","",""
"","1039","cancel in confirm dialog closes it without deleting","Chrome","2026-09-27","passed","2026-09-27","Color Management — Add & Delete","tests/color-management.spec.ts","",""
"","7","Component Tests ColorPicker pressing Escape calls onCancel","","2026-09-27","passed","2026-09-27","","Utility Functions","Component Tests ColorPicker pressing Escape calls onCancel",""
"","1917","should create color via API and verify through UI","bs-chrome-win11","2026-09-27","passed","2026-09-27","Hybrid E2E Testing","","",""
"","1610","should meet the accessibility threshold using Google Lighthouse","bs-safari-ventura","2026-09-27","skipped","2026-09-27","Accessibility Tests","","",""
"","164","POST with script tag in name is rejected (400)","bs-pixel-7","2026-09-27","passed","2026-09-27","Security > XSS Prevention","","",""
"","21","Component Tests ColorPicker submit with duplicate name (client-side) shows duplicate error","","2026-09-27","passed","2026-09-27","","Utility Functions","Component Tests ColorPicker submit with duplicate name (client-side) shows duplicate error",""
"","27","Component Tests ColorPicker lightness slider min value (0) gives black","","2026-09-27","passed","2026-09-27","","Utility Functions","Component Tests ColorPicker lightness slider min value (0) gives black",""
"","146","POST with javascript: URI in name is rejected (400)","bs-iphone-15","2026-09-27","passed","2026-09-27","Security > XSS Prevention","","",""
"","37","Frontend Unit Tests App Component active chip has is-active CSS class","","2026-09-27","passed","2026-09-27","","Frontend Unit Tests","Frontend Unit Tests App Component active chip has is-active CSS class",""
"","946","clicking ""+ Add color"" opens the picker modal","bs-pixel-7","2026-09-27","passed","2026-09-27","Color Management — Add & Delete","","",""
"","23","Server Unit Tests POST /api/colors creates a new color and returns 201 with correct body","","2026-09-27","passed","2026-09-27","","Server Unit Tests","Server Unit Tests POST /api/colors creates a new color and returns 201 with correct body",""
"","976","should meet the accessibility threshold using Google Lighthouse","bs-pixel-7","2026-09-27","skipped","2026-09-27","Accessibility Tests","","",""
"","40","Frontend Unit Tests App Component deleting the last color sets activeName to null","","2026-09-27","passed","2026-09-27","","Frontend Unit Tests","Frontend Unit Tests App Component deleting the last color sets activeName to null",""
"","887","handle color response missing hex property","bs-chrome-win11","2026-09-27","passed","2026-09-27","Edge cases and error handling","","",""
"","1005","verify Red ( #e74c3c ) is applied as the background color","bs-pixel-7","2026-09-27","passed","2026-09-27","POM Refactored: Background color tests","","",""
"","0","Utility Functions hslToRgb saturation clamped: s=1.5 treated as s=1","","2026-09-27","passed","2026-09-27","","Utility Functions","Utility Functions hslToRgb saturation clamped: s=1.5 treated as s=1",""
"","0","Utility Functions hexToRgb is case-insensitive","","2026-09-27","passed","2026-09-27","","Utility Functions","Utility Functions hexToRgb is case-insensitive",""
"","76","GET /api/colors/Red should return the correct hex code","Chrome","2026-09-27","passed","2026-09-27","Backend API Integration","","",""
"","5585","close (×) button closes the picker","bs-safari-ventura","2026-09-27","passed","2026-09-27","Color Management — Add & Delete","","",""
"","4","Server Unit Tests 405 Method Not Allowed does not return 405 for allowed DELETE method on /api/colors/:name","","2026-09-27","passed","2026-09-27","","Server Unit Tests","Server Unit Tests 405 Method Not Allowed does not return 405 for allowed DELETE method on /api/colors/:name",""
"","46","Frontend Unit Tests App Component add color 501 also triggers server error message (>= 500)","","2026-09-27","passed","2026-09-27","","Frontend Unit Tests","Frontend Unit Tests App Component add color 501 also triggers server error message (>= 500)",""
"","151","malformed JSON body returns 400","bs-iphone-15","2026-09-27","passed","2026-09-27","Security > Input Validation","","",""
"","18","Component Tests ColorPicker Cancel button is disabled when saving=true","","2026-09-27","passed","2026-09-27","","Utility Functions","Component Tests ColorPicker Cancel button is disabled when saving=true",""
"","0","Utility Functions rgbToHsl black [0,0,0] → h=0, s=0, l=0","","2026-09-27","passed","2026-09-27","","Utility Functions","Utility Functions rgbToHsl black [0,0,0] → h=0, s=0, l=0",""
"","161","should reject omitting both name and hex on update","bs-pixel-7","2026-09-27","passed","2026-09-27","Backend API Integration > PUT /api/colors/:name Schema Validation","","",""
"","149","NoSQL $where operator in name is rejected (400)","bs-pixel-7","2026-09-27","passed","2026-09-27","Security > Injection Prevention","","",""
"","726","first color chip is active on load (aria-pressed=true)","Chrome","2026-09-27","passed","2026-09-27","Color Management — Add & Delete","tests/color-management.spec.ts","",""
"","1639","verify Yellow ( #f1c40f ) is applied as the background color","bs-firefox-win11","2026-09-27","passed","2026-09-27","Background color tests","","",""
"","1538","shows client-side validation error for invalid name chars","bs-firefox-win11","2026-09-27","passed","2026-09-27","Color Management — Add & Delete","","",""
"","5","Component Tests ConfirmDialog Enter key does NOT call onConfirm when busy","","2026-09-27","passed","2026-09-27","","Component Tests","Component Tests ConfirmDialog Enter key does NOT call onConfirm when busy",""
"","1464","handle initial fetch with empty data","bs-safari-ventura","2026-09-27","passed","2026-09-27","Edge cases and error handling","","",""
"","1469","color names rendered in the UI do not trigger script execution","Chrome","2026-09-27","passed","2026-09-27","Security > XSS Prevention","tests/security.spec.ts","",""
"","1620","chip-x click opens confirm dialog with color name","bs-iphone-15","2026-09-27","passed","2026-09-27","Color Management — Add & Delete","","",""
"","67","Frontend Unit Tests App Component confirm button shows ""Deleting…"" label while delete is in-flight","","2026-09-27","passed","2026-09-27","","Frontend Unit Tests","Frontend Unit Tests App Component confirm button shows ""Deleting…"" label while delete is in-flight",""
"","163","PUT /openapi.json returns 405","bs-chrome-win11","2026-09-27","passed","2026-09-27","Security > HTTP Method Restrictions","","",""
"","3","Server Unit Tests Surviving Mutants & Edge Cases Swagger Metadata & OpenAPI has exact API info","","2026-09-27","passed","2026-09-27","","Server Unit Tests","Server Unit Tests Surviving Mutants & Edge Cases Swagger Metadata & OpenAPI has exact API info",""
"","464","homepage should match snapshot","percy","2026-09-27","skipped","2026-09-27","Visual Regression – tablet (768×1024)","","",""
"","8","POST /api-docs returns 405","Chrome","2026-09-27","passed","2026-09-27","Security > HTTP Method Restrictions","tests/security.spec.ts","",""
"","168","should reject missing hex","bs-pixel-7","2026-09-27","passed","2026-09-27","Backend API Integration > POST /api/colors Schema Validation","","",""
"","13","Server Integration Tests (Testcontainers) GET /api/colors should return an empty array after all colors are deleted","","2026-09-27","passed","2026-09-27","","Server Integration Tests (Testcontainers)","Server Integration Tests (Testcontainers) GET /api/colors should return an empty array after all colors are deleted",""
"","7","Server Integration Tests (Testcontainers) POST /api/colors should return 400 for invalid hex format (missing #)","","2026-09-27","passed","2026-09-27","","Server Integration Tests (Testcontainers)","Server Integration Tests (Testcontainers) POST /api/colors should return 400 for invalid hex format (missing #)",""
"","163","should reject missing name","bs-firefox-win11","2026-09-27","passed","2026-09-27","Backend API Integration > POST /api/colors Schema Validation","","",""
"","2","Server Unit Tests Surviving Mutants & Edge Cases Mongoose Schema Strictness kills empty schema mutant by checking schema paths","","2026-09-27","passed","2026-09-27","","Server Unit Tests","Server Unit Tests Surviving Mutants & Edge Cases Mongoose Schema Strictness kills empty schema mutant by checking schema paths",""
"","344","homepage should match snapshot","percy","2026-09-27","skipped","2026-09-27","Visual Regression – desktop-xl (1920×1080)","","",""
"","815","should update a color with valid schema","bs-iphone-15","2026-09-27","passed","2026-09-27","Backend API Integration > PUT /api/colors/:name Schema Validation","","",""
"","1739","color names rendered in the UI do not trigger script execution","bs-firefox-win11","2026-09-27","passed","2026-09-27","Security > XSS Prevention","","",""
"","0","Utility Functions hslToRgb hue just below 60 is in sector 0, not sector 1","","2026-09-27","passed","2026-09-27","","Utility Functions","Utility Functions hslToRgb hue just below 60 is in sector 0, not sector 1",""
"","236","should return 404 for non-existent color deletion","bs-chrome-win11","2026-09-27","passed","2026-09-27","Backend API Integration > DELETE /api/colors/:name","","",""
"","795","Color button remains functional after switching language","BDD","2026-09-27","passed","2026-09-27","Language Switching","","",""
"","984","verify Red ( #e74c3c ) is applied as the background color","bs-pixel-7","2026-09-27","passed","2026-09-27","Background color tests","","",""
"","1302","successful delete removes the chip","bs-firefox-win11","2026-09-27","passed","2026-09-27","Color Management — Add & Delete","","",""
"","1618","Escape key closes the confirm dialog","bs-safari-ventura","2026-09-27","passed","2026-09-27","Color Management — Add & Delete","","",""
"","2565","should not have any automatically detectable accessibility issues","Chrome","2026-09-27","passed","2026-09-27","Accessibility Tests","tests/a11y.spec.ts","",""
"","19","Component Tests ConfirmDialog confirmLabel prop is reflected in the button text","","2026-09-27","passed","2026-09-27","","Component Tests","Component Tests ConfirmDialog confirmLabel prop is reflected in the button text",""
"","268","GET /api/colors/:name should return 404 for non-existent color","bs-pixel-7","2026-09-27","passed","2026-09-27","Backend API Integration","","",""
"","10","Server Unit Tests PUT /api/colors/:name updates the name of an existing color and preserves hex","","2026-09-27","passed","2026-09-27","","Server Unit Tests","Server Unit Tests PUT /api/colors/:name updates the name of an existing color and preserves hex",""
"","849","should handle color click network failure gracefully","bs-chrome-win11","2026-09-27","passed","2026-09-27","UI Error Handling Coverage","","",""
"","6","Server Unit Tests Surviving Mutants & Edge Cases Rate Limiting & Security kills mutants by verifying x-powered-by is removed","","2026-09-27","passed","2026-09-27","","Server Unit Tests","Server Unit Tests Surviving Mutants & Edge Cases Rate Limiting & Security kills mutants by verifying x-powered-by is removed",""
"","18","oversized payload is rejected (413)","Chrome","2026-09-27","passed","2026-09-27","Security > Input Validation","tests/security.spec.ts","",""
"","5","Server Unit Tests Error Handling GET /api/colors returns 500 when database fails","","2026-09-27","passed","2026-09-27","","Server Unit Tests","Server Unit Tests Error Handling GET /api/colors returns 500 when database fails",""
"","148","DELETE /api/colors (collection) returns 405","bs-iphone-15","2026-09-27","passed","2026-09-27","Security > HTTP Method Restrictions","","",""
"","343","GET /api/colors/Yellow should return the correct hex code","bs-iphone-15","2026-09-27","passed","2026-09-27","Backend API Integration","","",""
"","0","Utility Functions hslToRgb high lightness l=0.75 → [255,128,128]","","2026-09-27","passed","2026-09-27","","Utility Functions","Utility Functions hslToRgb high lightness l=0.75 → [255,128,128]",""
"","688","should gracefully handle a color not found in the database","bs-pixel-7","2026-09-27","passed","2026-09-27","Network Mocking & Interception","","",""
"","1508","shows server-error message on 500 inside the picker","bs-chrome-win11","2026-09-27","passed","2026-09-27","Color Management — Add & Delete","","",""
"","6","Server Unit Tests PUT /api/colors/:name does not change name when updating only hex","","2026-09-27","passed","2026-09-27","","Server Unit Tests","Server Unit Tests PUT /api/colors/:name does not change name when updating only hex",""
"","0","Utility Functions hexToRgb parses hex without the leading #","","2026-09-27","passed","2026-09-27","","Utility Functions","Utility Functions hexToRgb parses hex without the leading #",""
"","476","POST /api/reseed","","","passed","","","schemathesis","",""
"","1306","handle initial fetch with empty data","bs-iphone-15","2026-09-27","passed","2026-09-27","Edge cases and error handling","","",""
"","1679","clicking ""+ Add color"" opens the picker modal","bs-iphone-15","2026-09-27","passed","2026-09-27","Color Management — Add & Delete","","",""
"","161","PATCH /api/colors/:name returns 405","bs-pixel-7","2026-09-27","passed","2026-09-27","Security > HTTP Method Restrictions","","",""
"","6","Server Unit Tests 405 Method Not Allowed does not return 405 for allowed PUT method on /api/colors/:name","","2026-09-27","passed","2026-09-27","","Server Unit Tests","Server Unit Tests 405 Method Not Allowed does not return 405 for allowed PUT method on /api/colors/:name",""
"","5","Server Unit Tests POST /api/colors applies the createColorLimiter rate limit headers","","2026-09-27","passed","2026-09-27","","Server Unit Tests","Server Unit Tests POST /api/colors applies the createColorLimiter rate limit headers",""
"","4","Server Unit Tests OpenAPI endpoints spec includes component schemas","","2026-09-27","passed","2026-09-27","","Server Unit Tests","Server Unit Tests OpenAPI endpoints spec includes component schemas",""
"","1970","changing color to Turquoise should reflect in UI and DOM","bs-iphone-15","2026-09-27","passed","2026-09-27","Data-Driven Testing","","",""
"","394","oversized payload is rejected (413)","bs-pixel-7","2026-09-27","passed","2026-09-27","Security > Input Validation","","",""
"","294","GET /api/colors should return colors sorted alphabetically by name","bs-safari-ventura","2026-09-27","passed","2026-09-27","Backend API Integration","","",""
"","875","handle color selection fetch error","bs-chrome-win11","2026-09-27","passed","2026-09-27","Edge cases and error handling","","",""
"","1","Frontend Unit Tests i18n Configuration interpolation should not escape value","","2026-09-27","passed","2026-09-27","","Frontend Unit Tests","Frontend Unit Tests i18n Configuration interpolation should not escape value",""
"","10","Server Unit Tests PUT /api/colors/:name updates the hex of an existing color","","2026-09-27","passed","2026-09-27","","Server Unit Tests","Server Unit Tests PUT /api/colors/:name updates the hex of an existing color",""
"","4","Server Unit Tests Surviving Mutants & Edge Cases PUT logic kills hex regex mutant in PUT","","2026-09-27","passed","2026-09-27","","Server Unit Tests","Server Unit Tests Surviving Mutants & Edge Cases PUT logic kills hex regex mutant in PUT",""
"","311","GET /api/colors should return colors sorted alphabetically by name","bs-pixel-7","2026-09-27","passed","2026-09-27","Backend API Integration","","",""
"","1481","homepage should match snapshot","Chrome","2026-09-27","passed","2026-09-27","Visual Regression – desktop-xl (1920×1080)","","",""
"","10","Server Unit Tests GET /api/colors returns colors sorted alphabetically by name","","2026-09-27","passed","2026-09-27","","Server Unit Tests","Server Unit Tests GET /api/colors returns colors sorted alphabetically by name",""
"","4272","changing color to Red should reflect in UI and DOM","bs-firefox-win11","2026-09-27","passed","2026-09-27","Data-Driven Testing","","",""
"","174","POST with HTML tag in name is rejected (400)","bs-iphone-15","2026-09-27","passed","2026-09-27","Security > XSS Prevention","","",""
"","0","Utility Functions paintWheelPixel paints red at right edge (dx=r, dy=0, hue=0)","","2026-09-27","passed","2026-09-27","","Utility Functions","Utility Functions paintWheelPixel paints red at right edge (dx=r, dy=0, hue=0)",""
"","5","Server Integration Tests (Testcontainers) Method Not Allowed should return 405 for PATCH /api/colors/:name","","2026-09-27","passed","2026-09-27","","Server Integration Tests (Testcontainers)","Server Integration Tests (Testcontainers) Method Not Allowed should return 405 for PATCH /api/colors/:name",""
"","174","POST with javascript: URI in name is rejected (400)","bs-safari-ventura","2026-09-27","passed","2026-09-27","Security > XSS Prevention","","",""
"","1367","should meet the accessibility threshold using Google Lighthouse","bs-firefox-win11","2026-09-27","skipped","2026-09-27","Accessibility Tests","","",""
"","548","should create a new color with valid schema","bs-pixel-7","2026-09-27","passed","2026-09-27","Backend API Integration > POST /api/colors Schema Validation","","",""
"","10","NoSQL operator in GET path param is rejected (400 or 404)","Chrome","2026-09-27","passed","2026-09-27","Security > Injection Prevention","tests/security.spec.ts","",""
"","0","Utility Functions readableOn returns #111 for turquoise (L≈0.39, black gives better contrast)","","2026-09-27","passed","2026-09-27","","Utility Functions","Utility Functions readableOn returns #111 for turquoise (L≈0.39, black gives better contrast)",""
"","36","Component Tests ColorPicker mousedown outside circle clamps sat to 1","","2026-09-27","passed","2026-09-27","","Utility Functions","Component Tests ColorPicker mousedown outside circle clamps sat to 1",""
"","10","malformed JSON body returns 400","Chrome","2026-09-27","passed","2026-09-27","Security > Input Validation","tests/security.spec.ts","",""
"","69","should delete an existing color","Chrome","2026-09-27","passed","2026-09-27","Backend API Integration > DELETE /api/colors/:name","tests/api.spec.ts","",""
"","1764","successfully adds a new color and shows its chip","bs-firefox-win11","2026-09-27","passed","2026-09-27","Color Management — Add & Delete","","",""
"","4","Server Unit Tests Middleware JSON error middleware ignores SyntaxError with status != 400","","2026-09-27","passed","2026-09-27","","Server Unit Tests","Server Unit Tests Middleware JSON error middleware ignores SyntaxError with status != 400",""
"","0","Utility Functions rgbToHsl g max with b>r (#00ff80) → h near 150","","2026-09-27","passed","2026-09-27","","Utility Functions","Utility Functions rgbToHsl g max with b>r (#00ff80) → h near 150",""
"","9","Server Integration Tests (Testcontainers) PUT /api/colors/:name should update both name and hex simultaneously","","2026-09-27","passed","2026-09-27","","Server Integration Tests (Testcontainers)","Server Integration Tests (Testcontainers) PUT /api/colors/:name should update both name and hex simultaneously",""
"","2786","should maintain accessibility after state change (color update)","bs-pixel-7","2026-09-27","passed","2026-09-27","Accessibility Tests","","",""
"","18","should return 404 for non-existent color deletion","Chrome","2026-09-27","passed","2026-09-27","Backend API Integration > DELETE /api/colors/:name","tests/api.spec.ts","",""
"","6842","should maintain accessibility after state change (color update)","bs-chrome-win11","2026-09-27","passed","2026-09-27","Accessibility Tests","","",""
"","163","unknown extra fields in POST body are rejected (400)","bs-firefox-win11","2026-09-27","passed","2026-09-27","Security > Input Validation","","",""
"","37","Frontend Unit Tests App Component existingNames passed to ColorPicker matches current color list","","2026-09-27","passed","2026-09-27","","Frontend Unit Tests","Frontend Unit Tests App Component existingNames passed to ColorPicker matches current color list",""
"","803","Escape key closes the confirm dialog","bs-chrome-win11","2026-09-27","passed","2026-09-27","Color Management — Add & Delete","","",""
"","4","Component Tests ColorPicker serverError banner is absent when serverError is null","","2026-09-27","passed","2026-09-27","","Utility Functions","Component Tests ColorPicker serverError banner is absent when serverError is null",""
"","235","should return 404 for non-existent color deletion","bs-pixel-7","2026-09-27","passed","2026-09-27","Backend API Integration > DELETE /api/colors/:name","","",""
"","259","GET /api/colors should return colors sorted alphabetically by name","bs-firefox-win11","2026-09-27","passed","2026-09-27","Backend API Integration","","",""
"","535","should handle fetch colors network failure gracefully","bs-pixel-7","2026-09-27","passed","2026-09-27","UI Error Handling Coverage","","",""
"","23","Server Unit Tests Surviving Mutants & Edge Cases Regex & Validation STRICT_NAME_REGEX is strict on forbidden special characters in the middle","","2026-09-27","passed","2026-09-27","","Server Unit Tests","Server Unit Tests Surviving Mutants & Edge Cases Regex & Validation STRICT_NAME_REGEX is strict on forbidden special characters in the middle",""
"","44","Frontend Unit Tests App Component add color 409 fallback message when data.error is absent","","2026-09-27","passed","2026-09-27","","Frontend Unit Tests","Frontend Unit Tests App Component add color 409 fallback message when data.error is absent",""
"","19","Component Tests ColorPicker lightness slider max value (100) gives white","","2026-09-27","passed","2026-09-27","","Utility Functions","Component Tests ColorPicker lightness slider max value (100) gives white",""
"Performance Test: UI Performance Test
File: ui-performance.spec.ts
Total Iterations: 1
Max VUs: 1

HTTP Request Duration:
- Avg: 2.92ms
- P(95): 2.92ms
- Max: 2.92ms

Full metrics attached in the results.","34803","UI Performance Test","Performance","2026-09-27","passed","2026-09-27","ui-performance.spec.ts","UI Performance Test","",""
"","67","Frontend Unit Tests App Component handles null data from initial fetch gracefully","","2026-09-27","passed","2026-09-27","","Frontend Unit Tests","Frontend Unit Tests App Component handles null data from initial fetch gracefully",""
"","725","should gracefully handle a color not found in the database","bs-chrome-win11","2026-09-27","passed","2026-09-27","Network Mocking & Interception","","",""
"","1500","should handle color click network failure gracefully","bs-safari-ventura","2026-09-27","passed","2026-09-27","UI Error Handling Coverage","","",""
"","749","Example #3","BDD","2026-09-27","passed","2026-09-27","Home Page Background Color > Change background color","","",""
