"DESCRIPTION","DURATION IN MS","NAME","PARENT SUITE","START TIME","STATUS","STOP TIME","SUB SUITE","SUITE","TEST CLASS","TEST METHOD"
"","22","Server Integration Tests (Testcontainers) POST /api/colors should create a new color and persist it in the real database","","Sat May 23 07:52:28 UTC 2026","passed","Sat May 23 07:52:28 UTC 2026","","Server Integration Tests (Testcontainers)","Server Integration Tests (Testcontainers) POST /api/colors should create a new color and persist it in the real database",""
"","10","should return 404 for non-existent color deletion","Chrome","Sat May 23 07:57:35 UTC 2026","passed","Sat May 23 07:57:35 UTC 2026","Backend API Integration > DELETE /api/colors/:name","","",""
"","1","Utility Functions rgbToHsl pure red → h=0, s=1, l=0.5","","Sat May 23 07:52:31 UTC 2026","passed","Sat May 23 07:52:31 UTC 2026","","Utility Functions","Utility Functions rgbToHsl pure red → h=0, s=1, l=0.5",""
"","33","Component Tests ColorPicker mousemove after mouseup does NOT update color (dragging stopped)","","Sat May 23 07:52:31 UTC 2026","passed","Sat May 23 07:52:31 UTC 2026","","Utility Functions","Component Tests ColorPicker mousemove after mouseup does NOT update color (dragging stopped)",""
"","5","Server Unit Tests Middleware JSON error middleware passes non-syntax errors to next()","","Sat May 23 07:52:25 UTC 2026","passed","Sat May 23 07:52:25 UTC 2026","","Server Unit Tests","Server Unit Tests Middleware JSON error middleware passes non-syntax errors to next()",""
"","27","Frontend Unit Tests App Component picker × button closes the modal","","Sat May 23 07:52:31 UTC 2026","passed","Sat May 23 07:52:31 UTC 2026","","Frontend Unit Tests","Frontend Unit Tests App Component picker × button closes the modal",""
"","8","Server Unit Tests GET /api/colors/:name returns 404 for a non-existent color","","Sat May 23 07:52:25 UTC 2026","passed","Sat May 23 07:52:25 UTC 2026","","Server Unit Tests","Server Unit Tests GET /api/colors/:name returns 404 for a non-existent color",""
"","10","Component Tests ColorPicker editing name input calls onClearError to clear server error","","Sat May 23 07:52:31 UTC 2026","passed","Sat May 23 07:52:31 UTC 2026","","Utility Functions","Component Tests ColorPicker editing name input calls onClearError to clear server error",""
"","9","Server Unit Tests Error Handling POST /api/colors returns 500 when database fails (create)","","Sat May 23 07:52:25 UTC 2026","passed","Sat May 23 07:52:25 UTC 2026","","Server Unit Tests","Server Unit Tests Error Handling POST /api/colors returns 500 when database fails (create)",""
"","6","Server Unit Tests POST /api/colors accepts names with alphanumeric characters and spaces","","Sat May 23 07:52:25 UTC 2026","passed","Sat May 23 07:52:25 UTC 2026","","Server Unit Tests","Server Unit Tests POST /api/colors accepts names with alphanumeric characters and spaces",""
"","9","Component Tests ConfirmDialog dialog has correct ARIA attributes","","Sat May 23 07:52:31 UTC 2026","passed","Sat May 23 07:52:31 UTC 2026","","Component Tests","Component Tests ConfirmDialog dialog has correct ARIA attributes",""
"","6","Server Unit Tests Surviving Mutants & Edge Cases PUT logic kills hex regex mutant in PUT","","Sat May 23 07:52:25 UTC 2026","passed","Sat May 23 07:52:25 UTC 2026","","Server Unit Tests","Server Unit Tests Surviving Mutants & Edge Cases PUT logic kills hex regex mutant in PUT",""
"","2428","should maintain accessibility in en language and verify resilient locators","Chrome","Sat May 23 07:56:54 UTC 2026","passed","Sat May 23 07:56:56 UTC 2026","i18n Accessibility Tests","tests/a11y.spec.ts","",""
"","4","Server Unit Tests Middleware handles non-JSON content type gracefully on POST","","Sat May 23 07:52:25 UTC 2026","passed","Sat May 23 07:52:25 UTC 2026","","Server Unit Tests","Server Unit Tests Middleware handles non-JSON content type gracefully on POST",""
"","21","GET /api/colors/Yellow should return the correct hex code","Chrome","Sat May 23 07:57:34 UTC 2026","passed","Sat May 23 07:57:34 UTC 2026","Backend API Integration","","",""
"","6","Server Unit Tests GET /api/colors/:name returns Yellow color correctly","","Sat May 23 07:52:25 UTC 2026","passed","Sat May 23 07:52:25 UTC 2026","","Server Unit Tests","Server Unit Tests GET /api/colors/:name returns Yellow color correctly",""
"","21","Component Tests ColorPicker valid submit calls onConfirm with trimmed name and current hex","","Sat May 23 07:52:31 UTC 2026","passed","Sat May 23 07:52:31 UTC 2026","","Utility Functions","Component Tests ColorPicker valid submit calls onConfirm with trimmed name and current hex",""
"","8139","should meet the accessibility threshold using Google Lighthouse","Chrome","Sat May 23 07:56:54 UTC 2026","passed","Sat May 23 07:57:02 UTC 2026","Accessibility Tests","tests/a11y.spec.ts","",""
"","0","Utility Functions rgbToHsl light red (#ff8080): l>0.5, s computed via (2-max-min) branch","","Sat May 23 07:52:31 UTC 2026","passed","Sat May 23 07:52:31 UTC 2026","","Utility Functions","Utility Functions rgbToHsl light red (#ff8080): l>0.5, s computed via (2-max-min) branch",""
"","19","POST with javascript: URI in name is rejected (400)","Chrome","Sat May 23 07:56:21 UTC 2026","passed","Sat May 23 07:56:21 UTC 2026","Security > XSS Prevention","tests/security.spec.ts","",""
"","5","PUT /openapi.json returns 405","Chrome","Sat May 23 07:56:24 UTC 2026","passed","Sat May 23 07:56:24 UTC 2026","Security > HTTP Method Restrictions","tests/security.spec.ts","",""
"","32","should update a color with valid schema","Chrome","Sat May 23 07:57:34 UTC 2026","passed","Sat May 23 07:57:35 UTC 2026","Backend API Integration > PUT /api/colors/:name Schema Validation","","",""
"","908","clicking a chip makes it active","Chrome","Sat May 23 07:56:43 UTC 2026","passed","Sat May 23 07:56:44 UTC 2026","Color Management — Add & Delete","tests/color-management.spec.ts","",""
"","490","Background stays unchanged when fetching a specific color fails","BDD","Sat May 23 07:57:39 UTC 2026","passed","Sat May 23 07:57:39 UTC 2026","API Error Handling","","",""
"","0","Utility Functions paintWheelPixel anti-aliases the outermost ring: dist=r gives alpha=0","","Sat May 23 07:52:31 UTC 2026","passed","Sat May 23 07:52:31 UTC 2026","","Utility Functions","Utility Functions paintWheelPixel anti-aliases the outermost ring: dist=r gives alpha=0",""
"","24","Frontend Unit Tests App Component text color on dark background is white","","Sat May 23 07:52:31 UTC 2026","passed","Sat May 23 07:52:31 UTC 2026","","Frontend Unit Tests","Frontend Unit Tests App Component text color on dark background is white",""
"","341","Server Unit Tests Surviving Mutants & Edge Cases Infrastructure uses default MONGO_URI when process.env.MONGO_URI is missing","","Sat May 23 07:52:25 UTC 2026","passed","Sat May 23 07:52:25 UTC 2026","","Server Unit Tests","Server Unit Tests Surviving Mutants & Edge Cases Infrastructure uses default MONGO_URI when process.env.MONGO_URI is missing",""
"","51","Frontend Unit Tests App Component add color 400 shows data.error message","","Sat May 23 07:52:31 UTC 2026","passed","Sat May 23 07:52:31 UTC 2026","","Frontend Unit Tests","Frontend Unit Tests App Component add color 400 shows data.error message",""
"","5","Server Unit Tests Middleware returns 413 for payload too large","","Sat May 23 07:52:25 UTC 2026","passed","Sat May 23 07:52:25 UTC 2026","","Server Unit Tests","Server Unit Tests Middleware returns 413 for payload too large",""
"","67","Frontend Unit Tests App Component handles null data from initial fetch gracefully","","Sat May 23 07:52:31 UTC 2026","passed","Sat May 23 07:52:31 UTC 2026","","Frontend Unit Tests","Frontend Unit Tests App Component handles null data from initial fetch gracefully",""
"","549","should handle fetch colors network failure gracefully","Chrome","Sat May 23 07:56:59 UTC 2026","passed","Sat May 23 07:56:59 UTC 2026","UI Error Handling Coverage","tests/error-handling.spec.ts","",""
"","4","Server Unit Tests POST /api/colors rejects names with the + character (+ encodes as space in URLs, causing lookup mismatches)","","Sat May 23 07:52:25 UTC 2026","passed","Sat May 23 07:52:25 UTC 2026","","Server Unit Tests","Server Unit Tests POST /api/colors rejects names with the + character (+ encodes as space in URLs, causing lookup mismatches)",""
"","51","Frontend Unit Tests App Component handleColorClick encodes color name in URL","","Sat May 23 07:52:31 UTC 2026","passed","Sat May 23 07:52:31 UTC 2026","","Frontend Unit Tests","Frontend Unit Tests App Component handleColorClick encodes color name in URL",""
"","1","Utility Functions rgbToHsl black [0,0,0] → h=0, s=0, l=0","","Sat May 23 07:52:31 UTC 2026","passed","Sat May 23 07:52:31 UTC 2026","","Utility Functions","Utility Functions rgbToHsl black [0,0,0] → h=0, s=0, l=0",""
"","54","POST with HTML tag in name is rejected (400)","Chrome","Sat May 23 07:56:20 UTC 2026","passed","Sat May 23 07:56:20 UTC 2026","Security > XSS Prevention","tests/security.spec.ts","",""
"","51","Frontend Unit Tests App Component deleting the active color switches background to the first remaining","","Sat May 23 07:52:31 UTC 2026","passed","Sat May 23 07:52:31 UTC 2026","","Frontend Unit Tests","Frontend Unit Tests App Component deleting the active color switches background to the first remaining",""
"","5","Server Unit Tests POST /api/colors returns 409 for a duplicate color name with descriptive error","","Sat May 23 07:52:25 UTC 2026","passed","Sat May 23 07:52:25 UTC 2026","","Server Unit Tests","Server Unit Tests POST /api/colors returns 409 for a duplicate color name with descriptive error",""
"","1","Utility Functions hexToRgb parses a standard #RRGGBB hex","","Sat May 23 07:52:31 UTC 2026","passed","Sat May 23 07:52:31 UTC 2026","","Utility Functions","Utility Functions hexToRgb parses a standard #RRGGBB hex",""
"","4","Server Unit Tests OpenAPI endpoints serves Swagger UI as HTML","","Sat May 23 07:52:25 UTC 2026","passed","Sat May 23 07:52:25 UTC 2026","","Server Unit Tests","Server Unit Tests OpenAPI endpoints serves Swagger UI as HTML",""
"","4","Server Unit Tests Surviving Mutants & Edge Cases Mongoose Schema & Persistence kills empty schema mutant by verifying field persistence","","Sat May 23 07:52:25 UTC 2026","passed","Sat May 23 07:52:25 UTC 2026","","Server Unit Tests","Server Unit Tests Surviving Mutants & Edge Cases Mongoose Schema & Persistence kills empty schema mutant by verifying field persistence",""
"","0","Utility Functions rgbToHsl r max with g<b (#ff0040) → h near 345","","Sat May 23 07:52:31 UTC 2026","passed","Sat May 23 07:52:31 UTC 2026","","Utility Functions","Utility Functions rgbToHsl r max with g<b (#ff0040) → h near 345",""
"","65","Frontend Unit Tests App Component handles non-array initial fetch response gracefully","","Sat May 23 07:52:31 UTC 2026","passed","Sat May 23 07:52:31 UTC 2026","","Frontend Unit Tests","Frontend Unit Tests App Component handles non-array initial fetch response gracefully",""
"","161","Component Tests ColorPicker renders the modal with title, hex preview, name and hex inputs","","Sat May 23 07:52:31 UTC 2026","passed","Sat May 23 07:52:31 UTC 2026","","Utility Functions","Component Tests ColorPicker renders the modal with title, hex preview, name and hex inputs",""
"","24","Component Tests ColorPicker mousemove without prior mousedown (not dragging) does not change color","","Sat May 23 07:52:31 UTC 2026","passed","Sat May 23 07:52:31 UTC 2026","","Utility Functions","Component Tests ColorPicker mousemove without prior mousedown (not dragging) does not change color",""
"","648","chip-x click opens confirm dialog with color name","Chrome","Sat May 23 07:56:49 UTC 2026","passed","Sat May 23 07:56:49 UTC 2026","Color Management — Add & Delete","tests/color-management.spec.ts","",""
"","14","Component Tests ColorPicker non-Enter key on name input does not trigger submit","","Sat May 23 07:52:31 UTC 2026","passed","Sat May 23 07:52:31 UTC 2026","","Utility Functions","Component Tests ColorPicker non-Enter key on name input does not trigger submit",""
"","9","Component Tests ConfirmDialog clicking the card itself does NOT call onCancel","","Sat May 23 07:52:31 UTC 2026","passed","Sat May 23 07:52:31 UTC 2026","","Component Tests","Component Tests ConfirmDialog clicking the card itself does NOT call onCancel",""
"","25","Server Integration Tests (Testcontainers) End-to-end CRUD workflow should create, read, update, and delete a color in sequence","","Sat May 23 07:52:28 UTC 2026","passed","Sat May 23 07:52:28 UTC 2026","","Server Integration Tests (Testcontainers)","Server Integration Tests (Testcontainers) End-to-end CRUD workflow should create, read, update, and delete a color in sequence",""
"","11","Server Integration Tests (Testcontainers) Concurrent writes should handle parallel GETs without errors","","Sat May 23 07:52:28 UTC 2026","passed","Sat May 23 07:52:28 UTC 2026","","Server Integration Tests (Testcontainers)","Server Integration Tests (Testcontainers) Concurrent writes should handle parallel GETs without errors",""
"","1181","POST /api/colors","","","passed","","","schemathesis","",""
"","7","Component Tests ConfirmDialog backdrop click calls onCancel when not busy","","Sat May 23 07:52:31 UTC 2026","passed","Sat May 23 07:52:31 UTC 2026","","Component Tests","Component Tests ConfirmDialog backdrop click calls onCancel when not busy",""
"","44","Frontend Unit Tests App Component first loaded color is active (aria-pressed=true)","","Sat May 23 07:52:31 UTC 2026","passed","Sat May 23 07:52:31 UTC 2026","","Frontend Unit Tests","Frontend Unit Tests App Component first loaded color is active (aria-pressed=true)",""
"","0","homepage after color change","Chrome","Sat May 23 08:00:44 UTC 2026","skipped","Sat May 23 08:00:44 UTC 2026","Percy Visual Regression – Production > Percy – desktop (1280×720)","","",""
"","56","DELETE /api/colors/{name}","","","passed","","","schemathesis","",""
"","80","Frontend Unit Tests App Component deleting is false again after a failed delete (finally block)","","Sat May 23 07:52:31 UTC 2026","passed","Sat May 23 07:52:31 UTC 2026","","Frontend Unit Tests","Frontend Unit Tests App Component deleting is false again after a failed delete (finally block)",""
"","4","Server Unit Tests POST /api/colors returns 400 for invalid hex format (too short)","","Sat May 23 07:52:25 UTC 2026","passed","Sat May 23 07:52:25 UTC 2026","","Server Unit Tests","Server Unit Tests POST /api/colors returns 400 for invalid hex format (too short)",""
"","3","Frontend Unit Tests i18n Configuration should translate keys correctly","","Sat May 23 07:52:33 UTC 2026","passed","Sat May 23 07:52:33 UTC 2026","","Frontend Unit Tests","Frontend Unit Tests i18n Configuration should translate keys correctly",""
"","50","malformed JSON body returns 400","Chrome","Sat May 23 07:56:23 UTC 2026","passed","Sat May 23 07:56:23 UTC 2026","Security > Input Validation","tests/security.spec.ts","",""
"","47","Frontend Unit Tests App Component add color 400 without data.error falls back to generic message","","Sat May 23 07:52:31 UTC 2026","passed","Sat May 23 07:52:31 UTC 2026","","Frontend Unit Tests","Frontend Unit Tests App Component add color 400 without data.error falls back to generic message",""
"","10","should reject empty name","Chrome","Sat May 23 07:57:34 UTC 2026","passed","Sat May 23 07:57:34 UTC 2026","Backend API Integration > POST /api/colors Schema Validation","","",""
"","4","Server Unit Tests PUT /api/colors/:name returns 400 when no fields are provided (empty body)","","Sat May 23 07:52:25 UTC 2026","passed","Sat May 23 07:52:25 UTC 2026","","Server Unit Tests","Server Unit Tests PUT /api/colors/:name returns 400 when no fields are provided (empty body)",""
"","1112","homepage should match snapshot","Chrome","Sat May 23 08:00:39 UTC 2026","passed","Sat May 23 08:00:41 UTC 2026","Visual Regression – desktop-xl (1920×1080)","","",""
"","8","X-Powered-By header is not exposed","Chrome","Sat May 23 07:56:23 UTC 2026","passed","Sat May 23 07:56:24 UTC 2026","Security > Security Headers","tests/security.spec.ts","",""
"","7","Server Integration Tests (Testcontainers) GET /api/colors/:name should be case-sensitive (lowercase name returns 404)","","Sat May 23 07:52:28 UTC 2026","passed","Sat May 23 07:52:28 UTC 2026","","Server Integration Tests (Testcontainers)","Server Integration Tests (Testcontainers) GET /api/colors/:name should be case-sensitive (lowercase name returns 404)",""
"","4","Component Tests ConfirmDialog Escape key does NOT call onCancel when busy","","Sat May 23 07:52:31 UTC 2026","passed","Sat May 23 07:52:31 UTC 2026","","Component Tests","Component Tests ConfirmDialog Escape key does NOT call onCancel when busy",""
"","4","Server Unit Tests POST /api/colors returns 400 when hex is missing","","Sat May 23 07:52:25 UTC 2026","passed","Sat May 23 07:52:25 UTC 2026","","Server Unit Tests","Server Unit Tests POST /api/colors returns 400 when hex is missing",""
"","748","should handle color click network failure gracefully","Chrome","Sat May 23 07:56:59 UTC 2026","passed","Sat May 23 07:57:00 UTC 2026","UI Error Handling Coverage","tests/error-handling.spec.ts","",""
"","638","Escape key closes the confirm dialog","Chrome","Sat May 23 07:56:49 UTC 2026","passed","Sat May 23 07:56:50 UTC 2026","Color Management — Add & Delete","tests/color-management.spec.ts","",""
"","9","unknown extra fields in POST body are rejected (400)","Chrome","Sat May 23 07:56:23 UTC 2026","passed","Sat May 23 07:56:23 UTC 2026","Security > Input Validation","tests/security.spec.ts","",""
"","11","Server Unit Tests PUT /api/colors/:name updates the name of an existing color and preserves hex","","Sat May 23 07:52:25 UTC 2026","passed","Sat May 23 07:52:25 UTC 2026","","Server Unit Tests","Server Unit Tests PUT /api/colors/:name updates the name of an existing color and preserves hex",""
"","5","Server Unit Tests Middleware JSON error middleware ignores SyntaxError with status != 400","","Sat May 23 07:52:25 UTC 2026","passed","Sat May 23 07:52:25 UTC 2026","","Server Unit Tests","Server Unit Tests Middleware JSON error middleware ignores SyntaxError with status != 400",""
"","4","Server Unit Tests POST /api/colors returns 400 for name with whitespace","","Sat May 23 07:52:25 UTC 2026","passed","Sat May 23 07:52:25 UTC 2026","","Server Unit Tests","Server Unit Tests POST /api/colors returns 400 for name with whitespace",""
"","1","Utility Functions hslToRgb hue=210 (azure) → [0,128,255]","","Sat May 23 07:52:31 UTC 2026","passed","Sat May 23 07:52:31 UTC 2026","","Utility Functions","Utility Functions hslToRgb hue=210 (azure) → [0,128,255]",""
"","7","Server Unit Tests GET /api/colors returns colors sorted alphabetically by name","","Sat May 23 07:52:25 UTC 2026","passed","Sat May 23 07:52:25 UTC 2026","","Server Unit Tests","Server Unit Tests GET /api/colors returns colors sorted alphabetically by name",""
"","21","Component Tests ColorPicker submit is blocked when hex input has an error","","Sat May 23 07:52:31 UTC 2026","passed","Sat May 23 07:52:31 UTC 2026","","Utility Functions","Component Tests ColorPicker submit is blocked when hex input has an error",""
"","24","Frontend Unit Tests App Component link color is light (#cfe8ff) on dark background","","Sat May 23 07:52:31 UTC 2026","passed","Sat May 23 07:52:31 UTC 2026","","Frontend Unit Tests","Frontend Unit Tests App Component link color is light (#cfe8ff) on dark background",""
"","7","Component Tests ColorPicker falls back to window resize listener when ResizeObserver is not available","","Sat May 23 07:52:31 UTC 2026","passed","Sat May 23 07:52:31 UTC 2026","","Utility Functions","Component Tests ColorPicker falls back to window resize listener when ResizeObserver is not available",""
"","1","Utility Functions rgbToHex converts arbitrary color","","Sat May 23 07:52:31 UTC 2026","passed","Sat May 23 07:52:31 UTC 2026","","Utility Functions","Utility Functions rgbToHex converts arbitrary color",""
"","9","Component Tests ColorPicker clicking the backdrop calls onCancel","","Sat May 23 07:52:31 UTC 2026","passed","Sat May 23 07:52:31 UTC 2026","","Utility Functions","Component Tests ColorPicker clicking the backdrop calls onCancel",""
"","0","homepage initial state","Chrome","Sat May 23 08:00:44 UTC 2026","skipped","Sat May 23 08:00:44 UTC 2026","Percy Visual Regression – Production > Percy – tablet (768×1024)","","",""
"","705","should create dynamic random color via API and verify through UI","Chrome","Sat May 23 07:56:21 UTC 2026","passed","Sat May 23 07:56:21 UTC 2026","Random Data Testing with faker.js","tests/random-data.spec.ts","",""
"","25","Component Tests ColorPicker lightness slider min value (0) gives black","","Sat May 23 07:52:31 UTC 2026","passed","Sat May 23 07:52:31 UTC 2026","","Utility Functions","Component Tests ColorPicker lightness slider min value (0) gives black",""
"","5","Server Unit Tests PUT /api/colors/:name does not change name when updating only hex","","Sat May 23 07:52:25 UTC 2026","passed","Sat May 23 07:52:25 UTC 2026","","Server Unit Tests","Server Unit Tests PUT /api/colors/:name does not change name when updating only hex",""
"","31","Component Tests ColorPicker mousemove while dragging updates hex (dragging.current=true kills mutation)","","Sat May 23 07:52:31 UTC 2026","passed","Sat May 23 07:52:31 UTC 2026","","Utility Functions","Component Tests ColorPicker mousemove while dragging updates hex (dragging.current=true kills mutation)",""
"","20","Component Tests ColorPicker touch start on canvas sets hex to #ff0000 at right edge","","Sat May 23 07:52:31 UTC 2026","passed","Sat May 23 07:52:31 UTC 2026","","Utility Functions","Component Tests ColorPicker touch start on canvas sets hex to #ff0000 at right edge",""
"","45","Server Integration Tests (Testcontainers) GET /api/colors should retrieve all seeded colors","","Sat May 23 07:52:28 UTC 2026","passed","Sat May 23 07:52:28 UTC 2026","","Server Integration Tests (Testcontainers)","Server Integration Tests (Testcontainers) GET /api/colors should retrieve all seeded colors",""
"","27","Component Tests ColorPicker mousedown at right-center (hue=0) sets hex to #ff0000","","Sat May 23 07:52:31 UTC 2026","passed","Sat May 23 07:52:31 UTC 2026","","Utility Functions","Component Tests ColorPicker mousedown at right-center (hue=0) sets hex to #ff0000",""
"","5","Server Unit Tests 405 Method Not Allowed does not return 405 for allowed GET method on /api/colors","","Sat May 23 07:52:25 UTC 2026","passed","Sat May 23 07:52:25 UTC 2026","","Server Unit Tests","Server Unit Tests 405 Method Not Allowed does not return 405 for allowed GET method on /api/colors",""
"","7","POST /api-docs returns 405","Chrome","Sat May 23 07:56:24 UTC 2026","passed","Sat May 23 07:56:24 UTC 2026","Security > HTTP Method Restrictions","tests/security.spec.ts","",""
"","0","Utility Functions rgbToHsl dark red (#800000): l<0.5, s=1 (l<=0.5 saturation branch)","","Sat May 23 07:52:31 UTC 2026","passed","Sat May 23 07:52:31 UTC 2026","","Utility Functions","Utility Functions rgbToHsl dark red (#800000): l<0.5, s=1 (l<=0.5 saturation branch)",""
"","1","Utility Functions rgbToHex converts pure red","","Sat May 23 07:52:31 UTC 2026","passed","Sat May 23 07:52:31 UTC 2026","","Utility Functions","Utility Functions rgbToHex converts pure red",""
"","1","homepage initial state","Chrome","Sat May 23 08:00:44 UTC 2026","skipped","Sat May 23 08:00:44 UTC 2026","Percy Visual Regression – Production > Percy – desktop-xl (1920×1080)","","",""
"","5","Server Unit Tests 405 Method Not Allowed does not return 405 for allowed GET method on /api/colors/:name","","Sat May 23 07:52:25 UTC 2026","passed","Sat May 23 07:52:25 UTC 2026","","Server Unit Tests","Server Unit Tests 405 Method Not Allowed does not return 405 for allowed GET method on /api/colors/:name",""
"","1119","verify Red ( #e74c3c ) is applied as the background color","Chrome","Sat May 23 07:56:53 UTC 2026","passed","Sat May 23 07:56:55 UTC 2026","Background color tests","tests/coverage.spec.ts","",""
"","49","Frontend Unit Tests App Component renders title, logo, and calls initial fetch","","Sat May 23 07:52:31 UTC 2026","passed","Sat May 23 07:52:31 UTC 2026","","Frontend Unit Tests","Frontend Unit Tests App Component renders title, logo, and calls initial fetch",""
"","6","Server Unit Tests 405 Method Not Allowed returns 405 for POST, PUT, DELETE on /openapi.json","","Sat May 23 07:52:25 UTC 2026","passed","Sat May 23 07:52:25 UTC 2026","","Server Unit Tests","Server Unit Tests 405 Method Not Allowed returns 405 for POST, PUT, DELETE on /openapi.json",""
"","0","Utility Functions rgbToHsl r max, g>0, b=0 → h in (0,60)","","Sat May 23 07:52:31 UTC 2026","passed","Sat May 23 07:52:31 UTC 2026","","Utility Functions","Utility Functions rgbToHsl r max, g>0, b=0 → h in (0,60)",""
"","3","Server Unit Tests Error Handling seedDatabase logs error when database fails","","Sat May 23 07:52:25 UTC 2026","passed","Sat May 23 07:52:25 UTC 2026","","Server Unit Tests","Server Unit Tests Error Handling seedDatabase logs error when database fails",""
"","705","handle initial fetch with empty data","Chrome","Sat May 23 07:56:56 UTC 2026","passed","Sat May 23 07:56:57 UTC 2026","Edge cases and error handling","tests/coverage.spec.ts","",""
"","441","Example #1","BDD","Sat May 23 07:57:40 UTC 2026","passed","Sat May 23 07:57:40 UTC 2026","Language Switching > Switch language and verify translated UI labels","","",""
"","9","NoSQL $where operator in name is rejected (400)","Chrome","Sat May 23 07:56:23 UTC 2026","passed","Sat May 23 07:56:23 UTC 2026","Security > Injection Prevention","tests/security.spec.ts","",""
"","0","Utility Functions hslToRgb lightness clamped: l=-0.5 gives black","","Sat May 23 07:52:31 UTC 2026","passed","Sat May 23 07:52:31 UTC 2026","","Utility Functions","Utility Functions hslToRgb lightness clamped: l=-0.5 gives black",""
"","5","Component Tests ConfirmDialog Enter key does NOT call onConfirm when busy","","Sat May 23 07:52:31 UTC 2026","passed","Sat May 23 07:52:31 UTC 2026","","Component Tests","Component Tests ConfirmDialog Enter key does NOT call onConfirm when busy",""
"","39","Frontend Unit Tests App Component add color 500 shows server error message","","Sat May 23 07:52:31 UTC 2026","passed","Sat May 23 07:52:31 UTC 2026","","Frontend Unit Tests","Frontend Unit Tests App Component add color 500 shows server error message",""
"","1","Frontend Unit Tests i18n Configuration should be initialized with correct settings","","Sat May 23 07:52:33 UTC 2026","passed","Sat May 23 07:52:33 UTC 2026","","Frontend Unit Tests","Frontend Unit Tests i18n Configuration should be initialized with correct settings",""
"","1305","shows client-side validation error for invalid name chars","Chrome","Sat May 23 07:56:47 UTC 2026","passed","Sat May 23 07:56:48 UTC 2026","Color Management — Add & Delete","tests/color-management.spec.ts","",""
"","462","Show loading state when the API returns an empty colors list","BDD","Sat May 23 07:57:37 UTC 2026","passed","Sat May 23 07:57:38 UTC 2026","API Error Handling","","",""
"","22","Component Tests ConfirmDialog cancel button calls onCancel","","Sat May 23 07:52:31 UTC 2026","passed","Sat May 23 07:52:31 UTC 2026","","Component Tests","Component Tests ConfirmDialog cancel button calls onCancel",""
"","0","homepage initial state","Chrome","Sat May 23 08:00:44 UTC 2026","skipped","Sat May 23 08:00:44 UTC 2026","Percy Visual Regression – Production > Percy – desktop (1280×720)","","",""
"","911","verify Yellow ( #f1c40f ) is applied as the background color","Chrome","Sat May 23 07:56:55 UTC 2026","passed","Sat May 23 07:56:56 UTC 2026","Background color tests","tests/coverage.spec.ts","",""
"","647","Example #2","BDD","Sat May 23 07:57:39 UTC 2026","passed","Sat May 23 07:57:40 UTC 2026","Home Page Background Color > Change background color","","",""
"","0","Utility Functions hslToRgb negative hue wraps: hue=-120 = hue=240","","Sat May 23 07:52:31 UTC 2026","passed","Sat May 23 07:52:31 UTC 2026","","Utility Functions","Utility Functions hslToRgb negative hue wraps: hue=-120 = hue=240",""
"","6","Server Unit Tests Error Handling PUT /api/colors/:name returns 500 when database fails","","Sat May 23 07:52:25 UTC 2026","passed","Sat May 23 07:52:25 UTC 2026","","Server Unit Tests","Server Unit Tests Error Handling PUT /api/colors/:name returns 500 when database fails",""
"","895","should load the application and verify core functionality across browsers","Chrome","Sat May 23 07:57:47 UTC 2026","passed","Sat May 23 07:57:48 UTC 2026","Cross-Browser Core Functionality","","",""
"","2332","should maintain accessibility after state change (color update)","Chrome","Sat May 23 07:56:50 UTC 2026","passed","Sat May 23 07:56:53 UTC 2026","Accessibility Tests","tests/a11y.spec.ts","",""
"","1","Utility Functions hslToRgb hue=330 (rose) → [255,0,128]","","Sat May 23 07:52:31 UTC 2026","passed","Sat May 23 07:52:31 UTC 2026","","Utility Functions","Utility Functions hslToRgb hue=330 (rose) → [255,0,128]",""
"","1","Utility Functions hslToRgb hue=59 stays in sector 0","","Sat May 23 07:52:31 UTC 2026","passed","Sat May 23 07:52:31 UTC 2026","","Utility Functions","Utility Functions hslToRgb hue=59 stays in sector 0",""
"","10","Server Unit Tests GET /api/colors returns an empty array when no colors exist","","Sat May 23 07:52:25 UTC 2026","passed","Sat May 23 07:52:25 UTC 2026","","Server Unit Tests","Server Unit Tests GET /api/colors returns an empty array when no colors exist",""
"","3","Utility Functions paintWheelPixel paints grey at center (dx=0, dy=0, dist=0, sat=0)","","Sat May 23 07:52:31 UTC 2026","passed","Sat May 23 07:52:31 UTC 2026","","Utility Functions","Utility Functions paintWheelPixel paints grey at center (dx=0, dy=0, dist=0, sat=0)",""
"","10","Component Tests ConfirmDialog confirmLabel prop is reflected in the button text","","Sat May 23 07:52:31 UTC 2026","passed","Sat May 23 07:52:31 UTC 2026","","Component Tests","Component Tests ConfirmDialog confirmLabel prop is reflected in the button text",""
"","6","Server Integration Tests (Testcontainers) DELETE /api/colors/:name should return 400 for invalid name format","","Sat May 23 07:52:28 UTC 2026","passed","Sat May 23 07:52:28 UTC 2026","","Server Integration Tests (Testcontainers)","Server Integration Tests (Testcontainers) DELETE /api/colors/:name should return 400 for invalid name format",""
"","14","Server Integration Tests (Testcontainers) GET /api/colors should return colors sorted alphabetically by name","","Sat May 23 07:52:28 UTC 2026","passed","Sat May 23 07:52:28 UTC 2026","","Server Integration Tests (Testcontainers)","Server Integration Tests (Testcontainers) GET /api/colors should return colors sorted alphabetically by name",""
"","14","Component Tests ColorPicker Enter key on name input triggers submit","","Sat May 23 07:52:31 UTC 2026","passed","Sat May 23 07:52:31 UTC 2026","","Utility Functions","Component Tests ColorPicker Enter key on name input triggers submit",""
"","88","Frontend Unit Tests App Component clicking a color chip makes it active","","Sat May 23 07:52:31 UTC 2026","passed","Sat May 23 07:52:31 UTC 2026","","Frontend Unit Tests","Frontend Unit Tests App Component clicking a color chip makes it active",""
"","11","Server Unit Tests Surviving Mutants & Edge Cases Regex & Validation STRICT_NAME_REGEX kills mutants on start/end/middle characters","","Sat May 23 07:52:25 UTC 2026","passed","Sat May 23 07:52:25 UTC 2026","","Server Unit Tests","Server Unit Tests Surviving Mutants & Edge Cases Regex & Validation STRICT_NAME_REGEX kills mutants on start/end/middle characters",""
"","10","Component Tests ColorPicker wheel cursor is at (110,110) at center (sat=0)","","Sat May 23 07:52:31 UTC 2026","passed","Sat May 23 07:52:31 UTC 2026","","Utility Functions","Component Tests ColorPicker wheel cursor is at (110,110) at center (sat=0)",""
"","2","Frontend Unit Tests i18n Configuration should handle language change correctly","","Sat May 23 07:52:33 UTC 2026","passed","Sat May 23 07:52:33 UTC 2026","","Frontend Unit Tests","Frontend Unit Tests i18n Configuration should handle language change correctly",""
"","3","Server Unit Tests DELETE /api/colors/:name returns 400 for invalid name in path (regex check)","","Sat May 23 07:52:25 UTC 2026","passed","Sat May 23 07:52:25 UTC 2026","","Server Unit Tests","Server Unit Tests DELETE /api/colors/:name returns 400 for invalid name in path (regex check)",""
"","2","Utility Functions hslToRgb high lightness l=0.75 → [255,128,128]","","Sat May 23 07:52:31 UTC 2026","passed","Sat May 23 07:52:31 UTC 2026","","Utility Functions","Utility Functions hslToRgb high lightness l=0.75 → [255,128,128]",""
"","1","Utility Functions paintWheelPixel paints red at right edge (dx=r, dy=0, hue=0)","","Sat May 23 07:52:31 UTC 2026","passed","Sat May 23 07:52:31 UTC 2026","","Utility Functions","Utility Functions paintWheelPixel paints red at right edge (dx=r, dy=0, hue=0)",""
"","6","Server Unit Tests PUT /api/colors/:name updates both name and hex simultaneously","","Sat May 23 07:52:25 UTC 2026","passed","Sat May 23 07:52:25 UTC 2026","","Server Unit Tests","Server Unit Tests PUT /api/colors/:name updates both name and hex simultaneously",""
"","0","Utility Functions rgbToHex value 15 pads to 0f","","Sat May 23 07:52:31 UTC 2026","passed","Sat May 23 07:52:31 UTC 2026","","Utility Functions","Utility Functions rgbToHex value 15 pads to 0f",""
"","0","Utility Functions readableOn returns #fff for a very dark blue","","Sat May 23 07:52:31 UTC 2026","passed","Sat May 23 07:52:31 UTC 2026","","Utility Functions","Utility Functions readableOn returns #fff for a very dark blue",""
"","47","Frontend Unit Tests App Component deleting a non-active color keeps the current background","","Sat May 23 07:52:31 UTC 2026","passed","Sat May 23 07:52:31 UTC 2026","","Frontend Unit Tests","Frontend Unit Tests App Component deleting a non-active color keeps the current background",""
"","1","Utility Functions paintWheelPixel sets alpha to 0 when dist > r (outside circle)","","Sat May 23 07:52:31 UTC 2026","passed","Sat May 23 07:52:31 UTC 2026","","Utility Functions","Utility Functions paintWheelPixel sets alpha to 0 when dist > r (outside circle)",""
"","3","Utility Functions hslToRgb hue=0 (red) → [255,0,0]","","Sat May 23 07:52:31 UTC 2026","passed","Sat May 23 07:52:31 UTC 2026","","Utility Functions","Utility Functions hslToRgb hue=0 (red) → [255,0,0]",""
"","87","Frontend Unit Tests App Component confirm dialog cancel does nothing when deleting=true","","Sat May 23 07:52:31 UTC 2026","passed","Sat May 23 07:52:31 UTC 2026","","Frontend Unit Tests","Frontend Unit Tests App Component confirm dialog cancel does nothing when deleting=true",""
"","32","Frontend Unit Tests App Component confirm dialog Escape key closes it","","Sat May 23 07:52:31 UTC 2026","passed","Sat May 23 07:52:31 UTC 2026","","Frontend Unit Tests","Frontend Unit Tests App Component confirm dialog Escape key closes it",""
"","3","Utility Functions hslToRgb hue=180 (cyan) → [0,255,255]","","Sat May 23 07:52:31 UTC 2026","passed","Sat May 23 07:52:31 UTC 2026","","Utility Functions","Utility Functions hslToRgb hue=180 (cyan) → [0,255,255]",""
"","23","Component Tests ColorPicker typing in name input clears name error","","Sat May 23 07:52:31 UTC 2026","passed","Sat May 23 07:52:31 UTC 2026","","Utility Functions","Component Tests ColorPicker typing in name input clears name error",""
"","10","Server Integration Tests (Testcontainers) GET /api/colors/:name should return 404 for a non-existent color","","Sat May 23 07:52:28 UTC 2026","passed","Sat May 23 07:52:28 UTC 2026","","Server Integration Tests (Testcontainers)","Server Integration Tests (Testcontainers) GET /api/colors/:name should return 404 for a non-existent color",""
"","1005","should display all core elements and handle button interaction","Chrome","Sat May 23 08:00:43 UTC 2026","passed","Sat May 23 08:00:44 UTC 2026","Responsive Design – tablet (768×1024)","","",""
"","21","Frontend Unit Tests App Component text color on light background is dark","","Sat May 23 07:52:31 UTC 2026","passed","Sat May 23 07:52:31 UTC 2026","","Frontend Unit Tests","Frontend Unit Tests App Component text color on light background is dark",""
"","765","verify Yellow ( #f1c40f ) is applied as the background color","Chrome","Sat May 23 07:57:02 UTC 2026","passed","Sat May 23 07:57:03 UTC 2026","POM Refactored: Background color tests","tests/pom-refactored.spec.ts","",""
"","0","Utility Functions rgbToHsl pure blue → h=240, s=1, l=0.5","","Sat May 23 07:52:31 UTC 2026","passed","Sat May 23 07:52:31 UTC 2026","","Utility Functions","Utility Functions rgbToHsl pure blue → h=240, s=1, l=0.5",""
"","0","Utility Functions hslToRgb hue just below 60 is in sector 0, not sector 1","","Sat May 23 07:52:31 UTC 2026","passed","Sat May 23 07:52:31 UTC 2026","","Utility Functions","Utility Functions hslToRgb hue just below 60 is in sector 0, not sector 1",""
"","53","GET /api/colors/Red should return the correct hex code","Chrome","Sat May 23 07:57:34 UTC 2026","passed","Sat May 23 07:57:34 UTC 2026","Backend API Integration","","",""
"","20","Server Integration Tests (Testcontainers) PUT /api/colors/:name should update both name and hex simultaneously","","Sat May 23 07:52:28 UTC 2026","passed","Sat May 23 07:52:28 UTC 2026","","Server Integration Tests (Testcontainers)","Server Integration Tests (Testcontainers) PUT /api/colors/:name should update both name and hex simultaneously",""
"","0","Utility Functions hslToRgb hue=60 (yellow) → [255,255,0]","","Sat May 23 07:52:31 UTC 2026","passed","Sat May 23 07:52:31 UTC 2026","","Utility Functions","Utility Functions hslToRgb hue=60 (yellow) → [255,255,0]",""
"","749","Example #3","BDD","Sat May 23 07:57:39 UTC 2026","passed","Sat May 23 07:57:40 UTC 2026","Home Page Background Color > Change background color","","",""
"","7","Server Integration Tests (Testcontainers) POST /api/colors should return 400 when hex is missing","","Sat May 23 07:52:28 UTC 2026","passed","Sat May 23 07:52:28 UTC 2026","","Server Integration Tests (Testcontainers)","Server Integration Tests (Testcontainers) POST /api/colors should return 400 when hex is missing",""
"","8","Server Unit Tests Surviving Mutants & Edge Cases Regex & Validation STRICT_NAME_REGEX is strict on forbidden special characters in the middle","","Sat May 23 07:52:25 UTC 2026","passed","Sat May 23 07:52:25 UTC 2026","","Server Unit Tests","Server Unit Tests Surviving Mutants & Edge Cases Regex & Validation STRICT_NAME_REGEX is strict on forbidden special characters in the middle",""
"","4","Server Unit Tests PUT /api/colors/:name returns 400 for invalid current name format in URL","","Sat May 23 07:52:25 UTC 2026","passed","Sat May 23 07:52:25 UTC 2026","","Server Unit Tests","Server Unit Tests PUT /api/colors/:name returns 400 for invalid current name format in URL",""
"","0","Frontend Unit Tests i18n Configuration interpolation should not escape value","","Sat May 23 07:52:33 UTC 2026","passed","Sat May 23 07:52:33 UTC 2026","","Frontend Unit Tests","Frontend Unit Tests i18n Configuration interpolation should not escape value",""
"","4","Server Unit Tests Error Handling GET /api/colors returns 500 when database fails","","Sat May 23 07:52:25 UTC 2026","passed","Sat May 23 07:52:25 UTC 2026","","Server Unit Tests","Server Unit Tests Error Handling GET /api/colors returns 500 when database fails",""
"","1","Utility Functions paintWheelPixel wraps negative angle: dy<0 gives angle+360 (hue=270 → violet)","","Sat May 23 07:52:31 UTC 2026","passed","Sat May 23 07:52:31 UTC 2026","","Utility Functions","Utility Functions paintWheelPixel wraps negative angle: dy<0 gives angle+360 (hue=270 → violet)",""
"","6","Frontend Unit Tests App Component language selector change calls i18n and updates html lang","","Sat May 23 07:52:31 UTC 2026","passed","Sat May 23 07:52:31 UTC 2026","","Frontend Unit Tests","Frontend Unit Tests App Component language selector change calls i18n and updates html lang",""
"","0","Utility Functions readableOn returns #111 for mid-grey (L≈0.35, black gives better contrast)","","Sat May 23 07:52:31 UTC 2026","passed","Sat May 23 07:52:31 UTC 2026","","Utility Functions","Utility Functions readableOn returns #111 for mid-grey (L≈0.35, black gives better contrast)",""
"","9","Server Unit Tests POST /api/colors accepts single alphanumeric characters as names","","Sat May 23 07:52:25 UTC 2026","passed","Sat May 23 07:52:25 UTC 2026","","Server Unit Tests","Server Unit Tests POST /api/colors accepts single alphanumeric characters as names",""
"","0","Utility Functions rgbToHsl white [255,255,255] → h=0, s=0, l=1","","Sat May 23 07:52:31 UTC 2026","passed","Sat May 23 07:52:31 UTC 2026","","Utility Functions","Utility Functions rgbToHsl white [255,255,255] → h=0, s=0, l=1",""
"","1105","successful delete removes the chip","Chrome","Sat May 23 07:56:50 UTC 2026","passed","Sat May 23 07:56:51 UTC 2026","Color Management — Add & Delete","tests/color-management.spec.ts","",""
"","12","Component Tests ColorPicker wheel cursor moves to (220,110) after right-edge click (hue=0, sat=1)","","Sat May 23 07:52:31 UTC 2026","passed","Sat May 23 07:52:31 UTC 2026","","Utility Functions","Component Tests ColorPicker wheel cursor moves to (220,110) after right-edge click (hue=0, sat=1)",""
"","5","Utility Functions hslToRgb lightness=0 gives black","","Sat May 23 07:52:31 UTC 2026","passed","Sat May 23 07:52:31 UTC 2026","","Utility Functions","Utility Functions hslToRgb lightness=0 gives black",""
"","7","Utility Functions readableOn returns #fff for black (very dark, L≈0)","","Sat May 23 07:52:31 UTC 2026","passed","Sat May 23 07:52:31 UTC 2026","","Utility Functions","Utility Functions readableOn returns #fff for black (very dark, L≈0)",""
"","863","should display all core elements and handle button interaction","Chrome","Sat May 23 08:00:44 UTC 2026","passed","Sat May 23 08:00:45 UTC 2026","Responsive Design – iPhone landscape (667×375)","","",""
"","31","Component Tests ColorPicker lightness slider change updates the preview","","Sat May 23 07:52:31 UTC 2026","passed","Sat May 23 07:52:31 UTC 2026","","Utility Functions","Component Tests ColorPicker lightness slider change updates the preview",""
"","7","array body on POST returns 400","Chrome","Sat May 23 07:56:23 UTC 2026","passed","Sat May 23 07:56:23 UTC 2026","Security > Input Validation","tests/security.spec.ts","",""
"","9","Server Unit Tests Error Handling POST /api/colors returns 500 when database fails (findOne)","","Sat May 23 07:52:25 UTC 2026","passed","Sat May 23 07:52:25 UTC 2026","","Server Unit Tests","Server Unit Tests Error Handling POST /api/colors returns 500 when database fails (findOne)",""
"","7","error responses return JSON, not HTML (no info leakage)","Chrome","Sat May 23 07:56:24 UTC 2026","passed","Sat May 23 07:56:24 UTC 2026","Security > Security Headers","tests/security.spec.ts","",""
"","7","Server Integration Tests (Testcontainers) PUT /api/colors/:name should return 400 when update body is empty","","Sat May 23 07:52:28 UTC 2026","passed","Sat May 23 07:52:28 UTC 2026","","Server Integration Tests (Testcontainers)","Server Integration Tests (Testcontainers) PUT /api/colors/:name should return 400 when update body is empty",""
"","7","Frontend Unit Tests App Component initial default background before fetch resolves","","Sat May 23 07:52:31 UTC 2026","passed","Sat May 23 07:52:31 UTC 2026","","Frontend Unit Tests","Frontend Unit Tests App Component initial default background before fetch resolves",""
"","110","Frontend Unit Tests App Component handleColorClick does nothing when data has no hex","","Sat May 23 07:52:31 UTC 2026","passed","Sat May 23 07:52:31 UTC 2026","","Frontend Unit Tests","Frontend Unit Tests App Component handleColorClick does nothing when data has no hex",""
"","14","Component Tests ColorPicker renders the color wheel canvas","","Sat May 23 07:52:31 UTC 2026","passed","Sat May 23 07:52:31 UTC 2026","","Utility Functions","Component Tests ColorPicker renders the color wheel canvas",""
"","33","Frontend Unit Tests App Component picker cancel button closes the modal","","Sat May 23 07:52:31 UTC 2026","passed","Sat May 23 07:52:31 UTC 2026","","Frontend Unit Tests","Frontend Unit Tests App Component picker cancel button closes the modal",""
"","4","Component Tests ConfirmDialog title is rendered in the element with id confirm-title","","Sat May 23 07:52:31 UTC 2026","passed","Sat May 23 07:52:31 UTC 2026","","Component Tests","Component Tests ConfirmDialog title is rendered in the element with id confirm-title",""
"","0","mobile color picker workflow","Chrome","Sat May 23 08:00:44 UTC 2026","skipped","Sat May 23 08:00:44 UTC 2026","Percy Visual Regression – Production > Percy – Mobile Interactions","","",""
"","1","Utility Functions rgbToHsl b max (#0040ff) → h in (180,300)","","Sat May 23 07:52:31 UTC 2026","passed","Sat May 23 07:52:31 UTC 2026","","Utility Functions","Utility Functions rgbToHsl b max (#0040ff) → h in (180,300)",""
"","34","Component Tests ConfirmDialog confirm button calls onConfirm","","Sat May 23 07:52:31 UTC 2026","passed","Sat May 23 07:52:31 UTC 2026","","Component Tests","Component Tests ConfirmDialog confirm button calls onConfirm",""
"","16","Component Tests ColorPicker typing a valid hex clears the hex error and updates preview","","Sat May 23 07:52:31 UTC 2026","passed","Sat May 23 07:52:31 UTC 2026","","Utility Functions","Component Tests ColorPicker typing a valid hex clears the hex error and updates preview",""
"","0","homepage initial state","Chrome","Sat May 23 08:00:44 UTC 2026","skipped","Sat May 23 08:00:44 UTC 2026","Percy Visual Regression – Production > Percy – mobile (375×667)","","",""
"","1008","close (×) button closes the picker","Chrome","Sat May 23 07:56:44 UTC 2026","passed","Sat May 23 07:56:45 UTC 2026","Color Management — Add & Delete","tests/color-management.spec.ts","",""
"","1007","changing color to Yellow should reflect in UI and DOM","Chrome","Sat May 23 07:56:58 UTC 2026","passed","Sat May 23 07:56:59 UTC 2026","Data-Driven Testing","tests/data-driven.spec.ts","",""
"","9","Server Integration Tests (Testcontainers) DELETE /api/colors/:name should return 404 on a second delete of the same color","","Sat May 23 07:52:28 UTC 2026","passed","Sat May 23 07:52:28 UTC 2026","","Server Integration Tests (Testcontainers)","Server Integration Tests (Testcontainers) DELETE /api/colors/:name should return 404 on a second delete of the same color",""
"","25","Component Tests ColorPicker lightness slider max value (100) gives white","","Sat May 23 07:52:31 UTC 2026","passed","Sat May 23 07:52:31 UTC 2026","","Utility Functions","Component Tests ColorPicker lightness slider max value (100) gives white",""
"","9","should reject invalid hex format","Chrome","Sat May 23 07:57:34 UTC 2026","passed","Sat May 23 07:57:34 UTC 2026","Backend API Integration > POST /api/colors Schema Validation","","",""
"","345","Server Unit Tests Surviving Mutants & Edge Cases Infrastructure uses MONGO_URI from environment if available","","Sat May 23 07:52:25 UTC 2026","passed","Sat May 23 07:52:25 UTC 2026","","Server Unit Tests","Server Unit Tests Surviving Mutants & Edge Cases Infrastructure uses MONGO_URI from environment if available",""
"","1","Utility Functions hslToRgb hue=120 (green) → [0,255,0]","","Sat May 23 07:52:31 UTC 2026","passed","Sat May 23 07:52:31 UTC 2026","","Utility Functions","Utility Functions hslToRgb hue=120 (green) → [0,255,0]",""
"","60","Frontend Unit Tests App Component add color success closes picker and shows new chip","","Sat May 23 07:52:31 UTC 2026","passed","Sat May 23 07:52:31 UTC 2026","","Frontend Unit Tests","Frontend Unit Tests App Component add color success closes picker and shows new chip",""
"","3","Server Unit Tests Error Handling GET /api/colors/:name returns 500 when database fails","","Sat May 23 07:52:25 UTC 2026","passed","Sat May 23 07:52:25 UTC 2026","","Server Unit Tests","Server Unit Tests Error Handling GET /api/colors/:name returns 500 when database fails",""
"","45","Frontend Unit Tests App Component learn react link has correct text","","Sat May 23 07:52:31 UTC 2026","passed","Sat May 23 07:52:31 UTC 2026","","Frontend Unit Tests","Frontend Unit Tests App Component learn react link has correct text",""
"","11","Server Integration Tests (Testcontainers) seedDatabase should be idempotent — calling twice always yields exactly 3 colors","","Sat May 23 07:52:28 UTC 2026","passed","Sat May 23 07:52:28 UTC 2026","","Server Integration Tests (Testcontainers)","Server Integration Tests (Testcontainers) seedDatabase should be idempotent — calling twice always yields exactly 3 colors",""
"","836","verify Red ( #e74c3c ) is applied as the background color","Chrome","Sat May 23 07:57:02 UTC 2026","passed","Sat May 23 07:57:03 UTC 2026","POM Refactored: Background color tests","tests/pom-refactored.spec.ts","",""
"","881","changing color to Turquoise should reflect in UI and DOM","Chrome","Sat May 23 07:56:57 UTC 2026","passed","Sat May 23 07:56:58 UTC 2026","Data-Driven Testing","tests/data-driven.spec.ts","",""
"","20","Server Unit Tests Surviving Mutants & Edge Cases PUT logic kills name/hex conditional mutants by providing only one field","","Sat May 23 07:52:25 UTC 2026","passed","Sat May 23 07:52:25 UTC 2026","","Server Unit Tests","Server Unit Tests Surviving Mutants & Edge Cases PUT logic kills name/hex conditional mutants by providing only one field",""
"","25","Component Tests ColorPicker touchmove while dragging updates hex","","Sat May 23 07:52:31 UTC 2026","passed","Sat May 23 07:52:31 UTC 2026","","Utility Functions","Component Tests ColorPicker touchmove while dragging updates hex",""
"","3","Server Unit Tests OpenAPI endpoints has exact application/json content-type","","Sat May 23 07:52:25 UTC 2026","passed","Sat May 23 07:52:25 UTC 2026","","Server Unit Tests","Server Unit Tests OpenAPI endpoints has exact application/json content-type",""
"","4","Component Tests ConfirmDialog Enter key calls onConfirm when not busy","","Sat May 23 07:52:31 UTC 2026","passed","Sat May 23 07:52:31 UTC 2026","","Component Tests","Component Tests ConfirmDialog Enter key calls onConfirm when not busy",""
"","1","Utility Functions hexToRgb returns null for invalid input","","Sat May 23 07:52:31 UTC 2026","passed","Sat May 23 07:52:31 UTC 2026","","Utility Functions","Utility Functions hexToRgb returns null for invalid input",""
"","6","DELETE /api/colors (collection) returns 405","Chrome","Sat May 23 07:56:24 UTC 2026","passed","Sat May 23 07:56:24 UTC 2026","Security > HTTP Method Restrictions","tests/security.spec.ts","",""
"","59","Frontend Unit Tests App Component fetches and displays color chips with swatch and delete button","","Sat May 23 07:52:31 UTC 2026","passed","Sat May 23 07:52:31 UTC 2026","","Frontend Unit Tests","Frontend Unit Tests App Component fetches and displays color chips with swatch and delete button",""
"","463","Example #2","BDD","Sat May 23 07:57:40 UTC 2026","passed","Sat May 23 07:57:41 UTC 2026","Language Switching > Switch language and verify translated UI labels","","",""
"","0","Utility Functions hslToRgb saturation clamped: s=-0.5 treated as s=0","","Sat May 23 07:52:31 UTC 2026","passed","Sat May 23 07:52:31 UTC 2026","","Utility Functions","Utility Functions hslToRgb saturation clamped: s=-0.5 treated as s=0",""
"","28","Component Tests ColorPicker submit with empty name shows ""Name is required"" error","","Sat May 23 07:52:31 UTC 2026","passed","Sat May 23 07:52:31 UTC 2026","","Utility Functions","Component Tests ColorPicker submit with empty name shows ""Name is required"" error",""
"","21","Frontend Unit Tests App Component labelFor falls back to color name for unknown/custom color","","Sat May 23 07:52:31 UTC 2026","passed","Sat May 23 07:52:31 UTC 2026","","Frontend Unit Tests","Frontend Unit Tests App Component labelFor falls back to color name for unknown/custom color",""
"","9","should reject updating with empty name","Chrome","Sat May 23 07:57:35 UTC 2026","passed","Sat May 23 07:57:35 UTC 2026","Backend API Integration > PUT /api/colors/:name Schema Validation","","",""
"","23","Server Integration Tests (Testcontainers) Concurrent writes should handle simultaneous POSTs with the same name — exactly one succeeds","","Sat May 23 07:52:28 UTC 2026","passed","Sat May 23 07:52:28 UTC 2026","","Server Integration Tests (Testcontainers)","Server Integration Tests (Testcontainers) Concurrent writes should handle simultaneous POSTs with the same name — exactly one succeeds",""
"","25","GET /api/colors should return all colors","Chrome","Sat May 23 07:57:34 UTC 2026","passed","Sat May 23 07:57:34 UTC 2026","Backend API Integration","","",""
"","7","PATCH /api/colors/:name returns 405","Chrome","Sat May 23 07:56:24 UTC 2026","passed","Sat May 23 07:56:24 UTC 2026","Security > HTTP Method Restrictions","tests/security.spec.ts","",""
"","0","Utility Functions rgbToHex output is lowercase","","Sat May 23 07:52:31 UTC 2026","passed","Sat May 23 07:52:31 UTC 2026","","Utility Functions","Utility Functions rgbToHex output is lowercase",""
"","809","verify Turquoise ( #1abc9c ) is applied as the background color","Chrome","Sat May 23 07:57:02 UTC 2026","passed","Sat May 23 07:57:02 UTC 2026","POM Refactored: Background color tests","tests/pom-refactored.spec.ts","",""
"","0","Utility Functions hslToRgb lightness clamped: l=1.5 gives white","","Sat May 23 07:52:31 UTC 2026","passed","Sat May 23 07:52:31 UTC 2026","","Utility Functions","Utility Functions hslToRgb lightness clamped: l=1.5 gives white",""
"","65","Frontend Unit Tests App Component useEffect runs only once on mount","","Sat May 23 07:52:31 UTC 2026","passed","Sat May 23 07:52:31 UTC 2026","","Frontend Unit Tests","Frontend Unit Tests App Component useEffect runs only once on mount",""
"","48","Frontend Unit Tests App Component add color 501 also triggers server error message (>= 500)","","Sat May 23 07:52:31 UTC 2026","passed","Sat May 23 07:52:31 UTC 2026","","Frontend Unit Tests","Frontend Unit Tests App Component add color 501 also triggers server error message (>= 500)",""
"","1542","should maintain accessibility in el language and verify resilient locators","Chrome","Sat May 23 07:56:58 UTC 2026","passed","Sat May 23 07:57:00 UTC 2026","i18n Accessibility Tests","tests/a11y.spec.ts","",""
"","539","Color button remains functional after switching language","BDD","Sat May 23 07:57:41 UTC 2026","passed","Sat May 23 07:57:41 UTC 2026","Language Switching","","",""
"","22","Component Tests ColorPicker duplicate check is case-insensitive","","Sat May 23 07:52:31 UTC 2026","passed","Sat May 23 07:52:31 UTC 2026","","Utility Functions","Component Tests ColorPicker duplicate check is case-insensitive",""
"","5","Server Unit Tests Middleware includes CORS headers","","Sat May 23 07:52:25 UTC 2026","passed","Sat May 23 07:52:25 UTC 2026","","Server Unit Tests","Server Unit Tests Middleware includes CORS headers",""
"","33","Frontend Unit Tests App Component clicking chip-x opens confirm dialog with color name and swatch","","Sat May 23 07:52:31 UTC 2026","passed","Sat May 23 07:52:31 UTC 2026","","Frontend Unit Tests","Frontend Unit Tests App Component clicking chip-x opens confirm dialog with color name and swatch",""
"","6","Server Unit Tests Middleware JSON error middleware ignores SyntaxError without body","","Sat May 23 07:52:25 UTC 2026","passed","Sat May 23 07:52:25 UTC 2026","","Server Unit Tests","Server Unit Tests Middleware JSON error middleware ignores SyntaxError without body",""
"","5","Server Unit Tests GET /api/colors/:name returns 400 for invalid name in path (regex check)","","Sat May 23 07:52:25 UTC 2026","passed","Sat May 23 07:52:25 UTC 2026","","Server Unit Tests","Server Unit Tests GET /api/colors/:name returns 400 for invalid name in path (regex check)",""
"","11","Server Unit Tests Surviving Mutants & Edge Cases Strict Path & Method Validation kills mutants that change route paths to empty string","","Sat May 23 07:52:25 UTC 2026","passed","Sat May 23 07:52:25 UTC 2026","","Server Unit Tests","Server Unit Tests Surviving Mutants & Edge Cases Strict Path & Method Validation kills mutants that change route paths to empty string",""
"","38","should return 409 for duplicate color creation","Chrome","Sat May 23 07:57:34 UTC 2026","passed","Sat May 23 07:57:34 UTC 2026","Backend API Integration > POST /api/colors Schema Validation","","",""
"","11","Component Tests ColorPicker typing blue hex updates internal state (b is max branch)","","Sat May 23 07:52:31 UTC 2026","passed","Sat May 23 07:52:31 UTC 2026","","Utility Functions","Component Tests ColorPicker typing blue hex updates internal state (b is max branch)",""
"","6","Server Unit Tests 405 Method Not Allowed does not return 405 for allowed PUT method on /api/colors/:name","","Sat May 23 07:52:25 UTC 2026","passed","Sat May 23 07:52:25 UTC 2026","","Server Unit Tests","Server Unit Tests 405 Method Not Allowed does not return 405 for allowed PUT method on /api/colors/:name",""
"","60","Frontend Unit Tests App Component delete sends DELETE request with correct method","","Sat May 23 07:52:31 UTC 2026","passed","Sat May 23 07:52:31 UTC 2026","","Frontend Unit Tests","Frontend Unit Tests App Component delete sends DELETE request with correct method",""
"","15","POST with script tag in name is rejected (400)","Chrome","Sat May 23 07:56:21 UTC 2026","passed","Sat May 23 07:56:21 UTC 2026","Security > XSS Prevention","tests/security.spec.ts","",""
"","1870","should maintain accessibility in es language and verify resilient locators","Chrome","Sat May 23 07:56:56 UTC 2026","passed","Sat May 23 07:56:58 UTC 2026","i18n Accessibility Tests","tests/a11y.spec.ts","",""
"","7","Server Unit Tests Surviving Mutants & Edge Cases Rate Limiting & Security kills mutants by verifying x-powered-by is removed","","Sat May 23 07:52:25 UTC 2026","passed","Sat May 23 07:52:25 UTC 2026","","Server Unit Tests","Server Unit Tests Surviving Mutants & Edge Cases Rate Limiting & Security kills mutants by verifying x-powered-by is removed",""
"","9","Server Integration Tests (Testcontainers) POST /api/colors should not expose _id or __v in the creation response","","Sat May 23 07:52:28 UTC 2026","passed","Sat May 23 07:52:28 UTC 2026","","Server Integration Tests (Testcontainers)","Server Integration Tests (Testcontainers) POST /api/colors should not expose _id or __v in the creation response",""
"","0","Utility Functions hslToRgb low lightness l=0.25 → [128,0,0]","","Sat May 23 07:52:31 UTC 2026","passed","Sat May 23 07:52:31 UTC 2026","","Utility Functions","Utility Functions hslToRgb low lightness l=0.25 → [128,0,0]",""
"","1024","shows server-error message on 500 inside the picker","Chrome","Sat May 23 07:56:48 UTC 2026","passed","Sat May 23 07:56:49 UTC 2026","Color Management — Add & Delete","tests/color-management.spec.ts","",""
"","1","Utility Functions readableOn returns #111 for an invalid/empty hex string (null rgb fallback)","","Sat May 23 07:52:31 UTC 2026","passed","Sat May 23 07:52:31 UTC 2026","","Utility Functions","Utility Functions readableOn returns #111 for an invalid/empty hex string (null rgb fallback)",""
"","0","homepage after color change","Chrome","Sat May 23 08:00:44 UTC 2026","skipped","Sat May 23 08:00:44 UTC 2026","Percy Visual Regression – Production > Percy – desktop-xl (1920×1080)","","",""
"","3","Server Unit Tests Surviving Mutants & Edge Cases Logs seedDatabase logs success message","","Sat May 23 07:52:25 UTC 2026","passed","Sat May 23 07:52:25 UTC 2026","","Server Unit Tests","Server Unit Tests Surviving Mutants & Edge Cases Logs seedDatabase logs success message",""
"","27","Server Unit Tests POST /api/colors creates a new color and returns 201 with correct body","","Sat May 23 07:52:25 UTC 2026","passed","Sat May 23 07:52:25 UTC 2026","","Server Unit Tests","Server Unit Tests POST /api/colors creates a new color and returns 201 with correct body",""
"","13","should reject missing hex","Chrome","Sat May 23 07:57:34 UTC 2026","passed","Sat May 23 07:57:34 UTC 2026","Backend API Integration > POST /api/colors Schema Validation","","",""
"","49","Frontend Unit Tests App Component saving is false again after a failed add (finally block)","","Sat May 23 07:52:31 UTC 2026","passed","Sat May 23 07:52:31 UTC 2026","","Frontend Unit Tests","Frontend Unit Tests App Component saving is false again after a failed add (finally block)",""
"","5","Server Unit Tests PUT /api/colors/:name returns 400 for extra unknown fields (strict schema)","","Sat May 23 07:52:25 UTC 2026","passed","Sat May 23 07:52:25 UTC 2026","","Server Unit Tests","Server Unit Tests PUT /api/colors/:name returns 400 for extra unknown fields (strict schema)",""
"","50","Frontend Unit Tests App Component delete network error shows error alert","","Sat May 23 07:52:31 UTC 2026","passed","Sat May 23 07:52:31 UTC 2026","","Frontend Unit Tests","Frontend Unit Tests App Component delete network error shows error alert",""
"","1","Utility Functions rgbToHex converts pure blue","","Sat May 23 07:52:31 UTC 2026","passed","Sat May 23 07:52:31 UTC 2026","","Utility Functions","Utility Functions rgbToHex converts pure blue",""
"","0","Utility Functions rgbToHsl g max with b>r (#00ff80) → h near 150","","Sat May 23 07:52:31 UTC 2026","passed","Sat May 23 07:52:31 UTC 2026","","Utility Functions","Utility Functions rgbToHsl g max with b>r (#00ff80) → h near 150",""
"","7","empty body on POST returns 400","Chrome","Sat May 23 07:56:23 UTC 2026","passed","Sat May 23 07:56:23 UTC 2026","Security > Input Validation","tests/security.spec.ts","",""
"","1359","color names rendered in the UI do not trigger script execution","Chrome","Sat May 23 07:56:21 UTC 2026","passed","Sat May 23 07:56:22 UTC 2026","Security > XSS Prevention","tests/security.spec.ts","",""
"","24","Component Tests ColorPicker mousedown outside circle clamps sat to 1","","Sat May 23 07:52:31 UTC 2026","passed","Sat May 23 07:52:31 UTC 2026","","Utility Functions","Component Tests ColorPicker mousedown outside circle clamps sat to 1",""
"","21","Frontend Unit Tests App Component shows add-color button even when colors are empty","","Sat May 23 07:52:31 UTC 2026","passed","Sat May 23 07:52:31 UTC 2026","","Frontend Unit Tests","Frontend Unit Tests App Component shows add-color button even when colors are empty",""
"","60","Frontend Unit Tests App Component confirm button shows ""Deleting…"" label while delete is in-flight","","Sat May 23 07:52:31 UTC 2026","passed","Sat May 23 07:52:31 UTC 2026","","Frontend Unit Tests","Frontend Unit Tests App Component confirm button shows ""Deleting…"" label while delete is in-flight",""
"","745","homepage should match snapshot","Chrome","Sat May 23 08:00:42 UTC 2026","passed","Sat May 23 08:00:42 UTC 2026","Visual Regression – iphone-landscape (667×375)","","",""
"","1","Utility Functions rgbToHsl pure green → h=120, s=1, l=0.5","","Sat May 23 07:52:31 UTC 2026","passed","Sat May 23 07:52:31 UTC 2026","","Utility Functions","Utility Functions rgbToHsl pure green → h=120, s=1, l=0.5",""
"","1","Utility Functions rgbToHsl round-trip hslToRgb→rgbToHsl preserves hue for all sectors","","Sat May 23 07:52:31 UTC 2026","passed","Sat May 23 07:52:31 UTC 2026","","Utility Functions","Utility Functions rgbToHsl round-trip hslToRgb→rgbToHsl preserves hue for all sectors",""
"","809","should display all core elements and handle button interaction","Chrome","Sat May 23 08:00:44 UTC 2026","passed","Sat May 23 08:00:44 UTC 2026","Responsive Design – iPhone SE (375×667)","","",""
"","32","Server Unit Tests Surviving Mutants & Edge Cases Strict Path & Method Validation kills allowedMethods mutants by exhaustive testing","","Sat May 23 07:52:25 UTC 2026","passed","Sat May 23 07:52:25 UTC 2026","","Server Unit Tests","Server Unit Tests Surviving Mutants & Edge Cases Strict Path & Method Validation kills allowedMethods mutants by exhaustive testing",""
"","1","Utility Functions readableOn returns #111 for white (very light, L=1)","","Sat May 23 07:52:31 UTC 2026","passed","Sat May 23 07:52:31 UTC 2026","","Utility Functions","Utility Functions readableOn returns #111 for white (very light, L=1)",""
"","7","Server Integration Tests (Testcontainers) GET /api/colors/:name should return 400 for invalid name format","","Sat May 23 07:52:28 UTC 2026","passed","Sat May 23 07:52:28 UTC 2026","","Server Integration Tests (Testcontainers)","Server Integration Tests (Testcontainers) GET /api/colors/:name should return 400 for invalid name format",""
"","3170","should load the application and verify core functionality across browsers","WebKit","Sat May 23 07:57:44 UTC 2026","passed","Sat May 23 07:57:47 UTC 2026","Cross-Browser Core Functionality","","",""
"","25","Component Tests ColorPicker mousedown at bottom-center (hue=90) sets hex to #80ff00","","Sat May 23 07:52:31 UTC 2026","passed","Sat May 23 07:52:31 UTC 2026","","Utility Functions","Component Tests ColorPicker mousedown at bottom-center (hue=90) sets hex to #80ff00",""
"","1037","cancel in confirm dialog closes it without deleting","Chrome","Sat May 23 07:56:49 UTC 2026","passed","Sat May 23 07:56:50 UTC 2026","Color Management — Add & Delete","tests/color-management.spec.ts","",""
"","9","Server Integration Tests (Testcontainers) GET /api/colors/:name should not expose _id or __v fields","","Sat May 23 07:52:28 UTC 2026","passed","Sat May 23 07:52:28 UTC 2026","","Server Integration Tests (Testcontainers)","Server Integration Tests (Testcontainers) GET /api/colors/:name should not expose _id or __v fields",""
"","5","Server Unit Tests POST /api/colors returns 400 when name is missing","","Sat May 23 07:52:25 UTC 2026","passed","Sat May 23 07:52:25 UTC 2026","","Server Unit Tests","Server Unit Tests POST /api/colors returns 400 when name is missing",""
"","3","Server Unit Tests PUT /api/colors/:name returns 400 for invalid name in path (regex check)","","Sat May 23 07:52:25 UTC 2026","passed","Sat May 23 07:52:25 UTC 2026","","Server Unit Tests","Server Unit Tests PUT /api/colors/:name returns 400 for invalid name in path (regex check)",""
"","24","Frontend Unit Tests App Component colors.length > 0 does NOT show loading text","","Sat May 23 07:52:31 UTC 2026","passed","Sat May 23 07:52:31 UTC 2026","","Frontend Unit Tests","Frontend Unit Tests App Component colors.length > 0 does NOT show loading text",""
"","32","Frontend Unit Tests App Component add color sends POST with correct method, headers, and body","","Sat May 23 07:52:31 UTC 2026","passed","Sat May 23 07:52:31 UTC 2026","","Frontend Unit Tests","Frontend Unit Tests App Component add color sends POST with correct method, headers, and body",""
"","13","Server Integration Tests (Testcontainers) GET /api/colors should not expose _id or __v fields","","Sat May 23 07:52:28 UTC 2026","passed","Sat May 23 07:52:28 UTC 2026","","Server Integration Tests (Testcontainers)","Server Integration Tests (Testcontainers) GET /api/colors should not expose _id or __v fields",""
"","715","shows a chip for each color with a swatch, name, and delete button","Chrome","Sat May 23 07:56:41 UTC 2026","passed","Sat May 23 07:56:42 UTC 2026","Color Management — Add & Delete","tests/color-management.spec.ts","",""
"","42","Frontend Unit Tests App Component handleColorClick shows error on non-2xx response","","Sat May 23 07:52:31 UTC 2026","passed","Sat May 23 07:52:31 UTC 2026","","Frontend Unit Tests","Frontend Unit Tests App Component handleColorClick shows error on non-2xx response",""
"","38","Frontend Unit Tests App Component deleting the last color sets activeName to null","","Sat May 23 07:52:31 UTC 2026","passed","Sat May 23 07:52:31 UTC 2026","","Frontend Unit Tests","Frontend Unit Tests App Component deleting the last color sets activeName to null",""
"","4","Server Unit Tests Surviving Mutants & Edge Cases Swagger Metadata & OpenAPI has exact application/json content-type","","Sat May 23 07:52:25 UTC 2026","passed","Sat May 23 07:52:25 UTC 2026","","Server Unit Tests","Server Unit Tests Surviving Mutants & Edge Cases Swagger Metadata & OpenAPI has exact application/json content-type",""
"","6","Server Unit Tests Surviving Mutants & Edge Cases Regex & Validation Zod required_error messages are correct","","Sat May 23 07:52:25 UTC 2026","passed","Sat May 23 07:52:25 UTC 2026","","Server Unit Tests","Server Unit Tests Surviving Mutants & Edge Cases Regex & Validation Zod required_error messages are correct",""
"","5","Server Integration Tests (Testcontainers) PUT /api/colors/:name should return 400 for invalid name in URL path","","Sat May 23 07:52:28 UTC 2026","passed","Sat May 23 07:52:28 UTC 2026","","Server Integration Tests (Testcontainers)","Server Integration Tests (Testcontainers) PUT /api/colors/:name should return 400 for invalid name in URL path",""
"","645","should gracefully handle a color not found in the database","Chrome","Sat May 23 07:57:01 UTC 2026","passed","Sat May 23 07:57:02 UTC 2026","Network Mocking & Interception","tests/network-mocking.spec.ts","",""
"","41","Frontend Unit Tests App Component add color 409 fallback message when data.error is absent","","Sat May 23 07:52:31 UTC 2026","passed","Sat May 23 07:52:31 UTC 2026","","Frontend Unit Tests","Frontend Unit Tests App Component add color 409 fallback message when data.error is absent",""
"","27","Frontend Unit Tests App Component link color is dark (#003366) on light background","","Sat May 23 07:52:31 UTC 2026","passed","Sat May 23 07:52:31 UTC 2026","","Frontend Unit Tests","Frontend Unit Tests App Component link color is dark (#003366) on light background",""
"","54","Frontend Unit Tests App Component delete API error shows error alert without closing dialog","","Sat May 23 07:52:31 UTC 2026","passed","Sat May 23 07:52:31 UTC 2026","","Frontend Unit Tests","Frontend Unit Tests App Component delete API error shows error alert without closing dialog",""
"","7","NoSQL operator in GET path param is rejected (400 or 404)","Chrome","Sat May 23 07:56:23 UTC 2026","passed","Sat May 23 07:56:23 UTC 2026","Security > Injection Prevention","tests/security.spec.ts","",""
"","6","Server Unit Tests Error Handling POST /api/colors returns 409 when database throws duplicate key error (code 11000)","","Sat May 23 07:52:25 UTC 2026","passed","Sat May 23 07:52:25 UTC 2026","","Server Unit Tests","Server Unit Tests Error Handling POST /api/colors returns 409 when database throws duplicate key error (code 11000)",""
"","12","Server Unit Tests Surviving Mutants & Edge Cases Allowed Methods kills mutants in allowedMethods object","","Sat May 23 07:52:25 UTC 2026","passed","Sat May 23 07:52:25 UTC 2026","","Server Unit Tests","Server Unit Tests Surviving Mutants & Edge Cases Allowed Methods kills mutants in allowedMethods object",""
"","0","Utility Functions hexToRgb is case-insensitive","","Sat May 23 07:52:31 UTC 2026","passed","Sat May 23 07:52:31 UTC 2026","","Utility Functions","Utility Functions hexToRgb is case-insensitive",""
"","12","Frontend Unit Tests App Component shows loading text when colors array is empty","","Sat May 23 07:52:31 UTC 2026","passed","Sat May 23 07:52:31 UTC 2026","","Frontend Unit Tests","Frontend Unit Tests App Component shows loading text when colors array is empty",""
"","983","homepage should match snapshot","Chrome","Sat May 23 08:00:39 UTC 2026","passed","Sat May 23 08:00:40 UTC 2026","Visual Regression – desktop (1280×720)","","",""
"","49","Frontend Unit Tests App Component confirm dialog cancel button closes it","","Sat May 23 07:52:31 UTC 2026","passed","Sat May 23 07:52:31 UTC 2026","","Frontend Unit Tests","Frontend Unit Tests App Component confirm dialog cancel button closes it",""
"","41","Frontend Unit Tests App Component add color network error shows network error message","","Sat May 23 07:52:31 UTC 2026","passed","Sat May 23 07:52:31 UTC 2026","","Frontend Unit Tests","Frontend Unit Tests App Component add color network error shows network error message",""
"","0","Utility Functions hslToRgb hue=240 (blue) → [0,0,255]","","Sat May 23 07:52:31 UTC 2026","passed","Sat May 23 07:52:31 UTC 2026","","Utility Functions","Utility Functions hslToRgb hue=240 (blue) → [0,0,255]",""
"","1001","Cancel button closes the picker","Chrome","Sat May 23 07:56:44 UTC 2026","passed","Sat May 23 07:56:45 UTC 2026","Color Management — Add & Delete","tests/color-management.spec.ts","",""
"","48","Frontend Unit Tests App Component header color attribute changes after clicking a chip","","Sat May 23 07:52:31 UTC 2026","passed","Sat May 23 07:52:31 UTC 2026","","Frontend Unit Tests","Frontend Unit Tests App Component header color attribute changes after clicking a chip",""
"","10","Server Integration Tests (Testcontainers) DELETE /api/colors/:name should delete a color and confirm removal from the real database","","Sat May 23 07:52:28 UTC 2026","passed","Sat May 23 07:52:28 UTC 2026","","Server Integration Tests (Testcontainers)","Server Integration Tests (Testcontainers) DELETE /api/colors/:name should delete a color and confirm removal from the real database",""
"","1114","verify Turquoise ( #1abc9c ) is applied as the background color","Chrome","Sat May 23 07:56:53 UTC 2026","passed","Sat May 23 07:56:55 UTC 2026","Background color tests","tests/coverage.spec.ts","",""
"","1","Utility Functions hslToRgb hue=30 (orange) → [255,128,0]","","Sat May 23 07:52:31 UTC 2026","passed","Sat May 23 07:52:31 UTC 2026","","Utility Functions","Utility Functions hslToRgb hue=30 (orange) → [255,128,0]",""
"","2206","should not have any automatically detectable accessibility issues","Chrome","Sat May 23 07:56:50 UTC 2026","passed","Sat May 23 07:56:53 UTC 2026","Accessibility Tests","tests/a11y.spec.ts","",""
"","4","Server Unit Tests Surviving Mutants & Edge Cases Swagger Metadata & OpenAPI has exact server metadata","","Sat May 23 07:52:25 UTC 2026","passed","Sat May 23 07:52:25 UTC 2026","","Server Unit Tests","Server Unit Tests Surviving Mutants & Edge Cases Swagger Metadata & OpenAPI has exact server metadata",""
"","15","Component Tests ColorPicker Add color button shows ""Saving…"" when saving=true","","Sat May 23 07:52:31 UTC 2026","passed","Sat May 23 07:52:31 UTC 2026","","Utility Functions","Component Tests ColorPicker Add color button shows ""Saving…"" when saving=true",""
"","4","Server Unit Tests 405 Method Not Allowed returns 405 for PATCH on /api/colors","","Sat May 23 07:52:25 UTC 2026","passed","Sat May 23 07:52:25 UTC 2026","","Server Unit Tests","Server Unit Tests 405 Method Not Allowed returns 405 for PATCH on /api/colors",""
"","1","Utility Functions hslToRgb saturation clamped: s=1.5 treated as s=1","","Sat May 23 07:52:31 UTC 2026","passed","Sat May 23 07:52:31 UTC 2026","","Utility Functions","Utility Functions hslToRgb saturation clamped: s=1.5 treated as s=1",""
"","5","Server Unit Tests GET /api/colors/:name is case-sensitive","","Sat May 23 07:52:25 UTC 2026","passed","Sat May 23 07:52:25 UTC 2026","","Server Unit Tests","Server Unit Tests GET /api/colors/:name is case-sensitive",""
"","190","Component Tests ConfirmDialog renders title, body, and both buttons","","Sat May 23 07:52:31 UTC 2026","passed","Sat May 23 07:52:31 UTC 2026","","Component Tests","Component Tests ConfirmDialog renders title, body, and both buttons",""
"","313","Server Unit Tests Surviving Mutants & Edge Cases Port Fallback uses default PORT 5001 when process.env.PORT is missing","","Sat May 23 07:52:25 UTC 2026","passed","Sat May 23 07:52:25 UTC 2026","","Server Unit Tests","Server Unit Tests Surviving Mutants & Edge Cases Port Fallback uses default PORT 5001 when process.env.PORT is missing",""
"","4","Server Unit Tests Error Handling DELETE /api/colors/:name returns 500 when database fails","","Sat May 23 07:52:25 UTC 2026","passed","Sat May 23 07:52:25 UTC 2026","","Server Unit Tests","Server Unit Tests Error Handling DELETE /api/colors/:name returns 500 when database fails",""
"","0","Utility Functions rgbToHex pads single-digit hex values with leading zero","","Sat May 23 07:52:31 UTC 2026","passed","Sat May 23 07:52:31 UTC 2026","","Utility Functions","Utility Functions rgbToHex pads single-digit hex values with leading zero",""
"","7","Server Unit Tests Surviving Mutants & Edge Cases Regex & Validation hex regex kills mutants by testing boundaries and formats","","Sat May 23 07:52:25 UTC 2026","passed","Sat May 23 07:52:25 UTC 2026","","Server Unit Tests","Server Unit Tests Surviving Mutants & Edge Cases Regex & Validation hex regex kills mutants by testing boundaries and formats",""
"","5","Server Integration Tests (Testcontainers) PUT /api/colors/:name should return 400 for invalid hex format on update","","Sat May 23 07:52:28 UTC 2026","passed","Sat May 23 07:52:28 UTC 2026","","Server Integration Tests (Testcontainers)","Server Integration Tests (Testcontainers) PUT /api/colors/:name should return 400 for invalid hex format on update",""
"","60","Frontend Unit Tests App Component successful delete removes the color chip","","Sat May 23 07:52:31 UTC 2026","passed","Sat May 23 07:52:31 UTC 2026","","Frontend Unit Tests","Frontend Unit Tests App Component successful delete removes the color chip",""
"","6","Server Unit Tests DELETE /api/colors/:name cannot delete the same color twice","","Sat May 23 07:52:25 UTC 2026","passed","Sat May 23 07:52:25 UTC 2026","","Server Unit Tests","Server Unit Tests DELETE /api/colors/:name cannot delete the same color twice",""
"","3","Server Unit Tests Surviving Mutants & Edge Cases Swagger Metadata & OpenAPI has exact API info","","Sat May 23 07:52:25 UTC 2026","passed","Sat May 23 07:52:25 UTC 2026","","Server Unit Tests","Server Unit Tests Surviving Mutants & Edge Cases Swagger Metadata & OpenAPI has exact API info",""
"","11","SQL injection characters in name are rejected (400)","Chrome","Sat May 23 07:56:23 UTC 2026","passed","Sat May 23 07:56:23 UTC 2026","Security > Injection Prevention","tests/security.spec.ts","",""
"","0","Utility Functions hslToRgb hue=90 (chartreuse) → [128,255,0]","","Sat May 23 07:52:31 UTC 2026","passed","Sat May 23 07:52:31 UTC 2026","","Utility Functions","Utility Functions hslToRgb hue=90 (chartreuse) → [128,255,0]",""
"","27","Component Tests ConfirmDialog both buttons are disabled when busy=true","","Sat May 23 07:52:31 UTC 2026","passed","Sat May 23 07:52:31 UTC 2026","","Component Tests","Component Tests ConfirmDialog both buttons are disabled when busy=true",""
"","50","GET /api/colors/Turquoise should return the correct hex code","Chrome","Sat May 23 07:57:34 UTC 2026","passed","Sat May 23 07:57:34 UTC 2026","Backend API Integration","","",""
"","33","Component Tests ColorPicker cancel button calls onCancel","","Sat May 23 07:52:31 UTC 2026","passed","Sat May 23 07:52:31 UTC 2026","","Utility Functions","Component Tests ColorPicker cancel button calls onCancel",""
"","57","Component Tests ColorPicker editing name does NOT call onClearError when no serverError","","Sat May 23 07:52:31 UTC 2026","passed","Sat May 23 07:52:31 UTC 2026","","Utility Functions","Component Tests ColorPicker editing name does NOT call onClearError when no serverError",""
"","658","handle initial fetch error","Chrome","Sat May 23 07:56:56 UTC 2026","passed","Sat May 23 07:56:56 UTC 2026","Edge cases and error handling","tests/coverage.spec.ts","",""
"","9","Server Unit Tests seedDatabase clears existing colors and re-seeds with 3 defaults","","Sat May 23 07:52:25 UTC 2026","passed","Sat May 23 07:52:25 UTC 2026","","Server Unit Tests","Server Unit Tests seedDatabase clears existing colors and re-seeds with 3 defaults",""
"","19","GET /api/colors/:name should return 404 for non-existent color","Chrome","Sat May 23 07:57:34 UTC 2026","passed","Sat May 23 07:57:34 UTC 2026","Backend API Integration","","",""
"","21","Component Tests ConfirmDialog cancelLabel prop is reflected in the button text","","Sat May 23 07:52:31 UTC 2026","passed","Sat May 23 07:52:31 UTC 2026","","Component Tests","Component Tests ConfirmDialog cancelLabel prop is reflected in the button text",""
"","1","Utility Functions hslToRgb hue=270 (violet) → [128,0,255]","","Sat May 23 07:52:31 UTC 2026","passed","Sat May 23 07:52:31 UTC 2026","","Utility Functions","Utility Functions hslToRgb hue=270 (violet) → [128,0,255]",""
"","37","Frontend Unit Tests App Component initial background is first color hex","","Sat May 23 07:52:31 UTC 2026","passed","Sat May 23 07:52:31 UTC 2026","","Frontend Unit Tests","Frontend Unit Tests App Component initial background is first color hex",""
"","5","Server Unit Tests PUT /api/colors/:name returns 404 for a non-existent color","","Sat May 23 07:52:25 UTC 2026","passed","Sat May 23 07:52:25 UTC 2026","","Server Unit Tests","Server Unit Tests PUT /api/colors/:name returns 404 for a non-existent color",""
"","0","Utility Functions hslToRgb hue=300 (magenta) → [255,0,255]","","Sat May 23 07:52:31 UTC 2026","passed","Sat May 23 07:52:31 UTC 2026","","Utility Functions","Utility Functions hslToRgb hue=300 (magenta) → [255,0,255]",""
"","6","Frontend Unit Tests App Component colors.length === 0 shows loading text","","Sat May 23 07:52:31 UTC 2026","passed","Sat May 23 07:52:31 UTC 2026","","Frontend Unit Tests","Frontend Unit Tests App Component colors.length === 0 shows loading text",""
"","44","Frontend Unit Tests App Component handleColorClick shows error alert on fetch failure","","Sat May 23 07:52:31 UTC 2026","passed","Sat May 23 07:52:31 UTC 2026","","Frontend Unit Tests","Frontend Unit Tests App Component handleColorClick shows error alert on fetch failure",""
"","6","Server Unit Tests GET /api/colors/:name returns Turquoise color correctly","","Sat May 23 07:52:25 UTC 2026","passed","Sat May 23 07:52:25 UTC 2026","","Server Unit Tests","Server Unit Tests GET /api/colors/:name returns Turquoise color correctly",""
"","6","Server Unit Tests 405 Method Not Allowed does not return 405 for allowed POST method on /api/colors","","Sat May 23 07:52:25 UTC 2026","passed","Sat May 23 07:52:25 UTC 2026","","Server Unit Tests","Server Unit Tests 405 Method Not Allowed does not return 405 for allowed POST method on /api/colors",""
"","13","oversized payload is rejected (413)","Chrome","Sat May 23 07:56:23 UTC 2026","passed","Sat May 23 07:56:23 UTC 2026","Security > Input Validation","tests/security.spec.ts","",""
"","4","Server Unit Tests POST /api/colors returns 400 for completely empty body","","Sat May 23 07:52:25 UTC 2026","passed","Sat May 23 07:52:25 UTC 2026","","Server Unit Tests","Server Unit Tests POST /api/colors returns 400 for completely empty body",""
"","1","Utility Functions hexToRgb parses hex without the leading #","","Sat May 23 07:52:31 UTC 2026","passed","Sat May 23 07:52:31 UTC 2026","","Utility Functions","Utility Functions hexToRgb parses hex without the leading #",""
"","6","Server Integration Tests (Testcontainers) Method Not Allowed should return 405 for PATCH /api/colors","","Sat May 23 07:52:28 UTC 2026","passed","Sat May 23 07:52:28 UTC 2026","","Server Integration Tests (Testcontainers)","Server Integration Tests (Testcontainers) Method Not Allowed should return 405 for PATCH /api/colors",""
"","20","Server Integration Tests (Testcontainers) seedDatabase should clear custom colors when re-seeded","","Sat May 23 07:52:28 UTC 2026","passed","Sat May 23 07:52:28 UTC 2026","","Server Integration Tests (Testcontainers)","Server Integration Tests (Testcontainers) seedDatabase should clear custom colors when re-seeded",""
"","1356","shows 409 duplicate error from server inside the picker","Chrome","Sat May 23 07:56:47 UTC 2026","passed","Sat May 23 07:56:49 UTC 2026","Color Management — Add & Delete","tests/color-management.spec.ts","",""
"","8","Server Integration Tests (Testcontainers) POST /api/colors should accept a color name containing spaces","","Sat May 23 07:52:28 UTC 2026","passed","Sat May 23 07:52:28 UTC 2026","","Server Integration Tests (Testcontainers)","Server Integration Tests (Testcontainers) POST /api/colors should accept a color name containing spaces",""
"","0","Utility Functions hslToRgb hue=150 (spring green) → [0,255,128]","","Sat May 23 07:52:31 UTC 2026","passed","Sat May 23 07:52:31 UTC 2026","","Utility Functions","Utility Functions hslToRgb hue=150 (spring green) → [0,255,128]",""
"","24","Frontend Unit Tests App Component labelFor returns translation for known color (Turquoise)","","Sat May 23 07:52:31 UTC 2026","passed","Sat May 23 07:52:31 UTC 2026","","Frontend Unit Tests","Frontend Unit Tests App Component labelFor returns translation for known color (Turquoise)",""
"","6","Server Unit Tests Surviving Mutants & Edge Cases PUT logic kills refine mutant by sending empty body","","Sat May 23 07:52:25 UTC 2026","passed","Sat May 23 07:52:25 UTC 2026","","Server Unit Tests","Server Unit Tests Surviving Mutants & Edge Cases PUT logic kills refine mutant by sending empty body",""
"","3","Server Unit Tests Surviving Mutants & Edge Cases Mongoose Schema Strictness kills empty schema mutant by checking schema paths","","Sat May 23 07:52:25 UTC 2026","passed","Sat May 23 07:52:25 UTC 2026","","Server Unit Tests","Server Unit Tests Surviving Mutants & Edge Cases Mongoose Schema Strictness kills empty schema mutant by checking schema paths",""
"","0","Utility Functions paintWheelPixel writes to the correct index offset in the array","","Sat May 23 07:52:31 UTC 2026","passed","Sat May 23 07:52:31 UTC 2026","","Utility Functions","Utility Functions paintWheelPixel writes to the correct index offset in the array",""
"","9","Server Integration Tests (Testcontainers) POST /api/colors should accept a single alphanumeric character as a name","","Sat May 23 07:52:28 UTC 2026","passed","Sat May 23 07:52:28 UTC 2026","","Server Integration Tests (Testcontainers)","Server Integration Tests (Testcontainers) POST /api/colors should accept a single alphanumeric character as a name",""
"","10","Server Unit Tests GET /api/colors does not expose _id or __v fields","","Sat May 23 07:52:25 UTC 2026","passed","Sat May 23 07:52:25 UTC 2026","","Server Unit Tests","Server Unit Tests GET /api/colors does not expose _id or __v fields",""
"","32","Frontend Unit Tests App Component clicking Add color button opens picker modal","","Sat May 23 07:52:31 UTC 2026","passed","Sat May 23 07:52:31 UTC 2026","","Frontend Unit Tests","Frontend Unit Tests App Component clicking Add color button opens picker modal",""
"","5","Server Unit Tests Middleware returns 400 for malformed JSON body","","Sat May 23 07:52:25 UTC 2026","passed","Sat May 23 07:52:25 UTC 2026","","Server Unit Tests","Server Unit Tests Middleware returns 400 for malformed JSON body",""
"","5","Server Unit Tests Error Handling PUT /api/colors/:name returns 409 when database throws duplicate key error (code 11000) on save","","Sat May 23 07:52:25 UTC 2026","passed","Sat May 23 07:52:25 UTC 2026","","Server Unit Tests","Server Unit Tests Error Handling PUT /api/colors/:name returns 409 when database throws duplicate key error (code 11000) on save",""
"","6","PATCH /api/colors returns 405","Chrome","Sat May 23 07:56:24 UTC 2026","passed","Sat May 23 07:56:24 UTC 2026","Security > HTTP Method Restrictions","tests/security.spec.ts","",""
"","6","Server Integration Tests (Testcontainers) POST /api/colors should return 400 for invalid hex format (missing #)","","Sat May 23 07:52:28 UTC 2026","passed","Sat May 23 07:52:28 UTC 2026","","Server Integration Tests (Testcontainers)","Server Integration Tests (Testcontainers) POST /api/colors should return 400 for invalid hex format (missing #)",""
"","18","Server Integration Tests (Testcontainers) PUT /api/colors/:name should update the hex of an existing color and persist it in the real database","","Sat May 23 07:52:28 UTC 2026","passed","Sat May 23 07:52:28 UTC 2026","","Server Integration Tests (Testcontainers)","Server Integration Tests (Testcontainers) PUT /api/colors/:name should update the hex of an existing color and persist it in the real database",""
"","8","Server Unit Tests GET /api/colors/:name returns a single color by name with correct fields","","Sat May 23 07:52:25 UTC 2026","passed","Sat May 23 07:52:25 UTC 2026","","Server Unit Tests","Server Unit Tests GET /api/colors/:name returns a single color by name with correct fields",""
"","6","Component Tests ColorPicker serverError banner is absent when serverError is null","","Sat May 23 07:52:31 UTC 2026","passed","Sat May 23 07:52:31 UTC 2026","","Utility Functions","Component Tests ColorPicker serverError banner is absent when serverError is null",""
"","3","Server Unit Tests OpenAPI endpoints serves the OpenAPI JSON spec with exact metadata","","Sat May 23 07:52:25 UTC 2026","passed","Sat May 23 07:52:25 UTC 2026","","Server Unit Tests","Server Unit Tests OpenAPI endpoints serves the OpenAPI JSON spec with exact metadata",""
"","7","Server Integration Tests (Testcontainers) POST /api/colors should return 400 when extra fields are provided","","Sat May 23 07:52:28 UTC 2026","passed","Sat May 23 07:52:28 UTC 2026","","Server Integration Tests (Testcontainers)","Server Integration Tests (Testcontainers) POST /api/colors should return 400 when extra fields are provided",""
"","0","Utility Functions paintWheelPixel anti-aliases near-edge pixel: dist=r-0.5 gives alpha=127","","Sat May 23 07:52:31 UTC 2026","passed","Sat May 23 07:52:31 UTC 2026","","Utility Functions","Utility Functions paintWheelPixel anti-aliases near-edge pixel: dist=r-0.5 gives alpha=127",""
"","34","Frontend Unit Tests App Component add color 409 conflict shows picker error (data.error message)","","Sat May 23 07:52:31 UTC 2026","passed","Sat May 23 07:52:31 UTC 2026","","Frontend Unit Tests","Frontend Unit Tests App Component add color 409 conflict shows picker error (data.error message)",""
"","13","Server Integration Tests (Testcontainers) POST /api/colors should return 409 when creating a duplicate color name","","Sat May 23 07:52:28 UTC 2026","passed","Sat May 23 07:52:28 UTC 2026","","Server Integration Tests (Testcontainers)","Server Integration Tests (Testcontainers) POST /api/colors should return 409 when creating a duplicate color name",""
"","14","should reject invalid hex format on update","Chrome","Sat May 23 07:57:35 UTC 2026","passed","Sat May 23 07:57:35 UTC 2026","Backend API Integration > PUT /api/colors/:name Schema Validation","","",""
"","5","Server Unit Tests 405 Method Not Allowed sets the Allow header on /api/colors/:name with correct methods","","Sat May 23 07:52:25 UTC 2026","passed","Sat May 23 07:52:25 UTC 2026","","Server Unit Tests","Server Unit Tests 405 Method Not Allowed sets the Allow header on /api/colors/:name with correct methods",""
"","632","should handle missing image gracefully by showing alt text","Chrome","Sat May 23 07:57:00 UTC 2026","passed","Sat May 23 07:57:01 UTC 2026","Network Mocking & Interception","tests/network-mocking.spec.ts","",""
"","29","Component Tests ColorPicker hex input updates hue/sat via rgbToHsl (green → hue≈120)","","Sat May 23 07:52:31 UTC 2026","passed","Sat May 23 07:52:31 UTC 2026","","Utility Functions","Component Tests ColorPicker hex input updates hue/sat via rgbToHsl (green → hue≈120)",""
"","8","Server Integration Tests (Testcontainers) GET /api/colors/:name should return correct data for Yellow","","Sat May 23 07:52:28 UTC 2026","passed","Sat May 23 07:52:28 UTC 2026","","Server Integration Tests (Testcontainers)","Server Integration Tests (Testcontainers) GET /api/colors/:name should return correct data for Yellow",""
"","23","Server Integration Tests (Testcontainers) PUT /api/colors/:name should rename a color and make old name return 404","","Sat May 23 07:52:28 UTC 2026","passed","Sat May 23 07:52:28 UTC 2026","","Server Integration Tests (Testcontainers)","Server Integration Tests (Testcontainers) PUT /api/colors/:name should rename a color and make old name return 404",""
"","1","Utility Functions hslToRgb hue=360 wraps to hue=0 → [255,0,0]","","Sat May 23 07:52:31 UTC 2026","passed","Sat May 23 07:52:31 UTC 2026","","Utility Functions","Utility Functions hslToRgb hue=360 wraps to hue=0 → [255,0,0]",""
"","667","Example #1","BDD","Sat May 23 07:57:39 UTC 2026","passed","Sat May 23 07:57:39 UTC 2026","Home Page Background Color > Change background color","","",""
"","1082","should create color via API and verify through UI","Chrome","Sat May 23 07:57:00 UTC 2026","passed","Sat May 23 07:57:01 UTC 2026","Hybrid E2E Testing","tests/hybrid.spec.ts","",""
"","23","Component Tests ColorPicker close (×) button calls onCancel","","Sat May 23 07:52:31 UTC 2026","passed","Sat May 23 07:52:31 UTC 2026","","Utility Functions","Component Tests ColorPicker close (×) button calls onCancel",""
"","3","Server Unit Tests 405 Method Not Allowed returns 405 for PATCH on /api/colors/:name","","Sat May 23 07:52:25 UTC 2026","passed","Sat May 23 07:52:25 UTC 2026","","Server Unit Tests","Server Unit Tests 405 Method Not Allowed returns 405 for PATCH on /api/colors/:name",""
"","9","Server Unit Tests DELETE /api/colors/:name deletes an existing color and returns success message","","Sat May 23 07:52:25 UTC 2026","passed","Sat May 23 07:52:25 UTC 2026","","Server Unit Tests","Server Unit Tests DELETE /api/colors/:name deletes an existing color and returns success message",""
"","4","Server Unit Tests POST /api/colors returns 400 for name with only spaces","","Sat May 23 07:52:25 UTC 2026","passed","Sat May 23 07:52:25 UTC 2026","","Server Unit Tests","Server Unit Tests POST /api/colors returns 400 for name with only spaces",""
"","5","Server Unit Tests POST /api/colors applies the createColorLimiter rate limit headers","","Sat May 23 07:52:25 UTC 2026","passed","Sat May 23 07:52:25 UTC 2026","","Server Unit Tests","Server Unit Tests POST /api/colors applies the createColorLimiter rate limit headers",""
"","7","Component Tests ColorPicker clicking inside the card does NOT call onCancel","","Sat May 23 07:52:31 UTC 2026","passed","Sat May 23 07:52:31 UTC 2026","","Utility Functions","Component Tests ColorPicker clicking inside the card does NOT call onCancel",""
"","4","Server Unit Tests POST /api/colors returns 400 for extra unknown fields (strict schema)","","Sat May 23 07:52:25 UTC 2026","passed","Sat May 23 07:52:25 UTC 2026","","Server Unit Tests","Server Unit Tests POST /api/colors returns 400 for extra unknown fields (strict schema)",""
"","3","Server Unit Tests PUT /api/colors/:name returns 400 for invalid name with special characters","","Sat May 23 07:52:25 UTC 2026","passed","Sat May 23 07:52:25 UTC 2026","","Server Unit Tests","Server Unit Tests PUT /api/colors/:name returns 400 for invalid name with special characters",""
"","13","Component Tests ColorPicker Cancel button is disabled when saving=true","","Sat May 23 07:52:31 UTC 2026","passed","Sat May 23 07:52:31 UTC 2026","","Utility Functions","Component Tests ColorPicker Cancel button is disabled when saving=true",""
"","5","Server Unit Tests POST /api/colors returns 400 for name with special characters","","Sat May 23 07:52:25 UTC 2026","passed","Sat May 23 07:52:25 UTC 2026","","Server Unit Tests","Server Unit Tests POST /api/colors returns 400 for name with special characters",""
"","851","changing color to Red should reflect in UI and DOM","Chrome","Sat May 23 07:56:58 UTC 2026","passed","Sat May 23 07:56:59 UTC 2026","Data-Driven Testing","tests/data-driven.spec.ts","",""
"","1","Utility Functions rgbToHex value 16 does not pad","","Sat May 23 07:52:31 UTC 2026","passed","Sat May 23 07:52:31 UTC 2026","","Utility Functions","Utility Functions rgbToHex value 16 does not pad",""
"","44","Frontend Unit Tests App Component add color 429 rate limit shows specific message","","Sat May 23 07:52:31 UTC 2026","passed","Sat May 23 07:52:31 UTC 2026","","Frontend Unit Tests","Frontend Unit Tests App Component add color 429 rate limit shows specific message",""
"","308","Server Unit Tests Surviving Mutants & Edge Cases Port Fallback reflects process.env.PORT in Swagger servers","","Sat May 23 07:52:25 UTC 2026","passed","Sat May 23 07:52:25 UTC 2026","","Server Unit Tests","Server Unit Tests Surviving Mutants & Edge Cases Port Fallback reflects process.env.PORT in Swagger servers",""
"","731","clicking ""+ Add color"" opens the picker modal","Chrome","Sat May 23 07:56:43 UTC 2026","passed","Sat May 23 07:56:44 UTC 2026","Color Management — Add & Delete","tests/color-management.spec.ts","",""
"","15","Component Tests ColorPicker typing red with g<b hex updates internal state","","Sat May 23 07:52:31 UTC 2026","passed","Sat May 23 07:52:31 UTC 2026","","Utility Functions","Component Tests ColorPicker typing red with g<b hex updates internal state",""
"","11","Server Integration Tests (Testcontainers) seedDatabase should always restore the three default seed colors","","Sat May 23 07:52:28 UTC 2026","passed","Sat May 23 07:52:28 UTC 2026","","Server Integration Tests (Testcontainers)","Server Integration Tests (Testcontainers) seedDatabase should always restore the three default seed colors",""
"","0","Utility Functions hslToRgb saturation=0 gives pure grey [128,128,128]","","Sat May 23 07:52:31 UTC 2026","passed","Sat May 23 07:52:31 UTC 2026","","Utility Functions","Utility Functions hslToRgb saturation=0 gives pure grey [128,128,128]",""
"","6","Server Integration Tests (Testcontainers) POST /api/colors should return 400 when name is missing","","Sat May 23 07:52:28 UTC 2026","passed","Sat May 23 07:52:28 UTC 2026","","Server Integration Tests (Testcontainers)","Server Integration Tests (Testcontainers) POST /api/colors should return 400 when name is missing",""
"","0","Utility Functions rgbToHex converts pure green","","Sat May 23 07:52:31 UTC 2026","passed","Sat May 23 07:52:31 UTC 2026","","Utility Functions","Utility Functions rgbToHex converts pure green",""
"","1406","successfully adds a new color and shows its chip","Chrome","Sat May 23 07:56:45 UTC 2026","passed","Sat May 23 07:56:47 UTC 2026","Color Management — Add & Delete","tests/color-management.spec.ts","",""
"","1","Utility Functions readableOn returns #111 for a pale/pastel colour (high luminance)","","Sat May 23 07:52:31 UTC 2026","passed","Sat May 23 07:52:31 UTC 2026","","Utility Functions","Utility Functions readableOn returns #111 for a pale/pastel colour (high luminance)",""
"","0","Utility Functions readableOn returns #111 for light-grey (L≈0.60, above 0.179 threshold)","","Sat May 23 07:52:31 UTC 2026","passed","Sat May 23 07:52:31 UTC 2026","","Utility Functions","Utility Functions readableOn returns #111 for light-grey (L≈0.60, above 0.179 threshold)",""
"","15","Server Integration Tests (Testcontainers) GET /api/colors should return an empty array after all colors are deleted","","Sat May 23 07:52:28 UTC 2026","passed","Sat May 23 07:52:28 UTC 2026","","Server Integration Tests (Testcontainers)","Server Integration Tests (Testcontainers) GET /api/colors should return an empty array after all colors are deleted",""
"","1812","should load the application and verify core functionality across browsers","Firefox","Sat May 23 07:57:43 UTC 2026","passed","Sat May 23 07:57:45 UTC 2026","Cross-Browser Core Functionality","","",""
"Performance Test: UI Performance Test
File: ui-performance.spec.ts
Total Iterations: 1
Max VUs: 1

HTTP Request Duration:
- Avg: 4.75ms
- P(95): 4.75ms
- Max: 4.75ms

Full metrics attached in the results.","37951","UI Performance Test","Performance","Sat May 23 07:55:06 UTC 2026","passed","Sat May 23 07:55:44 UTC 2026","ui-performance.spec.ts","UI Performance Test","",""
"","467","Show error message when the initial colors fetch fails","BDD","Sat May 23 07:57:37 UTC 2026","passed","Sat May 23 07:57:38 UTC 2026","API Error Handling","","",""
"","947","delete API error shows alert banner","Chrome","Sat May 23 07:56:51 UTC 2026","passed","Sat May 23 07:56:52 UTC 2026","Color Management — Add & Delete","tests/color-management.spec.ts","",""
"","505","check Turquoise ( #1abc9c) is the default background color.","Chrome","Sat May 23 07:56:52 UTC 2026","passed","Sat May 23 07:56:52 UTC 2026","","tests/coverage.spec.ts","",""
"","1","Frontend Unit Tests i18n Configuration should have translation keys in resources","","Sat May 23 07:52:33 UTC 2026","passed","Sat May 23 07:52:33 UTC 2026","","Frontend Unit Tests","Frontend Unit Tests i18n Configuration should have translation keys in resources",""
"","823","clicking the backdrop closes the picker","Chrome","Sat May 23 07:56:45 UTC 2026","passed","Sat May 23 07:56:46 UTC 2026","Color Management — Add & Delete","tests/color-management.spec.ts","",""
"","4","Server Unit Tests POST /api/colors returns 400 for invalid hex format (no hash)","","Sat May 23 07:52:25 UTC 2026","passed","Sat May 23 07:52:25 UTC 2026","","Server Unit Tests","Server Unit Tests POST /api/colors returns 400 for invalid hex format (no hash)",""
"","38","Frontend Unit Tests App Component existingNames passed to ColorPicker matches current color list","","Sat May 23 07:52:31 UTC 2026","passed","Sat May 23 07:52:31 UTC 2026","","Frontend Unit Tests","Frontend Unit Tests App Component existingNames passed to ColorPicker matches current color list",""
"","10","Frontend Unit Tests App Component shows error alert when initial fetch returns non-2xx","","Sat May 23 07:52:31 UTC 2026","passed","Sat May 23 07:52:31 UTC 2026","","Frontend Unit Tests","Frontend Unit Tests App Component shows error alert when initial fetch returns non-2xx",""
"","10","Frontend Unit Tests App Component current color span tracks hex value","","Sat May 23 07:52:31 UTC 2026","passed","Sat May 23 07:52:31 UTC 2026","","Frontend Unit Tests","Frontend Unit Tests App Component current color span tracks hex value",""
"","7","Server Integration Tests (Testcontainers) PUT /api/colors/:name should return 404 when updating a non-existent color","","Sat May 23 07:52:28 UTC 2026","passed","Sat May 23 07:52:28 UTC 2026","","Server Integration Tests (Testcontainers)","Server Integration Tests (Testcontainers) PUT /api/colors/:name should return 404 when updating a non-existent color",""
"","10","should reject missing name","Chrome","Sat May 23 07:57:34 UTC 2026","passed","Sat May 23 07:57:34 UTC 2026","Backend API Integration > POST /api/colors Schema Validation","","",""
"","24","Component Tests ColorPicker mousedown at top-center (hue=270) sets hex to #8000ff","","Sat May 23 07:52:31 UTC 2026","passed","Sat May 23 07:52:31 UTC 2026","","Utility Functions","Component Tests ColorPicker mousedown at top-center (hue=270) sets hex to #8000ff",""
"","8","Server Unit Tests GET /api/colors returns JSON content type","","Sat May 23 07:52:25 UTC 2026","passed","Sat May 23 07:52:25 UTC 2026","","Server Unit Tests","Server Unit Tests GET /api/colors returns JSON content type",""
"","4","Server Unit Tests Surviving Mutants & Edge Cases Swagger Metadata & OpenAPI has exact info metadata","","Sat May 23 07:52:25 UTC 2026","passed","Sat May 23 07:52:25 UTC 2026","","Server Unit Tests","Server Unit Tests Surviving Mutants & Edge Cases Swagger Metadata & OpenAPI has exact info metadata",""
"","20","Component Tests ColorPicker touchend stops dragging (touchmove after touchend is ignored)","","Sat May 23 07:52:31 UTC 2026","passed","Sat May 23 07:52:31 UTC 2026","","Utility Functions","Component Tests ColorPicker touchend stops dragging (touchmove after touchend is ignored)",""
"","28","should create a new color with valid schema","Chrome","Sat May 23 07:57:34 UTC 2026","passed","Sat May 23 07:57:34 UTC 2026","Backend API Integration > POST /api/colors Schema Validation","","",""
"","19","GET /api/colors should return colors sorted alphabetically by name","Chrome","Sat May 23 07:57:34 UTC 2026","passed","Sat May 23 07:57:34 UTC 2026","Backend API Integration","","",""
"","1225","shows client-side ""Name is required"" when submitting empty name","Chrome","Sat May 23 07:56:46 UTC 2026","passed","Sat May 23 07:56:47 UTC 2026","Color Management — Add & Delete","tests/color-management.spec.ts","",""
"","7","should reject omitting both name and hex on update","Chrome","Sat May 23 07:57:35 UTC 2026","passed","Sat May 23 07:57:35 UTC 2026","Backend API Integration > PUT /api/colors/:name Schema Validation","","",""
"","12","Server Unit Tests Surviving Mutants & Edge Cases OpenAPI Content-Type has application/json content-type","","Sat May 23 07:52:25 UTC 2026","passed","Sat May 23 07:52:25 UTC 2026","","Server Unit Tests","Server Unit Tests Surviving Mutants & Edge Cases OpenAPI Content-Type has application/json content-type",""
"","4","Server Unit Tests OpenAPI endpoints spec includes component schemas","","Sat May 23 07:52:25 UTC 2026","passed","Sat May 23 07:52:25 UTC 2026","","Server Unit Tests","Server Unit Tests OpenAPI endpoints spec includes component schemas",""
"","6","Server Unit Tests 405 Method Not Allowed does not return 405 for allowed DELETE method on /api/colors/:name","","Sat May 23 07:52:25 UTC 2026","passed","Sat May 23 07:52:25 UTC 2026","","Server Unit Tests","Server Unit Tests 405 Method Not Allowed does not return 405 for allowed DELETE method on /api/colors/:name",""
"","0","homepage after color change","Chrome","Sat May 23 08:00:44 UTC 2026","skipped","Sat May 23 08:00:44 UTC 2026","Percy Visual Regression – Production > Percy – tablet (768×1024)","","",""
"","579","should show loading state when API returns empty colors","Chrome","Sat May 23 07:56:59 UTC 2026","passed","Sat May 23 07:57:00 UTC 2026","UI Error Handling Coverage","tests/error-handling.spec.ts","",""
"","61","GET /api/colors/{name}","","","passed","","","schemathesis","",""
"","12","Server Integration Tests (Testcontainers) GET /api/colors/:name should return correct data for Turquoise","","Sat May 23 07:52:28 UTC 2026","passed","Sat May 23 07:52:28 UTC 2026","","Server Integration Tests (Testcontainers)","Server Integration Tests (Testcontainers) GET /api/colors/:name should return correct data for Turquoise",""
"","47","Server Unit Tests GET /api/colors returns all seeded colors with correct names and hex values","","Sat May 23 07:52:25 UTC 2026","passed","Sat May 23 07:52:25 UTC 2026","","Server Unit Tests","Server Unit Tests GET /api/colors returns all seeded colors with correct names and hex values",""
"","3","Server Unit Tests 405 Method Not Allowed sets the Allow header on /api/colors with correct methods","","Sat May 23 07:52:25 UTC 2026","passed","Sat May 23 07:52:25 UTC 2026","","Server Unit Tests","Server Unit Tests 405 Method Not Allowed sets the Allow header on /api/colors with correct methods",""
"","37","Frontend Unit Tests App Component active chip has is-active CSS class","","Sat May 23 07:52:31 UTC 2026","passed","Sat May 23 07:52:31 UTC 2026","","Frontend Unit Tests","Frontend Unit Tests App Component active chip has is-active CSS class",""
"","11","Component Tests ColorPicker typing an invalid hex shows ""Use format #RRGGBB"" error","","Sat May 23 07:52:31 UTC 2026","passed","Sat May 23 07:52:31 UTC 2026","","Utility Functions","Component Tests ColorPicker typing an invalid hex shows ""Use format #RRGGBB"" error",""
"","7","Server Unit Tests 405 Method Not Allowed returns 405 for POST, PUT, DELETE on /api-docs","","Sat May 23 07:52:25 UTC 2026","passed","Sat May 23 07:52:25 UTC 2026","","Server Unit Tests","Server Unit Tests 405 Method Not Allowed returns 405 for POST, PUT, DELETE on /api-docs",""
"","0","homepage after color change","Chrome","Sat May 23 08:00:44 UTC 2026","skipped","Sat May 23 08:00:44 UTC 2026","Percy Visual Regression – Production > Percy – mobile (375×667)","","",""
"","4","Server Unit Tests Surviving Mutants & Edge Cases Swagger JSDoc Integration kills apis array mutants by verifying JSDoc content is present","","Sat May 23 07:52:25 UTC 2026","passed","Sat May 23 07:52:25 UTC 2026","","Server Unit Tests","Server Unit Tests Surviving Mutants & Edge Cases Swagger JSDoc Integration kills apis array mutants by verifying JSDoc content is present",""
"","98","Frontend Unit Tests App Component handleColorClick does nothing when data is null","","Sat May 23 07:52:31 UTC 2026","passed","Sat May 23 07:52:31 UTC 2026","","Frontend Unit Tests","Frontend Unit Tests App Component handleColorClick does nothing when data is null",""
"","9","Component Tests ColorPicker displays serverError prop in an alert banner","","Sat May 23 07:52:31 UTC 2026","passed","Sat May 23 07:52:31 UTC 2026","","Utility Functions","Component Tests ColorPicker displays serverError prop in an alert banner",""
"","693","verify language switcher changes document language","Chrome","Sat May 23 07:56:55 UTC 2026","passed","Sat May 23 07:56:56 UTC 2026","","tests/coverage.spec.ts","",""
"","1","Frontend Unit Tests i18n Configuration should have defined resources for en, es, el","","Sat May 23 07:52:33 UTC 2026","passed","Sat May 23 07:52:33 UTC 2026","","Frontend Unit Tests","Frontend Unit Tests i18n Configuration should have defined resources for en, es, el",""
"","4","Server Unit Tests Middleware does not include X-Powered-By header","","Sat May 23 07:52:25 UTC 2026","passed","Sat May 23 07:52:25 UTC 2026","","Server Unit Tests","Server Unit Tests Middleware does not include X-Powered-By header",""
"","11","Server Unit Tests Surviving Mutants & Edge Cases Regex & Validation STRICT_NAME_REGEX kills mutants on optionality and length","","Sat May 23 07:52:25 UTC 2026","passed","Sat May 23 07:52:25 UTC 2026","","Server Unit Tests","Server Unit Tests Surviving Mutants & Edge Cases Regex & Validation STRICT_NAME_REGEX kills mutants on optionality and length",""
"","5","Server Unit Tests DELETE /api/colors/:name returns 404 for a non-existent color","","Sat May 23 07:52:25 UTC 2026","passed","Sat May 23 07:52:25 UTC 2026","","Server Unit Tests","Server Unit Tests DELETE /api/colors/:name returns 404 for a non-existent color",""
"","1756","deleting the active color switches background to the first remaining","Chrome","Sat May 23 07:56:50 UTC 2026","passed","Sat May 23 07:56:52 UTC 2026","Color Management — Add & Delete","tests/color-management.spec.ts","",""
"","19","should delete an existing color","Chrome","Sat May 23 07:57:35 UTC 2026","passed","Sat May 23 07:57:35 UTC 2026","Backend API Integration > DELETE /api/colors/:name","","",""
"","9","Server Unit Tests Surviving Mutants & Edge Cases Regex & Validation STRICT_NAME_REGEX kills mutants by testing multiple spaces in the middle and rejecting pluses","","Sat May 23 07:52:25 UTC 2026","passed","Sat May 23 07:52:25 UTC 2026","","Server Unit Tests","Server Unit Tests Surviving Mutants & Edge Cases Regex & Validation STRICT_NAME_REGEX kills mutants by testing multiple spaces in the middle and rejecting pluses",""
"","29","Component Tests ColorPicker submit with duplicate name (client-side) shows duplicate error","","Sat May 23 07:52:31 UTC 2026","passed","Sat May 23 07:52:31 UTC 2026","","Utility Functions","Component Tests ColorPicker submit with duplicate name (client-side) shows duplicate error",""
"","0","Utility Functions hslToRgb lightness=1 gives white","","Sat May 23 07:52:31 UTC 2026","passed","Sat May 23 07:52:31 UTC 2026","","Utility Functions","Utility Functions hslToRgb lightness=1 gives white",""
"","649","handle color selection fetch error","Chrome","Sat May 23 07:56:56 UTC 2026","passed","Sat May 23 07:56:57 UTC 2026","Edge cases and error handling","tests/coverage.spec.ts","",""
"","0","Utility Functions readableOn returns #111 for turquoise (L≈0.39, black gives better contrast)","","Sat May 23 07:52:31 UTC 2026","passed","Sat May 23 07:52:31 UTC 2026","","Utility Functions","Utility Functions readableOn returns #111 for turquoise (L≈0.39, black gives better contrast)",""
"","460","Example #3","BDD","Sat May 23 07:57:40 UTC 2026","passed","Sat May 23 07:57:41 UTC 2026","Language Switching > Switch language and verify translated UI labels","","",""
"Performance Test: API Performance Test
File: api-performance.spec.ts
Total Iterations: 1
Max VUs: 1

HTTP Request Duration:
- Avg: 6.41ms
- P(95): 14.58ms
- Max: 16.99ms

Full metrics attached in the results.","1778","API Performance Test","Performance","Sat May 23 07:53:54 UTC 2026","passed","Sat May 23 07:53:55 UTC 2026","api-performance.spec.ts","API Performance Test","",""
"","10","Frontend Unit Tests App Component shows error alert when initial fetch fails","","Sat May 23 07:52:31 UTC 2026","passed","Sat May 23 07:52:31 UTC 2026","","Frontend Unit Tests","Frontend Unit Tests App Component shows error alert when initial fetch fails",""
"","0","Utility Functions rgbToHsl mid-grey [128,128,128] → s=0","","Sat May 23 07:52:31 UTC 2026","passed","Sat May 23 07:52:31 UTC 2026","","Utility Functions","Utility Functions rgbToHsl mid-grey [128,128,128] → s=0",""
"","796","should display colors that do not exist in the database","Chrome","Sat May 23 07:57:01 UTC 2026","passed","Sat May 23 07:57:02 UTC 2026","Network Mocking & Interception","tests/network-mocking.spec.ts","",""
"","2746","PUT /api/colors/{name}","","","passed","","","schemathesis","",""
"","567","first color chip is active on load (aria-pressed=true)","Chrome","Sat May 23 07:56:41 UTC 2026","passed","Sat May 23 07:56:42 UTC 2026","Color Management — Add & Delete","tests/color-management.spec.ts","",""
"","6","Server Integration Tests (Testcontainers) Method Not Allowed should return 405 for PATCH /api/colors/:name","","Sat May 23 07:52:28 UTC 2026","passed","Sat May 23 07:52:28 UTC 2026","","Server Integration Tests (Testcontainers)","Server Integration Tests (Testcontainers) Method Not Allowed should return 405 for PATCH /api/colors/:name",""
"","9","Server Integration Tests (Testcontainers) GET /api/colors/:name should return correct data for Red","","Sat May 23 07:52:28 UTC 2026","passed","Sat May 23 07:52:28 UTC 2026","","Server Integration Tests (Testcontainers)","Server Integration Tests (Testcontainers) GET /api/colors/:name should return correct data for Red",""
"","679","homepage should match snapshot","Chrome","Sat May 23 08:00:41 UTC 2026","passed","Sat May 23 08:00:42 UTC 2026","Visual Regression – iphone-se (375×667)","","",""
"","25","Component Tests ColorPicker mousedown at left-center (hue=180) sets hex to #00ffff","","Sat May 23 07:52:31 UTC 2026","passed","Sat May 23 07:52:31 UTC 2026","","Utility Functions","Component Tests ColorPicker mousedown at left-center (hue=180) sets hex to #00ffff",""
"","6","Component Tests ConfirmDialog backdrop click does NOT call onCancel when busy","","Sat May 23 07:52:31 UTC 2026","passed","Sat May 23 07:52:31 UTC 2026","","Component Tests","Component Tests ConfirmDialog backdrop click does NOT call onCancel when busy",""
"","691","handle color response missing hex property","Chrome","Sat May 23 07:56:57 UTC 2026","passed","Sat May 23 07:56:57 UTC 2026","Edge cases and error handling","tests/coverage.spec.ts","",""
"","15","Component Tests ColorPicker typing a valid hex without # prefix is accepted","","Sat May 23 07:52:31 UTC 2026","passed","Sat May 23 07:52:31 UTC 2026","","Utility Functions","Component Tests ColorPicker typing a valid hex without # prefix is accepted",""
"","6","Server Unit Tests Surviving Mutants & Edge Cases Rate Limiting & Security kills mutants by verifying x-ratelimit headers","","Sat May 23 07:52:25 UTC 2026","passed","Sat May 23 07:52:25 UTC 2026","","Server Unit Tests","Server Unit Tests Surviving Mutants & Edge Cases Rate Limiting & Security kills mutants by verifying x-ratelimit headers",""
"","53","Frontend Unit Tests App Component handleColorClick clears previous error on new successful click","","Sat May 23 07:52:31 UTC 2026","passed","Sat May 23 07:52:31 UTC 2026","","Frontend Unit Tests","Frontend Unit Tests App Component handleColorClick clears previous error on new successful click",""
"","67","Frontend Unit Tests App Component handles empty array from initial fetch gracefully","","Sat May 23 07:52:31 UTC 2026","passed","Sat May 23 07:52:31 UTC 2026","","Frontend Unit Tests","Frontend Unit Tests App Component handles empty array from initial fetch gracefully",""
"","9","should return 404 when updating non-existent color","Chrome","Sat May 23 07:57:35 UTC 2026","passed","Sat May 23 07:57:35 UTC 2026","Backend API Integration > PUT /api/colors/:name Schema Validation","","",""
"","66","Frontend Unit Tests App Component picker onCancel does nothing when saving=true","","Sat May 23 07:52:31 UTC 2026","passed","Sat May 23 07:52:31 UTC 2026","","Frontend Unit Tests","Frontend Unit Tests App Component picker onCancel does nothing when saving=true",""
"","3","Server Unit Tests PUT /api/colors/:name returns 400 for invalid hex on update","","Sat May 23 07:52:25 UTC 2026","passed","Sat May 23 07:52:25 UTC 2026","","Server Unit Tests","Server Unit Tests PUT /api/colors/:name returns 400 for invalid hex on update",""
"","955","homepage should match snapshot","Chrome","Sat May 23 08:00:43 UTC 2026","passed","Sat May 23 08:00:44 UTC 2026","Visual Regression – tablet (768×1024)","","",""
"","21","GET /api/colors","","","passed","","","schemathesis","",""
"","9","Component Tests ConfirmDialog swatch div has the correct background color","","Sat May 23 07:52:31 UTC 2026","passed","Sat May 23 07:52:31 UTC 2026","","Component Tests","Component Tests ConfirmDialog swatch div has the correct background color",""
"","26","Component Tests ColorPicker submit with invalid chars shows validation error","","Sat May 23 07:52:31 UTC 2026","passed","Sat May 23 07:52:31 UTC 2026","","Utility Functions","Component Tests ColorPicker submit with invalid chars shows validation error",""
"","10","NoSQL injection object in name is rejected (400)","Chrome","Sat May 23 07:56:23 UTC 2026","passed","Sat May 23 07:56:23 UTC 2026","Security > Injection Prevention","tests/security.spec.ts","",""
"","10","Server Unit Tests PUT /api/colors/:name updates the hex of an existing color","","Sat May 23 07:52:25 UTC 2026","passed","Sat May 23 07:52:25 UTC 2026","","Server Unit Tests","Server Unit Tests PUT /api/colors/:name updates the hex of an existing color",""
"","7","Component Tests ConfirmDialog Escape key calls onCancel when not busy","","Sat May 23 07:52:31 UTC 2026","passed","Sat May 23 07:52:31 UTC 2026","","Component Tests","Component Tests ConfirmDialog Escape key calls onCancel when not busy",""
