"DESCRIPTION","DURATION IN MS","NAME","PARENT SUITE","START TIME","STATUS","STOP TIME","SUB SUITE","SUITE","TEST CLASS","TEST METHOD"
"","178","GET /api/colors/Red should return the correct hex code","Chrome","Thu May 28 14:37:41 UTC 2026","passed","Thu May 28 14:37:41 UTC 2026","Backend API Integration","","",""
"","6","Server Unit Tests GET /api/colors/:name returns Turquoise color correctly","","Thu May 28 14:26:26 UTC 2026","passed","Thu May 28 14:26:26 UTC 2026","","Server Unit Tests","Server Unit Tests GET /api/colors/:name returns Turquoise color correctly",""
"","6","Server Integration Tests (Testcontainers) Method Not Allowed should return 405 for PATCH /api/colors/:name","","Thu May 28 14:26:35 UTC 2026","passed","Thu May 28 14:26:35 UTC 2026","","Server Integration Tests (Testcontainers)","Server Integration Tests (Testcontainers) Method Not Allowed should return 405 for PATCH /api/colors/:name",""
"","854","homepage should match snapshot","Chrome","Thu May 28 14:32:51 UTC 2026","passed","Thu May 28 14:32:52 UTC 2026","Visual Regression – iphone-landscape (667×375)","","",""
"","5","Server Unit Tests POST /api/colors returns 409 for a duplicate color name with descriptive error","","Thu May 28 14:26:26 UTC 2026","passed","Thu May 28 14:26:26 UTC 2026","","Server Unit Tests","Server Unit Tests POST /api/colors returns 409 for a duplicate color name with descriptive error",""
"","336","Server Unit Tests Surviving Mutants & Edge Cases Infrastructure uses default MONGO_URI when process.env.MONGO_URI is missing","","Thu May 28 14:26:26 UTC 2026","passed","Thu May 28 14:26:26 UTC 2026","","Server Unit Tests","Server Unit Tests Surviving Mutants & Edge Cases Infrastructure uses default MONGO_URI when process.env.MONGO_URI is missing",""
"","5","Server Integration Tests (Testcontainers) DELETE /api/colors/:name should return 400 for invalid name format","","Thu May 28 14:26:35 UTC 2026","passed","Thu May 28 14:26:35 UTC 2026","","Server Integration Tests (Testcontainers)","Server Integration Tests (Testcontainers) DELETE /api/colors/:name should return 400 for invalid name format",""
"","14","Component Tests ColorPicker Add color button shows ""Saving…"" when saving=true","","Thu May 28 14:26:15 UTC 2026","passed","Thu May 28 14:26:15 UTC 2026","","Utility Functions","Component Tests ColorPicker Add color button shows ""Saving…"" when saving=true",""
"","56","Frontend Unit Tests App Component delete API error shows error alert without closing dialog","","Thu May 28 14:26:15 UTC 2026","passed","Thu May 28 14:26:15 UTC 2026","","Frontend Unit Tests","Frontend Unit Tests App Component delete API error shows error alert without closing dialog",""
"","18","GET /api/colors","","","passed","","","schemathesis","",""
"","20","Component Tests ColorPicker mousemove without prior mousedown (not dragging) does not change color","","Thu May 28 14:26:15 UTC 2026","passed","Thu May 28 14:26:15 UTC 2026","","Utility Functions","Component Tests ColorPicker mousemove without prior mousedown (not dragging) does not change color",""
"","307","GET /api/colors should return colors sorted alphabetically by name","Chrome","Thu May 28 14:37:46 UTC 2026","passed","Thu May 28 14:37:46 UTC 2026","Backend API Integration","","",""
"","6","Server Integration Tests (Testcontainers) Method Not Allowed should return 405 for PATCH /api/colors","","Thu May 28 14:26:35 UTC 2026","passed","Thu May 28 14:26:35 UTC 2026","","Server Integration Tests (Testcontainers)","Server Integration Tests (Testcontainers) Method Not Allowed should return 405 for PATCH /api/colors",""
"","23","Frontend Unit Tests App Component text color on dark background is white","","Thu May 28 14:26:15 UTC 2026","passed","Thu May 28 14:26:15 UTC 2026","","Frontend Unit Tests","Frontend Unit Tests App Component text color on dark background is white",""
"","1063","homepage should match snapshot","Chrome","Thu May 28 14:32:50 UTC 2026","passed","Thu May 28 14:32:51 UTC 2026","Visual Regression – tablet (768×1024)","","",""
"","8","Server Unit Tests GET /api/colors/:name returns 404 for a non-existent color","","Thu May 28 14:26:26 UTC 2026","passed","Thu May 28 14:26:26 UTC 2026","","Server Unit Tests","Server Unit Tests GET /api/colors/:name returns 404 for a non-existent color",""
"","10","Server Integration Tests (Testcontainers) seedDatabase should always restore the three default seed colors","","Thu May 28 14:26:35 UTC 2026","passed","Thu May 28 14:26:35 UTC 2026","","Server Integration Tests (Testcontainers)","Server Integration Tests (Testcontainers) seedDatabase should always restore the three default seed colors",""
"","16","Server Integration Tests (Testcontainers) POST /api/reseed should be idempotent — calling reseed twice always yields exactly 3 colors","","Thu May 28 14:26:35 UTC 2026","passed","Thu May 28 14:26:35 UTC 2026","","Server Integration Tests (Testcontainers)","Server Integration Tests (Testcontainers) POST /api/reseed should be idempotent — calling reseed twice always yields exactly 3 colors",""
"","43","Frontend Unit Tests App Component add color 400 without data.error falls back to generic message","","Thu May 28 14:26:15 UTC 2026","passed","Thu May 28 14:26:15 UTC 2026","","Frontend Unit Tests","Frontend Unit Tests App Component add color 400 without data.error falls back to generic message",""
"","110","Frontend Unit Tests App Component handleColorClick does nothing when data is null","","Thu May 28 14:26:15 UTC 2026","passed","Thu May 28 14:26:15 UTC 2026","","Frontend Unit Tests","Frontend Unit Tests App Component handleColorClick does nothing when data is null",""
"","32","Frontend Unit Tests App Component add color sends POST with correct method, headers, and body","","Thu May 28 14:26:15 UTC 2026","passed","Thu May 28 14:26:15 UTC 2026","","Frontend Unit Tests","Frontend Unit Tests App Component add color sends POST with correct method, headers, and body",""
"","4","Server Unit Tests OpenAPI endpoints serves the OpenAPI JSON spec with exact metadata","","Thu May 28 14:26:26 UTC 2026","passed","Thu May 28 14:26:26 UTC 2026","","Server Unit Tests","Server Unit Tests OpenAPI endpoints serves the OpenAPI JSON spec with exact metadata",""
"","5","Server Integration Tests (Testcontainers) PUT /api/colors/:name should return 400 for invalid name in URL path","","Thu May 28 14:26:35 UTC 2026","passed","Thu May 28 14:26:35 UTC 2026","","Server Integration Tests (Testcontainers)","Server Integration Tests (Testcontainers) PUT /api/colors/:name should return 400 for invalid name in URL path",""
"","46","Frontend Unit Tests App Component learn react link has correct text","","Thu May 28 14:26:15 UTC 2026","passed","Thu May 28 14:26:15 UTC 2026","","Frontend Unit Tests","Frontend Unit Tests App Component learn react link has correct text",""
"","1286","verify Turquoise ( #1abc9c ) is applied as the background color","Chrome","Thu May 28 14:41:21 UTC 2026","passed","Thu May 28 14:41:22 UTC 2026","POM Refactored: Background color tests","","",""
"","0","Utility Functions hslToRgb hue=90 (chartreuse) → [128,255,0]","","Thu May 28 14:26:15 UTC 2026","passed","Thu May 28 14:26:15 UTC 2026","","Utility Functions","Utility Functions hslToRgb hue=90 (chartreuse) → [128,255,0]",""
"","4","Server Unit Tests Surviving Mutants & Edge Cases Swagger Metadata & OpenAPI has exact API info","","Thu May 28 14:26:26 UTC 2026","passed","Thu May 28 14:26:26 UTC 2026","","Server Unit Tests","Server Unit Tests Surviving Mutants & Edge Cases Swagger Metadata & OpenAPI has exact API info",""
"","0","Utility Functions hslToRgb hue=300 (magenta) → [255,0,255]","","Thu May 28 14:26:15 UTC 2026","passed","Thu May 28 14:26:15 UTC 2026","","Utility Functions","Utility Functions hslToRgb hue=300 (magenta) → [255,0,255]",""
"","84","NoSQL injection object in name is rejected (400)","Chrome","Thu May 28 14:41:27 UTC 2026","passed","Thu May 28 14:41:27 UTC 2026","Security > Injection Prevention","","",""
"","178","should return 404 when updating non-existent color","Chrome","Thu May 28 14:37:49 UTC 2026","passed","Thu May 28 14:37:49 UTC 2026","Backend API Integration > PUT /api/colors/:name Schema Validation","","",""
"","8","Server Unit Tests GET /api/colors returns JSON content type","","Thu May 28 14:26:26 UTC 2026","passed","Thu May 28 14:26:26 UTC 2026","","Server Unit Tests","Server Unit Tests GET /api/colors returns JSON content type",""
"","10","Server Integration Tests (Testcontainers) seedDatabase should be idempotent — calling twice always yields exactly 3 colors","","Thu May 28 14:26:35 UTC 2026","passed","Thu May 28 14:26:35 UTC 2026","","Server Integration Tests (Testcontainers)","Server Integration Tests (Testcontainers) seedDatabase should be idempotent — calling twice always yields exactly 3 colors",""
"","46","Frontend Unit Tests App Component handleColorClick encodes color name in URL","","Thu May 28 14:26:15 UTC 2026","passed","Thu May 28 14:26:15 UTC 2026","","Frontend Unit Tests","Frontend Unit Tests App Component handleColorClick encodes color name in URL",""
"","0","Utility Functions paintWheelPixel paints red at right edge (dx=r, dy=0, hue=0)","","Thu May 28 14:26:15 UTC 2026","passed","Thu May 28 14:26:15 UTC 2026","","Utility Functions","Utility Functions paintWheelPixel paints red at right edge (dx=r, dy=0, hue=0)",""
"","46","Frontend Unit Tests App Component add color 409 fallback message when data.error is absent","","Thu May 28 14:26:15 UTC 2026","passed","Thu May 28 14:26:15 UTC 2026","","Frontend Unit Tests","Frontend Unit Tests App Component add color 409 fallback message when data.error is absent",""
"","26","Component Tests ColorPicker mousedown at left-center (hue=180) sets hex to #00ffff","","Thu May 28 14:26:15 UTC 2026","passed","Thu May 28 14:26:15 UTC 2026","","Utility Functions","Component Tests ColorPicker mousedown at left-center (hue=180) sets hex to #00ffff",""
"","24","Component Tests ColorPicker touch start on canvas sets hex to #ff0000 at right edge","","Thu May 28 14:26:15 UTC 2026","passed","Thu May 28 14:26:15 UTC 2026","","Utility Functions","Component Tests ColorPicker touch start on canvas sets hex to #ff0000 at right edge",""
"","15","Component Tests ColorPicker wheel cursor moves to (220,110) after right-edge click (hue=0, sat=1)","","Thu May 28 14:26:15 UTC 2026","passed","Thu May 28 14:26:15 UTC 2026","","Utility Functions","Component Tests ColorPicker wheel cursor moves to (220,110) after right-edge click (hue=0, sat=1)",""
"","1265","close (×) button closes the picker","Chrome","Thu May 28 14:37:51 UTC 2026","passed","Thu May 28 14:37:52 UTC 2026","Color Management — Add & Delete","","",""
"","0","Utility Functions readableOn returns #111 for an invalid/empty hex string (null rgb fallback)","","Thu May 28 14:26:15 UTC 2026","passed","Thu May 28 14:26:15 UTC 2026","","Utility Functions","Utility Functions readableOn returns #111 for an invalid/empty hex string (null rgb fallback)",""
"","833","handle color selection fetch error","Chrome","Thu May 28 14:38:06 UTC 2026","passed","Thu May 28 14:38:07 UTC 2026","Edge cases and error handling","","",""
"","0","Utility Functions readableOn returns #111 for mid-grey (L≈0.35, black gives better contrast)","","Thu May 28 14:26:15 UTC 2026","passed","Thu May 28 14:26:15 UTC 2026","","Utility Functions","Utility Functions readableOn returns #111 for mid-grey (L≈0.35, black gives better contrast)",""
"","41","Component Tests ConfirmDialog confirm button calls onConfirm","","Thu May 28 14:26:15 UTC 2026","passed","Thu May 28 14:26:15 UTC 2026","","Component Tests","Component Tests ConfirmDialog confirm button calls onConfirm",""
"","813","Example #2","BDD","Thu May 28 14:30:36 UTC 2026","passed","Thu May 28 14:30:37 UTC 2026","Language Switching > Switch language and verify translated UI labels","","",""
"","6","Server Unit Tests POST /api/colors returns 400 for name with special characters","","Thu May 28 14:26:26 UTC 2026","passed","Thu May 28 14:26:26 UTC 2026","","Server Unit Tests","Server Unit Tests POST /api/colors returns 400 for name with special characters",""
"","184","should reject missing name","Chrome","Thu May 28 14:37:47 UTC 2026","passed","Thu May 28 14:37:47 UTC 2026","Backend API Integration > POST /api/colors Schema Validation","","",""
"","11","Component Tests ColorPicker pressing Escape calls onCancel","","Thu May 28 14:26:15 UTC 2026","passed","Thu May 28 14:26:15 UTC 2026","","Utility Functions","Component Tests ColorPicker pressing Escape calls onCancel",""
"","0","homepage initial state","Chrome","Thu May 28 14:32:53 UTC 2026","skipped","Thu May 28 14:32:53 UTC 2026","Percy Visual Regression – Production > Percy – desktop (1280×720)","","",""
"","4","Server Unit Tests POST /api/reseed returns 401 when Authorization header is missing","","Thu May 28 14:26:26 UTC 2026","passed","Thu May 28 14:26:26 UTC 2026","","Server Unit Tests","Server Unit Tests POST /api/reseed returns 401 when Authorization header is missing",""
"","628","Show error message when the initial colors fetch fails","BDD","Thu May 28 14:30:33 UTC 2026","passed","Thu May 28 14:30:34 UTC 2026","API Error Handling","","",""
"","134","POST with script tag in name is rejected (400)","Chrome","Thu May 28 14:41:25 UTC 2026","passed","Thu May 28 14:41:25 UTC 2026","Security > XSS Prevention","","",""
"","5","Server Integration Tests (Testcontainers) POST /api/reseed should return 401 when Authorization header is missing","","Thu May 28 14:26:35 UTC 2026","passed","Thu May 28 14:26:35 UTC 2026","","Server Integration Tests (Testcontainers)","Server Integration Tests (Testcontainers) POST /api/reseed should return 401 when Authorization header is missing",""
"","0","Utility Functions paintWheelPixel writes to the correct index offset in the array","","Thu May 28 14:26:15 UTC 2026","passed","Thu May 28 14:26:15 UTC 2026","","Utility Functions","Utility Functions paintWheelPixel writes to the correct index offset in the array",""
"","458","should create a new color with valid schema","Chrome","Thu May 28 14:37:46 UTC 2026","passed","Thu May 28 14:37:47 UTC 2026","Backend API Integration > POST /api/colors Schema Validation","","",""
"","6","Component Tests ConfirmDialog backdrop click does NOT call onCancel when busy","","Thu May 28 14:26:15 UTC 2026","passed","Thu May 28 14:26:15 UTC 2026","","Component Tests","Component Tests ConfirmDialog backdrop click does NOT call onCancel when busy",""
"","66","Frontend Unit Tests App Component handles non-array initial fetch response gracefully","","Thu May 28 14:26:15 UTC 2026","passed","Thu May 28 14:26:15 UTC 2026","","Frontend Unit Tests","Frontend Unit Tests App Component handles non-array initial fetch response gracefully",""
"","5","Server Unit Tests Surviving Mutants & Edge Cases Regex & Validation Zod required_error messages are correct","","Thu May 28 14:26:26 UTC 2026","passed","Thu May 28 14:26:26 UTC 2026","","Server Unit Tests","Server Unit Tests Surviving Mutants & Edge Cases Regex & Validation Zod required_error messages are correct",""
"","261","GET /api/colors/Yellow should return the correct hex code","Chrome","Thu May 28 14:37:43 UTC 2026","failed","Thu May 28 14:37:43 UTC 2026","Backend API Integration","","",""
"","311","Server Unit Tests Surviving Mutants & Edge Cases Port Fallback uses default PORT 5001 when process.env.PORT is missing","","Thu May 28 14:26:26 UTC 2026","passed","Thu May 28 14:26:26 UTC 2026","","Server Unit Tests","Server Unit Tests Surviving Mutants & Edge Cases Port Fallback uses default PORT 5001 when process.env.PORT is missing",""
"","19","Server Integration Tests (Testcontainers) POST /api/reseed should reseed the database to the three default colors with a valid token","","Thu May 28 14:26:35 UTC 2026","passed","Thu May 28 14:26:35 UTC 2026","","Server Integration Tests (Testcontainers)","Server Integration Tests (Testcontainers) POST /api/reseed should reseed the database to the three default colors with a valid token",""
"","30","Server Unit Tests Surviving Mutants & Edge Cases Strict Path & Method Validation kills allowedMethods mutants by exhaustive testing","","Thu May 28 14:26:26 UTC 2026","passed","Thu May 28 14:26:26 UTC 2026","","Server Unit Tests","Server Unit Tests Surviving Mutants & Edge Cases Strict Path & Method Validation kills allowedMethods mutants by exhaustive testing",""
"","0","Utility Functions readableOn returns #111 for turquoise (L≈0.39, black gives better contrast)","","Thu May 28 14:26:15 UTC 2026","passed","Thu May 28 14:26:15 UTC 2026","","Utility Functions","Utility Functions readableOn returns #111 for turquoise (L≈0.39, black gives better contrast)",""
"","973","handle initial fetch with empty data","Chrome","Thu May 28 14:38:05 UTC 2026","passed","Thu May 28 14:38:06 UTC 2026","Edge cases and error handling","","",""
"","67","Server Integration Tests (Testcontainers) GET /api/colors should retrieve all seeded colors","","Thu May 28 14:26:35 UTC 2026","passed","Thu May 28 14:26:35 UTC 2026","","Server Integration Tests (Testcontainers)","Server Integration Tests (Testcontainers) GET /api/colors should retrieve all seeded colors",""
"","11","Component Tests ColorPicker wheel cursor is at (110,110) at center (sat=0)","","Thu May 28 14:26:15 UTC 2026","passed","Thu May 28 14:26:15 UTC 2026","","Utility Functions","Component Tests ColorPicker wheel cursor is at (110,110) at center (sat=0)",""
"","88","Frontend Unit Tests App Component clicking a color chip makes it active","","Thu May 28 14:26:15 UTC 2026","passed","Thu May 28 14:26:15 UTC 2026","","Frontend Unit Tests","Frontend Unit Tests App Component clicking a color chip makes it active",""
"","5","Server Unit Tests PUT /api/colors/:name returns 404 for a non-existent color","","Thu May 28 14:26:26 UTC 2026","passed","Thu May 28 14:26:26 UTC 2026","","Server Unit Tests","Server Unit Tests PUT /api/colors/:name returns 404 for a non-existent color",""
"","4","Server Unit Tests POST /api/reseed returns 405 for PUT on /api/reseed","","Thu May 28 14:26:26 UTC 2026","passed","Thu May 28 14:26:26 UTC 2026","","Server Unit Tests","Server Unit Tests POST /api/reseed returns 405 for PUT on /api/reseed",""
"","6367","should maintain accessibility in el language and verify resilient locators","Chrome","Thu May 28 14:37:33 UTC 2026","failed","Thu May 28 14:37:39 UTC 2026","i18n Accessibility Tests","","",""
"","0","homepage after color change","Chrome","Thu May 28 14:32:53 UTC 2026","skipped","Thu May 28 14:32:53 UTC 2026","Percy Visual Regression – Production > Percy – mobile (375×667)","","",""
"","990","clicking ""+ Add color"" opens the picker modal","Chrome","Thu May 28 14:37:50 UTC 2026","passed","Thu May 28 14:37:51 UTC 2026","Color Management — Add & Delete","","",""
"","90","Frontend Unit Tests App Component confirm dialog cancel does nothing when deleting=true","","Thu May 28 14:26:15 UTC 2026","passed","Thu May 28 14:26:15 UTC 2026","","Frontend Unit Tests","Frontend Unit Tests App Component confirm dialog cancel does nothing when deleting=true",""
"","0","Frontend Unit Tests i18n Configuration should be initialized with correct settings","","Thu May 28 14:26:17 UTC 2026","passed","Thu May 28 14:26:17 UTC 2026","","Frontend Unit Tests","Frontend Unit Tests i18n Configuration should be initialized with correct settings",""
"","83","should reject invalid hex format","Chrome","Thu May 28 14:37:48 UTC 2026","passed","Thu May 28 14:37:48 UTC 2026","Backend API Integration > POST /api/colors Schema Validation","","",""
"","7","Server Unit Tests GET /api/colors/:name returns a single color by name with correct fields","","Thu May 28 14:26:26 UTC 2026","passed","Thu May 28 14:26:26 UTC 2026","","Server Unit Tests","Server Unit Tests GET /api/colors/:name returns a single color by name with correct fields",""
"","956","should gracefully handle a color not found in the database","Chrome","Thu May 28 14:41:21 UTC 2026","passed","Thu May 28 14:41:22 UTC 2026","Network Mocking & Interception","","",""
"","7","Component Tests ConfirmDialog backdrop click calls onCancel when not busy","","Thu May 28 14:26:15 UTC 2026","passed","Thu May 28 14:26:15 UTC 2026","","Component Tests","Component Tests ConfirmDialog backdrop click calls onCancel when not busy",""
"","7","Server Unit Tests Surviving Mutants & Edge Cases Rate Limiting & Security kills mutants by verifying x-powered-by is removed","","Thu May 28 14:26:26 UTC 2026","passed","Thu May 28 14:26:26 UTC 2026","","Server Unit Tests","Server Unit Tests Surviving Mutants & Edge Cases Rate Limiting & Security kills mutants by verifying x-powered-by is removed",""
"","877","should handle color click network failure gracefully","Chrome","Thu May 28 14:41:15 UTC 2026","passed","Thu May 28 14:41:16 UTC 2026","UI Error Handling Coverage","","",""
"","5","Server Integration Tests (Testcontainers) POST /api/reseed should return 405 for GET on /api/reseed","","Thu May 28 14:26:35 UTC 2026","passed","Thu May 28 14:26:35 UTC 2026","","Server Integration Tests (Testcontainers)","Server Integration Tests (Testcontainers) POST /api/reseed should return 405 for GET on /api/reseed",""
"","22","Component Tests ColorPicker lightness slider min value (0) gives black","","Thu May 28 14:26:15 UTC 2026","passed","Thu May 28 14:26:15 UTC 2026","","Utility Functions","Component Tests ColorPicker lightness slider min value (0) gives black",""
"","12","Server Integration Tests (Testcontainers) Concurrent writes should handle parallel GETs without errors","","Thu May 28 14:26:35 UTC 2026","passed","Thu May 28 14:26:35 UTC 2026","","Server Integration Tests (Testcontainers)","Server Integration Tests (Testcontainers) Concurrent writes should handle parallel GETs without errors",""
"","5","Server Unit Tests OpenAPI endpoints spec includes component schemas","","Thu May 28 14:26:26 UTC 2026","passed","Thu May 28 14:26:26 UTC 2026","","Server Unit Tests","Server Unit Tests OpenAPI endpoints spec includes component schemas",""
"","24","Component Tests ColorPicker mousedown at right-center (hue=0) sets hex to #ff0000","","Thu May 28 14:26:15 UTC 2026","passed","Thu May 28 14:26:15 UTC 2026","","Utility Functions","Component Tests ColorPicker mousedown at right-center (hue=0) sets hex to #ff0000",""
"","62","Frontend Unit Tests App Component handleColorClick clears previous error on new successful click","","Thu May 28 14:26:15 UTC 2026","passed","Thu May 28 14:26:15 UTC 2026","","Frontend Unit Tests","Frontend Unit Tests App Component handleColorClick clears previous error on new successful click",""
"","7","Server Integration Tests (Testcontainers) POST /api/colors should return 400 when name is missing","","Thu May 28 14:26:35 UTC 2026","passed","Thu May 28 14:26:35 UTC 2026","","Server Integration Tests (Testcontainers)","Server Integration Tests (Testcontainers) POST /api/colors should return 400 when name is missing",""
"","25","Frontend Unit Tests App Component link color is dark (#003366) on light background","","Thu May 28 14:26:15 UTC 2026","passed","Thu May 28 14:26:15 UTC 2026","","Frontend Unit Tests","Frontend Unit Tests App Component link color is dark (#003366) on light background",""
"","40","Server Unit Tests GET /api/colors returns all seeded colors with correct names and hex values","","Thu May 28 14:26:26 UTC 2026","passed","Thu May 28 14:26:26 UTC 2026","","Server Unit Tests","Server Unit Tests GET /api/colors returns all seeded colors with correct names and hex values",""
"","45","Frontend Unit Tests App Component add color 500 shows server error message","","Thu May 28 14:26:15 UTC 2026","passed","Thu May 28 14:26:15 UTC 2026","","Frontend Unit Tests","Frontend Unit Tests App Component add color 500 shows server error message",""
"","84","DELETE /api/colors (collection) returns 405","Chrome","Thu May 28 14:41:28 UTC 2026","passed","Thu May 28 14:41:28 UTC 2026","Security > HTTP Method Restrictions","","",""
"","3","Server Unit Tests POST /api/reseed returns 405 for GET on /api/reseed","","Thu May 28 14:26:26 UTC 2026","passed","Thu May 28 14:26:26 UTC 2026","","Server Unit Tests","Server Unit Tests POST /api/reseed returns 405 for GET on /api/reseed",""
"","24","Component Tests ColorPicker typing a valid hex clears the hex error and updates preview","","Thu May 28 14:26:15 UTC 2026","passed","Thu May 28 14:26:15 UTC 2026","","Utility Functions","Component Tests ColorPicker typing a valid hex clears the hex error and updates preview",""
"","22","Frontend Unit Tests App Component shows add-color button even when colors are empty","","Thu May 28 14:26:15 UTC 2026","passed","Thu May 28 14:26:15 UTC 2026","","Frontend Unit Tests","Frontend Unit Tests App Component shows add-color button even when colors are empty",""
"","5","Server Unit Tests POST /api/colors returns 400 when name is missing","","Thu May 28 14:26:26 UTC 2026","passed","Thu May 28 14:26:26 UTC 2026","","Server Unit Tests","Server Unit Tests POST /api/colors returns 400 when name is missing",""
"","4","Server Unit Tests PUT /api/colors/:name returns 400 for extra unknown fields (strict schema)","","Thu May 28 14:26:26 UTC 2026","passed","Thu May 28 14:26:26 UTC 2026","","Server Unit Tests","Server Unit Tests PUT /api/colors/:name returns 400 for extra unknown fields (strict schema)",""
"","10","Server Unit Tests seedDatabase clears existing colors and re-seeds with 3 defaults","","Thu May 28 14:26:26 UTC 2026","passed","Thu May 28 14:26:26 UTC 2026","","Server Unit Tests","Server Unit Tests seedDatabase clears existing colors and re-seeds with 3 defaults",""
"","12","Server Integration Tests (Testcontainers) PUT /api/colors/:name should update the hex of an existing color and persist it in the real database","","Thu May 28 14:26:35 UTC 2026","passed","Thu May 28 14:26:35 UTC 2026","","Server Integration Tests (Testcontainers)","Server Integration Tests (Testcontainers) PUT /api/colors/:name should update the hex of an existing color and persist it in the real database",""
"","0","Utility Functions paintWheelPixel anti-aliases the outermost ring: dist=r gives alpha=0","","Thu May 28 14:26:15 UTC 2026","passed","Thu May 28 14:26:15 UTC 2026","","Utility Functions","Utility Functions paintWheelPixel anti-aliases the outermost ring: dist=r gives alpha=0",""
"","32","Component Tests ColorPicker submit is blocked when hex input has an error","","Thu May 28 14:26:15 UTC 2026","passed","Thu May 28 14:26:15 UTC 2026","","Utility Functions","Component Tests ColorPicker submit is blocked when hex input has an error",""
"","17","Server Integration Tests (Testcontainers) seedDatabase should clear custom colors when re-seeded","","Thu May 28 14:26:35 UTC 2026","passed","Thu May 28 14:26:35 UTC 2026","","Server Integration Tests (Testcontainers)","Server Integration Tests (Testcontainers) seedDatabase should clear custom colors when re-seeded",""
"","10","Component Tests ColorPicker backdrop dismiss button is aria-hidden and not in tab order","","Thu May 28 14:26:15 UTC 2026","passed","Thu May 28 14:26:15 UTC 2026","","Utility Functions","Component Tests ColorPicker backdrop dismiss button is aria-hidden and not in tab order",""
"","14","Server Integration Tests (Testcontainers) GET /api/colors should return an empty array after all colors are deleted","","Thu May 28 14:26:35 UTC 2026","passed","Thu May 28 14:26:35 UTC 2026","","Server Integration Tests (Testcontainers)","Server Integration Tests (Testcontainers) GET /api/colors should return an empty array after all colors are deleted",""
"","6","Server Integration Tests (Testcontainers) POST /api/colors should return 400 when hex is missing","","Thu May 28 14:26:35 UTC 2026","passed","Thu May 28 14:26:35 UTC 2026","","Server Integration Tests (Testcontainers)","Server Integration Tests (Testcontainers) POST /api/colors should return 400 when hex is missing",""
"","9","Server Integration Tests (Testcontainers) PUT /api/colors/:name should update both name and hex simultaneously","","Thu May 28 14:26:35 UTC 2026","passed","Thu May 28 14:26:35 UTC 2026","","Server Integration Tests (Testcontainers)","Server Integration Tests (Testcontainers) PUT /api/colors/:name should update both name and hex simultaneously",""
"","21","Component Tests ColorPicker lightness slider max value (100) gives white","","Thu May 28 14:26:15 UTC 2026","passed","Thu May 28 14:26:15 UTC 2026","","Utility Functions","Component Tests ColorPicker lightness slider max value (100) gives white",""
"","6","Frontend Unit Tests App Component current color span tracks hex value","","Thu May 28 14:26:15 UTC 2026","passed","Thu May 28 14:26:15 UTC 2026","","Frontend Unit Tests","Frontend Unit Tests App Component current color span tracks hex value",""
"","0","Utility Functions paintWheelPixel wraps negative angle: dy<0 gives angle+360 (hue=270 → violet)","","Thu May 28 14:26:15 UTC 2026","passed","Thu May 28 14:26:15 UTC 2026","","Utility Functions","Utility Functions paintWheelPixel wraps negative angle: dy<0 gives angle+360 (hue=270 → violet)",""
"","299","Server Unit Tests Surviving Mutants & Edge Cases Port Fallback reflects process.env.PORT in Swagger servers","","Thu May 28 14:26:26 UTC 2026","passed","Thu May 28 14:26:26 UTC 2026","","Server Unit Tests","Server Unit Tests Surviving Mutants & Edge Cases Port Fallback reflects process.env.PORT in Swagger servers",""
"","64","Frontend Unit Tests App Component confirm button shows ""Deleting…"" label while delete is in-flight","","Thu May 28 14:26:15 UTC 2026","passed","Thu May 28 14:26:15 UTC 2026","","Frontend Unit Tests","Frontend Unit Tests App Component confirm button shows ""Deleting…"" label while delete is in-flight",""
"","2589","PUT /api/colors/{name}","","","passed","","","schemathesis","",""
"","69","PUT /openapi.json returns 405","Chrome","Thu May 28 14:41:28 UTC 2026","passed","Thu May 28 14:41:28 UTC 2026","Security > HTTP Method Restrictions","","",""
"","1956","should load the application and verify core functionality across browsers","Firefox","Thu May 28 14:30:40 UTC 2026","passed","Thu May 28 14:30:42 UTC 2026","Cross-Browser Core Functionality","","",""
"","972","chip-x click opens confirm dialog with color name","Chrome","Thu May 28 14:37:56 UTC 2026","passed","Thu May 28 14:37:57 UTC 2026","Color Management — Add & Delete","","",""
"","1","homepage after color change","Chrome","Thu May 28 14:32:53 UTC 2026","skipped","Thu May 28 14:32:53 UTC 2026","Percy Visual Regression – Production > Percy – tablet (768×1024)","","",""
"","1","mobile color picker workflow","Chrome","Thu May 28 14:32:53 UTC 2026","skipped","Thu May 28 14:32:53 UTC 2026","Percy Visual Regression – Production > Percy – Mobile Interactions","","",""
"","112","Frontend Unit Tests App Component handleColorClick does nothing when data has no hex","","Thu May 28 14:26:15 UTC 2026","passed","Thu May 28 14:26:15 UTC 2026","","Frontend Unit Tests","Frontend Unit Tests App Component handleColorClick does nothing when data has no hex",""
"","10","Server Unit Tests PUT /api/colors/:name updates the hex of an existing color","","Thu May 28 14:26:26 UTC 2026","passed","Thu May 28 14:26:26 UTC 2026","","Server Unit Tests","Server Unit Tests PUT /api/colors/:name updates the hex of an existing color",""
"","1173","POST /api/colors","","","passed","","","schemathesis","",""
"","21","Component Tests ColorPicker mousedown outside circle clamps sat to 1","","Thu May 28 14:26:15 UTC 2026","passed","Thu May 28 14:26:15 UTC 2026","","Utility Functions","Component Tests ColorPicker mousedown outside circle clamps sat to 1",""
"","25","Server Unit Tests POST /api/colors creates a new color and returns 201 with correct body","","Thu May 28 14:26:26 UTC 2026","passed","Thu May 28 14:26:26 UTC 2026","","Server Unit Tests","Server Unit Tests POST /api/colors creates a new color and returns 201 with correct body",""
"","5","Component Tests ConfirmDialog Escape key does NOT call onCancel when busy","","Thu May 28 14:26:15 UTC 2026","passed","Thu May 28 14:26:15 UTC 2026","","Component Tests","Component Tests ConfirmDialog Escape key does NOT call onCancel when busy",""
"","0","Utility Functions hslToRgb hue just below 60 is in sector 0, not sector 1","","Thu May 28 14:26:15 UTC 2026","passed","Thu May 28 14:26:15 UTC 2026","","Utility Functions","Utility Functions hslToRgb hue just below 60 is in sector 0, not sector 1",""
"","5","Server Unit Tests PUT /api/colors/:name updates both name and hex simultaneously","","Thu May 28 14:26:26 UTC 2026","passed","Thu May 28 14:26:26 UTC 2026","","Server Unit Tests","Server Unit Tests PUT /api/colors/:name updates both name and hex simultaneously",""
"","0","Utility Functions hslToRgb hue=360 wraps to hue=0 → [255,0,0]","","Thu May 28 14:26:15 UTC 2026","passed","Thu May 28 14:26:15 UTC 2026","","Utility Functions","Utility Functions hslToRgb hue=360 wraps to hue=0 → [255,0,0]",""
"","782","Example #2","BDD","Thu May 28 14:30:35 UTC 2026","passed","Thu May 28 14:30:36 UTC 2026","Home Page Background Color > Change background color","","",""
"","4","Server Unit Tests PUT /api/colors/:name returns 400 for invalid name with special characters","","Thu May 28 14:26:26 UTC 2026","passed","Thu May 28 14:26:26 UTC 2026","","Server Unit Tests","Server Unit Tests PUT /api/colors/:name returns 400 for invalid name with special characters",""
"","0","Utility Functions paintWheelPixel anti-aliases near-edge pixel: dist=r-0.5 gives alpha=127","","Thu May 28 14:26:15 UTC 2026","passed","Thu May 28 14:26:15 UTC 2026","","Utility Functions","Utility Functions paintWheelPixel anti-aliases near-edge pixel: dist=r-0.5 gives alpha=127",""
"","26","Component Tests ColorPicker duplicate check is case-insensitive","","Thu May 28 14:26:15 UTC 2026","passed","Thu May 28 14:26:15 UTC 2026","","Utility Functions","Component Tests ColorPicker duplicate check is case-insensitive",""
"","4","Server Unit Tests POST /api/colors returns 400 for completely empty body","","Thu May 28 14:26:26 UTC 2026","passed","Thu May 28 14:26:26 UTC 2026","","Server Unit Tests","Server Unit Tests POST /api/colors returns 400 for completely empty body",""
"","39","Frontend Unit Tests App Component active chip has is-active CSS class","","Thu May 28 14:26:15 UTC 2026","passed","Thu May 28 14:26:15 UTC 2026","","Frontend Unit Tests","Frontend Unit Tests App Component active chip has is-active CSS class",""
"","10","Server Integration Tests (Testcontainers) GET /api/colors/:name should return correct data for Turquoise","","Thu May 28 14:26:35 UTC 2026","passed","Thu May 28 14:26:35 UTC 2026","","Server Integration Tests (Testcontainers)","Server Integration Tests (Testcontainers) GET /api/colors/:name should return correct data for Turquoise",""
"","16","Component Tests ColorPicker Escape listener is removed after unmount","","Thu May 28 14:26:15 UTC 2026","passed","Thu May 28 14:26:15 UTC 2026","","Utility Functions","Component Tests ColorPicker Escape listener is removed after unmount",""
"","1387","cancel in confirm dialog closes it without deleting","Chrome","Thu May 28 14:37:57 UTC 2026","passed","Thu May 28 14:37:59 UTC 2026","Color Management — Add & Delete","","",""
"","65","Frontend Unit Tests App Component useEffect runs only once on mount","","Thu May 28 14:26:15 UTC 2026","passed","Thu May 28 14:26:15 UTC 2026","","Frontend Unit Tests","Frontend Unit Tests App Component useEffect runs only once on mount",""
"","1","Utility Functions hexToRgb parses a standard #RRGGBB hex","","Thu May 28 14:26:15 UTC 2026","passed","Thu May 28 14:26:15 UTC 2026","","Utility Functions","Utility Functions hexToRgb parses a standard #RRGGBB hex",""
"","340","Server Unit Tests Surviving Mutants & Edge Cases Infrastructure uses MONGO_URI from environment if available","","Thu May 28 14:26:26 UTC 2026","passed","Thu May 28 14:26:26 UTC 2026","","Server Unit Tests","Server Unit Tests Surviving Mutants & Edge Cases Infrastructure uses MONGO_URI from environment if available",""
"","11","Component Tests ColorPicker non-Enter key on name input does not trigger submit","","Thu May 28 14:26:15 UTC 2026","passed","Thu May 28 14:26:15 UTC 2026","","Utility Functions","Component Tests ColorPicker non-Enter key on name input does not trigger submit",""
"","71","error responses return JSON, not HTML (no info leakage)","Chrome","Thu May 28 14:41:28 UTC 2026","passed","Thu May 28 14:41:28 UTC 2026","Security > Security Headers","","",""
"","6","Server Unit Tests 405 Method Not Allowed does not return 405 for allowed PUT method on /api/colors/:name","","Thu May 28 14:26:26 UTC 2026","passed","Thu May 28 14:26:26 UTC 2026","","Server Unit Tests","Server Unit Tests 405 Method Not Allowed does not return 405 for allowed PUT method on /api/colors/:name",""
"","44","Frontend Unit Tests App Component handleColorClick shows error alert on fetch failure","","Thu May 28 14:26:15 UTC 2026","passed","Thu May 28 14:26:15 UTC 2026","","Frontend Unit Tests","Frontend Unit Tests App Component handleColorClick shows error alert on fetch failure",""
"","4","Server Unit Tests Error Handling DELETE /api/colors/:name returns 500 when database fails","","Thu May 28 14:26:26 UTC 2026","passed","Thu May 28 14:26:26 UTC 2026","","Server Unit Tests","Server Unit Tests Error Handling DELETE /api/colors/:name returns 500 when database fails",""
"Performance Test: API Performance Test
File: api-performance.spec.ts
Total Iterations: 1
Max VUs: 1

HTTP Request Duration:
- Avg: 6.06ms
- P(95): 13.28ms
- Max: 15.25ms

Full metrics attached in the results.","2851","API Performance Test","Performance","Thu May 28 14:27:54 UTC 2026","passed","Thu May 28 14:27:57 UTC 2026","api-performance.spec.ts","API Performance Test","",""
"","1","Frontend Unit Tests i18n Configuration should handle language change correctly","","Thu May 28 14:26:17 UTC 2026","passed","Thu May 28 14:26:17 UTC 2026","","Frontend Unit Tests","Frontend Unit Tests i18n Configuration should handle language change correctly",""
"","24","Component Tests ColorPicker submit with duplicate name (client-side) shows duplicate error","","Thu May 28 14:26:15 UTC 2026","passed","Thu May 28 14:26:15 UTC 2026","","Utility Functions","Component Tests ColorPicker submit with duplicate name (client-side) shows duplicate error",""
"","1","Utility Functions rgbToHsl pure green → h=120, s=1, l=0.5","","Thu May 28 14:26:15 UTC 2026","passed","Thu May 28 14:26:15 UTC 2026","","Utility Functions","Utility Functions rgbToHsl pure green → h=120, s=1, l=0.5",""
"","7","Component Tests ConfirmDialog clicking the card itself does NOT call onCancel","","Thu May 28 14:26:15 UTC 2026","passed","Thu May 28 14:26:15 UTC 2026","","Component Tests","Component Tests ConfirmDialog clicking the card itself does NOT call onCancel",""
"","5","Server Unit Tests POST /api/colors returns 400 for extra unknown fields (strict schema)","","Thu May 28 14:26:26 UTC 2026","passed","Thu May 28 14:26:26 UTC 2026","","Server Unit Tests","Server Unit Tests POST /api/colors returns 400 for extra unknown fields (strict schema)",""
"","3","Frontend Unit Tests i18n Configuration should translate keys correctly","","Thu May 28 14:26:17 UTC 2026","passed","Thu May 28 14:26:17 UTC 2026","","Frontend Unit Tests","Frontend Unit Tests i18n Configuration should translate keys correctly",""
"","25","Component Tests ColorPicker touchend stops dragging (touchmove after touchend is ignored)","","Thu May 28 14:26:15 UTC 2026","passed","Thu May 28 14:26:15 UTC 2026","","Utility Functions","Component Tests ColorPicker touchend stops dragging (touchmove after touchend is ignored)",""
"","23","Component Tests ColorPicker mousemove after mouseup does NOT update color (dragging stopped)","","Thu May 28 14:26:15 UTC 2026","passed","Thu May 28 14:26:15 UTC 2026","","Utility Functions","Component Tests ColorPicker mousemove after mouseup does NOT update color (dragging stopped)",""
"","219","GET /api/colors/:name should return 404 for non-existent color","Chrome","Thu May 28 14:37:46 UTC 2026","passed","Thu May 28 14:37:46 UTC 2026","Backend API Integration","","",""
"","81","NoSQL operator in GET path param is rejected (400 or 404)","Chrome","Thu May 28 14:41:27 UTC 2026","passed","Thu May 28 14:41:27 UTC 2026","Security > Injection Prevention","","",""
"","50","Frontend Unit Tests App Component add color 501 also triggers server error message (>= 500)","","Thu May 28 14:26:15 UTC 2026","passed","Thu May 28 14:26:15 UTC 2026","","Frontend Unit Tests","Frontend Unit Tests App Component add color 501 also triggers server error message (>= 500)",""
"","0","Utility Functions hslToRgb hue=210 (azure) → [0,128,255]","","Thu May 28 14:26:15 UTC 2026","passed","Thu May 28 14:26:15 UTC 2026","","Utility Functions","Utility Functions hslToRgb hue=210 (azure) → [0,128,255]",""
"","0","Utility Functions rgbToHsl g max with b>r (#00ff80) → h near 150","","Thu May 28 14:26:15 UTC 2026","passed","Thu May 28 14:26:15 UTC 2026","","Utility Functions","Utility Functions rgbToHsl g max with b>r (#00ff80) → h near 150",""
"","5","Server Unit Tests Middleware returns 413 for payload too large","","Thu May 28 14:26:26 UTC 2026","passed","Thu May 28 14:26:26 UTC 2026","","Server Unit Tests","Server Unit Tests Middleware returns 413 for payload too large",""
"","7","Server Unit Tests 405 Method Not Allowed returns 405 for POST, PUT, DELETE on /api-docs","","Thu May 28 14:26:26 UTC 2026","passed","Thu May 28 14:26:26 UTC 2026","","Server Unit Tests","Server Unit Tests 405 Method Not Allowed returns 405 for POST, PUT, DELETE on /api-docs",""
"","804","should handle fetch colors network failure gracefully","Chrome","Thu May 28 14:41:14 UTC 2026","passed","Thu May 28 14:41:15 UTC 2026","UI Error Handling Coverage","","",""
"","67","Frontend Unit Tests App Component handles empty array from initial fetch gracefully","","Thu May 28 14:26:15 UTC 2026","passed","Thu May 28 14:26:15 UTC 2026","","Frontend Unit Tests","Frontend Unit Tests App Component handles empty array from initial fetch gracefully",""
"","5","Component Tests ColorPicker serverError banner is absent when serverError is null","","Thu May 28 14:26:15 UTC 2026","passed","Thu May 28 14:26:15 UTC 2026","","Utility Functions","Component Tests ColorPicker serverError banner is absent when serverError is null",""
"","1","Utility Functions hslToRgb hue=270 (violet) → [128,0,255]","","Thu May 28 14:26:15 UTC 2026","passed","Thu May 28 14:26:15 UTC 2026","","Utility Functions","Utility Functions hslToRgb hue=270 (violet) → [128,0,255]",""
"","0","Utility Functions rgbToHsl b max (#0040ff) → h in (180,300)","","Thu May 28 14:26:15 UTC 2026","passed","Thu May 28 14:26:15 UTC 2026","","Utility Functions","Utility Functions rgbToHsl b max (#0040ff) → h in (180,300)",""
"","1","Utility Functions rgbToHex converts arbitrary color","","Thu May 28 14:26:15 UTC 2026","passed","Thu May 28 14:26:15 UTC 2026","","Utility Functions","Utility Functions rgbToHex converts arbitrary color",""
"","4","Server Unit Tests POST /api/colors rejects names with the + character (+ encodes as space in URLs, causing lookup mismatches)","","Thu May 28 14:26:26 UTC 2026","passed","Thu May 28 14:26:26 UTC 2026","","Server Unit Tests","Server Unit Tests POST /api/colors rejects names with the + character (+ encodes as space in URLs, causing lookup mismatches)",""
"","13","Component Tests ColorPicker editing name input calls onClearError to clear server error","","Thu May 28 14:26:15 UTC 2026","passed","Thu May 28 14:26:15 UTC 2026","","Utility Functions","Component Tests ColorPicker editing name input calls onClearError to clear server error",""
"","64","Frontend Unit Tests App Component picker onCancel does nothing when saving=true","","Thu May 28 14:26:15 UTC 2026","passed","Thu May 28 14:26:15 UTC 2026","","Frontend Unit Tests","Frontend Unit Tests App Component picker onCancel does nothing when saving=true",""
"","52","Component Tests ColorPicker mousedown at bottom-center (hue=90) sets hex to #80ff00","","Thu May 28 14:26:15 UTC 2026","passed","Thu May 28 14:26:15 UTC 2026","","Utility Functions","Component Tests ColorPicker mousedown at bottom-center (hue=90) sets hex to #80ff00",""
"","27","Frontend Unit Tests App Component labelFor returns translation for known color (Turquoise)","","Thu May 28 14:26:15 UTC 2026","passed","Thu May 28 14:26:15 UTC 2026","","Frontend Unit Tests","Frontend Unit Tests App Component labelFor returns translation for known color (Turquoise)",""
"","1","Utility Functions hslToRgb hue=330 (rose) → [255,0,128]","","Thu May 28 14:26:15 UTC 2026","passed","Thu May 28 14:26:15 UTC 2026","","Utility Functions","Utility Functions hslToRgb hue=330 (rose) → [255,0,128]",""
"","11","Server Unit Tests Error Handling POST /api/colors returns 500 when database fails (create)","","Thu May 28 14:26:26 UTC 2026","passed","Thu May 28 14:26:26 UTC 2026","","Server Unit Tests","Server Unit Tests Error Handling POST /api/colors returns 500 when database fails (create)",""
"","5","Server Unit Tests POST /api/reseed returns 500 when seedDatabase throws","","Thu May 28 14:26:26 UTC 2026","passed","Thu May 28 14:26:26 UTC 2026","","Server Unit Tests","Server Unit Tests POST /api/reseed returns 500 when seedDatabase throws",""
"","32","Component Tests ConfirmDialog confirmLabel prop is reflected in the button text","","Thu May 28 14:26:15 UTC 2026","passed","Thu May 28 14:26:15 UTC 2026","","Component Tests","Component Tests ConfirmDialog confirmLabel prop is reflected in the button text",""
"","4","Server Unit Tests POST /api/colors returns 400 for invalid hex format (too short)","","Thu May 28 14:26:26 UTC 2026","passed","Thu May 28 14:26:26 UTC 2026","","Server Unit Tests","Server Unit Tests POST /api/colors returns 400 for invalid hex format (too short)",""
"","11","Server Unit Tests POST /api/reseed returns 200 and reseeds the database with a valid token","","Thu May 28 14:26:26 UTC 2026","passed","Thu May 28 14:26:26 UTC 2026","","Server Unit Tests","Server Unit Tests POST /api/reseed returns 200 and reseeds the database with a valid token",""
"","83","Frontend Unit Tests App Component deleting is false again after a failed delete (finally block)","","Thu May 28 14:26:15 UTC 2026","passed","Thu May 28 14:26:15 UTC 2026","","Frontend Unit Tests","Frontend Unit Tests App Component deleting is false again after a failed delete (finally block)",""
"","627","should return 409 for duplicate color creation","Chrome","Thu May 28 14:37:47 UTC 2026","passed","Thu May 28 14:37:47 UTC 2026","Backend API Integration > POST /api/colors Schema Validation","","",""
"","5","Server Unit Tests Middleware handles non-JSON content type gracefully on POST","","Thu May 28 14:26:26 UTC 2026","passed","Thu May 28 14:26:26 UTC 2026","","Server Unit Tests","Server Unit Tests Middleware handles non-JSON content type gracefully on POST",""
"","9","Component Tests ColorPicker clicking inside the card does NOT call onCancel","","Thu May 28 14:26:15 UTC 2026","passed","Thu May 28 14:26:15 UTC 2026","","Utility Functions","Component Tests ColorPicker clicking inside the card does NOT call onCancel",""
"","58","Frontend Unit Tests App Component successful delete removes the color chip","","Thu May 28 14:26:15 UTC 2026","passed","Thu May 28 14:26:15 UTC 2026","","Frontend Unit Tests","Frontend Unit Tests App Component successful delete removes the color chip",""
"","24","Component Tests ColorPicker valid submit calls onConfirm with trimmed name and current hex","","Thu May 28 14:26:15 UTC 2026","passed","Thu May 28 14:26:15 UTC 2026","","Utility Functions","Component Tests ColorPicker valid submit calls onConfirm with trimmed name and current hex",""
"","42","Component Tests ConfirmDialog both buttons are disabled when busy=true","","Thu May 28 14:26:15 UTC 2026","passed","Thu May 28 14:26:15 UTC 2026","","Component Tests","Component Tests ConfirmDialog both buttons are disabled when busy=true",""
"","1091","check Turquoise ( #1abc9c) is the default background color.","Chrome","Thu May 28 14:38:01 UTC 2026","passed","Thu May 28 14:38:02 UTC 2026","","","",""
"","197","should reject missing hex","Chrome","Thu May 28 14:37:48 UTC 2026","passed","Thu May 28 14:37:48 UTC 2026","Backend API Integration > POST /api/colors Schema Validation","","",""
"","0","Utility Functions rgbToHex value 15 pads to 0f","","Thu May 28 14:26:15 UTC 2026","passed","Thu May 28 14:26:15 UTC 2026","","Utility Functions","Utility Functions rgbToHex value 15 pads to 0f",""
"","5","Server Unit Tests 405 Method Not Allowed does not return 405 for allowed DELETE method on /api/colors/:name","","Thu May 28 14:26:26 UTC 2026","passed","Thu May 28 14:26:26 UTC 2026","","Server Unit Tests","Server Unit Tests 405 Method Not Allowed does not return 405 for allowed DELETE method on /api/colors/:name",""
"","29","Frontend Unit Tests App Component clicking Add color button opens picker modal","","Thu May 28 14:26:15 UTC 2026","passed","Thu May 28 14:26:15 UTC 2026","","Frontend Unit Tests","Frontend Unit Tests App Component clicking Add color button opens picker modal",""
"","0","Utility Functions hslToRgb lightness clamped: l=-0.5 gives black","","Thu May 28 14:26:15 UTC 2026","passed","Thu May 28 14:26:15 UTC 2026","","Utility Functions","Utility Functions hslToRgb lightness clamped: l=-0.5 gives black",""
"","86","should reject empty name","Chrome","Thu May 28 14:37:47 UTC 2026","passed","Thu May 28 14:37:48 UTC 2026","Backend API Integration > POST /api/colors Schema Validation","","",""
"","6","Server Unit Tests Middleware JSON error middleware ignores SyntaxError without body","","Thu May 28 14:26:26 UTC 2026","passed","Thu May 28 14:26:26 UTC 2026","","Server Unit Tests","Server Unit Tests Middleware JSON error middleware ignores SyntaxError without body",""
"","1335","shows client-side ""Name is required"" when submitting empty name","Chrome","Thu May 28 14:37:54 UTC 2026","passed","Thu May 28 14:37:55 UTC 2026","Color Management — Add & Delete","","",""
"","6","Server Unit Tests GET /api/colors/:name is case-sensitive","","Thu May 28 14:26:26 UTC 2026","passed","Thu May 28 14:26:26 UTC 2026","","Server Unit Tests","Server Unit Tests GET /api/colors/:name is case-sensitive",""
"","12","Server Integration Tests (Testcontainers) POST /api/colors should return 409 when creating a duplicate color name","","Thu May 28 14:26:35 UTC 2026","passed","Thu May 28 14:26:35 UTC 2026","","Server Integration Tests (Testcontainers)","Server Integration Tests (Testcontainers) POST /api/colors should return 409 when creating a duplicate color name",""
"","4","Server Unit Tests Surviving Mutants & Edge Cases PUT logic kills hex regex mutant in PUT","","Thu May 28 14:26:26 UTC 2026","passed","Thu May 28 14:26:26 UTC 2026","","Server Unit Tests","Server Unit Tests Surviving Mutants & Edge Cases PUT logic kills hex regex mutant in PUT",""
"","787","shows a chip for each color with a swatch, name, and delete button","Chrome","Thu May 28 14:37:49 UTC 2026","passed","Thu May 28 14:37:50 UTC 2026","Color Management — Add & Delete","","",""
"","1337","Cancel button closes the picker","Chrome","Thu May 28 14:37:51 UTC 2026","passed","Thu May 28 14:37:52 UTC 2026","Color Management — Add & Delete","","",""
"","20","Frontend Unit Tests App Component colors.length > 0 does NOT show loading text","","Thu May 28 14:26:15 UTC 2026","passed","Thu May 28 14:26:15 UTC 2026","","Frontend Unit Tests","Frontend Unit Tests App Component colors.length > 0 does NOT show loading text",""
"","20","Server Integration Tests (Testcontainers) POST /api/colors should create a new color and persist it in the real database","","Thu May 28 14:26:35 UTC 2026","passed","Thu May 28 14:26:35 UTC 2026","","Server Integration Tests (Testcontainers)","Server Integration Tests (Testcontainers) POST /api/colors should create a new color and persist it in the real database",""
"","64","Component Tests ColorPicker editing name does NOT call onClearError when no serverError","","Thu May 28 14:26:15 UTC 2026","passed","Thu May 28 14:26:15 UTC 2026","","Utility Functions","Component Tests ColorPicker editing name does NOT call onClearError when no serverError",""
"","9","Component Tests ColorPicker clicking the backdrop calls onCancel","","Thu May 28 14:26:15 UTC 2026","passed","Thu May 28 14:26:15 UTC 2026","","Utility Functions","Component Tests ColorPicker clicking the backdrop calls onCancel",""
"","0","Utility Functions rgbToHsl white [255,255,255] → h=0, s=0, l=1","","Thu May 28 14:26:15 UTC 2026","passed","Thu May 28 14:26:15 UTC 2026","","Utility Functions","Utility Functions rgbToHsl white [255,255,255] → h=0, s=0, l=1",""
"","36","Frontend Unit Tests App Component add color 409 conflict shows picker error (data.error message)","","Thu May 28 14:26:15 UTC 2026","passed","Thu May 28 14:26:15 UTC 2026","","Frontend Unit Tests","Frontend Unit Tests App Component add color 409 conflict shows picker error (data.error message)",""
"","64","Frontend Unit Tests App Component delete sends DELETE request with correct method","","Thu May 28 14:26:15 UTC 2026","passed","Thu May 28 14:26:15 UTC 2026","","Frontend Unit Tests","Frontend Unit Tests App Component delete sends DELETE request with correct method",""
"","4","Server Unit Tests DELETE /api/colors/:name returns 400 for invalid name in path (regex check)","","Thu May 28 14:26:26 UTC 2026","passed","Thu May 28 14:26:26 UTC 2026","","Server Unit Tests","Server Unit Tests DELETE /api/colors/:name returns 400 for invalid name in path (regex check)",""
"","6","Server Integration Tests (Testcontainers) POST /api/colors should return 400 for invalid hex format (missing #)","","Thu May 28 14:26:35 UTC 2026","passed","Thu May 28 14:26:35 UTC 2026","","Server Integration Tests (Testcontainers)","Server Integration Tests (Testcontainers) POST /api/colors should return 400 for invalid hex format (missing #)",""
"","83","array body on POST returns 400","Chrome","Thu May 28 14:41:27 UTC 2026","passed","Thu May 28 14:41:28 UTC 2026","Security > Input Validation","","",""
"","0","Utility Functions readableOn returns #111 for white (very light, L=1)","","Thu May 28 14:26:15 UTC 2026","passed","Thu May 28 14:26:15 UTC 2026","","Utility Functions","Utility Functions readableOn returns #111 for white (very light, L=1)",""
"","11","Frontend Unit Tests App Component shows error alert when initial fetch returns non-2xx","","Thu May 28 14:26:15 UTC 2026","passed","Thu May 28 14:26:15 UTC 2026","","Frontend Unit Tests","Frontend Unit Tests App Component shows error alert when initial fetch returns non-2xx",""
"","0","homepage after color change","Chrome","Thu May 28 14:32:53 UTC 2026","skipped","Thu May 28 14:32:53 UTC 2026","Percy Visual Regression – Production > Percy – desktop-xl (1920×1080)","","",""
"","0","Utility Functions hslToRgb hue=240 (blue) → [0,0,255]","","Thu May 28 14:26:15 UTC 2026","passed","Thu May 28 14:26:15 UTC 2026","","Utility Functions","Utility Functions hslToRgb hue=240 (blue) → [0,0,255]",""
"","4","Server Unit Tests Surviving Mutants & Edge Cases Mongoose Schema & Persistence kills empty schema mutant by verifying field persistence","","Thu May 28 14:26:26 UTC 2026","passed","Thu May 28 14:26:26 UTC 2026","","Server Unit Tests","Server Unit Tests Surviving Mutants & Edge Cases Mongoose Schema & Persistence kills empty schema mutant by verifying field persistence",""
"","30633","verify Yellow ( #f1c40f ) is applied as the background color","Chrome","Thu May 28 14:39:06 UTC 2026","broken","Thu May 28 14:39:37 UTC 2026","Background color tests","","",""
"","9","Server Integration Tests (Testcontainers) DELETE /api/colors/:name should return 404 on a second delete of the same color","","Thu May 28 14:26:35 UTC 2026","passed","Thu May 28 14:26:35 UTC 2026","","Server Integration Tests (Testcontainers)","Server Integration Tests (Testcontainers) DELETE /api/colors/:name should return 404 on a second delete of the same color",""
"","957","handle initial fetch error","Chrome","Thu May 28 14:38:04 UTC 2026","passed","Thu May 28 14:38:05 UTC 2026","Edge cases and error handling","","",""
"","0","Utility Functions rgbToHsl black [0,0,0] → h=0, s=0, l=0","","Thu May 28 14:26:15 UTC 2026","passed","Thu May 28 14:26:15 UTC 2026","","Utility Functions","Utility Functions rgbToHsl black [0,0,0] → h=0, s=0, l=0",""
"","6","Server Unit Tests POST /api/colors accepts names with alphanumeric characters and spaces","","Thu May 28 14:26:26 UTC 2026","passed","Thu May 28 14:26:26 UTC 2026","","Server Unit Tests","Server Unit Tests POST /api/colors accepts names with alphanumeric characters and spaces",""
"","6","Component Tests ConfirmDialog title is rendered in the element with id confirm-title","","Thu May 28 14:26:15 UTC 2026","passed","Thu May 28 14:26:15 UTC 2026","","Component Tests","Component Tests ConfirmDialog title is rendered in the element with id confirm-title",""
"","186","oversized payload is rejected (413)","Chrome","Thu May 28 14:41:27 UTC 2026","passed","Thu May 28 14:41:27 UTC 2026","Security > Input Validation","","",""
"","6","Server Unit Tests PUT /api/colors/:name does not change name when updating only hex","","Thu May 28 14:26:26 UTC 2026","passed","Thu May 28 14:26:26 UTC 2026","","Server Unit Tests","Server Unit Tests PUT /api/colors/:name does not change name when updating only hex",""
"","1346","successful delete removes the chip","Chrome","Thu May 28 14:37:59 UTC 2026","passed","Thu May 28 14:38:00 UTC 2026","Color Management — Add & Delete","","",""
"","4","Server Unit Tests Surviving Mutants & Edge Cases Mongoose Schema Strictness kills empty schema mutant by checking schema paths","","Thu May 28 14:26:26 UTC 2026","passed","Thu May 28 14:26:26 UTC 2026","","Server Unit Tests","Server Unit Tests Surviving Mutants & Edge Cases Mongoose Schema Strictness kills empty schema mutant by checking schema paths",""
"","17","Component Tests ColorPicker typing a valid hex without # prefix is accepted","","Thu May 28 14:26:15 UTC 2026","passed","Thu May 28 14:26:15 UTC 2026","","Utility Functions","Component Tests ColorPicker typing a valid hex without # prefix is accepted",""
"","3","Server Unit Tests Surviving Mutants & Edge Cases Swagger Metadata & OpenAPI has exact application/json content-type","","Thu May 28 14:26:26 UTC 2026","passed","Thu May 28 14:26:26 UTC 2026","","Server Unit Tests","Server Unit Tests Surviving Mutants & Edge Cases Swagger Metadata & OpenAPI has exact application/json content-type",""
"","19","Frontend Unit Tests App Component text color on light background is dark","","Thu May 28 14:26:15 UTC 2026","passed","Thu May 28 14:26:15 UTC 2026","","Frontend Unit Tests","Frontend Unit Tests App Component text color on light background is dark",""
"","23","Server Integration Tests (Testcontainers) Concurrent writes should handle simultaneous POSTs with the same name — exactly one succeeds","","Thu May 28 14:26:35 UTC 2026","passed","Thu May 28 14:26:35 UTC 2026","","Server Integration Tests (Testcontainers)","Server Integration Tests (Testcontainers) Concurrent writes should handle simultaneous POSTs with the same name — exactly one succeeds",""
"","0","Utility Functions hslToRgb lightness clamped: l=1.5 gives white","","Thu May 28 14:26:15 UTC 2026","passed","Thu May 28 14:26:15 UTC 2026","","Utility Functions","Utility Functions hslToRgb lightness clamped: l=1.5 gives white",""
"","8","Server Integration Tests (Testcontainers) GET /api/colors/:name should not expose _id or __v fields","","Thu May 28 14:26:35 UTC 2026","passed","Thu May 28 14:26:35 UTC 2026","","Server Integration Tests (Testcontainers)","Server Integration Tests (Testcontainers) GET /api/colors/:name should not expose _id or __v fields",""
"","1074","clicking the backdrop closes the picker","Chrome","Thu May 28 14:37:52 UTC 2026","passed","Thu May 28 14:37:53 UTC 2026","Color Management — Add & Delete","","",""
"","7","Server Unit Tests Error Handling GET /api/colors returns 500 when database fails","","Thu May 28 14:26:26 UTC 2026","passed","Thu May 28 14:26:26 UTC 2026","","Server Unit Tests","Server Unit Tests Error Handling GET /api/colors returns 500 when database fails",""
"","6","Server Unit Tests 405 Method Not Allowed does not return 405 for allowed GET method on /api/colors/:name","","Thu May 28 14:26:26 UTC 2026","passed","Thu May 28 14:26:26 UTC 2026","","Server Unit Tests","Server Unit Tests 405 Method Not Allowed does not return 405 for allowed GET method on /api/colors/:name",""
"","7","Frontend Unit Tests App Component colors.length === 0 shows loading text","","Thu May 28 14:26:15 UTC 2026","passed","Thu May 28 14:26:15 UTC 2026","","Frontend Unit Tests","Frontend Unit Tests App Component colors.length === 0 shows loading text",""
"","4","Server Unit Tests Surviving Mutants & Edge Cases Logs seedDatabase logs success message","","Thu May 28 14:26:26 UTC 2026","passed","Thu May 28 14:26:26 UTC 2026","","Server Unit Tests","Server Unit Tests Surviving Mutants & Edge Cases Logs seedDatabase logs success message",""
"","1","Utility Functions paintWheelPixel paints grey at center (dx=0, dy=0, dist=0, sat=0)","","Thu May 28 14:26:15 UTC 2026","passed","Thu May 28 14:26:15 UTC 2026","","Utility Functions","Utility Functions paintWheelPixel paints grey at center (dx=0, dy=0, dist=0, sat=0)",""
"","14","Server Unit Tests Surviving Mutants & Edge Cases Regex & Validation STRICT_NAME_REGEX kills mutants by testing multiple spaces in the middle and rejecting pluses","","Thu May 28 14:26:26 UTC 2026","passed","Thu May 28 14:26:26 UTC 2026","","Server Unit Tests","Server Unit Tests Surviving Mutants & Edge Cases Regex & Validation STRICT_NAME_REGEX kills mutants by testing multiple spaces in the middle and rejecting pluses",""
"","3","Server Unit Tests Error Handling seedDatabase logs error and re-throws when database fails","","Thu May 28 14:26:26 UTC 2026","passed","Thu May 28 14:26:26 UTC 2026","","Server Unit Tests","Server Unit Tests Error Handling seedDatabase logs error and re-throws when database fails",""
"","901","Color button remains functional after switching language","BDD","Thu May 28 14:30:37 UTC 2026","passed","Thu May 28 14:30:38 UTC 2026","Language Switching","","",""
"","27","Component Tests ColorPicker mousedown at top-center (hue=270) sets hex to #8000ff","","Thu May 28 14:26:15 UTC 2026","passed","Thu May 28 14:26:15 UTC 2026","","Utility Functions","Component Tests ColorPicker mousedown at top-center (hue=270) sets hex to #8000ff",""
"","50","Frontend Unit Tests App Component renders title, logo, and calls initial fetch","","Thu May 28 14:26:15 UTC 2026","passed","Thu May 28 14:26:15 UTC 2026","","Frontend Unit Tests","Frontend Unit Tests App Component renders title, logo, and calls initial fetch",""
"","1","Utility Functions rgbToHsl pure blue → h=240, s=1, l=0.5","","Thu May 28 14:26:15 UTC 2026","passed","Thu May 28 14:26:15 UTC 2026","","Utility Functions","Utility Functions rgbToHsl pure blue → h=240, s=1, l=0.5",""
"","94","should reject updating with empty name","Chrome","Thu May 28 14:37:48 UTC 2026","passed","Thu May 28 14:37:49 UTC 2026","Backend API Integration > PUT /api/colors/:name Schema Validation","","",""
"","8","Server Integration Tests (Testcontainers) POST /api/colors should accept a color name containing spaces","","Thu May 28 14:26:35 UTC 2026","passed","Thu May 28 14:26:35 UTC 2026","","Server Integration Tests (Testcontainers)","Server Integration Tests (Testcontainers) POST /api/colors should accept a color name containing spaces",""
"","57","DELETE /api/colors/{name}","","","passed","","","schemathesis","",""
"","5","Server Unit Tests Error Handling GET /api/colors/:name returns 500 when database fails","","Thu May 28 14:26:26 UTC 2026","passed","Thu May 28 14:26:26 UTC 2026","","Server Unit Tests","Server Unit Tests Error Handling GET /api/colors/:name returns 500 when database fails",""
"","0","homepage initial state","Chrome","Thu May 28 14:32:53 UTC 2026","skipped","Thu May 28 14:32:53 UTC 2026","Percy Visual Regression – Production > Percy – desktop-xl (1920×1080)","","",""
"","6","Server Unit Tests Surviving Mutants & Edge Cases Rate Limiting & Security kills mutants by verifying x-ratelimit headers","","Thu May 28 14:26:26 UTC 2026","passed","Thu May 28 14:26:26 UTC 2026","","Server Unit Tests","Server Unit Tests Surviving Mutants & Edge Cases Rate Limiting & Security kills mutants by verifying x-ratelimit headers",""
"","5","Server Unit Tests Middleware includes CORS headers","","Thu May 28 14:26:26 UTC 2026","passed","Thu May 28 14:26:26 UTC 2026","","Server Unit Tests","Server Unit Tests Middleware includes CORS headers",""
"","4","Server Unit Tests PUT /api/colors/:name returns 400 when no fields are provided (empty body)","","Thu May 28 14:26:26 UTC 2026","passed","Thu May 28 14:26:26 UTC 2026","","Server Unit Tests","Server Unit Tests PUT /api/colors/:name returns 400 when no fields are provided (empty body)",""
"","286","GET /api/colors/Turquoise should return the correct hex code","Chrome","Thu May 28 14:37:40 UTC 2026","passed","Thu May 28 14:37:41 UTC 2026","Backend API Integration","","",""
"","8","Server Unit Tests Error Handling PUT /api/colors/:name returns 500 when database fails","","Thu May 28 14:26:26 UTC 2026","passed","Thu May 28 14:26:26 UTC 2026","","Server Unit Tests","Server Unit Tests Error Handling PUT /api/colors/:name returns 500 when database fails",""
"","1","Utility Functions rgbToHex converts pure green","","Thu May 28 14:26:15 UTC 2026","passed","Thu May 28 14:26:15 UTC 2026","","Utility Functions","Utility Functions rgbToHex converts pure green",""
"","19","Component Tests ConfirmDialog cancelLabel prop is reflected in the button text","","Thu May 28 14:26:15 UTC 2026","passed","Thu May 28 14:26:15 UTC 2026","","Component Tests","Component Tests ConfirmDialog cancelLabel prop is reflected in the button text",""
"","90","should reject omitting both name and hex on update","Chrome","Thu May 28 14:37:48 UTC 2026","passed","Thu May 28 14:37:49 UTC 2026","Backend API Integration > PUT /api/colors/:name Schema Validation","","",""
"","5740","should not have any automatically detectable accessibility issues","Chrome","Thu May 28 14:36:06 UTC 2026","passed","Thu May 28 14:36:12 UTC 2026","Accessibility Tests","","",""
"","0","Utility Functions readableOn returns #111 for a pale/pastel colour (high luminance)","","Thu May 28 14:26:15 UTC 2026","passed","Thu May 28 14:26:15 UTC 2026","","Utility Functions","Utility Functions readableOn returns #111 for a pale/pastel colour (high luminance)",""
"","6455","should maintain accessibility in es language and verify resilient locators","Chrome","Thu May 28 14:37:06 UTC 2026","failed","Thu May 28 14:37:12 UTC 2026","i18n Accessibility Tests","","",""
"","1232","clicking a chip makes it active","Chrome","Thu May 28 14:37:50 UTC 2026","passed","Thu May 28 14:37:51 UTC 2026","Color Management — Add & Delete","","",""
"","2","Component Tests ConfirmDialog Enter key calls onConfirm when not busy","","Thu May 28 14:26:15 UTC 2026","passed","Thu May 28 14:26:15 UTC 2026","","Component Tests","Component Tests ConfirmDialog Enter key calls onConfirm when not busy",""
"","6","Utility Functions hexToRgb returns null for invalid input","","Thu May 28 14:26:15 UTC 2026","passed","Thu May 28 14:26:15 UTC 2026","","Utility Functions","Utility Functions hexToRgb returns null for invalid input",""
"","40","Frontend Unit Tests App Component deleting the last color sets activeName to null","","Thu May 28 14:26:15 UTC 2026","passed","Thu May 28 14:26:15 UTC 2026","","Frontend Unit Tests","Frontend Unit Tests App Component deleting the last color sets activeName to null",""
"","5","Frontend Unit Tests App Component language selector change calls i18n and updates html lang","","Thu May 28 14:26:15 UTC 2026","passed","Thu May 28 14:26:15 UTC 2026","","Frontend Unit Tests","Frontend Unit Tests App Component language selector change calls i18n and updates html lang",""
"","45","Frontend Unit Tests App Component add color 429 rate limit shows specific message","","Thu May 28 14:26:15 UTC 2026","passed","Thu May 28 14:26:15 UTC 2026","","Frontend Unit Tests","Frontend Unit Tests App Component add color 429 rate limit shows specific message",""
"","17","Frontend Unit Tests App Component labelFor falls back to color name for unknown/custom color","","Thu May 28 14:26:15 UTC 2026","passed","Thu May 28 14:26:15 UTC 2026","","Frontend Unit Tests","Frontend Unit Tests App Component labelFor falls back to color name for unknown/custom color",""
"","0","Utility Functions hexToRgb is case-insensitive","","Thu May 28 14:26:15 UTC 2026","passed","Thu May 28 14:26:15 UTC 2026","","Utility Functions","Utility Functions hexToRgb is case-insensitive",""
"","23","Frontend Unit Tests App Component link color is light (#cfe8ff) on dark background","","Thu May 28 14:26:15 UTC 2026","passed","Thu May 28 14:26:15 UTC 2026","","Frontend Unit Tests","Frontend Unit Tests App Component link color is light (#cfe8ff) on dark background",""
"","0","homepage initial state","Chrome","Thu May 28 14:32:53 UTC 2026","skipped","Thu May 28 14:32:53 UTC 2026","Percy Visual Regression – Production > Percy – mobile (375×667)","","",""
"","4","Server Unit Tests OpenAPI endpoints has exact application/json content-type","","Thu May 28 14:26:26 UTC 2026","passed","Thu May 28 14:26:26 UTC 2026","","Server Unit Tests","Server Unit Tests OpenAPI endpoints has exact application/json content-type",""
"","808","Example #1","BDD","Thu May 28 14:30:34 UTC 2026","passed","Thu May 28 14:30:35 UTC 2026","Home Page Background Color > Change background color","","",""
"","7","Frontend Unit Tests App Component initial default background before fetch resolves","","Thu May 28 14:26:15 UTC 2026","passed","Thu May 28 14:26:15 UTC 2026","","Frontend Unit Tests","Frontend Unit Tests App Component initial default background before fetch resolves",""
"","28","Frontend Unit Tests App Component picker × button closes the modal","","Thu May 28 14:26:15 UTC 2026","passed","Thu May 28 14:26:15 UTC 2026","","Frontend Unit Tests","Frontend Unit Tests App Component picker × button closes the modal",""
"","84","PATCH /api/colors returns 405","Chrome","Thu May 28 14:41:28 UTC 2026","passed","Thu May 28 14:41:28 UTC 2026","Security > HTTP Method Restrictions","","",""
"","177","should return 404 for non-existent color deletion","Chrome","Thu May 28 14:37:49 UTC 2026","passed","Thu May 28 14:37:49 UTC 2026","Backend API Integration > DELETE /api/colors/:name","","",""
"","0","Utility Functions hslToRgb hue=30 (orange) → [255,128,0]","","Thu May 28 14:26:15 UTC 2026","passed","Thu May 28 14:26:15 UTC 2026","","Utility Functions","Utility Functions hslToRgb hue=30 (orange) → [255,128,0]",""
"","1288","Escape key closes the confirm dialog","Chrome","Thu May 28 14:37:57 UTC 2026","passed","Thu May 28 14:37:59 UTC 2026","Color Management — Add & Delete","","",""
"","27","Component Tests ConfirmDialog cancel button calls onCancel","","Thu May 28 14:26:15 UTC 2026","passed","Thu May 28 14:26:15 UTC 2026","","Component Tests","Component Tests ConfirmDialog cancel button calls onCancel",""
"","22","Server Unit Tests Surviving Mutants & Edge Cases Regex & Validation STRICT_NAME_REGEX is strict on forbidden special characters in the middle","","Thu May 28 14:26:26 UTC 2026","passed","Thu May 28 14:26:26 UTC 2026","","Server Unit Tests","Server Unit Tests Surviving Mutants & Edge Cases Regex & Validation STRICT_NAME_REGEX is strict on forbidden special characters in the middle",""
"","5","Server Unit Tests Middleware does not include X-Powered-By header","","Thu May 28 14:26:26 UTC 2026","passed","Thu May 28 14:26:26 UTC 2026","","Server Unit Tests","Server Unit Tests Middleware does not include X-Powered-By header",""
"","0","Utility Functions readableOn returns #111 for light-grey (L≈0.60, above 0.179 threshold)","","Thu May 28 14:26:15 UTC 2026","passed","Thu May 28 14:26:15 UTC 2026","","Utility Functions","Utility Functions readableOn returns #111 for light-grey (L≈0.60, above 0.179 threshold)",""
"","13","Component Tests ColorPicker typing red with g<b hex updates internal state","","Thu May 28 14:26:15 UTC 2026","passed","Thu May 28 14:26:15 UTC 2026","","Utility Functions","Component Tests ColorPicker typing red with g<b hex updates internal state",""
"","8811","should meet the accessibility threshold using Google Lighthouse","Chrome","Thu May 28 14:36:12 UTC 2026","passed","Thu May 28 14:36:21 UTC 2026","Accessibility Tests","","",""
"","1114","delete API error shows alert banner","Chrome","Thu May 28 14:38:00 UTC 2026","passed","Thu May 28 14:38:01 UTC 2026","Color Management — Add & Delete","","",""
"","11","Frontend Unit Tests App Component shows loading text when colors array is empty","","Thu May 28 14:26:15 UTC 2026","passed","Thu May 28 14:26:15 UTC 2026","","Frontend Unit Tests","Frontend Unit Tests App Component shows loading text when colors array is empty",""
"","1","Utility Functions rgbToHsl round-trip hslToRgb→rgbToHsl preserves hue for all sectors","","Thu May 28 14:26:15 UTC 2026","passed","Thu May 28 14:26:15 UTC 2026","","Utility Functions","Utility Functions rgbToHsl round-trip hslToRgb→rgbToHsl preserves hue for all sectors",""
"","15","Component Tests ColorPicker typing blue hex updates internal state (b is max branch)","","Thu May 28 14:26:15 UTC 2026","passed","Thu May 28 14:26:15 UTC 2026","","Utility Functions","Component Tests ColorPicker typing blue hex updates internal state (b is max branch)",""
"","42","Frontend Unit Tests App Component add color network error shows network error message","","Thu May 28 14:26:15 UTC 2026","passed","Thu May 28 14:26:15 UTC 2026","","Frontend Unit Tests","Frontend Unit Tests App Component add color network error shows network error message",""
"","41","Frontend Unit Tests App Component confirm dialog Escape key closes it","","Thu May 28 14:26:15 UTC 2026","passed","Thu May 28 14:26:15 UTC 2026","","Frontend Unit Tests","Frontend Unit Tests App Component confirm dialog Escape key closes it",""
"","3","Server Unit Tests PUT /api/colors/:name returns 400 for invalid hex on update","","Thu May 28 14:26:26 UTC 2026","passed","Thu May 28 14:26:26 UTC 2026","","Server Unit Tests","Server Unit Tests PUT /api/colors/:name returns 400 for invalid hex on update",""
"","6","Server Unit Tests Middleware returns 400 for malformed JSON body","","Thu May 28 14:26:26 UTC 2026","passed","Thu May 28 14:26:26 UTC 2026","","Server Unit Tests","Server Unit Tests Middleware returns 400 for malformed JSON body",""
"","22","Server Integration Tests (Testcontainers) End-to-end CRUD workflow should create, read, update, and delete a color in sequence","","Thu May 28 14:26:35 UTC 2026","passed","Thu May 28 14:26:35 UTC 2026","","Server Integration Tests (Testcontainers)","Server Integration Tests (Testcontainers) End-to-end CRUD workflow should create, read, update, and delete a color in sequence",""
"","1600","color names rendered in the UI do not trigger script execution","Chrome","Thu May 28 14:41:25 UTC 2026","passed","Thu May 28 14:41:27 UTC 2026","Security > XSS Prevention","","",""
"","1","Utility Functions hslToRgb negative hue wraps: hue=-120 = hue=240","","Thu May 28 14:26:15 UTC 2026","passed","Thu May 28 14:26:15 UTC 2026","","Utility Functions","Utility Functions hslToRgb negative hue wraps: hue=-120 = hue=240",""
"","0","Utility Functions rgbToHsl dark red (#800000): l<0.5, s=1 (l<=0.5 saturation branch)","","Thu May 28 14:26:15 UTC 2026","passed","Thu May 28 14:26:15 UTC 2026","","Utility Functions","Utility Functions rgbToHsl dark red (#800000): l<0.5, s=1 (l<=0.5 saturation branch)",""
"","5","Server Unit Tests Surviving Mutants & Edge Cases Swagger JSDoc Integration kills apis array mutants by verifying JSDoc content is present","","Thu May 28 14:26:26 UTC 2026","passed","Thu May 28 14:26:26 UTC 2026","","Server Unit Tests","Server Unit Tests Surviving Mutants & Edge Cases Swagger JSDoc Integration kills apis array mutants by verifying JSDoc content is present",""
"","1","Utility Functions rgbToHsl pure red → h=0, s=1, l=0.5","","Thu May 28 14:26:15 UTC 2026","passed","Thu May 28 14:26:15 UTC 2026","","Utility Functions","Utility Functions rgbToHsl pure red → h=0, s=1, l=0.5",""
"","10","Component Tests ColorPicker typing an invalid hex shows ""Use format #RRGGBB"" error","","Thu May 28 14:26:15 UTC 2026","passed","Thu May 28 14:26:15 UTC 2026","","Utility Functions","Component Tests ColorPicker typing an invalid hex shows ""Use format #RRGGBB"" error",""
"","64","unknown extra fields in POST body are rejected (400)","Chrome","Thu May 28 14:41:27 UTC 2026","passed","Thu May 28 14:41:27 UTC 2026","Security > Input Validation","","",""
"","24","Component Tests ColorPicker submit with invalid chars shows validation error","","Thu May 28 14:26:15 UTC 2026","passed","Thu May 28 14:26:15 UTC 2026","","Utility Functions","Component Tests ColorPicker submit with invalid chars shows validation error",""
"","10","Component Tests ConfirmDialog dialog has correct ARIA attributes","","Thu May 28 14:26:15 UTC 2026","passed","Thu May 28 14:26:15 UTC 2026","","Component Tests","Component Tests ConfirmDialog dialog has correct ARIA attributes",""
"","10","Server Integration Tests (Testcontainers) POST /api/reseed should not modify the database when token is invalid","","Thu May 28 14:26:35 UTC 2026","passed","Thu May 28 14:26:35 UTC 2026","","Server Integration Tests (Testcontainers)","Server Integration Tests (Testcontainers) POST /api/reseed should not modify the database when token is invalid",""
"","4","Server Unit Tests POST /api/colors returns 400 when hex is missing","","Thu May 28 14:26:26 UTC 2026","passed","Thu May 28 14:26:26 UTC 2026","","Server Unit Tests","Server Unit Tests POST /api/colors returns 400 when hex is missing",""
"","3747","POST /api/reseed","","","passed","","","schemathesis","",""
"","75","POST with HTML tag in name is rejected (400)","Chrome","Thu May 28 14:41:25 UTC 2026","passed","Thu May 28 14:41:25 UTC 2026","Security > XSS Prevention","","",""
"","30768","handle color response missing hex property","Chrome","Thu May 28 14:39:11 UTC 2026","broken","Thu May 28 14:39:41 UTC 2026","Edge cases and error handling","","",""
"","857","verify language switcher changes document language","Chrome","Thu May 28 14:38:03 UTC 2026","passed","Thu May 28 14:38:04 UTC 2026","","","",""
"","7","Server Integration Tests (Testcontainers) GET /api/colors/:name should return correct data for Yellow","","Thu May 28 14:26:35 UTC 2026","passed","Thu May 28 14:26:35 UTC 2026","","Server Integration Tests (Testcontainers)","Server Integration Tests (Testcontainers) GET /api/colors/:name should return correct data for Yellow",""
"","889","homepage should match snapshot","Chrome","Thu May 28 14:32:50 UTC 2026","passed","Thu May 28 14:32:51 UTC 2026","Visual Regression – iphone-se (375×667)","","",""
"","1296","homepage should match snapshot","Chrome","Thu May 28 14:32:49 UTC 2026","passed","Thu May 28 14:32:50 UTC 2026","Visual Regression – desktop (1280×720)","","",""
"","10","Server Unit Tests GET /api/colors does not expose _id or __v fields","","Thu May 28 14:26:26 UTC 2026","passed","Thu May 28 14:26:26 UTC 2026","","Server Unit Tests","Server Unit Tests GET /api/colors does not expose _id or __v fields",""
"","87","malformed JSON body returns 400","Chrome","Thu May 28 14:41:27 UTC 2026","passed","Thu May 28 14:41:27 UTC 2026","Security > Input Validation","","",""
"","0","Frontend Unit Tests i18n Configuration interpolation should not escape value","","Thu May 28 14:26:17 UTC 2026","passed","Thu May 28 14:26:17 UTC 2026","","Frontend Unit Tests","Frontend Unit Tests i18n Configuration interpolation should not escape value",""
"","0","Utility Functions readableOn returns #fff for black (very dark, L≈0)","","Thu May 28 14:26:15 UTC 2026","passed","Thu May 28 14:26:15 UTC 2026","","Utility Functions","Utility Functions readableOn returns #fff for black (very dark, L≈0)",""
"","0","Utility Functions hslToRgb hue=150 (spring green) → [0,255,128]","","Thu May 28 14:26:15 UTC 2026","passed","Thu May 28 14:26:15 UTC 2026","","Utility Functions","Utility Functions hslToRgb hue=150 (spring green) → [0,255,128]",""
"","30726","changing color to Yellow should reflect in UI and DOM","Chrome","Thu May 28 14:40:49 UTC 2026","broken","Thu May 28 14:41:19 UTC 2026","Data-Driven Testing","","",""
"","1","Utility Functions hslToRgb hue=60 (yellow) → [255,255,0]","","Thu May 28 14:26:15 UTC 2026","passed","Thu May 28 14:26:15 UTC 2026","","Utility Functions","Utility Functions hslToRgb hue=60 (yellow) → [255,255,0]",""
"","73","empty body on POST returns 400","Chrome","Thu May 28 14:41:27 UTC 2026","passed","Thu May 28 14:41:27 UTC 2026","Security > Input Validation","","",""
"","9","Server Integration Tests (Testcontainers) POST /api/colors should not expose _id or __v in the creation response","","Thu May 28 14:26:35 UTC 2026","passed","Thu May 28 14:26:35 UTC 2026","","Server Integration Tests (Testcontainers)","Server Integration Tests (Testcontainers) POST /api/colors should not expose _id or __v in the creation response",""
"","3","Server Unit Tests 405 Method Not Allowed sets the Allow header on /api/colors with correct methods","","Thu May 28 14:26:26 UTC 2026","passed","Thu May 28 14:26:26 UTC 2026","","Server Unit Tests","Server Unit Tests 405 Method Not Allowed sets the Allow header on /api/colors with correct methods",""
"","9","Server Integration Tests (Testcontainers) DELETE /api/colors/:name should delete a color and confirm removal from the real database","","Thu May 28 14:26:35 UTC 2026","passed","Thu May 28 14:26:35 UTC 2026","","Server Integration Tests (Testcontainers)","Server Integration Tests (Testcontainers) DELETE /api/colors/:name should delete a color and confirm removal from the real database",""
"","4","Server Unit Tests POST /api/colors returns 400 for name with only spaces","","Thu May 28 14:26:26 UTC 2026","passed","Thu May 28 14:26:26 UTC 2026","","Server Unit Tests","Server Unit Tests POST /api/colors returns 400 for name with only spaces",""
"","6","Server Integration Tests (Testcontainers) GET /api/colors/:name should return 400 for invalid name format","","Thu May 28 14:26:35 UTC 2026","passed","Thu May 28 14:26:35 UTC 2026","","Server Integration Tests (Testcontainers)","Server Integration Tests (Testcontainers) GET /api/colors/:name should return 400 for invalid name format",""
"","3","Server Unit Tests PUT /api/colors/:name returns 400 for invalid name in path (regex check)","","Thu May 28 14:26:26 UTC 2026","passed","Thu May 28 14:26:26 UTC 2026","","Server Unit Tests","Server Unit Tests PUT /api/colors/:name returns 400 for invalid name in path (regex check)",""
"","945","Example #3","BDD","Thu May 28 14:30:35 UTC 2026","passed","Thu May 28 14:30:36 UTC 2026","Home Page Background Color > Change background color","","",""
"","3","Component Tests ConfirmDialog Enter key does NOT call onConfirm when busy","","Thu May 28 14:26:15 UTC 2026","passed","Thu May 28 14:26:15 UTC 2026","","Component Tests","Component Tests ConfirmDialog Enter key does NOT call onConfirm when busy",""
"","0","Utility Functions rgbToHsl r max, g>0, b=0 → h in (0,60)","","Thu May 28 14:26:15 UTC 2026","passed","Thu May 28 14:26:15 UTC 2026","","Utility Functions","Utility Functions rgbToHsl r max, g>0, b=0 → h in (0,60)",""
"","27","Component Tests ColorPicker submit with empty name shows ""Name is required"" error","","Thu May 28 14:26:15 UTC 2026","passed","Thu May 28 14:26:15 UTC 2026","","Utility Functions","Component Tests ColorPicker submit with empty name shows ""Name is required"" error",""
"","64","GET /api/colors/{name}","","","passed","","","schemathesis","",""
"","73","NoSQL $where operator in name is rejected (400)","Chrome","Thu May 28 14:41:27 UTC 2026","passed","Thu May 28 14:41:27 UTC 2026","Security > Injection Prevention","","",""
"","8","Server Integration Tests (Testcontainers) GET /api/colors/:name should return correct data for Red","","Thu May 28 14:26:35 UTC 2026","passed","Thu May 28 14:26:35 UTC 2026","","Server Integration Tests (Testcontainers)","Server Integration Tests (Testcontainers) GET /api/colors/:name should return correct data for Red",""
"","48","Frontend Unit Tests App Component confirm dialog cancel button closes it","","Thu May 28 14:26:15 UTC 2026","passed","Thu May 28 14:26:15 UTC 2026","","Frontend Unit Tests","Frontend Unit Tests App Component confirm dialog cancel button closes it",""
"","81","should reject invalid hex format on update","Chrome","Thu May 28 14:37:48 UTC 2026","passed","Thu May 28 14:37:48 UTC 2026","Backend API Integration > PUT /api/colors/:name Schema Validation","","",""
"","3","Server Unit Tests Surviving Mutants & Edge Cases OpenAPI Content-Type has application/json content-type","","Thu May 28 14:26:26 UTC 2026","passed","Thu May 28 14:26:26 UTC 2026","","Server Unit Tests","Server Unit Tests Surviving Mutants & Edge Cases OpenAPI Content-Type has application/json content-type",""
"","13","Server Integration Tests (Testcontainers) PUT /api/colors/:name should rename a color and make old name return 404","","Thu May 28 14:26:35 UTC 2026","passed","Thu May 28 14:26:35 UTC 2026","","Server Integration Tests (Testcontainers)","Server Integration Tests (Testcontainers) PUT /api/colors/:name should rename a color and make old name return 404",""
"","7","Server Unit Tests Surviving Mutants & Edge Cases Allowed Methods kills mutants in allowedMethods object","","Thu May 28 14:26:26 UTC 2026","passed","Thu May 28 14:26:26 UTC 2026","","Server Unit Tests","Server Unit Tests Surviving Mutants & Edge Cases Allowed Methods kills mutants in allowedMethods object",""
"","16","Server Unit Tests Surviving Mutants & Edge Cases Regex & Validation STRICT_NAME_REGEX kills mutants on start/end/middle characters","","Thu May 28 14:26:26 UTC 2026","passed","Thu May 28 14:26:26 UTC 2026","","Server Unit Tests","Server Unit Tests Surviving Mutants & Edge Cases Regex & Validation STRICT_NAME_REGEX kills mutants on start/end/middle characters",""
"","1397","verify Turquoise ( #1abc9c ) is applied as the background color","Chrome","Thu May 28 14:38:01 UTC 2026","passed","Thu May 28 14:38:02 UTC 2026","Background color tests","","",""
"","818","Example #1","BDD","Thu May 28 14:30:36 UTC 2026","passed","Thu May 28 14:30:37 UTC 2026","Language Switching > Switch language and verify translated UI labels","","",""
"","1","homepage after color change","Chrome","Thu May 28 14:32:53 UTC 2026","skipped","Thu May 28 14:32:53 UTC 2026","Percy Visual Regression – Production > Percy – desktop (1280×720)","","",""
"","627","Show loading state when the API returns an empty colors list","BDD","Thu May 28 14:30:33 UTC 2026","passed","Thu May 28 14:30:34 UTC 2026","API Error Handling","","",""
"","5","Server Unit Tests POST /api/colors returns 400 for invalid hex format (no hash)","","Thu May 28 14:26:26 UTC 2026","passed","Thu May 28 14:26:26 UTC 2026","","Server Unit Tests","Server Unit Tests POST /api/colors returns 400 for invalid hex format (no hash)",""
"","28","Component Tests ColorPicker lightness slider change updates the preview","","Thu May 28 14:26:15 UTC 2026","passed","Thu May 28 14:26:15 UTC 2026","","Utility Functions","Component Tests ColorPicker lightness slider change updates the preview",""
"","1790","should create color via API and verify through UI","Chrome","Thu May 28 14:41:17 UTC 2026","passed","Thu May 28 14:41:19 UTC 2026","Hybrid E2E Testing","","",""
"","61","Frontend Unit Tests App Component add color success closes picker and shows new chip","","Thu May 28 14:26:15 UTC 2026","passed","Thu May 28 14:26:15 UTC 2026","","Frontend Unit Tests","Frontend Unit Tests App Component add color success closes picker and shows new chip",""
"","111","POST /api-docs returns 405","Chrome","Thu May 28 14:41:28 UTC 2026","passed","Thu May 28 14:41:28 UTC 2026","Security > HTTP Method Restrictions","","",""
"","0","homepage initial state","Chrome","Thu May 28 14:32:53 UTC 2026","skipped","Thu May 28 14:32:53 UTC 2026","Percy Visual Regression – Production > Percy – tablet (768×1024)","","",""
"","5","Server Integration Tests (Testcontainers) PUT /api/colors/:name should return 400 for invalid hex format on update","","Thu May 28 14:26:35 UTC 2026","passed","Thu May 28 14:26:35 UTC 2026","","Server Integration Tests (Testcontainers)","Server Integration Tests (Testcontainers) PUT /api/colors/:name should return 400 for invalid hex format on update",""
"","12","Server Integration Tests (Testcontainers) GET /api/colors should not expose _id or __v fields","","Thu May 28 14:26:35 UTC 2026","passed","Thu May 28 14:26:35 UTC 2026","","Server Integration Tests (Testcontainers)","Server Integration Tests (Testcontainers) GET /api/colors should not expose _id or __v fields",""
"","14","Server Unit Tests GET /api/colors returns an empty array when no colors exist","","Thu May 28 14:26:26 UTC 2026","passed","Thu May 28 14:26:26 UTC 2026","","Server Unit Tests","Server Unit Tests GET /api/colors returns an empty array when no colors exist",""
"","0","Utility Functions hslToRgb high lightness l=0.75 → [255,128,128]","","Thu May 28 14:26:15 UTC 2026","passed","Thu May 28 14:26:15 UTC 2026","","Utility Functions","Utility Functions hslToRgb high lightness l=0.75 → [255,128,128]",""
"","0","Utility Functions hslToRgb hue=59 stays in sector 0","","Thu May 28 14:26:15 UTC 2026","passed","Thu May 28 14:26:15 UTC 2026","","Utility Functions","Utility Functions hslToRgb hue=59 stays in sector 0",""
"","0","Frontend Unit Tests i18n Configuration should have defined resources for en, es, el","","Thu May 28 14:26:17 UTC 2026","passed","Thu May 28 14:26:17 UTC 2026","","Frontend Unit Tests","Frontend Unit Tests i18n Configuration should have defined resources for en, es, el",""
"","29","Component Tests ColorPicker hex input updates hue/sat via rgbToHsl (green → hue≈120)","","Thu May 28 14:26:15 UTC 2026","passed","Thu May 28 14:26:15 UTC 2026","","Utility Functions","Component Tests ColorPicker hex input updates hue/sat via rgbToHsl (green → hue≈120)",""
"","8","Server Unit Tests GET /api/colors returns colors sorted alphabetically by name","","Thu May 28 14:26:26 UTC 2026","passed","Thu May 28 14:26:26 UTC 2026","","Server Unit Tests","Server Unit Tests GET /api/colors returns colors sorted alphabetically by name",""
"","1266","should display all core elements and handle button interaction","Chrome","Thu May 28 14:32:51 UTC 2026","passed","Thu May 28 14:32:53 UTC 2026","Responsive Design – tablet (768×1024)","","",""
"","0","Utility Functions hslToRgb saturation clamped: s=-0.5 treated as s=0","","Thu May 28 14:26:15 UTC 2026","passed","Thu May 28 14:26:15 UTC 2026","","Utility Functions","Utility Functions hslToRgb saturation clamped: s=-0.5 treated as s=0",""
"","4","Server Unit Tests Surviving Mutants & Edge Cases PUT logic kills refine mutant by sending empty body","","Thu May 28 14:26:26 UTC 2026","passed","Thu May 28 14:26:26 UTC 2026","","Server Unit Tests","Server Unit Tests Surviving Mutants & Edge Cases PUT logic kills refine mutant by sending empty body",""
"","4","Server Unit Tests POST /api/colors returns 400 for name with whitespace","","Thu May 28 14:26:26 UTC 2026","passed","Thu May 28 14:26:26 UTC 2026","","Server Unit Tests","Server Unit Tests POST /api/colors returns 400 for name with whitespace",""
"","1409","shows 409 duplicate error from server inside the picker","Chrome","Thu May 28 14:37:55 UTC 2026","passed","Thu May 28 14:37:56 UTC 2026","Color Management — Add & Delete","","",""
"","0","Utility Functions hslToRgb low lightness l=0.25 → [128,0,0]","","Thu May 28 14:26:15 UTC 2026","passed","Thu May 28 14:26:15 UTC 2026","","Utility Functions","Utility Functions hslToRgb low lightness l=0.25 → [128,0,0]",""
"","38","Frontend Unit Tests App Component initial background is first color hex","","Thu May 28 14:26:15 UTC 2026","passed","Thu May 28 14:26:15 UTC 2026","","Frontend Unit Tests","Frontend Unit Tests App Component initial background is first color hex",""
"","9","Frontend Unit Tests App Component shows error alert when initial fetch fails","","Thu May 28 14:26:15 UTC 2026","passed","Thu May 28 14:26:15 UTC 2026","","Frontend Unit Tests","Frontend Unit Tests App Component shows error alert when initial fetch fails",""
"","6","Server Unit Tests DELETE /api/colors/:name cannot delete the same color twice","","Thu May 28 14:26:26 UTC 2026","passed","Thu May 28 14:26:26 UTC 2026","","Server Unit Tests","Server Unit Tests DELETE /api/colors/:name cannot delete the same color twice",""
"","916","should display all core elements and handle button interaction","Chrome","Thu May 28 14:32:53 UTC 2026","passed","Thu May 28 14:32:54 UTC 2026","Responsive Design – iPhone landscape (667×375)","","",""
"","96","PATCH /api/colors/:name returns 405","Chrome","Thu May 28 14:41:28 UTC 2026","passed","Thu May 28 14:41:28 UTC 2026","Security > HTTP Method Restrictions","","",""
"","51","Frontend Unit Tests App Component deleting the active color switches background to the first remaining","","Thu May 28 14:26:15 UTC 2026","passed","Thu May 28 14:26:15 UTC 2026","","Frontend Unit Tests","Frontend Unit Tests App Component deleting the active color switches background to the first remaining",""
"","14","Server Unit Tests Surviving Mutants & Edge Cases Regex & Validation STRICT_NAME_REGEX kills mutants on optionality and length","","Thu May 28 14:26:26 UTC 2026","passed","Thu May 28 14:26:26 UTC 2026","","Server Unit Tests","Server Unit Tests Surviving Mutants & Edge Cases Regex & Validation STRICT_NAME_REGEX kills mutants on optionality and length",""
"","6","Server Integration Tests (Testcontainers) POST /api/colors should return 400 when extra fields are provided","","Thu May 28 14:26:35 UTC 2026","passed","Thu May 28 14:26:35 UTC 2026","","Server Integration Tests (Testcontainers)","Server Integration Tests (Testcontainers) POST /api/colors should return 400 when extra fields are provided",""
"","1","Utility Functions hslToRgb saturation clamped: s=1.5 treated as s=1","","Thu May 28 14:26:15 UTC 2026","passed","Thu May 28 14:26:15 UTC 2026","","Utility Functions","Utility Functions hslToRgb saturation clamped: s=1.5 treated as s=1",""
"","52","Frontend Unit Tests App Component header color attribute changes after clicking a chip","","Thu May 28 14:26:15 UTC 2026","passed","Thu May 28 14:26:15 UTC 2026","","Frontend Unit Tests","Frontend Unit Tests App Component header color attribute changes after clicking a chip",""
"","0","Utility Functions paintWheelPixel sets alpha to 0 when dist > r (outside circle)","","Thu May 28 14:26:15 UTC 2026","passed","Thu May 28 14:26:15 UTC 2026","","Utility Functions","Utility Functions paintWheelPixel sets alpha to 0 when dist > r (outside circle)",""
"","3","Server Unit Tests PUT /api/colors/:name returns 400 for invalid current name format in URL","","Thu May 28 14:26:26 UTC 2026","passed","Thu May 28 14:26:26 UTC 2026","","Server Unit Tests","Server Unit Tests PUT /api/colors/:name returns 400 for invalid current name format in URL",""
"","1","Utility Functions hslToRgb hue=120 (green) → [0,255,0]","","Thu May 28 14:26:15 UTC 2026","passed","Thu May 28 14:26:15 UTC 2026","","Utility Functions","Utility Functions hslToRgb hue=120 (green) → [0,255,0]",""
"","35","Frontend Unit Tests App Component clicking chip-x opens confirm dialog with color name and swatch","","Thu May 28 14:26:15 UTC 2026","passed","Thu May 28 14:26:15 UTC 2026","","Frontend Unit Tests","Frontend Unit Tests App Component clicking chip-x opens confirm dialog with color name and swatch",""
"","32","Frontend Unit Tests App Component picker cancel button closes the modal","","Thu May 28 14:26:15 UTC 2026","passed","Thu May 28 14:26:15 UTC 2026","","Frontend Unit Tests","Frontend Unit Tests App Component picker cancel button closes the modal",""
"","942","should handle missing image gracefully by showing alt text","Chrome","Thu May 28 14:41:19 UTC 2026","passed","Thu May 28 14:41:20 UTC 2026","Network Mocking & Interception","","",""
"","6","Server Integration Tests (Testcontainers) PUT /api/colors/:name should return 400 when update body is empty","","Thu May 28 14:26:35 UTC 2026","passed","Thu May 28 14:26:35 UTC 2026","","Server Integration Tests (Testcontainers)","Server Integration Tests (Testcontainers) PUT /api/colors/:name should return 400 when update body is empty",""
"Performance Test: UI Performance Test
File: ui-performance.spec.ts
Total Iterations: 1
Max VUs: 1

HTTP Request Duration:
- Avg: 3.55ms
- P(95): 3.55ms
- Max: 3.55ms

Full metrics attached in the results.","34825","UI Performance Test","Performance","Thu May 28 14:29:39 UTC 2026","passed","Thu May 28 14:30:14 UTC 2026","ui-performance.spec.ts","UI Performance Test","",""
"","9","Server Unit Tests Surviving Mutants & Edge Cases PUT logic kills name/hex conditional mutants by providing only one field","","Thu May 28 14:26:26 UTC 2026","passed","Thu May 28 14:26:26 UTC 2026","","Server Unit Tests","Server Unit Tests Surviving Mutants & Edge Cases PUT logic kills name/hex conditional mutants by providing only one field",""
"","30430","verify Yellow ( #f1c40f ) is applied as the background color","Chrome","Thu May 28 14:42:25 UTC 2026","broken","Thu May 28 14:42:55 UTC 2026","POM Refactored: Background color tests","","",""
"","4","Server Unit Tests 405 Method Not Allowed sets the Allow header on /api/colors/:name with correct methods","","Thu May 28 14:26:26 UTC 2026","passed","Thu May 28 14:26:26 UTC 2026","","Server Unit Tests","Server Unit Tests 405 Method Not Allowed sets the Allow header on /api/colors/:name with correct methods",""
"","739","should update a color with valid schema","Chrome","Thu May 28 14:37:48 UTC 2026","passed","Thu May 28 14:37:48 UTC 2026","Backend API Integration > PUT /api/colors/:name Schema Validation","","",""
"","172","Component Tests ColorPicker renders the modal with title, hex preview, name and hex inputs","","Thu May 28 14:26:15 UTC 2026","passed","Thu May 28 14:26:15 UTC 2026","","Utility Functions","Component Tests ColorPicker renders the modal with title, hex preview, name and hex inputs",""
"","1029","should display colors that do not exist in the database","Chrome","Thu May 28 14:41:20 UTC 2026","passed","Thu May 28 14:41:21 UTC 2026","Network Mocking & Interception","","",""
"","6","Server Unit Tests OpenAPI endpoints serves Swagger UI as HTML","","Thu May 28 14:26:26 UTC 2026","passed","Thu May 28 14:26:26 UTC 2026","","Server Unit Tests","Server Unit Tests OpenAPI endpoints serves Swagger UI as HTML",""
"","55","Frontend Unit Tests App Component saving is false again after a failed add (finally block)","","Thu May 28 14:26:15 UTC 2026","passed","Thu May 28 14:26:15 UTC 2026","","Frontend Unit Tests","Frontend Unit Tests App Component saving is false again after a failed add (finally block)",""
"","8","Server Unit Tests 405 Method Not Allowed does not return 405 for allowed POST method on /api/colors","","Thu May 28 14:26:26 UTC 2026","passed","Thu May 28 14:26:26 UTC 2026","","Server Unit Tests","Server Unit Tests 405 Method Not Allowed does not return 405 for allowed POST method on /api/colors",""
"","10","Component Tests ColorPicker displays serverError prop in an alert banner","","Thu May 28 14:26:15 UTC 2026","passed","Thu May 28 14:26:15 UTC 2026","","Utility Functions","Component Tests ColorPicker displays serverError prop in an alert banner",""
"","51","Frontend Unit Tests App Component delete network error shows error alert","","Thu May 28 14:26:15 UTC 2026","passed","Thu May 28 14:26:15 UTC 2026","","Frontend Unit Tests","Frontend Unit Tests App Component delete network error shows error alert",""
"","204","Component Tests ConfirmDialog renders title, body, and both buttons","","Thu May 28 14:26:15 UTC 2026","passed","Thu May 28 14:26:15 UTC 2026","","Component Tests","Component Tests ConfirmDialog renders title, body, and both buttons",""
"","21","Component Tests ColorPicker touchmove while dragging updates hex","","Thu May 28 14:26:15 UTC 2026","passed","Thu May 28 14:26:15 UTC 2026","","Utility Functions","Component Tests ColorPicker touchmove while dragging updates hex",""
"","12","Component Tests ColorPicker Cancel button is disabled when saving=true","","Thu May 28 14:26:15 UTC 2026","passed","Thu May 28 14:26:15 UTC 2026","","Utility Functions","Component Tests ColorPicker Cancel button is disabled when saving=true",""
"","13","Component Tests ConfirmDialog swatch div has the correct background color","","Thu May 28 14:26:15 UTC 2026","passed","Thu May 28 14:26:15 UTC 2026","","Component Tests","Component Tests ConfirmDialog swatch div has the correct background color",""
"","4","Server Unit Tests Surviving Mutants & Edge Cases Swagger Metadata & OpenAPI has exact server metadata","","Thu May 28 14:26:26 UTC 2026","passed","Thu May 28 14:26:26 UTC 2026","","Server Unit Tests","Server Unit Tests Surviving Mutants & Edge Cases Swagger Metadata & OpenAPI has exact server metadata",""
"","0","Frontend Unit Tests i18n Configuration should have translation keys in resources","","Thu May 28 14:26:17 UTC 2026","passed","Thu May 28 14:26:17 UTC 2026","","Frontend Unit Tests","Frontend Unit Tests i18n Configuration should have translation keys in resources",""
"","1448","homepage should match snapshot","Chrome","Thu May 28 14:32:49 UTC 2026","passed","Thu May 28 14:32:50 UTC 2026","Visual Regression – desktop-xl (1920×1080)","","",""
"","5","Server Unit Tests GET /api/colors/:name returns 400 for invalid name in path (regex check)","","Thu May 28 14:26:26 UTC 2026","passed","Thu May 28 14:26:26 UTC 2026","","Server Unit Tests","Server Unit Tests GET /api/colors/:name returns 400 for invalid name in path (regex check)",""
"","65","Frontend Unit Tests App Component fetches and displays color chips with swatch and delete button","","Thu May 28 14:26:15 UTC 2026","passed","Thu May 28 14:26:15 UTC 2026","","Frontend Unit Tests","Frontend Unit Tests App Component fetches and displays color chips with swatch and delete button",""
"","10","Server Unit Tests PUT /api/colors/:name updates the name of an existing color and preserves hex","","Thu May 28 14:26:26 UTC 2026","passed","Thu May 28 14:26:26 UTC 2026","","Server Unit Tests","Server Unit Tests PUT /api/colors/:name updates the name of an existing color and preserves hex",""
"","1","Utility Functions rgbToHsl mid-grey [128,128,128] → s=0","","Thu May 28 14:26:15 UTC 2026","passed","Thu May 28 14:26:15 UTC 2026","","Utility Functions","Utility Functions rgbToHsl mid-grey [128,128,128] → s=0",""
"","4","Server Unit Tests Surviving Mutants & Edge Cases Swagger Metadata & OpenAPI has exact info metadata","","Thu May 28 14:26:26 UTC 2026","passed","Thu May 28 14:26:26 UTC 2026","","Server Unit Tests","Server Unit Tests Surviving Mutants & Edge Cases Swagger Metadata & OpenAPI has exact info metadata",""
"","1003","changing color to Red should reflect in UI and DOM","Chrome","Thu May 28 14:39:44 UTC 2026","passed","Thu May 28 14:39:45 UTC 2026","Data-Driven Testing","","",""
"","46","Frontend Unit Tests App Component first loaded color is active (aria-pressed=true)","","Thu May 28 14:26:15 UTC 2026","passed","Thu May 28 14:26:15 UTC 2026","","Frontend Unit Tests","Frontend Unit Tests App Component first loaded color is active (aria-pressed=true)",""
"","5","Server Unit Tests POST /api/reseed returns 401 when Bearer scheme prefix is missing","","Thu May 28 14:26:26 UTC 2026","passed","Thu May 28 14:26:26 UTC 2026","","Server Unit Tests","Server Unit Tests POST /api/reseed returns 401 when Bearer scheme prefix is missing",""
"","2","Utility Functions hslToRgb hue=0 (red) → [255,0,0]","","Thu May 28 14:26:15 UTC 2026","passed","Thu May 28 14:26:15 UTC 2026","","Utility Functions","Utility Functions hslToRgb hue=0 (red) → [255,0,0]",""
"","8","Server Integration Tests (Testcontainers) GET /api/colors/:name should be case-sensitive (lowercase name returns 404)","","Thu May 28 14:26:35 UTC 2026","passed","Thu May 28 14:26:35 UTC 2026","","Server Integration Tests (Testcontainers)","Server Integration Tests (Testcontainers) GET /api/colors/:name should be case-sensitive (lowercase name returns 404)",""
"","8","Component Tests ColorPicker pressing a non-Escape key does not call onCancel","","Thu May 28 14:26:15 UTC 2026","passed","Thu May 28 14:26:15 UTC 2026","","Utility Functions","Component Tests ColorPicker pressing a non-Escape key does not call onCancel",""
"","123","POST with javascript: URI in name is rejected (400)","Chrome","Thu May 28 14:41:25 UTC 2026","passed","Thu May 28 14:41:25 UTC 2026","Security > XSS Prevention","","",""
"","9","Component Tests ColorPicker Enter key on name input triggers submit","","Thu May 28 14:26:15 UTC 2026","passed","Thu May 28 14:26:15 UTC 2026","","Utility Functions","Component Tests ColorPicker Enter key on name input triggers submit",""
"","0","Utility Functions rgbToHex converts pure red","","Thu May 28 14:26:15 UTC 2026","passed","Thu May 28 14:26:15 UTC 2026","","Utility Functions","Utility Functions rgbToHex converts pure red",""
"","4","Server Unit Tests 405 Method Not Allowed returns 405 for PATCH on /api/colors","","Thu May 28 14:26:26 UTC 2026","passed","Thu May 28 14:26:26 UTC 2026","","Server Unit Tests","Server Unit Tests 405 Method Not Allowed returns 405 for PATCH on /api/colors",""
"","11","Component Tests ColorPicker renders the color wheel canvas","","Thu May 28 14:26:15 UTC 2026","passed","Thu May 28 14:26:15 UTC 2026","","Utility Functions","Component Tests ColorPicker renders the color wheel canvas",""
"","25","Component Tests ColorPicker mousemove while dragging updates hex (dragging.current=true kills mutation)","","Thu May 28 14:26:15 UTC 2026","passed","Thu May 28 14:26:15 UTC 2026","","Utility Functions","Component Tests ColorPicker mousemove while dragging updates hex (dragging.current=true kills mutation)",""
"","6","Server Integration Tests (Testcontainers) PUT /api/colors/:name should return 404 when updating a non-existent color","","Thu May 28 14:26:35 UTC 2026","passed","Thu May 28 14:26:35 UTC 2026","","Server Integration Tests (Testcontainers)","Server Integration Tests (Testcontainers) PUT /api/colors/:name should return 404 when updating a non-existent color",""
"","785","first color chip is active on load (aria-pressed=true)","Chrome","Thu May 28 14:37:49 UTC 2026","passed","Thu May 28 14:37:50 UTC 2026","Color Management — Add & Delete","","",""
"","1093","verify Red ( #e74c3c ) is applied as the background color","Chrome","Thu May 28 14:41:22 UTC 2026","passed","Thu May 28 14:41:23 UTC 2026","POM Refactored: Background color tests","","",""
"","8","Server Integration Tests (Testcontainers) GET /api/colors/:name should return 404 for a non-existent color","","Thu May 28 14:26:35 UTC 2026","passed","Thu May 28 14:26:35 UTC 2026","","Server Integration Tests (Testcontainers)","Server Integration Tests (Testcontainers) GET /api/colors/:name should return 404 for a non-existent color",""
"","0","Utility Functions hexToRgb parses hex without the leading #","","Thu May 28 14:26:15 UTC 2026","passed","Thu May 28 14:26:15 UTC 2026","","Utility Functions","Utility Functions hexToRgb parses hex without the leading #",""
"","12","Server Unit Tests DELETE /api/colors/:name deletes an existing color and returns success message","","Thu May 28 14:26:26 UTC 2026","passed","Thu May 28 14:26:26 UTC 2026","","Server Unit Tests","Server Unit Tests DELETE /api/colors/:name deletes an existing color and returns success message",""
"","6","Server Unit Tests GET /api/colors/:name returns Yellow color correctly","","Thu May 28 14:26:26 UTC 2026","passed","Thu May 28 14:26:26 UTC 2026","","Server Unit Tests","Server Unit Tests GET /api/colors/:name returns Yellow color correctly",""
"","4","Server Unit Tests POST /api/reseed returns 401 when token is incorrect","","Thu May 28 14:26:26 UTC 2026","passed","Thu May 28 14:26:26 UTC 2026","","Server Unit Tests","Server Unit Tests POST /api/reseed returns 401 when token is incorrect",""
"","5","Server Unit Tests Error Handling POST /api/colors returns 409 when database throws duplicate key error (code 11000)","","Thu May 28 14:26:26 UTC 2026","passed","Thu May 28 14:26:26 UTC 2026","","Server Unit Tests","Server Unit Tests Error Handling POST /api/colors returns 409 when database throws duplicate key error (code 11000)",""
"","6","Server Unit Tests Middleware JSON error middleware ignores SyntaxError with status != 400","","Thu May 28 14:26:26 UTC 2026","passed","Thu May 28 14:26:26 UTC 2026","","Server Unit Tests","Server Unit Tests Middleware JSON error middleware ignores SyntaxError with status != 400",""
"","0","Utility Functions rgbToHsl r max with g<b (#ff0040) → h near 345","","Thu May 28 14:26:15 UTC 2026","passed","Thu May 28 14:26:15 UTC 2026","","Utility Functions","Utility Functions rgbToHsl r max with g<b (#ff0040) → h near 345",""
"","603","Example #3","BDD","Thu May 28 14:30:37 UTC 2026","passed","Thu May 28 14:30:37 UTC 2026","Language Switching > Switch language and verify translated UI labels","","",""
"","47","Frontend Unit Tests App Component deleting a non-active color keeps the current background","","Thu May 28 14:26:15 UTC 2026","passed","Thu May 28 14:26:15 UTC 2026","","Frontend Unit Tests","Frontend Unit Tests App Component deleting a non-active color keeps the current background",""
"","30613","should maintain accessibility after state change (color update)","Chrome","Thu May 28 14:37:13 UTC 2026","broken","Thu May 28 14:37:44 UTC 2026","Accessibility Tests","","",""
"","1421","shows server-error message on 500 inside the picker","Chrome","Thu May 28 14:37:56 UTC 2026","passed","Thu May 28 14:37:57 UTC 2026","Color Management — Add & Delete","","",""
"","340","GET /api/colors should return all colors","Chrome","Thu May 28 14:37:47 UTC 2026","failed","Thu May 28 14:37:47 UTC 2026","Backend API Integration","","",""
"","44","Frontend Unit Tests App Component add color 400 shows data.error message","","Thu May 28 14:26:15 UTC 2026","passed","Thu May 28 14:26:15 UTC 2026","","Frontend Unit Tests","Frontend Unit Tests App Component add color 400 shows data.error message",""
"","23","Component Tests ColorPicker typing in name input clears name error","","Thu May 28 14:26:15 UTC 2026","passed","Thu May 28 14:26:15 UTC 2026","","Utility Functions","Component Tests ColorPicker typing in name input clears name error",""
"","1229","changing color to Turquoise should reflect in UI and DOM","Chrome","Thu May 28 14:39:43 UTC 2026","passed","Thu May 28 14:39:44 UTC 2026","Data-Driven Testing","","",""
"","0","Utility Functions hslToRgb lightness=0 gives black","","Thu May 28 14:26:15 UTC 2026","passed","Thu May 28 14:26:15 UTC 2026","","Utility Functions","Utility Functions hslToRgb lightness=0 gives black",""
"","1428","shows client-side validation error for invalid name chars","Chrome","Thu May 28 14:37:54 UTC 2026","passed","Thu May 28 14:37:56 UTC 2026","Color Management — Add & Delete","","",""
"","0","Utility Functions rgbToHex converts pure blue","","Thu May 28 14:26:15 UTC 2026","passed","Thu May 28 14:26:15 UTC 2026","","Utility Functions","Utility Functions rgbToHex converts pure blue",""
"","11","Server Unit Tests Error Handling POST /api/colors returns 500 when database fails (findOne)","","Thu May 28 14:26:26 UTC 2026","passed","Thu May 28 14:26:26 UTC 2026","","Server Unit Tests","Server Unit Tests Error Handling POST /api/colors returns 500 when database fails (findOne)",""
"","10","Server Integration Tests (Testcontainers) POST /api/colors should accept a single alphanumeric character as a name","","Thu May 28 14:26:35 UTC 2026","passed","Thu May 28 14:26:35 UTC 2026","","Server Integration Tests (Testcontainers)","Server Integration Tests (Testcontainers) POST /api/colors should accept a single alphanumeric character as a name",""
"","25","Component Tests ColorPicker close (×) button calls onCancel","","Thu May 28 14:26:15 UTC 2026","passed","Thu May 28 14:26:15 UTC 2026","","Utility Functions","Component Tests ColorPicker close (×) button calls onCancel",""
"","11","Server Integration Tests (Testcontainers) GET /api/colors should return colors sorted alphabetically by name","","Thu May 28 14:26:35 UTC 2026","passed","Thu May 28 14:26:35 UTC 2026","","Server Integration Tests (Testcontainers)","Server Integration Tests (Testcontainers) GET /api/colors should return colors sorted alphabetically by name",""
"","6326","should maintain accessibility in en language and verify resilient locators","Chrome","Thu May 28 14:36:39 UTC 2026","failed","Thu May 28 14:36:45 UTC 2026","i18n Accessibility Tests","","",""
"","73","SQL injection characters in name are rejected (400)","Chrome","Thu May 28 14:41:27 UTC 2026","passed","Thu May 28 14:41:27 UTC 2026","Security > Injection Prevention","","",""
"","5","Server Integration Tests (Testcontainers) POST /api/reseed should return 401 when token is invalid","","Thu May 28 14:26:35 UTC 2026","passed","Thu May 28 14:26:35 UTC 2026","","Server Integration Tests (Testcontainers)","Server Integration Tests (Testcontainers) POST /api/reseed should return 401 when token is invalid",""
"","1","Utility Functions hslToRgb hue=180 (cyan) → [0,255,255]","","Thu May 28 14:26:15 UTC 2026","passed","Thu May 28 14:26:15 UTC 2026","","Utility Functions","Utility Functions hslToRgb hue=180 (cyan) → [0,255,255]",""
"","7","Server Unit Tests 405 Method Not Allowed returns 405 for POST, PUT, DELETE on /openapi.json","","Thu May 28 14:26:26 UTC 2026","passed","Thu May 28 14:26:26 UTC 2026","","Server Unit Tests","Server Unit Tests 405 Method Not Allowed returns 405 for POST, PUT, DELETE on /openapi.json",""
"","8","Server Unit Tests POST /api/colors accepts single alphanumeric characters as names","","Thu May 28 14:26:26 UTC 2026","passed","Thu May 28 14:26:26 UTC 2026","","Server Unit Tests","Server Unit Tests POST /api/colors accepts single alphanumeric characters as names",""
"","0","Utility Functions hslToRgb lightness=1 gives white","","Thu May 28 14:26:15 UTC 2026","passed","Thu May 28 14:26:15 UTC 2026","","Utility Functions","Utility Functions hslToRgb lightness=1 gives white",""
"","762","should show loading state when API returns empty colors","Chrome","Thu May 28 14:41:16 UTC 2026","passed","Thu May 28 14:41:17 UTC 2026","UI Error Handling Coverage","","",""
"","8","Server Unit Tests Surviving Mutants & Edge Cases Regex & Validation hex regex kills mutants by testing boundaries and formats","","Thu May 28 14:26:26 UTC 2026","passed","Thu May 28 14:26:26 UTC 2026","","Server Unit Tests","Server Unit Tests Surviving Mutants & Edge Cases Regex & Validation hex regex kills mutants by testing boundaries and formats",""
"","5","Server Unit Tests Error Handling PUT /api/colors/:name returns 409 when database throws duplicate key error (code 11000) on save","","Thu May 28 14:26:26 UTC 2026","passed","Thu May 28 14:26:26 UTC 2026","","Server Unit Tests","Server Unit Tests Error Handling PUT /api/colors/:name returns 409 when database throws duplicate key error (code 11000) on save",""
"","12","Server Unit Tests Surviving Mutants & Edge Cases Strict Path & Method Validation kills mutants that change route paths to empty string","","Thu May 28 14:26:26 UTC 2026","passed","Thu May 28 14:26:26 UTC 2026","","Server Unit Tests","Server Unit Tests Surviving Mutants & Edge Cases Strict Path & Method Validation kills mutants that change route paths to empty string",""
"","6","Server Unit Tests Middleware JSON error middleware passes non-syntax errors to next()","","Thu May 28 14:26:26 UTC 2026","passed","Thu May 28 14:26:26 UTC 2026","","Server Unit Tests","Server Unit Tests Middleware JSON error middleware passes non-syntax errors to next()",""
"","709","should delete an existing color","Chrome","Thu May 28 14:37:49 UTC 2026","passed","Thu May 28 14:37:49 UTC 2026","Backend API Integration > DELETE /api/colors/:name","","",""
"","67","Frontend Unit Tests App Component handles null data from initial fetch gracefully","","Thu May 28 14:26:15 UTC 2026","passed","Thu May 28 14:26:15 UTC 2026","","Frontend Unit Tests","Frontend Unit Tests App Component handles null data from initial fetch gracefully",""
"","4","Server Unit Tests POST /api/reseed returns 401 when RESEED_API_TOKEN is not configured","","Thu May 28 14:26:26 UTC 2026","passed","Thu May 28 14:26:26 UTC 2026","","Server Unit Tests","Server Unit Tests POST /api/reseed returns 401 when RESEED_API_TOKEN is not configured",""
"","0","Utility Functions rgbToHex pads single-digit hex values with leading zero","","Thu May 28 14:26:15 UTC 2026","passed","Thu May 28 14:26:15 UTC 2026","","Utility Functions","Utility Functions rgbToHex pads single-digit hex values with leading zero",""
"","822","Background stays unchanged when fetching a specific color fails","BDD","Thu May 28 14:30:34 UTC 2026","passed","Thu May 28 14:30:35 UTC 2026","API Error Handling","","",""
"","4","Server Unit Tests 405 Method Not Allowed returns 405 for PATCH on /api/colors/:name","","Thu May 28 14:26:26 UTC 2026","passed","Thu May 28 14:26:26 UTC 2026","","Server Unit Tests","Server Unit Tests 405 Method Not Allowed returns 405 for PATCH on /api/colors/:name",""
"","0","Utility Functions rgbToHex value 16 does not pad","","Thu May 28 14:26:15 UTC 2026","passed","Thu May 28 14:26:15 UTC 2026","","Utility Functions","Utility Functions rgbToHex value 16 does not pad",""
"","0","Utility Functions rgbToHex output is lowercase","","Thu May 28 14:26:15 UTC 2026","passed","Thu May 28 14:26:15 UTC 2026","","Utility Functions","Utility Functions rgbToHex output is lowercase",""
"","6","Server Unit Tests POST /api/colors applies the createColorLimiter rate limit headers","","Thu May 28 14:26:26 UTC 2026","passed","Thu May 28 14:26:26 UTC 2026","","Server Unit Tests","Server Unit Tests POST /api/colors applies the createColorLimiter rate limit headers",""
"","1006","verify Red ( #e74c3c ) is applied as the background color","Chrome","Thu May 28 14:38:02 UTC 2026","passed","Thu May 28 14:38:03 UTC 2026","Background color tests","","",""
"","2149","deleting the active color switches background to the first remaining","Chrome","Thu May 28 14:37:59 UTC 2026","passed","Thu May 28 14:38:01 UTC 2026","Color Management — Add & Delete","","",""
"","38","Frontend Unit Tests App Component existingNames passed to ColorPicker matches current color list","","Thu May 28 14:26:15 UTC 2026","passed","Thu May 28 14:26:15 UTC 2026","","Frontend Unit Tests","Frontend Unit Tests App Component existingNames passed to ColorPicker matches current color list",""
"","162","X-Powered-By header is not exposed","Chrome","Thu May 28 14:41:28 UTC 2026","passed","Thu May 28 14:41:28 UTC 2026","Security > Security Headers","","",""
"","1","Utility Functions readableOn returns #fff for a very dark blue","","Thu May 28 14:26:15 UTC 2026","passed","Thu May 28 14:26:15 UTC 2026","","Utility Functions","Utility Functions readableOn returns #fff for a very dark blue",""
"","4","Server Unit Tests DELETE /api/colors/:name returns 404 for a non-existent color","","Thu May 28 14:26:26 UTC 2026","passed","Thu May 28 14:26:26 UTC 2026","","Server Unit Tests","Server Unit Tests DELETE /api/colors/:name returns 404 for a non-existent color",""
"","5","Server Unit Tests 405 Method Not Allowed does not return 405 for allowed GET method on /api/colors","","Thu May 28 14:26:26 UTC 2026","passed","Thu May 28 14:26:26 UTC 2026","","Server Unit Tests","Server Unit Tests 405 Method Not Allowed does not return 405 for allowed GET method on /api/colors",""
"","1041","should display all core elements and handle button interaction","Chrome","Thu May 28 14:32:52 UTC 2026","passed","Thu May 28 14:32:53 UTC 2026","Responsive Design – iPhone SE (375×667)","","",""
"","0","Utility Functions hslToRgb saturation=0 gives pure grey [128,128,128]","","Thu May 28 14:26:15 UTC 2026","passed","Thu May 28 14:26:15 UTC 2026","","Utility Functions","Utility Functions hslToRgb saturation=0 gives pure grey [128,128,128]",""
"","35","Component Tests ColorPicker cancel button calls onCancel","","Thu May 28 14:26:15 UTC 2026","passed","Thu May 28 14:26:15 UTC 2026","","Utility Functions","Component Tests ColorPicker cancel button calls onCancel",""
"","5","Component Tests ConfirmDialog Escape key calls onCancel when not busy","","Thu May 28 14:26:15 UTC 2026","passed","Thu May 28 14:26:15 UTC 2026","","Component Tests","Component Tests ConfirmDialog Escape key calls onCancel when not busy",""
"","46","Frontend Unit Tests App Component handleColorClick shows error on non-2xx response","","Thu May 28 14:26:15 UTC 2026","passed","Thu May 28 14:26:15 UTC 2026","","Frontend Unit Tests","Frontend Unit Tests App Component handleColorClick shows error on non-2xx response",""
"","6614","should load the application and verify core functionality across browsers","WebKit","Thu May 28 14:30:42 UTC 2026","passed","Thu May 28 14:30:49 UTC 2026","Cross-Browser Core Functionality","","",""
"","30727","should load the application and verify core functionality across browsers","Chrome","Thu May 28 14:40:42 UTC 2026","broken","Thu May 28 14:41:13 UTC 2026","Cross-Browser Core Functionality","","",""
"","1704","successfully adds a new color and shows its chip","Chrome","Thu May 28 14:37:53 UTC 2026","passed","Thu May 28 14:37:54 UTC 2026","Color Management — Add & Delete","","",""
"","6","Component Tests ColorPicker falls back to window resize listener when ResizeObserver is not available","","Thu May 28 14:26:15 UTC 2026","passed","Thu May 28 14:26:15 UTC 2026","","Utility Functions","Component Tests ColorPicker falls back to window resize listener when ResizeObserver is not available",""
"","1","Utility Functions rgbToHsl light red (#ff8080): l>0.5, s computed via (2-max-min) branch","","Thu May 28 14:26:15 UTC 2026","passed","Thu May 28 14:26:15 UTC 2026","","Utility Functions","Utility Functions rgbToHsl light red (#ff8080): l>0.5, s computed via (2-max-min) branch",""
"","1468","should create dynamic random color via API and verify through UI","Chrome","Thu May 28 14:41:23 UTC 2026","passed","Thu May 28 14:41:25 UTC 2026","Random Data Testing with faker.js","","",""
