"DESCRIPTION","DURATION IN MS","NAME","PARENT SUITE","START TIME","STATUS","STOP TIME","SUB SUITE","SUITE","TEST CLASS","TEST METHOD"
"","4","Server Unit Tests PUT /api/colors/:name returns 400 for invalid name with special characters","","Mon May 04 06:37:45 UTC 2026","passed","Mon May 04 06:37:45 UTC 2026","","Server Unit Tests","Server Unit Tests PUT /api/colors/:name returns 400 for invalid name with special characters",""
"","33","Component Tests ConfirmDialog confirm button calls onConfirm","","Mon May 04 06:38:10 UTC 2026","passed","Mon May 04 06:38:10 UTC 2026","","Component Tests","Component Tests ConfirmDialog confirm button calls onConfirm",""
"","5","Server Unit Tests POST /api/colors accepts names with the + character","","Mon May 04 06:37:45 UTC 2026","passed","Mon May 04 06:37:45 UTC 2026","","Server Unit Tests","Server Unit Tests POST /api/colors accepts names with the + character",""
"","7","PATCH /api/colors returns 405","Chrome","Mon May 04 06:42:20 UTC 2026","passed","Mon May 04 06:42:20 UTC 2026","Security > HTTP Method Restrictions","tests/security.spec.ts","",""
"","4","Server Unit Tests POST /api/colors returns 400 for completely empty body","","Mon May 04 06:37:45 UTC 2026","passed","Mon May 04 06:37:45 UTC 2026","","Server Unit Tests","Server Unit Tests POST /api/colors returns 400 for completely empty body",""
"","26","Frontend Unit Tests App Component text color on light background is dark","","Mon May 04 06:38:10 UTC 2026","passed","Mon May 04 06:38:10 UTC 2026","","Frontend Unit Tests","Frontend Unit Tests App Component text color on light background is dark",""
"","0","Utility Functions rgbToHsl b max (#0040ff) → h in (180,300)","","Mon May 04 06:38:10 UTC 2026","passed","Mon May 04 06:38:10 UTC 2026","","Utility Functions","Utility Functions rgbToHsl b max (#0040ff) → h in (180,300)",""
"","5","Server Integration Tests (Testcontainers) PUT /api/colors/:name should return 400 for invalid hex format on update","","Mon May 04 06:37:35 UTC 2026","passed","Mon May 04 06:37:35 UTC 2026","","Server Integration Tests (Testcontainers)","Server Integration Tests (Testcontainers) PUT /api/colors/:name should return 400 for invalid hex format on update",""
"","6","Server Unit Tests 405 Method Not Allowed returns 405 for POST, PUT, DELETE on /openapi.json","","Mon May 04 06:37:45 UTC 2026","passed","Mon May 04 06:37:45 UTC 2026","","Server Unit Tests","Server Unit Tests 405 Method Not Allowed returns 405 for POST, PUT, DELETE on /openapi.json",""
"","8","Server Integration Tests (Testcontainers) GET /api/colors/:name should return 404 for a non-existent color","","Mon May 04 06:37:35 UTC 2026","passed","Mon May 04 06:37:35 UTC 2026","","Server Integration Tests (Testcontainers)","Server Integration Tests (Testcontainers) GET /api/colors/:name should return 404 for a non-existent color",""
"","2026","should load the application and verify core functionality across browsers","Firefox","Mon May 04 06:43:29 UTC 2026","passed","Mon May 04 06:43:31 UTC 2026","Cross-Browser Core Functionality","","",""
"","1","Utility Functions readableOn returns #111 for light-grey (L≈0.60, above 0.179 threshold)","","Mon May 04 06:38:10 UTC 2026","passed","Mon May 04 06:38:10 UTC 2026","","Utility Functions","Utility Functions readableOn returns #111 for light-grey (L≈0.60, above 0.179 threshold)",""
"","14","POST with javascript: URI in name is rejected (400)","Chrome","Mon May 04 06:42:17 UTC 2026","passed","Mon May 04 06:42:17 UTC 2026","Security > XSS Prevention","tests/security.spec.ts","",""
"","9","Server Unit Tests Error Handling PUT /api/colors/:name returns 500 when database fails","","Mon May 04 06:37:45 UTC 2026","passed","Mon May 04 06:37:45 UTC 2026","","Server Unit Tests","Server Unit Tests Error Handling PUT /api/colors/:name returns 500 when database fails",""
"","27","Frontend Unit Tests App Component colors.length > 0 does NOT show loading text","","Mon May 04 06:38:10 UTC 2026","passed","Mon May 04 06:38:10 UTC 2026","","Frontend Unit Tests","Frontend Unit Tests App Component colors.length > 0 does NOT show loading text",""
"","683","handle initial fetch with empty data","Chrome","Mon May 04 06:42:01 UTC 2026","passed","Mon May 04 06:42:02 UTC 2026","Edge cases and error handling","tests/coverage.spec.ts","",""
"","0","Utility Functions rgbToHex converts arbitrary color","","Mon May 04 06:38:10 UTC 2026","passed","Mon May 04 06:38:10 UTC 2026","","Utility Functions","Utility Functions rgbToHex converts arbitrary color",""
"","0","Utility Functions hslToRgb hue=300 (magenta) → [255,0,255]","","Mon May 04 06:38:10 UTC 2026","passed","Mon May 04 06:38:10 UTC 2026","","Utility Functions","Utility Functions hslToRgb hue=300 (magenta) → [255,0,255]",""
"","46","Frontend Unit Tests App Component handleColorClick shows error alert on fetch failure","","Mon May 04 06:38:10 UTC 2026","passed","Mon May 04 06:38:10 UTC 2026","","Frontend Unit Tests","Frontend Unit Tests App Component handleColorClick shows error alert on fetch failure",""
"","7","Server Integration Tests (Testcontainers) POST /api/colors should return 400 when name is missing","","Mon May 04 06:37:35 UTC 2026","passed","Mon May 04 06:37:35 UTC 2026","","Server Integration Tests (Testcontainers)","Server Integration Tests (Testcontainers) POST /api/colors should return 400 when name is missing",""
"","5","Component Tests ConfirmDialog Enter key does NOT call onConfirm when busy","","Mon May 04 06:38:10 UTC 2026","passed","Mon May 04 06:38:10 UTC 2026","","Component Tests","Component Tests ConfirmDialog Enter key does NOT call onConfirm when busy",""
"","46","Frontend Unit Tests App Component deleting the last color sets activeName to null","","Mon May 04 06:38:10 UTC 2026","passed","Mon May 04 06:38:10 UTC 2026","","Frontend Unit Tests","Frontend Unit Tests App Component deleting the last color sets activeName to null",""
"","10","SQL injection characters in name are rejected (400)","Chrome","Mon May 04 06:42:20 UTC 2026","passed","Mon May 04 06:42:20 UTC 2026","Security > Injection Prevention","tests/security.spec.ts","",""
"","19","GET /api/colors/Yellow should return the correct hex code","Chrome","Mon May 04 06:43:19 UTC 2026","passed","Mon May 04 06:43:19 UTC 2026","Backend API Integration","","",""
"","0","Utility Functions hslToRgb hue=150 (spring green) → [0,255,128]","","Mon May 04 06:38:10 UTC 2026","passed","Mon May 04 06:38:10 UTC 2026","","Utility Functions","Utility Functions hslToRgb hue=150 (spring green) → [0,255,128]",""
"","12","NoSQL $where operator in name is rejected (400)","Chrome","Mon May 04 06:42:20 UTC 2026","passed","Mon May 04 06:42:20 UTC 2026","Security > Injection Prevention","tests/security.spec.ts","",""
"","316","Server Unit Tests Surviving Mutants & Edge Cases Port Fallback uses default PORT 5001 when process.env.PORT is missing","","Mon May 04 06:37:45 UTC 2026","passed","Mon May 04 06:37:45 UTC 2026","","Server Unit Tests","Server Unit Tests Surviving Mutants & Edge Cases Port Fallback uses default PORT 5001 when process.env.PORT is missing",""
"","1449","DELETE /api/colors/{name}","","","passed","","","schemathesis","",""
"","12","Server Integration Tests (Testcontainers) Concurrent writes should handle parallel GETs without errors","","Mon May 04 06:37:35 UTC 2026","passed","Mon May 04 06:37:35 UTC 2026","","Server Integration Tests (Testcontainers)","Server Integration Tests (Testcontainers) Concurrent writes should handle parallel GETs without errors",""
"","10","Server Unit Tests PUT /api/colors/:name updates the name of an existing color and preserves hex","","Mon May 04 06:37:45 UTC 2026","passed","Mon May 04 06:37:45 UTC 2026","","Server Unit Tests","Server Unit Tests PUT /api/colors/:name updates the name of an existing color and preserves hex",""
"","8","Component Tests ConfirmDialog title is rendered in the element with id confirm-title","","Mon May 04 06:38:10 UTC 2026","passed","Mon May 04 06:38:10 UTC 2026","","Component Tests","Component Tests ConfirmDialog title is rendered in the element with id confirm-title",""
"","1160","changing color to Red should reflect in UI and DOM","Chrome","Mon May 04 06:42:03 UTC 2026","passed","Mon May 04 06:42:04 UTC 2026","Data-Driven Testing","tests/data-driven.spec.ts","",""
"","16","Frontend Unit Tests App Component shows loading text when colors array is empty","","Mon May 04 06:38:10 UTC 2026","passed","Mon May 04 06:38:10 UTC 2026","","Frontend Unit Tests","Frontend Unit Tests App Component shows loading text when colors array is empty",""
"","6","Server Unit Tests Surviving Mutants & Edge Cases Regex & Validation Zod required_error messages are correct","","Mon May 04 06:37:45 UTC 2026","passed","Mon May 04 06:37:45 UTC 2026","","Server Unit Tests","Server Unit Tests Surviving Mutants & Edge Cases Regex & Validation Zod required_error messages are correct",""
"","3","Server Unit Tests Surviving Mutants & Edge Cases Swagger Metadata & OpenAPI has exact application/json content-type","","Mon May 04 06:37:45 UTC 2026","passed","Mon May 04 06:37:45 UTC 2026","","Server Unit Tests","Server Unit Tests Surviving Mutants & Edge Cases Swagger Metadata & OpenAPI has exact application/json content-type",""
"","84","Frontend Unit Tests App Component deleting is false again after a failed delete (finally block)","","Mon May 04 06:38:10 UTC 2026","passed","Mon May 04 06:38:10 UTC 2026","","Frontend Unit Tests","Frontend Unit Tests App Component deleting is false again after a failed delete (finally block)",""
"","4","Frontend Unit Tests i18n Configuration should translate keys correctly","","Mon May 04 06:38:12 UTC 2026","passed","Mon May 04 06:38:12 UTC 2026","","Frontend Unit Tests","Frontend Unit Tests i18n Configuration should translate keys correctly",""
"","67","Frontend Unit Tests App Component handles non-array initial fetch response gracefully","","Mon May 04 06:38:10 UTC 2026","passed","Mon May 04 06:38:10 UTC 2026","","Frontend Unit Tests","Frontend Unit Tests App Component handles non-array initial fetch response gracefully",""
"","8","Server Unit Tests seedDatabase clears existing colors and re-seeds with 3 defaults","","Mon May 04 06:37:45 UTC 2026","passed","Mon May 04 06:37:45 UTC 2026","","Server Unit Tests","Server Unit Tests seedDatabase clears existing colors and re-seeds with 3 defaults",""
"","12","Component Tests ColorPicker renders the color wheel canvas","","Mon May 04 06:38:10 UTC 2026","passed","Mon May 04 06:38:10 UTC 2026","","Utility Functions","Component Tests ColorPicker renders the color wheel canvas",""
"","1036","verify Yellow ( #f1c40f ) is applied as the background color","Chrome","Mon May 04 06:42:07 UTC 2026","passed","Mon May 04 06:42:08 UTC 2026","POM Refactored: Background color tests","tests/pom-refactored.spec.ts","",""
"","3","Server Unit Tests POST /api/colors returns 400 for name with whitespace","","Mon May 04 06:37:45 UTC 2026","passed","Mon May 04 06:37:45 UTC 2026","","Server Unit Tests","Server Unit Tests POST /api/colors returns 400 for name with whitespace",""
"","20","Frontend Unit Tests App Component labelFor falls back to color name for unknown/custom color","","Mon May 04 06:38:10 UTC 2026","passed","Mon May 04 06:38:10 UTC 2026","","Frontend Unit Tests","Frontend Unit Tests App Component labelFor falls back to color name for unknown/custom color",""
"","27","Component Tests ColorPicker lightness slider min value (0) gives black","","Mon May 04 06:38:10 UTC 2026","passed","Mon May 04 06:38:10 UTC 2026","","Utility Functions","Component Tests ColorPicker lightness slider min value (0) gives black",""
"Performance Test: UI Performance Test
File: ui-performance.spec.ts
Total Iterations: 1
Max VUs: 1

HTTP Request Duration:
- Avg: 2.81ms
- P(95): 2.81ms
- Max: 2.81ms

Full metrics attached in the results.","33438","UI Performance Test","Performance","Mon May 04 06:40:34 UTC 2026","passed","Mon May 04 06:41:08 UTC 2026","ui-performance.spec.ts","UI Performance Test","",""
"","0","Utility Functions hslToRgb hue=270 (violet) → [128,0,255]","","Mon May 04 06:38:10 UTC 2026","passed","Mon May 04 06:38:10 UTC 2026","","Utility Functions","Utility Functions hslToRgb hue=270 (violet) → [128,0,255]",""
"","14","Utility Functions hslToRgb hue just below 60 is in sector 0, not sector 1","","Mon May 04 06:38:10 UTC 2026","passed","Mon May 04 06:38:10 UTC 2026","","Utility Functions","Utility Functions hslToRgb hue just below 60 is in sector 0, not sector 1",""
"","27","POST with script tag in name is rejected (400)","Chrome","Mon May 04 06:42:17 UTC 2026","passed","Mon May 04 06:42:17 UTC 2026","Security > XSS Prevention","tests/security.spec.ts","",""
"","36","Frontend Unit Tests App Component confirm dialog Escape key closes it","","Mon May 04 06:38:10 UTC 2026","passed","Mon May 04 06:38:10 UTC 2026","","Frontend Unit Tests","Frontend Unit Tests App Component confirm dialog Escape key closes it",""
"","4","Server Unit Tests 405 Method Not Allowed does not return 405 for allowed GET method on /api/colors/:name","","Mon May 04 06:37:45 UTC 2026","passed","Mon May 04 06:37:45 UTC 2026","","Server Unit Tests","Server Unit Tests 405 Method Not Allowed does not return 405 for allowed GET method on /api/colors/:name",""
"","4","Server Unit Tests Middleware handles non-JSON content type gracefully on POST","","Mon May 04 06:37:45 UTC 2026","passed","Mon May 04 06:37:45 UTC 2026","","Server Unit Tests","Server Unit Tests Middleware handles non-JSON content type gracefully on POST",""
"","8","Server Unit Tests Surviving Mutants & Edge Cases PUT logic kills name/hex conditional mutants by providing only one field","","Mon May 04 06:37:45 UTC 2026","passed","Mon May 04 06:37:45 UTC 2026","","Server Unit Tests","Server Unit Tests Surviving Mutants & Edge Cases PUT logic kills name/hex conditional mutants by providing only one field",""
"","22","Server Integration Tests (Testcontainers) POST /api/colors should create a new color and persist it in the real database","","Mon May 04 06:37:35 UTC 2026","passed","Mon May 04 06:37:35 UTC 2026","","Server Integration Tests (Testcontainers)","Server Integration Tests (Testcontainers) POST /api/colors should create a new color and persist it in the real database",""
"","45","Frontend Unit Tests App Component add color 500 shows server error message","","Mon May 04 06:38:10 UTC 2026","passed","Mon May 04 06:38:10 UTC 2026","","Frontend Unit Tests","Frontend Unit Tests App Component add color 500 shows server error message",""
"","71","Frontend Unit Tests App Component delete sends DELETE request with correct method","","Mon May 04 06:38:10 UTC 2026","passed","Mon May 04 06:38:10 UTC 2026","","Frontend Unit Tests","Frontend Unit Tests App Component delete sends DELETE request with correct method",""
"","754","should create dynamic random color via API and verify through UI","Chrome","Mon May 04 06:42:17 UTC 2026","passed","Mon May 04 06:42:18 UTC 2026","Random Data Testing with faker.js","tests/random-data.spec.ts","",""
"","137","Component Tests ConfirmDialog renders title, body, and both buttons","","Mon May 04 06:38:10 UTC 2026","passed","Mon May 04 06:38:10 UTC 2026","","Component Tests","Component Tests ConfirmDialog renders title, body, and both buttons",""
"","0","Utility Functions hslToRgb low lightness l=0.25 → [128,0,0]","","Mon May 04 06:38:10 UTC 2026","passed","Mon May 04 06:38:10 UTC 2026","","Utility Functions","Utility Functions hslToRgb low lightness l=0.25 → [128,0,0]",""
"","34","Component Tests ColorPicker lightness slider max value (100) gives white","","Mon May 04 06:38:10 UTC 2026","passed","Mon May 04 06:38:10 UTC 2026","","Utility Functions","Component Tests ColorPicker lightness slider max value (100) gives white",""
"","1","Utility Functions hslToRgb hue=90 (chartreuse) → [128,255,0]","","Mon May 04 06:38:10 UTC 2026","passed","Mon May 04 06:38:10 UTC 2026","","Utility Functions","Utility Functions hslToRgb hue=90 (chartreuse) → [128,255,0]",""
"","29","Component Tests ColorPicker mousemove after mouseup does NOT update color (dragging stopped)","","Mon May 04 06:38:10 UTC 2026","passed","Mon May 04 06:38:10 UTC 2026","","Utility Functions","Component Tests ColorPicker mousemove after mouseup does NOT update color (dragging stopped)",""
"","1","Utility Functions hslToRgb lightness=1 gives white","","Mon May 04 06:38:10 UTC 2026","passed","Mon May 04 06:38:10 UTC 2026","","Utility Functions","Utility Functions hslToRgb lightness=1 gives white",""
"","112","Frontend Unit Tests App Component handleColorClick does nothing when data has no hex","","Mon May 04 06:38:10 UTC 2026","passed","Mon May 04 06:38:10 UTC 2026","","Frontend Unit Tests","Frontend Unit Tests App Component handleColorClick does nothing when data has no hex",""
"","1","Utility Functions rgbToHsl g max with b>r (#00ff80) → h near 150","","Mon May 04 06:38:10 UTC 2026","passed","Mon May 04 06:38:10 UTC 2026","","Utility Functions","Utility Functions rgbToHsl g max with b>r (#00ff80) → h near 150",""
"","681","verify Turquoise ( #1abc9c ) is applied as the background color","Chrome","Mon May 04 06:42:07 UTC 2026","passed","Mon May 04 06:42:07 UTC 2026","POM Refactored: Background color tests","tests/pom-refactored.spec.ts","",""
"","0","Utility Functions hslToRgb saturation clamped: s=-0.5 treated as s=0","","Mon May 04 06:38:10 UTC 2026","passed","Mon May 04 06:38:10 UTC 2026","","Utility Functions","Utility Functions hslToRgb saturation clamped: s=-0.5 treated as s=0",""
"","42","Frontend Unit Tests App Component initial background is first color hex","","Mon May 04 06:38:10 UTC 2026","passed","Mon May 04 06:38:10 UTC 2026","","Frontend Unit Tests","Frontend Unit Tests App Component initial background is first color hex",""
"","0","Utility Functions rgbToHsl pure green → h=120, s=1, l=0.5","","Mon May 04 06:38:10 UTC 2026","passed","Mon May 04 06:38:10 UTC 2026","","Utility Functions","Utility Functions rgbToHsl pure green → h=120, s=1, l=0.5",""
"","0","Utility Functions rgbToHex converts pure green","","Mon May 04 06:38:10 UTC 2026","passed","Mon May 04 06:38:10 UTC 2026","","Utility Functions","Utility Functions rgbToHex converts pure green",""
"","24","Server Integration Tests (Testcontainers) End-to-end CRUD workflow should create, read, update, and delete a color in sequence","","Mon May 04 06:37:35 UTC 2026","passed","Mon May 04 06:37:35 UTC 2026","","Server Integration Tests (Testcontainers)","Server Integration Tests (Testcontainers) End-to-end CRUD workflow should create, read, update, and delete a color in sequence",""
"","1382","POST /api/colors","","","passed","","","schemathesis","",""
"","1046","shows client-side validation error for invalid name chars","Chrome","Mon May 04 06:42:07 UTC 2026","passed","Mon May 04 06:42:08 UTC 2026","Color Management — Add & Delete","tests/color-management.spec.ts","",""
"","4","Server Unit Tests PUT /api/colors/:name returns 400 for extra unknown fields (strict schema)","","Mon May 04 06:37:45 UTC 2026","passed","Mon May 04 06:37:45 UTC 2026","","Server Unit Tests","Server Unit Tests PUT /api/colors/:name returns 400 for extra unknown fields (strict schema)",""
"","3314","should load the application and verify core functionality across browsers","WebKit","Mon May 04 06:43:30 UTC 2026","passed","Mon May 04 06:43:33 UTC 2026","Cross-Browser Core Functionality","","",""
"","9","Component Tests ColorPicker non-Enter key on name input does not trigger submit","","Mon May 04 06:38:10 UTC 2026","passed","Mon May 04 06:38:10 UTC 2026","","Utility Functions","Component Tests ColorPicker non-Enter key on name input does not trigger submit",""
"","1057","Cancel button closes the picker","Chrome","Mon May 04 06:42:04 UTC 2026","passed","Mon May 04 06:42:05 UTC 2026","Color Management — Add & Delete","tests/color-management.spec.ts","",""
"","1178","should create color via API and verify through UI","Chrome","Mon May 04 06:42:05 UTC 2026","passed","Mon May 04 06:42:07 UTC 2026","Hybrid E2E Testing","tests/hybrid.spec.ts","",""
"","38","Frontend Unit Tests App Component add color 409 conflict shows picker error (data.error message)","","Mon May 04 06:38:10 UTC 2026","passed","Mon May 04 06:38:10 UTC 2026","","Frontend Unit Tests","Frontend Unit Tests App Component add color 409 conflict shows picker error (data.error message)",""
"","11","Server Unit Tests Surviving Mutants & Edge Cases Regex & Validation STRICT_NAME_REGEX kills mutants on optionality and length","","Mon May 04 06:37:45 UTC 2026","passed","Mon May 04 06:37:45 UTC 2026","","Server Unit Tests","Server Unit Tests Surviving Mutants & Edge Cases Regex & Validation STRICT_NAME_REGEX kills mutants on optionality and length",""
"","18","should reject missing hex","Chrome","Mon May 04 06:43:19 UTC 2026","passed","Mon May 04 06:43:19 UTC 2026","Backend API Integration > POST /api/colors Schema Validation","","",""
"","19","Server Integration Tests (Testcontainers) GET /api/colors/:name should return correct data for Turquoise","","Mon May 04 06:37:35 UTC 2026","passed","Mon May 04 06:37:35 UTC 2026","","Server Integration Tests (Testcontainers)","Server Integration Tests (Testcontainers) GET /api/colors/:name should return correct data for Turquoise",""
"","0","Utility Functions hexToRgb parses hex without the leading #","","Mon May 04 06:38:10 UTC 2026","passed","Mon May 04 06:38:10 UTC 2026","","Utility Functions","Utility Functions hexToRgb parses hex without the leading #",""
"","14","Component Tests ColorPicker typing blue hex updates internal state (b is max branch)","","Mon May 04 06:38:10 UTC 2026","passed","Mon May 04 06:38:10 UTC 2026","","Utility Functions","Component Tests ColorPicker typing blue hex updates internal state (b is max branch)",""
"","6","Frontend Unit Tests App Component language selector change calls i18n and updates html lang","","Mon May 04 06:38:10 UTC 2026","passed","Mon May 04 06:38:10 UTC 2026","","Frontend Unit Tests","Frontend Unit Tests App Component language selector change calls i18n and updates html lang",""
"","38","should update a color with valid schema","Chrome","Mon May 04 06:43:19 UTC 2026","passed","Mon May 04 06:43:19 UTC 2026","Backend API Integration > PUT /api/colors/:name Schema Validation","","",""
"","7","Component Tests ConfirmDialog backdrop click calls onCancel when not busy","","Mon May 04 06:38:10 UTC 2026","passed","Mon May 04 06:38:10 UTC 2026","","Component Tests","Component Tests ConfirmDialog backdrop click calls onCancel when not busy",""
"","3","Server Unit Tests POST /api/colors returns 400 when hex is missing","","Mon May 04 06:37:45 UTC 2026","passed","Mon May 04 06:37:45 UTC 2026","","Server Unit Tests","Server Unit Tests POST /api/colors returns 400 when hex is missing",""
"","8","X-Powered-By header is not exposed","Chrome","Mon May 04 06:42:20 UTC 2026","passed","Mon May 04 06:42:20 UTC 2026","Security > Security Headers","tests/security.spec.ts","",""
"","25","Component Tests ConfirmDialog confirmLabel prop is reflected in the button text","","Mon May 04 06:38:10 UTC 2026","passed","Mon May 04 06:38:10 UTC 2026","","Component Tests","Component Tests ConfirmDialog confirmLabel prop is reflected in the button text",""
"","3410","PUT /api/colors/{name}","","","passed","","","schemathesis","",""
"","9","Server Integration Tests (Testcontainers) GET /api/colors/:name should return correct data for Yellow","","Mon May 04 06:37:35 UTC 2026","passed","Mon May 04 06:37:35 UTC 2026","","Server Integration Tests (Testcontainers)","Server Integration Tests (Testcontainers) GET /api/colors/:name should return correct data for Yellow",""
"","6","Server Unit Tests Surviving Mutants & Edge Cases Allowed Methods kills mutants in allowedMethods object","","Mon May 04 06:37:45 UTC 2026","passed","Mon May 04 06:37:45 UTC 2026","","Server Unit Tests","Server Unit Tests Surviving Mutants & Edge Cases Allowed Methods kills mutants in allowedMethods object",""
"","0","Utility Functions readableOn returns #111 for a pale/pastel colour (high luminance)","","Mon May 04 06:38:10 UTC 2026","passed","Mon May 04 06:38:10 UTC 2026","","Utility Functions","Utility Functions readableOn returns #111 for a pale/pastel colour (high luminance)",""
"","32","Component Tests ColorPicker lightness slider change updates the preview","","Mon May 04 06:38:10 UTC 2026","passed","Mon May 04 06:38:10 UTC 2026","","Utility Functions","Component Tests ColorPicker lightness slider change updates the preview",""
"","8","Server Integration Tests (Testcontainers) GET /api/colors/:name should be case-sensitive (lowercase name returns 404)","","Mon May 04 06:37:35 UTC 2026","passed","Mon May 04 06:37:35 UTC 2026","","Server Integration Tests (Testcontainers)","Server Integration Tests (Testcontainers) GET /api/colors/:name should be case-sensitive (lowercase name returns 404)",""
"","52","Frontend Unit Tests App Component add color 501 also triggers server error message (>= 500)","","Mon May 04 06:38:10 UTC 2026","passed","Mon May 04 06:38:10 UTC 2026","","Frontend Unit Tests","Frontend Unit Tests App Component add color 501 also triggers server error message (>= 500)",""
"","5","Server Unit Tests GET /api/colors/:name returns 404 for a non-existent color","","Mon May 04 06:37:45 UTC 2026","passed","Mon May 04 06:37:45 UTC 2026","","Server Unit Tests","Server Unit Tests GET /api/colors/:name returns 404 for a non-existent color",""
"","26","Component Tests ColorPicker typing in name input clears name error","","Mon May 04 06:38:10 UTC 2026","passed","Mon May 04 06:38:10 UTC 2026","","Utility Functions","Component Tests ColorPicker typing in name input clears name error",""
"","5","Server Unit Tests POST /api/colors applies the createColorLimiter rate limit headers","","Mon May 04 06:37:45 UTC 2026","passed","Mon May 04 06:37:45 UTC 2026","","Server Unit Tests","Server Unit Tests POST /api/colors applies the createColorLimiter rate limit headers",""
"","0","Utility Functions hslToRgb lightness clamped: l=-0.5 gives black","","Mon May 04 06:38:10 UTC 2026","passed","Mon May 04 06:38:10 UTC 2026","","Utility Functions","Utility Functions hslToRgb lightness clamped: l=-0.5 gives black",""
"","1188","shows client-side ""Name is required"" when submitting empty name","Chrome","Mon May 04 06:42:06 UTC 2026","passed","Mon May 04 06:42:07 UTC 2026","Color Management — Add & Delete","tests/color-management.spec.ts","",""
"","815","Example #2","BDD","Mon May 04 06:43:24 UTC 2026","passed","Mon May 04 06:43:25 UTC 2026","Home Page Background Color > Change background color","","",""
"","8","Component Tests ConfirmDialog backdrop click does NOT call onCancel when busy","","Mon May 04 06:38:10 UTC 2026","passed","Mon May 04 06:38:10 UTC 2026","","Component Tests","Component Tests ConfirmDialog backdrop click does NOT call onCancel when busy",""
"","20","should delete an existing color","Chrome","Mon May 04 06:43:19 UTC 2026","passed","Mon May 04 06:43:19 UTC 2026","Backend API Integration > DELETE /api/colors/:name","","",""
"","1","Utility Functions rgbToHsl dark red (#800000): l<0.5, s=1 (l<=0.5 saturation branch)","","Mon May 04 06:38:10 UTC 2026","passed","Mon May 04 06:38:10 UTC 2026","","Utility Functions","Utility Functions rgbToHsl dark red (#800000): l<0.5, s=1 (l<=0.5 saturation branch)",""
"","57","Frontend Unit Tests App Component handleColorClick clears previous error on new successful click","","Mon May 04 06:38:10 UTC 2026","passed","Mon May 04 06:38:10 UTC 2026","","Frontend Unit Tests","Frontend Unit Tests App Component handleColorClick clears previous error on new successful click",""
"","28","Component Tests ColorPicker submit with empty name shows ""Name is required"" error","","Mon May 04 06:38:10 UTC 2026","passed","Mon May 04 06:38:10 UTC 2026","","Utility Functions","Component Tests ColorPicker submit with empty name shows ""Name is required"" error",""
"","0","Utility Functions readableOn returns #111 for white (very light, L=1)","","Mon May 04 06:38:10 UTC 2026","passed","Mon May 04 06:38:10 UTC 2026","","Utility Functions","Utility Functions readableOn returns #111 for white (very light, L=1)",""
"","17","Component Tests ConfirmDialog cancelLabel prop is reflected in the button text","","Mon May 04 06:38:10 UTC 2026","passed","Mon May 04 06:38:10 UTC 2026","","Component Tests","Component Tests ConfirmDialog cancelLabel prop is reflected in the button text",""
"","13","Component Tests ConfirmDialog swatch div has the correct background color","","Mon May 04 06:38:10 UTC 2026","passed","Mon May 04 06:38:10 UTC 2026","","Component Tests","Component Tests ConfirmDialog swatch div has the correct background color",""
"","0","Utility Functions hslToRgb hue=120 (green) → [0,255,0]","","Mon May 04 06:38:10 UTC 2026","passed","Mon May 04 06:38:10 UTC 2026","","Utility Functions","Utility Functions hslToRgb hue=120 (green) → [0,255,0]",""
"","0","Utility Functions paintWheelPixel sets alpha to 0 when dist > r (outside circle)","","Mon May 04 06:38:10 UTC 2026","passed","Mon May 04 06:38:10 UTC 2026","","Utility Functions","Utility Functions paintWheelPixel sets alpha to 0 when dist > r (outside circle)",""
"","44","Frontend Unit Tests App Component first loaded color is active (aria-pressed=true)","","Mon May 04 06:38:10 UTC 2026","passed","Mon May 04 06:38:10 UTC 2026","","Frontend Unit Tests","Frontend Unit Tests App Component first loaded color is active (aria-pressed=true)",""
"","0","Utility Functions rgbToHex pads single-digit hex values with leading zero","","Mon May 04 06:38:10 UTC 2026","passed","Mon May 04 06:38:10 UTC 2026","","Utility Functions","Utility Functions rgbToHex pads single-digit hex values with leading zero",""
"","26","Component Tests ColorPicker mousedown at bottom-center (hue=90) sets hex to #80ff00","","Mon May 04 06:38:10 UTC 2026","passed","Mon May 04 06:38:10 UTC 2026","","Utility Functions","Component Tests ColorPicker mousedown at bottom-center (hue=90) sets hex to #80ff00",""
"","18","Server Integration Tests (Testcontainers) GET /api/colors should return an empty array after all colors are deleted","","Mon May 04 06:37:35 UTC 2026","passed","Mon May 04 06:37:35 UTC 2026","","Server Integration Tests (Testcontainers)","Server Integration Tests (Testcontainers) GET /api/colors should return an empty array after all colors are deleted",""
"","27","Frontend Unit Tests App Component labelFor returns translation for known color (Turquoise)","","Mon May 04 06:38:10 UTC 2026","passed","Mon May 04 06:38:10 UTC 2026","","Frontend Unit Tests","Frontend Unit Tests App Component labelFor returns translation for known color (Turquoise)",""
"","15","Component Tests ColorPicker clicking the backdrop calls onCancel","","Mon May 04 06:38:10 UTC 2026","passed","Mon May 04 06:38:10 UTC 2026","","Utility Functions","Component Tests ColorPicker clicking the backdrop calls onCancel",""
"","21","Component Tests ColorPicker typing a valid hex clears the hex error and updates preview","","Mon May 04 06:38:10 UTC 2026","passed","Mon May 04 06:38:10 UTC 2026","","Utility Functions","Component Tests ColorPicker typing a valid hex clears the hex error and updates preview",""
"","56","Frontend Unit Tests App Component delete API error shows error alert without closing dialog","","Mon May 04 06:38:10 UTC 2026","passed","Mon May 04 06:38:10 UTC 2026","","Frontend Unit Tests","Frontend Unit Tests App Component delete API error shows error alert without closing dialog",""
"","9","malformed JSON body returns 400","Chrome","Mon May 04 06:42:20 UTC 2026","passed","Mon May 04 06:42:20 UTC 2026","Security > Input Validation","tests/security.spec.ts","",""
"","753","should gracefully handle a color not found in the database","Chrome","Mon May 04 06:42:07 UTC 2026","passed","Mon May 04 06:42:07 UTC 2026","Network Mocking & Interception","tests/network-mocking.spec.ts","",""
"","4","Server Unit Tests Surviving Mutants & Edge Cases Logs seedDatabase logs success message","","Mon May 04 06:37:45 UTC 2026","passed","Mon May 04 06:37:45 UTC 2026","","Server Unit Tests","Server Unit Tests Surviving Mutants & Edge Cases Logs seedDatabase logs success message",""
"","67","Frontend Unit Tests App Component confirm button shows ""Deleting…"" label while delete is in-flight","","Mon May 04 06:38:10 UTC 2026","passed","Mon May 04 06:38:10 UTC 2026","","Frontend Unit Tests","Frontend Unit Tests App Component confirm button shows ""Deleting…"" label while delete is in-flight",""
"","1172","shows server-error message on 500 inside the picker","Chrome","Mon May 04 06:42:08 UTC 2026","passed","Mon May 04 06:42:09 UTC 2026","Color Management — Add & Delete","tests/color-management.spec.ts","",""
"","743","clicking ""+ Add color"" opens the picker modal","Chrome","Mon May 04 06:42:03 UTC 2026","passed","Mon May 04 06:42:04 UTC 2026","Color Management — Add & Delete","tests/color-management.spec.ts","",""
"","12","Server Integration Tests (Testcontainers) PUT /api/colors/:name should update the hex of an existing color and persist it in the real database","","Mon May 04 06:37:35 UTC 2026","passed","Mon May 04 06:37:35 UTC 2026","","Server Integration Tests (Testcontainers)","Server Integration Tests (Testcontainers) PUT /api/colors/:name should update the hex of an existing color and persist it in the real database",""
"","4","Server Unit Tests POST /api/colors returns 400 for name with special characters","","Mon May 04 06:37:45 UTC 2026","passed","Mon May 04 06:37:45 UTC 2026","","Server Unit Tests","Server Unit Tests POST /api/colors returns 400 for name with special characters",""
"","0","Utility Functions hslToRgb hue=60 (yellow) → [255,255,0]","","Mon May 04 06:38:10 UTC 2026","passed","Mon May 04 06:38:10 UTC 2026","","Utility Functions","Utility Functions hslToRgb hue=60 (yellow) → [255,255,0]",""
"","25","Component Tests ColorPicker submit is blocked when hex input has an error","","Mon May 04 06:38:10 UTC 2026","passed","Mon May 04 06:38:10 UTC 2026","","Utility Functions","Component Tests ColorPicker submit is blocked when hex input has an error",""
"","31","Component Tests ColorPicker submit with duplicate name (client-side) shows duplicate error","","Mon May 04 06:38:10 UTC 2026","passed","Mon May 04 06:38:10 UTC 2026","","Utility Functions","Component Tests ColorPicker submit with duplicate name (client-side) shows duplicate error",""
"","0","Utility Functions hslToRgb lightness clamped: l=1.5 gives white","","Mon May 04 06:38:10 UTC 2026","passed","Mon May 04 06:38:10 UTC 2026","","Utility Functions","Utility Functions hslToRgb lightness clamped: l=1.5 gives white",""
"","1","Utility Functions hslToRgb negative hue wraps: hue=-120 = hue=240","","Mon May 04 06:38:10 UTC 2026","passed","Mon May 04 06:38:10 UTC 2026","","Utility Functions","Utility Functions hslToRgb negative hue wraps: hue=-120 = hue=240",""
"","30","Component Tests ColorPicker mousedown at left-center (hue=180) sets hex to #00ffff","","Mon May 04 06:38:10 UTC 2026","passed","Mon May 04 06:38:10 UTC 2026","","Utility Functions","Component Tests ColorPicker mousedown at left-center (hue=180) sets hex to #00ffff",""
"","11","Server Integration Tests (Testcontainers) seedDatabase should always restore the three default seed colors","","Mon May 04 06:37:35 UTC 2026","passed","Mon May 04 06:37:35 UTC 2026","","Server Integration Tests (Testcontainers)","Server Integration Tests (Testcontainers) seedDatabase should always restore the three default seed colors",""
"","11","NoSQL injection object in name is rejected (400)","Chrome","Mon May 04 06:42:20 UTC 2026","passed","Mon May 04 06:42:20 UTC 2026","Security > Injection Prevention","tests/security.spec.ts","",""
"","58","Frontend Unit Tests App Component header color attribute changes after clicking a chip","","Mon May 04 06:38:10 UTC 2026","passed","Mon May 04 06:38:10 UTC 2026","","Frontend Unit Tests","Frontend Unit Tests App Component header color attribute changes after clicking a chip",""
"","1","Utility Functions hslToRgb hue=210 (azure) → [0,128,255]","","Mon May 04 06:38:10 UTC 2026","passed","Mon May 04 06:38:10 UTC 2026","","Utility Functions","Utility Functions hslToRgb hue=210 (azure) → [0,128,255]",""
"","624","Escape key closes the confirm dialog","Chrome","Mon May 04 06:42:09 UTC 2026","passed","Mon May 04 06:42:10 UTC 2026","Color Management — Add & Delete","tests/color-management.spec.ts","",""
"","5","Server Unit Tests Middleware JSON error middleware ignores SyntaxError without body","","Mon May 04 06:37:45 UTC 2026","passed","Mon May 04 06:37:45 UTC 2026","","Server Unit Tests","Server Unit Tests Middleware JSON error middleware ignores SyntaxError without body",""
"","0","homepage initial state","Chrome","Mon May 04 06:46:27 UTC 2026","skipped","Mon May 04 06:46:27 UTC 2026","Percy Visual Regression – Production > Percy – desktop-xl (1920×1080)","","",""
"","4","Server Unit Tests Middleware JSON error middleware ignores SyntaxError with status != 400","","Mon May 04 06:37:45 UTC 2026","passed","Mon May 04 06:37:45 UTC 2026","","Server Unit Tests","Server Unit Tests Middleware JSON error middleware ignores SyntaxError with status != 400",""
"","4","Server Unit Tests 405 Method Not Allowed does not return 405 for allowed GET method on /api/colors","","Mon May 04 06:37:45 UTC 2026","passed","Mon May 04 06:37:45 UTC 2026","","Server Unit Tests","Server Unit Tests 405 Method Not Allowed does not return 405 for allowed GET method on /api/colors",""
"","53","Frontend Unit Tests App Component renders title, logo, and calls initial fetch","","Mon May 04 06:38:10 UTC 2026","passed","Mon May 04 06:38:10 UTC 2026","","Frontend Unit Tests","Frontend Unit Tests App Component renders title, logo, and calls initial fetch",""
"","0","Utility Functions readableOn returns #fff for black (very dark, L≈0)","","Mon May 04 06:38:10 UTC 2026","passed","Mon May 04 06:38:10 UTC 2026","","Utility Functions","Utility Functions readableOn returns #fff for black (very dark, L≈0)",""
"","29","Frontend Unit Tests App Component link color is dark (#003366) on light background","","Mon May 04 06:38:10 UTC 2026","passed","Mon May 04 06:38:10 UTC 2026","","Frontend Unit Tests","Frontend Unit Tests App Component link color is dark (#003366) on light background",""
"","11","Frontend Unit Tests App Component shows error alert when initial fetch returns non-2xx","","Mon May 04 06:38:10 UTC 2026","passed","Mon May 04 06:38:10 UTC 2026","","Frontend Unit Tests","Frontend Unit Tests App Component shows error alert when initial fetch returns non-2xx",""
"","3","Server Unit Tests Surviving Mutants & Edge Cases Swagger Metadata & OpenAPI has exact info metadata","","Mon May 04 06:37:45 UTC 2026","passed","Mon May 04 06:37:45 UTC 2026","","Server Unit Tests","Server Unit Tests Surviving Mutants & Edge Cases Swagger Metadata & OpenAPI has exact info metadata",""
"","7","Server Integration Tests (Testcontainers) POST /api/colors should return 400 for invalid hex format (missing #)","","Mon May 04 06:37:35 UTC 2026","passed","Mon May 04 06:37:35 UTC 2026","","Server Integration Tests (Testcontainers)","Server Integration Tests (Testcontainers) POST /api/colors should return 400 for invalid hex format (missing #)",""
"","0","homepage after color change","Chrome","Mon May 04 06:46:27 UTC 2026","skipped","Mon May 04 06:46:27 UTC 2026","Percy Visual Regression – Production > Percy – tablet (768×1024)","","",""
"","1","Utility Functions hslToRgb saturation clamped: s=1.5 treated as s=1","","Mon May 04 06:38:10 UTC 2026","passed","Mon May 04 06:38:10 UTC 2026","","Utility Functions","Utility Functions hslToRgb saturation clamped: s=1.5 treated as s=1",""
"","900","clicking the backdrop closes the picker","Chrome","Mon May 04 06:42:05 UTC 2026","passed","Mon May 04 06:42:06 UTC 2026","Color Management — Add & Delete","tests/color-management.spec.ts","",""
"","9","Server Integration Tests (Testcontainers) PUT /api/colors/:name should update both name and hex simultaneously","","Mon May 04 06:37:35 UTC 2026","passed","Mon May 04 06:37:35 UTC 2026","","Server Integration Tests (Testcontainers)","Server Integration Tests (Testcontainers) PUT /api/colors/:name should update both name and hex simultaneously",""
"","70","Frontend Unit Tests App Component picker onCancel does nothing when saving=true","","Mon May 04 06:38:10 UTC 2026","passed","Mon May 04 06:38:10 UTC 2026","","Frontend Unit Tests","Frontend Unit Tests App Component picker onCancel does nothing when saving=true",""
"","8","Server Integration Tests (Testcontainers) POST /api/colors should accept a color name containing spaces","","Mon May 04 06:37:35 UTC 2026","passed","Mon May 04 06:37:35 UTC 2026","","Server Integration Tests (Testcontainers)","Server Integration Tests (Testcontainers) POST /api/colors should accept a color name containing spaces",""
"","7","DELETE /api/colors (collection) returns 405","Chrome","Mon May 04 06:42:20 UTC 2026","passed","Mon May 04 06:42:20 UTC 2026","Security > HTTP Method Restrictions","tests/security.spec.ts","",""
"","6","Server Unit Tests 405 Method Not Allowed returns 405 for POST, PUT, DELETE on /api-docs","","Mon May 04 06:37:45 UTC 2026","passed","Mon May 04 06:37:45 UTC 2026","","Server Unit Tests","Server Unit Tests 405 Method Not Allowed returns 405 for POST, PUT, DELETE on /api-docs",""
"","1","Utility Functions hexToRgb returns null for invalid input","","Mon May 04 06:38:10 UTC 2026","passed","Mon May 04 06:38:10 UTC 2026","","Utility Functions","Utility Functions hexToRgb returns null for invalid input",""
"","66","Frontend Unit Tests App Component add color success closes picker and shows new chip","","Mon May 04 06:38:10 UTC 2026","passed","Mon May 04 06:38:10 UTC 2026","","Frontend Unit Tests","Frontend Unit Tests App Component add color success closes picker and shows new chip",""
"","18","should reject missing name","Chrome","Mon May 04 06:43:19 UTC 2026","passed","Mon May 04 06:43:19 UTC 2026","Backend API Integration > POST /api/colors Schema Validation","","",""
"","8","Component Tests ColorPicker clicking inside the card does NOT call onCancel","","Mon May 04 06:38:10 UTC 2026","passed","Mon May 04 06:38:10 UTC 2026","","Utility Functions","Component Tests ColorPicker clicking inside the card does NOT call onCancel",""
"","28","Server Unit Tests Surviving Mutants & Edge Cases Strict Path & Method Validation kills allowedMethods mutants by exhaustive testing","","Mon May 04 06:37:45 UTC 2026","passed","Mon May 04 06:37:45 UTC 2026","","Server Unit Tests","Server Unit Tests Surviving Mutants & Edge Cases Strict Path & Method Validation kills allowedMethods mutants by exhaustive testing",""
"","52","Frontend Unit Tests App Component handleColorClick encodes color name in URL","","Mon May 04 06:38:10 UTC 2026","passed","Mon May 04 06:38:10 UTC 2026","","Frontend Unit Tests","Frontend Unit Tests App Component handleColorClick encodes color name in URL",""
"","1781","should maintain accessibility in es language and verify resilient locators","Chrome","Mon May 04 06:42:01 UTC 2026","passed","Mon May 04 06:42:02 UTC 2026","i18n Accessibility Tests","tests/a11y.spec.ts","",""
"","1","Utility Functions hslToRgb hue=180 (cyan) → [0,255,255]","","Mon May 04 06:38:10 UTC 2026","passed","Mon May 04 06:38:10 UTC 2026","","Utility Functions","Utility Functions hslToRgb hue=180 (cyan) → [0,255,255]",""
"","650","Show error message when the initial colors fetch fails","BDD","Mon May 04 06:43:22 UTC 2026","passed","Mon May 04 06:43:23 UTC 2026","API Error Handling","","",""
"","1809","successfully adds a new color and shows its chip","Chrome","Mon May 04 06:42:05 UTC 2026","passed","Mon May 04 06:42:07 UTC 2026","Color Management — Add & Delete","tests/color-management.spec.ts","",""
"","33","GET /api/colors/:name should return 404 for non-existent color","Chrome","Mon May 04 06:43:19 UTC 2026","passed","Mon May 04 06:43:19 UTC 2026","Backend API Integration","","",""
"","2","Server Unit Tests Surviving Mutants & Edge Cases Mongoose Schema Strictness kills empty schema mutant by checking schema paths","","Mon May 04 06:37:45 UTC 2026","passed","Mon May 04 06:37:45 UTC 2026","","Server Unit Tests","Server Unit Tests Surviving Mutants & Edge Cases Mongoose Schema Strictness kills empty schema mutant by checking schema paths",""
"","5","Server Unit Tests GET /api/colors/:name returns 400 for invalid name in path (regex check)","","Mon May 04 06:37:45 UTC 2026","passed","Mon May 04 06:37:45 UTC 2026","","Server Unit Tests","Server Unit Tests GET /api/colors/:name returns 400 for invalid name in path (regex check)",""
"","6","PUT /openapi.json returns 405","Chrome","Mon May 04 06:42:20 UTC 2026","passed","Mon May 04 06:42:20 UTC 2026","Security > HTTP Method Restrictions","tests/security.spec.ts","",""
"","6","Server Unit Tests POST /api/colors accepts names with alphanumeric characters and spaces","","Mon May 04 06:37:45 UTC 2026","passed","Mon May 04 06:37:45 UTC 2026","","Server Unit Tests","Server Unit Tests POST /api/colors accepts names with alphanumeric characters and spaces",""
"","5","Server Unit Tests POST /api/colors returns 400 when name is missing","","Mon May 04 06:37:45 UTC 2026","passed","Mon May 04 06:37:45 UTC 2026","","Server Unit Tests","Server Unit Tests POST /api/colors returns 400 when name is missing",""
"","1336","shows 409 duplicate error from server inside the picker","Chrome","Mon May 04 06:42:07 UTC 2026","passed","Mon May 04 06:42:08 UTC 2026","Color Management — Add & Delete","tests/color-management.spec.ts","",""
"","14","Component Tests ColorPicker typing red with g<b hex updates internal state","","Mon May 04 06:38:10 UTC 2026","passed","Mon May 04 06:38:10 UTC 2026","","Utility Functions","Component Tests ColorPicker typing red with g<b hex updates internal state",""
"","6","Component Tests ColorPicker serverError banner is absent when serverError is null","","Mon May 04 06:38:10 UTC 2026","passed","Mon May 04 06:38:10 UTC 2026","","Utility Functions","Component Tests ColorPicker serverError banner is absent when serverError is null",""
"","30","Component Tests ColorPicker mousemove while dragging updates hex (dragging.current=true kills mutation)","","Mon May 04 06:38:10 UTC 2026","passed","Mon May 04 06:38:10 UTC 2026","","Utility Functions","Component Tests ColorPicker mousemove while dragging updates hex (dragging.current=true kills mutation)",""
"","9","Server Unit Tests PUT /api/colors/:name updates the hex of an existing color","","Mon May 04 06:37:45 UTC 2026","passed","Mon May 04 06:37:45 UTC 2026","","Server Unit Tests","Server Unit Tests PUT /api/colors/:name updates the hex of an existing color",""
"","53","Server Unit Tests GET /api/colors returns all seeded colors with correct names and hex values","","Mon May 04 06:37:45 UTC 2026","passed","Mon May 04 06:37:45 UTC 2026","","Server Unit Tests","Server Unit Tests GET /api/colors returns all seeded colors with correct names and hex values",""
"","46","Frontend Unit Tests App Component add color 409 fallback message when data.error is absent","","Mon May 04 06:38:10 UTC 2026","passed","Mon May 04 06:38:10 UTC 2026","","Frontend Unit Tests","Frontend Unit Tests App Component add color 409 fallback message when data.error is absent",""
"","686","handle color selection fetch error","Chrome","Mon May 04 06:42:01 UTC 2026","passed","Mon May 04 06:42:02 UTC 2026","Edge cases and error handling","tests/coverage.spec.ts","",""
"","1014","clicking a chip makes it active","Chrome","Mon May 04 06:42:03 UTC 2026","passed","Mon May 04 06:42:04 UTC 2026","Color Management — Add & Delete","tests/color-management.spec.ts","",""
"","26","Component Tests ColorPicker touchmove while dragging updates hex","","Mon May 04 06:38:10 UTC 2026","passed","Mon May 04 06:38:10 UTC 2026","","Utility Functions","Component Tests ColorPicker touchmove while dragging updates hex",""
"","843","should display all core elements and handle button interaction","Chrome","Mon May 04 06:46:27 UTC 2026","passed","Mon May 04 06:46:28 UTC 2026","Responsive Design – iPhone landscape (667×375)","","",""
"","56","Frontend Unit Tests App Component saving is false again after a failed add (finally block)","","Mon May 04 06:38:10 UTC 2026","passed","Mon May 04 06:38:10 UTC 2026","","Frontend Unit Tests","Frontend Unit Tests App Component saving is false again after a failed add (finally block)",""
"","15","Component Tests ColorPicker typing a valid hex without # prefix is accepted","","Mon May 04 06:38:10 UTC 2026","passed","Mon May 04 06:38:10 UTC 2026","","Utility Functions","Component Tests ColorPicker typing a valid hex without # prefix is accepted",""
"","9","Server Integration Tests (Testcontainers) GET /api/colors/:name should not expose _id or __v fields","","Mon May 04 06:37:35 UTC 2026","passed","Mon May 04 06:37:35 UTC 2026","","Server Integration Tests (Testcontainers)","Server Integration Tests (Testcontainers) GET /api/colors/:name should not expose _id or __v fields",""
"","23","Component Tests ColorPicker touchend stops dragging (touchmove after touchend is ignored)","","Mon May 04 06:38:10 UTC 2026","passed","Mon May 04 06:38:10 UTC 2026","","Utility Functions","Component Tests ColorPicker touchend stops dragging (touchmove after touchend is ignored)",""
"","1","homepage initial state","Chrome","Mon May 04 06:46:27 UTC 2026","skipped","Mon May 04 06:46:27 UTC 2026","Percy Visual Regression – Production > Percy – desktop (1280×720)","","",""
"","4","Component Tests ConfirmDialog Escape key does NOT call onCancel when busy","","Mon May 04 06:38:10 UTC 2026","passed","Mon May 04 06:38:10 UTC 2026","","Component Tests","Component Tests ConfirmDialog Escape key does NOT call onCancel when busy",""
"","21","Server Unit Tests POST /api/colors creates a new color and returns 201 with correct body","","Mon May 04 06:37:45 UTC 2026","passed","Mon May 04 06:37:45 UTC 2026","","Server Unit Tests","Server Unit Tests POST /api/colors creates a new color and returns 201 with correct body",""
"","10","Server Integration Tests (Testcontainers) GET /api/colors/:name should return correct data for Red","","Mon May 04 06:37:35 UTC 2026","passed","Mon May 04 06:37:35 UTC 2026","","Server Integration Tests (Testcontainers)","Server Integration Tests (Testcontainers) GET /api/colors/:name should return correct data for Red",""
"","6","Server Integration Tests (Testcontainers) DELETE /api/colors/:name should return 400 for invalid name format","","Mon May 04 06:37:35 UTC 2026","passed","Mon May 04 06:37:35 UTC 2026","","Server Integration Tests (Testcontainers)","Server Integration Tests (Testcontainers) DELETE /api/colors/:name should return 400 for invalid name format",""
"","648","homepage should match snapshot","Chrome","Mon May 04 06:46:25 UTC 2026","passed","Mon May 04 06:46:25 UTC 2026","Visual Regression – iphone-se (375×667)","","",""
"","0","Utility Functions hslToRgb hue=330 (rose) → [255,0,128]","","Mon May 04 06:38:10 UTC 2026","passed","Mon May 04 06:38:10 UTC 2026","","Utility Functions","Utility Functions hslToRgb hue=330 (rose) → [255,0,128]",""
"","4","Utility Functions hexToRgb parses a standard #RRGGBB hex","","Mon May 04 06:38:10 UTC 2026","passed","Mon May 04 06:38:10 UTC 2026","","Utility Functions","Utility Functions hexToRgb parses a standard #RRGGBB hex",""
"","0","Frontend Unit Tests i18n Configuration interpolation should not escape value","","Mon May 04 06:38:12 UTC 2026","passed","Mon May 04 06:38:12 UTC 2026","","Frontend Unit Tests","Frontend Unit Tests i18n Configuration interpolation should not escape value",""
"","2393","should maintain accessibility after state change (color update)","Chrome","Mon May 04 06:41:55 UTC 2026","passed","Mon May 04 06:41:57 UTC 2026","Accessibility Tests","tests/a11y.spec.ts","",""
"","7","Frontend Unit Tests App Component current color span tracks hex value","","Mon May 04 06:38:10 UTC 2026","passed","Mon May 04 06:38:10 UTC 2026","","Frontend Unit Tests","Frontend Unit Tests App Component current color span tracks hex value",""
"","3","Server Unit Tests Surviving Mutants & Edge Cases Swagger Metadata & OpenAPI has exact API info","","Mon May 04 06:37:45 UTC 2026","passed","Mon May 04 06:37:45 UTC 2026","","Server Unit Tests","Server Unit Tests Surviving Mutants & Edge Cases Swagger Metadata & OpenAPI has exact API info",""
"","887","check Turquoise ( #1abc9c) is the default background color.","Chrome","Mon May 04 06:42:12 UTC 2026","passed","Mon May 04 06:42:12 UTC 2026","","tests/coverage.spec.ts","",""
"","562","Show loading state when the API returns an empty colors list","BDD","Mon May 04 06:43:22 UTC 2026","passed","Mon May 04 06:43:23 UTC 2026","API Error Handling","","",""
"","65","Frontend Unit Tests App Component fetches and displays color chips with swatch and delete button","","Mon May 04 06:38:10 UTC 2026","passed","Mon May 04 06:38:10 UTC 2026","","Frontend Unit Tests","Frontend Unit Tests App Component fetches and displays color chips with swatch and delete button",""
"","8","Component Tests ConfirmDialog dialog has correct ARIA attributes","","Mon May 04 06:38:10 UTC 2026","passed","Mon May 04 06:38:10 UTC 2026","","Component Tests","Component Tests ConfirmDialog dialog has correct ARIA attributes",""
"","0","Utility Functions rgbToHex converts pure blue","","Mon May 04 06:38:10 UTC 2026","passed","Mon May 04 06:38:10 UTC 2026","","Utility Functions","Utility Functions rgbToHex converts pure blue",""
"","0","Utility Functions rgbToHsl pure red → h=0, s=1, l=0.5","","Mon May 04 06:38:10 UTC 2026","passed","Mon May 04 06:38:10 UTC 2026","","Utility Functions","Utility Functions rgbToHsl pure red → h=0, s=1, l=0.5",""
"","36","Frontend Unit Tests App Component add color sends POST with correct method, headers, and body","","Mon May 04 06:38:10 UTC 2026","passed","Mon May 04 06:38:10 UTC 2026","","Frontend Unit Tests","Frontend Unit Tests App Component add color sends POST with correct method, headers, and body",""
"","24","Component Tests ColorPicker close (×) button calls onCancel","","Mon May 04 06:38:10 UTC 2026","passed","Mon May 04 06:38:10 UTC 2026","","Utility Functions","Component Tests ColorPicker close (×) button calls onCancel",""
"","519","Background stays unchanged when fetching a specific color fails","BDD","Mon May 04 06:43:23 UTC 2026","passed","Mon May 04 06:43:24 UTC 2026","API Error Handling","","",""
"","23","Frontend Unit Tests App Component text color on dark background is white","","Mon May 04 06:38:10 UTC 2026","passed","Mon May 04 06:38:10 UTC 2026","","Frontend Unit Tests","Frontend Unit Tests App Component text color on dark background is white",""
"","6","Server Unit Tests Surviving Mutants & Edge Cases Rate Limiting & Security kills mutants by verifying x-ratelimit headers","","Mon May 04 06:37:45 UTC 2026","passed","Mon May 04 06:37:45 UTC 2026","","Server Unit Tests","Server Unit Tests Surviving Mutants & Edge Cases Rate Limiting & Security kills mutants by verifying x-ratelimit headers",""
"","705","shows a chip for each color with a swatch, name, and delete button","Chrome","Mon May 04 06:42:01 UTC 2026","passed","Mon May 04 06:42:02 UTC 2026","Color Management — Add & Delete","tests/color-management.spec.ts","",""
"","5","Server Integration Tests (Testcontainers) PUT /api/colors/:name should return 400 for invalid name in URL path","","Mon May 04 06:37:35 UTC 2026","passed","Mon May 04 06:37:35 UTC 2026","","Server Integration Tests (Testcontainers)","Server Integration Tests (Testcontainers) PUT /api/colors/:name should return 400 for invalid name in URL path",""
"","4","Server Unit Tests 405 Method Not Allowed returns 405 for PATCH on /api/colors","","Mon May 04 06:37:45 UTC 2026","passed","Mon May 04 06:37:45 UTC 2026","","Server Unit Tests","Server Unit Tests 405 Method Not Allowed returns 405 for PATCH on /api/colors",""
"","44","Frontend Unit Tests App Component existingNames passed to ColorPicker matches current color list","","Mon May 04 06:38:10 UTC 2026","passed","Mon May 04 06:38:10 UTC 2026","","Frontend Unit Tests","Frontend Unit Tests App Component existingNames passed to ColorPicker matches current color list",""
"","3","Server Unit Tests OpenAPI endpoints has exact application/json content-type","","Mon May 04 06:37:45 UTC 2026","passed","Mon May 04 06:37:45 UTC 2026","","Server Unit Tests","Server Unit Tests OpenAPI endpoints has exact application/json content-type",""
"","1","Utility Functions rgbToHsl r max, g>0, b=0 → h in (0,60)","","Mon May 04 06:38:10 UTC 2026","passed","Mon May 04 06:38:10 UTC 2026","","Utility Functions","Utility Functions rgbToHsl r max, g>0, b=0 → h in (0,60)",""
"","11","should return 404 for non-existent color deletion","Chrome","Mon May 04 06:43:19 UTC 2026","passed","Mon May 04 06:43:19 UTC 2026","Backend API Integration > DELETE /api/colors/:name","","",""
"","298","Server Unit Tests Surviving Mutants & Edge Cases Port Fallback reflects process.env.PORT in Swagger servers","","Mon May 04 06:37:45 UTC 2026","passed","Mon May 04 06:37:45 UTC 2026","","Server Unit Tests","Server Unit Tests Surviving Mutants & Edge Cases Port Fallback reflects process.env.PORT in Swagger servers",""
"","20","Server Integration Tests (Testcontainers) Concurrent writes should handle simultaneous POSTs with the same name — exactly one succeeds","","Mon May 04 06:37:35 UTC 2026","passed","Mon May 04 06:37:35 UTC 2026","","Server Integration Tests (Testcontainers)","Server Integration Tests (Testcontainers) Concurrent writes should handle simultaneous POSTs with the same name — exactly one succeeds",""
"","45","Frontend Unit Tests App Component handleColorClick shows error on non-2xx response","","Mon May 04 06:38:10 UTC 2026","passed","Mon May 04 06:38:10 UTC 2026","","Frontend Unit Tests","Frontend Unit Tests App Component handleColorClick shows error on non-2xx response",""
"","4","Server Unit Tests Surviving Mutants & Edge Cases PUT logic kills refine mutant by sending empty body","","Mon May 04 06:37:45 UTC 2026","passed","Mon May 04 06:37:45 UTC 2026","","Server Unit Tests","Server Unit Tests Surviving Mutants & Edge Cases PUT logic kills refine mutant by sending empty body",""
"","0","Utility Functions paintWheelPixel paints red at right edge (dx=r, dy=0, hue=0)","","Mon May 04 06:38:10 UTC 2026","passed","Mon May 04 06:38:10 UTC 2026","","Utility Functions","Utility Functions paintWheelPixel paints red at right edge (dx=r, dy=0, hue=0)",""
"","37","Frontend Unit Tests App Component clicking chip-x opens confirm dialog with color name and swatch","","Mon May 04 06:38:10 UTC 2026","passed","Mon May 04 06:38:10 UTC 2026","","Frontend Unit Tests","Frontend Unit Tests App Component clicking chip-x opens confirm dialog with color name and swatch",""
"","12","should return 404 when updating non-existent color","Chrome","Mon May 04 06:43:19 UTC 2026","passed","Mon May 04 06:43:19 UTC 2026","Backend API Integration > PUT /api/colors/:name Schema Validation","","",""
"","28","Component Tests ColorPicker hex input updates hue/sat via rgbToHsl (green → hue≈120)","","Mon May 04 06:38:10 UTC 2026","passed","Mon May 04 06:38:10 UTC 2026","","Utility Functions","Component Tests ColorPicker hex input updates hue/sat via rgbToHsl (green → hue≈120)",""
"","1430","deleting the active color switches background to the first remaining","Chrome","Mon May 04 06:42:10 UTC 2026","passed","Mon May 04 06:42:12 UTC 2026","Color Management — Add & Delete","tests/color-management.spec.ts","",""
"","5","Server Unit Tests POST /api/colors returns 409 for a duplicate color name with descriptive error","","Mon May 04 06:37:45 UTC 2026","passed","Mon May 04 06:37:45 UTC 2026","","Server Unit Tests","Server Unit Tests POST /api/colors returns 409 for a duplicate color name with descriptive error",""
"Performance Test: API Performance Test
File: api-performance.spec.ts
Total Iterations: 1
Max VUs: 1

HTTP Request Duration:
- Avg: 5.63ms
- P(95): 12.82ms
- Max: 14.96ms

Full metrics attached in the results.","2443","API Performance Test","Performance","Mon May 04 06:39:02 UTC 2026","passed","Mon May 04 06:39:05 UTC 2026","api-performance.spec.ts","API Performance Test","",""
"","8","Server Unit Tests POST /api/colors accepts single alphanumeric characters as names","","Mon May 04 06:37:45 UTC 2026","passed","Mon May 04 06:37:45 UTC 2026","","Server Unit Tests","Server Unit Tests POST /api/colors accepts single alphanumeric characters as names",""
"","68","Frontend Unit Tests App Component handles null data from initial fetch gracefully","","Mon May 04 06:38:10 UTC 2026","passed","Mon May 04 06:38:10 UTC 2026","","Frontend Unit Tests","Frontend Unit Tests App Component handles null data from initial fetch gracefully",""
"","0","Utility Functions rgbToHsl mid-grey [128,128,128] → s=0","","Mon May 04 06:38:10 UTC 2026","passed","Mon May 04 06:38:10 UTC 2026","","Utility Functions","Utility Functions rgbToHsl mid-grey [128,128,128] → s=0",""
"","0","homepage after color change","Chrome","Mon May 04 06:46:27 UTC 2026","skipped","Mon May 04 06:46:27 UTC 2026","Percy Visual Regression – Production > Percy – desktop (1280×720)","","",""
"","1133","GET /api/colors/{name}","","","passed","","","schemathesis","",""
"","4","Server Unit Tests OpenAPI endpoints serves Swagger UI as HTML","","Mon May 04 06:37:45 UTC 2026","passed","Mon May 04 06:37:45 UTC 2026","","Server Unit Tests","Server Unit Tests OpenAPI endpoints serves Swagger UI as HTML",""
"","1233","should display all core elements and handle button interaction","Chrome","Mon May 04 06:46:26 UTC 2026","passed","Mon May 04 06:46:27 UTC 2026","Responsive Design – iPhone SE (375×667)","","",""
"","1","Utility Functions rgbToHex output is lowercase","","Mon May 04 06:38:10 UTC 2026","passed","Mon May 04 06:38:10 UTC 2026","","Utility Functions","Utility Functions rgbToHex output is lowercase",""
"","7","Component Tests ConfirmDialog Escape key calls onCancel when not busy","","Mon May 04 06:38:10 UTC 2026","passed","Mon May 04 06:38:10 UTC 2026","","Component Tests","Component Tests ConfirmDialog Escape key calls onCancel when not busy",""
"","3","Server Unit Tests Error Handling seedDatabase logs error when database fails","","Mon May 04 06:37:45 UTC 2026","passed","Mon May 04 06:37:45 UTC 2026","","Server Unit Tests","Server Unit Tests Error Handling seedDatabase logs error when database fails",""
"","8","Frontend Unit Tests i18n Configuration should be initialized with correct settings","","Mon May 04 06:38:12 UTC 2026","passed","Mon May 04 06:38:12 UTC 2026","","Frontend Unit Tests","Frontend Unit Tests i18n Configuration should be initialized with correct settings",""
"","8","Frontend Unit Tests App Component initial default background before fetch resolves","","Mon May 04 06:38:10 UTC 2026","passed","Mon May 04 06:38:10 UTC 2026","","Frontend Unit Tests","Frontend Unit Tests App Component initial default background before fetch resolves",""
"","29","Component Tests ColorPicker mousedown at right-center (hue=0) sets hex to #ff0000","","Mon May 04 06:38:10 UTC 2026","passed","Mon May 04 06:38:10 UTC 2026","","Utility Functions","Component Tests ColorPicker mousedown at right-center (hue=0) sets hex to #ff0000",""
"","49","Frontend Unit Tests App Component add color network error shows network error message","","Mon May 04 06:38:10 UTC 2026","passed","Mon May 04 06:38:10 UTC 2026","","Frontend Unit Tests","Frontend Unit Tests App Component add color network error shows network error message",""
"","4","Server Unit Tests Middleware includes CORS headers","","Mon May 04 06:37:45 UTC 2026","passed","Mon May 04 06:37:45 UTC 2026","","Server Unit Tests","Server Unit Tests Middleware includes CORS headers",""
"","717","changing color to Turquoise should reflect in UI and DOM","Chrome","Mon May 04 06:42:02 UTC 2026","passed","Mon May 04 06:42:03 UTC 2026","Data-Driven Testing","tests/data-driven.spec.ts","",""
"","310","Server Unit Tests Surviving Mutants & Edge Cases Infrastructure uses default MONGO_URI when process.env.MONGO_URI is missing","","Mon May 04 06:37:45 UTC 2026","passed","Mon May 04 06:37:45 UTC 2026","","Server Unit Tests","Server Unit Tests Surviving Mutants & Edge Cases Infrastructure uses default MONGO_URI when process.env.MONGO_URI is missing",""
"","738","handle initial fetch error","Chrome","Mon May 04 06:42:00 UTC 2026","passed","Mon May 04 06:42:01 UTC 2026","Edge cases and error handling","tests/coverage.spec.ts","",""
"","4","Server Unit Tests POST /api/colors returns 400 for extra unknown fields (strict schema)","","Mon May 04 06:37:45 UTC 2026","passed","Mon May 04 06:37:45 UTC 2026","","Server Unit Tests","Server Unit Tests POST /api/colors returns 400 for extra unknown fields (strict schema)",""
"","4","Server Unit Tests OpenAPI endpoints serves the OpenAPI JSON spec with exact metadata","","Mon May 04 06:37:45 UTC 2026","passed","Mon May 04 06:37:45 UTC 2026","","Server Unit Tests","Server Unit Tests OpenAPI endpoints serves the OpenAPI JSON spec with exact metadata",""
"","3","Server Unit Tests DELETE /api/colors/:name returns 400 for invalid name in path (regex check)","","Mon May 04 06:37:45 UTC 2026","passed","Mon May 04 06:37:45 UTC 2026","","Server Unit Tests","Server Unit Tests DELETE /api/colors/:name returns 400 for invalid name in path (regex check)",""
"","1279","should load the application and verify core functionality across browsers","Chrome","Mon May 04 06:43:33 UTC 2026","passed","Mon May 04 06:43:34 UTC 2026","Cross-Browser Core Functionality","","",""
"","1","Utility Functions rgbToHsl r max with g<b (#ff0040) → h near 345","","Mon May 04 06:38:10 UTC 2026","passed","Mon May 04 06:38:10 UTC 2026","","Utility Functions","Utility Functions rgbToHsl r max with g<b (#ff0040) → h near 345",""
"","4","Server Unit Tests 405 Method Not Allowed sets the Allow header on /api/colors with correct methods","","Mon May 04 06:37:45 UTC 2026","passed","Mon May 04 06:37:45 UTC 2026","","Server Unit Tests","Server Unit Tests 405 Method Not Allowed sets the Allow header on /api/colors with correct methods",""
"","1","Utility Functions paintWheelPixel paints grey at center (dx=0, dy=0, dist=0, sat=0)","","Mon May 04 06:38:10 UTC 2026","passed","Mon May 04 06:38:10 UTC 2026","","Utility Functions","Utility Functions paintWheelPixel paints grey at center (dx=0, dy=0, dist=0, sat=0)",""
"","8","empty body on POST returns 400","Chrome","Mon May 04 06:42:20 UTC 2026","passed","Mon May 04 06:42:20 UTC 2026","Security > Input Validation","tests/security.spec.ts","",""
"","0","Utility Functions readableOn returns #111 for mid-grey (L≈0.35, black gives better contrast)","","Mon May 04 06:38:10 UTC 2026","passed","Mon May 04 06:38:10 UTC 2026","","Utility Functions","Utility Functions readableOn returns #111 for mid-grey (L≈0.35, black gives better contrast)",""
"","10","should reject omitting both name and hex on update","Chrome","Mon May 04 06:43:19 UTC 2026","passed","Mon May 04 06:43:19 UTC 2026","Backend API Integration > PUT /api/colors/:name Schema Validation","","",""
"","493","verify Turquoise ( #1abc9c ) is applied as the background color","Chrome","Mon May 04 06:42:12 UTC 2026","passed","Mon May 04 06:42:13 UTC 2026","Background color tests","tests/coverage.spec.ts","",""
"","7","PATCH /api/colors/:name returns 405","Chrome","Mon May 04 06:42:20 UTC 2026","passed","Mon May 04 06:42:20 UTC 2026","Security > HTTP Method Restrictions","tests/security.spec.ts","",""
"","27","Component Tests ColorPicker duplicate check is case-insensitive","","Mon May 04 06:38:10 UTC 2026","passed","Mon May 04 06:38:10 UTC 2026","","Utility Functions","Component Tests ColorPicker duplicate check is case-insensitive",""
"","10","Server Integration Tests (Testcontainers) DELETE /api/colors/:name should return 404 on a second delete of the same color","","Mon May 04 06:37:35 UTC 2026","passed","Mon May 04 06:37:35 UTC 2026","","Server Integration Tests (Testcontainers)","Server Integration Tests (Testcontainers) DELETE /api/colors/:name should return 404 on a second delete of the same color",""
"","13","Server Integration Tests (Testcontainers) POST /api/colors should return 409 when creating a duplicate color name","","Mon May 04 06:37:35 UTC 2026","passed","Mon May 04 06:37:35 UTC 2026","","Server Integration Tests (Testcontainers)","Server Integration Tests (Testcontainers) POST /api/colors should return 409 when creating a duplicate color name",""
"","688","first color chip is active on load (aria-pressed=true)","Chrome","Mon May 04 06:42:01 UTC 2026","passed","Mon May 04 06:42:02 UTC 2026","Color Management — Add & Delete","tests/color-management.spec.ts","",""
"","8","Server Unit Tests GET /api/colors returns JSON content type","","Mon May 04 06:37:45 UTC 2026","passed","Mon May 04 06:37:45 UTC 2026","","Server Unit Tests","Server Unit Tests GET /api/colors returns JSON content type",""
"","5","Server Unit Tests Middleware returns 413 for payload too large","","Mon May 04 06:37:45 UTC 2026","passed","Mon May 04 06:37:45 UTC 2026","","Server Unit Tests","Server Unit Tests Middleware returns 413 for payload too large",""
"","5","Server Unit Tests PUT /api/colors/:name returns 400 for invalid hex on update","","Mon May 04 06:37:45 UTC 2026","passed","Mon May 04 06:37:45 UTC 2026","","Server Unit Tests","Server Unit Tests PUT /api/colors/:name returns 400 for invalid hex on update",""
"","46","Frontend Unit Tests App Component add color 400 shows data.error message","","Mon May 04 06:38:10 UTC 2026","passed","Mon May 04 06:38:10 UTC 2026","","Frontend Unit Tests","Frontend Unit Tests App Component add color 400 shows data.error message",""
"","88","POST with HTML tag in name is rejected (400)","Chrome","Mon May 04 06:42:17 UTC 2026","passed","Mon May 04 06:42:17 UTC 2026","Security > XSS Prevention","tests/security.spec.ts","",""
"","5","Server Unit Tests DELETE /api/colors/:name returns 404 for a non-existent color","","Mon May 04 06:37:45 UTC 2026","passed","Mon May 04 06:37:45 UTC 2026","","Server Unit Tests","Server Unit Tests DELETE /api/colors/:name returns 404 for a non-existent color",""
"","677","verify language switcher changes document language","Chrome","Mon May 04 06:42:00 UTC 2026","passed","Mon May 04 06:42:01 UTC 2026","","tests/coverage.spec.ts","",""
"","11","Component Tests ColorPicker displays serverError prop in an alert banner","","Mon May 04 06:38:10 UTC 2026","passed","Mon May 04 06:38:10 UTC 2026","","Utility Functions","Component Tests ColorPicker displays serverError prop in an alert banner",""
"","0","Utility Functions paintWheelPixel wraps negative angle: dy<0 gives angle+360 (hue=270 → violet)","","Mon May 04 06:38:10 UTC 2026","passed","Mon May 04 06:38:10 UTC 2026","","Utility Functions","Utility Functions paintWheelPixel wraps negative angle: dy<0 gives angle+360 (hue=270 → violet)",""
"","39","Frontend Unit Tests App Component active chip has is-active CSS class","","Mon May 04 06:38:10 UTC 2026","passed","Mon May 04 06:38:10 UTC 2026","","Frontend Unit Tests","Frontend Unit Tests App Component active chip has is-active CSS class",""
"","68","Frontend Unit Tests App Component handles empty array from initial fetch gracefully","","Mon May 04 06:38:10 UTC 2026","passed","Mon May 04 06:38:10 UTC 2026","","Frontend Unit Tests","Frontend Unit Tests App Component handles empty array from initial fetch gracefully",""
"","9","Server Unit Tests DELETE /api/colors/:name deletes an existing color and returns success message","","Mon May 04 06:37:45 UTC 2026","passed","Mon May 04 06:37:45 UTC 2026","","Server Unit Tests","Server Unit Tests DELETE /api/colors/:name deletes an existing color and returns success message",""
"","1","Utility Functions rgbToHsl black [0,0,0] → h=0, s=0, l=0","","Mon May 04 06:38:10 UTC 2026","passed","Mon May 04 06:38:10 UTC 2026","","Utility Functions","Utility Functions rgbToHsl black [0,0,0] → h=0, s=0, l=0",""
"","1","Utility Functions hslToRgb hue=30 (orange) → [255,128,0]","","Mon May 04 06:38:10 UTC 2026","passed","Mon May 04 06:38:10 UTC 2026","","Utility Functions","Utility Functions hslToRgb hue=30 (orange) → [255,128,0]",""
"","11","Server Unit Tests Surviving Mutants & Edge Cases Strict Path & Method Validation kills mutants that change route paths to empty string","","Mon May 04 06:37:45 UTC 2026","passed","Mon May 04 06:37:45 UTC 2026","","Server Unit Tests","Server Unit Tests Surviving Mutants & Edge Cases Strict Path & Method Validation kills mutants that change route paths to empty string",""
"","4","Server Unit Tests OpenAPI endpoints spec includes component schemas","","Mon May 04 06:37:45 UTC 2026","passed","Mon May 04 06:37:45 UTC 2026","","Server Unit Tests","Server Unit Tests OpenAPI endpoints spec includes component schemas",""
"","51","Frontend Unit Tests App Component delete network error shows error alert","","Mon May 04 06:38:10 UTC 2026","passed","Mon May 04 06:38:10 UTC 2026","","Frontend Unit Tests","Frontend Unit Tests App Component delete network error shows error alert",""
"","5","Server Unit Tests 405 Method Not Allowed does not return 405 for allowed PUT method on /api/colors/:name","","Mon May 04 06:37:45 UTC 2026","passed","Mon May 04 06:37:45 UTC 2026","","Server Unit Tests","Server Unit Tests 405 Method Not Allowed does not return 405 for allowed PUT method on /api/colors/:name",""
"","0","Utility Functions rgbToHex value 15 pads to 0f","","Mon May 04 06:38:10 UTC 2026","passed","Mon May 04 06:38:10 UTC 2026","","Utility Functions","Utility Functions rgbToHex value 15 pads to 0f",""
"","5","Server Unit Tests Surviving Mutants & Edge Cases Rate Limiting & Security kills mutants by verifying x-powered-by is removed","","Mon May 04 06:37:45 UTC 2026","passed","Mon May 04 06:37:45 UTC 2026","","Server Unit Tests","Server Unit Tests Surviving Mutants & Edge Cases Rate Limiting & Security kills mutants by verifying x-powered-by is removed",""
"","10","Server Unit Tests Error Handling POST /api/colors returns 500 when database fails (findOne)","","Mon May 04 06:37:45 UTC 2026","passed","Mon May 04 06:37:45 UTC 2026","","Server Unit Tests","Server Unit Tests Error Handling POST /api/colors returns 500 when database fails (findOne)",""
"","3","Server Unit Tests 405 Method Not Allowed sets the Allow header on /api/colors/:name with correct methods","","Mon May 04 06:37:45 UTC 2026","passed","Mon May 04 06:37:45 UTC 2026","","Server Unit Tests","Server Unit Tests 405 Method Not Allowed sets the Allow header on /api/colors/:name with correct methods",""
"","6","Server Unit Tests Middleware does not include X-Powered-By header","","Mon May 04 06:37:45 UTC 2026","passed","Mon May 04 06:37:45 UTC 2026","","Server Unit Tests","Server Unit Tests Middleware does not include X-Powered-By header",""
"","3","Server Unit Tests Surviving Mutants & Edge Cases Swagger Metadata & OpenAPI has exact server metadata","","Mon May 04 06:37:45 UTC 2026","passed","Mon May 04 06:37:45 UTC 2026","","Server Unit Tests","Server Unit Tests Surviving Mutants & Edge Cases Swagger Metadata & OpenAPI has exact server metadata",""
"","41","should create a new color with valid schema","Chrome","Mon May 04 06:43:19 UTC 2026","passed","Mon May 04 06:43:19 UTC 2026","Backend API Integration > POST /api/colors Schema Validation","","",""
"","34","Frontend Unit Tests App Component clicking Add color button opens picker modal","","Mon May 04 06:38:10 UTC 2026","passed","Mon May 04 06:38:10 UTC 2026","","Frontend Unit Tests","Frontend Unit Tests App Component clicking Add color button opens picker modal",""
"","66","Frontend Unit Tests App Component useEffect runs only once on mount","","Mon May 04 06:38:10 UTC 2026","passed","Mon May 04 06:38:10 UTC 2026","","Frontend Unit Tests","Frontend Unit Tests App Component useEffect runs only once on mount",""
"","7","Server Integration Tests (Testcontainers) GET /api/colors/:name should return 400 for invalid name format","","Mon May 04 06:37:35 UTC 2026","passed","Mon May 04 06:37:35 UTC 2026","","Server Integration Tests (Testcontainers)","Server Integration Tests (Testcontainers) GET /api/colors/:name should return 400 for invalid name format",""
"","0","Utility Functions rgbToHsl light red (#ff8080): l>0.5, s computed via (2-max-min) branch","","Mon May 04 06:38:10 UTC 2026","passed","Mon May 04 06:38:10 UTC 2026","","Utility Functions","Utility Functions rgbToHsl light red (#ff8080): l>0.5, s computed via (2-max-min) branch",""
"","64","Frontend Unit Tests App Component successful delete removes the color chip","","Mon May 04 06:38:10 UTC 2026","passed","Mon May 04 06:38:10 UTC 2026","","Frontend Unit Tests","Frontend Unit Tests App Component successful delete removes the color chip",""
"","602","should show loading state when API returns empty colors","Chrome","Mon May 04 06:42:05 UTC 2026","passed","Mon May 04 06:42:05 UTC 2026","UI Error Handling Coverage","tests/error-handling.spec.ts","",""
"","10","Server Unit Tests GET /api/colors does not expose _id or __v fields","","Mon May 04 06:37:45 UTC 2026","passed","Mon May 04 06:37:45 UTC 2026","","Server Unit Tests","Server Unit Tests GET /api/colors does not expose _id or __v fields",""
"","990","cancel in confirm dialog closes it without deleting","Chrome","Mon May 04 06:42:09 UTC 2026","passed","Mon May 04 06:42:10 UTC 2026","Color Management — Add & Delete","tests/color-management.spec.ts","",""
"","41","Server Integration Tests (Testcontainers) GET /api/colors should retrieve all seeded colors","","Mon May 04 06:37:35 UTC 2026","passed","Mon May 04 06:37:35 UTC 2026","","Server Integration Tests (Testcontainers)","Server Integration Tests (Testcontainers) GET /api/colors should retrieve all seeded colors",""
"","24","Component Tests ColorPicker submit with invalid chars shows validation error","","Mon May 04 06:38:10 UTC 2026","passed","Mon May 04 06:38:10 UTC 2026","","Utility Functions","Component Tests ColorPicker submit with invalid chars shows validation error",""
"","851","Example #3","BDD","Mon May 04 06:43:24 UTC 2026","passed","Mon May 04 06:43:25 UTC 2026","Home Page Background Color > Change background color","","",""
"","4","Server Unit Tests Surviving Mutants & Edge Cases PUT logic kills hex regex mutant in PUT","","Mon May 04 06:37:45 UTC 2026","passed","Mon May 04 06:37:45 UTC 2026","","Server Unit Tests","Server Unit Tests Surviving Mutants & Edge Cases PUT logic kills hex regex mutant in PUT",""
"","4","Server Unit Tests Error Handling DELETE /api/colors/:name returns 500 when database fails","","Mon May 04 06:37:45 UTC 2026","passed","Mon May 04 06:37:45 UTC 2026","","Server Unit Tests","Server Unit Tests Error Handling DELETE /api/colors/:name returns 500 when database fails",""
"","468","Example #1","BDD","Mon May 04 06:43:25 UTC 2026","passed","Mon May 04 06:43:25 UTC 2026","Language Switching > Switch language and verify translated UI labels","","",""
"","9","Component Tests ColorPicker falls back to window resize listener when ResizeObserver is not available","","Mon May 04 06:38:10 UTC 2026","passed","Mon May 04 06:38:10 UTC 2026","","Utility Functions","Component Tests ColorPicker falls back to window resize listener when ResizeObserver is not available",""
"","21","Component Tests ColorPicker touch start on canvas sets hex to #ff0000 at right edge","","Mon May 04 06:38:10 UTC 2026","passed","Mon May 04 06:38:10 UTC 2026","","Utility Functions","Component Tests ColorPicker touch start on canvas sets hex to #ff0000 at right edge",""
"","9","Server Unit Tests Error Handling POST /api/colors returns 500 when database fails (create)","","Mon May 04 06:37:45 UTC 2026","passed","Mon May 04 06:37:45 UTC 2026","","Server Unit Tests","Server Unit Tests Error Handling POST /api/colors returns 500 when database fails (create)",""
"","881","homepage should match snapshot","Chrome","Mon May 04 06:46:24 UTC 2026","passed","Mon May 04 06:46:25 UTC 2026","Visual Regression – tablet (768×1024)","","",""
"","4","Server Unit Tests PUT /api/colors/:name returns 400 for invalid current name format in URL","","Mon May 04 06:37:45 UTC 2026","passed","Mon May 04 06:37:45 UTC 2026","","Server Unit Tests","Server Unit Tests PUT /api/colors/:name returns 400 for invalid current name format in URL",""
"","0","Utility Functions hslToRgb lightness=0 gives black","","Mon May 04 06:38:10 UTC 2026","passed","Mon May 04 06:38:10 UTC 2026","","Utility Functions","Utility Functions hslToRgb lightness=0 gives black",""
"","8","Server Unit Tests Surviving Mutants & Edge Cases Regex & Validation STRICT_NAME_REGEX is strict on forbidden special characters in the middle","","Mon May 04 06:37:45 UTC 2026","passed","Mon May 04 06:37:45 UTC 2026","","Server Unit Tests","Server Unit Tests Surviving Mutants & Edge Cases Regex & Validation STRICT_NAME_REGEX is strict on forbidden special characters in the middle",""
"","16","Server Unit Tests Surviving Mutants & Edge Cases Regex & Validation STRICT_NAME_REGEX kills mutants by testing multiple spaces and pluses in the middle","","Mon May 04 06:37:45 UTC 2026","passed","Mon May 04 06:37:45 UTC 2026","","Server Unit Tests","Server Unit Tests Surviving Mutants & Edge Cases Regex & Validation STRICT_NAME_REGEX kills mutants by testing multiple spaces and pluses in the middle",""
"","47","Frontend Unit Tests App Component add color 400 without data.error falls back to generic message","","Mon May 04 06:38:10 UTC 2026","passed","Mon May 04 06:38:10 UTC 2026","","Frontend Unit Tests","Frontend Unit Tests App Component add color 400 without data.error falls back to generic message",""
"","3","Server Unit Tests PUT /api/colors/:name returns 400 for invalid name in path (regex check)","","Mon May 04 06:37:45 UTC 2026","passed","Mon May 04 06:37:45 UTC 2026","","Server Unit Tests","Server Unit Tests PUT /api/colors/:name returns 400 for invalid name in path (regex check)",""
"","6","Server Integration Tests (Testcontainers) Method Not Allowed should return 405 for PATCH /api/colors/:name","","Mon May 04 06:37:35 UTC 2026","passed","Mon May 04 06:37:35 UTC 2026","","Server Integration Tests (Testcontainers)","Server Integration Tests (Testcontainers) Method Not Allowed should return 405 for PATCH /api/colors/:name",""
"","16","Component Tests ColorPicker wheel cursor moves to (220,110) after right-edge click (hue=0, sat=1)","","Mon May 04 06:38:10 UTC 2026","passed","Mon May 04 06:38:10 UTC 2026","","Utility Functions","Component Tests ColorPicker wheel cursor moves to (220,110) after right-edge click (hue=0, sat=1)",""
"","10","Server Integration Tests (Testcontainers) seedDatabase should be idempotent — calling twice always yields exactly 3 colors","","Mon May 04 06:37:35 UTC 2026","passed","Mon May 04 06:37:35 UTC 2026","","Server Integration Tests (Testcontainers)","Server Integration Tests (Testcontainers) seedDatabase should be idempotent — calling twice always yields exactly 3 colors",""
"","1","Frontend Unit Tests i18n Configuration should handle language change correctly","","Mon May 04 06:38:12 UTC 2026","passed","Mon May 04 06:38:12 UTC 2026","","Frontend Unit Tests","Frontend Unit Tests i18n Configuration should handle language change correctly",""
"","0","Utility Functions rgbToHex value 16 does not pad","","Mon May 04 06:38:10 UTC 2026","passed","Mon May 04 06:38:10 UTC 2026","","Utility Functions","Utility Functions rgbToHex value 16 does not pad",""
"","7","Server Integration Tests (Testcontainers) PUT /api/colors/:name should return 404 when updating a non-existent color","","Mon May 04 06:37:35 UTC 2026","passed","Mon May 04 06:37:35 UTC 2026","","Server Integration Tests (Testcontainers)","Server Integration Tests (Testcontainers) PUT /api/colors/:name should return 404 when updating a non-existent color",""
"","104","Frontend Unit Tests App Component clicking a color chip makes it active","","Mon May 04 06:38:10 UTC 2026","passed","Mon May 04 06:38:10 UTC 2026","","Frontend Unit Tests","Frontend Unit Tests App Component clicking a color chip makes it active",""
"","93","Frontend Unit Tests App Component confirm dialog cancel does nothing when deleting=true","","Mon May 04 06:38:10 UTC 2026","passed","Mon May 04 06:38:10 UTC 2026","","Frontend Unit Tests","Frontend Unit Tests App Component confirm dialog cancel does nothing when deleting=true",""
"","0","Utility Functions readableOn returns #fff for a very dark blue","","Mon May 04 06:38:10 UTC 2026","passed","Mon May 04 06:38:10 UTC 2026","","Utility Functions","Utility Functions readableOn returns #fff for a very dark blue",""
"","16","should reject empty name","Chrome","Mon May 04 06:43:19 UTC 2026","passed","Mon May 04 06:43:19 UTC 2026","Backend API Integration > POST /api/colors Schema Validation","","",""
"","748","homepage should match snapshot","Chrome","Mon May 04 06:46:25 UTC 2026","passed","Mon May 04 06:46:26 UTC 2026","Visual Regression – iphone-landscape (667×375)","","",""
"","1406","homepage should match snapshot","Chrome","Mon May 04 06:46:23 UTC 2026","passed","Mon May 04 06:46:24 UTC 2026","Visual Regression – desktop-xl (1920×1080)","","",""
"","44","Component Tests ConfirmDialog both buttons are disabled when busy=true","","Mon May 04 06:38:10 UTC 2026","passed","Mon May 04 06:38:10 UTC 2026","","Component Tests","Component Tests ConfirmDialog both buttons are disabled when busy=true",""
"","1","Frontend Unit Tests i18n Configuration should have defined resources for en, es, el","","Mon May 04 06:38:12 UTC 2026","passed","Mon May 04 06:38:12 UTC 2026","","Frontend Unit Tests","Frontend Unit Tests i18n Configuration should have defined resources for en, es, el",""
"","744","should handle color click network failure gracefully","Chrome","Mon May 04 06:42:04 UTC 2026","passed","Mon May 04 06:42:05 UTC 2026","UI Error Handling Coverage","tests/error-handling.spec.ts","",""
"","17","Component Tests ColorPicker Add color button shows ""Saving…"" when saving=true","","Mon May 04 06:38:10 UTC 2026","passed","Mon May 04 06:38:10 UTC 2026","","Utility Functions","Component Tests ColorPicker Add color button shows ""Saving…"" when saving=true",""
"","6","Server Unit Tests PUT /api/colors/:name does not change name when updating only hex","","Mon May 04 06:37:45 UTC 2026","passed","Mon May 04 06:37:45 UTC 2026","","Server Unit Tests","Server Unit Tests PUT /api/colors/:name does not change name when updating only hex",""
"","10","Component Tests ConfirmDialog clicking the card itself does NOT call onCancel","","Mon May 04 06:38:10 UTC 2026","passed","Mon May 04 06:38:10 UTC 2026","","Component Tests","Component Tests ConfirmDialog clicking the card itself does NOT call onCancel",""
"","1","Utility Functions hslToRgb high lightness l=0.75 → [255,128,128]","","Mon May 04 06:38:10 UTC 2026","passed","Mon May 04 06:38:10 UTC 2026","","Utility Functions","Utility Functions hslToRgb high lightness l=0.75 → [255,128,128]",""
"","4","Server Unit Tests Error Handling GET /api/colors returns 500 when database fails","","Mon May 04 06:37:45 UTC 2026","passed","Mon May 04 06:37:45 UTC 2026","","Server Unit Tests","Server Unit Tests Error Handling GET /api/colors returns 500 when database fails",""
"","47","Frontend Unit Tests App Component add color 429 rate limit shows specific message","","Mon May 04 06:38:10 UTC 2026","passed","Mon May 04 06:38:10 UTC 2026","","Frontend Unit Tests","Frontend Unit Tests App Component add color 429 rate limit shows specific message",""
"","44","GET /api/colors/Turquoise should return the correct hex code","Chrome","Mon May 04 06:43:19 UTC 2026","passed","Mon May 04 06:43:19 UTC 2026","Backend API Integration","","",""
"","3","Server Unit Tests POST /api/colors returns 400 for invalid hex format (too short)","","Mon May 04 06:37:45 UTC 2026","passed","Mon May 04 06:37:45 UTC 2026","","Server Unit Tests","Server Unit Tests POST /api/colors returns 400 for invalid hex format (too short)",""
"","0","Utility Functions rgbToHsl pure blue → h=240, s=1, l=0.5","","Mon May 04 06:38:10 UTC 2026","passed","Mon May 04 06:38:10 UTC 2026","","Utility Functions","Utility Functions rgbToHsl pure blue → h=240, s=1, l=0.5",""
"","5","Server Unit Tests PUT /api/colors/:name updates both name and hex simultaneously","","Mon May 04 06:37:45 UTC 2026","passed","Mon May 04 06:37:45 UTC 2026","","Server Unit Tests","Server Unit Tests PUT /api/colors/:name updates both name and hex simultaneously",""
"","0","Utility Functions rgbToHsl white [255,255,255] → h=0, s=0, l=1","","Mon May 04 06:38:10 UTC 2026","passed","Mon May 04 06:38:10 UTC 2026","","Utility Functions","Utility Functions rgbToHsl white [255,255,255] → h=0, s=0, l=1",""
"","0","Utility Functions hslToRgb hue=240 (blue) → [0,0,255]","","Mon May 04 06:38:10 UTC 2026","passed","Mon May 04 06:38:10 UTC 2026","","Utility Functions","Utility Functions hslToRgb hue=240 (blue) → [0,0,255]",""
"","4628","Stateful tests","","","failed","","","schemathesis","",""
"","48","Frontend Unit Tests App Component learn react link has correct text","","Mon May 04 06:38:10 UTC 2026","passed","Mon May 04 06:38:10 UTC 2026","","Frontend Unit Tests","Frontend Unit Tests App Component learn react link has correct text",""
"","28","Component Tests ColorPicker mousemove without prior mousedown (not dragging) does not change color","","Mon May 04 06:38:10 UTC 2026","passed","Mon May 04 06:38:10 UTC 2026","","Utility Functions","Component Tests ColorPicker mousemove without prior mousedown (not dragging) does not change color",""
"","0","mobile color picker workflow","Chrome","Mon May 04 06:46:27 UTC 2026","skipped","Mon May 04 06:46:27 UTC 2026","Percy Visual Regression – Production > Percy – Mobile Interactions","","",""
"","1977","should maintain accessibility in en language and verify resilient locators","Chrome","Mon May 04 06:41:59 UTC 2026","passed","Mon May 04 06:42:01 UTC 2026","i18n Accessibility Tests","tests/a11y.spec.ts","",""
"","99","Frontend Unit Tests App Component handleColorClick does nothing when data is null","","Mon May 04 06:38:10 UTC 2026","passed","Mon May 04 06:38:10 UTC 2026","","Frontend Unit Tests","Frontend Unit Tests App Component handleColorClick does nothing when data is null",""
"","1057","changing color to Yellow should reflect in UI and DOM","Chrome","Mon May 04 06:42:03 UTC 2026","passed","Mon May 04 06:42:04 UTC 2026","Data-Driven Testing","tests/data-driven.spec.ts","",""
"","492","Example #2","BDD","Mon May 04 06:43:25 UTC 2026","passed","Mon May 04 06:43:25 UTC 2026","Language Switching > Switch language and verify translated UI labels","","",""
"","0","homepage after color change","Chrome","Mon May 04 06:46:27 UTC 2026","skipped","Mon May 04 06:46:27 UTC 2026","Percy Visual Regression – Production > Percy – desktop-xl (1920×1080)","","",""
"","25","Frontend Unit Tests App Component shows add-color button even when colors are empty","","Mon May 04 06:38:10 UTC 2026","passed","Mon May 04 06:38:10 UTC 2026","","Frontend Unit Tests","Frontend Unit Tests App Component shows add-color button even when colors are empty",""
"","5","Server Unit Tests Middleware JSON error middleware passes non-syntax errors to next()","","Mon May 04 06:37:45 UTC 2026","passed","Mon May 04 06:37:45 UTC 2026","","Server Unit Tests","Server Unit Tests Middleware JSON error middleware passes non-syntax errors to next()",""
"","3","Server Unit Tests Surviving Mutants & Edge Cases OpenAPI Content-Type has application/json content-type","","Mon May 04 06:37:45 UTC 2026","passed","Mon May 04 06:37:45 UTC 2026","","Server Unit Tests","Server Unit Tests Surviving Mutants & Edge Cases OpenAPI Content-Type has application/json content-type",""
"","1027","verify Red ( #e74c3c ) is applied as the background color","Chrome","Mon May 04 06:42:07 UTC 2026","passed","Mon May 04 06:42:08 UTC 2026","POM Refactored: Background color tests","tests/pom-refactored.spec.ts","",""
"","17","Component Tests ConfirmDialog cancel button calls onCancel","","Mon May 04 06:38:10 UTC 2026","passed","Mon May 04 06:38:10 UTC 2026","","Component Tests","Component Tests ConfirmDialog cancel button calls onCancel",""
"","8","POST /api-docs returns 405","Chrome","Mon May 04 06:42:20 UTC 2026","passed","Mon May 04 06:42:20 UTC 2026","Security > HTTP Method Restrictions","tests/security.spec.ts","",""
"","1202","delete API error shows alert banner","Chrome","Mon May 04 06:42:11 UTC 2026","passed","Mon May 04 06:42:12 UTC 2026","Color Management — Add & Delete","tests/color-management.spec.ts","",""
"","713","should handle fetch colors network failure gracefully","Chrome","Mon May 04 06:42:04 UTC 2026","passed","Mon May 04 06:42:05 UTC 2026","UI Error Handling Coverage","tests/error-handling.spec.ts","",""
"","1","homepage after color change","Chrome","Mon May 04 06:46:27 UTC 2026","skipped","Mon May 04 06:46:27 UTC 2026","Percy Visual Regression – Production > Percy – mobile (375×667)","","",""
"","23","GET /api/colors","","","skipped","","","schemathesis","",""
"","1361","color names rendered in the UI do not trigger script execution","Chrome","Mon May 04 06:42:17 UTC 2026","passed","Mon May 04 06:42:19 UTC 2026","Security > XSS Prevention","tests/security.spec.ts","",""
"","0","Utility Functions rgbToHex converts pure red","","Mon May 04 06:38:10 UTC 2026","passed","Mon May 04 06:38:10 UTC 2026","","Utility Functions","Utility Functions rgbToHex converts pure red",""
"","681","chip-x click opens confirm dialog with color name","Chrome","Mon May 04 06:42:08 UTC 2026","passed","Mon May 04 06:42:09 UTC 2026","Color Management — Add & Delete","tests/color-management.spec.ts","",""
"","9","should reject invalid hex format","Chrome","Mon May 04 06:43:19 UTC 2026","passed","Mon May 04 06:43:19 UTC 2026","Backend API Integration > POST /api/colors Schema Validation","","",""
"","23","Frontend Unit Tests App Component link color is light (#cfe8ff) on dark background","","Mon May 04 06:38:10 UTC 2026","passed","Mon May 04 06:38:10 UTC 2026","","Frontend Unit Tests","Frontend Unit Tests App Component link color is light (#cfe8ff) on dark background",""
"","7","Server Integration Tests (Testcontainers) Method Not Allowed should return 405 for PATCH /api/colors","","Mon May 04 06:37:35 UTC 2026","passed","Mon May 04 06:37:35 UTC 2026","","Server Integration Tests (Testcontainers)","Server Integration Tests (Testcontainers) Method Not Allowed should return 405 for PATCH /api/colors",""
"","652","should handle missing image gracefully by showing alt text","Chrome","Mon May 04 06:42:05 UTC 2026","passed","Mon May 04 06:42:06 UTC 2026","Network Mocking & Interception","tests/network-mocking.spec.ts","",""
"","8","array body on POST returns 400","Chrome","Mon May 04 06:42:20 UTC 2026","passed","Mon May 04 06:42:20 UTC 2026","Security > Input Validation","tests/security.spec.ts","",""
"","0","Utility Functions hslToRgb hue=360 wraps to hue=0 → [255,0,0]","","Mon May 04 06:38:10 UTC 2026","passed","Mon May 04 06:38:10 UTC 2026","","Utility Functions","Utility Functions hslToRgb hue=360 wraps to hue=0 → [255,0,0]",""
"","10","Server Integration Tests (Testcontainers) POST /api/colors should accept a single alphanumeric character as a name","","Mon May 04 06:37:35 UTC 2026","passed","Mon May 04 06:37:35 UTC 2026","","Server Integration Tests (Testcontainers)","Server Integration Tests (Testcontainers) POST /api/colors should accept a single alphanumeric character as a name",""
"","20","GET /api/colors should return all colors","Chrome","Mon May 04 06:43:19 UTC 2026","passed","Mon May 04 06:43:19 UTC 2026","Backend API Integration","","",""
"","0","homepage initial state","Chrome","Mon May 04 06:46:27 UTC 2026","skipped","Mon May 04 06:46:27 UTC 2026","Percy Visual Regression – Production > Percy – mobile (375×667)","","",""
"","1067","close (×) button closes the picker","Chrome","Mon May 04 06:42:04 UTC 2026","passed","Mon May 04 06:42:05 UTC 2026","Color Management — Add & Delete","tests/color-management.spec.ts","",""
"","12","Server Unit Tests Surviving Mutants & Edge Cases Regex & Validation STRICT_NAME_REGEX kills mutants on start/end/middle characters","","Mon May 04 06:37:45 UTC 2026","passed","Mon May 04 06:37:45 UTC 2026","","Server Unit Tests","Server Unit Tests Surviving Mutants & Edge Cases Regex & Validation STRICT_NAME_REGEX kills mutants on start/end/middle characters",""
"","4","Server Unit Tests Error Handling GET /api/colors/:name returns 500 when database fails","","Mon May 04 06:37:45 UTC 2026","passed","Mon May 04 06:37:45 UTC 2026","","Server Unit Tests","Server Unit Tests Error Handling GET /api/colors/:name returns 500 when database fails",""
"","6","Server Integration Tests (Testcontainers) POST /api/colors should return 400 when extra fields are provided","","Mon May 04 06:37:35 UTC 2026","passed","Mon May 04 06:37:35 UTC 2026","","Server Integration Tests (Testcontainers)","Server Integration Tests (Testcontainers) POST /api/colors should return 400 when extra fields are provided",""
"","8","NoSQL operator in GET path param is rejected (400 or 404)","Chrome","Mon May 04 06:42:20 UTC 2026","passed","Mon May 04 06:42:20 UTC 2026","Security > Injection Prevention","tests/security.spec.ts","",""
"","4","Server Unit Tests 405 Method Not Allowed does not return 405 for allowed DELETE method on /api/colors/:name","","Mon May 04 06:37:45 UTC 2026","passed","Mon May 04 06:37:45 UTC 2026","","Server Unit Tests","Server Unit Tests 405 Method Not Allowed does not return 405 for allowed DELETE method on /api/colors/:name",""
"","33","Frontend Unit Tests App Component picker cancel button closes the modal","","Mon May 04 06:38:10 UTC 2026","passed","Mon May 04 06:38:10 UTC 2026","","Frontend Unit Tests","Frontend Unit Tests App Component picker cancel button closes the modal",""
"","8","Frontend Unit Tests App Component colors.length === 0 shows loading text","","Mon May 04 06:38:10 UTC 2026","passed","Mon May 04 06:38:10 UTC 2026","","Frontend Unit Tests","Frontend Unit Tests App Component colors.length === 0 shows loading text",""
"","2177","should not have any automatically detectable accessibility issues","Chrome","Mon May 04 06:41:55 UTC 2026","passed","Mon May 04 06:41:57 UTC 2026","Accessibility Tests","tests/a11y.spec.ts","",""
"","50","Frontend Unit Tests App Component deleting a non-active color keeps the current background","","Mon May 04 06:38:10 UTC 2026","passed","Mon May 04 06:38:10 UTC 2026","","Frontend Unit Tests","Frontend Unit Tests App Component deleting a non-active color keeps the current background",""
"","1480","should display all core elements and handle button interaction","Chrome","Mon May 04 06:46:25 UTC 2026","passed","Mon May 04 06:46:27 UTC 2026","Responsive Design – tablet (768×1024)","","",""
"","4","Server Unit Tests POST /api/colors returns 400 for invalid hex format (no hash)","","Mon May 04 06:37:45 UTC 2026","passed","Mon May 04 06:37:45 UTC 2026","","Server Unit Tests","Server Unit Tests POST /api/colors returns 400 for invalid hex format (no hash)",""
"","0","Utility Functions readableOn returns #111 for turquoise (L≈0.39, black gives better contrast)","","Mon May 04 06:38:10 UTC 2026","passed","Mon May 04 06:38:10 UTC 2026","","Utility Functions","Utility Functions readableOn returns #111 for turquoise (L≈0.39, black gives better contrast)",""
"","20","Server Integration Tests (Testcontainers) GET /api/colors should not expose _id or __v fields","","Mon May 04 06:37:35 UTC 2026","passed","Mon May 04 06:37:35 UTC 2026","","Server Integration Tests (Testcontainers)","Server Integration Tests (Testcontainers) GET /api/colors should not expose _id or __v fields",""
"","4","Server Unit Tests PUT /api/colors/:name returns 400 when no fields are provided (empty body)","","Mon May 04 06:37:45 UTC 2026","passed","Mon May 04 06:37:45 UTC 2026","","Server Unit Tests","Server Unit Tests PUT /api/colors/:name returns 400 when no fields are provided (empty body)",""
"","7","Server Integration Tests (Testcontainers) PUT /api/colors/:name should return 400 when update body is empty","","Mon May 04 06:37:35 UTC 2026","passed","Mon May 04 06:37:35 UTC 2026","","Server Integration Tests (Testcontainers)","Server Integration Tests (Testcontainers) PUT /api/colors/:name should return 400 when update body is empty",""
"","4","Server Unit Tests Middleware returns 400 for malformed JSON body","","Mon May 04 06:37:45 UTC 2026","passed","Mon May 04 06:37:45 UTC 2026","","Server Unit Tests","Server Unit Tests Middleware returns 400 for malformed JSON body",""
"","742","should display colors that do not exist in the database","Chrome","Mon May 04 06:42:06 UTC 2026","passed","Mon May 04 06:42:07 UTC 2026","Network Mocking & Interception","tests/network-mocking.spec.ts","",""
"","29","Component Tests ColorPicker mousedown at top-center (hue=270) sets hex to #8000ff","","Mon May 04 06:38:10 UTC 2026","passed","Mon May 04 06:38:10 UTC 2026","","Utility Functions","Component Tests ColorPicker mousedown at top-center (hue=270) sets hex to #8000ff",""
"","6","Server Unit Tests DELETE /api/colors/:name cannot delete the same color twice","","Mon May 04 06:37:45 UTC 2026","passed","Mon May 04 06:37:45 UTC 2026","","Server Unit Tests","Server Unit Tests DELETE /api/colors/:name cannot delete the same color twice",""
"","478","Color button remains functional after switching language","BDD","Mon May 04 06:43:25 UTC 2026","passed","Mon May 04 06:43:26 UTC 2026","Language Switching","","",""
"","4","Server Unit Tests POST /api/colors returns 400 for name with only spaces","","Mon May 04 06:37:45 UTC 2026","passed","Mon May 04 06:37:45 UTC 2026","","Server Unit Tests","Server Unit Tests POST /api/colors returns 400 for name with only spaces",""
"","0","homepage initial state","Chrome","Mon May 04 06:46:27 UTC 2026","skipped","Mon May 04 06:46:27 UTC 2026","Percy Visual Regression – Production > Percy – tablet (768×1024)","","",""
"","1055","verify Yellow ( #f1c40f ) is applied as the background color","Chrome","Mon May 04 06:41:59 UTC 2026","passed","Mon May 04 06:42:00 UTC 2026","Background color tests","tests/coverage.spec.ts","",""
"","1","Utility Functions paintWheelPixel writes to the correct index offset in the array","","Mon May 04 06:38:10 UTC 2026","passed","Mon May 04 06:38:10 UTC 2026","","Utility Functions","Utility Functions paintWheelPixel writes to the correct index offset in the array",""
"","517","Example #1","BDD","Mon May 04 06:43:23 UTC 2026","passed","Mon May 04 06:43:24 UTC 2026","Home Page Background Color > Change background color","","",""
"","1","Frontend Unit Tests i18n Configuration should have translation keys in resources","","Mon May 04 06:38:12 UTC 2026","passed","Mon May 04 06:38:12 UTC 2026","","Frontend Unit Tests","Frontend Unit Tests i18n Configuration should have translation keys in resources",""
"","5","Component Tests ConfirmDialog Enter key calls onConfirm when not busy","","Mon May 04 06:38:10 UTC 2026","passed","Mon May 04 06:38:10 UTC 2026","","Component Tests","Component Tests ConfirmDialog Enter key calls onConfirm when not busy",""
"","32","Frontend Unit Tests App Component picker × button closes the modal","","Mon May 04 06:38:10 UTC 2026","passed","Mon May 04 06:38:10 UTC 2026","","Frontend Unit Tests","Frontend Unit Tests App Component picker × button closes the modal",""
"","1","Utility Functions paintWheelPixel anti-aliases the outermost ring: dist=r gives alpha=0","","Mon May 04 06:38:10 UTC 2026","passed","Mon May 04 06:38:10 UTC 2026","","Utility Functions","Utility Functions paintWheelPixel anti-aliases the outermost ring: dist=r gives alpha=0",""
"","4","Server Unit Tests PUT /api/colors/:name returns 404 for a non-existent color","","Mon May 04 06:37:45 UTC 2026","passed","Mon May 04 06:37:45 UTC 2026","","Server Unit Tests","Server Unit Tests PUT /api/colors/:name returns 404 for a non-existent color",""
"","22","Component Tests ColorPicker valid submit calls onConfirm with trimmed name and current hex","","Mon May 04 06:38:10 UTC 2026","passed","Mon May 04 06:38:10 UTC 2026","","Utility Functions","Component Tests ColorPicker valid submit calls onConfirm with trimmed name and current hex",""
"","33","Component Tests ColorPicker cancel button calls onCancel","","Mon May 04 06:38:10 UTC 2026","passed","Mon May 04 06:38:10 UTC 2026","","Utility Functions","Component Tests ColorPicker cancel button calls onCancel",""
"","3","Utility Functions hslToRgb hue=0 (red) → [255,0,0]","","Mon May 04 06:38:10 UTC 2026","passed","Mon May 04 06:38:10 UTC 2026","","Utility Functions","Utility Functions hslToRgb hue=0 (red) → [255,0,0]",""
"","6","Server Unit Tests GET /api/colors/:name returns Yellow color correctly","","Mon May 04 06:37:45 UTC 2026","passed","Mon May 04 06:37:45 UTC 2026","","Server Unit Tests","Server Unit Tests GET /api/colors/:name returns Yellow color correctly",""
"","7825","should meet the accessibility threshold using Google Lighthouse","Chrome","Mon May 04 06:41:58 UTC 2026","passed","Mon May 04 06:42:06 UTC 2026","Accessibility Tests","tests/a11y.spec.ts","",""
"","5","Server Unit Tests GET /api/colors/:name returns Turquoise color correctly","","Mon May 04 06:37:45 UTC 2026","passed","Mon May 04 06:37:45 UTC 2026","","Server Unit Tests","Server Unit Tests GET /api/colors/:name returns Turquoise color correctly",""
"","34","should return 409 for duplicate color creation","Chrome","Mon May 04 06:43:19 UTC 2026","passed","Mon May 04 06:43:19 UTC 2026","Backend API Integration > POST /api/colors Schema Validation","","",""
"","9","Server Integration Tests (Testcontainers) DELETE /api/colors/:name should delete a color and confirm removal from the real database","","Mon May 04 06:37:35 UTC 2026","passed","Mon May 04 06:37:35 UTC 2026","","Server Integration Tests (Testcontainers)","Server Integration Tests (Testcontainers) DELETE /api/colors/:name should delete a color and confirm removal from the real database",""
"","7","Server Integration Tests (Testcontainers) POST /api/colors should return 400 when hex is missing","","Mon May 04 06:37:35 UTC 2026","passed","Mon May 04 06:37:35 UTC 2026","","Server Integration Tests (Testcontainers)","Server Integration Tests (Testcontainers) POST /api/colors should return 400 when hex is missing",""
"","627","handle color response missing hex property","Chrome","Mon May 04 06:42:02 UTC 2026","passed","Mon May 04 06:42:02 UTC 2026","Edge cases and error handling","tests/coverage.spec.ts","",""
"","1186","successful delete removes the chip","Chrome","Mon May 04 06:42:10 UTC 2026","passed","Mon May 04 06:42:11 UTC 2026","Color Management — Add & Delete","tests/color-management.spec.ts","",""
"","11","should reject updating with empty name","Chrome","Mon May 04 06:43:19 UTC 2026","passed","Mon May 04 06:43:19 UTC 2026","Backend API Integration > PUT /api/colors/:name Schema Validation","","",""
"","1156","verify Red ( #e74c3c ) is applied as the background color","Chrome","Mon May 04 06:41:59 UTC 2026","passed","Mon May 04 06:42:00 UTC 2026","Background color tests","tests/coverage.spec.ts","",""
"","178","Component Tests ColorPicker renders the modal with title, hex preview, name and hex inputs","","Mon May 04 06:38:10 UTC 2026","passed","Mon May 04 06:38:10 UTC 2026","","Utility Functions","Component Tests ColorPicker renders the modal with title, hex preview, name and hex inputs",""
"","0","Utility Functions hexToRgb is case-insensitive","","Mon May 04 06:38:10 UTC 2026","passed","Mon May 04 06:38:10 UTC 2026","","Utility Functions","Utility Functions hexToRgb is case-insensitive",""
"","1","Utility Functions hslToRgb hue=59 stays in sector 0","","Mon May 04 06:38:10 UTC 2026","passed","Mon May 04 06:38:10 UTC 2026","","Utility Functions","Utility Functions hslToRgb hue=59 stays in sector 0",""
"","15","oversized payload is rejected (413)","Chrome","Mon May 04 06:42:20 UTC 2026","passed","Mon May 04 06:42:20 UTC 2026","Security > Input Validation","tests/security.spec.ts","",""
"","11","Frontend Unit Tests App Component shows error alert when initial fetch fails","","Mon May 04 06:38:10 UTC 2026","passed","Mon May 04 06:38:10 UTC 2026","","Frontend Unit Tests","Frontend Unit Tests App Component shows error alert when initial fetch fails",""
"","4","Server Unit Tests Surviving Mutants & Edge Cases Swagger JSDoc Integration kills apis array mutants by verifying JSDoc content is present","","Mon May 04 06:37:45 UTC 2026","passed","Mon May 04 06:37:45 UTC 2026","","Server Unit Tests","Server Unit Tests Surviving Mutants & Edge Cases Swagger JSDoc Integration kills apis array mutants by verifying JSDoc content is present",""
"","4","Server Unit Tests 405 Method Not Allowed returns 405 for PATCH on /api/colors/:name","","Mon May 04 06:37:45 UTC 2026","passed","Mon May 04 06:37:45 UTC 2026","","Server Unit Tests","Server Unit Tests 405 Method Not Allowed returns 405 for PATCH on /api/colors/:name",""
"","7","Server Unit Tests Surviving Mutants & Edge Cases Mongoose Schema & Persistence kills empty schema mutant by verifying field persistence","","Mon May 04 06:37:45 UTC 2026","passed","Mon May 04 06:37:45 UTC 2026","","Server Unit Tests","Server Unit Tests Surviving Mutants & Edge Cases Mongoose Schema & Persistence kills empty schema mutant by verifying field persistence",""
"","7","Server Unit Tests GET /api/colors/:name returns a single color by name with correct fields","","Mon May 04 06:37:45 UTC 2026","passed","Mon May 04 06:37:45 UTC 2026","","Server Unit Tests","Server Unit Tests GET /api/colors/:name returns a single color by name with correct fields",""
"","491","Example #3","BDD","Mon May 04 06:43:25 UTC 2026","passed","Mon May 04 06:43:26 UTC 2026","Language Switching > Switch language and verify translated UI labels","","",""
"","0","Utility Functions rgbToHsl round-trip hslToRgb→rgbToHsl preserves hue for all sectors","","Mon May 04 06:38:10 UTC 2026","passed","Mon May 04 06:38:10 UTC 2026","","Utility Functions","Utility Functions rgbToHsl round-trip hslToRgb→rgbToHsl preserves hue for all sectors",""
"","1259","homepage should match snapshot","Chrome","Mon May 04 06:46:23 UTC 2026","passed","Mon May 04 06:46:24 UTC 2026","Visual Regression – desktop (1280×720)","","",""
"","0","Utility Functions readableOn returns #111 for an invalid/empty hex string (null rgb fallback)","","Mon May 04 06:38:10 UTC 2026","passed","Mon May 04 06:38:10 UTC 2026","","Utility Functions","Utility Functions readableOn returns #111 for an invalid/empty hex string (null rgb fallback)",""
"","316","Server Unit Tests Surviving Mutants & Edge Cases Infrastructure uses MONGO_URI from environment if available","","Mon May 04 06:37:45 UTC 2026","passed","Mon May 04 06:37:45 UTC 2026","","Server Unit Tests","Server Unit Tests Surviving Mutants & Edge Cases Infrastructure uses MONGO_URI from environment if available",""
"","58","Component Tests ColorPicker editing name does NOT call onClearError when no serverError","","Mon May 04 06:38:10 UTC 2026","passed","Mon May 04 06:38:10 UTC 2026","","Utility Functions","Component Tests ColorPicker editing name does NOT call onClearError when no serverError",""
"","","[HIGH] CVE-2026-27135","","","failed","","","test-automation-best-practices-app:latest (alpine 3.23.4)","nghttp2-libs-1.68.0-r0",""
"","56","Frontend Unit Tests App Component deleting the active color switches background to the first remaining","","Mon May 04 06:38:10 UTC 2026","passed","Mon May 04 06:38:10 UTC 2026","","Frontend Unit Tests","Frontend Unit Tests App Component deleting the active color switches background to the first remaining",""
"","12","Component Tests ColorPicker Enter key on name input triggers submit","","Mon May 04 06:38:10 UTC 2026","passed","Mon May 04 06:38:10 UTC 2026","","Utility Functions","Component Tests ColorPicker Enter key on name input triggers submit",""
"","7","Server Unit Tests GET /api/colors/:name is case-sensitive","","Mon May 04 06:37:45 UTC 2026","passed","Mon May 04 06:37:45 UTC 2026","","Server Unit Tests","Server Unit Tests GET /api/colors/:name is case-sensitive",""
"","16","Component Tests ColorPicker typing an invalid hex shows ""Use format #RRGGBB"" error","","Mon May 04 06:38:10 UTC 2026","passed","Mon May 04 06:38:10 UTC 2026","","Utility Functions","Component Tests ColorPicker typing an invalid hex shows ""Use format #RRGGBB"" error",""
"","10","Component Tests ColorPicker wheel cursor is at (110,110) at center (sat=0)","","Mon May 04 06:38:10 UTC 2026","passed","Mon May 04 06:38:10 UTC 2026","","Utility Functions","Component Tests ColorPicker wheel cursor is at (110,110) at center (sat=0)",""
"","1","Utility Functions hslToRgb saturation=0 gives pure grey [128,128,128]","","Mon May 04 06:38:10 UTC 2026","passed","Mon May 04 06:38:10 UTC 2026","","Utility Functions","Utility Functions hslToRgb saturation=0 gives pure grey [128,128,128]",""
"","13","Component Tests ColorPicker Cancel button is disabled when saving=true","","Mon May 04 06:38:10 UTC 2026","passed","Mon May 04 06:38:10 UTC 2026","","Utility Functions","Component Tests ColorPicker Cancel button is disabled when saving=true",""
"","9","Server Unit Tests GET /api/colors returns an empty array when no colors exist","","Mon May 04 06:37:45 UTC 2026","passed","Mon May 04 06:37:45 UTC 2026","","Server Unit Tests","Server Unit Tests GET /api/colors returns an empty array when no colors exist",""
"","44","GET /api/colors/Red should return the correct hex code","Chrome","Mon May 04 06:43:19 UTC 2026","passed","Mon May 04 06:43:19 UTC 2026","Backend API Integration","","",""
"","7","Server Integration Tests (Testcontainers) POST /api/colors should not expose _id or __v in the creation response","","Mon May 04 06:37:35 UTC 2026","passed","Mon May 04 06:37:35 UTC 2026","","Server Integration Tests (Testcontainers)","Server Integration Tests (Testcontainers) POST /api/colors should not expose _id or __v in the creation response",""
"","7","error responses return JSON, not HTML (no info leakage)","Chrome","Mon May 04 06:42:20 UTC 2026","passed","Mon May 04 06:42:20 UTC 2026","Security > Security Headers","tests/security.spec.ts","",""
"","54","Frontend Unit Tests App Component confirm dialog cancel button closes it","","Mon May 04 06:38:10 UTC 2026","passed","Mon May 04 06:38:10 UTC 2026","","Frontend Unit Tests","Frontend Unit Tests App Component confirm dialog cancel button closes it",""
"","24","Component Tests ColorPicker mousedown outside circle clamps sat to 1","","Mon May 04 06:38:10 UTC 2026","passed","Mon May 04 06:38:10 UTC 2026","","Utility Functions","Component Tests ColorPicker mousedown outside circle clamps sat to 1",""
"","11","Component Tests ColorPicker editing name input calls onClearError to clear server error","","Mon May 04 06:38:10 UTC 2026","passed","Mon May 04 06:38:10 UTC 2026","","Utility Functions","Component Tests ColorPicker editing name input calls onClearError to clear server error",""
"","5","Server Unit Tests 405 Method Not Allowed does not return 405 for allowed POST method on /api/colors","","Mon May 04 06:37:45 UTC 2026","passed","Mon May 04 06:37:45 UTC 2026","","Server Unit Tests","Server Unit Tests 405 Method Not Allowed does not return 405 for allowed POST method on /api/colors",""
"","0","Utility Functions paintWheelPixel anti-aliases near-edge pixel: dist=r-0.5 gives alpha=127","","Mon May 04 06:38:10 UTC 2026","passed","Mon May 04 06:38:10 UTC 2026","","Utility Functions","Utility Functions paintWheelPixel anti-aliases near-edge pixel: dist=r-0.5 gives alpha=127",""
"","15","Server Integration Tests (Testcontainers) PUT /api/colors/:name should rename a color and make old name return 404","","Mon May 04 06:37:35 UTC 2026","passed","Mon May 04 06:37:35 UTC 2026","","Server Integration Tests (Testcontainers)","Server Integration Tests (Testcontainers) PUT /api/colors/:name should rename a color and make old name return 404",""
"","6","Server Unit Tests Surviving Mutants & Edge Cases Regex & Validation hex regex kills mutants by testing boundaries and formats","","Mon May 04 06:37:45 UTC 2026","passed","Mon May 04 06:37:45 UTC 2026","","Server Unit Tests","Server Unit Tests Surviving Mutants & Edge Cases Regex & Validation hex regex kills mutants by testing boundaries and formats",""
"","19","Server Integration Tests (Testcontainers) seedDatabase should clear custom colors when re-seeded","","Mon May 04 06:37:35 UTC 2026","passed","Mon May 04 06:37:35 UTC 2026","","Server Integration Tests (Testcontainers)","Server Integration Tests (Testcontainers) seedDatabase should clear custom colors when re-seeded",""
"","9","unknown extra fields in POST body are rejected (400)","Chrome","Mon May 04 06:42:20 UTC 2026","passed","Mon May 04 06:42:20 UTC 2026","Security > Input Validation","tests/security.spec.ts","",""
"","11","should reject invalid hex format on update","Chrome","Mon May 04 06:43:19 UTC 2026","passed","Mon May 04 06:43:19 UTC 2026","Backend API Integration > PUT /api/colors/:name Schema Validation","","",""
"","1803","should maintain accessibility in el language and verify resilient locators","Chrome","Mon May 04 06:42:02 UTC 2026","passed","Mon May 04 06:42:04 UTC 2026","i18n Accessibility Tests","tests/a11y.spec.ts","",""
